solid OpenSCAD_Model
  facet normal 0.0490284 -0.998797 0
    outer loop
      vertex 27.6 -12.9 0
      vertex 28.4821 -12.8567 1.8
      vertex 27.6 -12.9 1.8
    endloop
  endfacet
  facet normal 0.0490284 -0.998797 0
    outer loop
      vertex 28.4821 -12.8567 1.8
      vertex 27.6 -12.9 0
      vertex 28.4821 -12.8567 0
    endloop
  endfacet
  facet normal 0.242962 -0.970036 0
    outer loop
      vertex 29.3558 -12.7271 0
      vertex 30.2126 -12.5125 1.8
      vertex 29.3558 -12.7271 1.8
    endloop
  endfacet
  facet normal 0.242962 -0.970036 0
    outer loop
      vertex 30.2126 -12.5125 1.8
      vertex 29.3558 -12.7271 0
      vertex 30.2126 -12.5125 0
    endloop
  endfacet
  facet normal 0 -1 0
    outer loop
      vertex -27.6 -12.9 0
      vertex 27.6 -12.9 1.8
      vertex -27.6 -12.9 1.8
    endloop
  endfacet
  facet normal 0 -1 -0
    outer loop
      vertex 27.6 -12.9 1.8
      vertex -27.6 -12.9 0
      vertex 27.6 -12.9 0
    endloop
  endfacet
  facet normal 0.427497 0.904017 -0
    outer loop
      vertex 31.8426 11.8373 0
      vertex 31.0441 12.2149 1.8
      vertex 31.8426 11.8373 1.8
    endloop
  endfacet
  facet normal 0.427497 0.904017 0
    outer loop
      vertex 31.0441 12.2149 1.8
      vertex 31.8426 11.8373 0
      vertex 31.0441 12.2149 0
    endloop
  endfacet
  facet normal 0.146729 -0.989177 0
    outer loop
      vertex 28.4821 -12.8567 0
      vertex 29.3558 -12.7271 1.8
      vertex 28.4821 -12.8567 1.8
    endloop
  endfacet
  facet normal 0.146729 -0.989177 0
    outer loop
      vertex 29.3558 -12.7271 1.8
      vertex 28.4821 -12.8567 0
      vertex 29.3558 -12.7271 0
    endloop
  endfacet
  facet normal -0.146729 -0.989177 0
    outer loop
      vertex -29.3558 -12.7271 0
      vertex -28.4821 -12.8567 1.8
      vertex -29.3558 -12.7271 1.8
    endloop
  endfacet
  facet normal -0.146729 -0.989177 -0
    outer loop
      vertex -28.4821 -12.8567 1.8
      vertex -29.3558 -12.7271 0
      vertex -28.4821 -12.8567 0
    endloop
  endfacet
  facet normal -0.427497 -0.904017 0
    outer loop
      vertex -31.8426 -11.8373 0
      vertex -31.0441 -12.2149 1.8
      vertex -31.8426 -11.8373 1.8
    endloop
  endfacet
  facet normal -0.427497 -0.904017 -0
    outer loop
      vertex -31.0441 -12.2149 1.8
      vertex -31.8426 -11.8373 0
      vertex -31.0441 -12.2149 0
    endloop
  endfacet
  facet normal 0 0 1
    outer loop
      vertex 35.95 5.25 1.8
      vertex 36.6 3.89999 1.8
      vertex 36.5567 4.78215 1.8
    endloop
  endfacet
  facet normal 0 0 1
    outer loop
      vertex 36.6 3.89999 1.8
      vertex 35.95 5.25 1.8
      vertex 36.6 -3.89999 1.8
    endloop
  endfacet
  facet normal -0 0 1
    outer loop
      vertex 35.95 5.25 1.8
      vertex 36.5567 4.78215 1.8
      vertex 36.4271 5.65581 1.8
    endloop
  endfacet
  facet normal 0 0 1
    outer loop
      vertex 35.95 -5.25 1.8
      vertex 36.6 -3.89999 1.8
      vertex 35.95 5.25 1.8
    endloop
  endfacet
  facet normal -0 0 1
    outer loop
      vertex 35.9163 5.93613 1.8
      vertex 36.4271 5.65581 1.8
      vertex 36.2124 6.51256 1.8
    endloop
  endfacet
  facet normal 0 0 1
    outer loop
      vertex 36.6 -3.89999 1.8
      vertex 35.95 -5.25 1.8
      vertex 36.5567 -4.78215 1.8
    endloop
  endfacet
  facet normal 0 0 1
    outer loop
      vertex 36.5567 -4.78215 1.8
      vertex 35.95 -5.25 1.8
      vertex 36.4271 -5.65581 1.8
    endloop
  endfacet
  facet normal 0 0 1
    outer loop
      vertex 36.4271 5.65581 1.8
      vertex 35.9163 5.93613 1.8
      vertex 35.95 5.25 1.8
    endloop
  endfacet
  facet normal -0 0 1
    outer loop
      vertex 35.8155 6.61563 1.8
      vertex 36.2124 6.51256 1.8
      vertex 35.9149 7.34415 1.8
    endloop
  endfacet
  facet normal 0 0 1
    outer loop
      vertex 36.2124 6.51256 1.8
      vertex 35.8155 6.61563 1.8
      vertex 35.9163 5.93613 1.8
    endloop
  endfacet
  facet normal 0 0 1
    outer loop
      vertex 35.9149 7.34415 1.8
      vertex 35.6486 7.282 1.8
      vertex 35.8155 6.61563 1.8
    endloop
  endfacet
  facet normal -0 0 1
    outer loop
      vertex 35.4172 7.92879 1.8
      vertex 35.9149 7.34415 1.8
      vertex 35.5373 8.14256 1.8
    endloop
  endfacet
  facet normal 0 0 1
    outer loop
      vertex 35.9149 7.34415 1.8
      vertex 35.4172 7.92879 1.8
      vertex 35.6486 7.282 1.8
    endloop
  endfacet
  facet normal 0 0 1
    outer loop
      vertex 35.5373 8.14256 1.8
      vertex 35.1234 8.54977 1.8
      vertex 35.4172 7.92879 1.8
    endloop
  endfacet
  facet normal 0 0 1
    outer loop
      vertex 35.0832 8.90013 1.8
      vertex 35.1234 8.54977 1.8
      vertex 35.5373 8.14256 1.8
    endloop
  endfacet
  facet normal 0 0 1
    outer loop
      vertex 35.0832 8.90013 1.8
      vertex 34.7703 9.13899 1.8
      vertex 35.1234 8.54977 1.8
    endloop
  endfacet
  facet normal 0 0 1
    outer loop
      vertex 34.5571 9.60953 1.8
      vertex 34.7703 9.13899 1.8
      vertex 35.0832 8.90013 1.8
    endloop
  endfacet
  facet normal 0 0 1
    outer loop
      vertex 34.5571 9.60953 1.8
      vertex 34.3611 9.69075 1.8
      vertex 34.7703 9.13899 1.8
    endloop
  endfacet
  facet normal 0 0 1
    outer loop
      vertex 33.964 10.264 1.8
      vertex 34.3611 9.69075 1.8
      vertex 34.5571 9.60953 1.8
    endloop
  endfacet
  facet normal 0 0 1
    outer loop
      vertex 33.964 10.264 1.8
      vertex 33.8997 10.1998 1.8
      vertex 34.3611 9.69075 1.8
    endloop
  endfacet
  facet normal 0 0 1
    outer loop
      vertex 33.964 10.264 1.8
      vertex 33.3907 10.6611 1.8
      vertex 33.8997 10.1998 1.8
    endloop
  endfacet
  facet normal 0 0 1
    outer loop
      vertex 33.3095 10.8571 1.8
      vertex 33.3907 10.6611 1.8
      vertex 33.964 10.264 1.8
    endloop
  endfacet
  facet normal 0 0 1
    outer loop
      vertex 33.3095 10.8571 1.8
      vertex 32.839 11.0703 1.8
      vertex 33.3907 10.6611 1.8
    endloop
  endfacet
  facet normal 0 0 1
    outer loop
      vertex 32.6001 11.3832 1.8
      vertex 32.839 11.0703 1.8
      vertex 33.3095 10.8571 1.8
    endloop
  endfacet
  facet normal 0 0 1
    outer loop
      vertex 32.6001 11.3832 1.8
      vertex 32.2498 11.4234 1.8
      vertex 32.839 11.0703 1.8
    endloop
  endfacet
  facet normal 0 0 1
    outer loop
      vertex 31.8426 11.8373 1.8
      vertex 32.2498 11.4234 1.8
      vertex 32.6001 11.3832 1.8
    endloop
  endfacet
  facet normal 0 0 1
    outer loop
      vertex 31.8426 11.8373 1.8
      vertex 31.6288 11.7172 1.8
      vertex 32.2498 11.4234 1.8
    endloop
  endfacet
  facet normal 0 0 1
    outer loop
      vertex 31.0441 12.2149 1.8
      vertex 31.6288 11.7172 1.8
      vertex 31.8426 11.8373 1.8
    endloop
  endfacet
  facet normal 0 0 1
    outer loop
      vertex 31.0441 12.2149 1.8
      vertex 30.982 11.9486 1.8
      vertex 31.6288 11.7172 1.8
    endloop
  endfacet
  facet normal 0 0 1
    outer loop
      vertex 31.0441 12.2149 1.8
      vertex 30.3156 12.1155 1.8
      vertex 30.982 11.9486 1.8
    endloop
  endfacet
  facet normal 0 0 1
    outer loop
      vertex 30.2126 12.5125 1.8
      vertex 30.3156 12.1155 1.8
      vertex 31.0441 12.2149 1.8
    endloop
  endfacet
  facet normal 0 0 1
    outer loop
      vertex 30.2126 12.5125 1.8
      vertex 29.6361 12.2163 1.8
      vertex 30.3156 12.1155 1.8
    endloop
  endfacet
  facet normal 0 0 1
    outer loop
      vertex 29.3558 12.7271 1.8
      vertex 29.6361 12.2163 1.8
      vertex 30.2126 12.5125 1.8
    endloop
  endfacet
  facet normal 0 0 1
    outer loop
      vertex 29.3558 12.7271 1.8
      vertex 28.95 12.25 1.8
      vertex 29.6361 12.2163 1.8
    endloop
  endfacet
  facet normal 0 0 1
    outer loop
      vertex 28.4821 12.8567 1.8
      vertex 28.95 12.25 1.8
      vertex 29.3558 12.7271 1.8
    endloop
  endfacet
  facet normal 0 0 1
    outer loop
      vertex 27.6 12.9 1.8
      vertex 28.95 12.25 1.8
      vertex 28.4821 12.8567 1.8
    endloop
  endfacet
  facet normal -0 0 1
    outer loop
      vertex -27.6 12.9 1.8
      vertex 28.95 12.25 1.8
      vertex 27.6 12.9 1.8
    endloop
  endfacet
  facet normal 0 0 1
    outer loop
      vertex -28.95 12.25 1.8
      vertex -27.6 12.9 1.8
      vertex -28.4821 12.8567 1.8
    endloop
  endfacet
  facet normal 0 0 1
    outer loop
      vertex -27.6 12.9 1.8
      vertex -28.95 12.25 1.8
      vertex 28.95 12.25 1.8
    endloop
  endfacet
  facet normal -0 0 1
    outer loop
      vertex -29.3558 12.7271 1.8
      vertex -28.95 12.25 1.8
      vertex -28.4821 12.8567 1.8
    endloop
  endfacet
  facet normal 0 0 1
    outer loop
      vertex -29.3558 12.7271 1.8
      vertex -29.6361 12.2163 1.8
      vertex -28.95 12.25 1.8
    endloop
  endfacet
  facet normal -0 0 1
    outer loop
      vertex -30.2126 12.5125 1.8
      vertex -29.6361 12.2163 1.8
      vertex -29.3558 12.7271 1.8
    endloop
  endfacet
  facet normal 0 0 1
    outer loop
      vertex -30.2126 12.5125 1.8
      vertex -30.3156 12.1155 1.8
      vertex -29.6361 12.2163 1.8
    endloop
  endfacet
  facet normal -0 0 1
    outer loop
      vertex -31.0441 12.2149 1.8
      vertex -30.3156 12.1155 1.8
      vertex -30.2126 12.5125 1.8
    endloop
  endfacet
  facet normal 0 0 1
    outer loop
      vertex -30.3156 12.1155 1.8
      vertex -31.0441 12.2149 1.8
      vertex -30.982 11.9486 1.8
    endloop
  endfacet
  facet normal 0 0 1
    outer loop
      vertex -31.0441 12.2149 1.8
      vertex -31.6288 11.7172 1.8
      vertex -30.982 11.9486 1.8
    endloop
  endfacet
  facet normal -0 0 1
    outer loop
      vertex -31.8426 11.8373 1.8
      vertex -31.6288 11.7172 1.8
      vertex -31.0441 12.2149 1.8
    endloop
  endfacet
  facet normal 0 0 1
    outer loop
      vertex -31.8426 11.8373 1.8
      vertex -32.2498 11.4234 1.8
      vertex -31.6288 11.7172 1.8
    endloop
  endfacet
  facet normal 0 0 1
    outer loop
      vertex -32.6001 11.3832 1.8
      vertex -32.2498 11.4234 1.8
      vertex -31.8426 11.8373 1.8
    endloop
  endfacet
  facet normal -0 0 1
    outer loop
      vertex -32.6001 11.3832 1.8
      vertex -32.839 11.0703 1.8
      vertex -32.2498 11.4234 1.8
    endloop
  endfacet
  facet normal 0 0 1
    outer loop
      vertex -33.3095 10.8571 1.8
      vertex -32.839 11.0703 1.8
      vertex -32.6001 11.3832 1.8
    endloop
  endfacet
  facet normal -0 0 1
    outer loop
      vertex -33.3095 10.8571 1.8
      vertex -33.3907 10.6611 1.8
      vertex -32.839 11.0703 1.8
    endloop
  endfacet
  facet normal 0 0 1
    outer loop
      vertex -33.964 10.264 1.8
      vertex -33.3907 10.6611 1.8
      vertex -33.3095 10.8571 1.8
    endloop
  endfacet
  facet normal 0 0 1
    outer loop
      vertex -33.3907 10.6611 1.8
      vertex -33.964 10.264 1.8
      vertex -33.8997 10.1998 1.8
    endloop
  endfacet
  facet normal 0 0 1
    outer loop
      vertex -33.964 10.264 1.8
      vertex -34.3611 9.69075 1.8
      vertex -33.8997 10.1998 1.8
    endloop
  endfacet
  facet normal 0 0 1
    outer loop
      vertex -34.5571 9.60953 1.8
      vertex -34.3611 9.69075 1.8
      vertex -33.964 10.264 1.8
    endloop
  endfacet
  facet normal -0 0 1
    outer loop
      vertex -34.5571 9.60953 1.8
      vertex -34.7703 9.13899 1.8
      vertex -34.3611 9.69075 1.8
    endloop
  endfacet
  facet normal 0 0 1
    outer loop
      vertex -35.0832 8.90013 1.8
      vertex -34.7703 9.13899 1.8
      vertex -34.5571 9.60953 1.8
    endloop
  endfacet
  facet normal -0 0 1
    outer loop
      vertex -35.0832 8.90013 1.8
      vertex -35.1234 8.54977 1.8
      vertex -34.7703 9.13899 1.8
    endloop
  endfacet
  facet normal 0 0 1
    outer loop
      vertex -35.5373 8.14256 1.8
      vertex -35.1234 8.54977 1.8
      vertex -35.0832 8.90013 1.8
    endloop
  endfacet
  facet normal 0 0 1
    outer loop
      vertex -35.1234 8.54977 1.8
      vertex -35.5373 8.14256 1.8
      vertex -35.4172 7.92879 1.8
    endloop
  endfacet
  facet normal 0 0 1
    outer loop
      vertex -35.9149 7.34415 1.8
      vertex -35.4172 7.92879 1.8
      vertex -35.5373 8.14256 1.8
    endloop
  endfacet
  facet normal 0 0 1
    outer loop
      vertex -35.4172 7.92879 1.8
      vertex -35.9149 7.34415 1.8
      vertex -35.6486 7.282 1.8
    endloop
  endfacet
  facet normal 0 0 1
    outer loop
      vertex -35.6486 7.282 1.8
      vertex -35.9149 7.34415 1.8
      vertex -35.8155 6.61563 1.8
    endloop
  endfacet
  facet normal 0 0 1
    outer loop
      vertex -36.2124 6.51256 1.8
      vertex -35.8155 6.61563 1.8
      vertex -35.9149 7.34415 1.8
    endloop
  endfacet
  facet normal 0 0 1
    outer loop
      vertex -35.8155 6.61563 1.8
      vertex -36.2124 6.51256 1.8
      vertex -35.9163 5.93613 1.8
    endloop
  endfacet
  facet normal 0 0 1
    outer loop
      vertex -35.9163 5.93613 1.8
      vertex -36.4271 5.65581 1.8
      vertex -35.95 5.25 1.8
    endloop
  endfacet
  facet normal 0 0 1
    outer loop
      vertex -36.4271 5.65581 1.8
      vertex -35.9163 5.93613 1.8
      vertex -36.2124 6.51256 1.8
    endloop
  endfacet
  facet normal 0 0 1
    outer loop
      vertex 35.9163 -5.93613 1.8
      vertex 36.4271 -5.65581 1.8
      vertex 35.95 -5.25 1.8
    endloop
  endfacet
  facet normal 0 0 1
    outer loop
      vertex 36.4271 -5.65581 1.8
      vertex 35.9163 -5.93613 1.8
      vertex 36.2124 -6.51256 1.8
    endloop
  endfacet
  facet normal 0 0 1
    outer loop
      vertex 35.8155 -6.61563 1.8
      vertex 36.2124 -6.51256 1.8
      vertex 35.9163 -5.93613 1.8
    endloop
  endfacet
  facet normal 0 0 1
    outer loop
      vertex 36.2124 -6.51256 1.8
      vertex 35.8155 -6.61563 1.8
      vertex 35.9149 -7.34415 1.8
    endloop
  endfacet
  facet normal -0 0 1
    outer loop
      vertex 35.6486 -7.282 1.8
      vertex 35.9149 -7.34415 1.8
      vertex 35.8155 -6.61563 1.8
    endloop
  endfacet
  facet normal 0 0 1
    outer loop
      vertex 35.4172 -7.92879 1.8
      vertex 35.9149 -7.34415 1.8
      vertex 35.6486 -7.282 1.8
    endloop
  endfacet
  facet normal 0 0 1
    outer loop
      vertex 35.9149 -7.34415 1.8
      vertex 35.4172 -7.92879 1.8
      vertex 35.5373 -8.14256 1.8
    endloop
  endfacet
  facet normal 0 0 1
    outer loop
      vertex 35.1234 -8.54977 1.8
      vertex 35.5373 -8.14256 1.8
      vertex 35.4172 -7.92879 1.8
    endloop
  endfacet
  facet normal -0 0 1
    outer loop
      vertex 35.1234 -8.54977 1.8
      vertex 35.0832 -8.90013 1.8
      vertex 35.5373 -8.14256 1.8
    endloop
  endfacet
  facet normal 0 0 1
    outer loop
      vertex 34.7703 -9.13899 1.8
      vertex 35.0832 -8.90013 1.8
      vertex 35.1234 -8.54977 1.8
    endloop
  endfacet
  facet normal -0 0 1
    outer loop
      vertex 34.7703 -9.13899 1.8
      vertex 34.5571 -9.60953 1.8
      vertex 35.0832 -8.90013 1.8
    endloop
  endfacet
  facet normal 0 0 1
    outer loop
      vertex 34.3611 -9.69075 1.8
      vertex 34.5571 -9.60953 1.8
      vertex 34.7703 -9.13899 1.8
    endloop
  endfacet
  facet normal -0 0 1
    outer loop
      vertex 34.3611 -9.69075 1.8
      vertex 33.964 -10.264 1.8
      vertex 34.5571 -9.60953 1.8
    endloop
  endfacet
  facet normal -0 0 1
    outer loop
      vertex 33.8997 -10.1998 1.8
      vertex 33.964 -10.264 1.8
      vertex 34.3611 -9.69075 1.8
    endloop
  endfacet
  facet normal 0 0 1
    outer loop
      vertex 33.3907 -10.6611 1.8
      vertex 33.964 -10.264 1.8
      vertex 33.8997 -10.1998 1.8
    endloop
  endfacet
  facet normal -0 0 1
    outer loop
      vertex 33.3907 -10.6611 1.8
      vertex 33.3095 -10.8571 1.8
      vertex 33.964 -10.264 1.8
    endloop
  endfacet
  facet normal 0 0 1
    outer loop
      vertex 32.839 -11.0703 1.8
      vertex 33.3095 -10.8571 1.8
      vertex 33.3907 -10.6611 1.8
    endloop
  endfacet
  facet normal -0 0 1
    outer loop
      vertex 32.839 -11.0703 1.8
      vertex 32.6001 -11.3832 1.8
      vertex 33.3095 -10.8571 1.8
    endloop
  endfacet
  facet normal 0 0 1
    outer loop
      vertex 32.2498 -11.4234 1.8
      vertex 32.6001 -11.3832 1.8
      vertex 32.839 -11.0703 1.8
    endloop
  endfacet
  facet normal -0 0 1
    outer loop
      vertex 32.2498 -11.4234 1.8
      vertex 31.8426 -11.8373 1.8
      vertex 32.6001 -11.3832 1.8
    endloop
  endfacet
  facet normal -0 0 1
    outer loop
      vertex 31.6288 -11.7172 1.8
      vertex 31.8426 -11.8373 1.8
      vertex 32.2498 -11.4234 1.8
    endloop
  endfacet
  facet normal 0 0 1
    outer loop
      vertex 31.6288 -11.7172 1.8
      vertex 31.0441 -12.2149 1.8
      vertex 31.8426 -11.8373 1.8
    endloop
  endfacet
  facet normal -0 0 1
    outer loop
      vertex 30.982 -11.9486 1.8
      vertex 31.0441 -12.2149 1.8
      vertex 31.6288 -11.7172 1.8
    endloop
  endfacet
  facet normal -0 0 1
    outer loop
      vertex 30.3156 -12.1155 1.8
      vertex 31.0441 -12.2149 1.8
      vertex 30.982 -11.9486 1.8
    endloop
  endfacet
  facet normal 0 0 1
    outer loop
      vertex 30.3156 -12.1155 1.8
      vertex 30.2126 -12.5125 1.8
      vertex 31.0441 -12.2149 1.8
    endloop
  endfacet
  facet normal -0 0 1
    outer loop
      vertex 29.6361 -12.2163 1.8
      vertex 30.2126 -12.5125 1.8
      vertex 30.3156 -12.1155 1.8
    endloop
  endfacet
  facet normal 0 0 1
    outer loop
      vertex 29.6361 -12.2163 1.8
      vertex 29.3558 -12.7271 1.8
      vertex 30.2126 -12.5125 1.8
    endloop
  endfacet
  facet normal -0 0 1
    outer loop
      vertex 28.95 -12.25 1.8
      vertex 29.3558 -12.7271 1.8
      vertex 29.6361 -12.2163 1.8
    endloop
  endfacet
  facet normal 0 0 1
    outer loop
      vertex 28.95 -12.25 1.8
      vertex 28.4821 -12.8567 1.8
      vertex 29.3558 -12.7271 1.8
    endloop
  endfacet
  facet normal 0 0 1
    outer loop
      vertex 28.95 -12.25 1.8
      vertex 27.6 -12.9 1.8
      vertex 28.4821 -12.8567 1.8
    endloop
  endfacet
  facet normal 0 0 1
    outer loop
      vertex 28.95 -12.25 1.8
      vertex -27.6 -12.9 1.8
      vertex 27.6 -12.9 1.8
    endloop
  endfacet
  facet normal -0 0 1
    outer loop
      vertex -28.95 -12.25 1.8
      vertex -27.6 -12.9 1.8
      vertex 28.95 -12.25 1.8
    endloop
  endfacet
  facet normal 0 0 1
    outer loop
      vertex -27.6 -12.9 1.8
      vertex -28.95 -12.25 1.8
      vertex -28.4821 -12.8567 1.8
    endloop
  endfacet
  facet normal 0 0 1
    outer loop
      vertex -28.95 -12.25 1.8
      vertex -29.3558 -12.7271 1.8
      vertex -28.4821 -12.8567 1.8
    endloop
  endfacet
  facet normal 0 0 1
    outer loop
      vertex -29.6361 -12.2163 1.8
      vertex -29.3558 -12.7271 1.8
      vertex -28.95 -12.25 1.8
    endloop
  endfacet
  facet normal 0 0 1
    outer loop
      vertex -29.6361 -12.2163 1.8
      vertex -30.2126 -12.5125 1.8
      vertex -29.3558 -12.7271 1.8
    endloop
  endfacet
  facet normal 0 0 1
    outer loop
      vertex -30.3156 -12.1155 1.8
      vertex -30.2126 -12.5125 1.8
      vertex -29.6361 -12.2163 1.8
    endloop
  endfacet
  facet normal 0 0 1
    outer loop
      vertex -31.0441 -12.2149 1.8
      vertex -30.3156 -12.1155 1.8
      vertex -30.982 -11.9486 1.8
    endloop
  endfacet
  facet normal 0 0 1
    outer loop
      vertex -30.3156 -12.1155 1.8
      vertex -31.0441 -12.2149 1.8
      vertex -30.2126 -12.5125 1.8
    endloop
  endfacet
  facet normal 0 0 1
    outer loop
      vertex -31.6288 -11.7172 1.8
      vertex -31.0441 -12.2149 1.8
      vertex -30.982 -11.9486 1.8
    endloop
  endfacet
  facet normal 0 0 1
    outer loop
      vertex -31.6288 -11.7172 1.8
      vertex -31.8426 -11.8373 1.8
      vertex -31.0441 -12.2149 1.8
    endloop
  endfacet
  facet normal 0 0 1
    outer loop
      vertex -32.2498 -11.4234 1.8
      vertex -31.8426 -11.8373 1.8
      vertex -31.6288 -11.7172 1.8
    endloop
  endfacet
  facet normal 0 0 1
    outer loop
      vertex -32.2498 -11.4234 1.8
      vertex -32.6001 -11.3832 1.8
      vertex -31.8426 -11.8373 1.8
    endloop
  endfacet
  facet normal 0 0 1
    outer loop
      vertex -32.839 -11.0703 1.8
      vertex -32.6001 -11.3832 1.8
      vertex -32.2498 -11.4234 1.8
    endloop
  endfacet
  facet normal 0 0 1
    outer loop
      vertex -32.839 -11.0703 1.8
      vertex -33.3095 -10.8571 1.8
      vertex -32.6001 -11.3832 1.8
    endloop
  endfacet
  facet normal 0 0 1
    outer loop
      vertex -33.3907 -10.6611 1.8
      vertex -33.3095 -10.8571 1.8
      vertex -32.839 -11.0703 1.8
    endloop
  endfacet
  facet normal -0 0 1
    outer loop
      vertex -33.964 -10.264 1.8
      vertex -33.3907 -10.6611 1.8
      vertex -33.8997 -10.1998 1.8
    endloop
  endfacet
  facet normal 0 0 1
    outer loop
      vertex -33.3907 -10.6611 1.8
      vertex -33.964 -10.264 1.8
      vertex -33.3095 -10.8571 1.8
    endloop
  endfacet
  facet normal 0 0 1
    outer loop
      vertex -34.3611 -9.69075 1.8
      vertex -33.964 -10.264 1.8
      vertex -33.8997 -10.1998 1.8
    endloop
  endfacet
  facet normal 0 0 1
    outer loop
      vertex -34.3611 -9.69075 1.8
      vertex -34.5571 -9.60953 1.8
      vertex -33.964 -10.264 1.8
    endloop
  endfacet
  facet normal 0 0 1
    outer loop
      vertex -34.7703 -9.13899 1.8
      vertex -34.5571 -9.60953 1.8
      vertex -34.3611 -9.69075 1.8
    endloop
  endfacet
  facet normal 0 0 1
    outer loop
      vertex -34.7703 -9.13899 1.8
      vertex -35.0832 -8.90013 1.8
      vertex -34.5571 -9.60953 1.8
    endloop
  endfacet
  facet normal 0 0 1
    outer loop
      vertex -35.1234 -8.54977 1.8
      vertex -35.0832 -8.90013 1.8
      vertex -34.7703 -9.13899 1.8
    endloop
  endfacet
  facet normal -0 0 1
    outer loop
      vertex -35.5373 -8.14256 1.8
      vertex -35.1234 -8.54977 1.8
      vertex -35.4172 -7.92879 1.8
    endloop
  endfacet
  facet normal 0 0 1
    outer loop
      vertex -35.1234 -8.54977 1.8
      vertex -35.5373 -8.14256 1.8
      vertex -35.0832 -8.90013 1.8
    endloop
  endfacet
  facet normal -0 0 1
    outer loop
      vertex -35.9149 -7.34415 1.8
      vertex -35.4172 -7.92879 1.8
      vertex -35.6486 -7.282 1.8
    endloop
  endfacet
  facet normal 0 0 1
    outer loop
      vertex -35.9149 -7.34415 1.8
      vertex -35.6486 -7.282 1.8
      vertex -35.8155 -6.61563 1.8
    endloop
  endfacet
  facet normal 0 0 1
    outer loop
      vertex -35.4172 -7.92879 1.8
      vertex -35.9149 -7.34415 1.8
      vertex -35.5373 -8.14256 1.8
    endloop
  endfacet
  facet normal -0 0 1
    outer loop
      vertex -36.2124 -6.51256 1.8
      vertex -35.8155 -6.61563 1.8
      vertex -35.9163 -5.93613 1.8
    endloop
  endfacet
  facet normal -0 0 1
    outer loop
      vertex -36.4271 -5.65581 1.8
      vertex -35.9163 -5.93613 1.8
      vertex -35.95 -5.25 1.8
    endloop
  endfacet
  facet normal 0 0 1
    outer loop
      vertex -35.95 5.25 1.8
      vertex -36.6 3.89999 1.8
      vertex -35.95 -5.25 1.8
    endloop
  endfacet
  facet normal -0 0 1
    outer loop
      vertex -36.6 -3.89999 1.8
      vertex -35.95 -5.25 1.8
      vertex -36.6 3.89999 1.8
    endloop
  endfacet
  facet normal 0 0 1
    outer loop
      vertex -36.5567 4.78215 1.8
      vertex -35.95 5.25 1.8
      vertex -36.4271 5.65581 1.8
    endloop
  endfacet
  facet normal -0 -0 1
    outer loop
      vertex -36.5567 -4.78215 1.8
      vertex -35.95 -5.25 1.8
      vertex -36.6 -3.89999 1.8
    endloop
  endfacet
  facet normal 0 0 1
    outer loop
      vertex -35.95 5.25 1.8
      vertex -36.5567 4.78215 1.8
      vertex -36.6 3.89999 1.8
    endloop
  endfacet
  facet normal 0 0 1
    outer loop
      vertex -35.8155 -6.61563 1.8
      vertex -36.2124 -6.51256 1.8
      vertex -35.9149 -7.34415 1.8
    endloop
  endfacet
  facet normal 0 0 1
    outer loop
      vertex -35.9163 -5.93613 1.8
      vertex -36.4271 -5.65581 1.8
      vertex -36.2124 -6.51256 1.8
    endloop
  endfacet
  facet normal 0 0 1
    outer loop
      vertex -35.95 -5.25 1.8
      vertex -36.5567 -4.78215 1.8
      vertex -36.4271 -5.65581 1.8
    endloop
  endfacet
  facet normal 0 0 1
    outer loop
      vertex 28.85 10.65 1.8
      vertex 34.35 5.14999 1.8
      vertex 34.3235 5.68909 1.8
    endloop
  endfacet
  facet normal 0 0 1
    outer loop
      vertex 34.35 5.14999 1.8
      vertex 28.85 10.65 1.8
      vertex 34.35 -5.14999 1.8
    endloop
  endfacet
  facet normal 0 0 1
    outer loop
      vertex 28.85 10.65 1.8
      vertex 34.3235 5.68909 1.8
      vertex 34.2443 6.22299 1.8
    endloop
  endfacet
  facet normal 0 0 1
    outer loop
      vertex 28.85 -10.65 1.8
      vertex 34.35 -5.14999 1.8
      vertex 28.85 10.65 1.8
    endloop
  endfacet
  facet normal 0 0 1
    outer loop
      vertex 28.85 10.65 1.8
      vertex 34.2443 6.22299 1.8
      vertex 34.1132 6.74657 1.8
    endloop
  endfacet
  facet normal 0 0 1
    outer loop
      vertex 34.35 -5.14999 1.8
      vertex 28.85 -10.65 1.8
      vertex 34.3235 -5.68909 1.8
    endloop
  endfacet
  facet normal 0 0 1
    outer loop
      vertex 28.85 10.65 1.8
      vertex 34.1132 6.74657 1.8
      vertex 33.9313 7.25475 1.8
    endloop
  endfacet
  facet normal 0 0 1
    outer loop
      vertex 34.3235 -5.68909 1.8
      vertex 28.85 -10.65 1.8
      vertex 34.2443 -6.22299 1.8
    endloop
  endfacet
  facet normal 0 0 1
    outer loop
      vertex 28.85 10.65 1.8
      vertex 33.9313 7.25475 1.8
      vertex 33.7006 7.74268 1.8
    endloop
  endfacet
  facet normal 0 0 1
    outer loop
      vertex 34.2443 -6.22299 1.8
      vertex 28.85 -10.65 1.8
      vertex 34.1132 -6.74657 1.8
    endloop
  endfacet
  facet normal 0 0 1
    outer loop
      vertex 28.85 10.65 1.8
      vertex 33.7006 7.74268 1.8
      vertex 33.4231 8.20563 1.8
    endloop
  endfacet
  facet normal 0 0 1
    outer loop
      vertex 34.1132 -6.74657 1.8
      vertex 28.85 -10.65 1.8
      vertex 33.9313 -7.25475 1.8
    endloop
  endfacet
  facet normal 0 0 1
    outer loop
      vertex 28.85 10.65 1.8
      vertex 33.4231 8.20563 1.8
      vertex 33.1015 8.63916 1.8
    endloop
  endfacet
  facet normal 0 0 1
    outer loop
      vertex 33.9313 -7.25475 1.8
      vertex 28.85 -10.65 1.8
      vertex 33.7006 -7.74268 1.8
    endloop
  endfacet
  facet normal 0 0 1
    outer loop
      vertex 28.85 10.65 1.8
      vertex 33.1015 8.63916 1.8
      vertex 32.7391 9.03908 1.8
    endloop
  endfacet
  facet normal 0 0 1
    outer loop
      vertex 33.7006 -7.74268 1.8
      vertex 28.85 -10.65 1.8
      vertex 33.4231 -8.20563 1.8
    endloop
  endfacet
  facet normal 0 0 1
    outer loop
      vertex 28.85 10.65 1.8
      vertex 32.7391 9.03908 1.8
      vertex 32.3392 9.40155 1.8
    endloop
  endfacet
  facet normal 0 0 1
    outer loop
      vertex 33.4231 -8.20563 1.8
      vertex 28.85 -10.65 1.8
      vertex 33.1015 -8.63916 1.8
    endloop
  endfacet
  facet normal 0 0 1
    outer loop
      vertex 28.85 10.65 1.8
      vertex 32.3392 9.40155 1.8
      vertex 31.9056 9.72308 1.8
    endloop
  endfacet
  facet normal 0 0 1
    outer loop
      vertex 33.1015 -8.63916 1.8
      vertex 28.85 -10.65 1.8
      vertex 32.7391 -9.03908 1.8
    endloop
  endfacet
  facet normal 0 0 1
    outer loop
      vertex 28.85 10.65 1.8
      vertex 31.9056 9.72308 1.8
      vertex 31.4427 10.0006 1.8
    endloop
  endfacet
  facet normal 0 0 1
    outer loop
      vertex 32.7391 -9.03908 1.8
      vertex 28.85 -10.65 1.8
      vertex 32.3392 -9.40155 1.8
    endloop
  endfacet
  facet normal 0 0 1
    outer loop
      vertex 28.85 10.65 1.8
      vertex 31.4427 10.0006 1.8
      vertex 30.9547 10.2313 1.8
    endloop
  endfacet
  facet normal 0 0 1
    outer loop
      vertex 32.3392 -9.40155 1.8
      vertex 28.85 -10.65 1.8
      vertex 31.9056 -9.72308 1.8
    endloop
  endfacet
  facet normal 0 0 1
    outer loop
      vertex 28.85 10.65 1.8
      vertex 30.9547 10.2313 1.8
      vertex 30.4466 10.4132 1.8
    endloop
  endfacet
  facet normal 0 0 1
    outer loop
      vertex 31.9056 -9.72308 1.8
      vertex 28.85 -10.65 1.8
      vertex 31.4427 -10.0006 1.8
    endloop
  endfacet
  facet normal 0 0 1
    outer loop
      vertex 28.85 10.65 1.8
      vertex 30.4466 10.4132 1.8
      vertex 29.923 10.5443 1.8
    endloop
  endfacet
  facet normal 0 0 1
    outer loop
      vertex 31.4427 -10.0006 1.8
      vertex 28.85 -10.65 1.8
      vertex 30.9547 -10.2313 1.8
    endloop
  endfacet
  facet normal 0 0 1
    outer loop
      vertex 28.85 10.65 1.8
      vertex 29.923 10.5443 1.8
      vertex 29.3891 10.6235 1.8
    endloop
  endfacet
  facet normal 0 0 1
    outer loop
      vertex 30.9547 -10.2313 1.8
      vertex 28.85 -10.65 1.8
      vertex 30.4466 -10.4132 1.8
    endloop
  endfacet
  facet normal 0 0 1
    outer loop
      vertex 30.4466 -10.4132 1.8
      vertex 28.85 -10.65 1.8
      vertex 29.923 -10.5443 1.8
    endloop
  endfacet
  facet normal 0 0 1
    outer loop
      vertex 29.923 -10.5443 1.8
      vertex 28.85 -10.65 1.8
      vertex 29.3891 -10.6235 1.8
    endloop
  endfacet
  facet normal -0 0 1
    outer loop
      vertex -28.85 10.65 1.8
      vertex 28.85 -10.65 1.8
      vertex 28.85 10.65 1.8
    endloop
  endfacet
  facet normal 0 0 1
    outer loop
      vertex -28.85 10.65 1.8
      vertex -28.85 -10.65 1.8
      vertex 28.85 -10.65 1.8
    endloop
  endfacet
  facet normal 0 0 1
    outer loop
      vertex -34.35 5.14999 1.8
      vertex -28.85 10.65 1.8
      vertex -29.3891 10.6235 1.8
    endloop
  endfacet
  facet normal 0 0 1
    outer loop
      vertex -28.85 10.65 1.8
      vertex -34.35 5.14999 1.8
      vertex -28.85 -10.65 1.8
    endloop
  endfacet
  facet normal 0 0 1
    outer loop
      vertex -34.35 5.14999 1.8
      vertex -29.3891 10.6235 1.8
      vertex -29.923 10.5443 1.8
    endloop
  endfacet
  facet normal -0 0 1
    outer loop
      vertex -34.35 -5.14999 1.8
      vertex -28.85 -10.65 1.8
      vertex -34.35 5.14999 1.8
    endloop
  endfacet
  facet normal 0 0 1
    outer loop
      vertex -34.35 5.14999 1.8
      vertex -29.923 10.5443 1.8
      vertex -30.4466 10.4132 1.8
    endloop
  endfacet
  facet normal 0 0 1
    outer loop
      vertex -28.85 -10.65 1.8
      vertex -34.35 -5.14999 1.8
      vertex -29.3891 -10.6235 1.8
    endloop
  endfacet
  facet normal 0 0 1
    outer loop
      vertex -34.35 5.14999 1.8
      vertex -30.4466 10.4132 1.8
      vertex -30.9547 10.2313 1.8
    endloop
  endfacet
  facet normal 0 0 1
    outer loop
      vertex -29.3891 -10.6235 1.8
      vertex -34.35 -5.14999 1.8
      vertex -29.923 -10.5443 1.8
    endloop
  endfacet
  facet normal 0 0 1
    outer loop
      vertex -34.35 5.14999 1.8
      vertex -30.9547 10.2313 1.8
      vertex -31.4427 10.0006 1.8
    endloop
  endfacet
  facet normal 0 0 1
    outer loop
      vertex -29.923 -10.5443 1.8
      vertex -34.35 -5.14999 1.8
      vertex -30.4466 -10.4132 1.8
    endloop
  endfacet
  facet normal 0 0 1
    outer loop
      vertex -34.35 5.14999 1.8
      vertex -31.4427 10.0006 1.8
      vertex -31.9056 9.72308 1.8
    endloop
  endfacet
  facet normal 0 0 1
    outer loop
      vertex -30.4466 -10.4132 1.8
      vertex -34.35 -5.14999 1.8
      vertex -30.9547 -10.2313 1.8
    endloop
  endfacet
  facet normal 0 0 1
    outer loop
      vertex -34.35 5.14999 1.8
      vertex -31.9056 9.72308 1.8
      vertex -32.3392 9.40155 1.8
    endloop
  endfacet
  facet normal 0 0 1
    outer loop
      vertex -30.9547 -10.2313 1.8
      vertex -34.35 -5.14999 1.8
      vertex -31.4427 -10.0006 1.8
    endloop
  endfacet
  facet normal 0 0 1
    outer loop
      vertex -34.35 5.14999 1.8
      vertex -32.3392 9.40155 1.8
      vertex -32.7391 9.03908 1.8
    endloop
  endfacet
  facet normal 0 0 1
    outer loop
      vertex -31.4427 -10.0006 1.8
      vertex -34.35 -5.14999 1.8
      vertex -31.9056 -9.72308 1.8
    endloop
  endfacet
  facet normal 0 0 1
    outer loop
      vertex -34.35 5.14999 1.8
      vertex -32.7391 9.03908 1.8
      vertex -33.1015 8.63916 1.8
    endloop
  endfacet
  facet normal 0 0 1
    outer loop
      vertex -31.9056 -9.72308 1.8
      vertex -34.35 -5.14999 1.8
      vertex -32.3392 -9.40155 1.8
    endloop
  endfacet
  facet normal 0 0 1
    outer loop
      vertex -34.35 5.14999 1.8
      vertex -33.1015 8.63916 1.8
      vertex -33.4231 8.20563 1.8
    endloop
  endfacet
  facet normal 0 0 1
    outer loop
      vertex -32.3392 -9.40155 1.8
      vertex -34.35 -5.14999 1.8
      vertex -32.7391 -9.03908 1.8
    endloop
  endfacet
  facet normal 0 0 1
    outer loop
      vertex -34.35 5.14999 1.8
      vertex -33.4231 8.20563 1.8
      vertex -33.7006 7.74268 1.8
    endloop
  endfacet
  facet normal 0 0 1
    outer loop
      vertex -32.7391 -9.03908 1.8
      vertex -34.35 -5.14999 1.8
      vertex -33.1015 -8.63916 1.8
    endloop
  endfacet
  facet normal 0 0 1
    outer loop
      vertex -34.35 5.14999 1.8
      vertex -33.7006 7.74268 1.8
      vertex -33.9313 7.25475 1.8
    endloop
  endfacet
  facet normal 0 0 1
    outer loop
      vertex -33.1015 -8.63916 1.8
      vertex -34.35 -5.14999 1.8
      vertex -33.4231 -8.20563 1.8
    endloop
  endfacet
  facet normal 0 0 1
    outer loop
      vertex -34.35 5.14999 1.8
      vertex -33.9313 7.25475 1.8
      vertex -34.1132 6.74657 1.8
    endloop
  endfacet
  facet normal 0 0 1
    outer loop
      vertex -33.4231 -8.20563 1.8
      vertex -34.35 -5.14999 1.8
      vertex -33.7006 -7.74268 1.8
    endloop
  endfacet
  facet normal 0 0 1
    outer loop
      vertex -34.35 5.14999 1.8
      vertex -34.1132 6.74657 1.8
      vertex -34.2443 6.22299 1.8
    endloop
  endfacet
  facet normal 0 0 1
    outer loop
      vertex -33.7006 -7.74268 1.8
      vertex -34.35 -5.14999 1.8
      vertex -33.9313 -7.25475 1.8
    endloop
  endfacet
  facet normal 0 0 1
    outer loop
      vertex -34.35 5.14999 1.8
      vertex -34.2443 6.22299 1.8
      vertex -34.3235 5.68909 1.8
    endloop
  endfacet
  facet normal 0 0 1
    outer loop
      vertex -33.9313 -7.25475 1.8
      vertex -34.35 -5.14999 1.8
      vertex -34.1132 -6.74657 1.8
    endloop
  endfacet
  facet normal 0 0 1
    outer loop
      vertex -34.1132 -6.74657 1.8
      vertex -34.35 -5.14999 1.8
      vertex -34.2443 -6.22299 1.8
    endloop
  endfacet
  facet normal 0 0 1
    outer loop
      vertex -34.2443 -6.22299 1.8
      vertex -34.35 -5.14999 1.8
      vertex -34.3235 -5.68909 1.8
    endloop
  endfacet
  facet normal 0 1 -0
    outer loop
      vertex 27.6 12.9 0
      vertex -27.6 12.9 1.8
      vertex 27.6 12.9 1.8
    endloop
  endfacet
  facet normal 0 1 0
    outer loop
      vertex -27.6 12.9 1.8
      vertex 27.6 12.9 0
      vertex -27.6 12.9 0
    endloop
  endfacet
  facet normal 0.427497 -0.904017 0
    outer loop
      vertex 31.0441 -12.2149 0
      vertex 31.8426 -11.8373 1.8
      vertex 31.0441 -12.2149 1.8
    endloop
  endfacet
  facet normal 0.427497 -0.904017 0
    outer loop
      vertex 31.8426 -11.8373 1.8
      vertex 31.0441 -12.2149 0
      vertex 31.8426 -11.8373 0
    endloop
  endfacet
  facet normal 0.59568 0.803222 -0
    outer loop
      vertex 33.3095 10.8571 0
      vertex 32.6001 11.3832 1.8
      vertex 33.3095 10.8571 1.8
    endloop
  endfacet
  facet normal 0.59568 0.803222 0
    outer loop
      vertex 32.6001 11.3832 1.8
      vertex 33.3095 10.8571 0
      vertex 32.6001 11.3832 0
    endloop
  endfacet
  facet normal 0.998798 0.049025 0
    outer loop
      vertex 36.6 3.89999 1.8
      vertex 36.5567 4.78215 0
      vertex 36.5567 4.78215 1.8
    endloop
  endfacet
  facet normal 0.998798 0.049025 0
    outer loop
      vertex 36.5567 4.78215 0
      vertex 36.6 3.89999 1.8
      vertex 36.6 3.89999 0
    endloop
  endfacet
  facet normal -0.514163 -0.857693 0
    outer loop
      vertex -32.6001 -11.3832 0
      vertex -31.8426 -11.8373 1.8
      vertex -32.6001 -11.3832 1.8
    endloop
  endfacet
  facet normal -0.514163 -0.857693 -0
    outer loop
      vertex -31.8426 -11.8373 1.8
      vertex -32.6001 -11.3832 0
      vertex -31.8426 -11.8373 0
    endloop
  endfacet
  facet normal -0.514163 0.857693 0
    outer loop
      vertex -31.8426 11.8373 0
      vertex -32.6001 11.3832 1.8
      vertex -31.8426 11.8373 1.8
    endloop
  endfacet
  facet normal -0.514163 0.857693 0
    outer loop
      vertex -32.6001 11.3832 1.8
      vertex -31.8426 11.8373 0
      vertex -32.6001 11.3832 0
    endloop
  endfacet
  facet normal -0.336975 -0.941514 0
    outer loop
      vertex -31.0441 -12.2149 0
      vertex -30.2126 -12.5125 1.8
      vertex -31.0441 -12.2149 1.8
    endloop
  endfacet
  facet normal -0.336975 -0.941514 -0
    outer loop
      vertex -30.2126 -12.5125 1.8
      vertex -31.0441 -12.2149 0
      vertex -30.2126 -12.5125 0
    endloop
  endfacet
  facet normal 1 -0 0
    outer loop
      vertex 36.6 -3.89999 1.8
      vertex 36.6 3.89999 0
      vertex 36.6 3.89999 1.8
    endloop
  endfacet
  facet normal 1 0 0
    outer loop
      vertex 36.6 3.89999 0
      vertex 36.6 -3.89999 1.8
      vertex 36.6 -3.89999 0
    endloop
  endfacet
  facet normal -0.998798 0.049025 0
    outer loop
      vertex -36.6 3.89999 0
      vertex -36.5567 4.78215 1.8
      vertex -36.5567 4.78215 0
    endloop
  endfacet
  facet normal -0.998798 0.049025 0
    outer loop
      vertex -36.5567 4.78215 1.8
      vertex -36.6 3.89999 0
      vertex -36.6 3.89999 1.8
    endloop
  endfacet
  facet normal 0.903998 0.427537 0
    outer loop
      vertex 35.9149 7.34415 1.8
      vertex 35.5373 8.14256 0
      vertex 35.5373 8.14256 1.8
    endloop
  endfacet
  facet normal 0.903998 0.427537 0
    outer loop
      vertex 35.5373 8.14256 0
      vertex 35.9149 7.34415 1.8
      vertex 35.9149 7.34415 0
    endloop
  endfacet
  facet normal -0.336975 0.941514 0
    outer loop
      vertex -30.2126 12.5125 0
      vertex -31.0441 12.2149 1.8
      vertex -30.2126 12.5125 1.8
    endloop
  endfacet
  facet normal -0.336975 0.941514 0
    outer loop
      vertex -31.0441 12.2149 1.8
      vertex -30.2126 12.5125 0
      vertex -31.0441 12.2149 0
    endloop
  endfacet
  facet normal -0.857714 0.514128 0
    outer loop
      vertex -35.5373 8.14256 0
      vertex -35.0832 8.90013 1.8
      vertex -35.0832 8.90013 0
    endloop
  endfacet
  facet normal -0.857714 0.514128 0
    outer loop
      vertex -35.0832 8.90013 1.8
      vertex -35.5373 8.14256 0
      vertex -35.5373 8.14256 1.8
    endloop
  endfacet
  facet normal -0.242962 -0.970036 0
    outer loop
      vertex -30.2126 -12.5125 0
      vertex -29.3558 -12.7271 1.8
      vertex -30.2126 -12.5125 1.8
    endloop
  endfacet
  facet normal -0.242962 -0.970036 -0
    outer loop
      vertex -29.3558 -12.7271 1.8
      vertex -30.2126 -12.5125 0
      vertex -29.3558 -12.7271 0
    endloop
  endfacet
  facet normal -0.0490284 -0.998797 0
    outer loop
      vertex -28.4821 -12.8567 0
      vertex -27.6 -12.9 1.8
      vertex -28.4821 -12.8567 1.8
    endloop
  endfacet
  facet normal -0.0490284 -0.998797 -0
    outer loop
      vertex -27.6 -12.9 1.8
      vertex -28.4821 -12.8567 0
      vertex -27.6 -12.9 0
    endloop
  endfacet
  facet normal -0.903998 0.427537 0
    outer loop
      vertex -35.9149 7.34415 0
      vertex -35.5373 8.14256 1.8
      vertex -35.5373 8.14256 0
    endloop
  endfacet
  facet normal -0.903998 0.427537 0
    outer loop
      vertex -35.5373 8.14256 1.8
      vertex -35.9149 7.34415 0
      vertex -35.9149 7.34415 1.8
    endloop
  endfacet
  facet normal 0.59568 -0.803222 0
    outer loop
      vertex 32.6001 -11.3832 0
      vertex 33.3095 -10.8571 1.8
      vertex 32.6001 -11.3832 1.8
    endloop
  endfacet
  facet normal 0.59568 -0.803222 0
    outer loop
      vertex 33.3095 -10.8571 1.8
      vertex 32.6001 -11.3832 0
      vertex 33.3095 -10.8571 0
    endloop
  endfacet
  facet normal -0.146729 0.989177 0
    outer loop
      vertex -28.4821 12.8567 0
      vertex -29.3558 12.7271 1.8
      vertex -28.4821 12.8567 1.8
    endloop
  endfacet
  facet normal -0.146729 0.989177 0
    outer loop
      vertex -29.3558 12.7271 1.8
      vertex -28.4821 12.8567 0
      vertex -29.3558 12.7271 0
    endloop
  endfacet
  facet normal 0.514163 -0.857693 0
    outer loop
      vertex 31.8426 -11.8373 0
      vertex 32.6001 -11.3832 1.8
      vertex 31.8426 -11.8373 1.8
    endloop
  endfacet
  facet normal 0.514163 -0.857693 0
    outer loop
      vertex 32.6001 -11.3832 1.8
      vertex 31.8426 -11.8373 0
      vertex 32.6001 -11.3832 0
    endloop
  endfacet
  facet normal -0.242962 0.970036 0
    outer loop
      vertex -29.3558 12.7271 0
      vertex -30.2126 12.5125 1.8
      vertex -29.3558 12.7271 1.8
    endloop
  endfacet
  facet normal -0.242962 0.970036 0
    outer loop
      vertex -30.2126 12.5125 1.8
      vertex -29.3558 12.7271 0
      vertex -30.2126 12.5125 0
    endloop
  endfacet
  facet normal 0.671494 -0.74101 0
    outer loop
      vertex 33.3095 -10.8571 0
      vertex 33.964 -10.264 1.8
      vertex 33.3095 -10.8571 1.8
    endloop
  endfacet
  facet normal 0.671494 -0.74101 0
    outer loop
      vertex 33.964 -10.264 1.8
      vertex 33.3095 -10.8571 0
      vertex 33.964 -10.264 0
    endloop
  endfacet
  facet normal -0.0490284 0.998797 0
    outer loop
      vertex -27.6 12.9 0
      vertex -28.4821 12.8567 1.8
      vertex -27.6 12.9 1.8
    endloop
  endfacet
  facet normal -0.0490284 0.998797 0
    outer loop
      vertex -28.4821 12.8567 1.8
      vertex -27.6 12.9 0
      vertex -28.4821 12.8567 0
    endloop
  endfacet
  facet normal -1 0 0
    outer loop
      vertex -36.6 -3.89999 0
      vertex -36.6 3.89999 1.8
      vertex -36.6 3.89999 0
    endloop
  endfacet
  facet normal -1 -0 0
    outer loop
      vertex -36.6 3.89999 1.8
      vertex -36.6 -3.89999 0
      vertex -36.6 -3.89999 1.8
    endloop
  endfacet
  facet normal 0.989176 -0.146736 0
    outer loop
      vertex 36.4271 -5.65581 1.8
      vertex 36.5567 -4.78215 0
      vertex 36.5567 -4.78215 1.8
    endloop
  endfacet
  facet normal 0.989176 -0.146736 0
    outer loop
      vertex 36.5567 -4.78215 0
      vertex 36.4271 -5.65581 1.8
      vertex 36.4271 -5.65581 0
    endloop
  endfacet
  facet normal -0.989176 -0.146736 0
    outer loop
      vertex -36.4271 -5.65581 0
      vertex -36.5567 -4.78215 1.8
      vertex -36.5567 -4.78215 0
    endloop
  endfacet
  facet normal -0.989176 -0.146736 0
    outer loop
      vertex -36.5567 -4.78215 1.8
      vertex -36.4271 -5.65581 0
      vertex -36.4271 -5.65581 1.8
    endloop
  endfacet
  facet normal 0.970006 0.243082 0
    outer loop
      vertex 36.4271 5.65581 1.8
      vertex 36.2124 6.51256 0
      vertex 36.2124 6.51256 1.8
    endloop
  endfacet
  facet normal 0.970006 0.243082 0
    outer loop
      vertex 36.2124 6.51256 0
      vertex 36.4271 5.65581 1.8
      vertex 36.4271 5.65581 0
    endloop
  endfacet
  facet normal 0.803222 0.59568 0
    outer loop
      vertex 35.0832 8.90013 1.8
      vertex 34.5571 9.60953 0
      vertex 34.5571 9.60953 1.8
    endloop
  endfacet
  facet normal 0.803222 0.59568 0
    outer loop
      vertex 34.5571 9.60953 0
      vertex 35.0832 8.90013 1.8
      vertex 35.0832 8.90013 0
    endloop
  endfacet
  facet normal -0.59568 0.803222 0
    outer loop
      vertex -32.6001 11.3832 0
      vertex -33.3095 10.8571 1.8
      vertex -32.6001 11.3832 1.8
    endloop
  endfacet
  facet normal -0.59568 0.803222 0
    outer loop
      vertex -33.3095 10.8571 1.8
      vertex -32.6001 11.3832 0
      vertex -33.3095 10.8571 0
    endloop
  endfacet
  facet normal 0.941561 -0.336842 0
    outer loop
      vertex 35.9149 -7.34415 1.8
      vertex 36.2124 -6.51256 0
      vertex 36.2124 -6.51256 1.8
    endloop
  endfacet
  facet normal 0.941561 -0.336842 0
    outer loop
      vertex 36.2124 -6.51256 0
      vertex 35.9149 -7.34415 1.8
      vertex 35.9149 -7.34415 0
    endloop
  endfacet
  facet normal -0.427497 0.904017 0
    outer loop
      vertex -31.0441 12.2149 0
      vertex -31.8426 11.8373 1.8
      vertex -31.0441 12.2149 1.8
    endloop
  endfacet
  facet normal -0.427497 0.904017 0
    outer loop
      vertex -31.8426 11.8373 1.8
      vertex -31.0441 12.2149 0
      vertex -31.8426 11.8373 0
    endloop
  endfacet
  facet normal -0.970006 0.243082 0
    outer loop
      vertex -36.4271 5.65581 0
      vertex -36.2124 6.51256 1.8
      vertex -36.2124 6.51256 0
    endloop
  endfacet
  facet normal -0.970006 0.243082 0
    outer loop
      vertex -36.2124 6.51256 1.8
      vertex -36.4271 5.65581 0
      vertex -36.4271 5.65581 1.8
    endloop
  endfacet
  facet normal -0.989176 0.146736 0
    outer loop
      vertex -36.5567 4.78215 0
      vertex -36.4271 5.65581 1.8
      vertex -36.4271 5.65581 0
    endloop
  endfacet
  facet normal -0.989176 0.146736 0
    outer loop
      vertex -36.4271 5.65581 1.8
      vertex -36.5567 4.78215 0
      vertex -36.5567 4.78215 1.8
    endloop
  endfacet
  facet normal 0.857714 -0.514128 0
    outer loop
      vertex 35.0832 -8.90013 1.8
      vertex 35.5373 -8.14256 0
      vertex 35.5373 -8.14256 1.8
    endloop
  endfacet
  facet normal 0.857714 -0.514128 0
    outer loop
      vertex 35.5373 -8.14256 0
      vertex 35.0832 -8.90013 1.8
      vertex 35.0832 -8.90013 0
    endloop
  endfacet
  facet normal -0.671494 -0.74101 0
    outer loop
      vertex -33.964 -10.264 0
      vertex -33.3095 -10.8571 1.8
      vertex -33.964 -10.264 1.8
    endloop
  endfacet
  facet normal -0.671494 -0.74101 -0
    outer loop
      vertex -33.3095 -10.8571 1.8
      vertex -33.964 -10.264 0
      vertex -33.3095 -10.8571 0
    endloop
  endfacet
  facet normal -0.970006 -0.243082 0
    outer loop
      vertex -36.2124 -6.51256 0
      vertex -36.4271 -5.65581 1.8
      vertex -36.4271 -5.65581 0
    endloop
  endfacet
  facet normal -0.970006 -0.243082 0
    outer loop
      vertex -36.4271 -5.65581 1.8
      vertex -36.2124 -6.51256 0
      vertex -36.2124 -6.51256 1.8
    endloop
  endfacet
  facet normal 0.941561 0.336842 0
    outer loop
      vertex 36.2124 6.51256 1.8
      vertex 35.9149 7.34415 0
      vertex 35.9149 7.34415 1.8
    endloop
  endfacet
  facet normal 0.941561 0.336842 0
    outer loop
      vertex 35.9149 7.34415 0
      vertex 36.2124 6.51256 1.8
      vertex 36.2124 6.51256 0
    endloop
  endfacet
  facet normal -0.998798 -0.049025 0
    outer loop
      vertex -36.5567 -4.78215 0
      vertex -36.6 -3.89999 1.8
      vertex -36.6 -3.89999 0
    endloop
  endfacet
  facet normal -0.998798 -0.049025 0
    outer loop
      vertex -36.6 -3.89999 1.8
      vertex -36.5567 -4.78215 0
      vertex -36.5567 -4.78215 1.8
    endloop
  endfacet
  facet normal 0.336975 0.941514 -0
    outer loop
      vertex 31.0441 12.2149 0
      vertex 30.2126 12.5125 1.8
      vertex 31.0441 12.2149 1.8
    endloop
  endfacet
  facet normal 0.336975 0.941514 0
    outer loop
      vertex 30.2126 12.5125 1.8
      vertex 31.0441 12.2149 0
      vertex 30.2126 12.5125 0
    endloop
  endfacet
  facet normal 0.242962 0.970036 -0
    outer loop
      vertex 30.2126 12.5125 0
      vertex 29.3558 12.7271 1.8
      vertex 30.2126 12.5125 1.8
    endloop
  endfacet
  facet normal 0.242962 0.970036 0
    outer loop
      vertex 29.3558 12.7271 1.8
      vertex 30.2126 12.5125 0
      vertex 29.3558 12.7271 0
    endloop
  endfacet
  facet normal -0.941561 0.336842 0
    outer loop
      vertex -36.2124 6.51256 0
      vertex -35.9149 7.34415 1.8
      vertex -35.9149 7.34415 0
    endloop
  endfacet
  facet normal -0.941561 0.336842 0
    outer loop
      vertex -35.9149 7.34415 1.8
      vertex -36.2124 6.51256 0
      vertex -36.2124 6.51256 1.8
    endloop
  endfacet
  facet normal 0.671494 0.74101 -0
    outer loop
      vertex 33.964 10.264 0
      vertex 33.3095 10.8571 1.8
      vertex 33.964 10.264 1.8
    endloop
  endfacet
  facet normal 0.671494 0.74101 0
    outer loop
      vertex 33.3095 10.8571 1.8
      vertex 33.964 10.264 0
      vertex 33.3095 10.8571 0
    endloop
  endfacet
  facet normal 0.336975 -0.941514 0
    outer loop
      vertex 30.2126 -12.5125 0
      vertex 31.0441 -12.2149 1.8
      vertex 30.2126 -12.5125 1.8
    endloop
  endfacet
  facet normal 0.336975 -0.941514 0
    outer loop
      vertex 31.0441 -12.2149 1.8
      vertex 30.2126 -12.5125 0
      vertex 31.0441 -12.2149 0
    endloop
  endfacet
  facet normal 0.0490284 0.998797 -0
    outer loop
      vertex 28.4821 12.8567 0
      vertex 27.6 12.9 1.8
      vertex 28.4821 12.8567 1.8
    endloop
  endfacet
  facet normal 0.0490284 0.998797 0
    outer loop
      vertex 27.6 12.9 1.8
      vertex 28.4821 12.8567 0
      vertex 27.6 12.9 0
    endloop
  endfacet
  facet normal -0.803222 0.59568 0
    outer loop
      vertex -35.0832 8.90013 0
      vertex -34.5571 9.60953 1.8
      vertex -34.5571 9.60953 0
    endloop
  endfacet
  facet normal -0.803222 0.59568 0
    outer loop
      vertex -34.5571 9.60953 1.8
      vertex -35.0832 8.90013 0
      vertex -35.0832 8.90013 1.8
    endloop
  endfacet
  facet normal -0.857714 -0.514128 0
    outer loop
      vertex -35.0832 -8.90013 0
      vertex -35.5373 -8.14256 1.8
      vertex -35.5373 -8.14256 0
    endloop
  endfacet
  facet normal -0.857714 -0.514128 0
    outer loop
      vertex -35.5373 -8.14256 1.8
      vertex -35.0832 -8.90013 0
      vertex -35.0832 -8.90013 1.8
    endloop
  endfacet
  facet normal 0.970006 -0.243082 0
    outer loop
      vertex 36.2124 -6.51256 1.8
      vertex 36.4271 -5.65581 0
      vertex 36.4271 -5.65581 1.8
    endloop
  endfacet
  facet normal 0.970006 -0.243082 0
    outer loop
      vertex 36.4271 -5.65581 0
      vertex 36.2124 -6.51256 1.8
      vertex 36.2124 -6.51256 0
    endloop
  endfacet
  facet normal 0.740995 -0.671511 0
    outer loop
      vertex 33.964 -10.264 1.8
      vertex 34.5571 -9.60953 0
      vertex 34.5571 -9.60953 1.8
    endloop
  endfacet
  facet normal 0.740995 -0.671511 0
    outer loop
      vertex 34.5571 -9.60953 0
      vertex 33.964 -10.264 1.8
      vertex 33.964 -10.264 0
    endloop
  endfacet
  facet normal -0.740995 0.671511 0
    outer loop
      vertex -34.5571 9.60953 0
      vertex -33.964 10.264 1.8
      vertex -33.964 10.264 0
    endloop
  endfacet
  facet normal -0.740995 0.671511 0
    outer loop
      vertex -33.964 10.264 1.8
      vertex -34.5571 9.60953 0
      vertex -34.5571 9.60953 1.8
    endloop
  endfacet
  facet normal 0.146729 0.989177 -0
    outer loop
      vertex 29.3558 12.7271 0
      vertex 28.4821 12.8567 1.8
      vertex 29.3558 12.7271 1.8
    endloop
  endfacet
  facet normal 0.146729 0.989177 0
    outer loop
      vertex 28.4821 12.8567 1.8
      vertex 29.3558 12.7271 0
      vertex 28.4821 12.8567 0
    endloop
  endfacet
  facet normal 0.903998 -0.427537 0
    outer loop
      vertex 35.5373 -8.14256 1.8
      vertex 35.9149 -7.34415 0
      vertex 35.9149 -7.34415 1.8
    endloop
  endfacet
  facet normal 0.903998 -0.427537 0
    outer loop
      vertex 35.9149 -7.34415 0
      vertex 35.5373 -8.14256 1.8
      vertex 35.5373 -8.14256 0
    endloop
  endfacet
  facet normal 0.740995 0.671511 0
    outer loop
      vertex 34.5571 9.60953 1.8
      vertex 33.964 10.264 0
      vertex 33.964 10.264 1.8
    endloop
  endfacet
  facet normal 0.740995 0.671511 0
    outer loop
      vertex 33.964 10.264 0
      vertex 34.5571 9.60953 1.8
      vertex 34.5571 9.60953 0
    endloop
  endfacet
  facet normal 0.989176 0.146736 0
    outer loop
      vertex 36.5567 4.78215 1.8
      vertex 36.4271 5.65581 0
      vertex 36.4271 5.65581 1.8
    endloop
  endfacet
  facet normal 0.989176 0.146736 0
    outer loop
      vertex 36.4271 5.65581 0
      vertex 36.5567 4.78215 1.8
      vertex 36.5567 4.78215 0
    endloop
  endfacet
  facet normal -0.59568 -0.803222 0
    outer loop
      vertex -33.3095 -10.8571 0
      vertex -32.6001 -11.3832 1.8
      vertex -33.3095 -10.8571 1.8
    endloop
  endfacet
  facet normal -0.59568 -0.803222 -0
    outer loop
      vertex -32.6001 -11.3832 1.8
      vertex -33.3095 -10.8571 0
      vertex -32.6001 -11.3832 0
    endloop
  endfacet
  facet normal 0.514163 0.857693 -0
    outer loop
      vertex 32.6001 11.3832 0
      vertex 31.8426 11.8373 1.8
      vertex 32.6001 11.3832 1.8
    endloop
  endfacet
  facet normal 0.514163 0.857693 0
    outer loop
      vertex 31.8426 11.8373 1.8
      vertex 32.6001 11.3832 0
      vertex 31.8426 11.8373 0
    endloop
  endfacet
  facet normal -0.941561 -0.336842 0
    outer loop
      vertex -35.9149 -7.34415 0
      vertex -36.2124 -6.51256 1.8
      vertex -36.2124 -6.51256 0
    endloop
  endfacet
  facet normal -0.941561 -0.336842 0
    outer loop
      vertex -36.2124 -6.51256 1.8
      vertex -35.9149 -7.34415 0
      vertex -35.9149 -7.34415 1.8
    endloop
  endfacet
  facet normal -0.671494 0.74101 0
    outer loop
      vertex -33.3095 10.8571 0
      vertex -33.964 10.264 1.8
      vertex -33.3095 10.8571 1.8
    endloop
  endfacet
  facet normal -0.671494 0.74101 0
    outer loop
      vertex -33.964 10.264 1.8
      vertex -33.3095 10.8571 0
      vertex -33.964 10.264 0
    endloop
  endfacet
  facet normal 0.998798 -0.049025 0
    outer loop
      vertex 36.5567 -4.78215 1.8
      vertex 36.6 -3.89999 0
      vertex 36.6 -3.89999 1.8
    endloop
  endfacet
  facet normal 0.998798 -0.049025 0
    outer loop
      vertex 36.6 -3.89999 0
      vertex 36.5567 -4.78215 1.8
      vertex 36.5567 -4.78215 0
    endloop
  endfacet
  facet normal 0.803222 -0.59568 0
    outer loop
      vertex 34.5571 -9.60953 1.8
      vertex 35.0832 -8.90013 0
      vertex 35.0832 -8.90013 1.8
    endloop
  endfacet
  facet normal 0.803222 -0.59568 0
    outer loop
      vertex 35.0832 -8.90013 0
      vertex 34.5571 -9.60953 1.8
      vertex 34.5571 -9.60953 0
    endloop
  endfacet
  facet normal -0.803222 -0.59568 0
    outer loop
      vertex -34.5571 -9.60953 0
      vertex -35.0832 -8.90013 1.8
      vertex -35.0832 -8.90013 0
    endloop
  endfacet
  facet normal -0.803222 -0.59568 0
    outer loop
      vertex -35.0832 -8.90013 1.8
      vertex -34.5571 -9.60953 0
      vertex -34.5571 -9.60953 1.8
    endloop
  endfacet
  facet normal -0.903998 -0.427537 0
    outer loop
      vertex -35.5373 -8.14256 0
      vertex -35.9149 -7.34415 1.8
      vertex -35.9149 -7.34415 0
    endloop
  endfacet
  facet normal -0.903998 -0.427537 0
    outer loop
      vertex -35.9149 -7.34415 1.8
      vertex -35.5373 -8.14256 0
      vertex -35.5373 -8.14256 1.8
    endloop
  endfacet
  facet normal 0 0 -1
    outer loop
      vertex 27.6 -12.9 0
      vertex 36.6 -3.89999 0
      vertex 36.5567 -4.78215 0
    endloop
  endfacet
  facet normal -0 0 -1
    outer loop
      vertex 36.6 -3.89999 0
      vertex 27.6 -12.9 0
      vertex 36.6 3.89999 0
    endloop
  endfacet
  facet normal 0 0 -1
    outer loop
      vertex 27.6 -12.9 0
      vertex 36.5567 -4.78215 0
      vertex 36.4271 -5.65581 0
    endloop
  endfacet
  facet normal 0 0 -1
    outer loop
      vertex 27.6 12.9 0
      vertex 36.6 3.89999 0
      vertex 27.6 -12.9 0
    endloop
  endfacet
  facet normal 0 0 -1
    outer loop
      vertex 27.6 -12.9 0
      vertex 36.4271 -5.65581 0
      vertex 36.2124 -6.51256 0
    endloop
  endfacet
  facet normal 0 0 -1
    outer loop
      vertex 36.6 3.89999 0
      vertex 27.6 12.9 0
      vertex 36.5567 4.78215 0
    endloop
  endfacet
  facet normal 0 0 -1
    outer loop
      vertex 27.6 -12.9 0
      vertex 36.2124 -6.51256 0
      vertex 35.9149 -7.34415 0
    endloop
  endfacet
  facet normal 0 0 -1
    outer loop
      vertex 36.5567 4.78215 0
      vertex 27.6 12.9 0
      vertex 36.4271 5.65581 0
    endloop
  endfacet
  facet normal 0 0 -1
    outer loop
      vertex 27.6 -12.9 0
      vertex 35.9149 -7.34415 0
      vertex 35.5373 -8.14256 0
    endloop
  endfacet
  facet normal 0 0 -1
    outer loop
      vertex 36.4271 5.65581 0
      vertex 27.6 12.9 0
      vertex 36.2124 6.51256 0
    endloop
  endfacet
  facet normal 0 0 -1
    outer loop
      vertex 27.6 -12.9 0
      vertex 35.5373 -8.14256 0
      vertex 35.0832 -8.90013 0
    endloop
  endfacet
  facet normal 0 0 -1
    outer loop
      vertex 36.2124 6.51256 0
      vertex 27.6 12.9 0
      vertex 35.9149 7.34415 0
    endloop
  endfacet
  facet normal 0 0 -1
    outer loop
      vertex 27.6 -12.9 0
      vertex 35.0832 -8.90013 0
      vertex 34.5571 -9.60953 0
    endloop
  endfacet
  facet normal 0 0 -1
    outer loop
      vertex 35.9149 7.34415 0
      vertex 27.6 12.9 0
      vertex 35.5373 8.14256 0
    endloop
  endfacet
  facet normal 0 0 -1
    outer loop
      vertex 27.6 -12.9 0
      vertex 34.5571 -9.60953 0
      vertex 33.964 -10.264 0
    endloop
  endfacet
  facet normal 0 0 -1
    outer loop
      vertex 35.5373 8.14256 0
      vertex 27.6 12.9 0
      vertex 35.0832 8.90013 0
    endloop
  endfacet
  facet normal 0 0 -1
    outer loop
      vertex 27.6 -12.9 0
      vertex 33.964 -10.264 0
      vertex 33.3095 -10.8571 0
    endloop
  endfacet
  facet normal 0 0 -1
    outer loop
      vertex 35.0832 8.90013 0
      vertex 27.6 12.9 0
      vertex 34.5571 9.60953 0
    endloop
  endfacet
  facet normal 0 0 -1
    outer loop
      vertex 27.6 -12.9 0
      vertex 33.3095 -10.8571 0
      vertex 32.6001 -11.3832 0
    endloop
  endfacet
  facet normal 0 0 -1
    outer loop
      vertex 34.5571 9.60953 0
      vertex 27.6 12.9 0
      vertex 33.964 10.264 0
    endloop
  endfacet
  facet normal 0 0 -1
    outer loop
      vertex 27.6 -12.9 0
      vertex 32.6001 -11.3832 0
      vertex 31.8426 -11.8373 0
    endloop
  endfacet
  facet normal 0 0 -1
    outer loop
      vertex 33.964 10.264 0
      vertex 27.6 12.9 0
      vertex 33.3095 10.8571 0
    endloop
  endfacet
  facet normal 0 0 -1
    outer loop
      vertex 27.6 -12.9 0
      vertex 31.8426 -11.8373 0
      vertex 31.0441 -12.2149 0
    endloop
  endfacet
  facet normal 0 0 -1
    outer loop
      vertex 33.3095 10.8571 0
      vertex 27.6 12.9 0
      vertex 32.6001 11.3832 0
    endloop
  endfacet
  facet normal 0 0 -1
    outer loop
      vertex 27.6 -12.9 0
      vertex 31.0441 -12.2149 0
      vertex 30.2126 -12.5125 0
    endloop
  endfacet
  facet normal 0 0 -1
    outer loop
      vertex 32.6001 11.3832 0
      vertex 27.6 12.9 0
      vertex 31.8426 11.8373 0
    endloop
  endfacet
  facet normal 0 0 -1
    outer loop
      vertex 27.6 -12.9 0
      vertex 30.2126 -12.5125 0
      vertex 29.3558 -12.7271 0
    endloop
  endfacet
  facet normal 0 0 -1
    outer loop
      vertex 31.8426 11.8373 0
      vertex 27.6 12.9 0
      vertex 31.0441 12.2149 0
    endloop
  endfacet
  facet normal 0 0 -1
    outer loop
      vertex 27.6 -12.9 0
      vertex 29.3558 -12.7271 0
      vertex 28.4821 -12.8567 0
    endloop
  endfacet
  facet normal 0 0 -1
    outer loop
      vertex 31.0441 12.2149 0
      vertex 27.6 12.9 0
      vertex 30.2126 12.5125 0
    endloop
  endfacet
  facet normal 0 0 -1
    outer loop
      vertex 30.2126 12.5125 0
      vertex 27.6 12.9 0
      vertex 29.3558 12.7271 0
    endloop
  endfacet
  facet normal 0 0 -1
    outer loop
      vertex 29.3558 12.7271 0
      vertex 27.6 12.9 0
      vertex 28.4821 12.8567 0
    endloop
  endfacet
  facet normal 0 0 -1
    outer loop
      vertex -27.6 -12.9 0
      vertex 27.6 12.9 0
      vertex 27.6 -12.9 0
    endloop
  endfacet
  facet normal 0 0 -1
    outer loop
      vertex -27.6 -12.9 0
      vertex -27.6 12.9 0
      vertex 27.6 12.9 0
    endloop
  endfacet
  facet normal 0 0 -1
    outer loop
      vertex -36.6 -3.89999 0
      vertex -27.6 -12.9 0
      vertex -28.4821 -12.8567 0
    endloop
  endfacet
  facet normal 0 0 -1
    outer loop
      vertex -27.6 -12.9 0
      vertex -36.6 -3.89999 0
      vertex -27.6 12.9 0
    endloop
  endfacet
  facet normal 0 0 -1
    outer loop
      vertex -36.6 -3.89999 0
      vertex -28.4821 -12.8567 0
      vertex -29.3558 -12.7271 0
    endloop
  endfacet
  facet normal 0 0 -1
    outer loop
      vertex -36.6 3.89999 0
      vertex -27.6 12.9 0
      vertex -36.6 -3.89999 0
    endloop
  endfacet
  facet normal 0 0 -1
    outer loop
      vertex -36.6 -3.89999 0
      vertex -29.3558 -12.7271 0
      vertex -30.2126 -12.5125 0
    endloop
  endfacet
  facet normal 0 0 -1
    outer loop
      vertex -27.6 12.9 0
      vertex -36.6 3.89999 0
      vertex -28.4821 12.8567 0
    endloop
  endfacet
  facet normal 0 0 -1
    outer loop
      vertex -36.6 -3.89999 0
      vertex -30.2126 -12.5125 0
      vertex -31.0441 -12.2149 0
    endloop
  endfacet
  facet normal 0 0 -1
    outer loop
      vertex -28.4821 12.8567 0
      vertex -36.6 3.89999 0
      vertex -29.3558 12.7271 0
    endloop
  endfacet
  facet normal 0 0 -1
    outer loop
      vertex -36.6 -3.89999 0
      vertex -31.0441 -12.2149 0
      vertex -31.8426 -11.8373 0
    endloop
  endfacet
  facet normal 0 0 -1
    outer loop
      vertex -29.3558 12.7271 0
      vertex -36.6 3.89999 0
      vertex -30.2126 12.5125 0
    endloop
  endfacet
  facet normal 0 0 -1
    outer loop
      vertex -36.6 -3.89999 0
      vertex -31.8426 -11.8373 0
      vertex -32.6001 -11.3832 0
    endloop
  endfacet
  facet normal 0 0 -1
    outer loop
      vertex -30.2126 12.5125 0
      vertex -36.6 3.89999 0
      vertex -31.0441 12.2149 0
    endloop
  endfacet
  facet normal 0 0 -1
    outer loop
      vertex -36.6 -3.89999 0
      vertex -32.6001 -11.3832 0
      vertex -33.3095 -10.8571 0
    endloop
  endfacet
  facet normal 0 0 -1
    outer loop
      vertex -31.0441 12.2149 0
      vertex -36.6 3.89999 0
      vertex -31.8426 11.8373 0
    endloop
  endfacet
  facet normal 0 0 -1
    outer loop
      vertex -36.6 -3.89999 0
      vertex -33.3095 -10.8571 0
      vertex -33.964 -10.264 0
    endloop
  endfacet
  facet normal 0 0 -1
    outer loop
      vertex -31.8426 11.8373 0
      vertex -36.6 3.89999 0
      vertex -32.6001 11.3832 0
    endloop
  endfacet
  facet normal 0 0 -1
    outer loop
      vertex -36.6 -3.89999 0
      vertex -33.964 -10.264 0
      vertex -34.5571 -9.60953 0
    endloop
  endfacet
  facet normal 0 0 -1
    outer loop
      vertex -32.6001 11.3832 0
      vertex -36.6 3.89999 0
      vertex -33.3095 10.8571 0
    endloop
  endfacet
  facet normal 0 0 -1
    outer loop
      vertex -36.6 -3.89999 0
      vertex -34.5571 -9.60953 0
      vertex -35.0832 -8.90013 0
    endloop
  endfacet
  facet normal 0 0 -1
    outer loop
      vertex -33.3095 10.8571 0
      vertex -36.6 3.89999 0
      vertex -33.964 10.264 0
    endloop
  endfacet
  facet normal 0 0 -1
    outer loop
      vertex -36.6 -3.89999 0
      vertex -35.0832 -8.90013 0
      vertex -35.5373 -8.14256 0
    endloop
  endfacet
  facet normal 0 0 -1
    outer loop
      vertex -33.964 10.264 0
      vertex -36.6 3.89999 0
      vertex -34.5571 9.60953 0
    endloop
  endfacet
  facet normal 0 0 -1
    outer loop
      vertex -36.6 -3.89999 0
      vertex -35.5373 -8.14256 0
      vertex -35.9149 -7.34415 0
    endloop
  endfacet
  facet normal 0 0 -1
    outer loop
      vertex -34.5571 9.60953 0
      vertex -36.6 3.89999 0
      vertex -35.0832 8.90013 0
    endloop
  endfacet
  facet normal 0 0 -1
    outer loop
      vertex -36.6 -3.89999 0
      vertex -35.9149 -7.34415 0
      vertex -36.2124 -6.51256 0
    endloop
  endfacet
  facet normal 0 0 -1
    outer loop
      vertex -35.0832 8.90013 0
      vertex -36.6 3.89999 0
      vertex -35.5373 8.14256 0
    endloop
  endfacet
  facet normal 0 0 -1
    outer loop
      vertex -36.6 -3.89999 0
      vertex -36.2124 -6.51256 0
      vertex -36.4271 -5.65581 0
    endloop
  endfacet
  facet normal 0 0 -1
    outer loop
      vertex -35.5373 8.14256 0
      vertex -36.6 3.89999 0
      vertex -35.9149 7.34415 0
    endloop
  endfacet
  facet normal 0 0 -1
    outer loop
      vertex -36.6 -3.89999 0
      vertex -36.4271 -5.65581 0
      vertex -36.5567 -4.78215 0
    endloop
  endfacet
  facet normal 0 0 -1
    outer loop
      vertex -35.9149 7.34415 0
      vertex -36.6 3.89999 0
      vertex -36.2124 6.51256 0
    endloop
  endfacet
  facet normal 0 0 -1
    outer loop
      vertex -36.2124 6.51256 0
      vertex -36.6 3.89999 0
      vertex -36.4271 5.65581 0
    endloop
  endfacet
  facet normal 0 0 -1
    outer loop
      vertex -36.4271 5.65581 0
      vertex -36.6 3.89999 0
      vertex -36.5567 4.78215 0
    endloop
  endfacet
  facet normal 0.857714 0.514128 0
    outer loop
      vertex 35.5373 8.14256 1.8
      vertex 35.0832 8.90013 0
      vertex 35.0832 8.90013 1.8
    endloop
  endfacet
  facet normal 0.857714 0.514128 0
    outer loop
      vertex 35.0832 8.90013 0
      vertex 35.5373 8.14256 1.8
      vertex 35.5373 8.14256 0
    endloop
  endfacet
  facet normal -0.740995 -0.671511 0
    outer loop
      vertex -33.964 -10.264 0
      vertex -34.5571 -9.60953 1.8
      vertex -34.5571 -9.60953 0
    endloop
  endfacet
  facet normal -0.740995 -0.671511 0
    outer loop
      vertex -34.5571 -9.60953 1.8
      vertex -33.964 -10.264 0
      vertex -33.964 -10.264 1.8
    endloop
  endfacet
  facet normal -0 0 1
    outer loop
      vertex 34.3235 5.68909 4.19
      vertex 35.95 5.25 4.19
      vertex 35.9163 5.93613 4.19
    endloop
  endfacet
  facet normal 0 0 1
    outer loop
      vertex 35.95 5.25 4.19
      vertex 34.35 5.14999 4.19
      vertex 35.95 -5.25 4.19
    endloop
  endfacet
  facet normal -0 0 1
    outer loop
      vertex 34.2443 6.22299 4.19
      vertex 35.9163 5.93613 4.19
      vertex 35.8155 6.61563 4.19
    endloop
  endfacet
  facet normal -0 0 1
    outer loop
      vertex 34.35 -5.14999 4.19
      vertex 35.95 -5.25 4.19
      vertex 34.35 5.14999 4.19
    endloop
  endfacet
  facet normal -0 0 1
    outer loop
      vertex 34.1132 6.74657 4.19
      vertex 35.8155 6.61563 4.19
      vertex 35.6486 7.282 4.19
    endloop
  endfacet
  facet normal 0 0 1
    outer loop
      vertex 34.3235 -5.68909 4.19
      vertex 35.95 -5.25 4.19
      vertex 34.35 -5.14999 4.19
    endloop
  endfacet
  facet normal 0 0 1
    outer loop
      vertex 33.9313 7.25475 4.19
      vertex 35.6486 7.282 4.19
      vertex 35.4172 7.92879 4.19
    endloop
  endfacet
  facet normal 0 0 1
    outer loop
      vertex 35.95 -5.25 4.19
      vertex 34.3235 -5.68909 4.19
      vertex 35.9163 -5.93613 4.19
    endloop
  endfacet
  facet normal 0 0 1
    outer loop
      vertex 33.7006 7.74268 4.19
      vertex 35.4172 7.92879 4.19
      vertex 35.1234 8.54977 4.19
    endloop
  endfacet
  facet normal 0 0 1
    outer loop
      vertex 34.2443 -6.22299 4.19
      vertex 35.9163 -5.93613 4.19
      vertex 34.3235 -5.68909 4.19
    endloop
  endfacet
  facet normal 0 0 1
    outer loop
      vertex 33.4231 8.20563 4.19
      vertex 35.1234 8.54977 4.19
      vertex 34.7703 9.13899 4.19
    endloop
  endfacet
  facet normal 0 0 1
    outer loop
      vertex 35.9163 -5.93613 4.19
      vertex 34.2443 -6.22299 4.19
      vertex 35.8155 -6.61563 4.19
    endloop
  endfacet
  facet normal 0 0 1
    outer loop
      vertex 33.1015 8.63916 4.19
      vertex 34.7703 9.13899 4.19
      vertex 34.3611 9.69075 4.19
    endloop
  endfacet
  facet normal 0 0 1
    outer loop
      vertex 34.1132 -6.74657 4.19
      vertex 35.8155 -6.61563 4.19
      vertex 34.2443 -6.22299 4.19
    endloop
  endfacet
  facet normal 0 0 1
    outer loop
      vertex 35.8155 -6.61563 4.19
      vertex 34.1132 -6.74657 4.19
      vertex 35.6486 -7.282 4.19
    endloop
  endfacet
  facet normal 0 0 1
    outer loop
      vertex 35.95 5.25 4.19
      vertex 34.3235 5.68909 4.19
      vertex 34.35 5.14999 4.19
    endloop
  endfacet
  facet normal 0 0 1
    outer loop
      vertex 35.9163 5.93613 4.19
      vertex 34.2443 6.22299 4.19
      vertex 34.3235 5.68909 4.19
    endloop
  endfacet
  facet normal 0 0 1
    outer loop
      vertex 35.8155 6.61563 4.19
      vertex 34.1132 6.74657 4.19
      vertex 34.2443 6.22299 4.19
    endloop
  endfacet
  facet normal 0 0 1
    outer loop
      vertex 35.6486 7.282 4.19
      vertex 33.9313 7.25475 4.19
      vertex 34.1132 6.74657 4.19
    endloop
  endfacet
  facet normal 0 0 1
    outer loop
      vertex 33.1015 8.63916 4.19
      vertex 34.3611 9.69075 4.19
      vertex 33.8997 10.1998 4.19
    endloop
  endfacet
  facet normal 0 0 1
    outer loop
      vertex 35.4172 7.92879 4.19
      vertex 33.7006 7.74268 4.19
      vertex 33.9313 7.25475 4.19
    endloop
  endfacet
  facet normal 0 0 1
    outer loop
      vertex 35.1234 8.54977 4.19
      vertex 33.4231 8.20563 4.19
      vertex 33.7006 7.74268 4.19
    endloop
  endfacet
  facet normal 0 0 1
    outer loop
      vertex 32.7391 9.03908 4.19
      vertex 33.8997 10.1998 4.19
      vertex 33.3907 10.6611 4.19
    endloop
  endfacet
  facet normal 0 0 1
    outer loop
      vertex 34.7703 9.13899 4.19
      vertex 33.1015 8.63916 4.19
      vertex 33.4231 8.20563 4.19
    endloop
  endfacet
  facet normal 0 0 1
    outer loop
      vertex 32.3392 9.40155 4.19
      vertex 33.3907 10.6611 4.19
      vertex 32.839 11.0703 4.19
    endloop
  endfacet
  facet normal 0 0 1
    outer loop
      vertex 33.8997 10.1998 4.19
      vertex 32.7391 9.03908 4.19
      vertex 33.1015 8.63916 4.19
    endloop
  endfacet
  facet normal 0 0 1
    outer loop
      vertex 33.3907 10.6611 4.19
      vertex 32.3392 9.40155 4.19
      vertex 32.7391 9.03908 4.19
    endloop
  endfacet
  facet normal 0 0 1
    outer loop
      vertex 31.9056 9.72308 4.19
      vertex 32.839 11.0703 4.19
      vertex 32.2498 11.4234 4.19
    endloop
  endfacet
  facet normal 0 0 1
    outer loop
      vertex 32.839 11.0703 4.19
      vertex 31.9056 9.72308 4.19
      vertex 32.3392 9.40155 4.19
    endloop
  endfacet
  facet normal 0 0 1
    outer loop
      vertex 31.4427 10.0006 4.19
      vertex 32.2498 11.4234 4.19
      vertex 31.6288 11.7172 4.19
    endloop
  endfacet
  facet normal 0 0 1
    outer loop
      vertex 32.2498 11.4234 4.19
      vertex 31.4427 10.0006 4.19
      vertex 31.9056 9.72308 4.19
    endloop
  endfacet
  facet normal 0 0 1
    outer loop
      vertex 30.9547 10.2313 4.19
      vertex 31.6288 11.7172 4.19
      vertex 30.982 11.9486 4.19
    endloop
  endfacet
  facet normal 0 0 1
    outer loop
      vertex 31.6288 11.7172 4.19
      vertex 30.9547 10.2313 4.19
      vertex 31.4427 10.0006 4.19
    endloop
  endfacet
  facet normal 0 0 1
    outer loop
      vertex 30.982 11.9486 4.19
      vertex 30.4466 10.4132 4.19
      vertex 30.9547 10.2313 4.19
    endloop
  endfacet
  facet normal 0 0 1
    outer loop
      vertex 30.3156 12.1155 4.19
      vertex 30.4466 10.4132 4.19
      vertex 30.982 11.9486 4.19
    endloop
  endfacet
  facet normal 0 0 1
    outer loop
      vertex 30.3156 12.1155 4.19
      vertex 29.923 10.5443 4.19
      vertex 30.4466 10.4132 4.19
    endloop
  endfacet
  facet normal 0 0 1
    outer loop
      vertex 29.6361 12.2163 4.19
      vertex 29.923 10.5443 4.19
      vertex 30.3156 12.1155 4.19
    endloop
  endfacet
  facet normal 0 0 1
    outer loop
      vertex 29.6361 12.2163 4.19
      vertex 29.3891 10.6235 4.19
      vertex 29.923 10.5443 4.19
    endloop
  endfacet
  facet normal 0 0 1
    outer loop
      vertex 28.95 12.25 4.19
      vertex 29.3891 10.6235 4.19
      vertex 29.6361 12.2163 4.19
    endloop
  endfacet
  facet normal 0 0 1
    outer loop
      vertex 28.95 12.25 4.19
      vertex 28.85 10.65 4.19
      vertex 29.3891 10.6235 4.19
    endloop
  endfacet
  facet normal 0 0 1
    outer loop
      vertex 28.95 12.25 4.19
      vertex -28.85 10.65 4.19
      vertex 28.85 10.65 4.19
    endloop
  endfacet
  facet normal -0 0 1
    outer loop
      vertex -28.95 12.25 4.19
      vertex -28.85 10.65 4.19
      vertex 28.95 12.25 4.19
    endloop
  endfacet
  facet normal 0 0 1
    outer loop
      vertex -28.95 12.25 4.19
      vertex -29.3891 10.6235 4.19
      vertex -28.85 10.65 4.19
    endloop
  endfacet
  facet normal -0 0 1
    outer loop
      vertex -29.6361 12.2163 4.19
      vertex -29.3891 10.6235 4.19
      vertex -28.95 12.25 4.19
    endloop
  endfacet
  facet normal 0 0 1
    outer loop
      vertex -29.6361 12.2163 4.19
      vertex -29.923 10.5443 4.19
      vertex -29.3891 10.6235 4.19
    endloop
  endfacet
  facet normal -0 0 1
    outer loop
      vertex -30.3156 12.1155 4.19
      vertex -29.923 10.5443 4.19
      vertex -29.6361 12.2163 4.19
    endloop
  endfacet
  facet normal 0 0 1
    outer loop
      vertex -30.3156 12.1155 4.19
      vertex -30.4466 10.4132 4.19
      vertex -29.923 10.5443 4.19
    endloop
  endfacet
  facet normal -0 0 1
    outer loop
      vertex -30.982 11.9486 4.19
      vertex -30.4466 10.4132 4.19
      vertex -30.3156 12.1155 4.19
    endloop
  endfacet
  facet normal 0 0 1
    outer loop
      vertex -30.4466 10.4132 4.19
      vertex -30.982 11.9486 4.19
      vertex -30.9547 10.2313 4.19
    endloop
  endfacet
  facet normal -0 0 1
    outer loop
      vertex -31.6288 11.7172 4.19
      vertex -30.9547 10.2313 4.19
      vertex -30.982 11.9486 4.19
    endloop
  endfacet
  facet normal 0 0 1
    outer loop
      vertex -30.9547 10.2313 4.19
      vertex -31.6288 11.7172 4.19
      vertex -31.4427 10.0006 4.19
    endloop
  endfacet
  facet normal -0 0 1
    outer loop
      vertex -32.2498 11.4234 4.19
      vertex -31.4427 10.0006 4.19
      vertex -31.6288 11.7172 4.19
    endloop
  endfacet
  facet normal 0 0 1
    outer loop
      vertex -31.4427 10.0006 4.19
      vertex -32.2498 11.4234 4.19
      vertex -31.9056 9.72308 4.19
    endloop
  endfacet
  facet normal -0 0 1
    outer loop
      vertex -32.839 11.0703 4.19
      vertex -31.9056 9.72308 4.19
      vertex -32.2498 11.4234 4.19
    endloop
  endfacet
  facet normal 0 0 1
    outer loop
      vertex -31.9056 9.72308 4.19
      vertex -32.839 11.0703 4.19
      vertex -32.3392 9.40155 4.19
    endloop
  endfacet
  facet normal -0 0 1
    outer loop
      vertex -33.3907 10.6611 4.19
      vertex -32.3392 9.40155 4.19
      vertex -32.839 11.0703 4.19
    endloop
  endfacet
  facet normal 0 0 1
    outer loop
      vertex -32.3392 9.40155 4.19
      vertex -33.3907 10.6611 4.19
      vertex -32.7391 9.03908 4.19
    endloop
  endfacet
  facet normal -0 0 1
    outer loop
      vertex -33.8997 10.1998 4.19
      vertex -32.7391 9.03908 4.19
      vertex -33.3907 10.6611 4.19
    endloop
  endfacet
  facet normal 0 0 1
    outer loop
      vertex -32.7391 9.03908 4.19
      vertex -33.8997 10.1998 4.19
      vertex -33.1015 8.63916 4.19
    endloop
  endfacet
  facet normal -0 0 1
    outer loop
      vertex -34.3611 9.69075 4.19
      vertex -33.1015 8.63916 4.19
      vertex -33.8997 10.1998 4.19
    endloop
  endfacet
  facet normal -0 0 1
    outer loop
      vertex -34.7703 9.13899 4.19
      vertex -33.1015 8.63916 4.19
      vertex -34.3611 9.69075 4.19
    endloop
  endfacet
  facet normal 0 0 1
    outer loop
      vertex -33.1015 8.63916 4.19
      vertex -34.7703 9.13899 4.19
      vertex -33.4231 8.20563 4.19
    endloop
  endfacet
  facet normal -0 0 1
    outer loop
      vertex -35.1234 8.54977 4.19
      vertex -33.4231 8.20563 4.19
      vertex -34.7703 9.13899 4.19
    endloop
  endfacet
  facet normal 0 0 1
    outer loop
      vertex -33.4231 8.20563 4.19
      vertex -35.1234 8.54977 4.19
      vertex -33.7006 7.74268 4.19
    endloop
  endfacet
  facet normal -0 0 1
    outer loop
      vertex -35.4172 7.92879 4.19
      vertex -33.7006 7.74268 4.19
      vertex -35.1234 8.54977 4.19
    endloop
  endfacet
  facet normal 0 0 1
    outer loop
      vertex -33.9313 7.25475 4.19
      vertex -35.6486 7.282 4.19
      vertex -34.1132 6.74657 4.19
    endloop
  endfacet
  facet normal -0 0 1
    outer loop
      vertex -35.6486 7.282 4.19
      vertex -33.9313 7.25475 4.19
      vertex -35.4172 7.92879 4.19
    endloop
  endfacet
  facet normal 0 0 1
    outer loop
      vertex -33.7006 7.74268 4.19
      vertex -35.4172 7.92879 4.19
      vertex -33.9313 7.25475 4.19
    endloop
  endfacet
  facet normal -0 0 1
    outer loop
      vertex 33.9313 -7.25475 4.19
      vertex 35.6486 -7.282 4.19
      vertex 34.1132 -6.74657 4.19
    endloop
  endfacet
  facet normal 0 0 1
    outer loop
      vertex 35.6486 -7.282 4.19
      vertex 33.9313 -7.25475 4.19
      vertex 35.4172 -7.92879 4.19
    endloop
  endfacet
  facet normal -0 0 1
    outer loop
      vertex 33.7006 -7.74268 4.19
      vertex 35.4172 -7.92879 4.19
      vertex 33.9313 -7.25475 4.19
    endloop
  endfacet
  facet normal 0 0 1
    outer loop
      vertex 35.4172 -7.92879 4.19
      vertex 33.7006 -7.74268 4.19
      vertex 35.1234 -8.54977 4.19
    endloop
  endfacet
  facet normal -0 0 1
    outer loop
      vertex 33.4231 -8.20563 4.19
      vertex 35.1234 -8.54977 4.19
      vertex 33.7006 -7.74268 4.19
    endloop
  endfacet
  facet normal 0 0 1
    outer loop
      vertex 35.1234 -8.54977 4.19
      vertex 33.4231 -8.20563 4.19
      vertex 34.7703 -9.13899 4.19
    endloop
  endfacet
  facet normal -0 0 1
    outer loop
      vertex 33.1015 -8.63916 4.19
      vertex 34.7703 -9.13899 4.19
      vertex 33.4231 -8.20563 4.19
    endloop
  endfacet
  facet normal 0 0 1
    outer loop
      vertex 34.7703 -9.13899 4.19
      vertex 33.1015 -8.63916 4.19
      vertex 34.3611 -9.69075 4.19
    endloop
  endfacet
  facet normal 0 0 1
    outer loop
      vertex 34.3611 -9.69075 4.19
      vertex 33.1015 -8.63916 4.19
      vertex 33.8997 -10.1998 4.19
    endloop
  endfacet
  facet normal -0 0 1
    outer loop
      vertex 32.7391 -9.03908 4.19
      vertex 33.8997 -10.1998 4.19
      vertex 33.1015 -8.63916 4.19
    endloop
  endfacet
  facet normal 0 0 1
    outer loop
      vertex 33.8997 -10.1998 4.19
      vertex 32.7391 -9.03908 4.19
      vertex 33.3907 -10.6611 4.19
    endloop
  endfacet
  facet normal -0 0 1
    outer loop
      vertex 32.3392 -9.40155 4.19
      vertex 33.3907 -10.6611 4.19
      vertex 32.7391 -9.03908 4.19
    endloop
  endfacet
  facet normal 0 0 1
    outer loop
      vertex 33.3907 -10.6611 4.19
      vertex 32.3392 -9.40155 4.19
      vertex 32.839 -11.0703 4.19
    endloop
  endfacet
  facet normal -0 0 1
    outer loop
      vertex 31.9056 -9.72308 4.19
      vertex 32.839 -11.0703 4.19
      vertex 32.3392 -9.40155 4.19
    endloop
  endfacet
  facet normal 0 0 1
    outer loop
      vertex 32.839 -11.0703 4.19
      vertex 31.9056 -9.72308 4.19
      vertex 32.2498 -11.4234 4.19
    endloop
  endfacet
  facet normal -0 0 1
    outer loop
      vertex 31.4427 -10.0006 4.19
      vertex 32.2498 -11.4234 4.19
      vertex 31.9056 -9.72308 4.19
    endloop
  endfacet
  facet normal 0 0 1
    outer loop
      vertex 32.2498 -11.4234 4.19
      vertex 31.4427 -10.0006 4.19
      vertex 31.6288 -11.7172 4.19
    endloop
  endfacet
  facet normal -0 0 1
    outer loop
      vertex 30.9547 -10.2313 4.19
      vertex 31.6288 -11.7172 4.19
      vertex 31.4427 -10.0006 4.19
    endloop
  endfacet
  facet normal 0 0 1
    outer loop
      vertex 31.6288 -11.7172 4.19
      vertex 30.9547 -10.2313 4.19
      vertex 30.982 -11.9486 4.19
    endloop
  endfacet
  facet normal -0 0 1
    outer loop
      vertex 30.4466 -10.4132 4.19
      vertex 30.982 -11.9486 4.19
      vertex 30.9547 -10.2313 4.19
    endloop
  endfacet
  facet normal 0 0 1
    outer loop
      vertex 30.4466 -10.4132 4.19
      vertex 30.3156 -12.1155 4.19
      vertex 30.982 -11.9486 4.19
    endloop
  endfacet
  facet normal -0 0 1
    outer loop
      vertex 29.923 -10.5443 4.19
      vertex 30.3156 -12.1155 4.19
      vertex 30.4466 -10.4132 4.19
    endloop
  endfacet
  facet normal 0 0 1
    outer loop
      vertex 29.923 -10.5443 4.19
      vertex 29.6361 -12.2163 4.19
      vertex 30.3156 -12.1155 4.19
    endloop
  endfacet
  facet normal -0 0 1
    outer loop
      vertex 29.3891 -10.6235 4.19
      vertex 29.6361 -12.2163 4.19
      vertex 29.923 -10.5443 4.19
    endloop
  endfacet
  facet normal 0 0 1
    outer loop
      vertex 29.3891 -10.6235 4.19
      vertex 28.95 -12.25 4.19
      vertex 29.6361 -12.2163 4.19
    endloop
  endfacet
  facet normal -0 0 1
    outer loop
      vertex 28.85 -10.65 4.19
      vertex 28.95 -12.25 4.19
      vertex 29.3891 -10.6235 4.19
    endloop
  endfacet
  facet normal -0 0 1
    outer loop
      vertex -28.85 -10.65 4.19
      vertex 28.95 -12.25 4.19
      vertex 28.85 -10.65 4.19
    endloop
  endfacet
  facet normal 0 0 1
    outer loop
      vertex -28.85 -10.65 4.19
      vertex -28.95 -12.25 4.19
      vertex 28.95 -12.25 4.19
    endloop
  endfacet
  facet normal 0 0 1
    outer loop
      vertex -29.3891 -10.6235 4.19
      vertex -28.95 -12.25 4.19
      vertex -28.85 -10.65 4.19
    endloop
  endfacet
  facet normal 0 0 1
    outer loop
      vertex -29.3891 -10.6235 4.19
      vertex -29.6361 -12.2163 4.19
      vertex -28.95 -12.25 4.19
    endloop
  endfacet
  facet normal 0 0 1
    outer loop
      vertex -29.923 -10.5443 4.19
      vertex -29.6361 -12.2163 4.19
      vertex -29.3891 -10.6235 4.19
    endloop
  endfacet
  facet normal 0 0 1
    outer loop
      vertex -29.923 -10.5443 4.19
      vertex -30.3156 -12.1155 4.19
      vertex -29.6361 -12.2163 4.19
    endloop
  endfacet
  facet normal 0 0 1
    outer loop
      vertex -30.4466 -10.4132 4.19
      vertex -30.3156 -12.1155 4.19
      vertex -29.923 -10.5443 4.19
    endloop
  endfacet
  facet normal 0 0 1
    outer loop
      vertex -30.982 -11.9486 4.19
      vertex -30.4466 -10.4132 4.19
      vertex -30.9547 -10.2313 4.19
    endloop
  endfacet
  facet normal 0 0 1
    outer loop
      vertex -30.4466 -10.4132 4.19
      vertex -30.982 -11.9486 4.19
      vertex -30.3156 -12.1155 4.19
    endloop
  endfacet
  facet normal 0 0 1
    outer loop
      vertex -31.6288 -11.7172 4.19
      vertex -30.9547 -10.2313 4.19
      vertex -31.4427 -10.0006 4.19
    endloop
  endfacet
  facet normal 0 0 1
    outer loop
      vertex -30.9547 -10.2313 4.19
      vertex -31.6288 -11.7172 4.19
      vertex -30.982 -11.9486 4.19
    endloop
  endfacet
  facet normal 0 0 1
    outer loop
      vertex -32.2498 -11.4234 4.19
      vertex -31.4427 -10.0006 4.19
      vertex -31.9056 -9.72308 4.19
    endloop
  endfacet
  facet normal 0 0 1
    outer loop
      vertex -31.4427 -10.0006 4.19
      vertex -32.2498 -11.4234 4.19
      vertex -31.6288 -11.7172 4.19
    endloop
  endfacet
  facet normal 0 0 1
    outer loop
      vertex -32.839 -11.0703 4.19
      vertex -31.9056 -9.72308 4.19
      vertex -32.3392 -9.40155 4.19
    endloop
  endfacet
  facet normal 0 0 1
    outer loop
      vertex -33.3907 -10.6611 4.19
      vertex -32.3392 -9.40155 4.19
      vertex -32.7391 -9.03908 4.19
    endloop
  endfacet
  facet normal 0 0 1
    outer loop
      vertex -31.9056 -9.72308 4.19
      vertex -32.839 -11.0703 4.19
      vertex -32.2498 -11.4234 4.19
    endloop
  endfacet
  facet normal 0 0 1
    outer loop
      vertex -33.8997 -10.1998 4.19
      vertex -32.7391 -9.03908 4.19
      vertex -33.1015 -8.63916 4.19
    endloop
  endfacet
  facet normal 0 0 1
    outer loop
      vertex -32.3392 -9.40155 4.19
      vertex -33.3907 -10.6611 4.19
      vertex -32.839 -11.0703 4.19
    endloop
  endfacet
  facet normal 0 0 1
    outer loop
      vertex -34.7703 -9.13899 4.19
      vertex -33.1015 -8.63916 4.19
      vertex -33.4231 -8.20563 4.19
    endloop
  endfacet
  facet normal 0 0 1
    outer loop
      vertex -35.1234 -8.54977 4.19
      vertex -33.4231 -8.20563 4.19
      vertex -33.7006 -7.74268 4.19
    endloop
  endfacet
  facet normal 0 0 1
    outer loop
      vertex -32.7391 -9.03908 4.19
      vertex -33.8997 -10.1998 4.19
      vertex -33.3907 -10.6611 4.19
    endloop
  endfacet
  facet normal 0 0 1
    outer loop
      vertex -35.4172 -7.92879 4.19
      vertex -33.7006 -7.74268 4.19
      vertex -33.9313 -7.25475 4.19
    endloop
  endfacet
  facet normal 0 0 1
    outer loop
      vertex -35.6486 -7.282 4.19
      vertex -33.9313 -7.25475 4.19
      vertex -34.1132 -6.74657 4.19
    endloop
  endfacet
  facet normal -0 0 1
    outer loop
      vertex -35.8155 -6.61563 4.19
      vertex -34.1132 -6.74657 4.19
      vertex -34.2443 -6.22299 4.19
    endloop
  endfacet
  facet normal -0 0 1
    outer loop
      vertex -35.9163 -5.93613 4.19
      vertex -34.2443 -6.22299 4.19
      vertex -34.3235 -5.68909 4.19
    endloop
  endfacet
  facet normal 0 0 1
    outer loop
      vertex -33.1015 -8.63916 4.19
      vertex -34.3611 -9.69075 4.19
      vertex -33.8997 -10.1998 4.19
    endloop
  endfacet
  facet normal -0 0 1
    outer loop
      vertex -35.95 -5.25 4.19
      vertex -34.3235 -5.68909 4.19
      vertex -34.35 -5.14999 4.19
    endloop
  endfacet
  facet normal 0 0 1
    outer loop
      vertex -34.35 5.14999 4.19
      vertex -35.95 5.25 4.19
      vertex -34.35 -5.14999 4.19
    endloop
  endfacet
  facet normal 0 0 1
    outer loop
      vertex -35.8155 6.61563 4.19
      vertex -34.1132 6.74657 4.19
      vertex -35.6486 7.282 4.19
    endloop
  endfacet
  facet normal 0 0 1
    outer loop
      vertex -35.95 -5.25 4.19
      vertex -34.35 -5.14999 4.19
      vertex -35.95 5.25 4.19
    endloop
  endfacet
  facet normal 0 0 1
    outer loop
      vertex -34.1132 6.74657 4.19
      vertex -35.8155 6.61563 4.19
      vertex -34.2443 6.22299 4.19
    endloop
  endfacet
  facet normal 0 0 1
    outer loop
      vertex -34.3235 -5.68909 4.19
      vertex -35.95 -5.25 4.19
      vertex -35.9163 -5.93613 4.19
    endloop
  endfacet
  facet normal 0 0 1
    outer loop
      vertex -35.9163 5.93613 4.19
      vertex -34.2443 6.22299 4.19
      vertex -35.8155 6.61563 4.19
    endloop
  endfacet
  facet normal 0 0 1
    outer loop
      vertex -33.1015 -8.63916 4.19
      vertex -34.7703 -9.13899 4.19
      vertex -34.3611 -9.69075 4.19
    endloop
  endfacet
  facet normal 0 0 1
    outer loop
      vertex -34.2443 6.22299 4.19
      vertex -35.9163 5.93613 4.19
      vertex -34.3235 5.68909 4.19
    endloop
  endfacet
  facet normal 0 0 1
    outer loop
      vertex -33.4231 -8.20563 4.19
      vertex -35.1234 -8.54977 4.19
      vertex -34.7703 -9.13899 4.19
    endloop
  endfacet
  facet normal 0 0 1
    outer loop
      vertex -35.95 5.25 4.19
      vertex -34.3235 5.68909 4.19
      vertex -35.9163 5.93613 4.19
    endloop
  endfacet
  facet normal 0 0 1
    outer loop
      vertex -33.7006 -7.74268 4.19
      vertex -35.4172 -7.92879 4.19
      vertex -35.1234 -8.54977 4.19
    endloop
  endfacet
  facet normal 0 0 1
    outer loop
      vertex -34.3235 5.68909 4.19
      vertex -35.95 5.25 4.19
      vertex -34.35 5.14999 4.19
    endloop
  endfacet
  facet normal 0 0 1
    outer loop
      vertex -33.9313 -7.25475 4.19
      vertex -35.6486 -7.282 4.19
      vertex -35.4172 -7.92879 4.19
    endloop
  endfacet
  facet normal 0 0 1
    outer loop
      vertex -34.1132 -6.74657 4.19
      vertex -35.8155 -6.61563 4.19
      vertex -35.6486 -7.282 4.19
    endloop
  endfacet
  facet normal 0 0 1
    outer loop
      vertex -34.2443 -6.22299 4.19
      vertex -35.9163 -5.93613 4.19
      vertex -35.8155 -6.61563 4.19
    endloop
  endfacet
  facet normal 0.146739 -0.989175 0
    outer loop
      vertex 29.6361 -12.2163 1.8
      vertex 30.3156 -12.1155 4.19
      vertex 29.6361 -12.2163 4.19
    endloop
  endfacet
  facet normal 0.146739 -0.989175 0
    outer loop
      vertex 30.3156 -12.1155 4.19
      vertex 29.6361 -12.2163 1.8
      vertex 30.3156 -12.1155 1.8
    endloop
  endfacet
  facet normal 0.242947 -0.97004 0
    outer loop
      vertex 30.3156 -12.1155 1.8
      vertex 30.982 -11.9486 4.19
      vertex 30.3156 -12.1155 4.19
    endloop
  endfacet
  facet normal 0.242947 -0.97004 0
    outer loop
      vertex 30.982 -11.9486 4.19
      vertex 30.3156 -12.1155 1.8
      vertex 30.982 -11.9486 1.8
    endloop
  endfacet
  facet normal 0.336853 -0.941557 0
    outer loop
      vertex 30.982 -11.9486 1.8
      vertex 31.6288 -11.7172 4.19
      vertex 30.982 -11.9486 4.19
    endloop
  endfacet
  facet normal 0.336853 -0.941557 0
    outer loop
      vertex 31.6288 -11.7172 4.19
      vertex 30.982 -11.9486 1.8
      vertex 31.6288 -11.7172 1.8
    endloop
  endfacet
  facet normal 0.427661 -0.903939 0
    outer loop
      vertex 31.6288 -11.7172 1.8
      vertex 32.2498 -11.4234 4.19
      vertex 31.6288 -11.7172 4.19
    endloop
  endfacet
  facet normal 0.427661 -0.903939 0
    outer loop
      vertex 32.2498 -11.4234 4.19
      vertex 31.6288 -11.7172 1.8
      vertex 32.2498 -11.4234 1.8
    endloop
  endfacet
  facet normal 0.514046 -0.857763 0
    outer loop
      vertex 32.2498 -11.4234 1.8
      vertex 32.839 -11.0703 4.19
      vertex 32.2498 -11.4234 4.19
    endloop
  endfacet
  facet normal 0.514046 -0.857763 0
    outer loop
      vertex 32.839 -11.0703 4.19
      vertex 32.2498 -11.4234 1.8
      vertex 32.839 -11.0703 1.8
    endloop
  endfacet
  facet normal 0.595729 -0.803186 0
    outer loop
      vertex 32.839 -11.0703 1.8
      vertex 33.3907 -10.6611 4.19
      vertex 32.839 -11.0703 4.19
    endloop
  endfacet
  facet normal 0.595729 -0.803186 0
    outer loop
      vertex 33.3907 -10.6611 4.19
      vertex 32.839 -11.0703 1.8
      vertex 33.3907 -10.6611 1.8
    endloop
  endfacet
  facet normal 0.671534 -0.740973 0
    outer loop
      vertex 33.3907 -10.6611 1.8
      vertex 33.8997 -10.1998 4.19
      vertex 33.3907 -10.6611 4.19
    endloop
  endfacet
  facet normal 0.671534 -0.740973 0
    outer loop
      vertex 33.8997 -10.1998 4.19
      vertex 33.3907 -10.6611 1.8
      vertex 33.8997 -10.1998 1.8
    endloop
  endfacet
  facet normal 0.740934 -0.671578 0
    outer loop
      vertex 33.8997 -10.1998 4.19
      vertex 34.3611 -9.69075 1.8
      vertex 34.3611 -9.69075 4.19
    endloop
  endfacet
  facet normal 0.740934 -0.671578 0
    outer loop
      vertex 34.3611 -9.69075 1.8
      vertex 33.8997 -10.1998 4.19
      vertex 33.8997 -10.1998 1.8
    endloop
  endfacet
  facet normal 0.803217 -0.595687 0
    outer loop
      vertex 34.3611 -9.69075 4.19
      vertex 34.7703 -9.13899 1.8
      vertex 34.7703 -9.13899 4.19
    endloop
  endfacet
  facet normal 0.803217 -0.595687 0
    outer loop
      vertex 34.7703 -9.13899 1.8
      vertex 34.3611 -9.69075 4.19
      vertex 34.3611 -9.69075 1.8
    endloop
  endfacet
  facet normal 0.85777 -0.514033 0
    outer loop
      vertex 34.7703 -9.13899 4.19
      vertex 35.1234 -8.54977 1.8
      vertex 35.1234 -8.54977 4.19
    endloop
  endfacet
  facet normal 0.85777 -0.514033 0
    outer loop
      vertex 35.1234 -8.54977 1.8
      vertex 34.7703 -9.13899 4.19
      vertex 34.7703 -9.13899 1.8
    endloop
  endfacet
  facet normal 0.903934 -0.427672 0
    outer loop
      vertex 35.1234 -8.54977 4.19
      vertex 35.4172 -7.92879 1.8
      vertex 35.4172 -7.92879 4.19
    endloop
  endfacet
  facet normal 0.903934 -0.427672 0
    outer loop
      vertex 35.4172 -7.92879 1.8
      vertex 35.1234 -8.54977 4.19
      vertex 35.1234 -8.54977 1.8
    endloop
  endfacet
  facet normal 0.941556 -0.336857 0
    outer loop
      vertex 35.4172 -7.92879 4.19
      vertex 35.6486 -7.282 1.8
      vertex 35.6486 -7.282 4.19
    endloop
  endfacet
  facet normal 0.941556 -0.336857 0
    outer loop
      vertex 35.6486 -7.282 1.8
      vertex 35.4172 -7.92879 4.19
      vertex 35.4172 -7.92879 1.8
    endloop
  endfacet
  facet normal 0.970037 -0.242957 0
    outer loop
      vertex 35.6486 -7.282 4.19
      vertex 35.8155 -6.61563 1.8
      vertex 35.8155 -6.61563 4.19
    endloop
  endfacet
  facet normal 0.970037 -0.242957 0
    outer loop
      vertex 35.8155 -6.61563 1.8
      vertex 35.6486 -7.282 4.19
      vertex 35.6486 -7.282 1.8
    endloop
  endfacet
  facet normal 0.989175 -0.146739 0
    outer loop
      vertex 35.8155 -6.61563 4.19
      vertex 35.9163 -5.93613 1.8
      vertex 35.9163 -5.93613 4.19
    endloop
  endfacet
  facet normal 0.989175 -0.146739 0
    outer loop
      vertex 35.9163 -5.93613 1.8
      vertex 35.8155 -6.61563 4.19
      vertex 35.8155 -6.61563 1.8
    endloop
  endfacet
  facet normal 0.998796 -0.0490569 0
    outer loop
      vertex 35.9163 -5.93613 4.19
      vertex 35.95 -5.25 1.8
      vertex 35.95 -5.25 4.19
    endloop
  endfacet
  facet normal 0.998796 -0.0490569 0
    outer loop
      vertex 35.95 -5.25 1.8
      vertex 35.9163 -5.93613 4.19
      vertex 35.9163 -5.93613 1.8
    endloop
  endfacet
  facet normal 1 -0 0
    outer loop
      vertex 35.95 -5.25 4.19
      vertex 35.95 5.25 1.8
      vertex 35.95 5.25 4.19
    endloop
  endfacet
  facet normal 1 0 0
    outer loop
      vertex 35.95 5.25 1.8
      vertex 35.95 -5.25 4.19
      vertex 35.95 -5.25 1.8
    endloop
  endfacet
  facet normal 0.998796 0.0490569 0
    outer loop
      vertex 35.95 5.25 4.19
      vertex 35.9163 5.93613 1.8
      vertex 35.9163 5.93613 4.19
    endloop
  endfacet
  facet normal 0.998796 0.0490569 0
    outer loop
      vertex 35.9163 5.93613 1.8
      vertex 35.95 5.25 4.19
      vertex 35.95 5.25 1.8
    endloop
  endfacet
  facet normal 0.989175 0.146739 0
    outer loop
      vertex 35.9163 5.93613 4.19
      vertex 35.8155 6.61563 1.8
      vertex 35.8155 6.61563 4.19
    endloop
  endfacet
  facet normal 0.989175 0.146739 0
    outer loop
      vertex 35.8155 6.61563 1.8
      vertex 35.9163 5.93613 4.19
      vertex 35.9163 5.93613 1.8
    endloop
  endfacet
  facet normal 0.970037 0.242957 0
    outer loop
      vertex 35.8155 6.61563 4.19
      vertex 35.6486 7.282 1.8
      vertex 35.6486 7.282 4.19
    endloop
  endfacet
  facet normal 0.970037 0.242957 0
    outer loop
      vertex 35.6486 7.282 1.8
      vertex 35.8155 6.61563 4.19
      vertex 35.8155 6.61563 1.8
    endloop
  endfacet
  facet normal 0.941556 0.336857 0
    outer loop
      vertex 35.6486 7.282 4.19
      vertex 35.4172 7.92879 1.8
      vertex 35.4172 7.92879 4.19
    endloop
  endfacet
  facet normal 0.941556 0.336857 0
    outer loop
      vertex 35.4172 7.92879 1.8
      vertex 35.6486 7.282 4.19
      vertex 35.6486 7.282 1.8
    endloop
  endfacet
  facet normal 0.903934 0.427672 0
    outer loop
      vertex 35.4172 7.92879 4.19
      vertex 35.1234 8.54977 1.8
      vertex 35.1234 8.54977 4.19
    endloop
  endfacet
  facet normal 0.903934 0.427672 0
    outer loop
      vertex 35.1234 8.54977 1.8
      vertex 35.4172 7.92879 4.19
      vertex 35.4172 7.92879 1.8
    endloop
  endfacet
  facet normal 0.85777 0.514033 0
    outer loop
      vertex 35.1234 8.54977 4.19
      vertex 34.7703 9.13899 1.8
      vertex 34.7703 9.13899 4.19
    endloop
  endfacet
  facet normal 0.85777 0.514033 0
    outer loop
      vertex 34.7703 9.13899 1.8
      vertex 35.1234 8.54977 4.19
      vertex 35.1234 8.54977 1.8
    endloop
  endfacet
  facet normal 0.803217 0.595687 0
    outer loop
      vertex 34.7703 9.13899 4.19
      vertex 34.3611 9.69075 1.8
      vertex 34.3611 9.69075 4.19
    endloop
  endfacet
  facet normal 0.803217 0.595687 0
    outer loop
      vertex 34.3611 9.69075 1.8
      vertex 34.7703 9.13899 4.19
      vertex 34.7703 9.13899 1.8
    endloop
  endfacet
  facet normal 0.740934 0.671578 0
    outer loop
      vertex 34.3611 9.69075 4.19
      vertex 33.8997 10.1998 1.8
      vertex 33.8997 10.1998 4.19
    endloop
  endfacet
  facet normal 0.740934 0.671578 0
    outer loop
      vertex 33.8997 10.1998 1.8
      vertex 34.3611 9.69075 4.19
      vertex 34.3611 9.69075 1.8
    endloop
  endfacet
  facet normal 0.671534 0.740973 -0
    outer loop
      vertex 33.8997 10.1998 1.8
      vertex 33.3907 10.6611 4.19
      vertex 33.8997 10.1998 4.19
    endloop
  endfacet
  facet normal 0.671534 0.740973 0
    outer loop
      vertex 33.3907 10.6611 4.19
      vertex 33.8997 10.1998 1.8
      vertex 33.3907 10.6611 1.8
    endloop
  endfacet
  facet normal 0.595729 0.803186 -0
    outer loop
      vertex 33.3907 10.6611 1.8
      vertex 32.839 11.0703 4.19
      vertex 33.3907 10.6611 4.19
    endloop
  endfacet
  facet normal 0.595729 0.803186 0
    outer loop
      vertex 32.839 11.0703 4.19
      vertex 33.3907 10.6611 1.8
      vertex 32.839 11.0703 1.8
    endloop
  endfacet
  facet normal 0.514046 0.857763 -0
    outer loop
      vertex 32.839 11.0703 1.8
      vertex 32.2498 11.4234 4.19
      vertex 32.839 11.0703 4.19
    endloop
  endfacet
  facet normal 0.514046 0.857763 0
    outer loop
      vertex 32.2498 11.4234 4.19
      vertex 32.839 11.0703 1.8
      vertex 32.2498 11.4234 1.8
    endloop
  endfacet
  facet normal 0.427661 0.903939 -0
    outer loop
      vertex 32.2498 11.4234 1.8
      vertex 31.6288 11.7172 4.19
      vertex 32.2498 11.4234 4.19
    endloop
  endfacet
  facet normal 0.427661 0.903939 0
    outer loop
      vertex 31.6288 11.7172 4.19
      vertex 32.2498 11.4234 1.8
      vertex 31.6288 11.7172 1.8
    endloop
  endfacet
  facet normal 0.336853 0.941557 -0
    outer loop
      vertex 31.6288 11.7172 1.8
      vertex 30.982 11.9486 4.19
      vertex 31.6288 11.7172 4.19
    endloop
  endfacet
  facet normal 0.336853 0.941557 0
    outer loop
      vertex 30.982 11.9486 4.19
      vertex 31.6288 11.7172 1.8
      vertex 30.982 11.9486 1.8
    endloop
  endfacet
  facet normal 0.242947 0.97004 -0
    outer loop
      vertex 30.982 11.9486 1.8
      vertex 30.3156 12.1155 4.19
      vertex 30.982 11.9486 4.19
    endloop
  endfacet
  facet normal 0.242947 0.97004 0
    outer loop
      vertex 30.3156 12.1155 4.19
      vertex 30.982 11.9486 1.8
      vertex 30.3156 12.1155 1.8
    endloop
  endfacet
  facet normal 0.146739 0.989175 -0
    outer loop
      vertex 30.3156 12.1155 1.8
      vertex 29.6361 12.2163 4.19
      vertex 30.3156 12.1155 4.19
    endloop
  endfacet
  facet normal 0.146739 0.989175 0
    outer loop
      vertex 29.6361 12.2163 4.19
      vertex 30.3156 12.1155 1.8
      vertex 29.6361 12.2163 1.8
    endloop
  endfacet
  facet normal 0.0490591 0.998796 -0
    outer loop
      vertex 29.6361 12.2163 1.8
      vertex 28.95 12.25 4.19
      vertex 29.6361 12.2163 4.19
    endloop
  endfacet
  facet normal 0.0490591 0.998796 0
    outer loop
      vertex 28.95 12.25 4.19
      vertex 29.6361 12.2163 1.8
      vertex 28.95 12.25 1.8
    endloop
  endfacet
  facet normal 0 1 0
    outer loop
      vertex 28.95 12.25 4.19
      vertex 0 12.25 3.575
      vertex -28.95 12.25 4.19
    endloop
  endfacet
  facet normal 0 1 0
    outer loop
      vertex 28.95 12.25 4.19
      vertex 0.0563593 12.25 3.57223
      vertex 0 12.25 3.575
    endloop
  endfacet
  facet normal 0 1 0
    outer loop
      vertex 28.95 12.25 4.19
      vertex 0.112177 12.25 3.56395
      vertex 0.0563593 12.25 3.57223
    endloop
  endfacet
  facet normal 0 1 0
    outer loop
      vertex 28.95 12.25 4.19
      vertex 0.166913 12.25 3.55024
      vertex 0.112177 12.25 3.56395
    endloop
  endfacet
  facet normal 0 1 0
    outer loop
      vertex 28.95 12.25 4.19
      vertex 0.220042 12.25 3.53123
      vertex 0.166913 12.25 3.55024
    endloop
  endfacet
  facet normal 0 1 0
    outer loop
      vertex 28.95 12.25 4.19
      vertex 0.271052 12.25 3.5071
      vertex 0.220042 12.25 3.53123
    endloop
  endfacet
  facet normal 0 1 0
    outer loop
      vertex 28.95 12.25 4.19
      vertex 0.319452 12.25 3.47809
      vertex 0.271052 12.25 3.5071
    endloop
  endfacet
  facet normal 0 1 0
    outer loop
      vertex 28.95 12.25 4.19
      vertex 0.364776 12.25 3.44448
      vertex 0.319452 12.25 3.47809
    endloop
  endfacet
  facet normal 0 1 0
    outer loop
      vertex 28.95 12.25 4.19
      vertex 0.406586 12.25 3.40659
      vertex 0.364776 12.25 3.44448
    endloop
  endfacet
  facet normal 0 1 0
    outer loop
      vertex 28.95 12.25 4.19
      vertex 0.444481 12.25 3.36478
      vertex 0.406586 12.25 3.40659
    endloop
  endfacet
  facet normal 0 1 0
    outer loop
      vertex 28.95 12.25 4.19
      vertex 0.478094 12.25 3.31945
      vertex 0.444481 12.25 3.36478
    endloop
  endfacet
  facet normal 0 1 0
    outer loop
      vertex 28.95 12.25 4.19
      vertex 0.507104 12.25 3.27105
      vertex 0.478094 12.25 3.31945
    endloop
  endfacet
  facet normal 0 1 0
    outer loop
      vertex 28.95 12.25 4.19
      vertex 0.53123 12.25 3.22004
      vertex 0.507104 12.25 3.27105
    endloop
  endfacet
  facet normal 0 1 0
    outer loop
      vertex 28.95 12.25 4.19
      vertex 0.550241 12.25 3.16691
      vertex 0.53123 12.25 3.22004
    endloop
  endfacet
  facet normal 0 1 0
    outer loop
      vertex 28.95 12.25 4.19
      vertex 0.563951 12.25 3.11218
      vertex 0.550241 12.25 3.16691
    endloop
  endfacet
  facet normal 0 1 0
    outer loop
      vertex 28.95 12.25 4.19
      vertex 0.57223 12.25 3.05636
      vertex 0.563951 12.25 3.11218
    endloop
  endfacet
  facet normal 0 1 0
    outer loop
      vertex 28.95 12.25 4.19
      vertex 0.575 12.25 3
      vertex 0.57223 12.25 3.05636
    endloop
  endfacet
  facet normal 0 1 -0
    outer loop
      vertex 28.95 12.25 1.8
      vertex 0.575 12.25 3
      vertex 28.95 12.25 4.19
    endloop
  endfacet
  facet normal 0 1 0
    outer loop
      vertex 0.575 12.25 3
      vertex 28.95 12.25 1.8
      vertex 0.57223 12.25 2.94364
    endloop
  endfacet
  facet normal 0 1 0
    outer loop
      vertex 0.57223 12.25 2.94364
      vertex 28.95 12.25 1.8
      vertex 0.563951 12.25 2.88782
    endloop
  endfacet
  facet normal 0 1 0
    outer loop
      vertex 0.563951 12.25 2.88782
      vertex 28.95 12.25 1.8
      vertex 0.550241 12.25 2.83309
    endloop
  endfacet
  facet normal 0 1 0
    outer loop
      vertex 0.550241 12.25 2.83309
      vertex 28.95 12.25 1.8
      vertex 0.53123 12.25 2.77996
    endloop
  endfacet
  facet normal 0 1 0
    outer loop
      vertex 0.53123 12.25 2.77996
      vertex 28.95 12.25 1.8
      vertex 0.507104 12.25 2.72895
    endloop
  endfacet
  facet normal 0 1 0
    outer loop
      vertex 0.507104 12.25 2.72895
      vertex 28.95 12.25 1.8
      vertex 0.478094 12.25 2.68055
    endloop
  endfacet
  facet normal 0 1 0
    outer loop
      vertex 0.478094 12.25 2.68055
      vertex 28.95 12.25 1.8
      vertex 0.444481 12.25 2.63522
    endloop
  endfacet
  facet normal 0 1 0
    outer loop
      vertex 0.444481 12.25 2.63522
      vertex 28.95 12.25 1.8
      vertex 0.406586 12.25 2.59341
    endloop
  endfacet
  facet normal 0 1 0
    outer loop
      vertex 0.406586 12.25 2.59341
      vertex 28.95 12.25 1.8
      vertex 0.364776 12.25 2.55552
    endloop
  endfacet
  facet normal 0 1 0
    outer loop
      vertex 0.364776 12.25 2.55552
      vertex 28.95 12.25 1.8
      vertex 0.319452 12.25 2.5219
    endloop
  endfacet
  facet normal 0 1 0
    outer loop
      vertex 0.319452 12.25 2.5219
      vertex 28.95 12.25 1.8
      vertex 0.271052 12.25 2.4929
    endloop
  endfacet
  facet normal 0 1 0
    outer loop
      vertex 0.271052 12.25 2.4929
      vertex 28.95 12.25 1.8
      vertex 0.220042 12.25 2.46877
    endloop
  endfacet
  facet normal 0 1 0
    outer loop
      vertex 0.220042 12.25 2.46877
      vertex 28.95 12.25 1.8
      vertex 0.166913 12.25 2.44976
    endloop
  endfacet
  facet normal 0 1 0
    outer loop
      vertex 0.166913 12.25 2.44976
      vertex 28.95 12.25 1.8
      vertex 0.112177 12.25 2.43605
    endloop
  endfacet
  facet normal 0 1 0
    outer loop
      vertex 0.0563593 12.25 2.42777
      vertex 28.95 12.25 1.8
      vertex 0 12.25 2.425
    endloop
  endfacet
  facet normal 0 1 0
    outer loop
      vertex 0.112177 12.25 2.43605
      vertex 28.95 12.25 1.8
      vertex 0.0563593 12.25 2.42777
    endloop
  endfacet
  facet normal 0 1 -0
    outer loop
      vertex -0.0563593 12.25 3.57223
      vertex -28.95 12.25 4.19
      vertex 0 12.25 3.575
    endloop
  endfacet
  facet normal 0 1 -0
    outer loop
      vertex -0.112177 12.25 3.56395
      vertex -28.95 12.25 4.19
      vertex -0.0563593 12.25 3.57223
    endloop
  endfacet
  facet normal 0 1 -0
    outer loop
      vertex -0.166913 12.25 3.55024
      vertex -28.95 12.25 4.19
      vertex -0.112177 12.25 3.56395
    endloop
  endfacet
  facet normal 0 1 -0
    outer loop
      vertex -0.220042 12.25 3.53123
      vertex -28.95 12.25 4.19
      vertex -0.166913 12.25 3.55024
    endloop
  endfacet
  facet normal 0 1 -0
    outer loop
      vertex -0.271052 12.25 3.5071
      vertex -28.95 12.25 4.19
      vertex -0.220042 12.25 3.53123
    endloop
  endfacet
  facet normal 0 1 -0
    outer loop
      vertex -0.319452 12.25 3.47809
      vertex -28.95 12.25 4.19
      vertex -0.271052 12.25 3.5071
    endloop
  endfacet
  facet normal 0 1 -0
    outer loop
      vertex -0.364776 12.25 3.44448
      vertex -28.95 12.25 4.19
      vertex -0.319452 12.25 3.47809
    endloop
  endfacet
  facet normal 0 1 -0
    outer loop
      vertex -0.406586 12.25 3.40659
      vertex -28.95 12.25 4.19
      vertex -0.364776 12.25 3.44448
    endloop
  endfacet
  facet normal 0 1 -0
    outer loop
      vertex -0.444481 12.25 3.36478
      vertex -28.95 12.25 4.19
      vertex -0.406586 12.25 3.40659
    endloop
  endfacet
  facet normal 0 1 -0
    outer loop
      vertex -0.478094 12.25 3.31945
      vertex -28.95 12.25 4.19
      vertex -0.444481 12.25 3.36478
    endloop
  endfacet
  facet normal 0 1 -0
    outer loop
      vertex -0.507104 12.25 3.27105
      vertex -28.95 12.25 4.19
      vertex -0.478094 12.25 3.31945
    endloop
  endfacet
  facet normal 0 1 -0
    outer loop
      vertex -0.53123 12.25 3.22004
      vertex -28.95 12.25 4.19
      vertex -0.507104 12.25 3.27105
    endloop
  endfacet
  facet normal 0 1 -0
    outer loop
      vertex -0.550241 12.25 3.16691
      vertex -28.95 12.25 4.19
      vertex -0.53123 12.25 3.22004
    endloop
  endfacet
  facet normal 0 1 -0
    outer loop
      vertex -0.563951 12.25 3.11218
      vertex -28.95 12.25 4.19
      vertex -0.550241 12.25 3.16691
    endloop
  endfacet
  facet normal 0 1 -0
    outer loop
      vertex -0.57223 12.25 3.05636
      vertex -28.95 12.25 4.19
      vertex -0.563951 12.25 3.11218
    endloop
  endfacet
  facet normal 0 1 -0
    outer loop
      vertex -0.575 12.25 3
      vertex -28.95 12.25 4.19
      vertex -0.57223 12.25 3.05636
    endloop
  endfacet
  facet normal 0 1 0
    outer loop
      vertex -28.95 12.25 1.8
      vertex -0.575 12.25 3
      vertex -0.57223 12.25 2.94364
    endloop
  endfacet
  facet normal 0 1 0
    outer loop
      vertex -28.95 12.25 1.8
      vertex -0.57223 12.25 2.94364
      vertex -0.563951 12.25 2.88782
    endloop
  endfacet
  facet normal 0 1 0
    outer loop
      vertex -28.95 12.25 1.8
      vertex -0.563951 12.25 2.88782
      vertex -0.550241 12.25 2.83309
    endloop
  endfacet
  facet normal 0 1 0
    outer loop
      vertex -28.95 12.25 1.8
      vertex -0.550241 12.25 2.83309
      vertex -0.53123 12.25 2.77996
    endloop
  endfacet
  facet normal 0 1 0
    outer loop
      vertex -28.95 12.25 1.8
      vertex -0.53123 12.25 2.77996
      vertex -0.507104 12.25 2.72895
    endloop
  endfacet
  facet normal 0 1 0
    outer loop
      vertex -28.95 12.25 1.8
      vertex -0.507104 12.25 2.72895
      vertex -0.478094 12.25 2.68055
    endloop
  endfacet
  facet normal 0 1 0
    outer loop
      vertex -28.95 12.25 1.8
      vertex -0.478094 12.25 2.68055
      vertex -0.444481 12.25 2.63522
    endloop
  endfacet
  facet normal 0 1 0
    outer loop
      vertex -28.95 12.25 1.8
      vertex -0.444481 12.25 2.63522
      vertex -0.406586 12.25 2.59341
    endloop
  endfacet
  facet normal 0 1 0
    outer loop
      vertex -28.95 12.25 1.8
      vertex -0.406586 12.25 2.59341
      vertex -0.364776 12.25 2.55552
    endloop
  endfacet
  facet normal 0 1 0
    outer loop
      vertex -28.95 12.25 1.8
      vertex -0.364776 12.25 2.55552
      vertex -0.319452 12.25 2.5219
    endloop
  endfacet
  facet normal 0 1 0
    outer loop
      vertex -28.95 12.25 1.8
      vertex -0.319452 12.25 2.5219
      vertex -0.271052 12.25 2.4929
    endloop
  endfacet
  facet normal 0 1 0
    outer loop
      vertex -28.95 12.25 1.8
      vertex -0.271052 12.25 2.4929
      vertex -0.220042 12.25 2.46877
    endloop
  endfacet
  facet normal 0 1 0
    outer loop
      vertex -28.95 12.25 1.8
      vertex -0.220042 12.25 2.46877
      vertex -0.166913 12.25 2.44976
    endloop
  endfacet
  facet normal 0 1 0
    outer loop
      vertex -28.95 12.25 1.8
      vertex -0.166913 12.25 2.44976
      vertex -0.112177 12.25 2.43605
    endloop
  endfacet
  facet normal 0 1 0
    outer loop
      vertex -28.95 12.25 1.8
      vertex -0.112177 12.25 2.43605
      vertex -0.0563593 12.25 2.42777
    endloop
  endfacet
  facet normal 0 1 0
    outer loop
      vertex -0.575 12.25 3
      vertex -28.95 12.25 1.8
      vertex -28.95 12.25 4.19
    endloop
  endfacet
  facet normal 0 1 0
    outer loop
      vertex 0 12.25 2.425
      vertex -28.95 12.25 1.8
      vertex -0.0563593 12.25 2.42777
    endloop
  endfacet
  facet normal 0 1 0
    outer loop
      vertex -28.95 12.25 1.8
      vertex 0 12.25 2.425
      vertex 28.95 12.25 1.8
    endloop
  endfacet
  facet normal -0.0490591 0.998796 0
    outer loop
      vertex -28.95 12.25 1.8
      vertex -29.6361 12.2163 4.19
      vertex -28.95 12.25 4.19
    endloop
  endfacet
  facet normal -0.0490591 0.998796 0
    outer loop
      vertex -29.6361 12.2163 4.19
      vertex -28.95 12.25 1.8
      vertex -29.6361 12.2163 1.8
    endloop
  endfacet
  facet normal -0.146739 0.989175 0
    outer loop
      vertex -29.6361 12.2163 1.8
      vertex -30.3156 12.1155 4.19
      vertex -29.6361 12.2163 4.19
    endloop
  endfacet
  facet normal -0.146739 0.989175 0
    outer loop
      vertex -30.3156 12.1155 4.19
      vertex -29.6361 12.2163 1.8
      vertex -30.3156 12.1155 1.8
    endloop
  endfacet
  facet normal -0.242947 0.97004 0
    outer loop
      vertex -30.3156 12.1155 1.8
      vertex -30.982 11.9486 4.19
      vertex -30.3156 12.1155 4.19
    endloop
  endfacet
  facet normal -0.242947 0.97004 0
    outer loop
      vertex -30.982 11.9486 4.19
      vertex -30.3156 12.1155 1.8
      vertex -30.982 11.9486 1.8
    endloop
  endfacet
  facet normal -0.336853 0.941557 0
    outer loop
      vertex -30.982 11.9486 1.8
      vertex -31.6288 11.7172 4.19
      vertex -30.982 11.9486 4.19
    endloop
  endfacet
  facet normal -0.336853 0.941557 0
    outer loop
      vertex -31.6288 11.7172 4.19
      vertex -30.982 11.9486 1.8
      vertex -31.6288 11.7172 1.8
    endloop
  endfacet
  facet normal -0.427661 0.903939 0
    outer loop
      vertex -31.6288 11.7172 1.8
      vertex -32.2498 11.4234 4.19
      vertex -31.6288 11.7172 4.19
    endloop
  endfacet
  facet normal -0.427661 0.903939 0
    outer loop
      vertex -32.2498 11.4234 4.19
      vertex -31.6288 11.7172 1.8
      vertex -32.2498 11.4234 1.8
    endloop
  endfacet
  facet normal -0.514046 0.857763 0
    outer loop
      vertex -32.2498 11.4234 1.8
      vertex -32.839 11.0703 4.19
      vertex -32.2498 11.4234 4.19
    endloop
  endfacet
  facet normal -0.514046 0.857763 0
    outer loop
      vertex -32.839 11.0703 4.19
      vertex -32.2498 11.4234 1.8
      vertex -32.839 11.0703 1.8
    endloop
  endfacet
  facet normal -0.595729 0.803186 0
    outer loop
      vertex -32.839 11.0703 1.8
      vertex -33.3907 10.6611 4.19
      vertex -32.839 11.0703 4.19
    endloop
  endfacet
  facet normal -0.595729 0.803186 0
    outer loop
      vertex -33.3907 10.6611 4.19
      vertex -32.839 11.0703 1.8
      vertex -33.3907 10.6611 1.8
    endloop
  endfacet
  facet normal -0.671534 0.740973 0
    outer loop
      vertex -33.3907 10.6611 1.8
      vertex -33.8997 10.1998 4.19
      vertex -33.3907 10.6611 4.19
    endloop
  endfacet
  facet normal -0.671534 0.740973 0
    outer loop
      vertex -33.8997 10.1998 4.19
      vertex -33.3907 10.6611 1.8
      vertex -33.8997 10.1998 1.8
    endloop
  endfacet
  facet normal -0.740934 0.671578 0
    outer loop
      vertex -34.3611 9.69075 1.8
      vertex -33.8997 10.1998 4.19
      vertex -33.8997 10.1998 1.8
    endloop
  endfacet
  facet normal -0.740934 0.671578 0
    outer loop
      vertex -33.8997 10.1998 4.19
      vertex -34.3611 9.69075 1.8
      vertex -34.3611 9.69075 4.19
    endloop
  endfacet
  facet normal -0.803217 0.595687 0
    outer loop
      vertex -34.7703 9.13899 1.8
      vertex -34.3611 9.69075 4.19
      vertex -34.3611 9.69075 1.8
    endloop
  endfacet
  facet normal -0.803217 0.595687 0
    outer loop
      vertex -34.3611 9.69075 4.19
      vertex -34.7703 9.13899 1.8
      vertex -34.7703 9.13899 4.19
    endloop
  endfacet
  facet normal -0.85777 0.514033 0
    outer loop
      vertex -35.1234 8.54977 1.8
      vertex -34.7703 9.13899 4.19
      vertex -34.7703 9.13899 1.8
    endloop
  endfacet
  facet normal -0.85777 0.514033 0
    outer loop
      vertex -34.7703 9.13899 4.19
      vertex -35.1234 8.54977 1.8
      vertex -35.1234 8.54977 4.19
    endloop
  endfacet
  facet normal -0.903934 0.427672 0
    outer loop
      vertex -35.4172 7.92879 1.8
      vertex -35.1234 8.54977 4.19
      vertex -35.1234 8.54977 1.8
    endloop
  endfacet
  facet normal -0.903934 0.427672 0
    outer loop
      vertex -35.1234 8.54977 4.19
      vertex -35.4172 7.92879 1.8
      vertex -35.4172 7.92879 4.19
    endloop
  endfacet
  facet normal -0.941556 0.336857 0
    outer loop
      vertex -35.6486 7.282 1.8
      vertex -35.4172 7.92879 4.19
      vertex -35.4172 7.92879 1.8
    endloop
  endfacet
  facet normal -0.941556 0.336857 0
    outer loop
      vertex -35.4172 7.92879 4.19
      vertex -35.6486 7.282 1.8
      vertex -35.6486 7.282 4.19
    endloop
  endfacet
  facet normal -0.970037 0.242957 0
    outer loop
      vertex -35.8155 6.61563 1.8
      vertex -35.6486 7.282 4.19
      vertex -35.6486 7.282 1.8
    endloop
  endfacet
  facet normal -0.970037 0.242957 0
    outer loop
      vertex -35.6486 7.282 4.19
      vertex -35.8155 6.61563 1.8
      vertex -35.8155 6.61563 4.19
    endloop
  endfacet
  facet normal -0.989175 0.146739 0
    outer loop
      vertex -35.9163 5.93613 1.8
      vertex -35.8155 6.61563 4.19
      vertex -35.8155 6.61563 1.8
    endloop
  endfacet
  facet normal -0.989175 0.146739 0
    outer loop
      vertex -35.8155 6.61563 4.19
      vertex -35.9163 5.93613 1.8
      vertex -35.9163 5.93613 4.19
    endloop
  endfacet
  facet normal -0.998796 0.0490569 0
    outer loop
      vertex -35.95 5.25 1.8
      vertex -35.9163 5.93613 4.19
      vertex -35.9163 5.93613 1.8
    endloop
  endfacet
  facet normal -0.998796 0.0490569 0
    outer loop
      vertex -35.9163 5.93613 4.19
      vertex -35.95 5.25 1.8
      vertex -35.95 5.25 4.19
    endloop
  endfacet
  facet normal -1 0 0
    outer loop
      vertex -35.95 -5.25 1.8
      vertex -35.95 5.25 4.19
      vertex -35.95 5.25 1.8
    endloop
  endfacet
  facet normal -1 -0 0
    outer loop
      vertex -35.95 5.25 4.19
      vertex -35.95 -5.25 1.8
      vertex -35.95 -5.25 4.19
    endloop
  endfacet
  facet normal -0.998796 -0.0490569 0
    outer loop
      vertex -35.9163 -5.93613 1.8
      vertex -35.95 -5.25 4.19
      vertex -35.95 -5.25 1.8
    endloop
  endfacet
  facet normal -0.998796 -0.0490569 0
    outer loop
      vertex -35.95 -5.25 4.19
      vertex -35.9163 -5.93613 1.8
      vertex -35.9163 -5.93613 4.19
    endloop
  endfacet
  facet normal -0.989175 -0.146739 0
    outer loop
      vertex -35.8155 -6.61563 1.8
      vertex -35.9163 -5.93613 4.19
      vertex -35.9163 -5.93613 1.8
    endloop
  endfacet
  facet normal -0.989175 -0.146739 0
    outer loop
      vertex -35.9163 -5.93613 4.19
      vertex -35.8155 -6.61563 1.8
      vertex -35.8155 -6.61563 4.19
    endloop
  endfacet
  facet normal -0.970037 -0.242957 0
    outer loop
      vertex -35.6486 -7.282 1.8
      vertex -35.8155 -6.61563 4.19
      vertex -35.8155 -6.61563 1.8
    endloop
  endfacet
  facet normal -0.970037 -0.242957 0
    outer loop
      vertex -35.8155 -6.61563 4.19
      vertex -35.6486 -7.282 1.8
      vertex -35.6486 -7.282 4.19
    endloop
  endfacet
  facet normal -0.941556 -0.336857 0
    outer loop
      vertex -35.4172 -7.92879 1.8
      vertex -35.6486 -7.282 4.19
      vertex -35.6486 -7.282 1.8
    endloop
  endfacet
  facet normal -0.941556 -0.336857 0
    outer loop
      vertex -35.6486 -7.282 4.19
      vertex -35.4172 -7.92879 1.8
      vertex -35.4172 -7.92879 4.19
    endloop
  endfacet
  facet normal -0.903934 -0.427672 0
    outer loop
      vertex -35.1234 -8.54977 1.8
      vertex -35.4172 -7.92879 4.19
      vertex -35.4172 -7.92879 1.8
    endloop
  endfacet
  facet normal -0.903934 -0.427672 0
    outer loop
      vertex -35.4172 -7.92879 4.19
      vertex -35.1234 -8.54977 1.8
      vertex -35.1234 -8.54977 4.19
    endloop
  endfacet
  facet normal -0.85777 -0.514033 0
    outer loop
      vertex -34.7703 -9.13899 1.8
      vertex -35.1234 -8.54977 4.19
      vertex -35.1234 -8.54977 1.8
    endloop
  endfacet
  facet normal -0.85777 -0.514033 0
    outer loop
      vertex -35.1234 -8.54977 4.19
      vertex -34.7703 -9.13899 1.8
      vertex -34.7703 -9.13899 4.19
    endloop
  endfacet
  facet normal -0.803217 -0.595687 0
    outer loop
      vertex -34.3611 -9.69075 1.8
      vertex -34.7703 -9.13899 4.19
      vertex -34.7703 -9.13899 1.8
    endloop
  endfacet
  facet normal -0.803217 -0.595687 0
    outer loop
      vertex -34.7703 -9.13899 4.19
      vertex -34.3611 -9.69075 1.8
      vertex -34.3611 -9.69075 4.19
    endloop
  endfacet
  facet normal -0.740934 -0.671578 0
    outer loop
      vertex -33.8997 -10.1998 1.8
      vertex -34.3611 -9.69075 4.19
      vertex -34.3611 -9.69075 1.8
    endloop
  endfacet
  facet normal -0.740934 -0.671578 0
    outer loop
      vertex -34.3611 -9.69075 4.19
      vertex -33.8997 -10.1998 1.8
      vertex -33.8997 -10.1998 4.19
    endloop
  endfacet
  facet normal -0.671534 -0.740973 0
    outer loop
      vertex -33.8997 -10.1998 1.8
      vertex -33.3907 -10.6611 4.19
      vertex -33.8997 -10.1998 4.19
    endloop
  endfacet
  facet normal -0.671534 -0.740973 -0
    outer loop
      vertex -33.3907 -10.6611 4.19
      vertex -33.8997 -10.1998 1.8
      vertex -33.3907 -10.6611 1.8
    endloop
  endfacet
  facet normal -0.595729 -0.803186 0
    outer loop
      vertex -33.3907 -10.6611 1.8
      vertex -32.839 -11.0703 4.19
      vertex -33.3907 -10.6611 4.19
    endloop
  endfacet
  facet normal -0.595729 -0.803186 -0
    outer loop
      vertex -32.839 -11.0703 4.19
      vertex -33.3907 -10.6611 1.8
      vertex -32.839 -11.0703 1.8
    endloop
  endfacet
  facet normal -0.514046 -0.857763 0
    outer loop
      vertex -32.839 -11.0703 1.8
      vertex -32.2498 -11.4234 4.19
      vertex -32.839 -11.0703 4.19
    endloop
  endfacet
  facet normal -0.514046 -0.857763 -0
    outer loop
      vertex -32.2498 -11.4234 4.19
      vertex -32.839 -11.0703 1.8
      vertex -32.2498 -11.4234 1.8
    endloop
  endfacet
  facet normal -0.427661 -0.903939 0
    outer loop
      vertex -32.2498 -11.4234 1.8
      vertex -31.6288 -11.7172 4.19
      vertex -32.2498 -11.4234 4.19
    endloop
  endfacet
  facet normal -0.427661 -0.903939 -0
    outer loop
      vertex -31.6288 -11.7172 4.19
      vertex -32.2498 -11.4234 1.8
      vertex -31.6288 -11.7172 1.8
    endloop
  endfacet
  facet normal -0.336853 -0.941557 0
    outer loop
      vertex -31.6288 -11.7172 1.8
      vertex -30.982 -11.9486 4.19
      vertex -31.6288 -11.7172 4.19
    endloop
  endfacet
  facet normal -0.336853 -0.941557 -0
    outer loop
      vertex -30.982 -11.9486 4.19
      vertex -31.6288 -11.7172 1.8
      vertex -30.982 -11.9486 1.8
    endloop
  endfacet
  facet normal -0.242947 -0.97004 0
    outer loop
      vertex -30.982 -11.9486 1.8
      vertex -30.3156 -12.1155 4.19
      vertex -30.982 -11.9486 4.19
    endloop
  endfacet
  facet normal -0.242947 -0.97004 -0
    outer loop
      vertex -30.3156 -12.1155 4.19
      vertex -30.982 -11.9486 1.8
      vertex -30.3156 -12.1155 1.8
    endloop
  endfacet
  facet normal -0.146739 -0.989175 0
    outer loop
      vertex -30.3156 -12.1155 1.8
      vertex -29.6361 -12.2163 4.19
      vertex -30.3156 -12.1155 4.19
    endloop
  endfacet
  facet normal -0.146739 -0.989175 -0
    outer loop
      vertex -29.6361 -12.2163 4.19
      vertex -30.3156 -12.1155 1.8
      vertex -29.6361 -12.2163 1.8
    endloop
  endfacet
  facet normal -0.0490591 -0.998796 0
    outer loop
      vertex -29.6361 -12.2163 1.8
      vertex -28.95 -12.25 4.19
      vertex -29.6361 -12.2163 4.19
    endloop
  endfacet
  facet normal -0.0490591 -0.998796 -0
    outer loop
      vertex -28.95 -12.25 4.19
      vertex -29.6361 -12.2163 1.8
      vertex -28.95 -12.25 1.8
    endloop
  endfacet
  facet normal 0 -1 0
    outer loop
      vertex -28.95 -12.25 4.19
      vertex 0 -12.25 3.575
      vertex 28.95 -12.25 4.19
    endloop
  endfacet
  facet normal 0 -1 0
    outer loop
      vertex -28.95 -12.25 4.19
      vertex -0.0563593 -12.25 3.57223
      vertex 0 -12.25 3.575
    endloop
  endfacet
  facet normal 0 -1 0
    outer loop
      vertex -28.95 -12.25 4.19
      vertex -0.112177 -12.25 3.56395
      vertex -0.0563593 -12.25 3.57223
    endloop
  endfacet
  facet normal 0 -1 0
    outer loop
      vertex -28.95 -12.25 4.19
      vertex -0.166913 -12.25 3.55024
      vertex -0.112177 -12.25 3.56395
    endloop
  endfacet
  facet normal 0 -1 0
    outer loop
      vertex -28.95 -12.25 4.19
      vertex -0.220042 -12.25 3.53123
      vertex -0.166913 -12.25 3.55024
    endloop
  endfacet
  facet normal 0 -1 0
    outer loop
      vertex -28.95 -12.25 4.19
      vertex -0.271052 -12.25 3.5071
      vertex -0.220042 -12.25 3.53123
    endloop
  endfacet
  facet normal 0 -1 0
    outer loop
      vertex -28.95 -12.25 4.19
      vertex -0.319452 -12.25 3.47809
      vertex -0.271052 -12.25 3.5071
    endloop
  endfacet
  facet normal 0 -1 0
    outer loop
      vertex -28.95 -12.25 4.19
      vertex -0.364776 -12.25 3.44448
      vertex -0.319452 -12.25 3.47809
    endloop
  endfacet
  facet normal 0 -1 0
    outer loop
      vertex -28.95 -12.25 4.19
      vertex -0.406586 -12.25 3.40659
      vertex -0.364776 -12.25 3.44448
    endloop
  endfacet
  facet normal 0 -1 0
    outer loop
      vertex -28.95 -12.25 4.19
      vertex -0.444481 -12.25 3.36478
      vertex -0.406586 -12.25 3.40659
    endloop
  endfacet
  facet normal 0 -1 0
    outer loop
      vertex -28.95 -12.25 4.19
      vertex -0.478094 -12.25 3.31945
      vertex -0.444481 -12.25 3.36478
    endloop
  endfacet
  facet normal 0 -1 0
    outer loop
      vertex -28.95 -12.25 4.19
      vertex -0.507104 -12.25 3.27105
      vertex -0.478094 -12.25 3.31945
    endloop
  endfacet
  facet normal 0 -1 0
    outer loop
      vertex -28.95 -12.25 4.19
      vertex -0.53123 -12.25 3.22004
      vertex -0.507104 -12.25 3.27105
    endloop
  endfacet
  facet normal 0 -1 0
    outer loop
      vertex -28.95 -12.25 4.19
      vertex -0.550241 -12.25 3.16691
      vertex -0.53123 -12.25 3.22004
    endloop
  endfacet
  facet normal 0 -1 0
    outer loop
      vertex -28.95 -12.25 4.19
      vertex -0.563951 -12.25 3.11218
      vertex -0.550241 -12.25 3.16691
    endloop
  endfacet
  facet normal 0 -1 0
    outer loop
      vertex -28.95 -12.25 4.19
      vertex -0.57223 -12.25 3.05636
      vertex -0.563951 -12.25 3.11218
    endloop
  endfacet
  facet normal 0 -1 0
    outer loop
      vertex -28.95 -12.25 4.19
      vertex -0.575 -12.25 3
      vertex -0.57223 -12.25 3.05636
    endloop
  endfacet
  facet normal 0 -1 0
    outer loop
      vertex -28.95 -12.25 1.8
      vertex -0.575 -12.25 3
      vertex -28.95 -12.25 4.19
    endloop
  endfacet
  facet normal 0 -1 -0
    outer loop
      vertex -0.575 -12.25 3
      vertex -28.95 -12.25 1.8
      vertex -0.57223 -12.25 2.94364
    endloop
  endfacet
  facet normal 0 -1 -0
    outer loop
      vertex -0.57223 -12.25 2.94364
      vertex -28.95 -12.25 1.8
      vertex -0.563951 -12.25 2.88782
    endloop
  endfacet
  facet normal 0 -1 -0
    outer loop
      vertex -0.563951 -12.25 2.88782
      vertex -28.95 -12.25 1.8
      vertex -0.550241 -12.25 2.83309
    endloop
  endfacet
  facet normal 0 -1 -0
    outer loop
      vertex -0.550241 -12.25 2.83309
      vertex -28.95 -12.25 1.8
      vertex -0.53123 -12.25 2.77996
    endloop
  endfacet
  facet normal 0 -1 -0
    outer loop
      vertex -0.53123 -12.25 2.77996
      vertex -28.95 -12.25 1.8
      vertex -0.507104 -12.25 2.72895
    endloop
  endfacet
  facet normal 0 -1 -0
    outer loop
      vertex -0.507104 -12.25 2.72895
      vertex -28.95 -12.25 1.8
      vertex -0.478094 -12.25 2.68055
    endloop
  endfacet
  facet normal 0 -1 -0
    outer loop
      vertex -0.478094 -12.25 2.68055
      vertex -28.95 -12.25 1.8
      vertex -0.444481 -12.25 2.63522
    endloop
  endfacet
  facet normal 0 -1 -0
    outer loop
      vertex -0.444481 -12.25 2.63522
      vertex -28.95 -12.25 1.8
      vertex -0.406586 -12.25 2.59341
    endloop
  endfacet
  facet normal 0 -1 -0
    outer loop
      vertex -0.406586 -12.25 2.59341
      vertex -28.95 -12.25 1.8
      vertex -0.364776 -12.25 2.55552
    endloop
  endfacet
  facet normal 0 -1 -0
    outer loop
      vertex -0.364776 -12.25 2.55552
      vertex -28.95 -12.25 1.8
      vertex -0.319452 -12.25 2.5219
    endloop
  endfacet
  facet normal 0 -1 -0
    outer loop
      vertex -0.319452 -12.25 2.5219
      vertex -28.95 -12.25 1.8
      vertex -0.271052 -12.25 2.4929
    endloop
  endfacet
  facet normal 0 -1 -0
    outer loop
      vertex -0.271052 -12.25 2.4929
      vertex -28.95 -12.25 1.8
      vertex -0.220042 -12.25 2.46877
    endloop
  endfacet
  facet normal 0 -1 -0
    outer loop
      vertex -0.220042 -12.25 2.46877
      vertex -28.95 -12.25 1.8
      vertex -0.166913 -12.25 2.44976
    endloop
  endfacet
  facet normal 0 -1 -0
    outer loop
      vertex -0.166913 -12.25 2.44976
      vertex -28.95 -12.25 1.8
      vertex -0.112177 -12.25 2.43605
    endloop
  endfacet
  facet normal 0 -1 -0
    outer loop
      vertex -0.0563593 -12.25 2.42777
      vertex -28.95 -12.25 1.8
      vertex 0 -12.25 2.425
    endloop
  endfacet
  facet normal 0 -1 -0
    outer loop
      vertex -0.112177 -12.25 2.43605
      vertex -28.95 -12.25 1.8
      vertex -0.0563593 -12.25 2.42777
    endloop
  endfacet
  facet normal 0 -1 0
    outer loop
      vertex 0.0563593 -12.25 3.57223
      vertex 28.95 -12.25 4.19
      vertex 0 -12.25 3.575
    endloop
  endfacet
  facet normal 0 -1 0
    outer loop
      vertex 0.112177 -12.25 3.56395
      vertex 28.95 -12.25 4.19
      vertex 0.0563593 -12.25 3.57223
    endloop
  endfacet
  facet normal 0 -1 0
    outer loop
      vertex 0.166913 -12.25 3.55024
      vertex 28.95 -12.25 4.19
      vertex 0.112177 -12.25 3.56395
    endloop
  endfacet
  facet normal 0 -1 0
    outer loop
      vertex 0.220042 -12.25 3.53123
      vertex 28.95 -12.25 4.19
      vertex 0.166913 -12.25 3.55024
    endloop
  endfacet
  facet normal 0 -1 0
    outer loop
      vertex 0.271052 -12.25 3.5071
      vertex 28.95 -12.25 4.19
      vertex 0.220042 -12.25 3.53123
    endloop
  endfacet
  facet normal 0 -1 0
    outer loop
      vertex 0.319452 -12.25 3.47809
      vertex 28.95 -12.25 4.19
      vertex 0.271052 -12.25 3.5071
    endloop
  endfacet
  facet normal 0 -1 0
    outer loop
      vertex 0.364776 -12.25 3.44448
      vertex 28.95 -12.25 4.19
      vertex 0.319452 -12.25 3.47809
    endloop
  endfacet
  facet normal 0 -1 0
    outer loop
      vertex 0.406586 -12.25 3.40659
      vertex 28.95 -12.25 4.19
      vertex 0.364776 -12.25 3.44448
    endloop
  endfacet
  facet normal 0 -1 0
    outer loop
      vertex 0.444481 -12.25 3.36478
      vertex 28.95 -12.25 4.19
      vertex 0.406586 -12.25 3.40659
    endloop
  endfacet
  facet normal 0 -1 0
    outer loop
      vertex 0.478094 -12.25 3.31945
      vertex 28.95 -12.25 4.19
      vertex 0.444481 -12.25 3.36478
    endloop
  endfacet
  facet normal 0 -1 0
    outer loop
      vertex 0.507104 -12.25 3.27105
      vertex 28.95 -12.25 4.19
      vertex 0.478094 -12.25 3.31945
    endloop
  endfacet
  facet normal 0 -1 0
    outer loop
      vertex 0.53123 -12.25 3.22004
      vertex 28.95 -12.25 4.19
      vertex 0.507104 -12.25 3.27105
    endloop
  endfacet
  facet normal 0 -1 0
    outer loop
      vertex 0.550241 -12.25 3.16691
      vertex 28.95 -12.25 4.19
      vertex 0.53123 -12.25 3.22004
    endloop
  endfacet
  facet normal 0 -1 0
    outer loop
      vertex 0.563951 -12.25 3.11218
      vertex 28.95 -12.25 4.19
      vertex 0.550241 -12.25 3.16691
    endloop
  endfacet
  facet normal 0 -1 0
    outer loop
      vertex 0.57223 -12.25 3.05636
      vertex 28.95 -12.25 4.19
      vertex 0.563951 -12.25 3.11218
    endloop
  endfacet
  facet normal 0 -1 0
    outer loop
      vertex 0.575 -12.25 3
      vertex 28.95 -12.25 4.19
      vertex 0.57223 -12.25 3.05636
    endloop
  endfacet
  facet normal 0 -1 0
    outer loop
      vertex 28.95 -12.25 1.8
      vertex 0.575 -12.25 3
      vertex 0.57223 -12.25 2.94364
    endloop
  endfacet
  facet normal 0 -1 0
    outer loop
      vertex 28.95 -12.25 1.8
      vertex 0.57223 -12.25 2.94364
      vertex 0.563951 -12.25 2.88782
    endloop
  endfacet
  facet normal 0 -1 0
    outer loop
      vertex 28.95 -12.25 1.8
      vertex 0.563951 -12.25 2.88782
      vertex 0.550241 -12.25 2.83309
    endloop
  endfacet
  facet normal 0 -1 0
    outer loop
      vertex 28.95 -12.25 1.8
      vertex 0.550241 -12.25 2.83309
      vertex 0.53123 -12.25 2.77996
    endloop
  endfacet
  facet normal 0 -1 0
    outer loop
      vertex 28.95 -12.25 1.8
      vertex 0.53123 -12.25 2.77996
      vertex 0.507104 -12.25 2.72895
    endloop
  endfacet
  facet normal 0 -1 0
    outer loop
      vertex 28.95 -12.25 1.8
      vertex 0.507104 -12.25 2.72895
      vertex 0.478094 -12.25 2.68055
    endloop
  endfacet
  facet normal 0 -1 0
    outer loop
      vertex 28.95 -12.25 1.8
      vertex 0.478094 -12.25 2.68055
      vertex 0.444481 -12.25 2.63522
    endloop
  endfacet
  facet normal 0 -1 0
    outer loop
      vertex 28.95 -12.25 1.8
      vertex 0.444481 -12.25 2.63522
      vertex 0.406586 -12.25 2.59341
    endloop
  endfacet
  facet normal 0 -1 0
    outer loop
      vertex 28.95 -12.25 1.8
      vertex 0.406586 -12.25 2.59341
      vertex 0.364776 -12.25 2.55552
    endloop
  endfacet
  facet normal 0 -1 0
    outer loop
      vertex 28.95 -12.25 1.8
      vertex 0.364776 -12.25 2.55552
      vertex 0.319452 -12.25 2.5219
    endloop
  endfacet
  facet normal 0 -1 0
    outer loop
      vertex 28.95 -12.25 1.8
      vertex 0.319452 -12.25 2.5219
      vertex 0.271052 -12.25 2.4929
    endloop
  endfacet
  facet normal 0 -1 0
    outer loop
      vertex 28.95 -12.25 1.8
      vertex 0.271052 -12.25 2.4929
      vertex 0.220042 -12.25 2.46877
    endloop
  endfacet
  facet normal 0 -1 0
    outer loop
      vertex 28.95 -12.25 1.8
      vertex 0.220042 -12.25 2.46877
      vertex 0.166913 -12.25 2.44976
    endloop
  endfacet
  facet normal 0 -1 0
    outer loop
      vertex 28.95 -12.25 1.8
      vertex 0.166913 -12.25 2.44976
      vertex 0.112177 -12.25 2.43605
    endloop
  endfacet
  facet normal 0 -1 0
    outer loop
      vertex 28.95 -12.25 1.8
      vertex 0.112177 -12.25 2.43605
      vertex 0.0563593 -12.25 2.42777
    endloop
  endfacet
  facet normal 0 -1 0
    outer loop
      vertex 0.575 -12.25 3
      vertex 28.95 -12.25 1.8
      vertex 28.95 -12.25 4.19
    endloop
  endfacet
  facet normal 0 -1 0
    outer loop
      vertex 0 -12.25 2.425
      vertex 28.95 -12.25 1.8
      vertex 0.0563593 -12.25 2.42777
    endloop
  endfacet
  facet normal 0 -1 0
    outer loop
      vertex 28.95 -12.25 1.8
      vertex 0 -12.25 2.425
      vertex -28.95 -12.25 1.8
    endloop
  endfacet
  facet normal 0.0490591 -0.998796 0
    outer loop
      vertex 28.95 -12.25 1.8
      vertex 29.6361 -12.2163 4.19
      vertex 28.95 -12.25 4.19
    endloop
  endfacet
  facet normal 0.0490591 -0.998796 0
    outer loop
      vertex 29.6361 -12.2163 4.19
      vertex 28.95 -12.25 1.8
      vertex 29.6361 -12.2163 1.8
    endloop
  endfacet
  facet normal 0.0490967 0.998794 -0
    outer loop
      vertex -28.85 -10.65 1.8
      vertex -29.3891 -10.6235 4.19
      vertex -28.85 -10.65 4.19
    endloop
  endfacet
  facet normal 0.0490967 0.998794 0
    outer loop
      vertex -29.3891 -10.6235 4.19
      vertex -28.85 -10.65 1.8
      vertex -29.3891 -10.6235 1.8
    endloop
  endfacet
  facet normal 0.146737 0.989176 -0
    outer loop
      vertex -29.3891 -10.6235 1.8
      vertex -29.923 -10.5443 4.19
      vertex -29.3891 -10.6235 4.19
    endloop
  endfacet
  facet normal 0.146737 0.989176 0
    outer loop
      vertex -29.923 -10.5443 4.19
      vertex -29.3891 -10.6235 1.8
      vertex -29.923 -10.5443 1.8
    endloop
  endfacet
  facet normal 0.242884 0.970055 -0
    outer loop
      vertex -29.923 -10.5443 1.8
      vertex -30.4466 -10.4132 4.19
      vertex -29.923 -10.5443 4.19
    endloop
  endfacet
  facet normal 0.242884 0.970055 0
    outer loop
      vertex -30.4466 -10.4132 4.19
      vertex -29.923 -10.5443 1.8
      vertex -30.4466 -10.4132 1.8
    endloop
  endfacet
  facet normal 0.337052 0.941486 -0
    outer loop
      vertex -30.4466 -10.4132 1.8
      vertex -30.9547 -10.2313 4.19
      vertex -30.4466 -10.4132 4.19
    endloop
  endfacet
  facet normal 0.337052 0.941486 0
    outer loop
      vertex -30.9547 -10.2313 4.19
      vertex -30.4466 -10.4132 1.8
      vertex -30.9547 -10.2313 1.8
    endloop
  endfacet
  facet normal 0.427393 0.904066 -0
    outer loop
      vertex -30.9547 -10.2313 1.8
      vertex -31.4427 -10.0006 4.19
      vertex -30.9547 -10.2313 4.19
    endloop
  endfacet
  facet normal 0.427393 0.904066 0
    outer loop
      vertex -31.4427 -10.0006 4.19
      vertex -30.9547 -10.2313 1.8
      vertex -31.4427 -10.0006 1.8
    endloop
  endfacet
  facet normal 0.514196 0.857673 -0
    outer loop
      vertex -31.4427 -10.0006 1.8
      vertex -31.9056 -9.72308 4.19
      vertex -31.4427 -10.0006 4.19
    endloop
  endfacet
  facet normal 0.514196 0.857673 0
    outer loop
      vertex -31.9056 -9.72308 4.19
      vertex -31.4427 -10.0006 1.8
      vertex -31.9056 -9.72308 1.8
    endloop
  endfacet
  facet normal 0.59564 0.803252 -0
    outer loop
      vertex -31.9056 -9.72308 1.8
      vertex -32.3392 -9.40155 4.19
      vertex -31.9056 -9.72308 4.19
    endloop
  endfacet
  facet normal 0.59564 0.803252 0
    outer loop
      vertex -32.3392 -9.40155 4.19
      vertex -31.9056 -9.72308 1.8
      vertex -32.3392 -9.40155 1.8
    endloop
  endfacet
  facet normal 0.671581 0.740931 -0
    outer loop
      vertex -32.3392 -9.40155 1.8
      vertex -32.7391 -9.03908 4.19
      vertex -32.3392 -9.40155 4.19
    endloop
  endfacet
  facet normal 0.671581 0.740931 0
    outer loop
      vertex -32.7391 -9.03908 4.19
      vertex -32.3392 -9.40155 1.8
      vertex -32.7391 -9.03908 1.8
    endloop
  endfacet
  facet normal 0.741012 0.671491 0
    outer loop
      vertex -32.7391 -9.03908 4.19
      vertex -33.1015 -8.63916 1.8
      vertex -33.1015 -8.63916 4.19
    endloop
  endfacet
  facet normal 0.741012 0.671491 0
    outer loop
      vertex -33.1015 -8.63916 1.8
      vertex -32.7391 -9.03908 4.19
      vertex -32.7391 -9.03908 1.8
    endloop
  endfacet
  facet normal 0.803143 0.595786 0
    outer loop
      vertex -33.1015 -8.63916 4.19
      vertex -33.4231 -8.20563 1.8
      vertex -33.4231 -8.20563 4.19
    endloop
  endfacet
  facet normal 0.803143 0.595786 0
    outer loop
      vertex -33.4231 -8.20563 1.8
      vertex -33.1015 -8.63916 4.19
      vertex -33.1015 -8.63916 1.8
    endloop
  endfacet
  facet normal 0.857714 0.514128 0
    outer loop
      vertex -33.4231 -8.20563 4.19
      vertex -33.7006 -7.74268 1.8
      vertex -33.7006 -7.74268 4.19
    endloop
  endfacet
  facet normal 0.857714 0.514128 0
    outer loop
      vertex -33.7006 -7.74268 1.8
      vertex -33.4231 -8.20563 4.19
      vertex -33.4231 -8.20563 1.8
    endloop
  endfacet
  facet normal 0.904042 0.427443 0
    outer loop
      vertex -33.7006 -7.74268 4.19
      vertex -33.9313 -7.25475 1.8
      vertex -33.9313 -7.25475 4.19
    endloop
  endfacet
  facet normal 0.904042 0.427443 0
    outer loop
      vertex -33.9313 -7.25475 1.8
      vertex -33.7006 -7.74268 4.19
      vertex -33.7006 -7.74268 1.8
    endloop
  endfacet
  facet normal 0.941503 0.337005 0
    outer loop
      vertex -33.9313 -7.25475 4.19
      vertex -34.1132 -6.74657 1.8
      vertex -34.1132 -6.74657 4.19
    endloop
  endfacet
  facet normal 0.941503 0.337005 0
    outer loop
      vertex -34.1132 -6.74657 1.8
      vertex -33.9313 -7.25475 4.19
      vertex -33.9313 -7.25475 1.8
    endloop
  endfacet
  facet normal 0.970053 0.242893 0
    outer loop
      vertex -34.1132 -6.74657 4.19
      vertex -34.2443 -6.22299 1.8
      vertex -34.2443 -6.22299 4.19
    endloop
  endfacet
  facet normal 0.970053 0.242893 0
    outer loop
      vertex -34.2443 -6.22299 1.8
      vertex -34.1132 -6.74657 4.19
      vertex -34.1132 -6.74657 1.8
    endloop
  endfacet
  facet normal 0.989176 0.146737 0
    outer loop
      vertex -34.2443 -6.22299 4.19
      vertex -34.3235 -5.68909 1.8
      vertex -34.3235 -5.68909 4.19
    endloop
  endfacet
  facet normal 0.989176 0.146737 0
    outer loop
      vertex -34.3235 -5.68909 1.8
      vertex -34.2443 -6.22299 4.19
      vertex -34.2443 -6.22299 1.8
    endloop
  endfacet
  facet normal 0.998794 0.0490967 0
    outer loop
      vertex -34.3235 -5.68909 4.19
      vertex -34.35 -5.14999 1.8
      vertex -34.35 -5.14999 4.19
    endloop
  endfacet
  facet normal 0.998794 0.0490967 0
    outer loop
      vertex -34.35 -5.14999 1.8
      vertex -34.3235 -5.68909 4.19
      vertex -34.3235 -5.68909 1.8
    endloop
  endfacet
  facet normal 1 -0 0
    outer loop
      vertex -34.35 -5.14999 4.19
      vertex -34.35 5.14999 1.8
      vertex -34.35 5.14999 4.19
    endloop
  endfacet
  facet normal 1 0 0
    outer loop
      vertex -34.35 5.14999 1.8
      vertex -34.35 -5.14999 4.19
      vertex -34.35 -5.14999 1.8
    endloop
  endfacet
  facet normal 0.998794 -0.0490967 0
    outer loop
      vertex -34.35 5.14999 4.19
      vertex -34.3235 5.68909 1.8
      vertex -34.3235 5.68909 4.19
    endloop
  endfacet
  facet normal 0.998794 -0.0490967 0
    outer loop
      vertex -34.3235 5.68909 1.8
      vertex -34.35 5.14999 4.19
      vertex -34.35 5.14999 1.8
    endloop
  endfacet
  facet normal 0.989176 -0.146737 0
    outer loop
      vertex -34.3235 5.68909 4.19
      vertex -34.2443 6.22299 1.8
      vertex -34.2443 6.22299 4.19
    endloop
  endfacet
  facet normal 0.989176 -0.146737 0
    outer loop
      vertex -34.2443 6.22299 1.8
      vertex -34.3235 5.68909 4.19
      vertex -34.3235 5.68909 1.8
    endloop
  endfacet
  facet normal 0.970053 -0.242893 0
    outer loop
      vertex -34.2443 6.22299 4.19
      vertex -34.1132 6.74657 1.8
      vertex -34.1132 6.74657 4.19
    endloop
  endfacet
  facet normal 0.970053 -0.242893 0
    outer loop
      vertex -34.1132 6.74657 1.8
      vertex -34.2443 6.22299 4.19
      vertex -34.2443 6.22299 1.8
    endloop
  endfacet
  facet normal 0.941503 -0.337005 0
    outer loop
      vertex -34.1132 6.74657 4.19
      vertex -33.9313 7.25475 1.8
      vertex -33.9313 7.25475 4.19
    endloop
  endfacet
  facet normal 0.941503 -0.337005 0
    outer loop
      vertex -33.9313 7.25475 1.8
      vertex -34.1132 6.74657 4.19
      vertex -34.1132 6.74657 1.8
    endloop
  endfacet
  facet normal 0.904042 -0.427443 0
    outer loop
      vertex -33.9313 7.25475 4.19
      vertex -33.7006 7.74268 1.8
      vertex -33.7006 7.74268 4.19
    endloop
  endfacet
  facet normal 0.904042 -0.427443 0
    outer loop
      vertex -33.7006 7.74268 1.8
      vertex -33.9313 7.25475 4.19
      vertex -33.9313 7.25475 1.8
    endloop
  endfacet
  facet normal 0.857714 -0.514128 0
    outer loop
      vertex -33.7006 7.74268 4.19
      vertex -33.4231 8.20563 1.8
      vertex -33.4231 8.20563 4.19
    endloop
  endfacet
  facet normal 0.857714 -0.514128 0
    outer loop
      vertex -33.4231 8.20563 1.8
      vertex -33.7006 7.74268 4.19
      vertex -33.7006 7.74268 1.8
    endloop
  endfacet
  facet normal 0.803143 -0.595786 0
    outer loop
      vertex -33.4231 8.20563 4.19
      vertex -33.1015 8.63916 1.8
      vertex -33.1015 8.63916 4.19
    endloop
  endfacet
  facet normal 0.803143 -0.595786 0
    outer loop
      vertex -33.1015 8.63916 1.8
      vertex -33.4231 8.20563 4.19
      vertex -33.4231 8.20563 1.8
    endloop
  endfacet
  facet normal 0.741012 -0.671491 0
    outer loop
      vertex -33.1015 8.63916 4.19
      vertex -32.7391 9.03908 1.8
      vertex -32.7391 9.03908 4.19
    endloop
  endfacet
  facet normal 0.741012 -0.671491 0
    outer loop
      vertex -32.7391 9.03908 1.8
      vertex -33.1015 8.63916 4.19
      vertex -33.1015 8.63916 1.8
    endloop
  endfacet
  facet normal 0.671581 -0.740931 0
    outer loop
      vertex -32.7391 9.03908 1.8
      vertex -32.3392 9.40155 4.19
      vertex -32.7391 9.03908 4.19
    endloop
  endfacet
  facet normal 0.671581 -0.740931 0
    outer loop
      vertex -32.3392 9.40155 4.19
      vertex -32.7391 9.03908 1.8
      vertex -32.3392 9.40155 1.8
    endloop
  endfacet
  facet normal 0.59564 -0.803252 0
    outer loop
      vertex -32.3392 9.40155 1.8
      vertex -31.9056 9.72308 4.19
      vertex -32.3392 9.40155 4.19
    endloop
  endfacet
  facet normal 0.59564 -0.803252 0
    outer loop
      vertex -31.9056 9.72308 4.19
      vertex -32.3392 9.40155 1.8
      vertex -31.9056 9.72308 1.8
    endloop
  endfacet
  facet normal 0.514196 -0.857673 0
    outer loop
      vertex -31.9056 9.72308 1.8
      vertex -31.4427 10.0006 4.19
      vertex -31.9056 9.72308 4.19
    endloop
  endfacet
  facet normal 0.514196 -0.857673 0
    outer loop
      vertex -31.4427 10.0006 4.19
      vertex -31.9056 9.72308 1.8
      vertex -31.4427 10.0006 1.8
    endloop
  endfacet
  facet normal 0.427393 -0.904066 0
    outer loop
      vertex -31.4427 10.0006 1.8
      vertex -30.9547 10.2313 4.19
      vertex -31.4427 10.0006 4.19
    endloop
  endfacet
  facet normal 0.427393 -0.904066 0
    outer loop
      vertex -30.9547 10.2313 4.19
      vertex -31.4427 10.0006 1.8
      vertex -30.9547 10.2313 1.8
    endloop
  endfacet
  facet normal 0.337052 -0.941486 0
    outer loop
      vertex -30.9547 10.2313 1.8
      vertex -30.4466 10.4132 4.19
      vertex -30.9547 10.2313 4.19
    endloop
  endfacet
  facet normal 0.337052 -0.941486 0
    outer loop
      vertex -30.4466 10.4132 4.19
      vertex -30.9547 10.2313 1.8
      vertex -30.4466 10.4132 1.8
    endloop
  endfacet
  facet normal 0.242884 -0.970055 0
    outer loop
      vertex -30.4466 10.4132 1.8
      vertex -29.923 10.5443 4.19
      vertex -30.4466 10.4132 4.19
    endloop
  endfacet
  facet normal 0.242884 -0.970055 0
    outer loop
      vertex -29.923 10.5443 4.19
      vertex -30.4466 10.4132 1.8
      vertex -29.923 10.5443 1.8
    endloop
  endfacet
  facet normal 0.146737 -0.989176 0
    outer loop
      vertex -29.923 10.5443 1.8
      vertex -29.3891 10.6235 4.19
      vertex -29.923 10.5443 4.19
    endloop
  endfacet
  facet normal 0.146737 -0.989176 0
    outer loop
      vertex -29.3891 10.6235 4.19
      vertex -29.923 10.5443 1.8
      vertex -29.3891 10.6235 1.8
    endloop
  endfacet
  facet normal 0.0490967 -0.998794 0
    outer loop
      vertex -29.3891 10.6235 1.8
      vertex -28.85 10.65 4.19
      vertex -29.3891 10.6235 4.19
    endloop
  endfacet
  facet normal 0.0490967 -0.998794 0
    outer loop
      vertex -28.85 10.65 4.19
      vertex -29.3891 10.6235 1.8
      vertex -28.85 10.65 1.8
    endloop
  endfacet
  facet normal 0 -1 0
    outer loop
      vertex -28.85 10.65 4.19
      vertex 0 10.65 3.575
      vertex 28.85 10.65 4.19
    endloop
  endfacet
  facet normal 0 -1 0
    outer loop
      vertex -28.85 10.65 4.19
      vertex -0.0563593 10.65 3.57223
      vertex 0 10.65 3.575
    endloop
  endfacet
  facet normal 0 -1 0
    outer loop
      vertex -28.85 10.65 4.19
      vertex -0.112177 10.65 3.56395
      vertex -0.0563593 10.65 3.57223
    endloop
  endfacet
  facet normal 0 -1 0
    outer loop
      vertex -28.85 10.65 4.19
      vertex -0.166913 10.65 3.55024
      vertex -0.112177 10.65 3.56395
    endloop
  endfacet
  facet normal 0 -1 0
    outer loop
      vertex -28.85 10.65 4.19
      vertex -0.220042 10.65 3.53123
      vertex -0.166913 10.65 3.55024
    endloop
  endfacet
  facet normal 0 -1 0
    outer loop
      vertex -28.85 10.65 4.19
      vertex -0.271052 10.65 3.5071
      vertex -0.220042 10.65 3.53123
    endloop
  endfacet
  facet normal 0 -1 0
    outer loop
      vertex -28.85 10.65 4.19
      vertex -0.319452 10.65 3.47809
      vertex -0.271052 10.65 3.5071
    endloop
  endfacet
  facet normal 0 -1 0
    outer loop
      vertex -28.85 10.65 4.19
      vertex -0.364776 10.65 3.44448
      vertex -0.319452 10.65 3.47809
    endloop
  endfacet
  facet normal 0 -1 0
    outer loop
      vertex -28.85 10.65 4.19
      vertex -0.406586 10.65 3.40659
      vertex -0.364776 10.65 3.44448
    endloop
  endfacet
  facet normal 0 -1 0
    outer loop
      vertex -28.85 10.65 4.19
      vertex -0.444481 10.65 3.36478
      vertex -0.406586 10.65 3.40659
    endloop
  endfacet
  facet normal 0 -1 0
    outer loop
      vertex -28.85 10.65 4.19
      vertex -0.478094 10.65 3.31945
      vertex -0.444481 10.65 3.36478
    endloop
  endfacet
  facet normal 0 -1 0
    outer loop
      vertex -28.85 10.65 4.19
      vertex -0.507104 10.65 3.27105
      vertex -0.478094 10.65 3.31945
    endloop
  endfacet
  facet normal 0 -1 0
    outer loop
      vertex -28.85 10.65 4.19
      vertex -0.53123 10.65 3.22004
      vertex -0.507104 10.65 3.27105
    endloop
  endfacet
  facet normal 0 -1 0
    outer loop
      vertex -28.85 10.65 4.19
      vertex -0.550241 10.65 3.16691
      vertex -0.53123 10.65 3.22004
    endloop
  endfacet
  facet normal 0 -1 0
    outer loop
      vertex -28.85 10.65 4.19
      vertex -0.563951 10.65 3.11218
      vertex -0.550241 10.65 3.16691
    endloop
  endfacet
  facet normal 0 -1 0
    outer loop
      vertex -28.85 10.65 4.19
      vertex -0.57223 10.65 3.05636
      vertex -0.563951 10.65 3.11218
    endloop
  endfacet
  facet normal 0 -1 0
    outer loop
      vertex -28.85 10.65 4.19
      vertex -0.575 10.65 3
      vertex -0.57223 10.65 3.05636
    endloop
  endfacet
  facet normal 0 -1 0
    outer loop
      vertex -28.85 10.65 1.8
      vertex -0.575 10.65 3
      vertex -28.85 10.65 4.19
    endloop
  endfacet
  facet normal 0 -1 -0
    outer loop
      vertex -0.575 10.65 3
      vertex -28.85 10.65 1.8
      vertex -0.57223 10.65 2.94364
    endloop
  endfacet
  facet normal 0 -1 -0
    outer loop
      vertex -0.57223 10.65 2.94364
      vertex -28.85 10.65 1.8
      vertex -0.563951 10.65 2.88782
    endloop
  endfacet
  facet normal 0 -1 -0
    outer loop
      vertex -0.563951 10.65 2.88782
      vertex -28.85 10.65 1.8
      vertex -0.550241 10.65 2.83309
    endloop
  endfacet
  facet normal 0 -1 -0
    outer loop
      vertex -0.550241 10.65 2.83309
      vertex -28.85 10.65 1.8
      vertex -0.53123 10.65 2.77996
    endloop
  endfacet
  facet normal 0 -1 -0
    outer loop
      vertex -0.53123 10.65 2.77996
      vertex -28.85 10.65 1.8
      vertex -0.507104 10.65 2.72895
    endloop
  endfacet
  facet normal 0 -1 -0
    outer loop
      vertex -0.507104 10.65 2.72895
      vertex -28.85 10.65 1.8
      vertex -0.478094 10.65 2.68055
    endloop
  endfacet
  facet normal 0 -1 -0
    outer loop
      vertex -0.478094 10.65 2.68055
      vertex -28.85 10.65 1.8
      vertex -0.444481 10.65 2.63522
    endloop
  endfacet
  facet normal 0 -1 -0
    outer loop
      vertex -0.444481 10.65 2.63522
      vertex -28.85 10.65 1.8
      vertex -0.406586 10.65 2.59341
    endloop
  endfacet
  facet normal 0 -1 -0
    outer loop
      vertex -0.406586 10.65 2.59341
      vertex -28.85 10.65 1.8
      vertex -0.364776 10.65 2.55552
    endloop
  endfacet
  facet normal 0 -1 -0
    outer loop
      vertex -0.364776 10.65 2.55552
      vertex -28.85 10.65 1.8
      vertex -0.319452 10.65 2.5219
    endloop
  endfacet
  facet normal 0 -1 -0
    outer loop
      vertex -0.319452 10.65 2.5219
      vertex -28.85 10.65 1.8
      vertex -0.271052 10.65 2.4929
    endloop
  endfacet
  facet normal 0 -1 -0
    outer loop
      vertex -0.271052 10.65 2.4929
      vertex -28.85 10.65 1.8
      vertex -0.220042 10.65 2.46877
    endloop
  endfacet
  facet normal 0 -1 -0
    outer loop
      vertex -0.220042 10.65 2.46877
      vertex -28.85 10.65 1.8
      vertex -0.166913 10.65 2.44976
    endloop
  endfacet
  facet normal 0 -1 -0
    outer loop
      vertex -0.166913 10.65 2.44976
      vertex -28.85 10.65 1.8
      vertex -0.112177 10.65 2.43605
    endloop
  endfacet
  facet normal 0 -1 -0
    outer loop
      vertex -0.0563593 10.65 2.42777
      vertex -28.85 10.65 1.8
      vertex 0 10.65 2.425
    endloop
  endfacet
  facet normal 0 -1 -0
    outer loop
      vertex -0.112177 10.65 2.43605
      vertex -28.85 10.65 1.8
      vertex -0.0563593 10.65 2.42777
    endloop
  endfacet
  facet normal 0 -1 0
    outer loop
      vertex 0.0563593 10.65 3.57223
      vertex 28.85 10.65 4.19
      vertex 0 10.65 3.575
    endloop
  endfacet
  facet normal 0 -1 0
    outer loop
      vertex 0.112177 10.65 3.56395
      vertex 28.85 10.65 4.19
      vertex 0.0563593 10.65 3.57223
    endloop
  endfacet
  facet normal 0 -1 0
    outer loop
      vertex 0.166913 10.65 3.55024
      vertex 28.85 10.65 4.19
      vertex 0.112177 10.65 3.56395
    endloop
  endfacet
  facet normal 0 -1 0
    outer loop
      vertex 0.220042 10.65 3.53123
      vertex 28.85 10.65 4.19
      vertex 0.166913 10.65 3.55024
    endloop
  endfacet
  facet normal 0 -1 0
    outer loop
      vertex 0.271052 10.65 3.5071
      vertex 28.85 10.65 4.19
      vertex 0.220042 10.65 3.53123
    endloop
  endfacet
  facet normal 0 -1 0
    outer loop
      vertex 0.319452 10.65 3.47809
      vertex 28.85 10.65 4.19
      vertex 0.271052 10.65 3.5071
    endloop
  endfacet
  facet normal 0 -1 0
    outer loop
      vertex 0.364776 10.65 3.44448
      vertex 28.85 10.65 4.19
      vertex 0.319452 10.65 3.47809
    endloop
  endfacet
  facet normal 0 -1 0
    outer loop
      vertex 0.406586 10.65 3.40659
      vertex 28.85 10.65 4.19
      vertex 0.364776 10.65 3.44448
    endloop
  endfacet
  facet normal 0 -1 0
    outer loop
      vertex 0.444481 10.65 3.36478
      vertex 28.85 10.65 4.19
      vertex 0.406586 10.65 3.40659
    endloop
  endfacet
  facet normal 0 -1 0
    outer loop
      vertex 0.478094 10.65 3.31945
      vertex 28.85 10.65 4.19
      vertex 0.444481 10.65 3.36478
    endloop
  endfacet
  facet normal 0 -1 0
    outer loop
      vertex 0.507104 10.65 3.27105
      vertex 28.85 10.65 4.19
      vertex 0.478094 10.65 3.31945
    endloop
  endfacet
  facet normal 0 -1 0
    outer loop
      vertex 0.53123 10.65 3.22004
      vertex 28.85 10.65 4.19
      vertex 0.507104 10.65 3.27105
    endloop
  endfacet
  facet normal 0 -1 0
    outer loop
      vertex 0.550241 10.65 3.16691
      vertex 28.85 10.65 4.19
      vertex 0.53123 10.65 3.22004
    endloop
  endfacet
  facet normal 0 -1 0
    outer loop
      vertex 0.563951 10.65 3.11218
      vertex 28.85 10.65 4.19
      vertex 0.550241 10.65 3.16691
    endloop
  endfacet
  facet normal 0 -1 0
    outer loop
      vertex 0.57223 10.65 3.05636
      vertex 28.85 10.65 4.19
      vertex 0.563951 10.65 3.11218
    endloop
  endfacet
  facet normal 0 -1 0
    outer loop
      vertex 0.575 10.65 3
      vertex 28.85 10.65 4.19
      vertex 0.57223 10.65 3.05636
    endloop
  endfacet
  facet normal 0 -1 0
    outer loop
      vertex 28.85 10.65 1.8
      vertex 0.575 10.65 3
      vertex 0.57223 10.65 2.94364
    endloop
  endfacet
  facet normal 0 -1 0
    outer loop
      vertex 28.85 10.65 1.8
      vertex 0.57223 10.65 2.94364
      vertex 0.563951 10.65 2.88782
    endloop
  endfacet
  facet normal 0 -1 0
    outer loop
      vertex 28.85 10.65 1.8
      vertex 0.563951 10.65 2.88782
      vertex 0.550241 10.65 2.83309
    endloop
  endfacet
  facet normal 0 -1 0
    outer loop
      vertex 28.85 10.65 1.8
      vertex 0.550241 10.65 2.83309
      vertex 0.53123 10.65 2.77996
    endloop
  endfacet
  facet normal 0 -1 0
    outer loop
      vertex 28.85 10.65 1.8
      vertex 0.53123 10.65 2.77996
      vertex 0.507104 10.65 2.72895
    endloop
  endfacet
  facet normal 0 -1 0
    outer loop
      vertex 28.85 10.65 1.8
      vertex 0.507104 10.65 2.72895
      vertex 0.478094 10.65 2.68055
    endloop
  endfacet
  facet normal 0 -1 0
    outer loop
      vertex 28.85 10.65 1.8
      vertex 0.478094 10.65 2.68055
      vertex 0.444481 10.65 2.63522
    endloop
  endfacet
  facet normal 0 -1 0
    outer loop
      vertex 28.85 10.65 1.8
      vertex 0.444481 10.65 2.63522
      vertex 0.406586 10.65 2.59341
    endloop
  endfacet
  facet normal 0 -1 0
    outer loop
      vertex 28.85 10.65 1.8
      vertex 0.406586 10.65 2.59341
      vertex 0.364776 10.65 2.55552
    endloop
  endfacet
  facet normal 0 -1 0
    outer loop
      vertex 28.85 10.65 1.8
      vertex 0.364776 10.65 2.55552
      vertex 0.319452 10.65 2.5219
    endloop
  endfacet
  facet normal 0 -1 0
    outer loop
      vertex 28.85 10.65 1.8
      vertex 0.319452 10.65 2.5219
      vertex 0.271052 10.65 2.4929
    endloop
  endfacet
  facet normal 0 -1 0
    outer loop
      vertex 28.85 10.65 1.8
      vertex 0.271052 10.65 2.4929
      vertex 0.220042 10.65 2.46877
    endloop
  endfacet
  facet normal 0 -1 0
    outer loop
      vertex 28.85 10.65 1.8
      vertex 0.220042 10.65 2.46877
      vertex 0.166913 10.65 2.44976
    endloop
  endfacet
  facet normal 0 -1 0
    outer loop
      vertex 28.85 10.65 1.8
      vertex 0.166913 10.65 2.44976
      vertex 0.112177 10.65 2.43605
    endloop
  endfacet
  facet normal 0 -1 0
    outer loop
      vertex 28.85 10.65 1.8
      vertex 0.112177 10.65 2.43605
      vertex 0.0563593 10.65 2.42777
    endloop
  endfacet
  facet normal 0 -1 0
    outer loop
      vertex 0.575 10.65 3
      vertex 28.85 10.65 1.8
      vertex 28.85 10.65 4.19
    endloop
  endfacet
  facet normal 0 -1 0
    outer loop
      vertex 0 10.65 2.425
      vertex 28.85 10.65 1.8
      vertex 0.0563593 10.65 2.42777
    endloop
  endfacet
  facet normal 0 -1 0
    outer loop
      vertex 28.85 10.65 1.8
      vertex 0 10.65 2.425
      vertex -28.85 10.65 1.8
    endloop
  endfacet
  facet normal -0.0490967 -0.998794 0
    outer loop
      vertex 28.85 10.65 1.8
      vertex 29.3891 10.6235 4.19
      vertex 28.85 10.65 4.19
    endloop
  endfacet
  facet normal -0.0490967 -0.998794 -0
    outer loop
      vertex 29.3891 10.6235 4.19
      vertex 28.85 10.65 1.8
      vertex 29.3891 10.6235 1.8
    endloop
  endfacet
  facet normal -0.146737 -0.989176 0
    outer loop
      vertex 29.3891 10.6235 1.8
      vertex 29.923 10.5443 4.19
      vertex 29.3891 10.6235 4.19
    endloop
  endfacet
  facet normal -0.146737 -0.989176 -0
    outer loop
      vertex 29.923 10.5443 4.19
      vertex 29.3891 10.6235 1.8
      vertex 29.923 10.5443 1.8
    endloop
  endfacet
  facet normal -0.242884 -0.970055 0
    outer loop
      vertex 29.923 10.5443 1.8
      vertex 30.4466 10.4132 4.19
      vertex 29.923 10.5443 4.19
    endloop
  endfacet
  facet normal -0.242884 -0.970055 -0
    outer loop
      vertex 30.4466 10.4132 4.19
      vertex 29.923 10.5443 1.8
      vertex 30.4466 10.4132 1.8
    endloop
  endfacet
  facet normal -0.337052 -0.941486 0
    outer loop
      vertex 30.4466 10.4132 1.8
      vertex 30.9547 10.2313 4.19
      vertex 30.4466 10.4132 4.19
    endloop
  endfacet
  facet normal -0.337052 -0.941486 -0
    outer loop
      vertex 30.9547 10.2313 4.19
      vertex 30.4466 10.4132 1.8
      vertex 30.9547 10.2313 1.8
    endloop
  endfacet
  facet normal -0.427393 -0.904066 0
    outer loop
      vertex 30.9547 10.2313 1.8
      vertex 31.4427 10.0006 4.19
      vertex 30.9547 10.2313 4.19
    endloop
  endfacet
  facet normal -0.427393 -0.904066 -0
    outer loop
      vertex 31.4427 10.0006 4.19
      vertex 30.9547 10.2313 1.8
      vertex 31.4427 10.0006 1.8
    endloop
  endfacet
  facet normal -0.514196 -0.857673 0
    outer loop
      vertex 31.4427 10.0006 1.8
      vertex 31.9056 9.72308 4.19
      vertex 31.4427 10.0006 4.19
    endloop
  endfacet
  facet normal -0.514196 -0.857673 -0
    outer loop
      vertex 31.9056 9.72308 4.19
      vertex 31.4427 10.0006 1.8
      vertex 31.9056 9.72308 1.8
    endloop
  endfacet
  facet normal -0.59564 -0.803252 0
    outer loop
      vertex 31.9056 9.72308 1.8
      vertex 32.3392 9.40155 4.19
      vertex 31.9056 9.72308 4.19
    endloop
  endfacet
  facet normal -0.59564 -0.803252 -0
    outer loop
      vertex 32.3392 9.40155 4.19
      vertex 31.9056 9.72308 1.8
      vertex 32.3392 9.40155 1.8
    endloop
  endfacet
  facet normal -0.671581 -0.740931 0
    outer loop
      vertex 32.3392 9.40155 1.8
      vertex 32.7391 9.03908 4.19
      vertex 32.3392 9.40155 4.19
    endloop
  endfacet
  facet normal -0.671581 -0.740931 -0
    outer loop
      vertex 32.7391 9.03908 4.19
      vertex 32.3392 9.40155 1.8
      vertex 32.7391 9.03908 1.8
    endloop
  endfacet
  facet normal -0.741012 -0.671491 0
    outer loop
      vertex 33.1015 8.63916 1.8
      vertex 32.7391 9.03908 4.19
      vertex 32.7391 9.03908 1.8
    endloop
  endfacet
  facet normal -0.741012 -0.671491 0
    outer loop
      vertex 32.7391 9.03908 4.19
      vertex 33.1015 8.63916 1.8
      vertex 33.1015 8.63916 4.19
    endloop
  endfacet
  facet normal -0.803143 -0.595786 0
    outer loop
      vertex 33.4231 8.20563 1.8
      vertex 33.1015 8.63916 4.19
      vertex 33.1015 8.63916 1.8
    endloop
  endfacet
  facet normal -0.803143 -0.595786 0
    outer loop
      vertex 33.1015 8.63916 4.19
      vertex 33.4231 8.20563 1.8
      vertex 33.4231 8.20563 4.19
    endloop
  endfacet
  facet normal -0.857714 -0.514128 0
    outer loop
      vertex 33.7006 7.74268 1.8
      vertex 33.4231 8.20563 4.19
      vertex 33.4231 8.20563 1.8
    endloop
  endfacet
  facet normal -0.857714 -0.514128 0
    outer loop
      vertex 33.4231 8.20563 4.19
      vertex 33.7006 7.74268 1.8
      vertex 33.7006 7.74268 4.19
    endloop
  endfacet
  facet normal -0.904042 -0.427443 0
    outer loop
      vertex 33.9313 7.25475 1.8
      vertex 33.7006 7.74268 4.19
      vertex 33.7006 7.74268 1.8
    endloop
  endfacet
  facet normal -0.904042 -0.427443 0
    outer loop
      vertex 33.7006 7.74268 4.19
      vertex 33.9313 7.25475 1.8
      vertex 33.9313 7.25475 4.19
    endloop
  endfacet
  facet normal -0.941503 -0.337005 0
    outer loop
      vertex 34.1132 6.74657 1.8
      vertex 33.9313 7.25475 4.19
      vertex 33.9313 7.25475 1.8
    endloop
  endfacet
  facet normal -0.941503 -0.337005 0
    outer loop
      vertex 33.9313 7.25475 4.19
      vertex 34.1132 6.74657 1.8
      vertex 34.1132 6.74657 4.19
    endloop
  endfacet
  facet normal -0.970053 -0.242893 0
    outer loop
      vertex 34.2443 6.22299 1.8
      vertex 34.1132 6.74657 4.19
      vertex 34.1132 6.74657 1.8
    endloop
  endfacet
  facet normal -0.970053 -0.242893 0
    outer loop
      vertex 34.1132 6.74657 4.19
      vertex 34.2443 6.22299 1.8
      vertex 34.2443 6.22299 4.19
    endloop
  endfacet
  facet normal -0.989176 -0.146737 0
    outer loop
      vertex 34.3235 5.68909 1.8
      vertex 34.2443 6.22299 4.19
      vertex 34.2443 6.22299 1.8
    endloop
  endfacet
  facet normal -0.989176 -0.146737 0
    outer loop
      vertex 34.2443 6.22299 4.19
      vertex 34.3235 5.68909 1.8
      vertex 34.3235 5.68909 4.19
    endloop
  endfacet
  facet normal -0.998794 -0.0490967 0
    outer loop
      vertex 34.35 5.14999 1.8
      vertex 34.3235 5.68909 4.19
      vertex 34.3235 5.68909 1.8
    endloop
  endfacet
  facet normal -0.998794 -0.0490967 0
    outer loop
      vertex 34.3235 5.68909 4.19
      vertex 34.35 5.14999 1.8
      vertex 34.35 5.14999 4.19
    endloop
  endfacet
  facet normal -1 0 0
    outer loop
      vertex 34.35 -5.14999 1.8
      vertex 34.35 5.14999 4.19
      vertex 34.35 5.14999 1.8
    endloop
  endfacet
  facet normal -1 -0 0
    outer loop
      vertex 34.35 5.14999 4.19
      vertex 34.35 -5.14999 1.8
      vertex 34.35 -5.14999 4.19
    endloop
  endfacet
  facet normal -0.998794 0.0490967 0
    outer loop
      vertex 34.3235 -5.68909 1.8
      vertex 34.35 -5.14999 4.19
      vertex 34.35 -5.14999 1.8
    endloop
  endfacet
  facet normal -0.998794 0.0490967 0
    outer loop
      vertex 34.35 -5.14999 4.19
      vertex 34.3235 -5.68909 1.8
      vertex 34.3235 -5.68909 4.19
    endloop
  endfacet
  facet normal -0.989176 0.146737 0
    outer loop
      vertex 34.2443 -6.22299 1.8
      vertex 34.3235 -5.68909 4.19
      vertex 34.3235 -5.68909 1.8
    endloop
  endfacet
  facet normal -0.989176 0.146737 0
    outer loop
      vertex 34.3235 -5.68909 4.19
      vertex 34.2443 -6.22299 1.8
      vertex 34.2443 -6.22299 4.19
    endloop
  endfacet
  facet normal -0.970053 0.242893 0
    outer loop
      vertex 34.1132 -6.74657 1.8
      vertex 34.2443 -6.22299 4.19
      vertex 34.2443 -6.22299 1.8
    endloop
  endfacet
  facet normal -0.970053 0.242893 0
    outer loop
      vertex 34.2443 -6.22299 4.19
      vertex 34.1132 -6.74657 1.8
      vertex 34.1132 -6.74657 4.19
    endloop
  endfacet
  facet normal -0.941503 0.337005 0
    outer loop
      vertex 33.9313 -7.25475 1.8
      vertex 34.1132 -6.74657 4.19
      vertex 34.1132 -6.74657 1.8
    endloop
  endfacet
  facet normal -0.941503 0.337005 0
    outer loop
      vertex 34.1132 -6.74657 4.19
      vertex 33.9313 -7.25475 1.8
      vertex 33.9313 -7.25475 4.19
    endloop
  endfacet
  facet normal -0.904042 0.427443 0
    outer loop
      vertex 33.7006 -7.74268 1.8
      vertex 33.9313 -7.25475 4.19
      vertex 33.9313 -7.25475 1.8
    endloop
  endfacet
  facet normal -0.904042 0.427443 0
    outer loop
      vertex 33.9313 -7.25475 4.19
      vertex 33.7006 -7.74268 1.8
      vertex 33.7006 -7.74268 4.19
    endloop
  endfacet
  facet normal -0.857714 0.514128 0
    outer loop
      vertex 33.4231 -8.20563 1.8
      vertex 33.7006 -7.74268 4.19
      vertex 33.7006 -7.74268 1.8
    endloop
  endfacet
  facet normal -0.857714 0.514128 0
    outer loop
      vertex 33.7006 -7.74268 4.19
      vertex 33.4231 -8.20563 1.8
      vertex 33.4231 -8.20563 4.19
    endloop
  endfacet
  facet normal -0.803143 0.595786 0
    outer loop
      vertex 33.1015 -8.63916 1.8
      vertex 33.4231 -8.20563 4.19
      vertex 33.4231 -8.20563 1.8
    endloop
  endfacet
  facet normal -0.803143 0.595786 0
    outer loop
      vertex 33.4231 -8.20563 4.19
      vertex 33.1015 -8.63916 1.8
      vertex 33.1015 -8.63916 4.19
    endloop
  endfacet
  facet normal -0.741012 0.671491 0
    outer loop
      vertex 32.7391 -9.03908 1.8
      vertex 33.1015 -8.63916 4.19
      vertex 33.1015 -8.63916 1.8
    endloop
  endfacet
  facet normal -0.741012 0.671491 0
    outer loop
      vertex 33.1015 -8.63916 4.19
      vertex 32.7391 -9.03908 1.8
      vertex 32.7391 -9.03908 4.19
    endloop
  endfacet
  facet normal -0.671581 0.740931 0
    outer loop
      vertex 32.7391 -9.03908 1.8
      vertex 32.3392 -9.40155 4.19
      vertex 32.7391 -9.03908 4.19
    endloop
  endfacet
  facet normal -0.671581 0.740931 0
    outer loop
      vertex 32.3392 -9.40155 4.19
      vertex 32.7391 -9.03908 1.8
      vertex 32.3392 -9.40155 1.8
    endloop
  endfacet
  facet normal -0.59564 0.803252 0
    outer loop
      vertex 32.3392 -9.40155 1.8
      vertex 31.9056 -9.72308 4.19
      vertex 32.3392 -9.40155 4.19
    endloop
  endfacet
  facet normal -0.59564 0.803252 0
    outer loop
      vertex 31.9056 -9.72308 4.19
      vertex 32.3392 -9.40155 1.8
      vertex 31.9056 -9.72308 1.8
    endloop
  endfacet
  facet normal -0.514196 0.857673 0
    outer loop
      vertex 31.9056 -9.72308 1.8
      vertex 31.4427 -10.0006 4.19
      vertex 31.9056 -9.72308 4.19
    endloop
  endfacet
  facet normal -0.514196 0.857673 0
    outer loop
      vertex 31.4427 -10.0006 4.19
      vertex 31.9056 -9.72308 1.8
      vertex 31.4427 -10.0006 1.8
    endloop
  endfacet
  facet normal -0.427393 0.904066 0
    outer loop
      vertex 31.4427 -10.0006 1.8
      vertex 30.9547 -10.2313 4.19
      vertex 31.4427 -10.0006 4.19
    endloop
  endfacet
  facet normal -0.427393 0.904066 0
    outer loop
      vertex 30.9547 -10.2313 4.19
      vertex 31.4427 -10.0006 1.8
      vertex 30.9547 -10.2313 1.8
    endloop
  endfacet
  facet normal -0.337052 0.941486 0
    outer loop
      vertex 30.9547 -10.2313 1.8
      vertex 30.4466 -10.4132 4.19
      vertex 30.9547 -10.2313 4.19
    endloop
  endfacet
  facet normal -0.337052 0.941486 0
    outer loop
      vertex 30.4466 -10.4132 4.19
      vertex 30.9547 -10.2313 1.8
      vertex 30.4466 -10.4132 1.8
    endloop
  endfacet
  facet normal -0.242884 0.970055 0
    outer loop
      vertex 30.4466 -10.4132 1.8
      vertex 29.923 -10.5443 4.19
      vertex 30.4466 -10.4132 4.19
    endloop
  endfacet
  facet normal -0.242884 0.970055 0
    outer loop
      vertex 29.923 -10.5443 4.19
      vertex 30.4466 -10.4132 1.8
      vertex 29.923 -10.5443 1.8
    endloop
  endfacet
  facet normal -0.146737 0.989176 0
    outer loop
      vertex 29.923 -10.5443 1.8
      vertex 29.3891 -10.6235 4.19
      vertex 29.923 -10.5443 4.19
    endloop
  endfacet
  facet normal -0.146737 0.989176 0
    outer loop
      vertex 29.3891 -10.6235 4.19
      vertex 29.923 -10.5443 1.8
      vertex 29.3891 -10.6235 1.8
    endloop
  endfacet
  facet normal -0.0490967 0.998794 0
    outer loop
      vertex 29.3891 -10.6235 1.8
      vertex 28.85 -10.65 4.19
      vertex 29.3891 -10.6235 4.19
    endloop
  endfacet
  facet normal -0.0490967 0.998794 0
    outer loop
      vertex 28.85 -10.65 4.19
      vertex 29.3891 -10.6235 1.8
      vertex 28.85 -10.65 1.8
    endloop
  endfacet
  facet normal 0 1 0
    outer loop
      vertex 28.85 -10.65 4.19
      vertex 0 -10.65 3.575
      vertex -28.85 -10.65 4.19
    endloop
  endfacet
  facet normal 0 1 0
    outer loop
      vertex 28.85 -10.65 4.19
      vertex 0.0563593 -10.65 3.57223
      vertex 0 -10.65 3.575
    endloop
  endfacet
  facet normal 0 1 0
    outer loop
      vertex 28.85 -10.65 4.19
      vertex 0.112177 -10.65 3.56395
      vertex 0.0563593 -10.65 3.57223
    endloop
  endfacet
  facet normal 0 1 0
    outer loop
      vertex 28.85 -10.65 4.19
      vertex 0.166913 -10.65 3.55024
      vertex 0.112177 -10.65 3.56395
    endloop
  endfacet
  facet normal 0 1 0
    outer loop
      vertex 28.85 -10.65 4.19
      vertex 0.220042 -10.65 3.53123
      vertex 0.166913 -10.65 3.55024
    endloop
  endfacet
  facet normal 0 1 0
    outer loop
      vertex 28.85 -10.65 4.19
      vertex 0.271052 -10.65 3.5071
      vertex 0.220042 -10.65 3.53123
    endloop
  endfacet
  facet normal 0 1 0
    outer loop
      vertex 28.85 -10.65 4.19
      vertex 0.319452 -10.65 3.47809
      vertex 0.271052 -10.65 3.5071
    endloop
  endfacet
  facet normal 0 1 0
    outer loop
      vertex 28.85 -10.65 4.19
      vertex 0.364776 -10.65 3.44448
      vertex 0.319452 -10.65 3.47809
    endloop
  endfacet
  facet normal 0 1 0
    outer loop
      vertex 28.85 -10.65 4.19
      vertex 0.406586 -10.65 3.40659
      vertex 0.364776 -10.65 3.44448
    endloop
  endfacet
  facet normal 0 1 0
    outer loop
      vertex 28.85 -10.65 4.19
      vertex 0.444481 -10.65 3.36478
      vertex 0.406586 -10.65 3.40659
    endloop
  endfacet
  facet normal 0 1 0
    outer loop
      vertex 28.85 -10.65 4.19
      vertex 0.478094 -10.65 3.31945
      vertex 0.444481 -10.65 3.36478
    endloop
  endfacet
  facet normal 0 1 0
    outer loop
      vertex 28.85 -10.65 4.19
      vertex 0.507104 -10.65 3.27105
      vertex 0.478094 -10.65 3.31945
    endloop
  endfacet
  facet normal 0 1 0
    outer loop
      vertex 28.85 -10.65 4.19
      vertex 0.53123 -10.65 3.22004
      vertex 0.507104 -10.65 3.27105
    endloop
  endfacet
  facet normal 0 1 0
    outer loop
      vertex 28.85 -10.65 4.19
      vertex 0.550241 -10.65 3.16691
      vertex 0.53123 -10.65 3.22004
    endloop
  endfacet
  facet normal 0 1 0
    outer loop
      vertex 28.85 -10.65 4.19
      vertex 0.563951 -10.65 3.11218
      vertex 0.550241 -10.65 3.16691
    endloop
  endfacet
  facet normal 0 1 0
    outer loop
      vertex 28.85 -10.65 4.19
      vertex 0.57223 -10.65 3.05636
      vertex 0.563951 -10.65 3.11218
    endloop
  endfacet
  facet normal 0 1 0
    outer loop
      vertex 28.85 -10.65 4.19
      vertex 0.575 -10.65 3
      vertex 0.57223 -10.65 3.05636
    endloop
  endfacet
  facet normal 0 1 -0
    outer loop
      vertex 28.85 -10.65 1.8
      vertex 0.575 -10.65 3
      vertex 28.85 -10.65 4.19
    endloop
  endfacet
  facet normal 0 1 0
    outer loop
      vertex 0.575 -10.65 3
      vertex 28.85 -10.65 1.8
      vertex 0.57223 -10.65 2.94364
    endloop
  endfacet
  facet normal 0 1 0
    outer loop
      vertex 0.57223 -10.65 2.94364
      vertex 28.85 -10.65 1.8
      vertex 0.563951 -10.65 2.88782
    endloop
  endfacet
  facet normal 0 1 0
    outer loop
      vertex 0.563951 -10.65 2.88782
      vertex 28.85 -10.65 1.8
      vertex 0.550241 -10.65 2.83309
    endloop
  endfacet
  facet normal 0 1 0
    outer loop
      vertex 0.550241 -10.65 2.83309
      vertex 28.85 -10.65 1.8
      vertex 0.53123 -10.65 2.77996
    endloop
  endfacet
  facet normal 0 1 0
    outer loop
      vertex 0.53123 -10.65 2.77996
      vertex 28.85 -10.65 1.8
      vertex 0.507104 -10.65 2.72895
    endloop
  endfacet
  facet normal 0 1 0
    outer loop
      vertex 0.507104 -10.65 2.72895
      vertex 28.85 -10.65 1.8
      vertex 0.478094 -10.65 2.68055
    endloop
  endfacet
  facet normal 0 1 0
    outer loop
      vertex 0.478094 -10.65 2.68055
      vertex 28.85 -10.65 1.8
      vertex 0.444481 -10.65 2.63522
    endloop
  endfacet
  facet normal 0 1 0
    outer loop
      vertex 0.444481 -10.65 2.63522
      vertex 28.85 -10.65 1.8
      vertex 0.406586 -10.65 2.59341
    endloop
  endfacet
  facet normal 0 1 0
    outer loop
      vertex 0.406586 -10.65 2.59341
      vertex 28.85 -10.65 1.8
      vertex 0.364776 -10.65 2.55552
    endloop
  endfacet
  facet normal 0 1 0
    outer loop
      vertex 0.364776 -10.65 2.55552
      vertex 28.85 -10.65 1.8
      vertex 0.319452 -10.65 2.5219
    endloop
  endfacet
  facet normal 0 1 0
    outer loop
      vertex 0.319452 -10.65 2.5219
      vertex 28.85 -10.65 1.8
      vertex 0.271052 -10.65 2.4929
    endloop
  endfacet
  facet normal 0 1 0
    outer loop
      vertex 0.271052 -10.65 2.4929
      vertex 28.85 -10.65 1.8
      vertex 0.220042 -10.65 2.46877
    endloop
  endfacet
  facet normal 0 1 0
    outer loop
      vertex 0.220042 -10.65 2.46877
      vertex 28.85 -10.65 1.8
      vertex 0.166913 -10.65 2.44976
    endloop
  endfacet
  facet normal 0 1 0
    outer loop
      vertex 0.166913 -10.65 2.44976
      vertex 28.85 -10.65 1.8
      vertex 0.112177 -10.65 2.43605
    endloop
  endfacet
  facet normal 0 1 0
    outer loop
      vertex 0.0563593 -10.65 2.42777
      vertex 28.85 -10.65 1.8
      vertex 0 -10.65 2.425
    endloop
  endfacet
  facet normal 0 1 0
    outer loop
      vertex 0.112177 -10.65 2.43605
      vertex 28.85 -10.65 1.8
      vertex 0.0563593 -10.65 2.42777
    endloop
  endfacet
  facet normal 0 1 -0
    outer loop
      vertex -0.0563593 -10.65 3.57223
      vertex -28.85 -10.65 4.19
      vertex 0 -10.65 3.575
    endloop
  endfacet
  facet normal 0 1 -0
    outer loop
      vertex -0.112177 -10.65 3.56395
      vertex -28.85 -10.65 4.19
      vertex -0.0563593 -10.65 3.57223
    endloop
  endfacet
  facet normal 0 1 -0
    outer loop
      vertex -0.166913 -10.65 3.55024
      vertex -28.85 -10.65 4.19
      vertex -0.112177 -10.65 3.56395
    endloop
  endfacet
  facet normal 0 1 -0
    outer loop
      vertex -0.220042 -10.65 3.53123
      vertex -28.85 -10.65 4.19
      vertex -0.166913 -10.65 3.55024
    endloop
  endfacet
  facet normal 0 1 -0
    outer loop
      vertex -0.271052 -10.65 3.5071
      vertex -28.85 -10.65 4.19
      vertex -0.220042 -10.65 3.53123
    endloop
  endfacet
  facet normal 0 1 -0
    outer loop
      vertex -0.319452 -10.65 3.47809
      vertex -28.85 -10.65 4.19
      vertex -0.271052 -10.65 3.5071
    endloop
  endfacet
  facet normal 0 1 -0
    outer loop
      vertex -0.364776 -10.65 3.44448
      vertex -28.85 -10.65 4.19
      vertex -0.319452 -10.65 3.47809
    endloop
  endfacet
  facet normal 0 1 -0
    outer loop
      vertex -0.406586 -10.65 3.40659
      vertex -28.85 -10.65 4.19
      vertex -0.364776 -10.65 3.44448
    endloop
  endfacet
  facet normal 0 1 -0
    outer loop
      vertex -0.444481 -10.65 3.36478
      vertex -28.85 -10.65 4.19
      vertex -0.406586 -10.65 3.40659
    endloop
  endfacet
  facet normal 0 1 -0
    outer loop
      vertex -0.478094 -10.65 3.31945
      vertex -28.85 -10.65 4.19
      vertex -0.444481 -10.65 3.36478
    endloop
  endfacet
  facet normal 0 1 -0
    outer loop
      vertex -0.507104 -10.65 3.27105
      vertex -28.85 -10.65 4.19
      vertex -0.478094 -10.65 3.31945
    endloop
  endfacet
  facet normal 0 1 -0
    outer loop
      vertex -0.53123 -10.65 3.22004
      vertex -28.85 -10.65 4.19
      vertex -0.507104 -10.65 3.27105
    endloop
  endfacet
  facet normal 0 1 -0
    outer loop
      vertex -0.550241 -10.65 3.16691
      vertex -28.85 -10.65 4.19
      vertex -0.53123 -10.65 3.22004
    endloop
  endfacet
  facet normal 0 1 -0
    outer loop
      vertex -0.563951 -10.65 3.11218
      vertex -28.85 -10.65 4.19
      vertex -0.550241 -10.65 3.16691
    endloop
  endfacet
  facet normal 0 1 -0
    outer loop
      vertex -0.57223 -10.65 3.05636
      vertex -28.85 -10.65 4.19
      vertex -0.563951 -10.65 3.11218
    endloop
  endfacet
  facet normal 0 1 -0
    outer loop
      vertex -0.575 -10.65 3
      vertex -28.85 -10.65 4.19
      vertex -0.57223 -10.65 3.05636
    endloop
  endfacet
  facet normal 0 1 0
    outer loop
      vertex -28.85 -10.65 1.8
      vertex -0.575 -10.65 3
      vertex -0.57223 -10.65 2.94364
    endloop
  endfacet
  facet normal 0 1 0
    outer loop
      vertex -28.85 -10.65 1.8
      vertex -0.57223 -10.65 2.94364
      vertex -0.563951 -10.65 2.88782
    endloop
  endfacet
  facet normal 0 1 0
    outer loop
      vertex -28.85 -10.65 1.8
      vertex -0.563951 -10.65 2.88782
      vertex -0.550241 -10.65 2.83309
    endloop
  endfacet
  facet normal 0 1 0
    outer loop
      vertex -28.85 -10.65 1.8
      vertex -0.550241 -10.65 2.83309
      vertex -0.53123 -10.65 2.77996
    endloop
  endfacet
  facet normal 0 1 0
    outer loop
      vertex -28.85 -10.65 1.8
      vertex -0.53123 -10.65 2.77996
      vertex -0.507104 -10.65 2.72895
    endloop
  endfacet
  facet normal 0 1 0
    outer loop
      vertex -28.85 -10.65 1.8
      vertex -0.507104 -10.65 2.72895
      vertex -0.478094 -10.65 2.68055
    endloop
  endfacet
  facet normal 0 1 0
    outer loop
      vertex -28.85 -10.65 1.8
      vertex -0.478094 -10.65 2.68055
      vertex -0.444481 -10.65 2.63522
    endloop
  endfacet
  facet normal 0 1 0
    outer loop
      vertex -28.85 -10.65 1.8
      vertex -0.444481 -10.65 2.63522
      vertex -0.406586 -10.65 2.59341
    endloop
  endfacet
  facet normal 0 1 0
    outer loop
      vertex -28.85 -10.65 1.8
      vertex -0.406586 -10.65 2.59341
      vertex -0.364776 -10.65 2.55552
    endloop
  endfacet
  facet normal 0 1 0
    outer loop
      vertex -28.85 -10.65 1.8
      vertex -0.364776 -10.65 2.55552
      vertex -0.319452 -10.65 2.5219
    endloop
  endfacet
  facet normal 0 1 0
    outer loop
      vertex -28.85 -10.65 1.8
      vertex -0.319452 -10.65 2.5219
      vertex -0.271052 -10.65 2.4929
    endloop
  endfacet
  facet normal 0 1 0
    outer loop
      vertex -28.85 -10.65 1.8
      vertex -0.271052 -10.65 2.4929
      vertex -0.220042 -10.65 2.46877
    endloop
  endfacet
  facet normal 0 1 0
    outer loop
      vertex -28.85 -10.65 1.8
      vertex -0.220042 -10.65 2.46877
      vertex -0.166913 -10.65 2.44976
    endloop
  endfacet
  facet normal 0 1 0
    outer loop
      vertex -28.85 -10.65 1.8
      vertex -0.166913 -10.65 2.44976
      vertex -0.112177 -10.65 2.43605
    endloop
  endfacet
  facet normal 0 1 0
    outer loop
      vertex -28.85 -10.65 1.8
      vertex -0.112177 -10.65 2.43605
      vertex -0.0563593 -10.65 2.42777
    endloop
  endfacet
  facet normal 0 1 0
    outer loop
      vertex -0.575 -10.65 3
      vertex -28.85 -10.65 1.8
      vertex -28.85 -10.65 4.19
    endloop
  endfacet
  facet normal 0 1 0
    outer loop
      vertex 0 -10.65 2.425
      vertex -28.85 -10.65 1.8
      vertex -0.0563593 -10.65 2.42777
    endloop
  endfacet
  facet normal 0 1 0
    outer loop
      vertex -28.85 -10.65 1.8
      vertex 0 -10.65 2.425
      vertex 28.85 -10.65 1.8
    endloop
  endfacet
  facet normal 0.427614 0 0.903961
    outer loop
      vertex -0.271052 -10.65 2.4929
      vertex -0.220042 -12.25 2.46877
      vertex -0.220042 -10.65 2.46877
    endloop
  endfacet
  facet normal 0.427614 0 0.903961
    outer loop
      vertex -0.220042 -12.25 2.46877
      vertex -0.271052 -10.65 2.4929
      vertex -0.271052 -12.25 2.4929
    endloop
  endfacet
  facet normal -0.989179 0 0.146711
    outer loop
      vertex 0.563951 -12.25 2.88782
      vertex 0.57223 -10.65 2.94364
      vertex 0.563951 -10.65 2.88782
    endloop
  endfacet
  facet normal -0.989179 0 0.146711
    outer loop
      vertex 0.57223 -10.65 2.94364
      vertex 0.563951 -12.25 2.88782
      vertex 0.57223 -12.25 2.94364
    endloop
  endfacet
  facet normal -0.998794 0 0.0490891
    outer loop
      vertex 0.57223 -12.25 2.94364
      vertex 0.575 -10.65 3
      vertex 0.57223 -10.65 2.94364
    endloop
  endfacet
  facet normal -0.998794 0 0.0490891
    outer loop
      vertex 0.575 -10.65 3
      vertex 0.57223 -12.25 2.94364
      vertex 0.575 -12.25 3
    endloop
  endfacet
  facet normal -0.970028 0 0.242994
    outer loop
      vertex 0.550241 -12.25 2.83309
      vertex 0.563951 -10.65 2.88782
      vertex 0.550241 -10.65 2.83309
    endloop
  endfacet
  facet normal -0.970028 0 0.242994
    outer loop
      vertex 0.563951 -10.65 2.88782
      vertex 0.550241 -12.25 2.83309
      vertex 0.563951 -12.25 2.88782
    endloop
  endfacet
  facet normal 0.514105 0 -0.857727
    outer loop
      vertex -0.319452 -12.25 3.47809
      vertex -0.271052 -10.65 3.5071
      vertex -0.271052 -12.25 3.5071
    endloop
  endfacet
  facet normal 0.514105 0 -0.857727
    outer loop
      vertex -0.271052 -10.65 3.5071
      vertex -0.319452 -12.25 3.47809
      vertex -0.319452 -10.65 3.47809
    endloop
  endfacet
  facet normal 0.857727 -0 0.514105
    outer loop
      vertex -0.507104 -12.25 2.72895
      vertex -0.478094 -10.65 2.68055
      vertex -0.507104 -10.65 2.72895
    endloop
  endfacet
  facet normal 0.857727 0 0.514105
    outer loop
      vertex -0.478094 -10.65 2.68055
      vertex -0.507104 -12.25 2.72895
      vertex -0.478094 -12.25 2.68055
    endloop
  endfacet
  facet normal -0.336892 0 0.941543
    outer loop
      vertex 0.166913 -10.65 2.44976
      vertex 0.220042 -12.25 2.46877
      vertex 0.220042 -10.65 2.46877
    endloop
  endfacet
  facet normal -0.336892 0 0.941543
    outer loop
      vertex 0.220042 -12.25 2.46877
      vertex 0.166913 -10.65 2.44976
      vertex 0.166913 -12.25 2.44976
    endloop
  endfacet
  facet normal -0.671516 0 0.74099
    outer loop
      vertex 0.364776 -10.65 2.55552
      vertex 0.406586 -12.25 2.59341
      vertex 0.406586 -10.65 2.59341
    endloop
  endfacet
  facet normal -0.671516 0 0.74099
    outer loop
      vertex 0.406586 -12.25 2.59341
      vertex 0.364776 -10.65 2.55552
      vertex 0.364776 -12.25 2.55552
    endloop
  endfacet
  facet normal -0.0490897 0 0.998794
    outer loop
      vertex 0 -10.65 2.425
      vertex 0.0563593 -12.25 2.42777
      vertex 0.0563593 -10.65 2.42777
    endloop
  endfacet
  facet normal -0.0490897 0 0.998794
    outer loop
      vertex 0.0563593 -12.25 2.42777
      vertex 0 -10.65 2.425
      vertex 0 -12.25 2.425
    endloop
  endfacet
  facet normal 0.94154 0 -0.336902
    outer loop
      vertex -0.53123 -12.25 3.22004
      vertex -0.550241 -10.65 3.16691
      vertex -0.53123 -10.65 3.22004
    endloop
  endfacet
  facet normal 0.94154 0 -0.336902
    outer loop
      vertex -0.550241 -10.65 3.16691
      vertex -0.53123 -12.25 3.22004
      vertex -0.550241 -12.25 3.16691
    endloop
  endfacet
  facet normal 0.146734 0 0.989176
    outer loop
      vertex -0.112177 -10.65 2.43605
      vertex -0.0563593 -12.25 2.42777
      vertex -0.0563593 -10.65 2.42777
    endloop
  endfacet
  facet normal 0.146734 0 0.989176
    outer loop
      vertex -0.0563593 -12.25 2.42777
      vertex -0.112177 -10.65 2.43605
      vertex -0.112177 -12.25 2.43605
    endloop
  endfacet
  facet normal -0.146734 0 -0.989176
    outer loop
      vertex 0.0563593 -12.25 3.57223
      vertex 0.112177 -10.65 3.56395
      vertex 0.112177 -12.25 3.56395
    endloop
  endfacet
  facet normal -0.146734 0 -0.989176
    outer loop
      vertex 0.112177 -10.65 3.56395
      vertex 0.0563593 -12.25 3.57223
      vertex 0.0563593 -10.65 3.57223
    endloop
  endfacet
  facet normal 0.740946 -0 0.671565
    outer loop
      vertex -0.444481 -12.25 2.63522
      vertex -0.406586 -10.65 2.59341
      vertex -0.444481 -10.65 2.63522
    endloop
  endfacet
  facet normal 0.740946 0 0.671565
    outer loop
      vertex -0.406586 -10.65 2.59341
      vertex -0.444481 -12.25 2.63522
      vertex -0.406586 -12.25 2.59341
    endloop
  endfacet
  facet normal -0.514105 0 -0.857727
    outer loop
      vertex 0.271052 -12.25 3.5071
      vertex 0.319452 -10.65 3.47809
      vertex 0.319452 -12.25 3.47809
    endloop
  endfacet
  facet normal -0.514105 0 -0.857727
    outer loop
      vertex 0.319452 -10.65 3.47809
      vertex 0.271052 -12.25 3.5071
      vertex 0.271052 -10.65 3.5071
    endloop
  endfacet
  facet normal -0.427614 0 -0.903961
    outer loop
      vertex 0.220042 -12.25 3.53123
      vertex 0.271052 -10.65 3.5071
      vertex 0.271052 -12.25 3.5071
    endloop
  endfacet
  facet normal -0.427614 0 -0.903961
    outer loop
      vertex 0.271052 -10.65 3.5071
      vertex 0.220042 -12.25 3.53123
      vertex 0.220042 -10.65 3.53123
    endloop
  endfacet
  facet normal -0.803259 0 -0.59563
    outer loop
      vertex 0.478094 -12.25 3.31945
      vertex 0.444481 -10.65 3.36478
      vertex 0.478094 -10.65 3.31945
    endloop
  endfacet
  facet normal -0.803259 -0 -0.59563
    outer loop
      vertex 0.444481 -10.65 3.36478
      vertex 0.478094 -12.25 3.31945
      vertex 0.444481 -12.25 3.36478
    endloop
  endfacet
  facet normal 0.513974 0 0.857806
    outer loop
      vertex -0.319452 -10.65 2.5219
      vertex -0.271052 -12.25 2.4929
      vertex -0.271052 -10.65 2.4929
    endloop
  endfacet
  facet normal 0.513974 0 0.857806
    outer loop
      vertex -0.271052 -12.25 2.4929
      vertex -0.319452 -10.65 2.5219
      vertex -0.319452 -12.25 2.5219
    endloop
  endfacet
  facet normal -0.989179 0 -0.146711
    outer loop
      vertex 0.57223 -12.25 3.05636
      vertex 0.563951 -10.65 3.11218
      vertex 0.57223 -10.65 3.05636
    endloop
  endfacet
  facet normal -0.989179 -0 -0.146711
    outer loop
      vertex 0.563951 -10.65 3.11218
      vertex 0.57223 -12.25 3.05636
      vertex 0.563951 -12.25 3.11218
    endloop
  endfacet
  facet normal 0.146734 0 -0.989176
    outer loop
      vertex -0.112177 -12.25 3.56395
      vertex -0.0563593 -10.65 3.57223
      vertex -0.0563593 -12.25 3.57223
    endloop
  endfacet
  facet normal 0.146734 0 -0.989176
    outer loop
      vertex -0.0563593 -10.65 3.57223
      vertex -0.112177 -12.25 3.56395
      vertex -0.112177 -10.65 3.56395
    endloop
  endfacet
  facet normal 0.989179 -0 0.146711
    outer loop
      vertex -0.57223 -12.25 2.94364
      vertex -0.563951 -10.65 2.88782
      vertex -0.57223 -10.65 2.94364
    endloop
  endfacet
  facet normal 0.989179 0 0.146711
    outer loop
      vertex -0.563951 -10.65 2.88782
      vertex -0.57223 -12.25 2.94364
      vertex -0.563951 -12.25 2.88782
    endloop
  endfacet
  facet normal -0.427614 0 0.903961
    outer loop
      vertex 0.220042 -10.65 2.46877
      vertex 0.271052 -12.25 2.4929
      vertex 0.271052 -10.65 2.4929
    endloop
  endfacet
  facet normal -0.427614 0 0.903961
    outer loop
      vertex 0.271052 -12.25 2.4929
      vertex 0.220042 -10.65 2.46877
      vertex 0.220042 -12.25 2.46877
    endloop
  endfacet
  facet normal 0.970028 0 -0.242994
    outer loop
      vertex -0.550241 -12.25 3.16691
      vertex -0.563951 -10.65 3.11218
      vertex -0.550241 -10.65 3.16691
    endloop
  endfacet
  facet normal 0.970028 0 -0.242994
    outer loop
      vertex -0.563951 -10.65 3.11218
      vertex -0.550241 -12.25 3.16691
      vertex -0.563951 -12.25 3.11218
    endloop
  endfacet
  facet normal -0.970028 0 -0.242994
    outer loop
      vertex 0.563951 -12.25 3.11218
      vertex 0.550241 -10.65 3.16691
      vertex 0.563951 -10.65 3.11218
    endloop
  endfacet
  facet normal -0.970028 -0 -0.242994
    outer loop
      vertex 0.550241 -10.65 3.16691
      vertex 0.563951 -12.25 3.11218
      vertex 0.550241 -12.25 3.16691
    endloop
  endfacet
  facet normal 0.242969 0 -0.970034
    outer loop
      vertex -0.166913 -12.25 3.55024
      vertex -0.112177 -10.65 3.56395
      vertex -0.112177 -12.25 3.56395
    endloop
  endfacet
  facet normal 0.242969 0 -0.970034
    outer loop
      vertex -0.112177 -10.65 3.56395
      vertex -0.166913 -12.25 3.55024
      vertex -0.166913 -10.65 3.55024
    endloop
  endfacet
  facet normal 0.427614 0 -0.903961
    outer loop
      vertex -0.271052 -12.25 3.5071
      vertex -0.220042 -10.65 3.53123
      vertex -0.220042 -12.25 3.53123
    endloop
  endfacet
  facet normal 0.427614 0 -0.903961
    outer loop
      vertex -0.220042 -10.65 3.53123
      vertex -0.271052 -12.25 3.5071
      vertex -0.271052 -10.65 3.5071
    endloop
  endfacet
  facet normal 0.336892 0 0.941543
    outer loop
      vertex -0.220042 -10.65 2.46877
      vertex -0.166913 -12.25 2.44976
      vertex -0.166913 -10.65 2.44976
    endloop
  endfacet
  facet normal 0.336892 0 0.941543
    outer loop
      vertex -0.166913 -12.25 2.44976
      vertex -0.220042 -10.65 2.46877
      vertex -0.220042 -12.25 2.46877
    endloop
  endfacet
  facet normal 0.595761 0 0.803161
    outer loop
      vertex -0.364776 -10.65 2.55552
      vertex -0.319452 -12.25 2.5219
      vertex -0.319452 -10.65 2.5219
    endloop
  endfacet
  facet normal 0.595761 0 0.803161
    outer loop
      vertex -0.319452 -12.25 2.5219
      vertex -0.364776 -10.65 2.55552
      vertex -0.364776 -12.25 2.55552
    endloop
  endfacet
  facet normal -0.242969 0 -0.970034
    outer loop
      vertex 0.112177 -12.25 3.56395
      vertex 0.166913 -10.65 3.55024
      vertex 0.166913 -12.25 3.55024
    endloop
  endfacet
  facet normal -0.242969 0 -0.970034
    outer loop
      vertex 0.166913 -10.65 3.55024
      vertex 0.112177 -12.25 3.56395
      vertex 0.112177 -10.65 3.56395
    endloop
  endfacet
  facet normal 0.242969 0 0.970034
    outer loop
      vertex -0.166913 -10.65 2.44976
      vertex -0.112177 -12.25 2.43605
      vertex -0.112177 -10.65 2.43605
    endloop
  endfacet
  facet normal 0.242969 0 0.970034
    outer loop
      vertex -0.112177 -12.25 2.43605
      vertex -0.166913 -10.65 2.44976
      vertex -0.166913 -12.25 2.44976
    endloop
  endfacet
  facet normal -0.803259 0 0.59563
    outer loop
      vertex 0.444481 -12.25 2.63522
      vertex 0.478094 -10.65 2.68055
      vertex 0.444481 -10.65 2.63522
    endloop
  endfacet
  facet normal -0.803259 0 0.59563
    outer loop
      vertex 0.478094 -10.65 2.68055
      vertex 0.444481 -12.25 2.63522
      vertex 0.478094 -12.25 2.68055
    endloop
  endfacet
  facet normal -0.903989 0 -0.427556
    outer loop
      vertex 0.53123 -12.25 3.22004
      vertex 0.507104 -10.65 3.27105
      vertex 0.53123 -10.65 3.22004
    endloop
  endfacet
  facet normal -0.903989 -0 -0.427556
    outer loop
      vertex 0.507104 -10.65 3.27105
      vertex 0.53123 -12.25 3.22004
      vertex 0.507104 -12.25 3.27105
    endloop
  endfacet
  facet normal -0.998794 0 -0.0490891
    outer loop
      vertex 0.575 -12.25 3
      vertex 0.57223 -10.65 3.05636
      vertex 0.575 -10.65 3
    endloop
  endfacet
  facet normal -0.998794 -0 -0.0490891
    outer loop
      vertex 0.57223 -10.65 3.05636
      vertex 0.575 -12.25 3
      vertex 0.57223 -12.25 3.05636
    endloop
  endfacet
  facet normal -0.242969 0 0.970034
    outer loop
      vertex 0.112177 -10.65 2.43605
      vertex 0.166913 -12.25 2.44976
      vertex 0.166913 -10.65 2.44976
    endloop
  endfacet
  facet normal -0.242969 0 0.970034
    outer loop
      vertex 0.166913 -12.25 2.44976
      vertex 0.112177 -10.65 2.43605
      vertex 0.112177 -12.25 2.43605
    endloop
  endfacet
  facet normal -0.595761 0 0.803161
    outer loop
      vertex 0.319452 -10.65 2.5219
      vertex 0.364776 -12.25 2.55552
      vertex 0.364776 -10.65 2.55552
    endloop
  endfacet
  facet normal -0.595761 0 0.803161
    outer loop
      vertex 0.364776 -12.25 2.55552
      vertex 0.319452 -10.65 2.5219
      vertex 0.319452 -12.25 2.5219
    endloop
  endfacet
  facet normal -0.513974 0 0.857806
    outer loop
      vertex 0.271052 -10.65 2.4929
      vertex 0.319452 -12.25 2.5219
      vertex 0.319452 -10.65 2.5219
    endloop
  endfacet
  facet normal -0.513974 0 0.857806
    outer loop
      vertex 0.319452 -12.25 2.5219
      vertex 0.271052 -10.65 2.4929
      vertex 0.271052 -12.25 2.4929
    endloop
  endfacet
  facet normal -0.0490897 0 -0.998794
    outer loop
      vertex 0 -12.25 3.575
      vertex 0.0563593 -10.65 3.57223
      vertex 0.0563593 -12.25 3.57223
    endloop
  endfacet
  facet normal -0.0490897 0 -0.998794
    outer loop
      vertex 0.0563593 -10.65 3.57223
      vertex 0 -12.25 3.575
      vertex 0 -10.65 3.575
    endloop
  endfacet
  facet normal -0.94154 0 0.336902
    outer loop
      vertex 0.53123 -12.25 2.77996
      vertex 0.550241 -10.65 2.83309
      vertex 0.53123 -10.65 2.77996
    endloop
  endfacet
  facet normal -0.94154 0 0.336902
    outer loop
      vertex 0.550241 -10.65 2.83309
      vertex 0.53123 -12.25 2.77996
      vertex 0.550241 -12.25 2.83309
    endloop
  endfacet
  facet normal -0.857727 0 -0.514105
    outer loop
      vertex 0.507104 -12.25 3.27105
      vertex 0.478094 -10.65 3.31945
      vertex 0.507104 -10.65 3.27105
    endloop
  endfacet
  facet normal -0.857727 -0 -0.514105
    outer loop
      vertex 0.478094 -10.65 3.31945
      vertex 0.507104 -12.25 3.27105
      vertex 0.478094 -12.25 3.31945
    endloop
  endfacet
  facet normal -0.94154 0 -0.336902
    outer loop
      vertex 0.550241 -12.25 3.16691
      vertex 0.53123 -10.65 3.22004
      vertex 0.550241 -10.65 3.16691
    endloop
  endfacet
  facet normal -0.94154 -0 -0.336902
    outer loop
      vertex 0.53123 -10.65 3.22004
      vertex 0.550241 -12.25 3.16691
      vertex 0.53123 -12.25 3.22004
    endloop
  endfacet
  facet normal -0.903989 0 0.427556
    outer loop
      vertex 0.507104 -12.25 2.72895
      vertex 0.53123 -10.65 2.77996
      vertex 0.507104 -10.65 2.72895
    endloop
  endfacet
  facet normal -0.903989 0 0.427556
    outer loop
      vertex 0.53123 -10.65 2.77996
      vertex 0.507104 -12.25 2.72895
      vertex 0.53123 -12.25 2.77996
    endloop
  endfacet
  facet normal -0.857727 0 0.514105
    outer loop
      vertex 0.478094 -12.25 2.68055
      vertex 0.507104 -10.65 2.72895
      vertex 0.478094 -10.65 2.68055
    endloop
  endfacet
  facet normal -0.857727 0 0.514105
    outer loop
      vertex 0.507104 -10.65 2.72895
      vertex 0.478094 -12.25 2.68055
      vertex 0.507104 -12.25 2.72895
    endloop
  endfacet
  facet normal -0.146734 0 0.989176
    outer loop
      vertex 0.0563593 -10.65 2.42777
      vertex 0.112177 -12.25 2.43605
      vertex 0.112177 -10.65 2.43605
    endloop
  endfacet
  facet normal -0.146734 0 0.989176
    outer loop
      vertex 0.112177 -12.25 2.43605
      vertex 0.0563593 -10.65 2.42777
      vertex 0.0563593 -12.25 2.42777
    endloop
  endfacet
  facet normal 0.671516 0 0.74099
    outer loop
      vertex -0.406586 -10.65 2.59341
      vertex -0.364776 -12.25 2.55552
      vertex -0.364776 -10.65 2.55552
    endloop
  endfacet
  facet normal 0.671516 0 0.74099
    outer loop
      vertex -0.364776 -12.25 2.55552
      vertex -0.406586 -10.65 2.59341
      vertex -0.406586 -12.25 2.59341
    endloop
  endfacet
  facet normal 0.857727 0 -0.514105
    outer loop
      vertex -0.478094 -12.25 3.31945
      vertex -0.507104 -10.65 3.27105
      vertex -0.478094 -10.65 3.31945
    endloop
  endfacet
  facet normal 0.857727 0 -0.514105
    outer loop
      vertex -0.507104 -10.65 3.27105
      vertex -0.478094 -12.25 3.31945
      vertex -0.507104 -12.25 3.27105
    endloop
  endfacet
  facet normal 0.0490897 0 0.998794
    outer loop
      vertex -0.0563593 -10.65 2.42777
      vertex 0 -12.25 2.425
      vertex 0 -10.65 2.425
    endloop
  endfacet
  facet normal 0.0490897 0 0.998794
    outer loop
      vertex 0 -12.25 2.425
      vertex -0.0563593 -10.65 2.42777
      vertex -0.0563593 -12.25 2.42777
    endloop
  endfacet
  facet normal 0.740946 0 -0.671565
    outer loop
      vertex -0.406586 -12.25 3.40659
      vertex -0.444481 -10.65 3.36478
      vertex -0.406586 -10.65 3.40659
    endloop
  endfacet
  facet normal 0.740946 0 -0.671565
    outer loop
      vertex -0.444481 -10.65 3.36478
      vertex -0.406586 -12.25 3.40659
      vertex -0.444481 -12.25 3.36478
    endloop
  endfacet
  facet normal -0.740946 0 0.671565
    outer loop
      vertex 0.406586 -12.25 2.59341
      vertex 0.444481 -10.65 2.63522
      vertex 0.406586 -10.65 2.59341
    endloop
  endfacet
  facet normal -0.740946 0 0.671565
    outer loop
      vertex 0.444481 -10.65 2.63522
      vertex 0.406586 -12.25 2.59341
      vertex 0.444481 -12.25 2.63522
    endloop
  endfacet
  facet normal 0.595647 0 -0.803246
    outer loop
      vertex -0.364776 -12.25 3.44448
      vertex -0.319452 -10.65 3.47809
      vertex -0.319452 -12.25 3.47809
    endloop
  endfacet
  facet normal 0.595647 0 -0.803246
    outer loop
      vertex -0.319452 -10.65 3.47809
      vertex -0.364776 -12.25 3.44448
      vertex -0.364776 -10.65 3.44448
    endloop
  endfacet
  facet normal 0.989179 0 -0.146711
    outer loop
      vertex -0.563951 -12.25 3.11218
      vertex -0.57223 -10.65 3.05636
      vertex -0.563951 -10.65 3.11218
    endloop
  endfacet
  facet normal 0.989179 0 -0.146711
    outer loop
      vertex -0.57223 -10.65 3.05636
      vertex -0.563951 -12.25 3.11218
      vertex -0.57223 -12.25 3.05636
    endloop
  endfacet
  facet normal 0.803259 0 -0.59563
    outer loop
      vertex -0.444481 -12.25 3.36478
      vertex -0.478094 -10.65 3.31945
      vertex -0.444481 -10.65 3.36478
    endloop
  endfacet
  facet normal 0.803259 0 -0.59563
    outer loop
      vertex -0.478094 -10.65 3.31945
      vertex -0.444481 -12.25 3.36478
      vertex -0.478094 -12.25 3.31945
    endloop
  endfacet
  facet normal -0.336892 0 -0.941543
    outer loop
      vertex 0.166913 -12.25 3.55024
      vertex 0.220042 -10.65 3.53123
      vertex 0.220042 -12.25 3.53123
    endloop
  endfacet
  facet normal -0.336892 0 -0.941543
    outer loop
      vertex 0.220042 -10.65 3.53123
      vertex 0.166913 -12.25 3.55024
      vertex 0.166913 -10.65 3.55024
    endloop
  endfacet
  facet normal 0.998794 0 -0.0490891
    outer loop
      vertex -0.57223 -12.25 3.05636
      vertex -0.575 -10.65 3
      vertex -0.57223 -10.65 3.05636
    endloop
  endfacet
  facet normal 0.998794 0 -0.0490891
    outer loop
      vertex -0.575 -10.65 3
      vertex -0.57223 -12.25 3.05636
      vertex -0.575 -12.25 3
    endloop
  endfacet
  facet normal 0.94154 -0 0.336902
    outer loop
      vertex -0.550241 -12.25 2.83309
      vertex -0.53123 -10.65 2.77996
      vertex -0.550241 -10.65 2.83309
    endloop
  endfacet
  facet normal 0.94154 0 0.336902
    outer loop
      vertex -0.53123 -10.65 2.77996
      vertex -0.550241 -12.25 2.83309
      vertex -0.53123 -12.25 2.77996
    endloop
  endfacet
  facet normal 0.903989 0 -0.427556
    outer loop
      vertex -0.507104 -12.25 3.27105
      vertex -0.53123 -10.65 3.22004
      vertex -0.507104 -10.65 3.27105
    endloop
  endfacet
  facet normal 0.903989 0 -0.427556
    outer loop
      vertex -0.53123 -10.65 3.22004
      vertex -0.507104 -12.25 3.27105
      vertex -0.53123 -12.25 3.22004
    endloop
  endfacet
  facet normal -0.595647 0 -0.803246
    outer loop
      vertex 0.319452 -12.25 3.47809
      vertex 0.364776 -10.65 3.44448
      vertex 0.364776 -12.25 3.44448
    endloop
  endfacet
  facet normal -0.595647 0 -0.803246
    outer loop
      vertex 0.364776 -10.65 3.44448
      vertex 0.319452 -12.25 3.47809
      vertex 0.319452 -10.65 3.47809
    endloop
  endfacet
  facet normal 0.803259 -0 0.59563
    outer loop
      vertex -0.478094 -12.25 2.68055
      vertex -0.444481 -10.65 2.63522
      vertex -0.478094 -10.65 2.68055
    endloop
  endfacet
  facet normal 0.803259 0 0.59563
    outer loop
      vertex -0.444481 -10.65 2.63522
      vertex -0.478094 -12.25 2.68055
      vertex -0.444481 -12.25 2.63522
    endloop
  endfacet
  facet normal 0.970028 -0 0.242994
    outer loop
      vertex -0.563951 -12.25 2.88782
      vertex -0.550241 -10.65 2.83309
      vertex -0.563951 -10.65 2.88782
    endloop
  endfacet
  facet normal 0.970028 0 0.242994
    outer loop
      vertex -0.550241 -10.65 2.83309
      vertex -0.563951 -12.25 2.88782
      vertex -0.550241 -12.25 2.83309
    endloop
  endfacet
  facet normal 0.903989 -0 0.427556
    outer loop
      vertex -0.53123 -12.25 2.77996
      vertex -0.507104 -10.65 2.72895
      vertex -0.53123 -10.65 2.77996
    endloop
  endfacet
  facet normal 0.903989 0 0.427556
    outer loop
      vertex -0.507104 -10.65 2.72895
      vertex -0.53123 -12.25 2.77996
      vertex -0.507104 -12.25 2.72895
    endloop
  endfacet
  facet normal 0.336892 0 -0.941543
    outer loop
      vertex -0.220042 -12.25 3.53123
      vertex -0.166913 -10.65 3.55024
      vertex -0.166913 -12.25 3.55024
    endloop
  endfacet
  facet normal 0.336892 0 -0.941543
    outer loop
      vertex -0.166913 -10.65 3.55024
      vertex -0.220042 -12.25 3.53123
      vertex -0.220042 -10.65 3.53123
    endloop
  endfacet
  facet normal 0.0490897 0 -0.998794
    outer loop
      vertex -0.0563593 -12.25 3.57223
      vertex 0 -10.65 3.575
      vertex 0 -12.25 3.575
    endloop
  endfacet
  facet normal 0.0490897 0 -0.998794
    outer loop
      vertex 0 -10.65 3.575
      vertex -0.0563593 -12.25 3.57223
      vertex -0.0563593 -10.65 3.57223
    endloop
  endfacet
  facet normal 0.998794 -0 0.0490891
    outer loop
      vertex -0.575 -12.25 3
      vertex -0.57223 -10.65 2.94364
      vertex -0.575 -10.65 3
    endloop
  endfacet
  facet normal 0.998794 0 0.0490891
    outer loop
      vertex -0.57223 -10.65 2.94364
      vertex -0.575 -12.25 3
      vertex -0.57223 -12.25 2.94364
    endloop
  endfacet
  facet normal 0.671516 0 -0.74099
    outer loop
      vertex -0.406586 -12.25 3.40659
      vertex -0.364776 -10.65 3.44448
      vertex -0.364776 -12.25 3.44448
    endloop
  endfacet
  facet normal 0.671516 0 -0.74099
    outer loop
      vertex -0.364776 -10.65 3.44448
      vertex -0.406586 -12.25 3.40659
      vertex -0.406586 -10.65 3.40659
    endloop
  endfacet
  facet normal -0.740946 0 -0.671565
    outer loop
      vertex 0.444481 -12.25 3.36478
      vertex 0.406586 -10.65 3.40659
      vertex 0.444481 -10.65 3.36478
    endloop
  endfacet
  facet normal -0.740946 -0 -0.671565
    outer loop
      vertex 0.406586 -10.65 3.40659
      vertex 0.444481 -12.25 3.36478
      vertex 0.406586 -12.25 3.40659
    endloop
  endfacet
  facet normal -0.671516 0 -0.74099
    outer loop
      vertex 0.364776 -12.25 3.44448
      vertex 0.406586 -10.65 3.40659
      vertex 0.406586 -12.25 3.40659
    endloop
  endfacet
  facet normal -0.671516 0 -0.74099
    outer loop
      vertex 0.406586 -10.65 3.40659
      vertex 0.364776 -12.25 3.44448
      vertex 0.364776 -10.65 3.44448
    endloop
  endfacet
  facet normal 0.998794 0 -0.0490891
    outer loop
      vertex -0.57223 10.65 3.05636
      vertex -0.575 12.25 3
      vertex -0.57223 12.25 3.05636
    endloop
  endfacet
  facet normal 0.998794 0 -0.0490891
    outer loop
      vertex -0.575 12.25 3
      vertex -0.57223 10.65 3.05636
      vertex -0.575 10.65 3
    endloop
  endfacet
  facet normal -0.989179 0 -0.146711
    outer loop
      vertex 0.57223 10.65 3.05636
      vertex 0.563951 12.25 3.11218
      vertex 0.57223 12.25 3.05636
    endloop
  endfacet
  facet normal -0.989179 -0 -0.146711
    outer loop
      vertex 0.563951 12.25 3.11218
      vertex 0.57223 10.65 3.05636
      vertex 0.563951 10.65 3.11218
    endloop
  endfacet
  facet normal -0.998794 0 -0.0490891
    outer loop
      vertex 0.575 10.65 3
      vertex 0.57223 12.25 3.05636
      vertex 0.575 12.25 3
    endloop
  endfacet
  facet normal -0.998794 -0 -0.0490891
    outer loop
      vertex 0.57223 12.25 3.05636
      vertex 0.575 10.65 3
      vertex 0.57223 10.65 3.05636
    endloop
  endfacet
  facet normal -0.970028 0 -0.242994
    outer loop
      vertex 0.563951 10.65 3.11218
      vertex 0.550241 12.25 3.16691
      vertex 0.563951 12.25 3.11218
    endloop
  endfacet
  facet normal -0.970028 -0 -0.242994
    outer loop
      vertex 0.550241 12.25 3.16691
      vertex 0.563951 10.65 3.11218
      vertex 0.550241 10.65 3.16691
    endloop
  endfacet
  facet normal -0.146734 0 -0.989176
    outer loop
      vertex 0.0563593 10.65 3.57223
      vertex 0.112177 12.25 3.56395
      vertex 0.112177 10.65 3.56395
    endloop
  endfacet
  facet normal -0.146734 0 -0.989176
    outer loop
      vertex 0.112177 12.25 3.56395
      vertex 0.0563593 10.65 3.57223
      vertex 0.0563593 12.25 3.57223
    endloop
  endfacet
  facet normal 0.146734 0 -0.989176
    outer loop
      vertex -0.112177 10.65 3.56395
      vertex -0.0563593 12.25 3.57223
      vertex -0.0563593 10.65 3.57223
    endloop
  endfacet
  facet normal 0.146734 0 -0.989176
    outer loop
      vertex -0.0563593 12.25 3.57223
      vertex -0.112177 10.65 3.56395
      vertex -0.112177 12.25 3.56395
    endloop
  endfacet
  facet normal -0.427614 0 -0.903961
    outer loop
      vertex 0.220042 10.65 3.53123
      vertex 0.271052 12.25 3.5071
      vertex 0.271052 10.65 3.5071
    endloop
  endfacet
  facet normal -0.427614 0 -0.903961
    outer loop
      vertex 0.271052 12.25 3.5071
      vertex 0.220042 10.65 3.53123
      vertex 0.220042 12.25 3.53123
    endloop
  endfacet
  facet normal 0.970028 -0 0.242994
    outer loop
      vertex -0.563951 10.65 2.88782
      vertex -0.550241 12.25 2.83309
      vertex -0.563951 12.25 2.88782
    endloop
  endfacet
  facet normal 0.970028 0 0.242994
    outer loop
      vertex -0.550241 12.25 2.83309
      vertex -0.563951 10.65 2.88782
      vertex -0.550241 10.65 2.83309
    endloop
  endfacet
  facet normal 0.94154 0 -0.336902
    outer loop
      vertex -0.53123 10.65 3.22004
      vertex -0.550241 12.25 3.16691
      vertex -0.53123 12.25 3.22004
    endloop
  endfacet
  facet normal 0.94154 0 -0.336902
    outer loop
      vertex -0.550241 12.25 3.16691
      vertex -0.53123 10.65 3.22004
      vertex -0.550241 10.65 3.16691
    endloop
  endfacet
  facet normal 0.803259 0 -0.59563
    outer loop
      vertex -0.444481 10.65 3.36478
      vertex -0.478094 12.25 3.31945
      vertex -0.444481 12.25 3.36478
    endloop
  endfacet
  facet normal 0.803259 0 -0.59563
    outer loop
      vertex -0.478094 12.25 3.31945
      vertex -0.444481 10.65 3.36478
      vertex -0.478094 10.65 3.31945
    endloop
  endfacet
  facet normal 0.427614 0 -0.903961
    outer loop
      vertex -0.271052 10.65 3.5071
      vertex -0.220042 12.25 3.53123
      vertex -0.220042 10.65 3.53123
    endloop
  endfacet
  facet normal 0.427614 0 -0.903961
    outer loop
      vertex -0.220042 12.25 3.53123
      vertex -0.271052 10.65 3.5071
      vertex -0.271052 12.25 3.5071
    endloop
  endfacet
  facet normal -0.803259 0 0.59563
    outer loop
      vertex 0.444481 10.65 2.63522
      vertex 0.478094 12.25 2.68055
      vertex 0.444481 12.25 2.63522
    endloop
  endfacet
  facet normal -0.803259 0 0.59563
    outer loop
      vertex 0.478094 12.25 2.68055
      vertex 0.444481 10.65 2.63522
      vertex 0.478094 10.65 2.68055
    endloop
  endfacet
  facet normal 0.336892 0 0.941543
    outer loop
      vertex -0.220042 12.25 2.46877
      vertex -0.166913 10.65 2.44976
      vertex -0.166913 12.25 2.44976
    endloop
  endfacet
  facet normal 0.336892 0 0.941543
    outer loop
      vertex -0.166913 10.65 2.44976
      vertex -0.220042 12.25 2.46877
      vertex -0.220042 10.65 2.46877
    endloop
  endfacet
  facet normal 0.595647 0 -0.803246
    outer loop
      vertex -0.364776 10.65 3.44448
      vertex -0.319452 12.25 3.47809
      vertex -0.319452 10.65 3.47809
    endloop
  endfacet
  facet normal 0.595647 0 -0.803246
    outer loop
      vertex -0.319452 12.25 3.47809
      vertex -0.364776 10.65 3.44448
      vertex -0.364776 12.25 3.44448
    endloop
  endfacet
  facet normal 0.427614 0 0.903961
    outer loop
      vertex -0.271052 12.25 2.4929
      vertex -0.220042 10.65 2.46877
      vertex -0.220042 12.25 2.46877
    endloop
  endfacet
  facet normal 0.427614 0 0.903961
    outer loop
      vertex -0.220042 10.65 2.46877
      vertex -0.271052 12.25 2.4929
      vertex -0.271052 10.65 2.4929
    endloop
  endfacet
  facet normal 0.242969 0 -0.970034
    outer loop
      vertex -0.166913 10.65 3.55024
      vertex -0.112177 12.25 3.56395
      vertex -0.112177 10.65 3.56395
    endloop
  endfacet
  facet normal 0.242969 0 -0.970034
    outer loop
      vertex -0.112177 12.25 3.56395
      vertex -0.166913 10.65 3.55024
      vertex -0.166913 12.25 3.55024
    endloop
  endfacet
  facet normal 0.903989 0 -0.427556
    outer loop
      vertex -0.507104 10.65 3.27105
      vertex -0.53123 12.25 3.22004
      vertex -0.507104 12.25 3.27105
    endloop
  endfacet
  facet normal 0.903989 0 -0.427556
    outer loop
      vertex -0.53123 12.25 3.22004
      vertex -0.507104 10.65 3.27105
      vertex -0.53123 10.65 3.22004
    endloop
  endfacet
  facet normal 0.903989 -0 0.427556
    outer loop
      vertex -0.53123 10.65 2.77996
      vertex -0.507104 12.25 2.72895
      vertex -0.53123 12.25 2.77996
    endloop
  endfacet
  facet normal 0.903989 0 0.427556
    outer loop
      vertex -0.507104 12.25 2.72895
      vertex -0.53123 10.65 2.77996
      vertex -0.507104 10.65 2.72895
    endloop
  endfacet
  facet normal -0.336892 0 -0.941543
    outer loop
      vertex 0.166913 10.65 3.55024
      vertex 0.220042 12.25 3.53123
      vertex 0.220042 10.65 3.53123
    endloop
  endfacet
  facet normal -0.336892 0 -0.941543
    outer loop
      vertex 0.220042 12.25 3.53123
      vertex 0.166913 10.65 3.55024
      vertex 0.166913 12.25 3.55024
    endloop
  endfacet
  facet normal 0.94154 -0 0.336902
    outer loop
      vertex -0.550241 10.65 2.83309
      vertex -0.53123 12.25 2.77996
      vertex -0.550241 12.25 2.83309
    endloop
  endfacet
  facet normal 0.94154 0 0.336902
    outer loop
      vertex -0.53123 12.25 2.77996
      vertex -0.550241 10.65 2.83309
      vertex -0.53123 10.65 2.77996
    endloop
  endfacet
  facet normal -0.513974 0 0.857806
    outer loop
      vertex 0.271052 12.25 2.4929
      vertex 0.319452 10.65 2.5219
      vertex 0.319452 12.25 2.5219
    endloop
  endfacet
  facet normal -0.513974 0 0.857806
    outer loop
      vertex 0.319452 10.65 2.5219
      vertex 0.271052 12.25 2.4929
      vertex 0.271052 10.65 2.4929
    endloop
  endfacet
  facet normal 0.857727 0 -0.514105
    outer loop
      vertex -0.478094 10.65 3.31945
      vertex -0.507104 12.25 3.27105
      vertex -0.478094 12.25 3.31945
    endloop
  endfacet
  facet normal 0.857727 0 -0.514105
    outer loop
      vertex -0.507104 12.25 3.27105
      vertex -0.478094 10.65 3.31945
      vertex -0.507104 10.65 3.27105
    endloop
  endfacet
  facet normal 0.803259 -0 0.59563
    outer loop
      vertex -0.478094 10.65 2.68055
      vertex -0.444481 12.25 2.63522
      vertex -0.478094 12.25 2.68055
    endloop
  endfacet
  facet normal 0.803259 0 0.59563
    outer loop
      vertex -0.444481 12.25 2.63522
      vertex -0.478094 10.65 2.68055
      vertex -0.444481 10.65 2.63522
    endloop
  endfacet
  facet normal -0.0490897 0 0.998794
    outer loop
      vertex 0 12.25 2.425
      vertex 0.0563593 10.65 2.42777
      vertex 0.0563593 12.25 2.42777
    endloop
  endfacet
  facet normal -0.0490897 0 0.998794
    outer loop
      vertex 0.0563593 10.65 2.42777
      vertex 0 12.25 2.425
      vertex 0 10.65 2.425
    endloop
  endfacet
  facet normal -0.427614 0 0.903961
    outer loop
      vertex 0.220042 12.25 2.46877
      vertex 0.271052 10.65 2.4929
      vertex 0.271052 12.25 2.4929
    endloop
  endfacet
  facet normal -0.427614 0 0.903961
    outer loop
      vertex 0.271052 10.65 2.4929
      vertex 0.220042 12.25 2.46877
      vertex 0.220042 10.65 2.46877
    endloop
  endfacet
  facet normal 0.671516 0 -0.74099
    outer loop
      vertex -0.406586 10.65 3.40659
      vertex -0.364776 12.25 3.44448
      vertex -0.364776 10.65 3.44448
    endloop
  endfacet
  facet normal 0.671516 0 -0.74099
    outer loop
      vertex -0.364776 12.25 3.44448
      vertex -0.406586 10.65 3.40659
      vertex -0.406586 12.25 3.40659
    endloop
  endfacet
  facet normal -0.94154 0 -0.336902
    outer loop
      vertex 0.550241 10.65 3.16691
      vertex 0.53123 12.25 3.22004
      vertex 0.550241 12.25 3.16691
    endloop
  endfacet
  facet normal -0.94154 -0 -0.336902
    outer loop
      vertex 0.53123 12.25 3.22004
      vertex 0.550241 10.65 3.16691
      vertex 0.53123 10.65 3.22004
    endloop
  endfacet
  facet normal -0.998794 0 0.0490891
    outer loop
      vertex 0.57223 10.65 2.94364
      vertex 0.575 12.25 3
      vertex 0.57223 12.25 2.94364
    endloop
  endfacet
  facet normal -0.998794 0 0.0490891
    outer loop
      vertex 0.575 12.25 3
      vertex 0.57223 10.65 2.94364
      vertex 0.575 10.65 3
    endloop
  endfacet
  facet normal -0.903989 0 -0.427556
    outer loop
      vertex 0.53123 10.65 3.22004
      vertex 0.507104 12.25 3.27105
      vertex 0.53123 12.25 3.22004
    endloop
  endfacet
  facet normal -0.903989 -0 -0.427556
    outer loop
      vertex 0.507104 12.25 3.27105
      vertex 0.53123 10.65 3.22004
      vertex 0.507104 10.65 3.27105
    endloop
  endfacet
  facet normal -0.857727 0 0.514105
    outer loop
      vertex 0.478094 10.65 2.68055
      vertex 0.507104 12.25 2.72895
      vertex 0.478094 12.25 2.68055
    endloop
  endfacet
  facet normal -0.857727 0 0.514105
    outer loop
      vertex 0.507104 12.25 2.72895
      vertex 0.478094 10.65 2.68055
      vertex 0.507104 10.65 2.72895
    endloop
  endfacet
  facet normal 0.671516 0 0.74099
    outer loop
      vertex -0.406586 12.25 2.59341
      vertex -0.364776 10.65 2.55552
      vertex -0.364776 12.25 2.55552
    endloop
  endfacet
  facet normal 0.671516 0 0.74099
    outer loop
      vertex -0.364776 10.65 2.55552
      vertex -0.406586 12.25 2.59341
      vertex -0.406586 10.65 2.59341
    endloop
  endfacet
  facet normal -0.857727 0 -0.514105
    outer loop
      vertex 0.507104 10.65 3.27105
      vertex 0.478094 12.25 3.31945
      vertex 0.507104 12.25 3.27105
    endloop
  endfacet
  facet normal -0.857727 -0 -0.514105
    outer loop
      vertex 0.478094 12.25 3.31945
      vertex 0.507104 10.65 3.27105
      vertex 0.478094 10.65 3.31945
    endloop
  endfacet
  facet normal -0.514105 0 -0.857727
    outer loop
      vertex 0.271052 10.65 3.5071
      vertex 0.319452 12.25 3.47809
      vertex 0.319452 10.65 3.47809
    endloop
  endfacet
  facet normal -0.514105 0 -0.857727
    outer loop
      vertex 0.319452 12.25 3.47809
      vertex 0.271052 10.65 3.5071
      vertex 0.271052 12.25 3.5071
    endloop
  endfacet
  facet normal 0.336892 0 -0.941543
    outer loop
      vertex -0.220042 10.65 3.53123
      vertex -0.166913 12.25 3.55024
      vertex -0.166913 10.65 3.55024
    endloop
  endfacet
  facet normal 0.336892 0 -0.941543
    outer loop
      vertex -0.166913 12.25 3.55024
      vertex -0.220042 10.65 3.53123
      vertex -0.220042 12.25 3.53123
    endloop
  endfacet
  facet normal -0.595761 0 0.803161
    outer loop
      vertex 0.319452 12.25 2.5219
      vertex 0.364776 10.65 2.55552
      vertex 0.364776 12.25 2.55552
    endloop
  endfacet
  facet normal -0.595761 0 0.803161
    outer loop
      vertex 0.364776 10.65 2.55552
      vertex 0.319452 12.25 2.5219
      vertex 0.319452 10.65 2.5219
    endloop
  endfacet
  facet normal 0.970028 0 -0.242994
    outer loop
      vertex -0.550241 10.65 3.16691
      vertex -0.563951 12.25 3.11218
      vertex -0.550241 12.25 3.16691
    endloop
  endfacet
  facet normal 0.970028 0 -0.242994
    outer loop
      vertex -0.563951 12.25 3.11218
      vertex -0.550241 10.65 3.16691
      vertex -0.563951 10.65 3.11218
    endloop
  endfacet
  facet normal -0.336892 0 0.941543
    outer loop
      vertex 0.166913 12.25 2.44976
      vertex 0.220042 10.65 2.46877
      vertex 0.220042 12.25 2.46877
    endloop
  endfacet
  facet normal -0.336892 0 0.941543
    outer loop
      vertex 0.220042 10.65 2.46877
      vertex 0.166913 12.25 2.44976
      vertex 0.166913 10.65 2.44976
    endloop
  endfacet
  facet normal 0.989179 0 -0.146711
    outer loop
      vertex -0.563951 10.65 3.11218
      vertex -0.57223 12.25 3.05636
      vertex -0.563951 12.25 3.11218
    endloop
  endfacet
  facet normal 0.989179 0 -0.146711
    outer loop
      vertex -0.57223 12.25 3.05636
      vertex -0.563951 10.65 3.11218
      vertex -0.57223 10.65 3.05636
    endloop
  endfacet
  facet normal -0.803259 0 -0.59563
    outer loop
      vertex 0.478094 10.65 3.31945
      vertex 0.444481 12.25 3.36478
      vertex 0.478094 12.25 3.31945
    endloop
  endfacet
  facet normal -0.803259 -0 -0.59563
    outer loop
      vertex 0.444481 12.25 3.36478
      vertex 0.478094 10.65 3.31945
      vertex 0.444481 10.65 3.36478
    endloop
  endfacet
  facet normal 0.513974 0 0.857806
    outer loop
      vertex -0.319452 12.25 2.5219
      vertex -0.271052 10.65 2.4929
      vertex -0.271052 12.25 2.4929
    endloop
  endfacet
  facet normal 0.513974 0 0.857806
    outer loop
      vertex -0.271052 10.65 2.4929
      vertex -0.319452 12.25 2.5219
      vertex -0.319452 10.65 2.5219
    endloop
  endfacet
  facet normal -0.903989 0 0.427556
    outer loop
      vertex 0.507104 10.65 2.72895
      vertex 0.53123 12.25 2.77996
      vertex 0.507104 12.25 2.72895
    endloop
  endfacet
  facet normal -0.903989 0 0.427556
    outer loop
      vertex 0.53123 12.25 2.77996
      vertex 0.507104 10.65 2.72895
      vertex 0.53123 10.65 2.77996
    endloop
  endfacet
  facet normal -0.740946 0 0.671565
    outer loop
      vertex 0.406586 10.65 2.59341
      vertex 0.444481 12.25 2.63522
      vertex 0.406586 12.25 2.59341
    endloop
  endfacet
  facet normal -0.740946 0 0.671565
    outer loop
      vertex 0.444481 12.25 2.63522
      vertex 0.406586 10.65 2.59341
      vertex 0.444481 10.65 2.63522
    endloop
  endfacet
  facet normal -0.0490897 0 -0.998794
    outer loop
      vertex 0 10.65 3.575
      vertex 0.0563593 12.25 3.57223
      vertex 0.0563593 10.65 3.57223
    endloop
  endfacet
  facet normal -0.0490897 0 -0.998794
    outer loop
      vertex 0.0563593 12.25 3.57223
      vertex 0 10.65 3.575
      vertex 0 12.25 3.575
    endloop
  endfacet
  facet normal 0.0490897 0 0.998794
    outer loop
      vertex -0.0563593 12.25 2.42777
      vertex 0 10.65 2.425
      vertex 0 12.25 2.425
    endloop
  endfacet
  facet normal 0.0490897 0 0.998794
    outer loop
      vertex 0 10.65 2.425
      vertex -0.0563593 12.25 2.42777
      vertex -0.0563593 10.65 2.42777
    endloop
  endfacet
  facet normal -0.671516 0 -0.74099
    outer loop
      vertex 0.364776 10.65 3.44448
      vertex 0.406586 12.25 3.40659
      vertex 0.406586 10.65 3.40659
    endloop
  endfacet
  facet normal -0.671516 0 -0.74099
    outer loop
      vertex 0.406586 12.25 3.40659
      vertex 0.364776 10.65 3.44448
      vertex 0.364776 12.25 3.44448
    endloop
  endfacet
  facet normal -0.989179 0 0.146711
    outer loop
      vertex 0.563951 10.65 2.88782
      vertex 0.57223 12.25 2.94364
      vertex 0.563951 12.25 2.88782
    endloop
  endfacet
  facet normal -0.989179 0 0.146711
    outer loop
      vertex 0.57223 12.25 2.94364
      vertex 0.563951 10.65 2.88782
      vertex 0.57223 10.65 2.94364
    endloop
  endfacet
  facet normal -0.970028 0 0.242994
    outer loop
      vertex 0.550241 10.65 2.83309
      vertex 0.563951 12.25 2.88782
      vertex 0.550241 12.25 2.83309
    endloop
  endfacet
  facet normal -0.970028 0 0.242994
    outer loop
      vertex 0.563951 12.25 2.88782
      vertex 0.550241 10.65 2.83309
      vertex 0.563951 10.65 2.88782
    endloop
  endfacet
  facet normal -0.146734 0 0.989176
    outer loop
      vertex 0.0563593 12.25 2.42777
      vertex 0.112177 10.65 2.43605
      vertex 0.112177 12.25 2.43605
    endloop
  endfacet
  facet normal -0.146734 0 0.989176
    outer loop
      vertex 0.112177 10.65 2.43605
      vertex 0.0563593 12.25 2.42777
      vertex 0.0563593 10.65 2.42777
    endloop
  endfacet
  facet normal -0.242969 0 0.970034
    outer loop
      vertex 0.112177 12.25 2.43605
      vertex 0.166913 10.65 2.44976
      vertex 0.166913 12.25 2.44976
    endloop
  endfacet
  facet normal -0.242969 0 0.970034
    outer loop
      vertex 0.166913 10.65 2.44976
      vertex 0.112177 12.25 2.43605
      vertex 0.112177 10.65 2.43605
    endloop
  endfacet
  facet normal -0.595647 0 -0.803246
    outer loop
      vertex 0.319452 10.65 3.47809
      vertex 0.364776 12.25 3.44448
      vertex 0.364776 10.65 3.44448
    endloop
  endfacet
  facet normal -0.595647 0 -0.803246
    outer loop
      vertex 0.364776 12.25 3.44448
      vertex 0.319452 10.65 3.47809
      vertex 0.319452 12.25 3.47809
    endloop
  endfacet
  facet normal 0.0490897 0 -0.998794
    outer loop
      vertex -0.0563593 10.65 3.57223
      vertex 0 12.25 3.575
      vertex 0 10.65 3.575
    endloop
  endfacet
  facet normal 0.0490897 0 -0.998794
    outer loop
      vertex 0 12.25 3.575
      vertex -0.0563593 10.65 3.57223
      vertex -0.0563593 12.25 3.57223
    endloop
  endfacet
  facet normal -0.740946 0 -0.671565
    outer loop
      vertex 0.444481 10.65 3.36478
      vertex 0.406586 12.25 3.40659
      vertex 0.444481 12.25 3.36478
    endloop
  endfacet
  facet normal -0.740946 -0 -0.671565
    outer loop
      vertex 0.406586 12.25 3.40659
      vertex 0.444481 10.65 3.36478
      vertex 0.406586 10.65 3.40659
    endloop
  endfacet
  facet normal 0.989179 -0 0.146711
    outer loop
      vertex -0.57223 10.65 2.94364
      vertex -0.563951 12.25 2.88782
      vertex -0.57223 12.25 2.94364
    endloop
  endfacet
  facet normal 0.989179 0 0.146711
    outer loop
      vertex -0.563951 12.25 2.88782
      vertex -0.57223 10.65 2.94364
      vertex -0.563951 10.65 2.88782
    endloop
  endfacet
  facet normal 0.740946 -0 0.671565
    outer loop
      vertex -0.444481 10.65 2.63522
      vertex -0.406586 12.25 2.59341
      vertex -0.444481 12.25 2.63522
    endloop
  endfacet
  facet normal 0.740946 0 0.671565
    outer loop
      vertex -0.406586 12.25 2.59341
      vertex -0.444481 10.65 2.63522
      vertex -0.406586 10.65 2.59341
    endloop
  endfacet
  facet normal 0.740946 0 -0.671565
    outer loop
      vertex -0.406586 10.65 3.40659
      vertex -0.444481 12.25 3.36478
      vertex -0.406586 12.25 3.40659
    endloop
  endfacet
  facet normal 0.740946 0 -0.671565
    outer loop
      vertex -0.444481 12.25 3.36478
      vertex -0.406586 10.65 3.40659
      vertex -0.444481 10.65 3.36478
    endloop
  endfacet
  facet normal 0.242969 0 0.970034
    outer loop
      vertex -0.166913 12.25 2.44976
      vertex -0.112177 10.65 2.43605
      vertex -0.112177 12.25 2.43605
    endloop
  endfacet
  facet normal 0.242969 0 0.970034
    outer loop
      vertex -0.112177 10.65 2.43605
      vertex -0.166913 12.25 2.44976
      vertex -0.166913 10.65 2.44976
    endloop
  endfacet
  facet normal 0.514105 0 -0.857727
    outer loop
      vertex -0.319452 10.65 3.47809
      vertex -0.271052 12.25 3.5071
      vertex -0.271052 10.65 3.5071
    endloop
  endfacet
  facet normal 0.514105 0 -0.857727
    outer loop
      vertex -0.271052 12.25 3.5071
      vertex -0.319452 10.65 3.47809
      vertex -0.319452 12.25 3.47809
    endloop
  endfacet
  facet normal 0.595761 0 0.803161
    outer loop
      vertex -0.364776 12.25 2.55552
      vertex -0.319452 10.65 2.5219
      vertex -0.319452 12.25 2.5219
    endloop
  endfacet
  facet normal 0.595761 0 0.803161
    outer loop
      vertex -0.319452 10.65 2.5219
      vertex -0.364776 12.25 2.55552
      vertex -0.364776 10.65 2.55552
    endloop
  endfacet
  facet normal -0.94154 0 0.336902
    outer loop
      vertex 0.53123 10.65 2.77996
      vertex 0.550241 12.25 2.83309
      vertex 0.53123 12.25 2.77996
    endloop
  endfacet
  facet normal -0.94154 0 0.336902
    outer loop
      vertex 0.550241 12.25 2.83309
      vertex 0.53123 10.65 2.77996
      vertex 0.550241 10.65 2.83309
    endloop
  endfacet
  facet normal 0.857727 -0 0.514105
    outer loop
      vertex -0.507104 10.65 2.72895
      vertex -0.478094 12.25 2.68055
      vertex -0.507104 12.25 2.72895
    endloop
  endfacet
  facet normal 0.857727 0 0.514105
    outer loop
      vertex -0.478094 12.25 2.68055
      vertex -0.507104 10.65 2.72895
      vertex -0.478094 10.65 2.68055
    endloop
  endfacet
  facet normal 0.998794 -0 0.0490891
    outer loop
      vertex -0.575 10.65 3
      vertex -0.57223 12.25 2.94364
      vertex -0.575 12.25 3
    endloop
  endfacet
  facet normal 0.998794 0 0.0490891
    outer loop
      vertex -0.57223 12.25 2.94364
      vertex -0.575 10.65 3
      vertex -0.57223 10.65 2.94364
    endloop
  endfacet
  facet normal 0.146734 0 0.989176
    outer loop
      vertex -0.112177 12.25 2.43605
      vertex -0.0563593 10.65 2.42777
      vertex -0.0563593 12.25 2.42777
    endloop
  endfacet
  facet normal 0.146734 0 0.989176
    outer loop
      vertex -0.0563593 10.65 2.42777
      vertex -0.112177 12.25 2.43605
      vertex -0.112177 10.65 2.43605
    endloop
  endfacet
  facet normal -0.671516 0 0.74099
    outer loop
      vertex 0.364776 12.25 2.55552
      vertex 0.406586 10.65 2.59341
      vertex 0.406586 12.25 2.59341
    endloop
  endfacet
  facet normal -0.671516 0 0.74099
    outer loop
      vertex 0.406586 10.65 2.59341
      vertex 0.364776 12.25 2.55552
      vertex 0.364776 10.65 2.55552
    endloop
  endfacet
  facet normal -0.242969 0 -0.970034
    outer loop
      vertex 0.112177 10.65 3.56395
      vertex 0.166913 12.25 3.55024
      vertex 0.166913 10.65 3.55024
    endloop
  endfacet
  facet normal -0.242969 0 -0.970034
    outer loop
      vertex 0.166913 12.25 3.55024
      vertex 0.112177 10.65 3.56395
      vertex 0.112177 12.25 3.56395
    endloop
  endfacet
endsolid OpenSCAD_Model
