solid OpenSCAD_Model
  facet normal 0.999391 0 -0.0348849
    outer loop
      vertex -1.64233 -6 0.219732
      vertex -1.65 -5 0
      vertex -1.64233 -5 0.219732
    endloop
  endfacet
  facet normal 0.999391 0 -0.0348849
    outer loop
      vertex -1.65 -5 0
      vertex -1.64233 -6 0.219732
      vertex -1.65 -6 0
    endloop
  endfacet
  facet normal -0.994518 0 -0.104563
    outer loop
      vertex 4.64233 -6 0.219732
      vertex 4.61934 -4.99 0.438395
      vertex 4.64233 -4.99 0.219732
    endloop
  endfacet
  facet normal -0.994518 -0 -0.104563
    outer loop
      vertex 4.61934 -4.99 0.438395
      vertex 4.64233 -6 0.219732
      vertex 4.61934 -6 0.438395
    endloop
  endfacet
  facet normal -0.999391 0 -0.0348849
    outer loop
      vertex 4.65 -6 0
      vertex 4.64233 -4.99 0.219732
      vertex 4.65 -4.99 0
    endloop
  endfacet
  facet normal -0.999391 -0 -0.0348849
    outer loop
      vertex 4.64233 -4.99 0.219732
      vertex 4.65 -6 0
      vertex 4.64233 -6 0.219732
    endloop
  endfacet
  facet normal -0.587815 0 0.808996
    outer loop
      vertex 3.26146 -5 -2.61147
      vertex 3.43933 -6 -2.48223
      vertex 3.43933 -5 -2.48223
    endloop
  endfacet
  facet normal -0.587815 0 0.808996
    outer loop
      vertex 3.43933 -6 -2.48223
      vertex 3.26146 -5 -2.61147
      vertex 3.26146 -6 -2.61147
    endloop
  endfacet
  facet normal -0.529909 0 -0.848055
    outer loop
      vertex 3.075 -6 2.72798
      vertex 3.26146 -4.99 2.61147
      vertex 3.26146 -6 2.61147
    endloop
  endfacet
  facet normal -0.529909 0 -0.848055
    outer loop
      vertex 3.26146 -4.99 2.61147
      vertex 3.075 -6 2.72798
      vertex 3.075 -4.99 2.72798
    endloop
  endfacet
  facet normal -0.951058 0 0.309011
    outer loop
      vertex 4.46003 -6 -1.07736
      vertex 4.52797 -4.99 -0.868258
      vertex 4.46003 -4.99 -1.07736
    endloop
  endfacet
  facet normal -0.951058 0 0.309011
    outer loop
      vertex 4.52797 -4.99 -0.868258
      vertex 4.46003 -6 -1.07736
      vertex 4.52797 -6 -0.868258
    endloop
  endfacet
  facet normal -0.829036 0 -0.559195
    outer loop
      vertex 4.17135 -6 1.66924
      vertex 4.0484 -4.99 1.85152
      vertex 4.17135 -4.99 1.66924
    endloop
  endfacet
  facet normal -0.829036 -0 -0.559195
    outer loop
      vertex 4.0484 -4.99 1.85152
      vertex 4.17135 -6 1.66924
      vertex 4.0484 -6 1.85152
    endloop
  endfacet
  facet normal 0 -1 0
    outer loop
      vertex 2.60961 -4.99 2.89826
      vertex 2.68001 -4.99 2.92063
      vertex 2.50861 -4.99 2.98301
    endloop
  endfacet
  facet normal 0 -1 0
    outer loop
      vertex 2.80542 -4.99 2.70917
      vertex 2.68001 -4.99 2.92063
      vertex 2.60961 -4.99 2.89826
    endloop
  endfacet
  facet normal 0 -1 0
    outer loop
      vertex 2.68001 -4.99 2.92063
      vertex 2.80542 -4.99 2.70917
      vertex 2.88087 -4.99 2.8312
    endloop
  endfacet
  facet normal 0 -1 -0
    outer loop
      vertex 2.88087 -4.99 2.8312
      vertex 2.80542 -4.99 2.70917
      vertex 3.075 -4.99 2.72798
    endloop
  endfacet
  facet normal 0 -1 0
    outer loop
      vertex 2.98757 -4.99 2.50687
      vertex 3.075 -4.99 2.72798
      vertex 2.80542 -4.99 2.70917
    endloop
  endfacet
  facet normal 0 -1 -0
    outer loop
      vertex 3.075 -4.99 2.72798
      vertex 2.98757 -4.99 2.50687
      vertex 3.26146 -4.99 2.61147
    endloop
  endfacet
  facet normal 0 -1 0
    outer loop
      vertex 3.15517 -4.99 2.29236
      vertex 3.26146 -4.99 2.61147
      vertex 2.98757 -4.99 2.50687
    endloop
  endfacet
  facet normal 0 -1 -0
    outer loop
      vertex 3.26146 -4.99 2.61147
      vertex 3.15517 -4.99 2.29236
      vertex 3.43933 -4.99 2.48223
    endloop
  endfacet
  facet normal 0 -1 0
    outer loop
      vertex 3.30739 -4.99 2.06668
      vertex 3.43933 -4.99 2.48223
      vertex 3.15517 -4.99 2.29236
    endloop
  endfacet
  facet normal 0 -1 -0
    outer loop
      vertex 3.43933 -4.99 2.48223
      vertex 3.30739 -4.99 2.06668
      vertex 3.60776 -4.99 2.34091
    endloop
  endfacet
  facet normal 0 -1 -0
    outer loop
      vertex 3.60776 -4.99 2.34091
      vertex 3.30739 -4.99 2.06668
      vertex 3.76592 -4.99 2.18817
    endloop
  endfacet
  facet normal 0 -1 0
    outer loop
      vertex 3.44349 -4.99 1.83094
      vertex 3.76592 -4.99 2.18817
      vertex 3.30739 -4.99 2.06668
    endloop
  endfacet
  facet normal 0 -1 -0
    outer loop
      vertex 3.76592 -4.99 2.18817
      vertex 3.44349 -4.99 1.83094
      vertex 3.91304 -4.99 2.02478
    endloop
  endfacet
  facet normal 0 -1 0
    outer loop
      vertex 3.56283 -4.99 1.58627
      vertex 3.91304 -4.99 2.02478
      vertex 3.44349 -4.99 1.83094
    endloop
  endfacet
  facet normal 0 -1 -0
    outer loop
      vertex 3.91304 -4.99 2.02478
      vertex 3.56283 -4.99 1.58627
      vertex 4.0484 -4.99 1.85152
    endloop
  endfacet
  facet normal 0 -1 -0
    outer loop
      vertex 4.0484 -4.99 1.85152
      vertex 3.56283 -4.99 1.58627
      vertex 4.17135 -4.99 1.66924
    endloop
  endfacet
  facet normal 0 -1 0
    outer loop
      vertex 3.6648 -4.99 1.33388
      vertex 4.17135 -4.99 1.66924
      vertex 3.56283 -4.99 1.58627
    endloop
  endfacet
  facet normal 0 -1 -0
    outer loop
      vertex 4.17135 -4.99 1.66924
      vertex 3.6648 -4.99 1.33388
      vertex 4.28128 -4.99 1.47884
    endloop
  endfacet
  facet normal 0 -1 0
    outer loop
      vertex 3.74892 -4.99 1.07499
      vertex 4.28128 -4.99 1.47884
      vertex 3.6648 -4.99 1.33388
    endloop
  endfacet
  facet normal 0 -1 -0
    outer loop
      vertex 4.28128 -4.99 1.47884
      vertex 3.74892 -4.99 1.07499
      vertex 4.37767 -4.99 1.28122
    endloop
  endfacet
  facet normal 0 -1 -0
    outer loop
      vertex 4.37767 -4.99 1.28122
      vertex 3.74892 -4.99 1.07499
      vertex 4.46003 -4.99 1.07736
    endloop
  endfacet
  facet normal 0 -1 0
    outer loop
      vertex 3.81478 -4.99 0.810855
      vertex 4.46003 -4.99 1.07736
      vertex 3.74892 -4.99 1.07499
    endloop
  endfacet
  facet normal 0 -1 -0
    outer loop
      vertex 4.46003 -4.99 1.07736
      vertex 3.81478 -4.99 0.810855
      vertex 4.52797 -4.99 0.868258
    endloop
  endfacet
  facet normal 0 -1 0
    outer loop
      vertex 3.86205 -4.99 0.542774
      vertex 4.52797 -4.99 0.868258
      vertex 3.81478 -4.99 0.810855
    endloop
  endfacet
  facet normal 0 -1 -0
    outer loop
      vertex 4.52797 -4.99 0.868258
      vertex 3.86205 -4.99 0.542774
      vertex 4.58116 -4.99 0.654922
    endloop
  endfacet
  facet normal 0 -1 0
    outer loop
      vertex 3.86205 -4.99 0.542774
      vertex 4.61934 -4.99 0.438395
      vertex 4.58116 -4.99 0.654922
    endloop
  endfacet
  facet normal 0 -1 0
    outer loop
      vertex 3.8905 -4.99 0.27205
      vertex 4.61934 -4.99 0.438395
      vertex 3.86205 -4.99 0.542774
    endloop
  endfacet
  facet normal 0 -1 0
    outer loop
      vertex 3.8905 -4.99 0.27205
      vertex 4.64233 -4.99 0.219732
      vertex 4.61934 -4.99 0.438395
    endloop
  endfacet
  facet normal 0 -1 0
    outer loop
      vertex 3.9 -4.99 0
      vertex 4.64233 -4.99 0.219732
      vertex 3.8905 -4.99 0.27205
    endloop
  endfacet
  facet normal 0 -1 0
    outer loop
      vertex 3.9 -4.99 0
      vertex 4.65 -4.99 0
      vertex 4.64233 -4.99 0.219732
    endloop
  endfacet
  facet normal 0 -1 0
    outer loop
      vertex 3.9 -4.99 0
      vertex 4.64233 -4.99 -0.219732
      vertex 4.65 -4.99 0
    endloop
  endfacet
  facet normal 0 -1 0
    outer loop
      vertex 3.9 -4.99 0
      vertex 4.61934 -4.99 -0.438395
      vertex 4.64233 -4.99 -0.219732
    endloop
  endfacet
  facet normal 0 -1 0
    outer loop
      vertex 3.9 -4.99 0
      vertex 4.58116 -4.99 -0.654922
      vertex 4.61934 -4.99 -0.438395
    endloop
  endfacet
  facet normal 0 -1 0
    outer loop
      vertex 3.9 -4.99 0
      vertex 4.52797 -4.99 -0.868258
      vertex 4.58116 -4.99 -0.654922
    endloop
  endfacet
  facet normal 0 -1 0
    outer loop
      vertex 3.9 -4.99 0
      vertex 4.46003 -4.99 -1.07736
      vertex 4.52797 -4.99 -0.868258
    endloop
  endfacet
  facet normal 0 -1 0
    outer loop
      vertex 3.9 -4.99 0
      vertex 4.37767 -4.99 -1.28122
      vertex 4.46003 -4.99 -1.07736
    endloop
  endfacet
  facet normal 0 -1 0
    outer loop
      vertex 3.9 -4.99 0
      vertex 4.28128 -4.99 -1.47884
      vertex 4.37767 -4.99 -1.28122
    endloop
  endfacet
  facet normal 0 -1 0
    outer loop
      vertex 3.9 -4.99 0
      vertex 4.17135 -4.99 -1.66924
      vertex 4.28128 -4.99 -1.47884
    endloop
  endfacet
  facet normal 0 -1 0
    outer loop
      vertex 3.9 -4.99 0
      vertex 4.0484 -4.99 -1.85152
      vertex 4.17135 -4.99 -1.66924
    endloop
  endfacet
  facet normal 0 -1 0
    outer loop
      vertex 3.9 -4.99 0
      vertex 3.91304 -4.99 -2.02478
      vertex 4.0484 -4.99 -1.85152
    endloop
  endfacet
  facet normal -0 -1 0
    outer loop
      vertex 3.91304 -4.99 -2.02478
      vertex 3.9 -4.99 0
      vertex 3.9 -4.99 -2.03926
    endloop
  endfacet
  facet normal 0.927191 0 -0.374588
    outer loop
      vertex -1.37767 -6 1.28122
      vertex -1.46003 -5 1.07736
      vertex -1.37767 -5 1.28122
    endloop
  endfacet
  facet normal 0.927191 0 -0.374588
    outer loop
      vertex -1.46003 -5 1.07736
      vertex -1.37767 -6 1.28122
      vertex -1.46003 -6 1.07736
    endloop
  endfacet
  facet normal -0.984807 0 -0.17365
    outer loop
      vertex 4.61934 -6 0.438395
      vertex 4.58116 -4.99 0.654922
      vertex 4.61934 -4.99 0.438395
    endloop
  endfacet
  facet normal -0.984807 -0 -0.17365
    outer loop
      vertex 4.58116 -4.99 0.654922
      vertex 4.61934 -6 0.438395
      vertex 4.58116 -6 0.654922
    endloop
  endfacet
  facet normal 0.694676 0 -0.719322
    outer loop
      vertex -0.76592 -6 2.18817
      vertex -0.607761 -5 2.34091
      vertex -0.607761 -6 2.34091
    endloop
  endfacet
  facet normal 0.694676 0 -0.719322
    outer loop
      vertex -0.607761 -5 2.34091
      vertex -0.76592 -6 2.18817
      vertex -0.76592 -5 2.18817
    endloop
  endfacet
  facet normal -0.994518 0 0.104563
    outer loop
      vertex 4.61934 -6 -0.438395
      vertex 4.64233 -4.99 -0.219732
      vertex 4.61934 -4.99 -0.438395
    endloop
  endfacet
  facet normal -0.994518 0 0.104563
    outer loop
      vertex 4.64233 -4.99 -0.219732
      vertex 4.61934 -6 -0.438395
      vertex 4.64233 -6 -0.219732
    endloop
  endfacet
  facet normal 0.529893 0 -0.848064
    outer loop
      vertex -0.261457 -6 2.61147
      vertex -0.113784 -5 2.70374
      vertex -0.113784 -6 2.70374
    endloop
  endfacet
  facet normal 0.529893 0 -0.848064
    outer loop
      vertex -0.113784 -5 2.70374
      vertex -0.261457 -6 2.61147
      vertex -0.261457 -5 2.61147
    endloop
  endfacet
  facet normal 0.406744 0 0.913542
    outer loop
      vertex 0.11913 -5 -2.8312
      vertex 0.319989 -6 -2.92063
      vertex 0.319989 -5 -2.92063
    endloop
  endfacet
  facet normal 0.406744 0 0.913542
    outer loop
      vertex 0.319989 -6 -2.92063
      vertex 0.11913 -5 -2.8312
      vertex 0.11913 -6 -2.8312
    endloop
  endfacet
  facet normal 0.74314 0 -0.669136
    outer loop
      vertex -0.76592 -6 2.18817
      vertex -0.913039 -5 2.02478
      vertex -0.76592 -5 2.18817
    endloop
  endfacet
  facet normal 0.74314 0 -0.669136
    outer loop
      vertex -0.913039 -5 2.02478
      vertex -0.76592 -6 2.18817
      vertex -0.913039 -6 2.02478
    endloop
  endfacet
  facet normal -0.999391 0 0.0348849
    outer loop
      vertex 4.64233 -6 -0.219732
      vertex 4.65 -4.99 0
      vertex 4.64233 -4.99 -0.219732
    endloop
  endfacet
  facet normal -0.999391 0 0.0348849
    outer loop
      vertex 4.65 -4.99 0
      vertex 4.64233 -6 -0.219732
      vertex 4.65 -6 0
    endloop
  endfacet
  facet normal -0.898786 0 -0.438387
    outer loop
      vertex 4.37767 -6 1.28122
      vertex 4.28128 -4.99 1.47884
      vertex 4.37767 -4.99 1.28122
    endloop
  endfacet
  facet normal -0.898786 -0 -0.438387
    outer loop
      vertex 4.28128 -4.99 1.47884
      vertex 4.37767 -6 1.28122
      vertex 4.28128 -6 1.47884
    endloop
  endfacet
  facet normal -0.469469 0 -0.882949
    outer loop
      vertex 2.88087 -6 2.8312
      vertex 3.075 -4.99 2.72798
      vertex 3.075 -6 2.72798
    endloop
  endfacet
  facet normal -0.469469 0 -0.882949
    outer loop
      vertex 3.075 -4.99 2.72798
      vertex 2.88087 -6 2.8312
      vertex 2.88087 -4.99 2.8312
    endloop
  endfacet
  facet normal -0.341998 0 -0.939701
    outer loop
      vertex 2.68001 -6 2.92063
      vertex 2.50861 -5 2.98301
      vertex 2.68001 -4.99 2.92063
    endloop
  endfacet
  facet normal -0.342021 -4.31255e-06 -0.939692
    outer loop
      vertex 2.4734 -6 2.99583
      vertex 2.50861 -5 2.98301
      vertex 2.68001 -6 2.92063
    endloop
  endfacet
  facet normal -0.342129 0 -0.939653
    outer loop
      vertex 2.50861 -5 2.98301
      vertex 2.4734 -6 2.99583
      vertex 2.4734 -5 2.99583
    endloop
  endfacet
  facet normal -0.341998 0 -0.939701
    outer loop
      vertex 2.68001 -4.99 2.92063
      vertex 2.50861 -5 2.98301
      vertex 2.50861 -4.99 2.98301
    endloop
  endfacet
  facet normal -0.139173 0 0.990268
    outer loop
      vertex 1.82926 -5 -3.13274
      vertex 2.04699 -6 -3.10214
      vertex 2.04699 -5 -3.10214
    endloop
  endfacet
  facet normal -0.139173 0 0.990268
    outer loop
      vertex 2.04699 -6 -3.10214
      vertex 1.82926 -5 -3.13274
      vertex 1.82926 -6 -3.13274
    endloop
  endfacet
  facet normal -0.970296 0 -0.241919
    outer loop
      vertex 4.58116 -6 0.654922
      vertex 4.52797 -4.99 0.868258
      vertex 4.58116 -4.99 0.654922
    endloop
  endfacet
  facet normal -0.970296 -0 -0.241919
    outer loop
      vertex 4.52797 -4.99 0.868258
      vertex 4.58116 -6 0.654922
      vertex 4.52797 -6 0.868258
    endloop
  endfacet
  facet normal 0.927191 -0 0.374588
    outer loop
      vertex -1.46003 -6 -1.07736
      vertex -1.37767 -5 -1.28122
      vertex -1.46003 -5 -1.07736
    endloop
  endfacet
  facet normal 0.927191 0 0.374588
    outer loop
      vertex -1.37767 -5 -1.28122
      vertex -1.46003 -6 -1.07736
      vertex -1.37767 -6 -1.28122
    endloop
  endfacet
  facet normal 0.139178 0 0.990267
    outer loop
      vertex 0.953008 -5 -3.10214
      vertex 1.17073 -6 -3.13274
      vertex 1.17073 -5 -3.13274
    endloop
  endfacet
  facet normal 0.139178 0 0.990267
    outer loop
      vertex 1.17073 -6 -3.13274
      vertex 0.953008 -5 -3.10214
      vertex 0.953008 -6 -3.10214
    endloop
  endfacet
  facet normal 0.74314 -0 0.669136
    outer loop
      vertex -0.913039 -6 -2.02478
      vertex -0.76592 -5 -2.18817
      vertex -0.913039 -5 -2.02478
    endloop
  endfacet
  facet normal 0.74314 0 0.669136
    outer loop
      vertex -0.76592 -5 -2.18817
      vertex -0.913039 -6 -2.02478
      vertex -0.76592 -6 -2.18817
    endloop
  endfacet
  facet normal 0.970296 0 -0.241919
    outer loop
      vertex -1.52797 -6 0.868258
      vertex -1.58116 -5 0.654922
      vertex -1.52797 -5 0.868258
    endloop
  endfacet
  facet normal 0.970296 0 -0.241919
    outer loop
      vertex -1.58116 -5 0.654922
      vertex -1.52797 -6 0.868258
      vertex -1.58116 -6 0.654922
    endloop
  endfacet
  facet normal -0.469469 0 0.882949
    outer loop
      vertex 2.88087 -5 -2.8312
      vertex 3.075 -6 -2.72798
      vertex 3.075 -5 -2.72798
    endloop
  endfacet
  facet normal -0.469469 0 0.882949
    outer loop
      vertex 3.075 -6 -2.72798
      vertex 2.88087 -5 -2.8312
      vertex 2.88087 -6 -2.8312
    endloop
  endfacet
  facet normal -0.0697698 0 -0.997563
    outer loop
      vertex 1.60993 -6 3.14808
      vertex 1.82926 -5 3.13274
      vertex 1.82926 -6 3.13274
    endloop
  endfacet
  facet normal -0.0697698 0 -0.997563
    outer loop
      vertex 1.82926 -5 3.13274
      vertex 1.60993 -6 3.14808
      vertex 1.60993 -5 3.14808
    endloop
  endfacet
  facet normal -0.788023 0 0.615646
    outer loop
      vertex 3.91304 -6 -2.02478
      vertex 4.0484 -4.99 -1.85152
      vertex 3.91304 -4.99 -2.02478
    endloop
  endfacet
  facet normal -0.788023 0 0.615646
    outer loop
      vertex 4.0484 -4.99 -1.85152
      vertex 3.91304 -6 -2.02478
      vertex 4.0484 -6 -1.85152
    endloop
  endfacet
  facet normal -0.984807 0 0.17365
    outer loop
      vertex 4.58116 -6 -0.654922
      vertex 4.61934 -4.99 -0.438395
      vertex 4.58116 -4.99 -0.654922
    endloop
  endfacet
  facet normal -0.984807 0 0.17365
    outer loop
      vertex 4.61934 -4.99 -0.438395
      vertex 4.58116 -6 -0.654922
      vertex 4.61934 -6 -0.438395
    endloop
  endfacet
  facet normal 0.86602 0 -0.500009
    outer loop
      vertex -1.17135 -6 1.66924
      vertex -1.28128 -5 1.47884
      vertex -1.17135 -5 1.66924
    endloop
  endfacet
  facet normal 0.86602 0 -0.500009
    outer loop
      vertex -1.28128 -5 1.47884
      vertex -1.17135 -6 1.66924
      vertex -1.28128 -6 1.47884
    endloop
  endfacet
  facet normal 0.984807 0 -0.17365
    outer loop
      vertex -1.58116 -6 0.654922
      vertex -1.61934 -5 0.438395
      vertex -1.58116 -5 0.654922
    endloop
  endfacet
  facet normal 0.984807 0 -0.17365
    outer loop
      vertex -1.61934 -5 0.438395
      vertex -1.58116 -6 0.654922
      vertex -1.61934 -6 0.438395
    endloop
  endfacet
  facet normal -0.0697698 0 0.997563
    outer loop
      vertex 1.60993 -5 -3.14808
      vertex 1.82926 -6 -3.13274
      vertex 1.82926 -5 -3.13274
    endloop
  endfacet
  facet normal -0.0697698 0 0.997563
    outer loop
      vertex 1.82926 -6 -3.13274
      vertex 1.60993 -5 -3.14808
      vertex 1.60993 -6 -3.14808
    endloop
  endfacet
  facet normal 0.069826 0 -0.997559
    outer loop
      vertex 1.35864 -6 3.14588
      vertex 1.39007 -5 3.14808
      vertex 1.39007 -6 3.14808
    endloop
  endfacet
  facet normal 0.069826 0 -0.997559
    outer loop
      vertex 1.39007 -5 3.14808
      vertex 1.35864 -6 3.14588
      vertex 1.35864 -5 3.14588
    endloop
  endfacet
  facet normal 0.694676 0 0.719322
    outer loop
      vertex -0.76592 -5 -2.18817
      vertex -0.607761 -6 -2.34091
      vertex -0.607761 -5 -2.34091
    endloop
  endfacet
  facet normal 0.694676 0 0.719322
    outer loop
      vertex -0.607761 -6 -2.34091
      vertex -0.76592 -5 -2.18817
      vertex -0.76592 -6 -2.18817
    endloop
  endfacet
  facet normal -0.642762 0 -0.766066
    outer loop
      vertex 3.43933 -6 2.48223
      vertex 3.60776 -4.99 2.34091
      vertex 3.60776 -6 2.34091
    endloop
  endfacet
  facet normal -0.642762 0 -0.766066
    outer loop
      vertex 3.60776 -4.99 2.34091
      vertex 3.43933 -6 2.48223
      vertex 3.43933 -4.99 2.48223
    endloop
  endfacet
  facet normal -0.951058 0 -0.309011
    outer loop
      vertex 4.52797 -6 0.868258
      vertex 4.46003 -4.99 1.07736
      vertex 4.52797 -4.99 0.868258
    endloop
  endfacet
  facet normal -0.951058 -0 -0.309011
    outer loop
      vertex 4.46003 -4.99 1.07736
      vertex 4.52797 -6 0.868258
      vertex 4.46003 -6 1.07736
    endloop
  endfacet
  facet normal 0.207899 0 0.97815
    outer loop
      vertex 0.737946 -5 -3.05643
      vertex 0.953008 -6 -3.10214
      vertex 0.953008 -5 -3.10214
    endloop
  endfacet
  facet normal 0.207899 0 0.97815
    outer loop
      vertex 0.953008 -6 -3.10214
      vertex 0.737946 -5 -3.05643
      vertex 0.737946 -6 -3.05643
    endloop
  endfacet
  facet normal -0.86602 0 -0.500009
    outer loop
      vertex 4.28128 -6 1.47884
      vertex 4.17135 -4.99 1.66924
      vertex 4.28128 -4.99 1.47884
    endloop
  endfacet
  facet normal -0.86602 -0 -0.500009
    outer loop
      vertex 4.17135 -4.99 1.66924
      vertex 4.28128 -6 1.47884
      vertex 4.17135 -6 1.66924
    endloop
  endfacet
  facet normal -0.743143 0 0.669133
    outer loop
      vertex 3.76592 -5 -2.18817
      vertex 3.76592 -6 -2.18817
      vertex 3.9 -5 -2.03926
    endloop
  endfacet
  facet normal -0.74309 0 0.669192
    outer loop
      vertex 3.9 -5 -2.03926
      vertex 3.91304 -4.99 -2.02478
      vertex 3.9 -4.99 -2.03926
    endloop
  endfacet
  facet normal -0.743138 -1.40086e-06 0.669138
    outer loop
      vertex 3.91304 -6 -2.02478
      vertex 3.9 -5 -2.03926
      vertex 3.76592 -6 -2.18817
    endloop
  endfacet
  facet normal -0.74309 0 0.669192
    outer loop
      vertex 3.9 -5 -2.03926
      vertex 3.91304 -6 -2.02478
      vertex 3.91304 -4.99 -2.02478
    endloop
  endfacet
  facet normal 0.642767 0 -0.766062
    outer loop
      vertex -0.607761 -6 2.34091
      vertex -0.439333 -5 2.48223
      vertex -0.439333 -6 2.48223
    endloop
  endfacet
  facet normal 0.642767 0 -0.766062
    outer loop
      vertex -0.439333 -5 2.48223
      vertex -0.607761 -6 2.34091
      vertex -0.607761 -5 2.34091
    endloop
  endfacet
  facet normal 0.0697667 0 0.997563
    outer loop
      vertex 1.17073 -5 -3.13274
      vertex 1.39007 -6 -3.14808
      vertex 1.39007 -5 -3.14808
    endloop
  endfacet
  facet normal 0.0697667 0 0.997563
    outer loop
      vertex 1.39007 -6 -3.14808
      vertex 1.17073 -5 -3.13274
      vertex 1.17073 -6 -3.13274
    endloop
  endfacet
  facet normal -0.642762 0 0.766066
    outer loop
      vertex 3.43933 -5 -2.48223
      vertex 3.60776 -6 -2.34091
      vertex 3.60776 -5 -2.34091
    endloop
  endfacet
  facet normal -0.642762 0 0.766066
    outer loop
      vertex 3.60776 -6 -2.34091
      vertex 3.43933 -5 -2.48223
      vertex 3.43933 -6 -2.48223
    endloop
  endfacet
  facet normal 0 0 -1
    outer loop
      vertex 1.39007 -6 3.14808
      vertex 1.60993 -5 3.14808
      vertex 1.60993 -6 3.14808
    endloop
  endfacet
  facet normal -0 0 -1
    outer loop
      vertex 1.60993 -5 3.14808
      vertex 1.39007 -6 3.14808
      vertex 1.39007 -5 3.14808
    endloop
  endfacet
  facet normal -0.406742 0 0.913543
    outer loop
      vertex 2.68001 -5 -2.92063
      vertex 2.88087 -6 -2.8312
      vertex 2.88087 -5 -2.8312
    endloop
  endfacet
  facet normal -0.406742 0 0.913543
    outer loop
      vertex 2.88087 -6 -2.8312
      vertex 2.68001 -5 -2.92063
      vertex 2.68001 -6 -2.92063
    endloop
  endfacet
  facet normal 0.951058 -0 0.309011
    outer loop
      vertex -1.52797 -6 -0.868258
      vertex -1.46003 -5 -1.07736
      vertex -1.52797 -5 -0.868258
    endloop
  endfacet
  facet normal 0.951058 0 0.309011
    outer loop
      vertex -1.46003 -5 -1.07736
      vertex -1.52797 -6 -0.868258
      vertex -1.46003 -6 -1.07736
    endloop
  endfacet
  facet normal 0.829036 -0 0.559195
    outer loop
      vertex -1.17135 -6 -1.66924
      vertex -1.0484 -5 -1.85152
      vertex -1.17135 -5 -1.66924
    endloop
  endfacet
  facet normal 0.829036 0 0.559195
    outer loop
      vertex -1.0484 -5 -1.85152
      vertex -1.17135 -6 -1.66924
      vertex -1.0484 -6 -1.85152
    endloop
  endfacet
  facet normal -0 0 1
    outer loop
      vertex 1.39007 -5 -3.14808
      vertex 1.60993 -6 -3.14808
      vertex 1.60993 -5 -3.14808
    endloop
  endfacet
  facet normal 0 0 1
    outer loop
      vertex 1.60993 -6 -3.14808
      vertex 1.39007 -5 -3.14808
      vertex 1.39007 -6 -3.14808
    endloop
  endfacet
  facet normal -0.970296 0 0.241919
    outer loop
      vertex 4.52797 -6 -0.868258
      vertex 4.58116 -4.99 -0.654922
      vertex 4.52797 -4.99 -0.868258
    endloop
  endfacet
  facet normal -0.970296 0 0.241919
    outer loop
      vertex 4.58116 -4.99 -0.654922
      vertex 4.52797 -6 -0.868258
      vertex 4.58116 -6 -0.654922
    endloop
  endfacet
  facet normal -0.406742 0 -0.913543
    outer loop
      vertex 2.68001 -6 2.92063
      vertex 2.88087 -4.99 2.8312
      vertex 2.88087 -6 2.8312
    endloop
  endfacet
  facet normal -0.406742 0 -0.913543
    outer loop
      vertex 2.88087 -4.99 2.8312
      vertex 2.68001 -6 2.92063
      vertex 2.68001 -4.99 2.92063
    endloop
  endfacet
  facet normal -0.139173 0 -0.990268
    outer loop
      vertex 1.82926 -6 3.13274
      vertex 2.04699 -5 3.10214
      vertex 2.04699 -6 3.10214
    endloop
  endfacet
  facet normal -0.139173 0 -0.990268
    outer loop
      vertex 2.04699 -5 3.10214
      vertex 1.82926 -6 3.13274
      vertex 1.82926 -5 3.13274
    endloop
  endfacet
  facet normal 0.342025 0 0.939691
    outer loop
      vertex 0.319989 -5 -2.92063
      vertex 0.526596 -6 -2.99583
      vertex 0.526596 -5 -2.99583
    endloop
  endfacet
  facet normal 0.342025 0 0.939691
    outer loop
      vertex 0.526596 -6 -2.99583
      vertex 0.319989 -5 -2.92063
      vertex 0.319989 -6 -2.92063
    endloop
  endfacet
  facet normal -0.788023 0 -0.615646
    outer loop
      vertex 4.0484 -6 1.85152
      vertex 3.91304 -4.99 2.02478
      vertex 4.0484 -4.99 1.85152
    endloop
  endfacet
  facet normal -0.788023 -0 -0.615646
    outer loop
      vertex 3.91304 -4.99 2.02478
      vertex 4.0484 -6 1.85152
      vertex 3.91304 -6 2.02478
    endloop
  endfacet
  facet normal 0.999391 -0 0.0348849
    outer loop
      vertex -1.65 -6 0
      vertex -1.64233 -5 -0.219732
      vertex -1.65 -5 0
    endloop
  endfacet
  facet normal 0.999391 0 0.0348849
    outer loop
      vertex -1.64233 -5 -0.219732
      vertex -1.65 -6 0
      vertex -1.64233 -6 -0.219732
    endloop
  endfacet
  facet normal -0.587815 0 -0.808996
    outer loop
      vertex 3.26146 -6 2.61147
      vertex 3.43933 -4.99 2.48223
      vertex 3.43933 -6 2.48223
    endloop
  endfacet
  facet normal -0.587815 0 -0.808996
    outer loop
      vertex 3.43933 -4.99 2.48223
      vertex 3.26146 -6 2.61147
      vertex 3.26146 -4.99 2.61147
    endloop
  endfacet
  facet normal -0.694674 0 -0.719325
    outer loop
      vertex 3.60776 -6 2.34091
      vertex 3.76592 -4.99 2.18817
      vertex 3.76592 -6 2.18817
    endloop
  endfacet
  facet normal -0.694674 0 -0.719325
    outer loop
      vertex 3.76592 -4.99 2.18817
      vertex 3.60776 -6 2.34091
      vertex 3.60776 -4.99 2.34091
    endloop
  endfacet
  facet normal -0.529909 0 0.848055
    outer loop
      vertex 3.075 -5 -2.72798
      vertex 3.26146 -6 -2.61147
      vertex 3.26146 -5 -2.61147
    endloop
  endfacet
  facet normal -0.529909 0 0.848055
    outer loop
      vertex 3.26146 -6 -2.61147
      vertex 3.075 -5 -2.72798
      vertex 3.075 -6 -2.72798
    endloop
  endfacet
  facet normal 0.994518 -0 0.104563
    outer loop
      vertex -1.64233 -6 -0.219732
      vertex -1.61934 -5 -0.438395
      vertex -1.64233 -5 -0.219732
    endloop
  endfacet
  facet normal 0.994518 0 0.104563
    outer loop
      vertex -1.61934 -5 -0.438395
      vertex -1.64233 -6 -0.219732
      vertex -1.61934 -6 -0.438395
    endloop
  endfacet
  facet normal -0.342021 0 0.939692
    outer loop
      vertex 2.4734 -5 -2.99583
      vertex 2.68001 -6 -2.92063
      vertex 2.68001 -5 -2.92063
    endloop
  endfacet
  facet normal -0.342021 0 0.939692
    outer loop
      vertex 2.68001 -6 -2.92063
      vertex 2.4734 -5 -2.99583
      vertex 2.4734 -6 -2.99583
    endloop
  endfacet
  facet normal -0.694674 0 0.719325
    outer loop
      vertex 3.60776 -5 -2.34091
      vertex 3.76592 -6 -2.18817
      vertex 3.76592 -5 -2.18817
    endloop
  endfacet
  facet normal -0.694674 0 0.719325
    outer loop
      vertex 3.76592 -6 -2.18817
      vertex 3.60776 -5 -2.34091
      vertex 3.60776 -6 -2.34091
    endloop
  endfacet
  facet normal 0.984807 -0 0.17365
    outer loop
      vertex -1.61934 -6 -0.438395
      vertex -1.58116 -5 -0.654922
      vertex -1.61934 -5 -0.438395
    endloop
  endfacet
  facet normal 0.984807 0 0.17365
    outer loop
      vertex -1.58116 -5 -0.654922
      vertex -1.61934 -6 -0.438395
      vertex -1.58116 -6 -0.654922
    endloop
  endfacet
  facet normal 0.970296 -0 0.241919
    outer loop
      vertex -1.58116 -6 -0.654922
      vertex -1.52797 -5 -0.868258
      vertex -1.58116 -5 -0.654922
    endloop
  endfacet
  facet normal 0.970296 0 0.241919
    outer loop
      vertex -1.52797 -5 -0.868258
      vertex -1.58116 -6 -0.654922
      vertex -1.52797 -6 -0.868258
    endloop
  endfacet
  facet normal 0.951058 0 -0.309011
    outer loop
      vertex -1.46003 -6 1.07736
      vertex -1.52797 -5 0.868258
      vertex -1.46003 -5 1.07736
    endloop
  endfacet
  facet normal 0.951058 0 -0.309011
    outer loop
      vertex -1.52797 -5 0.868258
      vertex -1.46003 -6 1.07736
      vertex -1.52797 -6 0.868258
    endloop
  endfacet
  facet normal -0.275622 0 0.961266
    outer loop
      vertex 2.26205 -5 -3.05643
      vertex 2.4734 -6 -2.99583
      vertex 2.4734 -5 -2.99583
    endloop
  endfacet
  facet normal -0.275622 0 0.961266
    outer loop
      vertex 2.4734 -6 -2.99583
      vertex 2.26205 -5 -3.05643
      vertex 2.26205 -6 -3.05643
    endloop
  endfacet
  facet normal 0.469469 0 0.882949
    outer loop
      vertex -0.0749998 -5 -2.72798
      vertex 0.11913 -6 -2.8312
      vertex 0.11913 -5 -2.8312
    endloop
  endfacet
  facet normal 0.469469 0 0.882949
    outer loop
      vertex 0.11913 -6 -2.8312
      vertex -0.0749998 -5 -2.72798
      vertex -0.0749998 -6 -2.72798
    endloop
  endfacet
  facet normal -0.927191 0 -0.374588
    outer loop
      vertex 4.46003 -6 1.07736
      vertex 4.37767 -4.99 1.28122
      vertex 4.46003 -4.99 1.07736
    endloop
  endfacet
  facet normal -0.927191 -0 -0.374588
    outer loop
      vertex 4.37767 -4.99 1.28122
      vertex 4.46003 -6 1.07736
      vertex 4.37767 -6 1.28122
    endloop
  endfacet
  facet normal -0.86602 0 0.500009
    outer loop
      vertex 4.17135 -6 -1.66924
      vertex 4.28128 -4.99 -1.47884
      vertex 4.17135 -4.99 -1.66924
    endloop
  endfacet
  facet normal -0.86602 0 0.500009
    outer loop
      vertex 4.28128 -4.99 -1.47884
      vertex 4.17135 -6 -1.66924
      vertex 4.28128 -6 -1.47884
    endloop
  endfacet
  facet normal -0.207901 0 0.97815
    outer loop
      vertex 2.04699 -5 -3.10214
      vertex 2.26205 -6 -3.05643
      vertex 2.26205 -5 -3.05643
    endloop
  endfacet
  facet normal -0.207901 0 0.97815
    outer loop
      vertex 2.26205 -6 -3.05643
      vertex 2.04699 -5 -3.10214
      vertex 2.04699 -6 -3.10214
    endloop
  endfacet
  facet normal 0.994518 0 -0.104563
    outer loop
      vertex -1.61934 -6 0.438395
      vertex -1.64233 -5 0.219732
      vertex -1.61934 -5 0.438395
    endloop
  endfacet
  facet normal 0.994518 0 -0.104563
    outer loop
      vertex -1.64233 -5 0.219732
      vertex -1.61934 -6 0.438395
      vertex -1.64233 -6 0.219732
    endloop
  endfacet
  facet normal 0.587802 0 0.809005
    outer loop
      vertex -0.439333 -5 -2.48223
      vertex -0.261457 -6 -2.61147
      vertex -0.261457 -5 -2.61147
    endloop
  endfacet
  facet normal 0.587802 0 0.809005
    outer loop
      vertex -0.261457 -6 -2.61147
      vertex -0.439333 -5 -2.48223
      vertex -0.439333 -6 -2.48223
    endloop
  endfacet
  facet normal -0.275622 0 -0.961266
    outer loop
      vertex 2.26205 -6 3.05643
      vertex 2.4734 -5 2.99583
      vertex 2.4734 -6 2.99583
    endloop
  endfacet
  facet normal -0.275622 0 -0.961266
    outer loop
      vertex 2.4734 -5 2.99583
      vertex 2.26205 -6 3.05643
      vertex 2.26205 -5 3.05643
    endloop
  endfacet
  facet normal -0.898786 0 0.438387
    outer loop
      vertex 4.28128 -6 -1.47884
      vertex 4.37767 -4.99 -1.28122
      vertex 4.28128 -4.99 -1.47884
    endloop
  endfacet
  facet normal -0.898786 0 0.438387
    outer loop
      vertex 4.37767 -4.99 -1.28122
      vertex 4.28128 -6 -1.47884
      vertex 4.37767 -6 -1.28122
    endloop
  endfacet
  facet normal 0.788021 -0 0.615649
    outer loop
      vertex -1.0484 -6 -1.85152
      vertex -0.913039 -5 -2.02478
      vertex -1.0484 -5 -1.85152
    endloop
  endfacet
  facet normal 0.788021 0 0.615649
    outer loop
      vertex -0.913039 -5 -2.02478
      vertex -1.0484 -6 -1.85152
      vertex -0.913039 -6 -2.02478
    endloop
  endfacet
  facet normal 0.829036 0 -0.559195
    outer loop
      vertex -1.0484 -6 1.85152
      vertex -1.17135 -5 1.66924
      vertex -1.0484 -5 1.85152
    endloop
  endfacet
  facet normal 0.829036 0 -0.559195
    outer loop
      vertex -1.17135 -5 1.66924
      vertex -1.0484 -6 1.85152
      vertex -1.17135 -6 1.66924
    endloop
  endfacet
  facet normal 0.529915 0 0.848051
    outer loop
      vertex -0.261457 -5 -2.61147
      vertex -0.0749998 -6 -2.72798
      vertex -0.0749998 -5 -2.72798
    endloop
  endfacet
  facet normal 0.529915 0 0.848051
    outer loop
      vertex -0.0749998 -6 -2.72798
      vertex -0.261457 -5 -2.61147
      vertex -0.261457 -6 -2.61147
    endloop
  endfacet
  facet normal -0.207901 0 -0.97815
    outer loop
      vertex 2.04699 -6 3.10214
      vertex 2.26205 -5 3.05643
      vertex 2.26205 -6 3.05643
    endloop
  endfacet
  facet normal -0.207901 0 -0.97815
    outer loop
      vertex 2.26205 -5 3.05643
      vertex 2.04699 -6 3.10214
      vertex 2.04699 -5 3.10214
    endloop
  endfacet
  facet normal -0.829036 0 0.559195
    outer loop
      vertex 4.0484 -6 -1.85152
      vertex 4.17135 -4.99 -1.66924
      vertex 4.0484 -4.99 -1.85152
    endloop
  endfacet
  facet normal -0.829036 0 0.559195
    outer loop
      vertex 4.17135 -4.99 -1.66924
      vertex 4.0484 -6 -1.85152
      vertex 4.17135 -6 -1.66924
    endloop
  endfacet
  facet normal 0.788021 0 -0.615649
    outer loop
      vertex -0.913039 -6 2.02478
      vertex -1.0484 -5 1.85152
      vertex -0.913039 -5 2.02478
    endloop
  endfacet
  facet normal 0.788021 0 -0.615649
    outer loop
      vertex -1.0484 -5 1.85152
      vertex -0.913039 -6 2.02478
      vertex -1.0484 -6 1.85152
    endloop
  endfacet
  facet normal -0.927191 0 0.374588
    outer loop
      vertex 4.37767 -6 -1.28122
      vertex 4.46003 -4.99 -1.07736
      vertex 4.37767 -4.99 -1.28122
    endloop
  endfacet
  facet normal -0.927191 0 0.374588
    outer loop
      vertex 4.46003 -4.99 -1.07736
      vertex 4.37767 -6 -1.28122
      vertex 4.46003 -6 -1.07736
    endloop
  endfacet
  facet normal -0.743138 0 -0.669138
    outer loop
      vertex 3.91304 -6 2.02478
      vertex 3.76592 -4.99 2.18817
      vertex 3.91304 -4.99 2.02478
    endloop
  endfacet
  facet normal -0.743138 -0 -0.669138
    outer loop
      vertex 3.76592 -4.99 2.18817
      vertex 3.91304 -6 2.02478
      vertex 3.76592 -6 2.18817
    endloop
  endfacet
  facet normal 0.275622 0 0.961266
    outer loop
      vertex 0.526596 -5 -2.99583
      vertex 0.737946 -6 -3.05643
      vertex 0.737946 -5 -3.05643
    endloop
  endfacet
  facet normal 0.275622 0 0.961266
    outer loop
      vertex 0.737946 -6 -3.05643
      vertex 0.526596 -5 -2.99583
      vertex 0.526596 -6 -2.99583
    endloop
  endfacet
  facet normal 0.587802 0 -0.809005
    outer loop
      vertex -0.439333 -6 2.48223
      vertex -0.261457 -5 2.61147
      vertex -0.261457 -6 2.61147
    endloop
  endfacet
  facet normal 0.587802 0 -0.809005
    outer loop
      vertex -0.261457 -5 2.61147
      vertex -0.439333 -6 2.48223
      vertex -0.439333 -5 2.48223
    endloop
  endfacet
  facet normal 0.642767 0 0.766062
    outer loop
      vertex -0.607761 -5 -2.34091
      vertex -0.439333 -6 -2.48223
      vertex -0.439333 -5 -2.48223
    endloop
  endfacet
  facet normal 0.642767 0 0.766062
    outer loop
      vertex -0.439333 -6 -2.48223
      vertex -0.607761 -5 -2.34091
      vertex -0.607761 -6 -2.34091
    endloop
  endfacet
  facet normal 0.898786 0 -0.438387
    outer loop
      vertex -1.28128 -6 1.47884
      vertex -1.37767 -5 1.28122
      vertex -1.28128 -5 1.47884
    endloop
  endfacet
  facet normal 0.898786 0 -0.438387
    outer loop
      vertex -1.37767 -5 1.28122
      vertex -1.28128 -6 1.47884
      vertex -1.37767 -6 1.28122
    endloop
  endfacet
  facet normal 0.86602 -0 0.500009
    outer loop
      vertex -1.28128 -6 -1.47884
      vertex -1.17135 -5 -1.66924
      vertex -1.28128 -5 -1.47884
    endloop
  endfacet
  facet normal 0.86602 0 0.500009
    outer loop
      vertex -1.17135 -5 -1.66924
      vertex -1.28128 -6 -1.47884
      vertex -1.17135 -6 -1.66924
    endloop
  endfacet
  facet normal 0.898786 -0 0.438387
    outer loop
      vertex -1.37767 -6 -1.28122
      vertex -1.28128 -5 -1.47884
      vertex -1.37767 -5 -1.28122
    endloop
  endfacet
  facet normal 0.898786 0 0.438387
    outer loop
      vertex -1.28128 -5 -1.47884
      vertex -1.37767 -6 -1.28122
      vertex -1.28128 -6 -1.47884
    endloop
  endfacet
  facet normal -0.994518 0 0.104563
    outer loop
      vertex 4.61934 4.99 -0.438395
      vertex 4.64233 6 -0.219732
      vertex 4.61934 6 -0.438395
    endloop
  endfacet
  facet normal -0.994518 0 0.104563
    outer loop
      vertex 4.64233 6 -0.219732
      vertex 4.61934 4.99 -0.438395
      vertex 4.64233 4.99 -0.219732
    endloop
  endfacet
  facet normal -0.999391 0 0.0348849
    outer loop
      vertex 4.64233 4.99 -0.219732
      vertex 4.65 6 0
      vertex 4.64233 6 -0.219732
    endloop
  endfacet
  facet normal -0.999391 0 0.0348849
    outer loop
      vertex 4.65 6 0
      vertex 4.64233 4.99 -0.219732
      vertex 4.65 4.99 0
    endloop
  endfacet
  facet normal -0.984807 0 0.17365
    outer loop
      vertex 4.58116 4.99 -0.654922
      vertex 4.61934 6 -0.438395
      vertex 4.58116 6 -0.654922
    endloop
  endfacet
  facet normal -0.984807 0 0.17365
    outer loop
      vertex 4.61934 6 -0.438395
      vertex 4.58116 4.99 -0.654922
      vertex 4.61934 4.99 -0.438395
    endloop
  endfacet
  facet normal -0.469469 0 0.882949
    outer loop
      vertex 2.88087 6 -2.8312
      vertex 3.075 5 -2.72798
      vertex 3.075 6 -2.72798
    endloop
  endfacet
  facet normal -0.469469 0 0.882949
    outer loop
      vertex 3.075 5 -2.72798
      vertex 2.88087 6 -2.8312
      vertex 2.88087 5 -2.8312
    endloop
  endfacet
  facet normal -0.587815 0 -0.808996
    outer loop
      vertex 3.26146 4.99 2.61147
      vertex 3.43933 6 2.48223
      vertex 3.43933 4.99 2.48223
    endloop
  endfacet
  facet normal -0.587815 0 -0.808996
    outer loop
      vertex 3.43933 6 2.48223
      vertex 3.26146 4.99 2.61147
      vertex 3.26146 6 2.61147
    endloop
  endfacet
  facet normal -0.529909 0 0.848055
    outer loop
      vertex 3.075 6 -2.72798
      vertex 3.26146 5 -2.61147
      vertex 3.26146 6 -2.61147
    endloop
  endfacet
  facet normal -0.529909 0 0.848055
    outer loop
      vertex 3.26146 5 -2.61147
      vertex 3.075 6 -2.72798
      vertex 3.075 5 -2.72798
    endloop
  endfacet
  facet normal -0.743138 0 -0.669138
    outer loop
      vertex 3.91304 4.99 2.02478
      vertex 3.76592 6 2.18817
      vertex 3.91304 6 2.02478
    endloop
  endfacet
  facet normal -0.743138 -0 -0.669138
    outer loop
      vertex 3.76592 6 2.18817
      vertex 3.91304 4.99 2.02478
      vertex 3.76592 4.99 2.18817
    endloop
  endfacet
  facet normal -0.86602 0 0.500009
    outer loop
      vertex 4.17135 4.99 -1.66924
      vertex 4.28128 6 -1.47884
      vertex 4.17135 6 -1.66924
    endloop
  endfacet
  facet normal -0.86602 0 0.500009
    outer loop
      vertex 4.28128 6 -1.47884
      vertex 4.17135 4.99 -1.66924
      vertex 4.28128 4.99 -1.47884
    endloop
  endfacet
  facet normal -0.829036 0 0.559195
    outer loop
      vertex 4.0484 4.99 -1.85152
      vertex 4.17135 6 -1.66924
      vertex 4.0484 6 -1.85152
    endloop
  endfacet
  facet normal -0.829036 0 0.559195
    outer loop
      vertex 4.17135 6 -1.66924
      vertex 4.0484 4.99 -1.85152
      vertex 4.17135 4.99 -1.66924
    endloop
  endfacet
  facet normal -0.970296 0 0.241919
    outer loop
      vertex 4.52797 4.99 -0.868258
      vertex 4.58116 6 -0.654922
      vertex 4.52797 6 -0.868258
    endloop
  endfacet
  facet normal -0.970296 0 0.241919
    outer loop
      vertex 4.58116 6 -0.654922
      vertex 4.52797 4.99 -0.868258
      vertex 4.58116 4.99 -0.654922
    endloop
  endfacet
  facet normal -0.994518 0 -0.104563
    outer loop
      vertex 4.64233 4.99 0.219732
      vertex 4.61934 6 0.438395
      vertex 4.64233 6 0.219732
    endloop
  endfacet
  facet normal -0.994518 -0 -0.104563
    outer loop
      vertex 4.61934 6 0.438395
      vertex 4.64233 4.99 0.219732
      vertex 4.61934 4.99 0.438395
    endloop
  endfacet
  facet normal 0.694676 0 0.719322
    outer loop
      vertex -0.76592 6 -2.18817
      vertex -0.607761 5 -2.34091
      vertex -0.607761 6 -2.34091
    endloop
  endfacet
  facet normal 0.694676 0 0.719322
    outer loop
      vertex -0.607761 5 -2.34091
      vertex -0.76592 6 -2.18817
      vertex -0.76592 5 -2.18817
    endloop
  endfacet
  facet normal 0.342025 0 0.939691
    outer loop
      vertex 0.319989 6 -2.92063
      vertex 0.526596 5 -2.99583
      vertex 0.526596 6 -2.99583
    endloop
  endfacet
  facet normal 0.342025 0 0.939691
    outer loop
      vertex 0.526596 5 -2.99583
      vertex 0.319989 6 -2.92063
      vertex 0.319989 5 -2.92063
    endloop
  endfacet
  facet normal 0.529915 0 0.848051
    outer loop
      vertex -0.261457 6 -2.61147
      vertex -0.0749998 5 -2.72798
      vertex -0.0749998 6 -2.72798
    endloop
  endfacet
  facet normal 0.529915 0 0.848051
    outer loop
      vertex -0.0749998 5 -2.72798
      vertex -0.261457 6 -2.61147
      vertex -0.261457 5 -2.61147
    endloop
  endfacet
  facet normal 0.406744 0 0.913542
    outer loop
      vertex 0.11913 6 -2.8312
      vertex 0.319989 5 -2.92063
      vertex 0.319989 6 -2.92063
    endloop
  endfacet
  facet normal 0.406744 0 0.913542
    outer loop
      vertex 0.319989 5 -2.92063
      vertex 0.11913 6 -2.8312
      vertex 0.11913 5 -2.8312
    endloop
  endfacet
  facet normal -0 0 1
    outer loop
      vertex 1.39007 6 -3.14808
      vertex 1.60993 5 -3.14808
      vertex 1.60993 6 -3.14808
    endloop
  endfacet
  facet normal 0 0 1
    outer loop
      vertex 1.60993 5 -3.14808
      vertex 1.39007 6 -3.14808
      vertex 1.39007 5 -3.14808
    endloop
  endfacet
  facet normal -0.999391 0 -0.0348849
    outer loop
      vertex 4.65 4.99 0
      vertex 4.64233 6 0.219732
      vertex 4.65 6 0
    endloop
  endfacet
  facet normal -0.999391 -0 -0.0348849
    outer loop
      vertex 4.64233 6 0.219732
      vertex 4.65 4.99 0
      vertex 4.64233 4.99 0.219732
    endloop
  endfacet
  facet normal 0.74314 0 -0.669136
    outer loop
      vertex -0.76592 5 2.18817
      vertex -0.913039 6 2.02478
      vertex -0.76592 6 2.18817
    endloop
  endfacet
  facet normal 0.74314 0 -0.669136
    outer loop
      vertex -0.913039 6 2.02478
      vertex -0.76592 5 2.18817
      vertex -0.913039 5 2.02478
    endloop
  endfacet
  facet normal -0.898786 0 0.438387
    outer loop
      vertex 4.28128 4.99 -1.47884
      vertex 4.37767 6 -1.28122
      vertex 4.28128 6 -1.47884
    endloop
  endfacet
  facet normal -0.898786 0 0.438387
    outer loop
      vertex 4.37767 6 -1.28122
      vertex 4.28128 4.99 -1.47884
      vertex 4.37767 4.99 -1.28122
    endloop
  endfacet
  facet normal -0.0697698 0 -0.997563
    outer loop
      vertex 1.60993 5 3.14808
      vertex 1.82926 6 3.13274
      vertex 1.82926 5 3.13274
    endloop
  endfacet
  facet normal -0.0697698 0 -0.997563
    outer loop
      vertex 1.82926 6 3.13274
      vertex 1.60993 5 3.14808
      vertex 1.60993 6 3.14808
    endloop
  endfacet
  facet normal 0.0697667 0 0.997563
    outer loop
      vertex 1.17073 6 -3.13274
      vertex 1.39007 5 -3.14808
      vertex 1.39007 6 -3.14808
    endloop
  endfacet
  facet normal 0.0697667 0 0.997563
    outer loop
      vertex 1.39007 5 -3.14808
      vertex 1.17073 6 -3.13274
      vertex 1.17073 5 -3.13274
    endloop
  endfacet
  facet normal -0.951058 0 0.309011
    outer loop
      vertex 4.46003 4.99 -1.07736
      vertex 4.52797 6 -0.868258
      vertex 4.46003 6 -1.07736
    endloop
  endfacet
  facet normal -0.951058 0 0.309011
    outer loop
      vertex 4.52797 6 -0.868258
      vertex 4.46003 4.99 -1.07736
      vertex 4.52797 4.99 -0.868258
    endloop
  endfacet
  facet normal -0.342021 0 0.939692
    outer loop
      vertex 2.4734 6 -2.99583
      vertex 2.68001 5 -2.92063
      vertex 2.68001 6 -2.92063
    endloop
  endfacet
  facet normal -0.342021 0 0.939692
    outer loop
      vertex 2.68001 5 -2.92063
      vertex 2.4734 6 -2.99583
      vertex 2.4734 5 -2.99583
    endloop
  endfacet
  facet normal 0.788021 0 -0.615649
    outer loop
      vertex -0.913039 5 2.02478
      vertex -1.0484 6 1.85152
      vertex -0.913039 6 2.02478
    endloop
  endfacet
  facet normal 0.788021 0 -0.615649
    outer loop
      vertex -1.0484 6 1.85152
      vertex -0.913039 5 2.02478
      vertex -1.0484 5 1.85152
    endloop
  endfacet
  facet normal 0.139178 0 0.990267
    outer loop
      vertex 0.953008 6 -3.10214
      vertex 1.17073 5 -3.13274
      vertex 1.17073 6 -3.13274
    endloop
  endfacet
  facet normal 0.139178 0 0.990267
    outer loop
      vertex 1.17073 5 -3.13274
      vertex 0.953008 6 -3.10214
      vertex 0.953008 5 -3.10214
    endloop
  endfacet
  facet normal -0.951058 0 -0.309011
    outer loop
      vertex 4.52797 4.99 0.868258
      vertex 4.46003 6 1.07736
      vertex 4.52797 6 0.868258
    endloop
  endfacet
  facet normal -0.951058 -0 -0.309011
    outer loop
      vertex 4.46003 6 1.07736
      vertex 4.52797 4.99 0.868258
      vertex 4.46003 4.99 1.07736
    endloop
  endfacet
  facet normal -0.469469 0 -0.882949
    outer loop
      vertex 2.88087 4.99 2.8312
      vertex 3.075 6 2.72798
      vertex 3.075 4.99 2.72798
    endloop
  endfacet
  facet normal -0.469469 0 -0.882949
    outer loop
      vertex 3.075 6 2.72798
      vertex 2.88087 4.99 2.8312
      vertex 2.88087 6 2.8312
    endloop
  endfacet
  facet normal -0.0697698 0 0.997563
    outer loop
      vertex 1.60993 6 -3.14808
      vertex 1.82926 5 -3.13274
      vertex 1.82926 6 -3.13274
    endloop
  endfacet
  facet normal -0.0697698 0 0.997563
    outer loop
      vertex 1.82926 5 -3.13274
      vertex 1.60993 6 -3.14808
      vertex 1.60993 5 -3.14808
    endloop
  endfacet
  facet normal 0.999391 -0 0.0348849
    outer loop
      vertex -1.65 5 0
      vertex -1.64233 6 -0.219732
      vertex -1.65 6 0
    endloop
  endfacet
  facet normal 0.999391 0 0.0348849
    outer loop
      vertex -1.64233 6 -0.219732
      vertex -1.65 5 0
      vertex -1.64233 5 -0.219732
    endloop
  endfacet
  facet normal -0.406742 0 -0.913543
    outer loop
      vertex 2.68001 4.99 2.92063
      vertex 2.88087 6 2.8312
      vertex 2.88087 4.99 2.8312
    endloop
  endfacet
  facet normal -0.406742 0 -0.913543
    outer loop
      vertex 2.88087 6 2.8312
      vertex 2.68001 4.99 2.92063
      vertex 2.68001 6 2.92063
    endloop
  endfacet
  facet normal 0.469469 0 0.882949
    outer loop
      vertex -0.0749998 6 -2.72798
      vertex 0.11913 5 -2.8312
      vertex 0.11913 6 -2.8312
    endloop
  endfacet
  facet normal 0.469469 0 0.882949
    outer loop
      vertex 0.11913 5 -2.8312
      vertex -0.0749998 6 -2.72798
      vertex -0.0749998 5 -2.72798
    endloop
  endfacet
  facet normal 0.86602 -0 0.500009
    outer loop
      vertex -1.28128 5 -1.47884
      vertex -1.17135 6 -1.66924
      vertex -1.28128 6 -1.47884
    endloop
  endfacet
  facet normal 0.86602 0 0.500009
    outer loop
      vertex -1.17135 6 -1.66924
      vertex -1.28128 5 -1.47884
      vertex -1.17135 5 -1.66924
    endloop
  endfacet
  facet normal 0.275622 0 0.961266
    outer loop
      vertex 0.526596 6 -2.99583
      vertex 0.737946 5 -3.05643
      vertex 0.737946 6 -3.05643
    endloop
  endfacet
  facet normal 0.275622 0 0.961266
    outer loop
      vertex 0.737946 5 -3.05643
      vertex 0.526596 6 -2.99583
      vertex 0.526596 5 -2.99583
    endloop
  endfacet
  facet normal 0.984807 -0 0.17365
    outer loop
      vertex -1.61934 5 -0.438395
      vertex -1.58116 6 -0.654922
      vertex -1.61934 6 -0.438395
    endloop
  endfacet
  facet normal 0.984807 0 0.17365
    outer loop
      vertex -1.58116 6 -0.654922
      vertex -1.61934 5 -0.438395
      vertex -1.58116 5 -0.654922
    endloop
  endfacet
  facet normal -0.970296 0 -0.241919
    outer loop
      vertex 4.58116 4.99 0.654922
      vertex 4.52797 6 0.868258
      vertex 4.58116 6 0.654922
    endloop
  endfacet
  facet normal -0.970296 -0 -0.241919
    outer loop
      vertex 4.52797 6 0.868258
      vertex 4.58116 4.99 0.654922
      vertex 4.52797 4.99 0.868258
    endloop
  endfacet
  facet normal 0.694676 0 -0.719322
    outer loop
      vertex -0.76592 5 2.18817
      vertex -0.607761 6 2.34091
      vertex -0.607761 5 2.34091
    endloop
  endfacet
  facet normal 0.694676 0 -0.719322
    outer loop
      vertex -0.607761 6 2.34091
      vertex -0.76592 5 2.18817
      vertex -0.76592 6 2.18817
    endloop
  endfacet
  facet normal 0.587802 0 0.809005
    outer loop
      vertex -0.439333 6 -2.48223
      vertex -0.261457 5 -2.61147
      vertex -0.261457 6 -2.61147
    endloop
  endfacet
  facet normal 0.587802 0 0.809005
    outer loop
      vertex -0.261457 5 -2.61147
      vertex -0.439333 6 -2.48223
      vertex -0.439333 5 -2.48223
    endloop
  endfacet
  facet normal -0.927191 0 -0.374588
    outer loop
      vertex 4.46003 4.99 1.07736
      vertex 4.37767 6 1.28122
      vertex 4.46003 6 1.07736
    endloop
  endfacet
  facet normal -0.927191 -0 -0.374588
    outer loop
      vertex 4.37767 6 1.28122
      vertex 4.46003 4.99 1.07736
      vertex 4.37767 4.99 1.28122
    endloop
  endfacet
  facet normal -0.694674 0 0.719325
    outer loop
      vertex 3.60776 6 -2.34091
      vertex 3.76592 5 -2.18817
      vertex 3.76592 6 -2.18817
    endloop
  endfacet
  facet normal -0.694674 0 0.719325
    outer loop
      vertex 3.76592 5 -2.18817
      vertex 3.60776 6 -2.34091
      vertex 3.60776 5 -2.34091
    endloop
  endfacet
  facet normal 0.951058 0 -0.309011
    outer loop
      vertex -1.46003 5 1.07736
      vertex -1.52797 6 0.868258
      vertex -1.46003 6 1.07736
    endloop
  endfacet
  facet normal 0.951058 0 -0.309011
    outer loop
      vertex -1.52797 6 0.868258
      vertex -1.46003 5 1.07736
      vertex -1.52797 5 0.868258
    endloop
  endfacet
  facet normal 0.207899 0 0.97815
    outer loop
      vertex 0.737946 6 -3.05643
      vertex 0.953008 5 -3.10214
      vertex 0.953008 6 -3.10214
    endloop
  endfacet
  facet normal 0.207899 0 0.97815
    outer loop
      vertex 0.953008 5 -3.10214
      vertex 0.737946 6 -3.05643
      vertex 0.737946 5 -3.05643
    endloop
  endfacet
  facet normal 0 0 -1
    outer loop
      vertex 1.39007 5 3.14808
      vertex 1.60993 6 3.14808
      vertex 1.60993 5 3.14808
    endloop
  endfacet
  facet normal -0 0 -1
    outer loop
      vertex 1.60993 6 3.14808
      vertex 1.39007 5 3.14808
      vertex 1.39007 6 3.14808
    endloop
  endfacet
  facet normal -0.642762 0 -0.766066
    outer loop
      vertex 3.43933 4.99 2.48223
      vertex 3.60776 6 2.34091
      vertex 3.60776 4.99 2.34091
    endloop
  endfacet
  facet normal -0.642762 0 -0.766066
    outer loop
      vertex 3.60776 6 2.34091
      vertex 3.43933 4.99 2.48223
      vertex 3.43933 6 2.48223
    endloop
  endfacet
  facet normal 0.069826 0 -0.997559
    outer loop
      vertex 1.35864 5 3.14588
      vertex 1.39007 6 3.14808
      vertex 1.39007 5 3.14808
    endloop
  endfacet
  facet normal 0.069826 0 -0.997559
    outer loop
      vertex 1.39007 6 3.14808
      vertex 1.35864 5 3.14588
      vertex 1.35864 6 3.14588
    endloop
  endfacet
  facet normal -0.139173 0 -0.990268
    outer loop
      vertex 1.82926 5 3.13274
      vertex 2.04699 6 3.10214
      vertex 2.04699 5 3.10214
    endloop
  endfacet
  facet normal -0.139173 0 -0.990268
    outer loop
      vertex 2.04699 6 3.10214
      vertex 1.82926 5 3.13274
      vertex 1.82926 6 3.13274
    endloop
  endfacet
  facet normal -0.139173 0 0.990268
    outer loop
      vertex 1.82926 6 -3.13274
      vertex 2.04699 5 -3.10214
      vertex 2.04699 6 -3.10214
    endloop
  endfacet
  facet normal -0.139173 0 0.990268
    outer loop
      vertex 2.04699 5 -3.10214
      vertex 1.82926 6 -3.13274
      vertex 1.82926 5 -3.13274
    endloop
  endfacet
  facet normal -0.788023 0 0.615646
    outer loop
      vertex 3.91304 4.99 -2.02478
      vertex 4.0484 6 -1.85152
      vertex 3.91304 6 -2.02478
    endloop
  endfacet
  facet normal -0.788023 0 0.615646
    outer loop
      vertex 4.0484 6 -1.85152
      vertex 3.91304 4.99 -2.02478
      vertex 4.0484 4.99 -1.85152
    endloop
  endfacet
  facet normal -0.587815 0 0.808996
    outer loop
      vertex 3.26146 6 -2.61147
      vertex 3.43933 5 -2.48223
      vertex 3.43933 6 -2.48223
    endloop
  endfacet
  facet normal -0.587815 0 0.808996
    outer loop
      vertex 3.43933 5 -2.48223
      vertex 3.26146 6 -2.61147
      vertex 3.26146 5 -2.61147
    endloop
  endfacet
  facet normal -0.642762 0 0.766066
    outer loop
      vertex 3.43933 6 -2.48223
      vertex 3.60776 5 -2.34091
      vertex 3.60776 6 -2.34091
    endloop
  endfacet
  facet normal -0.642762 0 0.766066
    outer loop
      vertex 3.60776 5 -2.34091
      vertex 3.43933 6 -2.48223
      vertex 3.43933 5 -2.48223
    endloop
  endfacet
  facet normal -0.529909 0 -0.848055
    outer loop
      vertex 3.075 4.99 2.72798
      vertex 3.26146 6 2.61147
      vertex 3.26146 4.99 2.61147
    endloop
  endfacet
  facet normal -0.529909 0 -0.848055
    outer loop
      vertex 3.26146 6 2.61147
      vertex 3.075 4.99 2.72798
      vertex 3.075 6 2.72798
    endloop
  endfacet
  facet normal -0.898786 0 -0.438387
    outer loop
      vertex 4.37767 4.99 1.28122
      vertex 4.28128 6 1.47884
      vertex 4.37767 6 1.28122
    endloop
  endfacet
  facet normal -0.898786 -0 -0.438387
    outer loop
      vertex 4.28128 6 1.47884
      vertex 4.37767 4.99 1.28122
      vertex 4.28128 4.99 1.47884
    endloop
  endfacet
  facet normal 0.994518 0 -0.104563
    outer loop
      vertex -1.61934 5 0.438395
      vertex -1.64233 6 0.219732
      vertex -1.61934 6 0.438395
    endloop
  endfacet
  facet normal 0.994518 0 -0.104563
    outer loop
      vertex -1.64233 6 0.219732
      vertex -1.61934 5 0.438395
      vertex -1.64233 5 0.219732
    endloop
  endfacet
  facet normal 0.999391 0 -0.0348849
    outer loop
      vertex -1.64233 5 0.219732
      vertex -1.65 6 0
      vertex -1.64233 6 0.219732
    endloop
  endfacet
  facet normal 0.999391 0 -0.0348849
    outer loop
      vertex -1.65 6 0
      vertex -1.64233 5 0.219732
      vertex -1.65 5 0
    endloop
  endfacet
  facet normal -0.341998 -0 -0.939701
    outer loop
      vertex 2.50861 5 2.98301
      vertex 2.68001 4.99 2.92063
      vertex 2.50861 4.99 2.98301
    endloop
  endfacet
  facet normal -0.341998 0 -0.939701
    outer loop
      vertex 2.68001 4.99 2.92063
      vertex 2.50861 5 2.98301
      vertex 2.68001 6 2.92063
    endloop
  endfacet
  facet normal -0.342129 -0 -0.939653
    outer loop
      vertex 2.4734 6 2.99583
      vertex 2.50861 5 2.98301
      vertex 2.4734 5 2.99583
    endloop
  endfacet
  facet normal -0.342021 4.31255e-06 -0.939692
    outer loop
      vertex 2.50861 5 2.98301
      vertex 2.4734 6 2.99583
      vertex 2.68001 6 2.92063
    endloop
  endfacet
  facet normal 0.74314 -0 0.669136
    outer loop
      vertex -0.913039 5 -2.02478
      vertex -0.76592 6 -2.18817
      vertex -0.913039 6 -2.02478
    endloop
  endfacet
  facet normal 0.74314 0 0.669136
    outer loop
      vertex -0.76592 6 -2.18817
      vertex -0.913039 5 -2.02478
      vertex -0.76592 5 -2.18817
    endloop
  endfacet
  facet normal -0.406742 0 0.913543
    outer loop
      vertex 2.68001 6 -2.92063
      vertex 2.88087 5 -2.8312
      vertex 2.88087 6 -2.8312
    endloop
  endfacet
  facet normal -0.406742 0 0.913543
    outer loop
      vertex 2.88087 5 -2.8312
      vertex 2.68001 6 -2.92063
      vertex 2.68001 5 -2.92063
    endloop
  endfacet
  facet normal 0.829036 0 -0.559195
    outer loop
      vertex -1.0484 5 1.85152
      vertex -1.17135 6 1.66924
      vertex -1.0484 6 1.85152
    endloop
  endfacet
  facet normal 0.829036 0 -0.559195
    outer loop
      vertex -1.17135 6 1.66924
      vertex -1.0484 5 1.85152
      vertex -1.17135 5 1.66924
    endloop
  endfacet
  facet normal -0.694674 0 -0.719325
    outer loop
      vertex 3.60776 4.99 2.34091
      vertex 3.76592 6 2.18817
      vertex 3.76592 4.99 2.18817
    endloop
  endfacet
  facet normal -0.694674 0 -0.719325
    outer loop
      vertex 3.76592 6 2.18817
      vertex 3.60776 4.99 2.34091
      vertex 3.60776 6 2.34091
    endloop
  endfacet
  facet normal 0.970296 0 -0.241919
    outer loop
      vertex -1.52797 5 0.868258
      vertex -1.58116 6 0.654922
      vertex -1.52797 6 0.868258
    endloop
  endfacet
  facet normal 0.970296 0 -0.241919
    outer loop
      vertex -1.58116 6 0.654922
      vertex -1.52797 5 0.868258
      vertex -1.58116 5 0.654922
    endloop
  endfacet
  facet normal 0.951058 -0 0.309011
    outer loop
      vertex -1.52797 5 -0.868258
      vertex -1.46003 6 -1.07736
      vertex -1.52797 6 -0.868258
    endloop
  endfacet
  facet normal 0.951058 0 0.309011
    outer loop
      vertex -1.46003 6 -1.07736
      vertex -1.52797 5 -0.868258
      vertex -1.46003 5 -1.07736
    endloop
  endfacet
  facet normal 0.970296 -0 0.241919
    outer loop
      vertex -1.58116 5 -0.654922
      vertex -1.52797 6 -0.868258
      vertex -1.58116 6 -0.654922
    endloop
  endfacet
  facet normal 0.970296 0 0.241919
    outer loop
      vertex -1.52797 6 -0.868258
      vertex -1.58116 5 -0.654922
      vertex -1.52797 5 -0.868258
    endloop
  endfacet
  facet normal 0.984807 0 -0.17365
    outer loop
      vertex -1.58116 5 0.654922
      vertex -1.61934 6 0.438395
      vertex -1.58116 6 0.654922
    endloop
  endfacet
  facet normal 0.984807 0 -0.17365
    outer loop
      vertex -1.61934 6 0.438395
      vertex -1.58116 5 0.654922
      vertex -1.61934 5 0.438395
    endloop
  endfacet
  facet normal -0.927191 0 0.374588
    outer loop
      vertex 4.37767 4.99 -1.28122
      vertex 4.46003 6 -1.07736
      vertex 4.37767 6 -1.28122
    endloop
  endfacet
  facet normal -0.927191 0 0.374588
    outer loop
      vertex 4.46003 6 -1.07736
      vertex 4.37767 4.99 -1.28122
      vertex 4.46003 4.99 -1.07736
    endloop
  endfacet
  facet normal -0.275622 0 -0.961266
    outer loop
      vertex 2.26205 5 3.05643
      vertex 2.4734 6 2.99583
      vertex 2.4734 5 2.99583
    endloop
  endfacet
  facet normal -0.275622 0 -0.961266
    outer loop
      vertex 2.4734 6 2.99583
      vertex 2.26205 5 3.05643
      vertex 2.26205 6 3.05643
    endloop
  endfacet
  facet normal 0.927191 -0 0.374588
    outer loop
      vertex -1.46003 5 -1.07736
      vertex -1.37767 6 -1.28122
      vertex -1.46003 6 -1.07736
    endloop
  endfacet
  facet normal 0.927191 0 0.374588
    outer loop
      vertex -1.37767 6 -1.28122
      vertex -1.46003 5 -1.07736
      vertex -1.37767 5 -1.28122
    endloop
  endfacet
  facet normal -0.984807 0 -0.17365
    outer loop
      vertex 4.61934 4.99 0.438395
      vertex 4.58116 6 0.654922
      vertex 4.61934 6 0.438395
    endloop
  endfacet
  facet normal -0.984807 -0 -0.17365
    outer loop
      vertex 4.58116 6 0.654922
      vertex 4.61934 4.99 0.438395
      vertex 4.58116 4.99 0.654922
    endloop
  endfacet
  facet normal 0.587802 0 -0.809005
    outer loop
      vertex -0.439333 5 2.48223
      vertex -0.261457 6 2.61147
      vertex -0.261457 5 2.61147
    endloop
  endfacet
  facet normal 0.587802 0 -0.809005
    outer loop
      vertex -0.261457 6 2.61147
      vertex -0.439333 5 2.48223
      vertex -0.439333 6 2.48223
    endloop
  endfacet
  facet normal 0.994518 -0 0.104563
    outer loop
      vertex -1.64233 5 -0.219732
      vertex -1.61934 6 -0.438395
      vertex -1.64233 6 -0.219732
    endloop
  endfacet
  facet normal 0.994518 0 0.104563
    outer loop
      vertex -1.61934 6 -0.438395
      vertex -1.64233 5 -0.219732
      vertex -1.61934 5 -0.438395
    endloop
  endfacet
  facet normal -0.86602 0 -0.500009
    outer loop
      vertex 4.28128 4.99 1.47884
      vertex 4.17135 6 1.66924
      vertex 4.28128 6 1.47884
    endloop
  endfacet
  facet normal -0.86602 -0 -0.500009
    outer loop
      vertex 4.17135 6 1.66924
      vertex 4.28128 4.99 1.47884
      vertex 4.17135 4.99 1.66924
    endloop
  endfacet
  facet normal 0.829036 -0 0.559195
    outer loop
      vertex -1.17135 5 -1.66924
      vertex -1.0484 6 -1.85152
      vertex -1.17135 6 -1.66924
    endloop
  endfacet
  facet normal 0.829036 0 0.559195
    outer loop
      vertex -1.0484 6 -1.85152
      vertex -1.17135 5 -1.66924
      vertex -1.0484 5 -1.85152
    endloop
  endfacet
  facet normal -0.788023 0 -0.615646
    outer loop
      vertex 4.0484 4.99 1.85152
      vertex 3.91304 6 2.02478
      vertex 4.0484 6 1.85152
    endloop
  endfacet
  facet normal -0.788023 -0 -0.615646
    outer loop
      vertex 3.91304 6 2.02478
      vertex 4.0484 4.99 1.85152
      vertex 3.91304 4.99 2.02478
    endloop
  endfacet
  facet normal 0.529893 0 -0.848064
    outer loop
      vertex -0.261457 5 2.61147
      vertex -0.113784 6 2.70374
      vertex -0.113784 5 2.70374
    endloop
  endfacet
  facet normal 0.529893 0 -0.848064
    outer loop
      vertex -0.113784 6 2.70374
      vertex -0.261457 5 2.61147
      vertex -0.261457 6 2.61147
    endloop
  endfacet
  facet normal -0.275622 0 0.961266
    outer loop
      vertex 2.26205 6 -3.05643
      vertex 2.4734 5 -2.99583
      vertex 2.4734 6 -2.99583
    endloop
  endfacet
  facet normal -0.275622 0 0.961266
    outer loop
      vertex 2.4734 5 -2.99583
      vertex 2.26205 6 -3.05643
      vertex 2.26205 5 -3.05643
    endloop
  endfacet
  facet normal -0.207901 0 0.97815
    outer loop
      vertex 2.04699 6 -3.10214
      vertex 2.26205 5 -3.05643
      vertex 2.26205 6 -3.05643
    endloop
  endfacet
  facet normal -0.207901 0 0.97815
    outer loop
      vertex 2.26205 5 -3.05643
      vertex 2.04699 6 -3.10214
      vertex 2.04699 5 -3.10214
    endloop
  endfacet
  facet normal -0.829036 0 -0.559195
    outer loop
      vertex 4.17135 4.99 1.66924
      vertex 4.0484 6 1.85152
      vertex 4.17135 6 1.66924
    endloop
  endfacet
  facet normal -0.829036 -0 -0.559195
    outer loop
      vertex 4.0484 6 1.85152
      vertex 4.17135 4.99 1.66924
      vertex 4.0484 4.99 1.85152
    endloop
  endfacet
  facet normal 0.927191 0 -0.374588
    outer loop
      vertex -1.37767 5 1.28122
      vertex -1.46003 6 1.07736
      vertex -1.37767 6 1.28122
    endloop
  endfacet
  facet normal 0.927191 0 -0.374588
    outer loop
      vertex -1.46003 6 1.07736
      vertex -1.37767 5 1.28122
      vertex -1.46003 5 1.07736
    endloop
  endfacet
  facet normal 0.788021 -0 0.615649
    outer loop
      vertex -1.0484 5 -1.85152
      vertex -0.913039 6 -2.02478
      vertex -1.0484 6 -1.85152
    endloop
  endfacet
  facet normal 0.788021 0 0.615649
    outer loop
      vertex -0.913039 6 -2.02478
      vertex -1.0484 5 -1.85152
      vertex -0.913039 5 -2.02478
    endloop
  endfacet
  facet normal 0.642767 0 -0.766062
    outer loop
      vertex -0.607761 5 2.34091
      vertex -0.439333 6 2.48223
      vertex -0.439333 5 2.48223
    endloop
  endfacet
  facet normal 0.642767 0 -0.766062
    outer loop
      vertex -0.439333 6 2.48223
      vertex -0.607761 5 2.34091
      vertex -0.607761 6 2.34091
    endloop
  endfacet
  facet normal 0.86602 0 -0.500009
    outer loop
      vertex -1.17135 5 1.66924
      vertex -1.28128 6 1.47884
      vertex -1.17135 6 1.66924
    endloop
  endfacet
  facet normal 0.86602 0 -0.500009
    outer loop
      vertex -1.28128 6 1.47884
      vertex -1.17135 5 1.66924
      vertex -1.28128 5 1.47884
    endloop
  endfacet
  facet normal -0.743143 0 0.669133
    outer loop
      vertex 3.9 5 -2.03926
      vertex 3.76592 6 -2.18817
      vertex 3.76592 5 -2.18817
    endloop
  endfacet
  facet normal -0.743138 1.40086e-06 0.669138
    outer loop
      vertex 3.76592 6 -2.18817
      vertex 3.9 5 -2.03926
      vertex 3.91304 6 -2.02478
    endloop
  endfacet
  facet normal -0.74309 0 0.669192
    outer loop
      vertex 3.91304 4.99 -2.02478
      vertex 3.9 5 -2.03926
      vertex 3.9 4.99 -2.03926
    endloop
  endfacet
  facet normal -0.74309 0 0.669192
    outer loop
      vertex 3.9 5 -2.03926
      vertex 3.91304 4.99 -2.02478
      vertex 3.91304 6 -2.02478
    endloop
  endfacet
  facet normal 0.642767 0 0.766062
    outer loop
      vertex -0.607761 6 -2.34091
      vertex -0.439333 5 -2.48223
      vertex -0.439333 6 -2.48223
    endloop
  endfacet
  facet normal 0.642767 0 0.766062
    outer loop
      vertex -0.439333 5 -2.48223
      vertex -0.607761 6 -2.34091
      vertex -0.607761 5 -2.34091
    endloop
  endfacet
  facet normal 0 1 0
    outer loop
      vertex 2.68001 4.99 2.92063
      vertex 2.60961 4.99 2.89826
      vertex 2.50861 4.99 2.98301
    endloop
  endfacet
  facet normal 0 1 -0
    outer loop
      vertex 2.80542 4.99 2.70917
      vertex 2.68001 4.99 2.92063
      vertex 2.88087 4.99 2.8312
    endloop
  endfacet
  facet normal 0 1 0
    outer loop
      vertex 2.80542 4.99 2.70917
      vertex 2.88087 4.99 2.8312
      vertex 3.075 4.99 2.72798
    endloop
  endfacet
  facet normal 0 1 0
    outer loop
      vertex 2.68001 4.99 2.92063
      vertex 2.80542 4.99 2.70917
      vertex 2.60961 4.99 2.89826
    endloop
  endfacet
  facet normal 0 1 0
    outer loop
      vertex 2.98757 4.99 2.50687
      vertex 3.075 4.99 2.72798
      vertex 3.26146 4.99 2.61147
    endloop
  endfacet
  facet normal 0 1 0
    outer loop
      vertex 3.075 4.99 2.72798
      vertex 2.98757 4.99 2.50687
      vertex 2.80542 4.99 2.70917
    endloop
  endfacet
  facet normal 0 1 0
    outer loop
      vertex 3.15517 4.99 2.29236
      vertex 3.26146 4.99 2.61147
      vertex 3.43933 4.99 2.48223
    endloop
  endfacet
  facet normal 0 1 0
    outer loop
      vertex 3.30739 4.99 2.06668
      vertex 3.43933 4.99 2.48223
      vertex 3.60776 4.99 2.34091
    endloop
  endfacet
  facet normal 0 1 0
    outer loop
      vertex 3.26146 4.99 2.61147
      vertex 3.15517 4.99 2.29236
      vertex 2.98757 4.99 2.50687
    endloop
  endfacet
  facet normal 0 1 0
    outer loop
      vertex 3.30739 4.99 2.06668
      vertex 3.60776 4.99 2.34091
      vertex 3.76592 4.99 2.18817
    endloop
  endfacet
  facet normal 0 1 0
    outer loop
      vertex 3.43933 4.99 2.48223
      vertex 3.30739 4.99 2.06668
      vertex 3.15517 4.99 2.29236
    endloop
  endfacet
  facet normal 0 1 0
    outer loop
      vertex 3.44349 4.99 1.83094
      vertex 3.76592 4.99 2.18817
      vertex 3.91304 4.99 2.02478
    endloop
  endfacet
  facet normal 0 1 0
    outer loop
      vertex 3.56283 4.99 1.58627
      vertex 3.91304 4.99 2.02478
      vertex 4.0484 4.99 1.85152
    endloop
  endfacet
  facet normal 0 1 0
    outer loop
      vertex 3.76592 4.99 2.18817
      vertex 3.44349 4.99 1.83094
      vertex 3.30739 4.99 2.06668
    endloop
  endfacet
  facet normal 0 1 0
    outer loop
      vertex 3.56283 4.99 1.58627
      vertex 4.0484 4.99 1.85152
      vertex 4.17135 4.99 1.66924
    endloop
  endfacet
  facet normal 0 1 0
    outer loop
      vertex 3.91304 4.99 2.02478
      vertex 3.56283 4.99 1.58627
      vertex 3.44349 4.99 1.83094
    endloop
  endfacet
  facet normal 0 1 0
    outer loop
      vertex 3.6648 4.99 1.33388
      vertex 4.17135 4.99 1.66924
      vertex 4.28128 4.99 1.47884
    endloop
  endfacet
  facet normal 0 1 0
    outer loop
      vertex 4.17135 4.99 1.66924
      vertex 3.6648 4.99 1.33388
      vertex 3.56283 4.99 1.58627
    endloop
  endfacet
  facet normal 0 1 0
    outer loop
      vertex 3.74892 4.99 1.07499
      vertex 4.28128 4.99 1.47884
      vertex 4.37767 4.99 1.28122
    endloop
  endfacet
  facet normal 0 1 0
    outer loop
      vertex 3.74892 4.99 1.07499
      vertex 4.37767 4.99 1.28122
      vertex 4.46003 4.99 1.07736
    endloop
  endfacet
  facet normal 0 1 0
    outer loop
      vertex 4.28128 4.99 1.47884
      vertex 3.74892 4.99 1.07499
      vertex 3.6648 4.99 1.33388
    endloop
  endfacet
  facet normal 0 1 0
    outer loop
      vertex 3.81478 4.99 0.810855
      vertex 4.46003 4.99 1.07736
      vertex 4.52797 4.99 0.868258
    endloop
  endfacet
  facet normal 0 1 0
    outer loop
      vertex 4.46003 4.99 1.07736
      vertex 3.81478 4.99 0.810855
      vertex 3.74892 4.99 1.07499
    endloop
  endfacet
  facet normal 0 1 0
    outer loop
      vertex 3.86205 4.99 0.542774
      vertex 4.52797 4.99 0.868258
      vertex 4.58116 4.99 0.654922
    endloop
  endfacet
  facet normal 0 1 0
    outer loop
      vertex 4.52797 4.99 0.868258
      vertex 3.86205 4.99 0.542774
      vertex 3.81478 4.99 0.810855
    endloop
  endfacet
  facet normal 0 1 0
    outer loop
      vertex 4.61934 4.99 0.438395
      vertex 3.86205 4.99 0.542774
      vertex 4.58116 4.99 0.654922
    endloop
  endfacet
  facet normal 0 1 0
    outer loop
      vertex 4.61934 4.99 0.438395
      vertex 3.8905 4.99 0.27205
      vertex 3.86205 4.99 0.542774
    endloop
  endfacet
  facet normal 0 1 0
    outer loop
      vertex 4.64233 4.99 0.219732
      vertex 3.8905 4.99 0.27205
      vertex 4.61934 4.99 0.438395
    endloop
  endfacet
  facet normal 0 1 0
    outer loop
      vertex 3.9 4.99 0
      vertex 4.64233 4.99 0.219732
      vertex 4.65 4.99 0
    endloop
  endfacet
  facet normal 0 1 0
    outer loop
      vertex 4.64233 4.99 0.219732
      vertex 3.9 4.99 0
      vertex 3.8905 4.99 0.27205
    endloop
  endfacet
  facet normal 0 1 -0
    outer loop
      vertex 4.64233 4.99 -0.219732
      vertex 3.9 4.99 0
      vertex 4.65 4.99 0
    endloop
  endfacet
  facet normal 0 1 -0
    outer loop
      vertex 4.61934 4.99 -0.438395
      vertex 3.9 4.99 0
      vertex 4.64233 4.99 -0.219732
    endloop
  endfacet
  facet normal 0 1 -0
    outer loop
      vertex 4.58116 4.99 -0.654922
      vertex 3.9 4.99 0
      vertex 4.61934 4.99 -0.438395
    endloop
  endfacet
  facet normal 0 1 -0
    outer loop
      vertex 4.52797 4.99 -0.868258
      vertex 3.9 4.99 0
      vertex 4.58116 4.99 -0.654922
    endloop
  endfacet
  facet normal 0 1 -0
    outer loop
      vertex 4.46003 4.99 -1.07736
      vertex 3.9 4.99 0
      vertex 4.52797 4.99 -0.868258
    endloop
  endfacet
  facet normal 0 1 -0
    outer loop
      vertex 4.37767 4.99 -1.28122
      vertex 3.9 4.99 0
      vertex 4.46003 4.99 -1.07736
    endloop
  endfacet
  facet normal 0 1 -0
    outer loop
      vertex 4.28128 4.99 -1.47884
      vertex 3.9 4.99 0
      vertex 4.37767 4.99 -1.28122
    endloop
  endfacet
  facet normal 0 1 -0
    outer loop
      vertex 4.17135 4.99 -1.66924
      vertex 3.9 4.99 0
      vertex 4.28128 4.99 -1.47884
    endloop
  endfacet
  facet normal 0 1 -0
    outer loop
      vertex 4.0484 4.99 -1.85152
      vertex 3.9 4.99 0
      vertex 4.17135 4.99 -1.66924
    endloop
  endfacet
  facet normal 0 1 -0
    outer loop
      vertex 3.91304 4.99 -2.02478
      vertex 3.9 4.99 0
      vertex 4.0484 4.99 -1.85152
    endloop
  endfacet
  facet normal 0 1 0
    outer loop
      vertex 3.9 4.99 0
      vertex 3.91304 4.99 -2.02478
      vertex 3.9 4.99 -2.03926
    endloop
  endfacet
  facet normal -0.207901 0 -0.97815
    outer loop
      vertex 2.04699 5 3.10214
      vertex 2.26205 6 3.05643
      vertex 2.26205 5 3.05643
    endloop
  endfacet
  facet normal -0.207901 0 -0.97815
    outer loop
      vertex 2.26205 6 3.05643
      vertex 2.04699 5 3.10214
      vertex 2.04699 6 3.10214
    endloop
  endfacet
  facet normal 0.898786 -0 0.438387
    outer loop
      vertex -1.37767 5 -1.28122
      vertex -1.28128 6 -1.47884
      vertex -1.37767 6 -1.28122
    endloop
  endfacet
  facet normal 0.898786 0 0.438387
    outer loop
      vertex -1.28128 6 -1.47884
      vertex -1.37767 5 -1.28122
      vertex -1.28128 5 -1.47884
    endloop
  endfacet
  facet normal 0.898786 0 -0.438387
    outer loop
      vertex -1.28128 5 1.47884
      vertex -1.37767 6 1.28122
      vertex -1.28128 6 1.47884
    endloop
  endfacet
  facet normal 0.898786 0 -0.438387
    outer loop
      vertex -1.37767 6 1.28122
      vertex -1.28128 5 1.47884
      vertex -1.37767 5 1.28122
    endloop
  endfacet
  facet normal 0.994523 0 -0.104514
    outer loop
      vertex 5.98538 -6 -0.418538
      vertex 5.94161 6 -0.835038
      vertex 5.98538 6 -0.418538
    endloop
  endfacet
  facet normal 0.994523 0 -0.104514
    outer loop
      vertex 5.94161 6 -0.835038
      vertex 5.98538 -6 -0.418538
      vertex 5.94161 -6 -0.835038
    endloop
  endfacet
  facet normal 0.694649 0 0.719349
    outer loop
      vertex 1.67283 6 6.85786
      vertex 1.79835 -6 6.73665
      vertex 1.79835 6 6.73665
    endloop
  endfacet
  facet normal 0.694649 0 0.719349
    outer loop
      vertex 1.79835 -6 6.73665
      vertex 1.67283 6 6.85786
      vertex 1.67283 -6 6.85786
    endloop
  endfacet
  facet normal 0.694654 0 -0.719344
    outer loop
      vertex 4.01478 -6 -4.45887
      vertex 4.31604 6 -4.16795
      vertex 4.31604 -6 -4.16795
    endloop
  endfacet
  facet normal 0.694654 0 -0.719344
    outer loop
      vertex 4.31604 6 -4.16795
      vertex 4.01478 -6 -4.45887
      vertex 4.01478 6 -4.45887
    endloop
  endfacet
  facet normal 0 0 -1
    outer loop
      vertex -0.209396 -6 -5.99634
      vertex 0.209396 -5 -5.99634
      vertex 0.209396 -6 -5.99634
    endloop
  endfacet
  facet normal -0 0 -1
    outer loop
      vertex 0.209396 -5 -5.99634
      vertex -0.209396 -6 -5.99634
      vertex -0.209396 -5 -5.99634
    endloop
  endfacet
  facet normal 0 0 -1
    outer loop
      vertex -0.209396 5 -5.99634
      vertex 0.209396 6 -5.99634
      vertex 0.209396 5 -5.99634
    endloop
  endfacet
  facet normal -0 0 -1
    outer loop
      vertex 0.209396 6 -5.99634
      vertex -0.209396 5 -5.99634
      vertex -0.209396 6 -5.99634
    endloop
  endfacet
  facet normal 0.275647 0 0.961259
    outer loop
      vertex 0.604804 6 7.42574
      vertex 0.772542 -6 7.37764
      vertex 0.772542 6 7.37764
    endloop
  endfacet
  facet normal 0.275647 0 0.961259
    outer loop
      vertex 0.772542 -6 7.37764
      vertex 0.604804 6 7.42574
      vertex 0.604804 -6 7.42574
    endloop
  endfacet
  facet normal -0.994523 0 0.104514
    outer loop
      vertex -5.98538 -6 0.418538
      vertex -5.94161 6 0.835038
      vertex -5.98538 6 0.418538
    endloop
  endfacet
  facet normal -0.994523 0 0.104514
    outer loop
      vertex -5.94161 6 0.835038
      vertex -5.98538 -6 0.418538
      vertex -5.94161 -6 0.835038
    endloop
  endfacet
  facet normal -0.642788 0 -0.766044
    outer loop
      vertex -3.69397 -6 -4.72806
      vertex -3.9 -5 -4.55518
      vertex -3.69397 -5 -4.72806
    endloop
  endfacet
  facet normal -0.64278 0 -0.766051
    outer loop
      vertex -3.9 -5 -4.55518
      vertex -4.01478 -6 -4.45887
      vertex -3.9 5 -4.55518
    endloop
  endfacet
  facet normal -0.642785 9.95972e-07 -0.766046
    outer loop
      vertex -4.01478 -6 -4.45887
      vertex -3.9 -5 -4.55518
      vertex -3.69397 -6 -4.72806
    endloop
  endfacet
  facet normal -0.642788 0 -0.766044
    outer loop
      vertex -3.9 5 -4.55518
      vertex -3.69397 6 -4.72806
      vertex -3.69397 5 -4.72806
    endloop
  endfacet
  facet normal -0.642785 -9.95972e-07 -0.766046
    outer loop
      vertex -3.9 5 -4.55518
      vertex -4.01478 6 -4.45887
      vertex -3.69397 6 -4.72806
    endloop
  endfacet
  facet normal -0.64278 -0 -0.766051
    outer loop
      vertex -4.01478 6 -4.45887
      vertex -3.9 5 -4.55518
      vertex -4.01478 -6 -4.45887
    endloop
  endfacet
  facet normal -0.0697999 0 0.997561
    outer loop
      vertex -0.261321 6 7.4863
      vertex -0.0872478 -6 7.49848
      vertex -0.0872478 6 7.49848
    endloop
  endfacet
  facet normal -0.0697999 0 0.997561
    outer loop
      vertex -0.0872478 -6 7.49848
      vertex -0.261321 6 7.4863
      vertex -0.261321 -6 7.4863
    endloop
  endfacet
  facet normal -0.0697477 0 -0.997565
    outer loop
      vertex -0.627171 -6 -5.96713
      vertex -0.209396 -5 -5.99634
      vertex -0.209396 -6 -5.99634
    endloop
  endfacet
  facet normal -0.0697477 0 -0.997565
    outer loop
      vertex -0.209396 -5 -5.99634
      vertex -0.627171 -6 -5.96713
      vertex -0.627171 -5 -5.96713
    endloop
  endfacet
  facet normal -0.0697477 0 -0.997565
    outer loop
      vertex -0.627171 5 -5.96713
      vertex -0.209396 6 -5.99634
      vertex -0.209396 5 -5.99634
    endloop
  endfacet
  facet normal -0.0697477 0 -0.997565
    outer loop
      vertex -0.209396 6 -5.99634
      vertex -0.627171 5 -5.96713
      vertex -0.627171 6 -5.96713
    endloop
  endfacet
  facet normal 0 -1 0
    outer loop
      vertex -0.0802679 -6 7.2986
      vertex -0.0872478 -6 7.49848
      vertex -0.261321 -6 7.4863
    endloop
  endfacet
  facet normal 0 -1 0
    outer loop
      vertex -0.0872478 -6 7.49848
      vertex -0.0802679 -6 7.2986
      vertex 0.0872478 -6 7.49848
    endloop
  endfacet
  facet normal 0 -1 0
    outer loop
      vertex -0.240415 -6 7.2874
      vertex -0.261321 -6 7.4863
      vertex -0.43412 -6 7.46202
    endloop
  endfacet
  facet normal 0 -1 0
    outer loop
      vertex 0.0802679 -6 7.2986
      vertex 0.0872478 -6 7.49848
      vertex -0.0802679 -6 7.2986
    endloop
  endfacet
  facet normal 0 -1 0
    outer loop
      vertex -0.39939 -6 7.26506
      vertex -0.43412 -6 7.46202
      vertex -0.604804 -6 7.42574
    endloop
  endfacet
  facet normal 0 -1 -0
    outer loop
      vertex 0.0872478 -6 7.49848
      vertex 0.0802679 -6 7.2986
      vertex 0.261321 -6 7.4863
    endloop
  endfacet
  facet normal 0 -1 0
    outer loop
      vertex -0.55642 -6 7.23168
      vertex -0.604804 -6 7.42574
      vertex -0.772542 -6 7.37764
    endloop
  endfacet
  facet normal 0 -1 0
    outer loop
      vertex 0.240415 -6 7.2874
      vertex 0.261321 -6 7.4863
      vertex 0.0802679 -6 7.2986
    endloop
  endfacet
  facet normal 0 -1 0
    outer loop
      vertex -0.710738 -6 7.18743
      vertex -0.772542 -6 7.37764
      vertex -0.936516 -6 7.31796
    endloop
  endfacet
  facet normal 0 -1 -0
    outer loop
      vertex 0.261321 -6 7.4863
      vertex 0.240415 -6 7.2874
      vertex 0.43412 -6 7.46202
    endloop
  endfacet
  facet normal 0 -1 0
    outer loop
      vertex 0.39939 -6 7.26506
      vertex 0.43412 -6 7.46202
      vertex 0.240415 -6 7.2874
    endloop
  endfacet
  facet normal 0 -1 0
    outer loop
      vertex -0.261321 -6 7.4863
      vertex -0.240415 -6 7.2874
      vertex -0.0802679 -6 7.2986
    endloop
  endfacet
  facet normal 0 -1 0
    outer loop
      vertex -0.43412 -6 7.46202
      vertex -0.39939 -6 7.26506
      vertex -0.240415 -6 7.2874
    endloop
  endfacet
  facet normal 0 -1 0
    outer loop
      vertex -0.861595 -6 7.13252
      vertex -0.936516 -6 7.31796
      vertex -1.09593 -6 7.24698
    endloop
  endfacet
  facet normal 0 -1 0
    outer loop
      vertex -0.604804 -6 7.42574
      vertex -0.55642 -6 7.23168
      vertex -0.39939 -6 7.26506
    endloop
  endfacet
  facet normal 0 -1 0
    outer loop
      vertex -0.772542 -6 7.37764
      vertex -0.710738 -6 7.18743
      vertex -0.55642 -6 7.23168
    endloop
  endfacet
  facet normal 0 -1 0
    outer loop
      vertex -1.00825 -6 7.06723
      vertex -1.09593 -6 7.24698
      vertex -1.25 -6 7.16506
    endloop
  endfacet
  facet normal 0 -1 0
    outer loop
      vertex -0.936516 -6 7.31796
      vertex -0.861595 -6 7.13252
      vertex -0.710738 -6 7.18743
    endloop
  endfacet
  facet normal 0 -1 0
    outer loop
      vertex -1.15 -6 6.99186
      vertex -1.25 -6 7.16506
      vertex -1.39798 -6 7.07259
    endloop
  endfacet
  facet normal 0 -1 0
    outer loop
      vertex -1.09593 -6 7.24698
      vertex -1.00825 -6 7.06723
      vertex -0.861595 -6 7.13252
    endloop
  endfacet
  facet normal 0 -1 0
    outer loop
      vertex -1.25 -6 7.16506
      vertex -1.15 -6 6.99186
      vertex -1.00825 -6 7.06723
    endloop
  endfacet
  facet normal 0 -1 0
    outer loop
      vertex -1.28614 -6 6.90679
      vertex -1.39798 -6 7.07259
      vertex -1.53915 -6 6.97003
    endloop
  endfacet
  facet normal 0 -1 0
    outer loop
      vertex -1.39798 -6 7.07259
      vertex -1.28614 -6 6.90679
      vertex -1.15 -6 6.99186
    endloop
  endfacet
  facet normal 0 -1 0
    outer loop
      vertex -1.41602 -6 6.81242
      vertex -1.53915 -6 6.97003
      vertex -1.67283 -6 6.85786
    endloop
  endfacet
  facet normal 0 -1 0
    outer loop
      vertex -1.53915 -6 6.97003
      vertex -1.41602 -6 6.81242
      vertex -1.28614 -6 6.90679
    endloop
  endfacet
  facet normal 0 -1 0
    outer loop
      vertex -1.539 -6 6.70923
      vertex -1.67283 -6 6.85786
      vertex -1.79835 -6 6.73665
    endloop
  endfacet
  facet normal 0 -1 0
    outer loop
      vertex -1.67283 -6 6.85786
      vertex -1.539 -6 6.70923
      vertex -1.41602 -6 6.81242
    endloop
  endfacet
  facet normal 0 -1 0
    outer loop
      vertex -1.79835 -6 6.73665
      vertex -1.65448 -6 6.59771
      vertex -1.539 -6 6.70923
    endloop
  endfacet
  facet normal 0 -1 0
    outer loop
      vertex -1.79835 -6 6.73665
      vertex -1.7619 -6 6.47841
      vertex -1.65448 -6 6.59771
    endloop
  endfacet
  facet normal 0 -1 -0
    outer loop
      vertex -1.79835 -6 6.73665
      vertex -1.86074 -6 6.35191
      vertex -1.7619 -6 6.47841
    endloop
  endfacet
  facet normal 0 -1 0
    outer loop
      vertex -1.79835 -6 6.73665
      vertex -1.95051 -6 6.21881
      vertex -1.86074 -6 6.35191
    endloop
  endfacet
  facet normal 0 -1 0
    outer loop
      vertex -1.79835 -6 6.73665
      vertex -2.03078 -6 6.07978
      vertex -1.95051 -6 6.21881
    endloop
  endfacet
  facet normal 0 -1 0
    outer loop
      vertex -1.79835 -6 6.73665
      vertex -2.10115 -6 5.93549
      vertex -2.03078 -6 6.07978
    endloop
  endfacet
  facet normal 0 -1 0
    outer loop
      vertex -4.31604 -6 4.16795
      vertex -2.10115 -6 5.93549
      vertex -1.79835 -6 6.73665
    endloop
  endfacet
  facet normal 0 -1 0
    outer loop
      vertex -2.10115 -6 5.93549
      vertex -4.31604 -6 4.16795
      vertex -2.16129 -6 5.78665
    endloop
  endfacet
  facet normal 0 -1 0
    outer loop
      vertex -4.31604 -6 4.16795
      vertex -2.2109 -6 5.63397
      vertex -2.16129 -6 5.78665
    endloop
  endfacet
  facet normal 0 -1 0
    outer loop
      vertex -4.31604 -6 4.16795
      vertex -2.24974 -6 5.4782
      vertex -2.2109 -6 5.63397
    endloop
  endfacet
  facet normal 0 -1 0
    outer loop
      vertex -4.31604 -6 4.16795
      vertex -2.27762 -6 5.3201
      vertex -2.24974 -6 5.4782
    endloop
  endfacet
  facet normal 0 -1 0
    outer loop
      vertex -4.31604 -6 4.16795
      vertex -2.2944 -6 5.16044
      vertex -2.27762 -6 5.3201
    endloop
  endfacet
  facet normal 0 -1 0
    outer loop
      vertex -4.31604 -6 4.16795
      vertex -2.3 -6 5
      vertex -2.2944 -6 5.16044
    endloop
  endfacet
  facet normal 0 -1 0
    outer loop
      vertex -4.31604 -6 4.16795
      vertex -2.2944 -6 4.83956
      vertex -2.3 -6 5
    endloop
  endfacet
  facet normal 0 -1 0
    outer loop
      vertex -4.31604 -6 4.16795
      vertex -2.27762 -6 4.6799
      vertex -2.2944 -6 4.83956
    endloop
  endfacet
  facet normal 0 -1 0
    outer loop
      vertex -4.31604 -6 4.16795
      vertex -2.24974 -6 4.5218
      vertex -2.27762 -6 4.6799
    endloop
  endfacet
  facet normal 0 -1 0
    outer loop
      vertex -4.31604 -6 4.16795
      vertex -2.2109 -6 4.36603
      vertex -2.24974 -6 4.5218
    endloop
  endfacet
  facet normal 0 -1 0
    outer loop
      vertex -4.31604 -6 4.16795
      vertex -2.16129 -6 4.21335
      vertex -2.2109 -6 4.36603
    endloop
  endfacet
  facet normal 0 -1 0
    outer loop
      vertex -4.31604 -6 4.16795
      vertex -2.10115 -6 4.06451
      vertex -2.16129 -6 4.21335
    endloop
  endfacet
  facet normal 0 -1 0
    outer loop
      vertex -4.31604 -6 4.16795
      vertex -2.03078 -6 3.92021
      vertex -2.10115 -6 4.06451
    endloop
  endfacet
  facet normal 0 -1 0
    outer loop
      vertex -1.95051 -6 3.78119
      vertex -4.31604 -6 4.16795
      vertex -4.59627 -6 3.85672
    endloop
  endfacet
  facet normal 0 -1 0
    outer loop
      vertex -4.31604 -6 4.16795
      vertex -1.95051 -6 3.78119
      vertex -2.03078 -6 3.92021
    endloop
  endfacet
  facet normal 0 -1 0
    outer loop
      vertex -4.59627 -6 3.85672
      vertex -1.86074 -6 3.64809
      vertex -1.95051 -6 3.78119
    endloop
  endfacet
  facet normal 0 -1 0
    outer loop
      vertex -4.8541 -6 3.52671
      vertex -1.86074 -6 3.64809
      vertex -4.59627 -6 3.85672
    endloop
  endfacet
  facet normal 0 -1 0
    outer loop
      vertex -4.8541 -6 3.52671
      vertex -1.7619 -6 3.52159
      vertex -1.86074 -6 3.64809
    endloop
  endfacet
  facet normal 0 -1 0
    outer loop
      vertex -5.08829 -6 3.17951
      vertex -1.7619 -6 3.52159
      vertex -4.8541 -6 3.52671
    endloop
  endfacet
  facet normal 0 -1 0
    outer loop
      vertex -1.37767 -6 1.28122
      vertex -1.7619 -6 3.52159
      vertex -5.08829 -6 3.17951
    endloop
  endfacet
  facet normal 0 -1 0
    outer loop
      vertex -1.7619 -6 3.52159
      vertex -1.37767 -6 1.28122
      vertex -1.65448 -6 3.40229
    endloop
  endfacet
  facet normal -0 -1 0
    outer loop
      vertex -1.28128 -6 1.47884
      vertex -1.65448 -6 3.40229
      vertex -1.37767 -6 1.28122
    endloop
  endfacet
  facet normal 0 -1 0
    outer loop
      vertex -1.65448 -6 3.40229
      vertex -1.28128 -6 1.47884
      vertex -1.539 -6 3.29077
    endloop
  endfacet
  facet normal 0 -1 0
    outer loop
      vertex -1.539 -6 3.29077
      vertex -1.17135 -6 1.66924
      vertex -1.41602 -6 3.18757
    endloop
  endfacet
  facet normal 0 -1 0
    outer loop
      vertex -1.41602 -6 3.18757
      vertex -1.17135 -6 1.66924
      vertex -1.28614 -6 3.09321
    endloop
  endfacet
  facet normal -0 -1 0
    outer loop
      vertex -1.0484 -6 1.85152
      vertex -1.28614 -6 3.09321
      vertex -1.17135 -6 1.66924
    endloop
  endfacet
  facet normal 0 -1 0
    outer loop
      vertex -1.37767 -6 1.28122
      vertex -5.08829 -6 3.17951
      vertex -5.29768 -6 2.81683
    endloop
  endfacet
  facet normal -0 -1 0
    outer loop
      vertex -0.913039 -6 2.02478
      vertex -1.15 -6 3.00814
      vertex -1.0484 -6 1.85152
    endloop
  endfacet
  facet normal -0 -1 0
    outer loop
      vertex -0.76592 -6 2.18817
      vertex -1.00825 -6 2.93277
      vertex -0.913039 -6 2.02478
    endloop
  endfacet
  facet normal -0 -1 0
    outer loop
      vertex -0.607761 -6 2.34091
      vertex -0.861595 -6 2.86748
      vertex -0.76592 -6 2.18817
    endloop
  endfacet
  facet normal 0 -1 0
    outer loop
      vertex -0.710738 -6 2.81257
      vertex -0.607761 -6 2.34091
      vertex -0.55642 -6 2.76832
    endloop
  endfacet
  facet normal 0 -1 0
    outer loop
      vertex -0.55642 -6 2.76832
      vertex -0.439333 -6 2.48223
      vertex -0.39939 -6 2.73494
    endloop
  endfacet
  facet normal 0 -1 -0
    outer loop
      vertex -0.240415 -6 2.7126
      vertex -0.261457 -6 2.61147
      vertex -0.113784 -6 2.70374
    endloop
  endfacet
  facet normal 0 -1 0
    outer loop
      vertex -0.39939 -6 2.73494
      vertex -0.261457 -6 2.61147
      vertex -0.240415 -6 2.7126
    endloop
  endfacet
  facet normal 0 -1 0
    outer loop
      vertex -1.46003 -6 1.07736
      vertex -5.29768 -6 2.81683
      vertex -5.48127 -6 2.44042
    endloop
  endfacet
  facet normal -0 -1 0
    outer loop
      vertex -0.261457 -6 2.61147
      vertex -0.39939 -6 2.73494
      vertex -0.439333 -6 2.48223
    endloop
  endfacet
  facet normal -0 -1 0
    outer loop
      vertex -0.439333 -6 2.48223
      vertex -0.55642 -6 2.76832
      vertex -0.607761 -6 2.34091
    endloop
  endfacet
  facet normal 0 -1 0
    outer loop
      vertex -1.52797 -6 0.868258
      vertex -5.48127 -6 2.44042
      vertex -5.63815 -6 2.05212
    endloop
  endfacet
  facet normal 0 -1 0
    outer loop
      vertex -0.861595 -6 2.86748
      vertex -0.607761 -6 2.34091
      vertex -0.710738 -6 2.81257
    endloop
  endfacet
  facet normal 0 -1 0
    outer loop
      vertex -1.00825 -6 2.93277
      vertex -0.76592 -6 2.18817
      vertex -0.861595 -6 2.86748
    endloop
  endfacet
  facet normal 0 -1 0
    outer loop
      vertex -1.15 -6 3.00814
      vertex -0.913039 -6 2.02478
      vertex -1.00825 -6 2.93277
    endloop
  endfacet
  facet normal 0 -1 0
    outer loop
      vertex -1.58116 -6 0.654922
      vertex -5.63815 -6 2.05212
      vertex -5.76757 -6 1.65382
    endloop
  endfacet
  facet normal 0 -1 0
    outer loop
      vertex -1.28614 -6 3.09321
      vertex -1.0484 -6 1.85152
      vertex -1.15 -6 3.00814
    endloop
  endfacet
  facet normal -0 -1 0
    outer loop
      vertex -1.17135 -6 1.66924
      vertex -1.539 -6 3.29077
      vertex -1.28128 -6 1.47884
    endloop
  endfacet
  facet normal 0 -1 0
    outer loop
      vertex -1.58116 -6 0.654922
      vertex -5.76757 -6 1.65382
      vertex -5.86889 -6 1.24747
    endloop
  endfacet
  facet normal 0 -1 0
    outer loop
      vertex -5.29768 -6 2.81683
      vertex -1.46003 -6 1.07736
      vertex -1.37767 -6 1.28122
    endloop
  endfacet
  facet normal 0 -1 0
    outer loop
      vertex -5.48127 -6 2.44042
      vertex -1.52797 -6 0.868258
      vertex -1.46003 -6 1.07736
    endloop
  endfacet
  facet normal 0 -1 0
    outer loop
      vertex -1.61934 -6 0.438395
      vertex -5.86889 -6 1.24747
      vertex -5.94161 -6 0.835038
    endloop
  endfacet
  facet normal 0 -1 0
    outer loop
      vertex -5.63815 -6 2.05212
      vertex -1.58116 -6 0.654922
      vertex -1.52797 -6 0.868258
    endloop
  endfacet
  facet normal 0 -1 0
    outer loop
      vertex -5.86889 -6 1.24747
      vertex -1.61934 -6 0.438395
      vertex -1.58116 -6 0.654922
    endloop
  endfacet
  facet normal 0 -1 0
    outer loop
      vertex -1.64233 -6 0.219732
      vertex -5.94161 -6 0.835038
      vertex -5.98538 -6 0.418538
    endloop
  endfacet
  facet normal 0 -1 0
    outer loop
      vertex -5.94161 -6 0.835038
      vertex -1.64233 -6 0.219732
      vertex -1.61934 -6 0.438395
    endloop
  endfacet
  facet normal 0 -1 0
    outer loop
      vertex -1.65 -6 0
      vertex -5.98538 -6 0.418538
      vertex -6 -6 0
    endloop
  endfacet
  facet normal 0 -1 0
    outer loop
      vertex -5.98538 -6 0.418538
      vertex -1.65 -6 0
      vertex -1.64233 -6 0.219732
    endloop
  endfacet
  facet normal 0 -1 0
    outer loop
      vertex -5.98538 -6 -0.418538
      vertex -1.65 -6 0
      vertex -6 -6 0
    endloop
  endfacet
  facet normal 0 -1 -0
    outer loop
      vertex -1.65 -6 0
      vertex -5.98538 -6 -0.418538
      vertex -1.64233 -6 -0.219732
    endloop
  endfacet
  facet normal 0 -1 0
    outer loop
      vertex -5.94161 -6 -0.835038
      vertex -1.64233 -6 -0.219732
      vertex -5.98538 -6 -0.418538
    endloop
  endfacet
  facet normal 0 -1 -0
    outer loop
      vertex -1.64233 -6 -0.219732
      vertex -5.94161 -6 -0.835038
      vertex -1.61934 -6 -0.438395
    endloop
  endfacet
  facet normal 0 -1 0
    outer loop
      vertex -5.86889 -6 -1.24747
      vertex -1.61934 -6 -0.438395
      vertex -5.94161 -6 -0.835038
    endloop
  endfacet
  facet normal 0 -1 -0
    outer loop
      vertex -1.61934 -6 -0.438395
      vertex -5.86889 -6 -1.24747
      vertex -1.58116 -6 -0.654922
    endloop
  endfacet
  facet normal 0 -1 0
    outer loop
      vertex -5.76757 -6 -1.65382
      vertex -1.58116 -6 -0.654922
      vertex -5.86889 -6 -1.24747
    endloop
  endfacet
  facet normal 0 -1 0
    outer loop
      vertex -5.63815 -6 -2.05212
      vertex -1.58116 -6 -0.654922
      vertex -5.76757 -6 -1.65382
    endloop
  endfacet
  facet normal 0 -1 -0
    outer loop
      vertex -1.58116 -6 -0.654922
      vertex -5.63815 -6 -2.05212
      vertex -1.52797 -6 -0.868258
    endloop
  endfacet
  facet normal 0 -1 0
    outer loop
      vertex -5.48127 -6 -2.44042
      vertex -1.52797 -6 -0.868258
      vertex -5.63815 -6 -2.05212
    endloop
  endfacet
  facet normal 0 -1 -0
    outer loop
      vertex -1.52797 -6 -0.868258
      vertex -5.48127 -6 -2.44042
      vertex -1.46003 -6 -1.07736
    endloop
  endfacet
  facet normal 0 -1 0
    outer loop
      vertex -5.29768 -6 -2.81683
      vertex -1.46003 -6 -1.07736
      vertex -5.48127 -6 -2.44042
    endloop
  endfacet
  facet normal 0 -1 -0
    outer loop
      vertex -1.46003 -6 -1.07736
      vertex -5.29768 -6 -2.81683
      vertex -1.37767 -6 -1.28122
    endloop
  endfacet
  facet normal 0 -1 0
    outer loop
      vertex -5.08829 -6 -3.17951
      vertex -1.37767 -6 -1.28122
      vertex -5.29768 -6 -2.81683
    endloop
  endfacet
  facet normal 0 -1 0
    outer loop
      vertex -4.8541 -6 -3.52671
      vertex -1.37767 -6 -1.28122
      vertex -5.08829 -6 -3.17951
    endloop
  endfacet
  facet normal 0 -1 -0
    outer loop
      vertex -1.37767 -6 -1.28122
      vertex -4.8541 -6 -3.52671
      vertex -1.28128 -6 -1.47884
    endloop
  endfacet
  facet normal 0 -1 0
    outer loop
      vertex -4.59627 -6 -3.85672
      vertex -1.28128 -6 -1.47884
      vertex -4.8541 -6 -3.52671
    endloop
  endfacet
  facet normal 0 -1 -0
    outer loop
      vertex -1.28128 -6 -1.47884
      vertex -4.59627 -6 -3.85672
      vertex -1.17135 -6 -1.66924
    endloop
  endfacet
  facet normal 0 -1 0
    outer loop
      vertex -4.31604 -6 -4.16795
      vertex -1.17135 -6 -1.66924
      vertex -4.59627 -6 -3.85672
    endloop
  endfacet
  facet normal 0 -1 -0
    outer loop
      vertex -1.17135 -6 -1.66924
      vertex -4.31604 -6 -4.16795
      vertex -1.0484 -6 -1.85152
    endloop
  endfacet
  facet normal 0 -1 0
    outer loop
      vertex -4.01478 -6 -4.45887
      vertex -1.0484 -6 -1.85152
      vertex -4.31604 -6 -4.16795
    endloop
  endfacet
  facet normal 0 -1 0
    outer loop
      vertex -3.69397 -6 -4.72806
      vertex -1.0484 -6 -1.85152
      vertex -4.01478 -6 -4.45887
    endloop
  endfacet
  facet normal 0 -1 -0
    outer loop
      vertex -1.0484 -6 -1.85152
      vertex -3.69397 -6 -4.72806
      vertex -0.913039 -6 -2.02478
    endloop
  endfacet
  facet normal 0 -1 0
    outer loop
      vertex -3.35516 -6 -4.97423
      vertex -0.913039 -6 -2.02478
      vertex -3.69397 -6 -4.72806
    endloop
  endfacet
  facet normal 0 -1 -0
    outer loop
      vertex -0.913039 -6 -2.02478
      vertex -3.35516 -6 -4.97423
      vertex -0.76592 -6 -2.18817
    endloop
  endfacet
  facet normal 0 -1 0
    outer loop
      vertex -3 -6 -5.19615
      vertex -0.76592 -6 -2.18817
      vertex -3.35516 -6 -4.97423
    endloop
  endfacet
  facet normal 0 -1 -0
    outer loop
      vertex -0.76592 -6 -2.18817
      vertex -3 -6 -5.19615
      vertex -0.607761 -6 -2.34091
    endloop
  endfacet
  facet normal 0 -1 0
    outer loop
      vertex -2.63023 -6 -5.39276
      vertex -0.607761 -6 -2.34091
      vertex -3 -6 -5.19615
    endloop
  endfacet
  facet normal 0 -1 -0
    outer loop
      vertex -0.607761 -6 -2.34091
      vertex -2.63023 -6 -5.39276
      vertex -0.439333 -6 -2.48223
    endloop
  endfacet
  facet normal 0 -1 0
    outer loop
      vertex -1.8541 -6 -5.70634
      vertex -0.439333 -6 -2.48223
      vertex -2.24764 -6 -5.5631
    endloop
  endfacet
  facet normal 0 -1 0
    outer loop
      vertex -2.24764 -6 -5.5631
      vertex -0.439333 -6 -2.48223
      vertex -2.63023 -6 -5.39276
    endloop
  endfacet
  facet normal 0 -1 -0
    outer loop
      vertex 0.43412 -6 7.46202
      vertex 0.39939 -6 7.26506
      vertex 0.604804 -6 7.42574
    endloop
  endfacet
  facet normal 0 -1 0
    outer loop
      vertex 0.55642 -6 7.23168
      vertex 0.604804 -6 7.42574
      vertex 0.39939 -6 7.26506
    endloop
  endfacet
  facet normal 0 -1 -0
    outer loop
      vertex 0.604804 -6 7.42574
      vertex 0.55642 -6 7.23168
      vertex 0.772542 -6 7.37764
    endloop
  endfacet
  facet normal 0 -1 0
    outer loop
      vertex 0.710738 -6 7.18743
      vertex 0.772542 -6 7.37764
      vertex 0.55642 -6 7.23168
    endloop
  endfacet
  facet normal 0 -1 -0
    outer loop
      vertex 0.772542 -6 7.37764
      vertex 0.710738 -6 7.18743
      vertex 0.936516 -6 7.31796
    endloop
  endfacet
  facet normal 0 -1 0
    outer loop
      vertex 0.861595 -6 7.13252
      vertex 0.936516 -6 7.31796
      vertex 0.710738 -6 7.18743
    endloop
  endfacet
  facet normal 0 -1 -0
    outer loop
      vertex 0.936516 -6 7.31796
      vertex 0.861595 -6 7.13252
      vertex 1.09593 -6 7.24698
    endloop
  endfacet
  facet normal 0 -1 0
    outer loop
      vertex 1.00825 -6 7.06723
      vertex 1.09593 -6 7.24698
      vertex 0.861595 -6 7.13252
    endloop
  endfacet
  facet normal 0 -1 -0
    outer loop
      vertex 1.09593 -6 7.24698
      vertex 1.00825 -6 7.06723
      vertex 1.25 -6 7.16506
    endloop
  endfacet
  facet normal 0 -1 0
    outer loop
      vertex 1.15 -6 6.99186
      vertex 1.25 -6 7.16506
      vertex 1.00825 -6 7.06723
    endloop
  endfacet
  facet normal 0 -1 -0
    outer loop
      vertex 1.25 -6 7.16506
      vertex 1.15 -6 6.99186
      vertex 1.39798 -6 7.07259
    endloop
  endfacet
  facet normal 0 -1 0
    outer loop
      vertex 1.28614 -6 6.90679
      vertex 1.39798 -6 7.07259
      vertex 1.15 -6 6.99186
    endloop
  endfacet
  facet normal 0 -1 -0
    outer loop
      vertex 1.39798 -6 7.07259
      vertex 1.28614 -6 6.90679
      vertex 1.53915 -6 6.97003
    endloop
  endfacet
  facet normal 0 -1 0
    outer loop
      vertex 1.41602 -6 6.81242
      vertex 1.53915 -6 6.97003
      vertex 1.28614 -6 6.90679
    endloop
  endfacet
  facet normal 0 -1 -0
    outer loop
      vertex 1.53915 -6 6.97003
      vertex 1.41602 -6 6.81242
      vertex 1.67283 -6 6.85786
    endloop
  endfacet
  facet normal 0 -1 0
    outer loop
      vertex 1.539 -6 6.70923
      vertex 1.67283 -6 6.85786
      vertex 1.41602 -6 6.81242
    endloop
  endfacet
  facet normal 0 -1 -0
    outer loop
      vertex 1.67283 -6 6.85786
      vertex 1.539 -6 6.70923
      vertex 1.79835 -6 6.73665
    endloop
  endfacet
  facet normal 0 -1 0
    outer loop
      vertex 1.65448 -6 6.59771
      vertex 1.79835 -6 6.73665
      vertex 1.539 -6 6.70923
    endloop
  endfacet
  facet normal 0 -1 0
    outer loop
      vertex 1.7619 -6 6.47841
      vertex 1.79835 -6 6.73665
      vertex 1.65448 -6 6.59771
    endloop
  endfacet
  facet normal 0 -1 0
    outer loop
      vertex 1.86074 -6 6.35191
      vertex 1.79835 -6 6.73665
      vertex 1.7619 -6 6.47841
    endloop
  endfacet
  facet normal 0 -1 0
    outer loop
      vertex 1.95051 -6 6.21881
      vertex 1.79835 -6 6.73665
      vertex 1.86074 -6 6.35191
    endloop
  endfacet
  facet normal 0 -1 0
    outer loop
      vertex 2.03078 -6 6.07978
      vertex 1.79835 -6 6.73665
      vertex 1.95051 -6 6.21881
    endloop
  endfacet
  facet normal 0 -1 0
    outer loop
      vertex 2.10115 -6 5.93549
      vertex 1.79835 -6 6.73665
      vertex 2.03078 -6 6.07978
    endloop
  endfacet
  facet normal 0 -1 0
    outer loop
      vertex 4.31604 -6 4.16795
      vertex 2.10115 -6 5.93549
      vertex 2.16129 -6 5.78665
    endloop
  endfacet
  facet normal 0 -1 0
    outer loop
      vertex 2.10115 -6 5.93549
      vertex 4.31604 -6 4.16795
      vertex 1.79835 -6 6.73665
    endloop
  endfacet
  facet normal 0 -1 0
    outer loop
      vertex 2.2109 -6 5.63397
      vertex 4.31604 -6 4.16795
      vertex 2.16129 -6 5.78665
    endloop
  endfacet
  facet normal 0 -1 0
    outer loop
      vertex 2.24974 -6 5.4782
      vertex 4.31604 -6 4.16795
      vertex 2.2109 -6 5.63397
    endloop
  endfacet
  facet normal 0 -1 0
    outer loop
      vertex 2.27762 -6 5.3201
      vertex 4.31604 -6 4.16795
      vertex 2.24974 -6 5.4782
    endloop
  endfacet
  facet normal 0 -1 0
    outer loop
      vertex 2.2944 -6 5.16044
      vertex 4.31604 -6 4.16795
      vertex 2.27762 -6 5.3201
    endloop
  endfacet
  facet normal 0 -1 0
    outer loop
      vertex 2.3 -6 5
      vertex 4.31604 -6 4.16795
      vertex 2.2944 -6 5.16044
    endloop
  endfacet
  facet normal 0 -1 0
    outer loop
      vertex 2.2944 -6 4.83956
      vertex 4.31604 -6 4.16795
      vertex 2.3 -6 5
    endloop
  endfacet
  facet normal 0 -1 0
    outer loop
      vertex 2.27762 -6 4.6799
      vertex 4.31604 -6 4.16795
      vertex 2.2944 -6 4.83956
    endloop
  endfacet
  facet normal 0 -1 0
    outer loop
      vertex 2.24974 -6 4.5218
      vertex 4.31604 -6 4.16795
      vertex 2.27762 -6 4.6799
    endloop
  endfacet
  facet normal 0 -1 0
    outer loop
      vertex 2.2109 -6 4.36603
      vertex 4.31604 -6 4.16795
      vertex 2.24974 -6 4.5218
    endloop
  endfacet
  facet normal 0 -1 0
    outer loop
      vertex 2.16129 -6 4.21335
      vertex 4.31604 -6 4.16795
      vertex 2.2109 -6 4.36603
    endloop
  endfacet
  facet normal 0 -1 0
    outer loop
      vertex 2.68001 -6 2.92063
      vertex 2.16129 -6 4.21335
      vertex 2.10115 -6 4.06451
    endloop
  endfacet
  facet normal 0 -1 0
    outer loop
      vertex 2.4734 -6 2.99583
      vertex 2.10115 -6 4.06451
      vertex 2.03078 -6 3.92021
    endloop
  endfacet
  facet normal 0 -1 0
    outer loop
      vertex 2.16129 -6 4.21335
      vertex 2.68001 -6 2.92063
      vertex 4.31604 -6 4.16795
    endloop
  endfacet
  facet normal 0 -1 0
    outer loop
      vertex 2.26205 -6 3.05643
      vertex 2.03078 -6 3.92021
      vertex 1.95051 -6 3.78119
    endloop
  endfacet
  facet normal 0 -1 0
    outer loop
      vertex 2.26205 -6 3.05643
      vertex 1.95051 -6 3.78119
      vertex 1.86074 -6 3.64809
    endloop
  endfacet
  facet normal 0 -1 0
    outer loop
      vertex 4.31604 -6 4.16795
      vertex 2.68001 -6 2.92063
      vertex 2.88087 -6 2.8312
    endloop
  endfacet
  facet normal 0 -1 0
    outer loop
      vertex 2.04699 -6 3.10214
      vertex 1.86074 -6 3.64809
      vertex 1.7619 -6 3.52159
    endloop
  endfacet
  facet normal 0 -1 0
    outer loop
      vertex 1.82926 -6 3.13274
      vertex 1.7619 -6 3.52159
      vertex 1.65448 -6 3.40229
    endloop
  endfacet
  facet normal 0 -1 0
    outer loop
      vertex 1.60993 -6 3.14808
      vertex 1.65448 -6 3.40229
      vertex 1.539 -6 3.29077
    endloop
  endfacet
  facet normal 0 -1 0
    outer loop
      vertex 1.60993 -6 3.14808
      vertex 1.539 -6 3.29077
      vertex 1.41602 -6 3.18757
    endloop
  endfacet
  facet normal 0 -1 0
    outer loop
      vertex 1.7619 -6 3.52159
      vertex 1.82926 -6 3.13274
      vertex 2.04699 -6 3.10214
    endloop
  endfacet
  facet normal 0 -1 0
    outer loop
      vertex 1.60993 -6 3.14808
      vertex 1.41602 -6 3.18757
      vertex 1.39007 -6 3.14808
    endloop
  endfacet
  facet normal -0 -1 0
    outer loop
      vertex 1.39007 -6 3.14808
      vertex 1.41602 -6 3.18757
      vertex 1.35864 -6 3.14588
    endloop
  endfacet
  facet normal 0 -1 -0
    outer loop
      vertex 1.65448 -6 3.40229
      vertex 1.60993 -6 3.14808
      vertex 1.82926 -6 3.13274
    endloop
  endfacet
  facet normal 0 -1 0
    outer loop
      vertex 1.86074 -6 3.64809
      vertex 2.04699 -6 3.10214
      vertex 2.26205 -6 3.05643
    endloop
  endfacet
  facet normal 0 -1 0
    outer loop
      vertex 2.03078 -6 3.92021
      vertex 2.26205 -6 3.05643
      vertex 2.4734 -6 2.99583
    endloop
  endfacet
  facet normal 0 -1 0
    outer loop
      vertex 2.10115 -6 4.06451
      vertex 2.4734 -6 2.99583
      vertex 2.68001 -6 2.92063
    endloop
  endfacet
  facet normal 0 -1 0
    outer loop
      vertex 3.075 -6 2.72798
      vertex 4.31604 -6 4.16795
      vertex 2.88087 -6 2.8312
    endloop
  endfacet
  facet normal 0 -1 0
    outer loop
      vertex 3.26146 -6 2.61147
      vertex 4.31604 -6 4.16795
      vertex 3.075 -6 2.72798
    endloop
  endfacet
  facet normal 0 -1 -0
    outer loop
      vertex 4.31604 -6 4.16795
      vertex 3.26146 -6 2.61147
      vertex 4.59627 -6 3.85672
    endloop
  endfacet
  facet normal 0 -1 0
    outer loop
      vertex 3.43933 -6 2.48223
      vertex 4.59627 -6 3.85672
      vertex 3.26146 -6 2.61147
    endloop
  endfacet
  facet normal 0 -1 -0
    outer loop
      vertex 4.59627 -6 3.85672
      vertex 3.43933 -6 2.48223
      vertex 4.8541 -6 3.52671
    endloop
  endfacet
  facet normal 0 -1 0
    outer loop
      vertex 3.60776 -6 2.34091
      vertex 4.8541 -6 3.52671
      vertex 3.43933 -6 2.48223
    endloop
  endfacet
  facet normal 0 -1 -0
    outer loop
      vertex 4.8541 -6 3.52671
      vertex 3.60776 -6 2.34091
      vertex 5.08829 -6 3.17951
    endloop
  endfacet
  facet normal 0 -1 0
    outer loop
      vertex 3.76592 -6 2.18817
      vertex 5.08829 -6 3.17951
      vertex 3.60776 -6 2.34091
    endloop
  endfacet
  facet normal 0 -1 0
    outer loop
      vertex 3.91304 -6 2.02478
      vertex 5.08829 -6 3.17951
      vertex 3.76592 -6 2.18817
    endloop
  endfacet
  facet normal 0 -1 -0
    outer loop
      vertex 5.08829 -6 3.17951
      vertex 3.91304 -6 2.02478
      vertex 5.29768 -6 2.81683
    endloop
  endfacet
  facet normal 0 -1 0
    outer loop
      vertex 4.0484 -6 1.85152
      vertex 5.29768 -6 2.81683
      vertex 3.91304 -6 2.02478
    endloop
  endfacet
  facet normal 0 -1 -0
    outer loop
      vertex 5.29768 -6 2.81683
      vertex 4.0484 -6 1.85152
      vertex 5.48127 -6 2.44042
    endloop
  endfacet
  facet normal 0 -1 0
    outer loop
      vertex 4.17135 -6 1.66924
      vertex 5.48127 -6 2.44042
      vertex 4.0484 -6 1.85152
    endloop
  endfacet
  facet normal 0 -1 -0
    outer loop
      vertex 5.48127 -6 2.44042
      vertex 4.17135 -6 1.66924
      vertex 5.63815 -6 2.05212
    endloop
  endfacet
  facet normal 0 -1 0
    outer loop
      vertex 4.28128 -6 1.47884
      vertex 5.63815 -6 2.05212
      vertex 4.17135 -6 1.66924
    endloop
  endfacet
  facet normal 0 -1 0
    outer loop
      vertex 4.37767 -6 1.28122
      vertex 5.63815 -6 2.05212
      vertex 4.28128 -6 1.47884
    endloop
  endfacet
  facet normal 0 -1 -0
    outer loop
      vertex 5.63815 -6 2.05212
      vertex 4.37767 -6 1.28122
      vertex 5.76757 -6 1.65382
    endloop
  endfacet
  facet normal 0 -1 0
    outer loop
      vertex 4.46003 -6 1.07736
      vertex 5.76757 -6 1.65382
      vertex 4.37767 -6 1.28122
    endloop
  endfacet
  facet normal 0 -1 -0
    outer loop
      vertex 5.76757 -6 1.65382
      vertex 4.46003 -6 1.07736
      vertex 5.86889 -6 1.24747
    endloop
  endfacet
  facet normal 0 -1 0
    outer loop
      vertex 4.52797 -6 0.868258
      vertex 5.86889 -6 1.24747
      vertex 4.46003 -6 1.07736
    endloop
  endfacet
  facet normal 0 -1 0
    outer loop
      vertex 4.58116 -6 0.654922
      vertex 5.86889 -6 1.24747
      vertex 4.52797 -6 0.868258
    endloop
  endfacet
  facet normal 0 -1 -0
    outer loop
      vertex 5.86889 -6 1.24747
      vertex 4.58116 -6 0.654922
      vertex 5.94161 -6 0.835038
    endloop
  endfacet
  facet normal 0 -1 0
    outer loop
      vertex 4.61934 -6 0.438395
      vertex 5.94161 -6 0.835038
      vertex 4.58116 -6 0.654922
    endloop
  endfacet
  facet normal 0 -1 0
    outer loop
      vertex 4.61934 -6 0.438395
      vertex 5.98538 -6 0.418538
      vertex 5.94161 -6 0.835038
    endloop
  endfacet
  facet normal 0 -1 0
    outer loop
      vertex 4.64233 -6 0.219732
      vertex 5.98538 -6 0.418538
      vertex 4.61934 -6 0.438395
    endloop
  endfacet
  facet normal 0 -1 0
    outer loop
      vertex 6 -6 0
      vertex 4.64233 -6 0.219732
      vertex 4.65 -6 0
    endloop
  endfacet
  facet normal 0 -1 0
    outer loop
      vertex 4.64233 -6 0.219732
      vertex 6 -6 0
      vertex 5.98538 -6 0.418538
    endloop
  endfacet
  facet normal 0 -1 0
    outer loop
      vertex 4.64233 -6 -0.219732
      vertex 6 -6 0
      vertex 4.65 -6 0
    endloop
  endfacet
  facet normal 0 -1 0
    outer loop
      vertex 4.64233 -6 -0.219732
      vertex 5.98538 -6 -0.418538
      vertex 6 -6 0
    endloop
  endfacet
  facet normal 0 -1 0
    outer loop
      vertex 4.61934 -6 -0.438395
      vertex 5.98538 -6 -0.418538
      vertex 4.64233 -6 -0.219732
    endloop
  endfacet
  facet normal 0 -1 0
    outer loop
      vertex 5.94161 -6 -0.835038
      vertex 4.61934 -6 -0.438395
      vertex 4.58116 -6 -0.654922
    endloop
  endfacet
  facet normal 0 -1 0
    outer loop
      vertex 4.61934 -6 -0.438395
      vertex 5.94161 -6 -0.835038
      vertex 5.98538 -6 -0.418538
    endloop
  endfacet
  facet normal 0 -1 0
    outer loop
      vertex 5.86889 -6 -1.24747
      vertex 4.58116 -6 -0.654922
      vertex 4.52797 -6 -0.868258
    endloop
  endfacet
  facet normal 0 -1 0
    outer loop
      vertex 5.86889 -6 -1.24747
      vertex 4.52797 -6 -0.868258
      vertex 4.46003 -6 -1.07736
    endloop
  endfacet
  facet normal 0 -1 0
    outer loop
      vertex 4.58116 -6 -0.654922
      vertex 5.86889 -6 -1.24747
      vertex 5.94161 -6 -0.835038
    endloop
  endfacet
  facet normal 0 -1 0
    outer loop
      vertex 5.76757 -6 -1.65382
      vertex 4.46003 -6 -1.07736
      vertex 4.37767 -6 -1.28122
    endloop
  endfacet
  facet normal 0 -1 0
    outer loop
      vertex 5.63815 -6 -2.05212
      vertex 4.37767 -6 -1.28122
      vertex 4.28128 -6 -1.47884
    endloop
  endfacet
  facet normal 0 -1 0
    outer loop
      vertex 4.46003 -6 -1.07736
      vertex 5.76757 -6 -1.65382
      vertex 5.86889 -6 -1.24747
    endloop
  endfacet
  facet normal 0 -1 0
    outer loop
      vertex 5.63815 -6 -2.05212
      vertex 4.28128 -6 -1.47884
      vertex 4.17135 -6 -1.66924
    endloop
  endfacet
  facet normal 0 -1 0
    outer loop
      vertex 5.48127 -6 -2.44042
      vertex 4.17135 -6 -1.66924
      vertex 4.0484 -6 -1.85152
    endloop
  endfacet
  facet normal 0 -1 0
    outer loop
      vertex 5.29768 -6 -2.81683
      vertex 4.0484 -6 -1.85152
      vertex 3.91304 -6 -2.02478
    endloop
  endfacet
  facet normal 0 -1 0
    outer loop
      vertex 4.37767 -6 -1.28122
      vertex 5.63815 -6 -2.05212
      vertex 5.76757 -6 -1.65382
    endloop
  endfacet
  facet normal 0 -1 0
    outer loop
      vertex 5.08829 -6 -3.17951
      vertex 3.91304 -6 -2.02478
      vertex 3.76592 -6 -2.18817
    endloop
  endfacet
  facet normal 0 -1 0
    outer loop
      vertex 5.08829 -6 -3.17951
      vertex 3.76592 -6 -2.18817
      vertex 3.60776 -6 -2.34091
    endloop
  endfacet
  facet normal 0 -1 0
    outer loop
      vertex 4.17135 -6 -1.66924
      vertex 5.48127 -6 -2.44042
      vertex 5.63815 -6 -2.05212
    endloop
  endfacet
  facet normal 0 -1 0
    outer loop
      vertex 4.8541 -6 -3.52671
      vertex 3.60776 -6 -2.34091
      vertex 3.43933 -6 -2.48223
    endloop
  endfacet
  facet normal 0 -1 0
    outer loop
      vertex 4.59627 -6 -3.85672
      vertex 3.43933 -6 -2.48223
      vertex 3.26146 -6 -2.61147
    endloop
  endfacet
  facet normal 0 -1 0
    outer loop
      vertex 4.31604 -6 -4.16795
      vertex 3.26146 -6 -2.61147
      vertex 3.075 -6 -2.72798
    endloop
  endfacet
  facet normal 0 -1 0
    outer loop
      vertex 4.0484 -6 -1.85152
      vertex 5.29768 -6 -2.81683
      vertex 5.48127 -6 -2.44042
    endloop
  endfacet
  facet normal 0 -1 0
    outer loop
      vertex 4.01478 -6 -4.45887
      vertex 3.075 -6 -2.72798
      vertex 2.88087 -6 -2.8312
    endloop
  endfacet
  facet normal 0 -1 0
    outer loop
      vertex 4.01478 -6 -4.45887
      vertex 2.88087 -6 -2.8312
      vertex 2.68001 -6 -2.92063
    endloop
  endfacet
  facet normal 0 -1 0
    outer loop
      vertex 3.69397 -6 -4.72806
      vertex 2.68001 -6 -2.92063
      vertex 2.4734 -6 -2.99583
    endloop
  endfacet
  facet normal 0 -1 0
    outer loop
      vertex 3.35516 -6 -4.97423
      vertex 2.4734 -6 -2.99583
      vertex 2.26205 -6 -3.05643
    endloop
  endfacet
  facet normal 0 -1 0
    outer loop
      vertex 3 -6 -5.19615
      vertex 2.26205 -6 -3.05643
      vertex 2.04699 -6 -3.10214
    endloop
  endfacet
  facet normal 0 -1 0
    outer loop
      vertex 2.63023 -6 -5.39276
      vertex 2.04699 -6 -3.10214
      vertex 1.82926 -6 -3.13274
    endloop
  endfacet
  facet normal 0 -1 0
    outer loop
      vertex 3.91304 -6 -2.02478
      vertex 5.08829 -6 -3.17951
      vertex 5.29768 -6 -2.81683
    endloop
  endfacet
  facet normal 0 -1 0
    outer loop
      vertex 2.24764 -6 -5.5631
      vertex 1.82926 -6 -3.13274
      vertex 1.60993 -6 -3.14808
    endloop
  endfacet
  facet normal 0 -1 -0
    outer loop
      vertex -0.439333 -6 -2.48223
      vertex -1.8541 -6 -5.70634
      vertex -0.261457 -6 -2.61147
    endloop
  endfacet
  facet normal 0 -1 0
    outer loop
      vertex -1.45153 -6 -5.82177
      vertex -0.261457 -6 -2.61147
      vertex -1.8541 -6 -5.70634
    endloop
  endfacet
  facet normal 0 -1 0
    outer loop
      vertex 3.60776 -6 -2.34091
      vertex 4.8541 -6 -3.52671
      vertex 5.08829 -6 -3.17951
    endloop
  endfacet
  facet normal 0 -1 -0
    outer loop
      vertex -0.261457 -6 -2.61147
      vertex -1.45153 -6 -5.82177
      vertex -0.0749998 -6 -2.72798
    endloop
  endfacet
  facet normal 0 -1 0
    outer loop
      vertex 3.43933 -6 -2.48223
      vertex 4.59627 -6 -3.85672
      vertex 4.8541 -6 -3.52671
    endloop
  endfacet
  facet normal 0 -1 0
    outer loop
      vertex -1.04189 -6 -5.90885
      vertex -0.0749998 -6 -2.72798
      vertex -1.45153 -6 -5.82177
    endloop
  endfacet
  facet normal 0 -1 0
    outer loop
      vertex 3.26146 -6 -2.61147
      vertex 4.31604 -6 -4.16795
      vertex 4.59627 -6 -3.85672
    endloop
  endfacet
  facet normal 0 -1 -0
    outer loop
      vertex -0.0749998 -6 -2.72798
      vertex -1.04189 -6 -5.90885
      vertex 0.11913 -6 -2.8312
    endloop
  endfacet
  facet normal 0 -1 0
    outer loop
      vertex 3.075 -6 -2.72798
      vertex 4.01478 -6 -4.45887
      vertex 4.31604 -6 -4.16795
    endloop
  endfacet
  facet normal 0 -1 0
    outer loop
      vertex -0.627171 -6 -5.96713
      vertex 0.11913 -6 -2.8312
      vertex -1.04189 -6 -5.90885
    endloop
  endfacet
  facet normal 0 -1 0
    outer loop
      vertex 2.68001 -6 -2.92063
      vertex 3.69397 -6 -4.72806
      vertex 4.01478 -6 -4.45887
    endloop
  endfacet
  facet normal 0 -1 -0
    outer loop
      vertex 0.11913 -6 -2.8312
      vertex -0.627171 -6 -5.96713
      vertex 0.319989 -6 -2.92063
    endloop
  endfacet
  facet normal 0 -1 0
    outer loop
      vertex 2.4734 -6 -2.99583
      vertex 3.35516 -6 -4.97423
      vertex 3.69397 -6 -4.72806
    endloop
  endfacet
  facet normal 0 -1 0
    outer loop
      vertex -0.209396 -6 -5.99634
      vertex 0.319989 -6 -2.92063
      vertex -0.627171 -6 -5.96713
    endloop
  endfacet
  facet normal 0 -1 0
    outer loop
      vertex 2.26205 -6 -3.05643
      vertex 3 -6 -5.19615
      vertex 3.35516 -6 -4.97423
    endloop
  endfacet
  facet normal 0 -1 -0
    outer loop
      vertex 0.319989 -6 -2.92063
      vertex -0.209396 -6 -5.99634
      vertex 0.526596 -6 -2.99583
    endloop
  endfacet
  facet normal 0 -1 0
    outer loop
      vertex 2.04699 -6 -3.10214
      vertex 2.63023 -6 -5.39276
      vertex 3 -6 -5.19615
    endloop
  endfacet
  facet normal 0 -1 0
    outer loop
      vertex 0.209396 -6 -5.99634
      vertex 0.526596 -6 -2.99583
      vertex -0.209396 -6 -5.99634
    endloop
  endfacet
  facet normal 0 -1 0
    outer loop
      vertex 1.82926 -6 -3.13274
      vertex 2.24764 -6 -5.5631
      vertex 2.63023 -6 -5.39276
    endloop
  endfacet
  facet normal 0 -1 -0
    outer loop
      vertex 0.526596 -6 -2.99583
      vertex 0.209396 -6 -5.99634
      vertex 0.737946 -6 -3.05643
    endloop
  endfacet
  facet normal 0 -1 0
    outer loop
      vertex 1.60993 -6 -3.14808
      vertex 1.8541 -6 -5.70634
      vertex 2.24764 -6 -5.5631
    endloop
  endfacet
  facet normal -0 -1 0
    outer loop
      vertex 0.627171 -6 -5.96713
      vertex 0.737946 -6 -3.05643
      vertex 0.209396 -6 -5.99634
    endloop
  endfacet
  facet normal 0 -1 0
    outer loop
      vertex 1.39007 -6 -3.14808
      vertex 1.8541 -6 -5.70634
      vertex 1.60993 -6 -3.14808
    endloop
  endfacet
  facet normal 0 -1 -0
    outer loop
      vertex 0.737946 -6 -3.05643
      vertex 0.627171 -6 -5.96713
      vertex 0.953008 -6 -3.10214
    endloop
  endfacet
  facet normal -0 -1 0
    outer loop
      vertex 1.8541 -6 -5.70634
      vertex 1.39007 -6 -3.14808
      vertex 1.45153 -6 -5.82177
    endloop
  endfacet
  facet normal -0 -1 0
    outer loop
      vertex 1.04189 -6 -5.90885
      vertex 0.953008 -6 -3.10214
      vertex 0.627171 -6 -5.96713
    endloop
  endfacet
  facet normal 0 -1 0
    outer loop
      vertex 1.17073 -6 -3.13274
      vertex 1.45153 -6 -5.82177
      vertex 1.39007 -6 -3.14808
    endloop
  endfacet
  facet normal 0 -1 0
    outer loop
      vertex 0.953008 -6 -3.10214
      vertex 1.04189 -6 -5.90885
      vertex 1.17073 -6 -3.13274
    endloop
  endfacet
  facet normal -0 -1 0
    outer loop
      vertex 1.45153 -6 -5.82177
      vertex 1.17073 -6 -3.13274
      vertex 1.04189 -6 -5.90885
    endloop
  endfacet
  facet normal 0.994523 -0 0.104514
    outer loop
      vertex 5.94161 -6 0.835038
      vertex 5.98538 6 0.418538
      vertex 5.94161 6 0.835038
    endloop
  endfacet
  facet normal 0.994523 0 0.104514
    outer loop
      vertex 5.98538 6 0.418538
      vertex 5.94161 -6 0.835038
      vertex 5.98538 -6 0.418538
    endloop
  endfacet
  facet normal -0.587801 0 -0.809005
    outer loop
      vertex -3.69397 -6 -4.72806
      vertex -3.35516 -5 -4.97423
      vertex -3.35516 -6 -4.97423
    endloop
  endfacet
  facet normal -0.587801 0 -0.809005
    outer loop
      vertex -3.35516 -5 -4.97423
      vertex -3.69397 -6 -4.72806
      vertex -3.69397 -5 -4.72806
    endloop
  endfacet
  facet normal -0.587801 0 -0.809005
    outer loop
      vertex -3.69397 5 -4.72806
      vertex -3.35516 6 -4.97423
      vertex -3.35516 5 -4.97423
    endloop
  endfacet
  facet normal -0.587801 0 -0.809005
    outer loop
      vertex -3.35516 6 -4.97423
      vertex -3.69397 5 -4.72806
      vertex -3.69397 6 -4.72806
    endloop
  endfacet
  facet normal 0.984809 0 -0.173641
    outer loop
      vertex 5.94161 -6 -0.835038
      vertex 5.86889 6 -1.24747
      vertex 5.94161 6 -0.835038
    endloop
  endfacet
  facet normal 0.984809 0 -0.173641
    outer loop
      vertex 5.86889 6 -1.24747
      vertex 5.94161 -6 -0.835038
      vertex 5.86889 -6 -1.24747
    endloop
  endfacet
  facet normal -0.406737 0 -0.913545
    outer loop
      vertex -2.63023 5 -5.39276
      vertex -2.24764 6 -5.5631
      vertex -2.24764 5 -5.5631
    endloop
  endfacet
  facet normal -0.406737 0 -0.913545
    outer loop
      vertex -2.24764 6 -5.5631
      vertex -2.63023 5 -5.39276
      vertex -2.63023 6 -5.39276
    endloop
  endfacet
  facet normal -0.406737 0 -0.913545
    outer loop
      vertex -2.63023 -6 -5.39276
      vertex -2.24764 -5 -5.5631
      vertex -2.24764 -6 -5.5631
    endloop
  endfacet
  facet normal -0.406737 0 -0.913545
    outer loop
      vertex -2.24764 -5 -5.5631
      vertex -2.63023 -6 -5.39276
      vertex -2.63023 -5 -5.39276
    endloop
  endfacet
  facet normal 0.406757 0 0.913536
    outer loop
      vertex 0.936516 6 7.31796
      vertex 1.09593 -6 7.24698
      vertex 1.09593 6 7.24698
    endloop
  endfacet
  facet normal 0.406757 0 0.913536
    outer loop
      vertex 1.09593 -6 7.24698
      vertex 0.936516 6 7.31796
      vertex 0.936516 -6 7.31796
    endloop
  endfacet
  facet normal 0.587763 0 0.809033
    outer loop
      vertex 1.39798 6 7.07259
      vertex 1.53915 -6 6.97003
      vertex 1.53915 6 6.97003
    endloop
  endfacet
  facet normal 0.587763 0 0.809033
    outer loop
      vertex 1.53915 -6 6.97003
      vertex 1.39798 6 7.07259
      vertex 1.39798 -6 7.07259
    endloop
  endfacet
  facet normal -0.927187 0 0.3746
    outer loop
      vertex -5.63815 -6 2.05212
      vertex -5.48127 6 2.44042
      vertex -5.63815 6 2.05212
    endloop
  endfacet
  facet normal -0.927187 0 0.3746
    outer loop
      vertex -5.48127 6 2.44042
      vertex -5.63815 -6 2.05212
      vertex -5.48127 -6 2.44042
    endloop
  endfacet
  facet normal -0.788013 0 -0.615658
    outer loop
      vertex -4.59627 -6 -3.85672
      vertex -4.8541 6 -3.52671
      vertex -4.59627 6 -3.85672
    endloop
  endfacet
  facet normal -0.788013 -0 -0.615658
    outer loop
      vertex -4.8541 6 -3.52671
      vertex -4.59627 -6 -3.85672
      vertex -4.8541 -6 -3.52671
    endloop
  endfacet
  facet normal 0.951053 0 -0.309027
    outer loop
      vertex 5.76757 -6 -1.65382
      vertex 5.63815 6 -2.05212
      vertex 5.76757 6 -1.65382
    endloop
  endfacet
  facet normal 0.951053 0 -0.309027
    outer loop
      vertex 5.63815 6 -2.05212
      vertex 5.76757 -6 -1.65382
      vertex 5.63815 -6 -2.05212
    endloop
  endfacet
  facet normal -0.994523 0 -0.104514
    outer loop
      vertex -5.94161 -6 -0.835038
      vertex -5.98538 6 -0.418538
      vertex -5.94161 6 -0.835038
    endloop
  endfacet
  facet normal -0.994523 -0 -0.104514
    outer loop
      vertex -5.98538 6 -0.418538
      vertex -5.94161 -6 -0.835038
      vertex -5.98538 -6 -0.418538
    endloop
  endfacet
  facet normal 0.788013 -0 0.615658
    outer loop
      vertex 4.59627 -6 3.85672
      vertex 4.8541 6 3.52671
      vertex 4.59627 6 3.85672
    endloop
  endfacet
  facet normal 0.788013 0 0.615658
    outer loop
      vertex 4.8541 6 3.52671
      vertex 4.59627 -6 3.85672
      vertex 4.8541 -6 3.52671
    endloop
  endfacet
  facet normal -0.275647 0 0.961259
    outer loop
      vertex -0.772542 6 7.37764
      vertex -0.604804 -6 7.42574
      vertex -0.604804 6 7.42574
    endloop
  endfacet
  facet normal -0.275647 0 0.961259
    outer loop
      vertex -0.604804 -6 7.42574
      vertex -0.772542 6 7.37764
      vertex -0.772542 -6 7.37764
    endloop
  endfacet
  facet normal 0.469469 0 0.882949
    outer loop
      vertex 1.09593 6 7.24698
      vertex 1.25 -6 7.16506
      vertex 1.25 6 7.16506
    endloop
  endfacet
  facet normal 0.469469 0 0.882949
    outer loop
      vertex 1.25 -6 7.16506
      vertex 1.09593 6 7.24698
      vertex 1.09593 -6 7.24698
    endloop
  endfacet
  facet normal 0.529927 0 0.848043
    outer loop
      vertex 1.25 6 7.16506
      vertex 1.39798 -6 7.07259
      vertex 1.39798 6 7.07259
    endloop
  endfacet
  facet normal 0.529927 0 0.848043
    outer loop
      vertex 1.39798 -6 7.07259
      vertex 1.25 6 7.16506
      vertex 1.25 -6 7.16506
    endloop
  endfacet
  facet normal -0.529904 0 -0.848057
    outer loop
      vertex -3.35516 5 -4.97423
      vertex -3 6 -5.19615
      vertex -3 5 -5.19615
    endloop
  endfacet
  facet normal -0.529904 0 -0.848057
    outer loop
      vertex -3 6 -5.19615
      vertex -3.35516 5 -4.97423
      vertex -3.35516 6 -4.97423
    endloop
  endfacet
  facet normal -0.529904 0 -0.848057
    outer loop
      vertex -3.35516 -6 -4.97423
      vertex -3 -5 -5.19615
      vertex -3 -6 -5.19615
    endloop
  endfacet
  facet normal -0.529904 0 -0.848057
    outer loop
      vertex -3 -5 -5.19615
      vertex -3.35516 -6 -4.97423
      vertex -3.35516 -5 -4.97423
    endloop
  endfacet
  facet normal 0.587801 0 -0.809005
    outer loop
      vertex 3.35516 5 -4.97423
      vertex 3.69397 6 -4.72806
      vertex 3.69397 5 -4.72806
    endloop
  endfacet
  facet normal 0.587801 0 -0.809005
    outer loop
      vertex 3.69397 6 -4.72806
      vertex 3.35516 5 -4.97423
      vertex 3.35516 6 -4.97423
    endloop
  endfacet
  facet normal 0.587801 0 -0.809005
    outer loop
      vertex 3.35516 -6 -4.97423
      vertex 3.69397 -5 -4.72806
      vertex 3.69397 -6 -4.72806
    endloop
  endfacet
  facet normal 0.587801 0 -0.809005
    outer loop
      vertex 3.69397 -5 -4.72806
      vertex 3.35516 -6 -4.97423
      vertex 3.35516 -5 -4.97423
    endloop
  endfacet
  facet normal -0.342027 0 -0.93969
    outer loop
      vertex -2.24764 5 -5.5631
      vertex -1.8541 6 -5.70634
      vertex -1.8541 5 -5.70634
    endloop
  endfacet
  facet normal -0.342027 0 -0.93969
    outer loop
      vertex -1.8541 6 -5.70634
      vertex -2.24764 5 -5.5631
      vertex -2.24764 6 -5.5631
    endloop
  endfacet
  facet normal -0.342027 0 -0.93969
    outer loop
      vertex -2.24764 -6 -5.5631
      vertex -1.8541 -5 -5.70634
      vertex -1.8541 -6 -5.70634
    endloop
  endfacet
  facet normal -0.342027 0 -0.93969
    outer loop
      vertex -1.8541 -5 -5.70634
      vertex -2.24764 -6 -5.5631
      vertex -2.24764 -5 -5.5631
    endloop
  endfacet
  facet normal 0.743148 0 -0.669127
    outer loop
      vertex 4.59627 -6 -3.85672
      vertex 4.31604 6 -4.16795
      vertex 4.59627 6 -3.85672
    endloop
  endfacet
  facet normal 0.743148 0 -0.669127
    outer loop
      vertex 4.31604 6 -4.16795
      vertex 4.59627 -6 -3.85672
      vertex 4.31604 -6 -4.16795
    endloop
  endfacet
  facet normal -0.694649 0 0.719349
    outer loop
      vertex -1.79835 6 6.73665
      vertex -1.67283 -6 6.85786
      vertex -1.67283 6 6.85786
    endloop
  endfacet
  facet normal -0.694649 0 0.719349
    outer loop
      vertex -1.67283 -6 6.85786
      vertex -1.79835 6 6.73665
      vertex -1.79835 -6 6.73665
    endloop
  endfacet
  facet normal 0.342027 0 -0.93969
    outer loop
      vertex 1.8541 5 -5.70634
      vertex 2.24764 6 -5.5631
      vertex 2.24764 5 -5.5631
    endloop
  endfacet
  facet normal 0.342027 0 -0.93969
    outer loop
      vertex 2.24764 6 -5.5631
      vertex 1.8541 5 -5.70634
      vertex 1.8541 6 -5.70634
    endloop
  endfacet
  facet normal 0.342027 0 -0.93969
    outer loop
      vertex 1.8541 -6 -5.70634
      vertex 2.24764 -5 -5.5631
      vertex 2.24764 -6 -5.5631
    endloop
  endfacet
  facet normal 0.342027 0 -0.93969
    outer loop
      vertex 2.24764 -5 -5.5631
      vertex 1.8541 -6 -5.70634
      vertex 1.8541 -5 -5.70634
    endloop
  endfacet
  facet normal 0.275626 0 -0.961265
    outer loop
      vertex 1.45153 -6 -5.82177
      vertex 1.8541 -5 -5.70634
      vertex 1.8541 -6 -5.70634
    endloop
  endfacet
  facet normal 0.275626 0 -0.961265
    outer loop
      vertex 1.8541 -5 -5.70634
      vertex 1.45153 -6 -5.82177
      vertex 1.45153 -5 -5.82177
    endloop
  endfacet
  facet normal 0.275626 0 -0.961265
    outer loop
      vertex 1.45153 5 -5.82177
      vertex 1.8541 6 -5.70634
      vertex 1.8541 5 -5.70634
    endloop
  endfacet
  facet normal 0.275626 0 -0.961265
    outer loop
      vertex 1.8541 6 -5.70634
      vertex 1.45153 5 -5.82177
      vertex 1.45153 6 -5.82177
    endloop
  endfacet
  facet normal -0.529927 0 0.848043
    outer loop
      vertex -1.39798 6 7.07259
      vertex -1.25 -6 7.16506
      vertex -1.25 6 7.16506
    endloop
  endfacet
  facet normal -0.529927 0 0.848043
    outer loop
      vertex -1.25 -6 7.16506
      vertex -1.39798 6 7.07259
      vertex -1.39798 -6 7.07259
    endloop
  endfacet
  facet normal 0.469471 0 -0.882948
    outer loop
      vertex 2.63023 5 -5.39276
      vertex 3 6 -5.19615
      vertex 3 5 -5.19615
    endloop
  endfacet
  facet normal 0.469471 0 -0.882948
    outer loop
      vertex 3 6 -5.19615
      vertex 2.63023 5 -5.39276
      vertex 2.63023 6 -5.39276
    endloop
  endfacet
  facet normal 0.469471 0 -0.882948
    outer loop
      vertex 2.63023 -6 -5.39276
      vertex 3 -5 -5.19615
      vertex 3 -6 -5.19615
    endloop
  endfacet
  facet normal 0.469471 0 -0.882948
    outer loop
      vertex 3 -5 -5.19615
      vertex 2.63023 -6 -5.39276
      vertex 2.63023 -5 -5.39276
    endloop
  endfacet
  facet normal -0.743148 0 0.669127
    outer loop
      vertex -4.59627 -6 3.85672
      vertex -4.31604 6 4.16795
      vertex -4.59627 6 3.85672
    endloop
  endfacet
  facet normal -0.743148 0 0.669127
    outer loop
      vertex -4.31604 6 4.16795
      vertex -4.59627 -6 3.85672
      vertex -4.31604 -6 4.16795
    endloop
  endfacet
  facet normal -0.139161 0 -0.99027
    outer loop
      vertex -1.04189 -6 -5.90885
      vertex -0.627171 -5 -5.96713
      vertex -0.627171 -6 -5.96713
    endloop
  endfacet
  facet normal -0.139161 0 -0.99027
    outer loop
      vertex -0.627171 -5 -5.96713
      vertex -1.04189 -6 -5.90885
      vertex -1.04189 -5 -5.90885
    endloop
  endfacet
  facet normal -0.139161 0 -0.99027
    outer loop
      vertex -1.04189 5 -5.90885
      vertex -0.627171 6 -5.96713
      vertex -0.627171 5 -5.96713
    endloop
  endfacet
  facet normal -0.139161 0 -0.99027
    outer loop
      vertex -0.627171 6 -5.96713
      vertex -1.04189 5 -5.90885
      vertex -1.04189 6 -5.90885
    endloop
  endfacet
  facet normal 0 1 0
    outer loop
      vertex 1.65448 6 3.40229
      vertex 1.82926 6 3.13274
      vertex 1.60993 6 3.14808
    endloop
  endfacet
  facet normal 0 1 0
    outer loop
      vertex 4.8541 6 3.52671
      vertex 2.04699 6 3.10214
      vertex 1.82926 6 3.13274
    endloop
  endfacet
  facet normal 0 1 0
    outer loop
      vertex 4.8541 6 3.52671
      vertex 2.26205 6 3.05643
      vertex 2.04699 6 3.10214
    endloop
  endfacet
  facet normal 0 1 0
    outer loop
      vertex 4.8541 6 3.52671
      vertex 2.4734 6 2.99583
      vertex 2.26205 6 3.05643
    endloop
  endfacet
  facet normal 0 1 0
    outer loop
      vertex 4.8541 6 3.52671
      vertex 2.68001 6 2.92063
      vertex 2.4734 6 2.99583
    endloop
  endfacet
  facet normal 0 1 0
    outer loop
      vertex 4.8541 6 3.52671
      vertex 2.88087 6 2.8312
      vertex 2.68001 6 2.92063
    endloop
  endfacet
  facet normal 0 1 0
    outer loop
      vertex 3.91304 6 2.02478
      vertex 5.08829 6 3.17951
      vertex 5.29768 6 2.81683
    endloop
  endfacet
  facet normal 0 1 0
    outer loop
      vertex 4.8541 6 3.52671
      vertex 3.075 6 2.72798
      vertex 2.88087 6 2.8312
    endloop
  endfacet
  facet normal 0 1 0
    outer loop
      vertex 4.8541 6 3.52671
      vertex 3.26146 6 2.61147
      vertex 3.075 6 2.72798
    endloop
  endfacet
  facet normal 0 1 0
    outer loop
      vertex 4.8541 6 3.52671
      vertex 3.43933 6 2.48223
      vertex 3.26146 6 2.61147
    endloop
  endfacet
  facet normal 0 1 0
    outer loop
      vertex 4.0484 6 1.85152
      vertex 5.29768 6 2.81683
      vertex 5.48127 6 2.44042
    endloop
  endfacet
  facet normal 0 1 0
    outer loop
      vertex 4.8541 6 3.52671
      vertex 3.60776 6 2.34091
      vertex 3.43933 6 2.48223
    endloop
  endfacet
  facet normal 0 1 0
    outer loop
      vertex 5.08829 6 3.17951
      vertex 3.76592 6 2.18817
      vertex 3.60776 6 2.34091
    endloop
  endfacet
  facet normal 0 1 0
    outer loop
      vertex 4.17135 6 1.66924
      vertex 5.48127 6 2.44042
      vertex 5.63815 6 2.05212
    endloop
  endfacet
  facet normal 0 1 0
    outer loop
      vertex 5.08829 6 3.17951
      vertex 3.91304 6 2.02478
      vertex 3.76592 6 2.18817
    endloop
  endfacet
  facet normal 0 1 0
    outer loop
      vertex 5.29768 6 2.81683
      vertex 4.0484 6 1.85152
      vertex 3.91304 6 2.02478
    endloop
  endfacet
  facet normal 0 1 0
    outer loop
      vertex 5.48127 6 2.44042
      vertex 4.17135 6 1.66924
      vertex 4.0484 6 1.85152
    endloop
  endfacet
  facet normal 0 1 0
    outer loop
      vertex 4.37767 6 1.28122
      vertex 5.63815 6 2.05212
      vertex 5.76757 6 1.65382
    endloop
  endfacet
  facet normal 0 1 0
    outer loop
      vertex 5.63815 6 2.05212
      vertex 4.28128 6 1.47884
      vertex 4.17135 6 1.66924
    endloop
  endfacet
  facet normal 0 1 0
    outer loop
      vertex 5.63815 6 2.05212
      vertex 4.37767 6 1.28122
      vertex 4.28128 6 1.47884
    endloop
  endfacet
  facet normal 0 1 0
    outer loop
      vertex 4.46003 6 1.07736
      vertex 5.76757 6 1.65382
      vertex 5.86889 6 1.24747
    endloop
  endfacet
  facet normal 0 1 0
    outer loop
      vertex 5.76757 6 1.65382
      vertex 4.46003 6 1.07736
      vertex 4.37767 6 1.28122
    endloop
  endfacet
  facet normal 0 1 0
    outer loop
      vertex 5.86889 6 1.24747
      vertex 4.52797 6 0.868258
      vertex 4.46003 6 1.07736
    endloop
  endfacet
  facet normal 0 1 0
    outer loop
      vertex 4.58116 6 0.654922
      vertex 5.86889 6 1.24747
      vertex 5.94161 6 0.835038
    endloop
  endfacet
  facet normal 0 1 0
    outer loop
      vertex 5.86889 6 1.24747
      vertex 4.58116 6 0.654922
      vertex 4.52797 6 0.868258
    endloop
  endfacet
  facet normal 0 1 0
    outer loop
      vertex 5.94161 6 0.835038
      vertex 4.61934 6 0.438395
      vertex 4.58116 6 0.654922
    endloop
  endfacet
  facet normal 0 1 0
    outer loop
      vertex 5.98538 6 0.418538
      vertex 4.61934 6 0.438395
      vertex 5.94161 6 0.835038
    endloop
  endfacet
  facet normal 0 1 0
    outer loop
      vertex 5.98538 6 0.418538
      vertex 4.64233 6 0.219732
      vertex 4.61934 6 0.438395
    endloop
  endfacet
  facet normal 0 1 0
    outer loop
      vertex 6 6 0
      vertex 4.64233 6 0.219732
      vertex 5.98538 6 0.418538
    endloop
  endfacet
  facet normal 0 1 0
    outer loop
      vertex 6 6 0
      vertex 4.65 6 0
      vertex 4.64233 6 0.219732
    endloop
  endfacet
  facet normal 0 1 0
    outer loop
      vertex 6 6 0
      vertex 4.64233 6 -0.219732
      vertex 4.65 6 0
    endloop
  endfacet
  facet normal 0 1 -0
    outer loop
      vertex 5.98538 6 -0.418538
      vertex 4.64233 6 -0.219732
      vertex 6 6 0
    endloop
  endfacet
  facet normal 0 1 0
    outer loop
      vertex 5.98538 6 -0.418538
      vertex 4.61934 6 -0.438395
      vertex 4.64233 6 -0.219732
    endloop
  endfacet
  facet normal 0 1 -0
    outer loop
      vertex 5.94161 6 -0.835038
      vertex 4.61934 6 -0.438395
      vertex 5.98538 6 -0.418538
    endloop
  endfacet
  facet normal 0 1 0
    outer loop
      vertex 4.61934 6 -0.438395
      vertex 5.94161 6 -0.835038
      vertex 4.58116 6 -0.654922
    endloop
  endfacet
  facet normal 0 1 -0
    outer loop
      vertex 5.86889 6 -1.24747
      vertex 4.58116 6 -0.654922
      vertex 5.94161 6 -0.835038
    endloop
  endfacet
  facet normal 0 1 0
    outer loop
      vertex 4.58116 6 -0.654922
      vertex 5.86889 6 -1.24747
      vertex 4.52797 6 -0.868258
    endloop
  endfacet
  facet normal 0 1 0
    outer loop
      vertex 4.52797 6 -0.868258
      vertex 5.86889 6 -1.24747
      vertex 4.46003 6 -1.07736
    endloop
  endfacet
  facet normal 0 1 -0
    outer loop
      vertex 5.76757 6 -1.65382
      vertex 4.46003 6 -1.07736
      vertex 5.86889 6 -1.24747
    endloop
  endfacet
  facet normal 0 1 0
    outer loop
      vertex 4.46003 6 -1.07736
      vertex 5.76757 6 -1.65382
      vertex 4.37767 6 -1.28122
    endloop
  endfacet
  facet normal 0 1 -0
    outer loop
      vertex 5.63815 6 -2.05212
      vertex 4.37767 6 -1.28122
      vertex 5.76757 6 -1.65382
    endloop
  endfacet
  facet normal 0 1 0
    outer loop
      vertex 4.37767 6 -1.28122
      vertex 5.63815 6 -2.05212
      vertex 4.28128 6 -1.47884
    endloop
  endfacet
  facet normal 0 1 0
    outer loop
      vertex 4.28128 6 -1.47884
      vertex 5.63815 6 -2.05212
      vertex 4.17135 6 -1.66924
    endloop
  endfacet
  facet normal 0 1 -0
    outer loop
      vertex 5.48127 6 -2.44042
      vertex 4.17135 6 -1.66924
      vertex 5.63815 6 -2.05212
    endloop
  endfacet
  facet normal 0 1 0
    outer loop
      vertex 4.17135 6 -1.66924
      vertex 5.48127 6 -2.44042
      vertex 4.0484 6 -1.85152
    endloop
  endfacet
  facet normal 0 1 -0
    outer loop
      vertex 5.29768 6 -2.81683
      vertex 4.0484 6 -1.85152
      vertex 5.48127 6 -2.44042
    endloop
  endfacet
  facet normal 0 1 0
    outer loop
      vertex 4.0484 6 -1.85152
      vertex 5.29768 6 -2.81683
      vertex 3.91304 6 -2.02478
    endloop
  endfacet
  facet normal 0 1 -0
    outer loop
      vertex 5.08829 6 -3.17951
      vertex 3.91304 6 -2.02478
      vertex 5.29768 6 -2.81683
    endloop
  endfacet
  facet normal 0 1 0
    outer loop
      vertex 3.91304 6 -2.02478
      vertex 5.08829 6 -3.17951
      vertex 3.76592 6 -2.18817
    endloop
  endfacet
  facet normal 0 1 0
    outer loop
      vertex 3.76592 6 -2.18817
      vertex 5.08829 6 -3.17951
      vertex 3.60776 6 -2.34091
    endloop
  endfacet
  facet normal 0 1 -0
    outer loop
      vertex 4.8541 6 -3.52671
      vertex 3.60776 6 -2.34091
      vertex 5.08829 6 -3.17951
    endloop
  endfacet
  facet normal 0 1 0
    outer loop
      vertex 3.60776 6 -2.34091
      vertex 4.8541 6 -3.52671
      vertex 3.43933 6 -2.48223
    endloop
  endfacet
  facet normal 0 1 -0
    outer loop
      vertex 4.59627 6 -3.85672
      vertex 3.43933 6 -2.48223
      vertex 4.8541 6 -3.52671
    endloop
  endfacet
  facet normal 0 1 0
    outer loop
      vertex 3.43933 6 -2.48223
      vertex 4.59627 6 -3.85672
      vertex 3.26146 6 -2.61147
    endloop
  endfacet
  facet normal 0 1 -0
    outer loop
      vertex 4.31604 6 -4.16795
      vertex 3.26146 6 -2.61147
      vertex 4.59627 6 -3.85672
    endloop
  endfacet
  facet normal 0 1 0
    outer loop
      vertex 3.26146 6 -2.61147
      vertex 4.31604 6 -4.16795
      vertex 3.075 6 -2.72798
    endloop
  endfacet
  facet normal 0 1 -0
    outer loop
      vertex 4.01478 6 -4.45887
      vertex 3.075 6 -2.72798
      vertex 4.31604 6 -4.16795
    endloop
  endfacet
  facet normal 0 1 0
    outer loop
      vertex 3.075 6 -2.72798
      vertex 4.01478 6 -4.45887
      vertex 2.88087 6 -2.8312
    endloop
  endfacet
  facet normal 0 1 0
    outer loop
      vertex 2.68001 6 -2.92063
      vertex 3.69397 6 -4.72806
      vertex 2.4734 6 -2.99583
    endloop
  endfacet
  facet normal 0 1 -0
    outer loop
      vertex 3.69397 6 -4.72806
      vertex 2.68001 6 -2.92063
      vertex 4.01478 6 -4.45887
    endloop
  endfacet
  facet normal 0 1 0
    outer loop
      vertex 2.88087 6 -2.8312
      vertex 4.01478 6 -4.45887
      vertex 2.68001 6 -2.92063
    endloop
  endfacet
  facet normal 0 1 0
    outer loop
      vertex 0.0802679 6 7.2986
      vertex 0.0872478 6 7.49848
      vertex 0.261321 6 7.4863
    endloop
  endfacet
  facet normal 0 1 0
    outer loop
      vertex 0.0872478 6 7.49848
      vertex 0.0802679 6 7.2986
      vertex -0.0872478 6 7.49848
    endloop
  endfacet
  facet normal 0 1 0
    outer loop
      vertex 0.240415 6 7.2874
      vertex 0.261321 6 7.4863
      vertex 0.43412 6 7.46202
    endloop
  endfacet
  facet normal 0 1 -0
    outer loop
      vertex -0.0802679 6 7.2986
      vertex -0.0872478 6 7.49848
      vertex 0.0802679 6 7.2986
    endloop
  endfacet
  facet normal 0 1 0
    outer loop
      vertex 0.39939 6 7.26506
      vertex 0.43412 6 7.46202
      vertex 0.604804 6 7.42574
    endloop
  endfacet
  facet normal 0 1 0
    outer loop
      vertex -0.0872478 6 7.49848
      vertex -0.0802679 6 7.2986
      vertex -0.261321 6 7.4863
    endloop
  endfacet
  facet normal 0 1 0
    outer loop
      vertex 0.55642 6 7.23168
      vertex 0.604804 6 7.42574
      vertex 0.772542 6 7.37764
    endloop
  endfacet
  facet normal 0 1 -0
    outer loop
      vertex -0.240415 6 7.2874
      vertex -0.261321 6 7.4863
      vertex -0.0802679 6 7.2986
    endloop
  endfacet
  facet normal 0 1 0
    outer loop
      vertex 0.710738 6 7.18743
      vertex 0.772542 6 7.37764
      vertex 0.936516 6 7.31796
    endloop
  endfacet
  facet normal 0 1 0
    outer loop
      vertex -0.261321 6 7.4863
      vertex -0.240415 6 7.2874
      vertex -0.43412 6 7.46202
    endloop
  endfacet
  facet normal 0 1 -0
    outer loop
      vertex -0.39939 6 7.26506
      vertex -0.43412 6 7.46202
      vertex -0.240415 6 7.2874
    endloop
  endfacet
  facet normal 0 1 0
    outer loop
      vertex 0.261321 6 7.4863
      vertex 0.240415 6 7.2874
      vertex 0.0802679 6 7.2986
    endloop
  endfacet
  facet normal 0 1 0
    outer loop
      vertex 0.43412 6 7.46202
      vertex 0.39939 6 7.26506
      vertex 0.240415 6 7.2874
    endloop
  endfacet
  facet normal 0 1 0
    outer loop
      vertex 0.861595 6 7.13252
      vertex 0.936516 6 7.31796
      vertex 1.09593 6 7.24698
    endloop
  endfacet
  facet normal 0 1 0
    outer loop
      vertex 0.604804 6 7.42574
      vertex 0.55642 6 7.23168
      vertex 0.39939 6 7.26506
    endloop
  endfacet
  facet normal 0 1 0
    outer loop
      vertex 0.772542 6 7.37764
      vertex 0.710738 6 7.18743
      vertex 0.55642 6 7.23168
    endloop
  endfacet
  facet normal 0 1 0
    outer loop
      vertex 1.00825 6 7.06723
      vertex 1.09593 6 7.24698
      vertex 1.25 6 7.16506
    endloop
  endfacet
  facet normal 0 1 0
    outer loop
      vertex 0.936516 6 7.31796
      vertex 0.861595 6 7.13252
      vertex 0.710738 6 7.18743
    endloop
  endfacet
  facet normal 0 1 0
    outer loop
      vertex 1.15 6 6.99186
      vertex 1.25 6 7.16506
      vertex 1.39798 6 7.07259
    endloop
  endfacet
  facet normal 0 1 0
    outer loop
      vertex 1.09593 6 7.24698
      vertex 1.00825 6 7.06723
      vertex 0.861595 6 7.13252
    endloop
  endfacet
  facet normal 0 1 0
    outer loop
      vertex 1.25 6 7.16506
      vertex 1.15 6 6.99186
      vertex 1.00825 6 7.06723
    endloop
  endfacet
  facet normal 0 1 0
    outer loop
      vertex 1.28614 6 6.90679
      vertex 1.39798 6 7.07259
      vertex 1.53915 6 6.97003
    endloop
  endfacet
  facet normal 0 1 0
    outer loop
      vertex 1.39798 6 7.07259
      vertex 1.28614 6 6.90679
      vertex 1.15 6 6.99186
    endloop
  endfacet
  facet normal 0 1 0
    outer loop
      vertex 1.41602 6 6.81242
      vertex 1.53915 6 6.97003
      vertex 1.67283 6 6.85786
    endloop
  endfacet
  facet normal 0 1 0
    outer loop
      vertex 1.53915 6 6.97003
      vertex 1.41602 6 6.81242
      vertex 1.28614 6 6.90679
    endloop
  endfacet
  facet normal 0 1 0
    outer loop
      vertex 1.539 6 6.70923
      vertex 1.67283 6 6.85786
      vertex 1.79835 6 6.73665
    endloop
  endfacet
  facet normal 0 1 0
    outer loop
      vertex 1.67283 6 6.85786
      vertex 1.539 6 6.70923
      vertex 1.41602 6 6.81242
    endloop
  endfacet
  facet normal 0 1 0
    outer loop
      vertex 1.79835 6 6.73665
      vertex 1.65448 6 6.59771
      vertex 1.539 6 6.70923
    endloop
  endfacet
  facet normal 0 1 0
    outer loop
      vertex 1.79835 6 6.73665
      vertex 1.7619 6 6.47841
      vertex 1.65448 6 6.59771
    endloop
  endfacet
  facet normal 0 1 0
    outer loop
      vertex 1.79835 6 6.73665
      vertex 1.86074 6 6.35191
      vertex 1.7619 6 6.47841
    endloop
  endfacet
  facet normal 0 1 0
    outer loop
      vertex 1.79835 6 6.73665
      vertex 1.95051 6 6.21881
      vertex 1.86074 6 6.35191
    endloop
  endfacet
  facet normal 0 1 0
    outer loop
      vertex 1.79835 6 6.73665
      vertex 2.03078 6 6.07978
      vertex 1.95051 6 6.21881
    endloop
  endfacet
  facet normal 0 1 0
    outer loop
      vertex 1.79835 6 6.73665
      vertex 2.10115 6 5.93549
      vertex 2.03078 6 6.07978
    endloop
  endfacet
  facet normal 0 1 0
    outer loop
      vertex 4.31604 6 4.16795
      vertex 2.10115 6 5.93549
      vertex 1.79835 6 6.73665
    endloop
  endfacet
  facet normal 0 1 0
    outer loop
      vertex 2.10115 6 5.93549
      vertex 4.31604 6 4.16795
      vertex 2.16129 6 5.78665
    endloop
  endfacet
  facet normal 0 1 0
    outer loop
      vertex 4.31604 6 4.16795
      vertex 2.2109 6 5.63397
      vertex 2.16129 6 5.78665
    endloop
  endfacet
  facet normal 0 1 0
    outer loop
      vertex 4.31604 6 4.16795
      vertex 2.24974 6 5.4782
      vertex 2.2109 6 5.63397
    endloop
  endfacet
  facet normal 0 1 0
    outer loop
      vertex 4.31604 6 4.16795
      vertex 2.27762 6 5.3201
      vertex 2.24974 6 5.4782
    endloop
  endfacet
  facet normal 0 1 0
    outer loop
      vertex 4.31604 6 4.16795
      vertex 2.2944 6 5.16044
      vertex 2.27762 6 5.3201
    endloop
  endfacet
  facet normal 0 1 0
    outer loop
      vertex 4.31604 6 4.16795
      vertex 2.3 6 5
      vertex 2.2944 6 5.16044
    endloop
  endfacet
  facet normal 0 1 0
    outer loop
      vertex 4.31604 6 4.16795
      vertex 2.2944 6 4.83956
      vertex 2.3 6 5
    endloop
  endfacet
  facet normal 0 1 0
    outer loop
      vertex 4.31604 6 4.16795
      vertex 2.27762 6 4.6799
      vertex 2.2944 6 4.83956
    endloop
  endfacet
  facet normal 0 1 0
    outer loop
      vertex 4.31604 6 4.16795
      vertex 2.24974 6 4.5218
      vertex 2.27762 6 4.6799
    endloop
  endfacet
  facet normal 0 1 0
    outer loop
      vertex 4.31604 6 4.16795
      vertex 2.2109 6 4.36603
      vertex 2.24974 6 4.5218
    endloop
  endfacet
  facet normal 0 1 0
    outer loop
      vertex 4.31604 6 4.16795
      vertex 2.16129 6 4.21335
      vertex 2.2109 6 4.36603
    endloop
  endfacet
  facet normal 0 1 0
    outer loop
      vertex 4.31604 6 4.16795
      vertex 2.10115 6 4.06451
      vertex 2.16129 6 4.21335
    endloop
  endfacet
  facet normal 0 1 0
    outer loop
      vertex 4.31604 6 4.16795
      vertex 2.03078 6 3.92021
      vertex 2.10115 6 4.06451
    endloop
  endfacet
  facet normal 0 1 0
    outer loop
      vertex 1.82926 6 3.13274
      vertex 4.31604 6 4.16795
      vertex 4.59627 6 3.85672
    endloop
  endfacet
  facet normal 0 1 0
    outer loop
      vertex 1.82926 6 3.13274
      vertex 2.03078 6 3.92021
      vertex 4.31604 6 4.16795
    endloop
  endfacet
  facet normal 0 1 0
    outer loop
      vertex 2.03078 6 3.92021
      vertex 1.82926 6 3.13274
      vertex 1.95051 6 3.78119
    endloop
  endfacet
  facet normal 0 1 0
    outer loop
      vertex 1.82926 6 3.13274
      vertex 4.59627 6 3.85672
      vertex 4.8541 6 3.52671
    endloop
  endfacet
  facet normal 0 1 0
    outer loop
      vertex 1.95051 6 3.78119
      vertex 1.82926 6 3.13274
      vertex 1.86074 6 3.64809
    endloop
  endfacet
  facet normal 0 1 -0
    outer loop
      vertex 1.82926 6 3.13274
      vertex 1.7619 6 3.52159
      vertex 1.86074 6 3.64809
    endloop
  endfacet
  facet normal 0 1 0
    outer loop
      vertex 1.82926 6 3.13274
      vertex 1.65448 6 3.40229
      vertex 1.7619 6 3.52159
    endloop
  endfacet
  facet normal 0 1 0
    outer loop
      vertex 1.65448 6 3.40229
      vertex 1.60993 6 3.14808
      vertex 1.539 6 3.29077
    endloop
  endfacet
  facet normal 0 1 0
    outer loop
      vertex 3.60776 6 2.34091
      vertex 4.8541 6 3.52671
      vertex 5.08829 6 3.17951
    endloop
  endfacet
  facet normal 0 1 0
    outer loop
      vertex 1.539 6 3.29077
      vertex 1.60993 6 3.14808
      vertex 1.41602 6 3.18757
    endloop
  endfacet
  facet normal 0 1 0
    outer loop
      vertex 1.39007 6 3.14808
      vertex 1.41602 6 3.18757
      vertex 1.60993 6 3.14808
    endloop
  endfacet
  facet normal 0 1 0
    outer loop
      vertex 1.41602 6 3.18757
      vertex 1.39007 6 3.14808
      vertex 1.35864 6 3.14588
    endloop
  endfacet
  facet normal 0 1 0
    outer loop
      vertex -0.43412 6 7.46202
      vertex -0.39939 6 7.26506
      vertex -0.604804 6 7.42574
    endloop
  endfacet
  facet normal 0 1 -0
    outer loop
      vertex -0.55642 6 7.23168
      vertex -0.604804 6 7.42574
      vertex -0.39939 6 7.26506
    endloop
  endfacet
  facet normal 0 1 0
    outer loop
      vertex -0.604804 6 7.42574
      vertex -0.55642 6 7.23168
      vertex -0.772542 6 7.37764
    endloop
  endfacet
  facet normal 0 1 -0
    outer loop
      vertex -0.710738 6 7.18743
      vertex -0.772542 6 7.37764
      vertex -0.55642 6 7.23168
    endloop
  endfacet
  facet normal 0 1 0
    outer loop
      vertex -0.772542 6 7.37764
      vertex -0.710738 6 7.18743
      vertex -0.936516 6 7.31796
    endloop
  endfacet
  facet normal 0 1 -0
    outer loop
      vertex -0.861595 6 7.13252
      vertex -0.936516 6 7.31796
      vertex -0.710738 6 7.18743
    endloop
  endfacet
  facet normal 0 1 0
    outer loop
      vertex -0.936516 6 7.31796
      vertex -0.861595 6 7.13252
      vertex -1.09593 6 7.24698
    endloop
  endfacet
  facet normal 0 1 -0
    outer loop
      vertex -1.00825 6 7.06723
      vertex -1.09593 6 7.24698
      vertex -0.861595 6 7.13252
    endloop
  endfacet
  facet normal 0 1 0
    outer loop
      vertex -1.09593 6 7.24698
      vertex -1.00825 6 7.06723
      vertex -1.25 6 7.16506
    endloop
  endfacet
  facet normal 0 1 -0
    outer loop
      vertex -1.15 6 6.99186
      vertex -1.25 6 7.16506
      vertex -1.00825 6 7.06723
    endloop
  endfacet
  facet normal 0 1 0
    outer loop
      vertex -1.25 6 7.16506
      vertex -1.15 6 6.99186
      vertex -1.39798 6 7.07259
    endloop
  endfacet
  facet normal 0 1 -0
    outer loop
      vertex -1.28614 6 6.90679
      vertex -1.39798 6 7.07259
      vertex -1.15 6 6.99186
    endloop
  endfacet
  facet normal 0 1 0
    outer loop
      vertex -1.39798 6 7.07259
      vertex -1.28614 6 6.90679
      vertex -1.53915 6 6.97003
    endloop
  endfacet
  facet normal 0 1 -0
    outer loop
      vertex -1.41602 6 6.81242
      vertex -1.53915 6 6.97003
      vertex -1.28614 6 6.90679
    endloop
  endfacet
  facet normal 0 1 0
    outer loop
      vertex -1.53915 6 6.97003
      vertex -1.41602 6 6.81242
      vertex -1.67283 6 6.85786
    endloop
  endfacet
  facet normal 0 1 -0
    outer loop
      vertex -1.539 6 6.70923
      vertex -1.67283 6 6.85786
      vertex -1.41602 6 6.81242
    endloop
  endfacet
  facet normal 0 1 0
    outer loop
      vertex -1.67283 6 6.85786
      vertex -1.539 6 6.70923
      vertex -1.79835 6 6.73665
    endloop
  endfacet
  facet normal 0 1 -0
    outer loop
      vertex -1.65448 6 6.59771
      vertex -1.79835 6 6.73665
      vertex -1.539 6 6.70923
    endloop
  endfacet
  facet normal 0 1 -0
    outer loop
      vertex -1.7619 6 6.47841
      vertex -1.79835 6 6.73665
      vertex -1.65448 6 6.59771
    endloop
  endfacet
  facet normal 0 1 0
    outer loop
      vertex -1.86074 6 6.35191
      vertex -1.79835 6 6.73665
      vertex -1.7619 6 6.47841
    endloop
  endfacet
  facet normal 0 1 0
    outer loop
      vertex -1.95051 6 6.21881
      vertex -1.79835 6 6.73665
      vertex -1.86074 6 6.35191
    endloop
  endfacet
  facet normal 0 1 0
    outer loop
      vertex -2.03078 6 6.07978
      vertex -1.79835 6 6.73665
      vertex -1.95051 6 6.21881
    endloop
  endfacet
  facet normal 0 1 0
    outer loop
      vertex -2.10115 6 5.93549
      vertex -1.79835 6 6.73665
      vertex -2.03078 6 6.07978
    endloop
  endfacet
  facet normal 0 1 0
    outer loop
      vertex -4.31604 6 4.16795
      vertex -2.10115 6 5.93549
      vertex -2.16129 6 5.78665
    endloop
  endfacet
  facet normal 0 1 -0
    outer loop
      vertex -2.10115 6 5.93549
      vertex -4.31604 6 4.16795
      vertex -1.79835 6 6.73665
    endloop
  endfacet
  facet normal 0 1 -0
    outer loop
      vertex -2.2109 6 5.63397
      vertex -4.31604 6 4.16795
      vertex -2.16129 6 5.78665
    endloop
  endfacet
  facet normal 0 1 -0
    outer loop
      vertex -2.24974 6 5.4782
      vertex -4.31604 6 4.16795
      vertex -2.2109 6 5.63397
    endloop
  endfacet
  facet normal 0 1 -0
    outer loop
      vertex -2.27762 6 5.3201
      vertex -4.31604 6 4.16795
      vertex -2.24974 6 5.4782
    endloop
  endfacet
  facet normal 0 1 -0
    outer loop
      vertex -2.2944 6 5.16044
      vertex -4.31604 6 4.16795
      vertex -2.27762 6 5.3201
    endloop
  endfacet
  facet normal 0 1 -0
    outer loop
      vertex -2.3 6 5
      vertex -4.31604 6 4.16795
      vertex -2.2944 6 5.16044
    endloop
  endfacet
  facet normal 0 1 0
    outer loop
      vertex -2.2944 6 4.83956
      vertex -4.31604 6 4.16795
      vertex -2.3 6 5
    endloop
  endfacet
  facet normal 0 1 0
    outer loop
      vertex -2.27762 6 4.6799
      vertex -4.31604 6 4.16795
      vertex -2.2944 6 4.83956
    endloop
  endfacet
  facet normal 0 1 0
    outer loop
      vertex -2.24974 6 4.5218
      vertex -4.31604 6 4.16795
      vertex -2.27762 6 4.6799
    endloop
  endfacet
  facet normal 0 1 0
    outer loop
      vertex -2.2109 6 4.36603
      vertex -4.31604 6 4.16795
      vertex -2.24974 6 4.5218
    endloop
  endfacet
  facet normal 0 1 0
    outer loop
      vertex -2.16129 6 4.21335
      vertex -4.31604 6 4.16795
      vertex -2.2109 6 4.36603
    endloop
  endfacet
  facet normal 0 1 0
    outer loop
      vertex -2.10115 6 4.06451
      vertex -4.31604 6 4.16795
      vertex -2.16129 6 4.21335
    endloop
  endfacet
  facet normal 0 1 0
    outer loop
      vertex -2.03078 6 3.92021
      vertex -4.31604 6 4.16795
      vertex -2.10115 6 4.06451
    endloop
  endfacet
  facet normal 0 1 0
    outer loop
      vertex -1.95051 6 3.78119
      vertex -4.31604 6 4.16795
      vertex -2.03078 6 3.92021
    endloop
  endfacet
  facet normal 0 1 0
    outer loop
      vertex -4.31604 6 4.16795
      vertex -1.95051 6 3.78119
      vertex -4.59627 6 3.85672
    endloop
  endfacet
  facet normal 0 1 0
    outer loop
      vertex -1.86074 6 3.64809
      vertex -4.59627 6 3.85672
      vertex -1.95051 6 3.78119
    endloop
  endfacet
  facet normal 0 1 0
    outer loop
      vertex -1.86074 6 3.64809
      vertex -4.8541 6 3.52671
      vertex -4.59627 6 3.85672
    endloop
  endfacet
  facet normal 0 1 0
    outer loop
      vertex -1.7619 6 3.52159
      vertex -4.8541 6 3.52671
      vertex -1.86074 6 3.64809
    endloop
  endfacet
  facet normal 0 1 0
    outer loop
      vertex -1.37767 6 1.28122
      vertex -1.7619 6 3.52159
      vertex -1.65448 6 3.40229
    endloop
  endfacet
  facet normal 0 1 0
    outer loop
      vertex -1.28128 6 1.47884
      vertex -1.65448 6 3.40229
      vertex -1.539 6 3.29077
    endloop
  endfacet
  facet normal 0 1 0
    outer loop
      vertex -1.17135 6 1.66924
      vertex -1.539 6 3.29077
      vertex -1.41602 6 3.18757
    endloop
  endfacet
  facet normal 0 1 0
    outer loop
      vertex -1.7619 6 3.52159
      vertex -5.08829 6 3.17951
      vertex -4.8541 6 3.52671
    endloop
  endfacet
  facet normal 0 1 0
    outer loop
      vertex -1.17135 6 1.66924
      vertex -1.41602 6 3.18757
      vertex -1.28614 6 3.09321
    endloop
  endfacet
  facet normal 0 1 0
    outer loop
      vertex -1.0484 6 1.85152
      vertex -1.28614 6 3.09321
      vertex -1.15 6 3.00814
    endloop
  endfacet
  facet normal 0 1 0
    outer loop
      vertex -0.913039 6 2.02478
      vertex -1.15 6 3.00814
      vertex -1.00825 6 2.93277
    endloop
  endfacet
  facet normal 0 1 0
    outer loop
      vertex -0.76592 6 2.18817
      vertex -1.00825 6 2.93277
      vertex -0.861595 6 2.86748
    endloop
  endfacet
  facet normal 0 1 0
    outer loop
      vertex -1.539 6 3.29077
      vertex -1.17135 6 1.66924
      vertex -1.28128 6 1.47884
    endloop
  endfacet
  facet normal 0 1 0
    outer loop
      vertex -0.607761 6 2.34091
      vertex -0.861595 6 2.86748
      vertex -0.710738 6 2.81257
    endloop
  endfacet
  facet normal 0 1 -0
    outer loop
      vertex -0.607761 6 2.34091
      vertex -0.710738 6 2.81257
      vertex -0.55642 6 2.76832
    endloop
  endfacet
  facet normal 0 1 -0
    outer loop
      vertex -0.439333 6 2.48223
      vertex -0.55642 6 2.76832
      vertex -0.39939 6 2.73494
    endloop
  endfacet
  facet normal 0 1 -0
    outer loop
      vertex -0.261457 6 2.61147
      vertex -0.39939 6 2.73494
      vertex -0.240415 6 2.7126
    endloop
  endfacet
  facet normal 0 1 0
    outer loop
      vertex -0.261457 6 2.61147
      vertex -0.240415 6 2.7126
      vertex -0.113784 6 2.70374
    endloop
  endfacet
  facet normal 0 1 0
    outer loop
      vertex -0.39939 6 2.73494
      vertex -0.261457 6 2.61147
      vertex -0.439333 6 2.48223
    endloop
  endfacet
  facet normal 0 1 0
    outer loop
      vertex -0.55642 6 2.76832
      vertex -0.439333 6 2.48223
      vertex -0.607761 6 2.34091
    endloop
  endfacet
  facet normal 0 1 0
    outer loop
      vertex -0.861595 6 2.86748
      vertex -0.607761 6 2.34091
      vertex -0.76592 6 2.18817
    endloop
  endfacet
  facet normal 0 1 0
    outer loop
      vertex -1.00825 6 2.93277
      vertex -0.76592 6 2.18817
      vertex -0.913039 6 2.02478
    endloop
  endfacet
  facet normal 0 1 0
    outer loop
      vertex -1.15 6 3.00814
      vertex -0.913039 6 2.02478
      vertex -1.0484 6 1.85152
    endloop
  endfacet
  facet normal 0 1 0
    outer loop
      vertex -1.28614 6 3.09321
      vertex -1.0484 6 1.85152
      vertex -1.17135 6 1.66924
    endloop
  endfacet
  facet normal 0 1 0
    outer loop
      vertex -1.65448 6 3.40229
      vertex -1.28128 6 1.47884
      vertex -1.37767 6 1.28122
    endloop
  endfacet
  facet normal 0 1 0
    outer loop
      vertex -1.7619 6 3.52159
      vertex -1.37767 6 1.28122
      vertex -5.08829 6 3.17951
    endloop
  endfacet
  facet normal 0 1 0
    outer loop
      vertex -5.08829 6 3.17951
      vertex -1.37767 6 1.28122
      vertex -5.29768 6 2.81683
    endloop
  endfacet
  facet normal 0 1 -0
    outer loop
      vertex -1.46003 6 1.07736
      vertex -5.29768 6 2.81683
      vertex -1.37767 6 1.28122
    endloop
  endfacet
  facet normal 0 1 0
    outer loop
      vertex -5.29768 6 2.81683
      vertex -1.46003 6 1.07736
      vertex -5.48127 6 2.44042
    endloop
  endfacet
  facet normal 0 1 -0
    outer loop
      vertex -1.52797 6 0.868258
      vertex -5.48127 6 2.44042
      vertex -1.46003 6 1.07736
    endloop
  endfacet
  facet normal 0 1 0
    outer loop
      vertex -5.48127 6 2.44042
      vertex -1.52797 6 0.868258
      vertex -5.63815 6 2.05212
    endloop
  endfacet
  facet normal 0 1 -0
    outer loop
      vertex -1.58116 6 0.654922
      vertex -5.63815 6 2.05212
      vertex -1.52797 6 0.868258
    endloop
  endfacet
  facet normal 0 1 0
    outer loop
      vertex -5.63815 6 2.05212
      vertex -1.58116 6 0.654922
      vertex -5.76757 6 1.65382
    endloop
  endfacet
  facet normal 0 1 0
    outer loop
      vertex -5.76757 6 1.65382
      vertex -1.58116 6 0.654922
      vertex -5.86889 6 1.24747
    endloop
  endfacet
  facet normal 0 1 -0
    outer loop
      vertex -1.61934 6 0.438395
      vertex -5.86889 6 1.24747
      vertex -1.58116 6 0.654922
    endloop
  endfacet
  facet normal 0 1 0
    outer loop
      vertex -5.86889 6 1.24747
      vertex -1.61934 6 0.438395
      vertex -5.94161 6 0.835038
    endloop
  endfacet
  facet normal 0 1 -0
    outer loop
      vertex -1.64233 6 0.219732
      vertex -5.94161 6 0.835038
      vertex -1.61934 6 0.438395
    endloop
  endfacet
  facet normal 0 1 0
    outer loop
      vertex -5.94161 6 0.835038
      vertex -1.64233 6 0.219732
      vertex -5.98538 6 0.418538
    endloop
  endfacet
  facet normal 0 1 -0
    outer loop
      vertex -1.65 6 0
      vertex -5.98538 6 0.418538
      vertex -1.64233 6 0.219732
    endloop
  endfacet
  facet normal 0 1 0
    outer loop
      vertex -1.65 6 0
      vertex -6 6 0
      vertex -5.98538 6 0.418538
    endloop
  endfacet
  facet normal 0 1 0
    outer loop
      vertex -5.98538 6 -0.418538
      vertex -1.65 6 0
      vertex -1.64233 6 -0.219732
    endloop
  endfacet
  facet normal 0 1 0
    outer loop
      vertex -1.65 6 0
      vertex -5.98538 6 -0.418538
      vertex -6 6 0
    endloop
  endfacet
  facet normal 0 1 0
    outer loop
      vertex -5.94161 6 -0.835038
      vertex -1.64233 6 -0.219732
      vertex -1.61934 6 -0.438395
    endloop
  endfacet
  facet normal 0 1 0
    outer loop
      vertex -5.86889 6 -1.24747
      vertex -1.61934 6 -0.438395
      vertex -1.58116 6 -0.654922
    endloop
  endfacet
  facet normal 0 1 0
    outer loop
      vertex -1.64233 6 -0.219732
      vertex -5.94161 6 -0.835038
      vertex -5.98538 6 -0.418538
    endloop
  endfacet
  facet normal 0 1 0
    outer loop
      vertex -5.63815 6 -2.05212
      vertex -1.58116 6 -0.654922
      vertex -1.52797 6 -0.868258
    endloop
  endfacet
  facet normal 0 1 0
    outer loop
      vertex -5.48127 6 -2.44042
      vertex -1.52797 6 -0.868258
      vertex -1.46003 6 -1.07736
    endloop
  endfacet
  facet normal 0 1 0
    outer loop
      vertex -1.61934 6 -0.438395
      vertex -5.86889 6 -1.24747
      vertex -5.94161 6 -0.835038
    endloop
  endfacet
  facet normal 0 1 0
    outer loop
      vertex -5.29768 6 -2.81683
      vertex -1.46003 6 -1.07736
      vertex -1.37767 6 -1.28122
    endloop
  endfacet
  facet normal 0 1 0
    outer loop
      vertex -4.8541 6 -3.52671
      vertex -1.37767 6 -1.28122
      vertex -1.28128 6 -1.47884
    endloop
  endfacet
  facet normal 0 1 0
    outer loop
      vertex -1.58116 6 -0.654922
      vertex -5.76757 6 -1.65382
      vertex -5.86889 6 -1.24747
    endloop
  endfacet
  facet normal 0 1 0
    outer loop
      vertex -4.59627 6 -3.85672
      vertex -1.28128 6 -1.47884
      vertex -1.17135 6 -1.66924
    endloop
  endfacet
  facet normal 0 1 0
    outer loop
      vertex -4.31604 6 -4.16795
      vertex -1.17135 6 -1.66924
      vertex -1.0484 6 -1.85152
    endloop
  endfacet
  facet normal 0 1 0
    outer loop
      vertex -3.69397 6 -4.72806
      vertex -1.0484 6 -1.85152
      vertex -0.913039 6 -2.02478
    endloop
  endfacet
  facet normal 0 1 0
    outer loop
      vertex -1.58116 6 -0.654922
      vertex -5.63815 6 -2.05212
      vertex -5.76757 6 -1.65382
    endloop
  endfacet
  facet normal 0 1 0
    outer loop
      vertex -3.35516 6 -4.97423
      vertex -0.913039 6 -2.02478
      vertex -0.76592 6 -2.18817
    endloop
  endfacet
  facet normal 0 1 0
    outer loop
      vertex -3 6 -5.19615
      vertex -0.76592 6 -2.18817
      vertex -0.607761 6 -2.34091
    endloop
  endfacet
  facet normal 0 1 0
    outer loop
      vertex -1.52797 6 -0.868258
      vertex -5.48127 6 -2.44042
      vertex -5.63815 6 -2.05212
    endloop
  endfacet
  facet normal 0 1 0
    outer loop
      vertex -2.63023 6 -5.39276
      vertex -0.607761 6 -2.34091
      vertex -0.439333 6 -2.48223
    endloop
  endfacet
  facet normal 0 1 0
    outer loop
      vertex -1.8541 6 -5.70634
      vertex -0.439333 6 -2.48223
      vertex -0.261457 6 -2.61147
    endloop
  endfacet
  facet normal 0 1 0
    outer loop
      vertex -1.45153 6 -5.82177
      vertex -0.261457 6 -2.61147
      vertex -0.0749998 6 -2.72798
    endloop
  endfacet
  facet normal 0 1 0
    outer loop
      vertex -1.46003 6 -1.07736
      vertex -5.29768 6 -2.81683
      vertex -5.48127 6 -2.44042
    endloop
  endfacet
  facet normal 0 1 0
    outer loop
      vertex -1.04189 6 -5.90885
      vertex -0.0749998 6 -2.72798
      vertex 0.11913 6 -2.8312
    endloop
  endfacet
  facet normal 0 1 0
    outer loop
      vertex -0.627171 6 -5.96713
      vertex 0.11913 6 -2.8312
      vertex 0.319989 6 -2.92063
    endloop
  endfacet
  facet normal 0 1 0
    outer loop
      vertex -0.209396 6 -5.99634
      vertex 0.319989 6 -2.92063
      vertex 0.526596 6 -2.99583
    endloop
  endfacet
  facet normal 0 1 0
    outer loop
      vertex 0.209396 6 -5.99634
      vertex 0.526596 6 -2.99583
      vertex 0.737946 6 -3.05643
    endloop
  endfacet
  facet normal 0 1 0
    outer loop
      vertex 0.627171 6 -5.96713
      vertex 0.737946 6 -3.05643
      vertex 0.953008 6 -3.10214
    endloop
  endfacet
  facet normal 0 1 -0
    outer loop
      vertex 1.04189 6 -5.90885
      vertex 0.953008 6 -3.10214
      vertex 1.17073 6 -3.13274
    endloop
  endfacet
  facet normal 0 1 0
    outer loop
      vertex 1.45153 6 -5.82177
      vertex 1.17073 6 -3.13274
      vertex 1.39007 6 -3.14808
    endloop
  endfacet
  facet normal 0 1 0
    outer loop
      vertex -1.37767 6 -1.28122
      vertex -5.08829 6 -3.17951
      vertex -5.29768 6 -2.81683
    endloop
  endfacet
  facet normal 0 1 -0
    outer loop
      vertex 3.35516 6 -4.97423
      vertex 2.4734 6 -2.99583
      vertex 3.69397 6 -4.72806
    endloop
  endfacet
  facet normal 0 1 0
    outer loop
      vertex 2.4734 6 -2.99583
      vertex 3.35516 6 -4.97423
      vertex 2.26205 6 -3.05643
    endloop
  endfacet
  facet normal 0 1 0
    outer loop
      vertex -1.37767 6 -1.28122
      vertex -4.8541 6 -3.52671
      vertex -5.08829 6 -3.17951
    endloop
  endfacet
  facet normal 0 1 -0
    outer loop
      vertex 3 6 -5.19615
      vertex 2.26205 6 -3.05643
      vertex 3.35516 6 -4.97423
    endloop
  endfacet
  facet normal 0 1 0
    outer loop
      vertex -1.28128 6 -1.47884
      vertex -4.59627 6 -3.85672
      vertex -4.8541 6 -3.52671
    endloop
  endfacet
  facet normal 0 1 0
    outer loop
      vertex 2.26205 6 -3.05643
      vertex 3 6 -5.19615
      vertex 2.04699 6 -3.10214
    endloop
  endfacet
  facet normal 0 1 0
    outer loop
      vertex -1.17135 6 -1.66924
      vertex -4.31604 6 -4.16795
      vertex -4.59627 6 -3.85672
    endloop
  endfacet
  facet normal 0 1 -0
    outer loop
      vertex 2.63023 6 -5.39276
      vertex 2.04699 6 -3.10214
      vertex 3 6 -5.19615
    endloop
  endfacet
  facet normal 0 1 0
    outer loop
      vertex -1.0484 6 -1.85152
      vertex -4.01478 6 -4.45887
      vertex -4.31604 6 -4.16795
    endloop
  endfacet
  facet normal 0 1 0
    outer loop
      vertex 2.04699 6 -3.10214
      vertex 2.63023 6 -5.39276
      vertex 1.82926 6 -3.13274
    endloop
  endfacet
  facet normal 0 1 0
    outer loop
      vertex -1.0484 6 -1.85152
      vertex -3.69397 6 -4.72806
      vertex -4.01478 6 -4.45887
    endloop
  endfacet
  facet normal 0 1 -0
    outer loop
      vertex 2.24764 6 -5.5631
      vertex 1.82926 6 -3.13274
      vertex 2.63023 6 -5.39276
    endloop
  endfacet
  facet normal 0 1 0
    outer loop
      vertex -0.913039 6 -2.02478
      vertex -3.35516 6 -4.97423
      vertex -3.69397 6 -4.72806
    endloop
  endfacet
  facet normal 0 1 0
    outer loop
      vertex 1.82926 6 -3.13274
      vertex 2.24764 6 -5.5631
      vertex 1.60993 6 -3.14808
    endloop
  endfacet
  facet normal 0 1 0
    outer loop
      vertex -0.76592 6 -2.18817
      vertex -3 6 -5.19615
      vertex -3.35516 6 -4.97423
    endloop
  endfacet
  facet normal 0 1 -0
    outer loop
      vertex 1.8541 6 -5.70634
      vertex 1.60993 6 -3.14808
      vertex 2.24764 6 -5.5631
    endloop
  endfacet
  facet normal 0 1 0
    outer loop
      vertex -0.607761 6 -2.34091
      vertex -2.63023 6 -5.39276
      vertex -3 6 -5.19615
    endloop
  endfacet
  facet normal 0 1 0
    outer loop
      vertex 1.60993 6 -3.14808
      vertex 1.8541 6 -5.70634
      vertex 1.39007 6 -3.14808
    endloop
  endfacet
  facet normal 0 1 0
    outer loop
      vertex -0.439333 6 -2.48223
      vertex -2.24764 6 -5.5631
      vertex -2.63023 6 -5.39276
    endloop
  endfacet
  facet normal 0 1 -0
    outer loop
      vertex 1.45153 6 -5.82177
      vertex 1.39007 6 -3.14808
      vertex 1.8541 6 -5.70634
    endloop
  endfacet
  facet normal 0 1 0
    outer loop
      vertex -0.439333 6 -2.48223
      vertex -1.8541 6 -5.70634
      vertex -2.24764 6 -5.5631
    endloop
  endfacet
  facet normal 0 1 0
    outer loop
      vertex 1.17073 6 -3.13274
      vertex 1.45153 6 -5.82177
      vertex 1.04189 6 -5.90885
    endloop
  endfacet
  facet normal 0 1 0
    outer loop
      vertex -0.261457 6 -2.61147
      vertex -1.45153 6 -5.82177
      vertex -1.8541 6 -5.70634
    endloop
  endfacet
  facet normal 0 1 0
    outer loop
      vertex 0.953008 6 -3.10214
      vertex 1.04189 6 -5.90885
      vertex 0.627171 6 -5.96713
    endloop
  endfacet
  facet normal 0 1 0
    outer loop
      vertex -0.0749998 6 -2.72798
      vertex -1.04189 6 -5.90885
      vertex -1.45153 6 -5.82177
    endloop
  endfacet
  facet normal 0 1 0
    outer loop
      vertex 0.737946 6 -3.05643
      vertex 0.627171 6 -5.96713
      vertex 0.209396 6 -5.99634
    endloop
  endfacet
  facet normal 0 1 0
    outer loop
      vertex 0.11913 6 -2.8312
      vertex -0.627171 6 -5.96713
      vertex -1.04189 6 -5.90885
    endloop
  endfacet
  facet normal 0 1 0
    outer loop
      vertex 0.526596 6 -2.99583
      vertex 0.209396 6 -5.99634
      vertex -0.209396 6 -5.99634
    endloop
  endfacet
  facet normal 0 1 0
    outer loop
      vertex 0.319989 6 -2.92063
      vertex -0.209396 6 -5.99634
      vertex -0.627171 6 -5.96713
    endloop
  endfacet
  facet normal 0.898792 0 -0.438376
    outer loop
      vertex 5.48127 -6 -2.44042
      vertex 5.29768 6 -2.81683
      vertex 5.48127 6 -2.44042
    endloop
  endfacet
  facet normal 0.898792 0 -0.438376
    outer loop
      vertex 5.29768 6 -2.81683
      vertex 5.48127 -6 -2.44042
      vertex 5.29768 -6 -2.81683
    endloop
  endfacet
  facet normal 0.64278 0 -0.766051
    outer loop
      vertex 4.01478 -6 -4.45887
      vertex 3.9 -5 -4.55518
      vertex 4.01478 6 -4.45887
    endloop
  endfacet
  facet normal 0.642785 9.95972e-07 -0.766046
    outer loop
      vertex 3.69397 -6 -4.72806
      vertex 3.9 -5 -4.55518
      vertex 4.01478 -6 -4.45887
    endloop
  endfacet
  facet normal 0.642788 0 -0.766044
    outer loop
      vertex 3.9 -5 -4.55518
      vertex 3.69397 -6 -4.72806
      vertex 3.69397 -5 -4.72806
    endloop
  endfacet
  facet normal 0.64278 0 -0.766051
    outer loop
      vertex 3.9 5 -4.55518
      vertex 4.01478 6 -4.45887
      vertex 3.9 -5 -4.55518
    endloop
  endfacet
  facet normal 0.642788 0 -0.766044
    outer loop
      vertex 3.69397 6 -4.72806
      vertex 3.9 5 -4.55518
      vertex 3.69397 5 -4.72806
    endloop
  endfacet
  facet normal 0.642785 -9.95972e-07 -0.766046
    outer loop
      vertex 3.9 5 -4.55518
      vertex 3.69397 6 -4.72806
      vertex 4.01478 6 -4.45887
    endloop
  endfacet
  facet normal -0.984809 0 -0.173641
    outer loop
      vertex -5.86889 -6 -1.24747
      vertex -5.94161 6 -0.835038
      vertex -5.86889 6 -1.24747
    endloop
  endfacet
  facet normal -0.984809 -0 -0.173641
    outer loop
      vertex -5.94161 6 -0.835038
      vertex -5.86889 -6 -1.24747
      vertex -5.94161 -6 -0.835038
    endloop
  endfacet
  facet normal 0.984809 -0 0.173641
    outer loop
      vertex 5.86889 -6 1.24747
      vertex 5.94161 6 0.835038
      vertex 5.86889 6 1.24747
    endloop
  endfacet
  facet normal 0.984809 0 0.173641
    outer loop
      vertex 5.94161 6 0.835038
      vertex 5.86889 -6 1.24747
      vertex 5.94161 -6 0.835038
    endloop
  endfacet
  facet normal 0.99939 -0 0.0349098
    outer loop
      vertex 5.98538 -6 0.418538
      vertex 6 6 0
      vertex 5.98538 6 0.418538
    endloop
  endfacet
  facet normal 0.99939 0 0.0349098
    outer loop
      vertex 6 6 0
      vertex 5.98538 -6 0.418538
      vertex 6 -6 0
    endloop
  endfacet
  facet normal 0.714162 -0 0.69998
    outer loop
      vertex 1.79835 -6 6.73665
      vertex 4.31604 6 4.16795
      vertex 1.79835 6 6.73665
    endloop
  endfacet
  facet normal 0.714162 0 0.69998
    outer loop
      vertex 4.31604 6 4.16795
      vertex 1.79835 -6 6.73665
      vertex 4.31604 -6 4.16795
    endloop
  endfacet
  facet normal -0.469469 0 0.882949
    outer loop
      vertex -1.25 6 7.16506
      vertex -1.09593 -6 7.24698
      vertex -1.09593 6 7.24698
    endloop
  endfacet
  facet normal -0.469469 0 0.882949
    outer loop
      vertex -1.09593 -6 7.24698
      vertex -1.25 6 7.16506
      vertex -1.25 -6 7.16506
    endloop
  endfacet
  facet normal 0.139161 0 -0.99027
    outer loop
      vertex 0.627171 5 -5.96713
      vertex 1.04189 6 -5.90885
      vertex 1.04189 5 -5.90885
    endloop
  endfacet
  facet normal 0.139161 0 -0.99027
    outer loop
      vertex 1.04189 6 -5.90885
      vertex 0.627171 5 -5.96713
      vertex 0.627171 6 -5.96713
    endloop
  endfacet
  facet normal 0.139161 0 -0.99027
    outer loop
      vertex 0.627171 -6 -5.96713
      vertex 1.04189 -5 -5.90885
      vertex 1.04189 -6 -5.90885
    endloop
  endfacet
  facet normal 0.139161 0 -0.99027
    outer loop
      vertex 1.04189 -5 -5.90885
      vertex 0.627171 -6 -5.96713
      vertex 0.627171 -5 -5.96713
    endloop
  endfacet
  facet normal 0.866029 -0 0.499994
    outer loop
      vertex 5.08829 -6 3.17951
      vertex 5.29768 6 2.81683
      vertex 5.08829 6 3.17951
    endloop
  endfacet
  facet normal 0.866029 0 0.499994
    outer loop
      vertex 5.29768 6 2.81683
      vertex 5.08829 -6 3.17951
      vertex 5.29768 -6 2.81683
    endloop
  endfacet
  facet normal -0.951053 0 -0.309027
    outer loop
      vertex -5.63815 -6 -2.05212
      vertex -5.76757 6 -1.65382
      vertex -5.63815 6 -2.05212
    endloop
  endfacet
  facet normal -0.951053 -0 -0.309027
    outer loop
      vertex -5.76757 6 -1.65382
      vertex -5.63815 -6 -2.05212
      vertex -5.76757 -6 -1.65382
    endloop
  endfacet
  facet normal 0.788013 0 -0.615658
    outer loop
      vertex 4.8541 -6 -3.52671
      vertex 4.59627 6 -3.85672
      vertex 4.8541 6 -3.52671
    endloop
  endfacet
  facet normal 0.788013 0 -0.615658
    outer loop
      vertex 4.59627 6 -3.85672
      vertex 4.8541 -6 -3.52671
      vertex 4.59627 -6 -3.85672
    endloop
  endfacet
  facet normal 0.207931 0 -0.978144
    outer loop
      vertex 1.04189 5 -5.90885
      vertex 1.45153 6 -5.82177
      vertex 1.45153 5 -5.82177
    endloop
  endfacet
  facet normal 0.207931 0 -0.978144
    outer loop
      vertex 1.45153 6 -5.82177
      vertex 1.04189 5 -5.90885
      vertex 1.04189 6 -5.90885
    endloop
  endfacet
  facet normal 0.207931 0 -0.978144
    outer loop
      vertex 1.04189 -6 -5.90885
      vertex 1.45153 -5 -5.82177
      vertex 1.45153 -6 -5.82177
    endloop
  endfacet
  facet normal 0.207931 0 -0.978144
    outer loop
      vertex 1.45153 -5 -5.82177
      vertex 1.04189 -6 -5.90885
      vertex 1.04189 -5 -5.90885
    endloop
  endfacet
  facet normal 0.0697477 0 -0.997565
    outer loop
      vertex 0.209396 5 -5.99634
      vertex 0.627171 6 -5.96713
      vertex 0.627171 5 -5.96713
    endloop
  endfacet
  facet normal 0.0697477 0 -0.997565
    outer loop
      vertex 0.627171 6 -5.96713
      vertex 0.209396 5 -5.99634
      vertex 0.209396 6 -5.99634
    endloop
  endfacet
  facet normal 0.0697477 0 -0.997565
    outer loop
      vertex 0.209396 -6 -5.99634
      vertex 0.627171 -5 -5.96713
      vertex 0.627171 -6 -5.96713
    endloop
  endfacet
  facet normal 0.0697477 0 -0.997565
    outer loop
      vertex 0.627171 -5 -5.96713
      vertex 0.209396 -6 -5.99634
      vertex 0.209396 -5 -5.99634
    endloop
  endfacet
  facet normal 0.970293 -0 0.241934
    outer loop
      vertex 5.76757 -6 1.65382
      vertex 5.86889 6 1.24747
      vertex 5.76757 6 1.65382
    endloop
  endfacet
  facet normal 0.970293 0 0.241934
    outer loop
      vertex 5.86889 6 1.24747
      vertex 5.76757 -6 1.65382
      vertex 5.86889 -6 1.24747
    endloop
  endfacet
  facet normal -0.469471 0 -0.882948
    outer loop
      vertex -3 5 -5.19615
      vertex -2.63023 6 -5.39276
      vertex -2.63023 5 -5.39276
    endloop
  endfacet
  facet normal -0.469471 0 -0.882948
    outer loop
      vertex -2.63023 6 -5.39276
      vertex -3 5 -5.19615
      vertex -3 6 -5.19615
    endloop
  endfacet
  facet normal -0.469471 0 -0.882948
    outer loop
      vertex -3 -6 -5.19615
      vertex -2.63023 -5 -5.39276
      vertex -2.63023 -6 -5.39276
    endloop
  endfacet
  facet normal -0.469471 0 -0.882948
    outer loop
      vertex -2.63023 -5 -5.39276
      vertex -3 -6 -5.19615
      vertex -3 -5 -5.19615
    endloop
  endfacet
  facet normal -0.587763 0 0.809033
    outer loop
      vertex -1.53915 6 6.97003
      vertex -1.39798 -6 7.07259
      vertex -1.39798 6 7.07259
    endloop
  endfacet
  facet normal -0.587763 0 0.809033
    outer loop
      vertex -1.39798 -6 7.07259
      vertex -1.53915 6 6.97003
      vertex -1.53915 -6 6.97003
    endloop
  endfacet
  facet normal 0.951053 -0 0.309027
    outer loop
      vertex 5.63815 -6 2.05212
      vertex 5.76757 6 1.65382
      vertex 5.63815 6 2.05212
    endloop
  endfacet
  facet normal 0.951053 0 0.309027
    outer loop
      vertex 5.76757 6 1.65382
      vertex 5.63815 -6 2.05212
      vertex 5.76757 -6 1.65382
    endloop
  endfacet
  facet normal -0.970293 0 -0.241934
    outer loop
      vertex -5.76757 -6 -1.65382
      vertex -5.86889 6 -1.24747
      vertex -5.76757 6 -1.65382
    endloop
  endfacet
  facet normal -0.970293 -0 -0.241934
    outer loop
      vertex -5.86889 6 -1.24747
      vertex -5.76757 -6 -1.65382
      vertex -5.86889 -6 -1.24747
    endloop
  endfacet
  facet normal 0.898792 -0 0.438376
    outer loop
      vertex 5.29768 -6 2.81683
      vertex 5.48127 6 2.44042
      vertex 5.29768 6 2.81683
    endloop
  endfacet
  facet normal 0.898792 0 0.438376
    outer loop
      vertex 5.48127 6 2.44042
      vertex 5.29768 -6 2.81683
      vertex 5.48127 -6 2.44042
    endloop
  endfacet
  facet normal 0.406737 0 -0.913545
    outer loop
      vertex 2.24764 5 -5.5631
      vertex 2.63023 6 -5.39276
      vertex 2.63023 5 -5.39276
    endloop
  endfacet
  facet normal 0.406737 0 -0.913545
    outer loop
      vertex 2.63023 6 -5.39276
      vertex 2.24764 5 -5.5631
      vertex 2.24764 6 -5.5631
    endloop
  endfacet
  facet normal 0.406737 0 -0.913545
    outer loop
      vertex 2.24764 -6 -5.5631
      vertex 2.63023 -5 -5.39276
      vertex 2.63023 -6 -5.39276
    endloop
  endfacet
  facet normal 0.406737 0 -0.913545
    outer loop
      vertex 2.63023 -5 -5.39276
      vertex 2.24764 -6 -5.5631
      vertex 2.24764 -5 -5.5631
    endloop
  endfacet
  facet normal -0.642785 0 0.766047
    outer loop
      vertex -1.67283 6 6.85786
      vertex -1.53915 -6 6.97003
      vertex -1.53915 6 6.97003
    endloop
  endfacet
  facet normal -0.642785 0 0.766047
    outer loop
      vertex -1.53915 -6 6.97003
      vertex -1.67283 6 6.85786
      vertex -1.67283 -6 6.85786
    endloop
  endfacet
  facet normal -0.99939 0 -0.0349098
    outer loop
      vertex -5.98538 -6 -0.418538
      vertex -6 6 0
      vertex -5.98538 6 -0.418538
    endloop
  endfacet
  facet normal -0.99939 -0 -0.0349098
    outer loop
      vertex -6 6 0
      vertex -5.98538 -6 -0.418538
      vertex -6 -6 0
    endloop
  endfacet
  facet normal -0.99939 0 0.0349098
    outer loop
      vertex -6 -6 0
      vertex -5.98538 6 0.418538
      vertex -6 6 0
    endloop
  endfacet
  facet normal -0.99939 0 0.0349098
    outer loop
      vertex -5.98538 6 0.418538
      vertex -6 -6 0
      vertex -5.98538 -6 0.418538
    endloop
  endfacet
  facet normal -0.694654 0 -0.719344
    outer loop
      vertex -4.31604 -6 -4.16795
      vertex -4.01478 6 -4.45887
      vertex -4.01478 -6 -4.45887
    endloop
  endfacet
  facet normal -0.694654 0 -0.719344
    outer loop
      vertex -4.01478 6 -4.45887
      vertex -4.31604 -6 -4.16795
      vertex -4.31604 6 -4.16795
    endloop
  endfacet
  facet normal 0.970293 0 -0.241934
    outer loop
      vertex 5.86889 -6 -1.24747
      vertex 5.76757 6 -1.65382
      vertex 5.86889 6 -1.24747
    endloop
  endfacet
  facet normal 0.970293 0 -0.241934
    outer loop
      vertex 5.76757 6 -1.65382
      vertex 5.86889 -6 -1.24747
      vertex 5.76757 -6 -1.65382
    endloop
  endfacet
  facet normal 0.529904 0 -0.848057
    outer loop
      vertex 3 5 -5.19615
      vertex 3.35516 6 -4.97423
      vertex 3.35516 5 -4.97423
    endloop
  endfacet
  facet normal 0.529904 0 -0.848057
    outer loop
      vertex 3.35516 6 -4.97423
      vertex 3 5 -5.19615
      vertex 3 6 -5.19615
    endloop
  endfacet
  facet normal 0.529904 0 -0.848057
    outer loop
      vertex 3 -6 -5.19615
      vertex 3.35516 -5 -4.97423
      vertex 3.35516 -6 -4.97423
    endloop
  endfacet
  facet normal 0.529904 0 -0.848057
    outer loop
      vertex 3.35516 -5 -4.97423
      vertex 3 -6 -5.19615
      vertex 3 -5 -5.19615
    endloop
  endfacet
  facet normal -0.139143 0 0.990272
    outer loop
      vertex -0.43412 6 7.46202
      vertex -0.261321 -6 7.4863
      vertex -0.261321 6 7.4863
    endloop
  endfacet
  facet normal -0.139143 0 0.990272
    outer loop
      vertex -0.261321 -6 7.4863
      vertex -0.43412 6 7.46202
      vertex -0.43412 -6 7.46202
    endloop
  endfacet
  facet normal -0.714162 0 0.69998
    outer loop
      vertex -4.31604 -6 4.16795
      vertex -1.79835 6 6.73665
      vertex -4.31604 6 4.16795
    endloop
  endfacet
  facet normal -0.714162 0 0.69998
    outer loop
      vertex -1.79835 6 6.73665
      vertex -4.31604 -6 4.16795
      vertex -1.79835 -6 6.73665
    endloop
  endfacet
  facet normal -0.829037 0 0.559194
    outer loop
      vertex -5.08829 -6 3.17951
      vertex -4.8541 6 3.52671
      vertex -5.08829 6 3.17951
    endloop
  endfacet
  facet normal -0.829037 0 0.559194
    outer loop
      vertex -4.8541 6 3.52671
      vertex -5.08829 -6 3.17951
      vertex -4.8541 -6 3.52671
    endloop
  endfacet
  facet normal -0.927187 0 -0.3746
    outer loop
      vertex -5.48127 -6 -2.44042
      vertex -5.63815 6 -2.05212
      vertex -5.48127 6 -2.44042
    endloop
  endfacet
  facet normal -0.927187 -0 -0.3746
    outer loop
      vertex -5.63815 6 -2.05212
      vertex -5.48127 -6 -2.44042
      vertex -5.63815 -6 -2.05212
    endloop
  endfacet
  facet normal -0 0 1
    outer loop
      vertex -0.0872478 6 7.49848
      vertex 0.0872478 -6 7.49848
      vertex 0.0872478 6 7.49848
    endloop
  endfacet
  facet normal 0 0 1
    outer loop
      vertex 0.0872478 -6 7.49848
      vertex -0.0872478 6 7.49848
      vertex -0.0872478 -6 7.49848
    endloop
  endfacet
  facet normal 0.866029 0 -0.499994
    outer loop
      vertex 5.29768 -6 -2.81683
      vertex 5.08829 6 -3.17951
      vertex 5.29768 6 -2.81683
    endloop
  endfacet
  facet normal 0.866029 0 -0.499994
    outer loop
      vertex 5.08829 6 -3.17951
      vertex 5.29768 -6 -2.81683
      vertex 5.08829 -6 -3.17951
    endloop
  endfacet
  facet normal 0.829037 0 -0.559194
    outer loop
      vertex 5.08829 -6 -3.17951
      vertex 4.8541 6 -3.52671
      vertex 5.08829 6 -3.17951
    endloop
  endfacet
  facet normal 0.829037 0 -0.559194
    outer loop
      vertex 4.8541 6 -3.52671
      vertex 5.08829 -6 -3.17951
      vertex 4.8541 -6 -3.52671
    endloop
  endfacet
  facet normal 0.99939 0 -0.0349098
    outer loop
      vertex 6 -6 0
      vertex 5.98538 6 -0.418538
      vertex 6 6 0
    endloop
  endfacet
  facet normal 0.99939 0 -0.0349098
    outer loop
      vertex 5.98538 6 -0.418538
      vertex 6 -6 0
      vertex 5.98538 -6 -0.418538
    endloop
  endfacet
  facet normal -0.829037 0 -0.559194
    outer loop
      vertex -4.8541 -6 -3.52671
      vertex -5.08829 6 -3.17951
      vertex -4.8541 6 -3.52671
    endloop
  endfacet
  facet normal -0.829037 -0 -0.559194
    outer loop
      vertex -5.08829 6 -3.17951
      vertex -4.8541 -6 -3.52671
      vertex -5.08829 -6 -3.17951
    endloop
  endfacet
  facet normal -0.951053 0 0.309027
    outer loop
      vertex -5.76757 -6 1.65382
      vertex -5.63815 6 2.05212
      vertex -5.76757 6 1.65382
    endloop
  endfacet
  facet normal -0.951053 0 0.309027
    outer loop
      vertex -5.63815 6 2.05212
      vertex -5.76757 -6 1.65382
      vertex -5.63815 -6 2.05212
    endloop
  endfacet
  facet normal -0.970293 0 0.241934
    outer loop
      vertex -5.86889 -6 1.24747
      vertex -5.76757 6 1.65382
      vertex -5.86889 6 1.24747
    endloop
  endfacet
  facet normal -0.970293 0 0.241934
    outer loop
      vertex -5.76757 6 1.65382
      vertex -5.86889 -6 1.24747
      vertex -5.76757 -6 1.65382
    endloop
  endfacet
  facet normal -0.207912 0 0.978148
    outer loop
      vertex -0.604804 6 7.42574
      vertex -0.43412 -6 7.46202
      vertex -0.43412 6 7.46202
    endloop
  endfacet
  facet normal -0.207912 0 0.978148
    outer loop
      vertex -0.43412 -6 7.46202
      vertex -0.604804 6 7.42574
      vertex -0.604804 -6 7.42574
    endloop
  endfacet
  facet normal -0.743148 0 -0.669127
    outer loop
      vertex -4.31604 -6 -4.16795
      vertex -4.59627 6 -3.85672
      vertex -4.31604 6 -4.16795
    endloop
  endfacet
  facet normal -0.743148 -0 -0.669127
    outer loop
      vertex -4.59627 6 -3.85672
      vertex -4.31604 -6 -4.16795
      vertex -4.59627 -6 -3.85672
    endloop
  endfacet
  facet normal 0.927187 0 -0.3746
    outer loop
      vertex 5.63815 -6 -2.05212
      vertex 5.48127 6 -2.44042
      vertex 5.63815 6 -2.05212
    endloop
  endfacet
  facet normal 0.927187 0 -0.3746
    outer loop
      vertex 5.48127 6 -2.44042
      vertex 5.63815 -6 -2.05212
      vertex 5.48127 -6 -2.44042
    endloop
  endfacet
  facet normal -0.275626 0 -0.961265
    outer loop
      vertex -1.8541 5 -5.70634
      vertex -1.45153 6 -5.82177
      vertex -1.45153 5 -5.82177
    endloop
  endfacet
  facet normal -0.275626 0 -0.961265
    outer loop
      vertex -1.45153 6 -5.82177
      vertex -1.8541 5 -5.70634
      vertex -1.8541 6 -5.70634
    endloop
  endfacet
  facet normal -0.275626 0 -0.961265
    outer loop
      vertex -1.8541 -6 -5.70634
      vertex -1.45153 -5 -5.82177
      vertex -1.45153 -6 -5.82177
    endloop
  endfacet
  facet normal -0.275626 0 -0.961265
    outer loop
      vertex -1.45153 -5 -5.82177
      vertex -1.8541 -6 -5.70634
      vertex -1.8541 -5 -5.70634
    endloop
  endfacet
  facet normal -0.866029 0 0.499994
    outer loop
      vertex -5.29768 -6 2.81683
      vertex -5.08829 6 3.17951
      vertex -5.29768 6 2.81683
    endloop
  endfacet
  facet normal -0.866029 0 0.499994
    outer loop
      vertex -5.08829 6 3.17951
      vertex -5.29768 -6 2.81683
      vertex -5.08829 -6 3.17951
    endloop
  endfacet
  facet normal 0.342012 0 0.939696
    outer loop
      vertex 0.772542 6 7.37764
      vertex 0.936516 -6 7.31796
      vertex 0.936516 6 7.31796
    endloop
  endfacet
  facet normal 0.342012 0 0.939696
    outer loop
      vertex 0.936516 -6 7.31796
      vertex 0.772542 6 7.37764
      vertex 0.772542 -6 7.37764
    endloop
  endfacet
  facet normal 0.743148 -0 0.669127
    outer loop
      vertex 4.31604 -6 4.16795
      vertex 4.59627 6 3.85672
      vertex 4.31604 6 4.16795
    endloop
  endfacet
  facet normal 0.743148 0 0.669127
    outer loop
      vertex 4.59627 6 3.85672
      vertex 4.31604 -6 4.16795
      vertex 4.59627 -6 3.85672
    endloop
  endfacet
  facet normal -0.898792 0 0.438376
    outer loop
      vertex -5.48127 -6 2.44042
      vertex -5.29768 6 2.81683
      vertex -5.48127 6 2.44042
    endloop
  endfacet
  facet normal -0.898792 0 0.438376
    outer loop
      vertex -5.29768 6 2.81683
      vertex -5.48127 -6 2.44042
      vertex -5.29768 -6 2.81683
    endloop
  endfacet
  facet normal -0.342012 0 0.939696
    outer loop
      vertex -0.936516 6 7.31796
      vertex -0.772542 -6 7.37764
      vertex -0.772542 6 7.37764
    endloop
  endfacet
  facet normal -0.342012 0 0.939696
    outer loop
      vertex -0.772542 -6 7.37764
      vertex -0.936516 6 7.31796
      vertex -0.936516 -6 7.31796
    endloop
  endfacet
  facet normal -0.207931 0 -0.978144
    outer loop
      vertex -1.45153 5 -5.82177
      vertex -1.04189 6 -5.90885
      vertex -1.04189 5 -5.90885
    endloop
  endfacet
  facet normal -0.207931 0 -0.978144
    outer loop
      vertex -1.04189 6 -5.90885
      vertex -1.45153 5 -5.82177
      vertex -1.45153 6 -5.82177
    endloop
  endfacet
  facet normal -0.207931 0 -0.978144
    outer loop
      vertex -1.45153 -6 -5.82177
      vertex -1.04189 -5 -5.90885
      vertex -1.04189 -6 -5.90885
    endloop
  endfacet
  facet normal -0.207931 0 -0.978144
    outer loop
      vertex -1.04189 -5 -5.90885
      vertex -1.45153 -6 -5.82177
      vertex -1.45153 -5 -5.82177
    endloop
  endfacet
  facet normal 0.0697999 0 0.997561
    outer loop
      vertex 0.0872478 6 7.49848
      vertex 0.261321 -6 7.4863
      vertex 0.261321 6 7.4863
    endloop
  endfacet
  facet normal 0.0697999 0 0.997561
    outer loop
      vertex 0.261321 -6 7.4863
      vertex 0.0872478 6 7.49848
      vertex 0.0872478 -6 7.49848
    endloop
  endfacet
  facet normal 0.829037 -0 0.559194
    outer loop
      vertex 4.8541 -6 3.52671
      vertex 5.08829 6 3.17951
      vertex 4.8541 6 3.52671
    endloop
  endfacet
  facet normal 0.829037 0 0.559194
    outer loop
      vertex 5.08829 6 3.17951
      vertex 4.8541 -6 3.52671
      vertex 5.08829 -6 3.17951
    endloop
  endfacet
  facet normal 0.927187 -0 0.3746
    outer loop
      vertex 5.48127 -6 2.44042
      vertex 5.63815 6 2.05212
      vertex 5.48127 6 2.44042
    endloop
  endfacet
  facet normal 0.927187 0 0.3746
    outer loop
      vertex 5.63815 6 2.05212
      vertex 5.48127 -6 2.44042
      vertex 5.63815 -6 2.05212
    endloop
  endfacet
  facet normal 0.139143 0 0.990272
    outer loop
      vertex 0.261321 6 7.4863
      vertex 0.43412 -6 7.46202
      vertex 0.43412 6 7.46202
    endloop
  endfacet
  facet normal 0.139143 0 0.990272
    outer loop
      vertex 0.43412 -6 7.46202
      vertex 0.261321 6 7.4863
      vertex 0.261321 -6 7.4863
    endloop
  endfacet
  facet normal 0.642785 0 0.766047
    outer loop
      vertex 1.53915 6 6.97003
      vertex 1.67283 -6 6.85786
      vertex 1.67283 6 6.85786
    endloop
  endfacet
  facet normal 0.642785 0 0.766047
    outer loop
      vertex 1.67283 -6 6.85786
      vertex 1.53915 6 6.97003
      vertex 1.53915 -6 6.97003
    endloop
  endfacet
  facet normal -0.406757 0 0.913536
    outer loop
      vertex -1.09593 6 7.24698
      vertex -0.936516 -6 7.31796
      vertex -0.936516 6 7.31796
    endloop
  endfacet
  facet normal -0.406757 0 0.913536
    outer loop
      vertex -0.936516 -6 7.31796
      vertex -1.09593 6 7.24698
      vertex -1.09593 -6 7.24698
    endloop
  endfacet
  facet normal -0.788013 0 0.615658
    outer loop
      vertex -4.8541 -6 3.52671
      vertex -4.59627 6 3.85672
      vertex -4.8541 6 3.52671
    endloop
  endfacet
  facet normal -0.788013 0 0.615658
    outer loop
      vertex -4.59627 6 3.85672
      vertex -4.8541 -6 3.52671
      vertex -4.59627 -6 3.85672
    endloop
  endfacet
  facet normal 0.207912 0 0.978148
    outer loop
      vertex 0.43412 6 7.46202
      vertex 0.604804 -6 7.42574
      vertex 0.604804 6 7.42574
    endloop
  endfacet
  facet normal 0.207912 0 0.978148
    outer loop
      vertex 0.604804 -6 7.42574
      vertex 0.43412 6 7.46202
      vertex 0.43412 -6 7.46202
    endloop
  endfacet
  facet normal -0.984809 0 0.173641
    outer loop
      vertex -5.94161 -6 0.835038
      vertex -5.86889 6 1.24747
      vertex -5.94161 6 0.835038
    endloop
  endfacet
  facet normal -0.984809 0 0.173641
    outer loop
      vertex -5.86889 6 1.24747
      vertex -5.94161 -6 0.835038
      vertex -5.86889 -6 1.24747
    endloop
  endfacet
  facet normal -0.898792 0 -0.438376
    outer loop
      vertex -5.29768 -6 -2.81683
      vertex -5.48127 6 -2.44042
      vertex -5.29768 6 -2.81683
    endloop
  endfacet
  facet normal -0.898792 -0 -0.438376
    outer loop
      vertex -5.48127 6 -2.44042
      vertex -5.29768 -6 -2.81683
      vertex -5.48127 -6 -2.44042
    endloop
  endfacet
  facet normal -0.866029 0 -0.499994
    outer loop
      vertex -5.08829 -6 -3.17951
      vertex -5.29768 6 -2.81683
      vertex -5.08829 6 -3.17951
    endloop
  endfacet
  facet normal -0.866029 -0 -0.499994
    outer loop
      vertex -5.29768 6 -2.81683
      vertex -5.08829 -6 -3.17951
      vertex -5.29768 -6 -2.81683
    endloop
  endfacet
  facet normal -0.999391 0 -0.0348988
    outer loop
      vertex 3.9 -4.99 0
      vertex 3.8905 4.99 0.27205
      vertex 3.9 4.99 0
    endloop
  endfacet
  facet normal -0.999391 -0 -0.0348988
    outer loop
      vertex 3.8905 4.99 0.27205
      vertex 3.9 -4.99 0
      vertex 3.8905 -4.99 0.27205
    endloop
  endfacet
  facet normal -0.994524 0 -0.104513
    outer loop
      vertex 3.8905 -4.99 0.27205
      vertex 3.86205 4.99 0.542774
      vertex 3.8905 4.99 0.27205
    endloop
  endfacet
  facet normal -0.994524 -0 -0.104513
    outer loop
      vertex 3.86205 4.99 0.542774
      vertex 3.8905 -4.99 0.27205
      vertex 3.86205 -4.99 0.542774
    endloop
  endfacet
  facet normal -1 0 0
    outer loop
      vertex 3.9 5 -4.55518
      vertex 3.9 4.99 -2.03926
      vertex 3.9 5 -2.03926
    endloop
  endfacet
  facet normal -1 0 0
    outer loop
      vertex 3.9 4.99 -2.03926
      vertex 3.9 -4.99 -2.03926
      vertex 3.9 4.99 0
    endloop
  endfacet
  facet normal -1 0 0
    outer loop
      vertex 3.9 5 -4.55518
      vertex 3.9 -4.99 -2.03926
      vertex 3.9 4.99 -2.03926
    endloop
  endfacet
  facet normal -1 0 0
    outer loop
      vertex 3.9 -5 -4.55518
      vertex 3.9 -4.99 -2.03926
      vertex 3.9 5 -4.55518
    endloop
  endfacet
  facet normal -1 -0 0
    outer loop
      vertex 3.9 -4.99 -2.03926
      vertex 3.9 -5 -4.55518
      vertex 3.9 -5 -2.03926
    endloop
  endfacet
  facet normal -1 -0 0
    outer loop
      vertex 3.9 4.99 0
      vertex 3.9 -4.99 -2.03926
      vertex 3.9 -4.99 0
    endloop
  endfacet
  facet normal 0.642793 0 -0.76604
    outer loop
      vertex -2.60961 -5 2.89826
      vertex -2.40108 5 3.07324
      vertex -2.40108 -5 3.07324
    endloop
  endfacet
  facet normal 0.642793 0 -0.76604
    outer loop
      vertex -2.40108 5 3.07324
      vertex -2.60961 -5 2.89826
      vertex -2.60961 5 2.89826
    endloop
  endfacet
  facet normal 0.999391 0 -0.0348988
    outer loop
      vertex -3.8905 -5 0.27205
      vertex -3.9 5 0
      vertex -3.8905 5 0.27205
    endloop
  endfacet
  facet normal 0.999391 0 -0.0348988
    outer loop
      vertex -3.9 5 0
      vertex -3.8905 -5 0.27205
      vertex -3.9 -5 0
    endloop
  endfacet
  facet normal 1 -0 0
    outer loop
      vertex -3.9 -5 0
      vertex -3.9 5 -4.55518
      vertex -3.9 5 0
    endloop
  endfacet
  facet normal 1 0 0
    outer loop
      vertex -3.9 5 -4.55518
      vertex -3.9 -5 0
      vertex -3.9 -5 -4.55518
    endloop
  endfacet
  facet normal -0.587794 0 -0.809011
    outer loop
      vertex 2.18085 -5 3.23325
      vertex 2.40108 5 3.07324
      vertex 2.40108 -5 3.07324
    endloop
  endfacet
  facet normal -0.587794 0 -0.809011
    outer loop
      vertex 2.40108 5 3.07324
      vertex 2.18085 -5 3.23325
      vertex 2.18085 5 3.23325
    endloop
  endfacet
  facet normal 0.694655 0 -0.719343
    outer loop
      vertex -2.80542 -5 2.70917
      vertex -2.60961 5 2.89826
      vertex -2.60961 -5 2.89826
    endloop
  endfacet
  facet normal 0.694655 0 -0.719343
    outer loop
      vertex -2.60961 5 2.89826
      vertex -2.80542 -5 2.70917
      vertex -2.80542 5 2.70917
    endloop
  endfacet
  facet normal 0.829043 0 -0.559185
    outer loop
      vertex -3.15517 -5 2.29236
      vertex -3.30739 5 2.06668
      vertex -3.15517 5 2.29236
    endloop
  endfacet
  facet normal 0.829043 0 -0.559185
    outer loop
      vertex -3.30739 5 2.06668
      vertex -3.15517 -5 2.29236
      vertex -3.30739 -5 2.06668
    endloop
  endfacet
  facet normal -0.787999 0 -0.615676
    outer loop
      vertex 3.15517 -4.99 2.29236
      vertex 2.98757 4.99 2.50687
      vertex 3.15517 4.99 2.29236
    endloop
  endfacet
  facet normal -0.787999 -0 -0.615676
    outer loop
      vertex 2.98757 4.99 2.50687
      vertex 3.15517 -4.99 2.29236
      vertex 2.98757 -4.99 2.50687
    endloop
  endfacet
  facet normal -0.927187 0 -0.3746
    outer loop
      vertex 3.6648 -4.99 1.33388
      vertex 3.56283 4.99 1.58627
      vertex 3.6648 4.99 1.33388
    endloop
  endfacet
  facet normal -0.927187 -0 -0.3746
    outer loop
      vertex 3.56283 4.99 1.58627
      vertex 3.6648 -4.99 1.33388
      vertex 3.56283 -4.99 1.58627
    endloop
  endfacet
  facet normal 0.994524 0 -0.104513
    outer loop
      vertex -3.86205 -5 0.542774
      vertex -3.8905 5 0.27205
      vertex -3.86205 5 0.542774
    endloop
  endfacet
  facet normal 0.994524 0 -0.104513
    outer loop
      vertex -3.8905 5 0.27205
      vertex -3.86205 -5 0.542774
      vertex -3.8905 -5 0.27205
    endloop
  endfacet
  facet normal 0.743148 0 -0.669127
    outer loop
      vertex -2.80542 -5 2.70917
      vertex -2.98757 5 2.50687
      vertex -2.80542 5 2.70917
    endloop
  endfacet
  facet normal 0.743148 0 -0.669127
    outer loop
      vertex -2.98757 5 2.50687
      vertex -2.80542 -5 2.70917
      vertex -2.98757 -5 2.50687
    endloop
  endfacet
  facet normal 0.787999 0 -0.615676
    outer loop
      vertex -2.98757 -5 2.50687
      vertex -3.15517 5 2.29236
      vertex -2.98757 5 2.50687
    endloop
  endfacet
  facet normal 0.787999 0 -0.615676
    outer loop
      vertex -3.15517 5 2.29236
      vertex -2.98757 -5 2.50687
      vertex -3.15517 -5 2.29236
    endloop
  endfacet
  facet normal 0.469454 0 -0.882957
    outer loop
      vertex -1.95 -5 3.3775
      vertex -1.73506 5 3.49178
      vertex -1.73506 -5 3.49178
    endloop
  endfacet
  facet normal 0.469454 0 -0.882957
    outer loop
      vertex -1.73506 5 3.49178
      vertex -1.95 -5 3.3775
      vertex -1.95 5 3.3775
    endloop
  endfacet
  facet normal -0.984808 0 -0.173648
    outer loop
      vertex 3.86205 -4.99 0.542774
      vertex 3.81478 4.99 0.810855
      vertex 3.86205 4.99 0.542774
    endloop
  endfacet
  facet normal -0.984808 -0 -0.173648
    outer loop
      vertex 3.81478 4.99 0.810855
      vertex 3.86205 -4.99 0.542774
      vertex 3.81478 -4.99 0.810855
    endloop
  endfacet
  facet normal -0.743148 0 -0.669127
    outer loop
      vertex 2.98757 -4.99 2.50687
      vertex 2.80542 4.99 2.70917
      vertex 2.98757 4.99 2.50687
    endloop
  endfacet
  facet normal -0.743148 -0 -0.669127
    outer loop
      vertex 2.80542 4.99 2.70917
      vertex 2.98757 -4.99 2.50687
      vertex 2.80542 -4.99 2.70917
    endloop
  endfacet
  facet normal 0.927187 0 -0.3746
    outer loop
      vertex -3.56283 -5 1.58627
      vertex -3.6648 5 1.33388
      vertex -3.56283 5 1.58627
    endloop
  endfacet
  facet normal 0.927187 0 -0.3746
    outer loop
      vertex -3.6648 5 1.33388
      vertex -3.56283 -5 1.58627
      vertex -3.6648 -5 1.33388
    endloop
  endfacet
  facet normal -0.694655 0 -0.719343
    outer loop
      vertex 2.60961 -4.99 2.89826
      vertex 2.80542 4.99 2.70917
      vertex 2.80542 -4.99 2.70917
    endloop
  endfacet
  facet normal -0.694655 0 -0.719343
    outer loop
      vertex 2.80542 4.99 2.70917
      vertex 2.60961 -4.99 2.89826
      vertex 2.60961 4.99 2.89826
    endloop
  endfacet
  facet normal -0.642794 0 -0.766039
    outer loop
      vertex 2.40108 -5 3.07324
      vertex 2.50861 -4.99 2.98301
      vertex 2.50861 -5 2.98301
    endloop
  endfacet
  facet normal -0.642794 0 -0.766039
    outer loop
      vertex 2.50861 -4.99 2.98301
      vertex 2.40108 -5 3.07324
      vertex 2.50861 4.99 2.98301
    endloop
  endfacet
  facet normal -0.642794 -0 -0.766039
    outer loop
      vertex 2.40108 5 3.07324
      vertex 2.50861 4.99 2.98301
      vertex 2.40108 -5 3.07324
    endloop
  endfacet
  facet normal -0.642794 0 -0.766039
    outer loop
      vertex 2.50861 4.99 2.98301
      vertex 2.40108 5 3.07324
      vertex 2.50861 5 2.98301
    endloop
  endfacet
  facet normal -0.642792 0 -0.766041
    outer loop
      vertex 2.50861 -4.99 2.98301
      vertex 2.60961 4.99 2.89826
      vertex 2.60961 -4.99 2.89826
    endloop
  endfacet
  facet normal -0.642792 0 -0.766041
    outer loop
      vertex 2.60961 4.99 2.89826
      vertex 2.50861 -4.99 2.98301
      vertex 2.50861 4.99 2.98301
    endloop
  endfacet
  facet normal -0.866033 0 -0.499987
    outer loop
      vertex 3.44349 -4.99 1.83094
      vertex 3.30739 4.99 2.06668
      vertex 3.44349 4.99 1.83094
    endloop
  endfacet
  facet normal -0.866033 -0 -0.499987
    outer loop
      vertex 3.30739 4.99 2.06668
      vertex 3.44349 -4.99 1.83094
      vertex 3.30739 -4.99 2.06668
    endloop
  endfacet
  facet normal 0.970292 0 -0.241935
    outer loop
      vertex -3.74892 -5 1.07499
      vertex -3.81478 5 0.810855
      vertex -3.74892 5 1.07499
    endloop
  endfacet
  facet normal 0.970292 0 -0.241935
    outer loop
      vertex -3.81478 5 0.810855
      vertex -3.74892 -5 1.07499
      vertex -3.81478 -5 0.810855
    endloop
  endfacet
  facet normal -0.529916 0 -0.84805
    outer loop
      vertex 1.95 -5 3.3775
      vertex 2.18085 5 3.23325
      vertex 2.18085 -5 3.23325
    endloop
  endfacet
  facet normal -0.529916 0 -0.84805
    outer loop
      vertex 2.18085 5 3.23325
      vertex 1.95 -5 3.3775
      vertex 1.95 5 3.3775
    endloop
  endfacet
  facet normal 0.898785 0 -0.43839
    outer loop
      vertex -3.44349 -5 1.83094
      vertex -3.56283 5 1.58627
      vertex -3.44349 5 1.83094
    endloop
  endfacet
  facet normal 0.898785 0 -0.43839
    outer loop
      vertex -3.56283 5 1.58627
      vertex -3.44349 -5 1.83094
      vertex -3.56283 -5 1.58627
    endloop
  endfacet
  facet normal -0.469454 0 -0.882957
    outer loop
      vertex 1.73506 -5 3.49178
      vertex 1.95 5 3.3775
      vertex 1.95 -5 3.3775
    endloop
  endfacet
  facet normal -0.469454 0 -0.882957
    outer loop
      vertex 1.95 5 3.3775
      vertex 1.73506 -5 3.49178
      vertex 1.73506 5 3.49178
    endloop
  endfacet
  facet normal 0 1 0
    outer loop
      vertex 2.26205 -5 -3.05643
      vertex 3 -5 -5.19615
      vertex 2.04699 -5 -3.10214
    endloop
  endfacet
  facet normal 0 1 -0
    outer loop
      vertex 3 -5 -5.19615
      vertex 2.26205 -5 -3.05643
      vertex 3.35516 -5 -4.97423
    endloop
  endfacet
  facet normal 0 1 0
    outer loop
      vertex 2.4734 -5 -2.99583
      vertex 3.35516 -5 -4.97423
      vertex 2.26205 -5 -3.05643
    endloop
  endfacet
  facet normal 0 1 -0
    outer loop
      vertex 3.35516 -5 -4.97423
      vertex 2.4734 -5 -2.99583
      vertex 3.69397 -5 -4.72806
    endloop
  endfacet
  facet normal 0 1 0
    outer loop
      vertex 2.68001 -5 -2.92063
      vertex 3.69397 -5 -4.72806
      vertex 2.4734 -5 -2.99583
    endloop
  endfacet
  facet normal 0 1 -0
    outer loop
      vertex 3.69397 -5 -4.72806
      vertex 2.68001 -5 -2.92063
      vertex 3.9 -5 -4.55518
    endloop
  endfacet
  facet normal 0 1 0
    outer loop
      vertex 2.88087 -5 -2.8312
      vertex 3.9 -5 -4.55518
      vertex 2.68001 -5 -2.92063
    endloop
  endfacet
  facet normal 0 1 0
    outer loop
      vertex 3.075 -5 -2.72798
      vertex 3.9 -5 -4.55518
      vertex 2.88087 -5 -2.8312
    endloop
  endfacet
  facet normal 0 1 0
    outer loop
      vertex 3.26146 -5 -2.61147
      vertex 3.9 -5 -4.55518
      vertex 3.075 -5 -2.72798
    endloop
  endfacet
  facet normal 0 1 0
    outer loop
      vertex 3.43933 -5 -2.48223
      vertex 3.9 -5 -4.55518
      vertex 3.26146 -5 -2.61147
    endloop
  endfacet
  facet normal 0 1 0
    outer loop
      vertex 3.60776 -5 -2.34091
      vertex 3.9 -5 -4.55518
      vertex 3.43933 -5 -2.48223
    endloop
  endfacet
  facet normal 0 1 0
    outer loop
      vertex 3.76592 -5 -2.18817
      vertex 3.9 -5 -4.55518
      vertex 3.60776 -5 -2.34091
    endloop
  endfacet
  facet normal 0 1 -0
    outer loop
      vertex 3.9 -5 -4.55518
      vertex 3.76592 -5 -2.18817
      vertex 3.9 -5 -2.03926
    endloop
  endfacet
  facet normal 0 1 0
    outer loop
      vertex -1.65448 -5 3.40229
      vertex -1.95 -5 3.3775
      vertex -1.73506 -5 3.49178
    endloop
  endfacet
  facet normal 0 1 0
    outer loop
      vertex -1.539 -5 3.29077
      vertex -1.95 -5 3.3775
      vertex -1.65448 -5 3.40229
    endloop
  endfacet
  facet normal 0 1 0
    outer loop
      vertex -1.539 -5 3.29077
      vertex -2.18085 -5 3.23325
      vertex -1.95 -5 3.3775
    endloop
  endfacet
  facet normal 0 1 0
    outer loop
      vertex -1.41602 -5 3.18757
      vertex -2.18085 -5 3.23325
      vertex -1.539 -5 3.29077
    endloop
  endfacet
  facet normal 0 1 0
    outer loop
      vertex -2.40108 -5 3.07324
      vertex -1.41602 -5 3.18757
      vertex -1.28614 -5 3.09321
    endloop
  endfacet
  facet normal 0 1 0
    outer loop
      vertex -1.41602 -5 3.18757
      vertex -2.40108 -5 3.07324
      vertex -2.18085 -5 3.23325
    endloop
  endfacet
  facet normal 0 1 0
    outer loop
      vertex -1.0484 -5 1.85152
      vertex -1.28614 -5 3.09321
      vertex -1.15 -5 3.00814
    endloop
  endfacet
  facet normal 0 1 0
    outer loop
      vertex -0.913039 -5 2.02478
      vertex -1.15 -5 3.00814
      vertex -1.00825 -5 2.93277
    endloop
  endfacet
  facet normal 0 1 0
    outer loop
      vertex -1.28614 -5 3.09321
      vertex -1.0484 -5 1.85152
      vertex -2.40108 -5 3.07324
    endloop
  endfacet
  facet normal 0 1 0
    outer loop
      vertex -0.76592 -5 2.18817
      vertex -1.00825 -5 2.93277
      vertex -0.861595 -5 2.86748
    endloop
  endfacet
  facet normal 0 1 0
    outer loop
      vertex -0.607761 -5 2.34091
      vertex -0.861595 -5 2.86748
      vertex -0.710738 -5 2.81257
    endloop
  endfacet
  facet normal 0 1 -0
    outer loop
      vertex -0.607761 -5 2.34091
      vertex -0.710738 -5 2.81257
      vertex -0.55642 -5 2.76832
    endloop
  endfacet
  facet normal 0 1 -0
    outer loop
      vertex -0.439333 -5 2.48223
      vertex -0.55642 -5 2.76832
      vertex -0.39939 -5 2.73494
    endloop
  endfacet
  facet normal 0 1 -0
    outer loop
      vertex -0.261457 -5 2.61147
      vertex -0.39939 -5 2.73494
      vertex -0.240415 -5 2.7126
    endloop
  endfacet
  facet normal 0 1 0
    outer loop
      vertex -0.55642 -5 2.76832
      vertex -0.439333 -5 2.48223
      vertex -0.607761 -5 2.34091
    endloop
  endfacet
  facet normal 0 1 0
    outer loop
      vertex -0.261457 -5 2.61147
      vertex -0.240415 -5 2.7126
      vertex -0.113784 -5 2.70374
    endloop
  endfacet
  facet normal 0 1 0
    outer loop
      vertex -0.39939 -5 2.73494
      vertex -0.261457 -5 2.61147
      vertex -0.439333 -5 2.48223
    endloop
  endfacet
  facet normal 0 1 0
    outer loop
      vertex -0.861595 -5 2.86748
      vertex -0.607761 -5 2.34091
      vertex -0.76592 -5 2.18817
    endloop
  endfacet
  facet normal 0 1 0
    outer loop
      vertex -1.00825 -5 2.93277
      vertex -0.76592 -5 2.18817
      vertex -0.913039 -5 2.02478
    endloop
  endfacet
  facet normal 0 1 0
    outer loop
      vertex -1.15 -5 3.00814
      vertex -0.913039 -5 2.02478
      vertex -1.0484 -5 1.85152
    endloop
  endfacet
  facet normal 0 1 -0
    outer loop
      vertex -1.17135 -5 1.66924
      vertex -2.40108 -5 3.07324
      vertex -1.0484 -5 1.85152
    endloop
  endfacet
  facet normal 0 1 0
    outer loop
      vertex -2.40108 -5 3.07324
      vertex -1.17135 -5 1.66924
      vertex -2.60961 -5 2.89826
    endloop
  endfacet
  facet normal 0 1 0
    outer loop
      vertex -2.60961 -5 2.89826
      vertex -1.17135 -5 1.66924
      vertex -2.80542 -5 2.70917
    endloop
  endfacet
  facet normal 0 1 -0
    outer loop
      vertex -1.28128 -5 1.47884
      vertex -2.80542 -5 2.70917
      vertex -1.17135 -5 1.66924
    endloop
  endfacet
  facet normal 0 1 0
    outer loop
      vertex -2.80542 -5 2.70917
      vertex -1.28128 -5 1.47884
      vertex -2.98757 -5 2.50687
    endloop
  endfacet
  facet normal 0 1 -0
    outer loop
      vertex -1.37767 -5 1.28122
      vertex -2.98757 -5 2.50687
      vertex -1.28128 -5 1.47884
    endloop
  endfacet
  facet normal 0 1 0
    outer loop
      vertex -2.98757 -5 2.50687
      vertex -1.37767 -5 1.28122
      vertex -3.15517 -5 2.29236
    endloop
  endfacet
  facet normal 0 1 0
    outer loop
      vertex -3.15517 -5 2.29236
      vertex -1.37767 -5 1.28122
      vertex -3.30739 -5 2.06668
    endloop
  endfacet
  facet normal 0 1 -0
    outer loop
      vertex -1.46003 -5 1.07736
      vertex -3.30739 -5 2.06668
      vertex -1.37767 -5 1.28122
    endloop
  endfacet
  facet normal 0 1 0
    outer loop
      vertex -3.30739 -5 2.06668
      vertex -1.46003 -5 1.07736
      vertex -3.44349 -5 1.83094
    endloop
  endfacet
  facet normal 0 1 -0
    outer loop
      vertex -1.52797 -5 0.868258
      vertex -3.44349 -5 1.83094
      vertex -1.46003 -5 1.07736
    endloop
  endfacet
  facet normal 0 1 0
    outer loop
      vertex -3.44349 -5 1.83094
      vertex -1.52797 -5 0.868258
      vertex -3.56283 -5 1.58627
    endloop
  endfacet
  facet normal 0 1 0
    outer loop
      vertex -3.56283 -5 1.58627
      vertex -1.52797 -5 0.868258
      vertex -3.6648 -5 1.33388
    endloop
  endfacet
  facet normal 0 1 -0
    outer loop
      vertex -1.58116 -5 0.654922
      vertex -3.6648 -5 1.33388
      vertex -1.52797 -5 0.868258
    endloop
  endfacet
  facet normal 0 1 0
    outer loop
      vertex -3.6648 -5 1.33388
      vertex -1.58116 -5 0.654922
      vertex -3.74892 -5 1.07499
    endloop
  endfacet
  facet normal 0 1 -0
    outer loop
      vertex -1.61934 -5 0.438395
      vertex -3.74892 -5 1.07499
      vertex -1.58116 -5 0.654922
    endloop
  endfacet
  facet normal 0 1 0
    outer loop
      vertex -3.74892 -5 1.07499
      vertex -1.61934 -5 0.438395
      vertex -3.81478 -5 0.810855
    endloop
  endfacet
  facet normal 0 1 0
    outer loop
      vertex -3.81478 -5 0.810855
      vertex -1.61934 -5 0.438395
      vertex -3.86205 -5 0.542774
    endloop
  endfacet
  facet normal 0 1 -0
    outer loop
      vertex -1.64233 -5 0.219732
      vertex -3.86205 -5 0.542774
      vertex -1.61934 -5 0.438395
    endloop
  endfacet
  facet normal 0 1 0
    outer loop
      vertex -3.86205 -5 0.542774
      vertex -1.64233 -5 0.219732
      vertex -3.8905 -5 0.27205
    endloop
  endfacet
  facet normal 0 1 -0
    outer loop
      vertex -1.65 -5 0
      vertex -3.8905 -5 0.27205
      vertex -1.64233 -5 0.219732
    endloop
  endfacet
  facet normal 0 1 0
    outer loop
      vertex -1.65 -5 0
      vertex -3.9 -5 0
      vertex -3.8905 -5 0.27205
    endloop
  endfacet
  facet normal 0 1 0
    outer loop
      vertex -1.64233 -5 -0.219732
      vertex -3.9 -5 0
      vertex -1.65 -5 0
    endloop
  endfacet
  facet normal 0 1 0
    outer loop
      vertex -1.61934 -5 -0.438395
      vertex -3.9 -5 0
      vertex -1.64233 -5 -0.219732
    endloop
  endfacet
  facet normal 0 1 0
    outer loop
      vertex -1.58116 -5 -0.654922
      vertex -3.9 -5 0
      vertex -1.61934 -5 -0.438395
    endloop
  endfacet
  facet normal 0 1 0
    outer loop
      vertex -1.52797 -5 -0.868258
      vertex -3.9 -5 0
      vertex -1.58116 -5 -0.654922
    endloop
  endfacet
  facet normal 0 1 0
    outer loop
      vertex -1.46003 -5 -1.07736
      vertex -3.9 -5 0
      vertex -1.52797 -5 -0.868258
    endloop
  endfacet
  facet normal 0 1 0
    outer loop
      vertex -1.37767 -5 -1.28122
      vertex -3.9 -5 0
      vertex -1.46003 -5 -1.07736
    endloop
  endfacet
  facet normal 0 1 0
    outer loop
      vertex -3.9 -5 -4.55518
      vertex -1.37767 -5 -1.28122
      vertex -1.28128 -5 -1.47884
    endloop
  endfacet
  facet normal 0 1 0
    outer loop
      vertex -3.9 -5 -4.55518
      vertex -1.28128 -5 -1.47884
      vertex -1.17135 -5 -1.66924
    endloop
  endfacet
  facet normal 0 1 0
    outer loop
      vertex -3.9 -5 -4.55518
      vertex -1.17135 -5 -1.66924
      vertex -1.0484 -5 -1.85152
    endloop
  endfacet
  facet normal 0 1 0
    outer loop
      vertex -3.9 -5 -4.55518
      vertex -1.0484 -5 -1.85152
      vertex -0.913039 -5 -2.02478
    endloop
  endfacet
  facet normal 0 1 0
    outer loop
      vertex -3.35516 -5 -4.97423
      vertex -0.913039 -5 -2.02478
      vertex -0.76592 -5 -2.18817
    endloop
  endfacet
  facet normal 0 1 0
    outer loop
      vertex -3 -5 -5.19615
      vertex -0.76592 -5 -2.18817
      vertex -0.607761 -5 -2.34091
    endloop
  endfacet
  facet normal 0 1 0
    outer loop
      vertex -2.63023 -5 -5.39276
      vertex -0.607761 -5 -2.34091
      vertex -0.439333 -5 -2.48223
    endloop
  endfacet
  facet normal 0 1 0
    outer loop
      vertex -1.8541 -5 -5.70634
      vertex -0.439333 -5 -2.48223
      vertex -0.261457 -5 -2.61147
    endloop
  endfacet
  facet normal 0 1 -0
    outer loop
      vertex 2.63023 -5 -5.39276
      vertex 2.04699 -5 -3.10214
      vertex 3 -5 -5.19615
    endloop
  endfacet
  facet normal 0 1 0
    outer loop
      vertex 2.04699 -5 -3.10214
      vertex 2.63023 -5 -5.39276
      vertex 1.82926 -5 -3.13274
    endloop
  endfacet
  facet normal 0 1 -0
    outer loop
      vertex 2.24764 -5 -5.5631
      vertex 1.82926 -5 -3.13274
      vertex 2.63023 -5 -5.39276
    endloop
  endfacet
  facet normal 0 1 0
    outer loop
      vertex 1.82926 -5 -3.13274
      vertex 2.24764 -5 -5.5631
      vertex 1.60993 -5 -3.14808
    endloop
  endfacet
  facet normal 0 1 -0
    outer loop
      vertex 1.8541 -5 -5.70634
      vertex 1.60993 -5 -3.14808
      vertex 2.24764 -5 -5.5631
    endloop
  endfacet
  facet normal 0 1 0
    outer loop
      vertex 1.60993 -5 -3.14808
      vertex 1.8541 -5 -5.70634
      vertex 1.39007 -5 -3.14808
    endloop
  endfacet
  facet normal 0 1 0
    outer loop
      vertex -1.37767 -5 -1.28122
      vertex -3.9 -5 -4.55518
      vertex -3.9 -5 0
    endloop
  endfacet
  facet normal 0 1 0
    outer loop
      vertex -1.45153 -5 -5.82177
      vertex -0.261457 -5 -2.61147
      vertex -0.0749998 -5 -2.72798
    endloop
  endfacet
  facet normal 0 1 0
    outer loop
      vertex -1.04189 -5 -5.90885
      vertex -0.0749998 -5 -2.72798
      vertex 0.11913 -5 -2.8312
    endloop
  endfacet
  facet normal 0 1 -0
    outer loop
      vertex 1.45153 -5 -5.82177
      vertex 1.39007 -5 -3.14808
      vertex 1.8541 -5 -5.70634
    endloop
  endfacet
  facet normal 0 1 0
    outer loop
      vertex 1.39007 -5 -3.14808
      vertex 1.45153 -5 -5.82177
      vertex 1.17073 -5 -3.13274
    endloop
  endfacet
  facet normal 0 1 0
    outer loop
      vertex 1.04189 -5 -5.90885
      vertex 1.17073 -5 -3.13274
      vertex 1.45153 -5 -5.82177
    endloop
  endfacet
  facet normal 0 1 0
    outer loop
      vertex -0.913039 -5 -2.02478
      vertex -3.35516 -5 -4.97423
      vertex -3.69397 -5 -4.72806
    endloop
  endfacet
  facet normal 0 1 0
    outer loop
      vertex -0.913039 -5 -2.02478
      vertex -3.69397 -5 -4.72806
      vertex -3.9 -5 -4.55518
    endloop
  endfacet
  facet normal 0 1 0
    outer loop
      vertex 1.17073 -5 -3.13274
      vertex 1.04189 -5 -5.90885
      vertex 0.953008 -5 -3.10214
    endloop
  endfacet
  facet normal 0 1 0
    outer loop
      vertex -0.76592 -5 -2.18817
      vertex -3 -5 -5.19615
      vertex -3.35516 -5 -4.97423
    endloop
  endfacet
  facet normal 0 1 0
    outer loop
      vertex 0.627171 -5 -5.96713
      vertex 0.953008 -5 -3.10214
      vertex 1.04189 -5 -5.90885
    endloop
  endfacet
  facet normal 0 1 0
    outer loop
      vertex -0.607761 -5 -2.34091
      vertex -2.63023 -5 -5.39276
      vertex -3 -5 -5.19615
    endloop
  endfacet
  facet normal 0 1 0
    outer loop
      vertex 0.953008 -5 -3.10214
      vertex 0.627171 -5 -5.96713
      vertex 0.737946 -5 -3.05643
    endloop
  endfacet
  facet normal 0 1 0
    outer loop
      vertex -0.439333 -5 -2.48223
      vertex -2.24764 -5 -5.5631
      vertex -2.63023 -5 -5.39276
    endloop
  endfacet
  facet normal 0 1 0
    outer loop
      vertex 0.209396 -5 -5.99634
      vertex 0.737946 -5 -3.05643
      vertex 0.627171 -5 -5.96713
    endloop
  endfacet
  facet normal 0 1 0
    outer loop
      vertex -0.439333 -5 -2.48223
      vertex -1.8541 -5 -5.70634
      vertex -2.24764 -5 -5.5631
    endloop
  endfacet
  facet normal 0 1 0
    outer loop
      vertex 0.737946 -5 -3.05643
      vertex 0.209396 -5 -5.99634
      vertex 0.526596 -5 -2.99583
    endloop
  endfacet
  facet normal 0 1 0
    outer loop
      vertex -0.261457 -5 -2.61147
      vertex -1.45153 -5 -5.82177
      vertex -1.8541 -5 -5.70634
    endloop
  endfacet
  facet normal 0 1 0
    outer loop
      vertex -0.209396 -5 -5.99634
      vertex 0.526596 -5 -2.99583
      vertex 0.209396 -5 -5.99634
    endloop
  endfacet
  facet normal 0 1 0
    outer loop
      vertex -0.0749998 -5 -2.72798
      vertex -1.04189 -5 -5.90885
      vertex -1.45153 -5 -5.82177
    endloop
  endfacet
  facet normal 0 1 0
    outer loop
      vertex 0.526596 -5 -2.99583
      vertex -0.209396 -5 -5.99634
      vertex 0.319989 -5 -2.92063
    endloop
  endfacet
  facet normal 0 1 0
    outer loop
      vertex 0.11913 -5 -2.8312
      vertex -0.627171 -5 -5.96713
      vertex -1.04189 -5 -5.90885
    endloop
  endfacet
  facet normal -0 1 0
    outer loop
      vertex -0.627171 -5 -5.96713
      vertex 0.319989 -5 -2.92063
      vertex -0.209396 -5 -5.99634
    endloop
  endfacet
  facet normal 0 1 0
    outer loop
      vertex 0.319989 -5 -2.92063
      vertex -0.627171 -5 -5.96713
      vertex 0.11913 -5 -2.8312
    endloop
  endfacet
  facet normal 0 1 0
    outer loop
      vertex 1.95 -5 3.3775
      vertex 1.65448 -5 3.40229
      vertex 1.73506 -5 3.49178
    endloop
  endfacet
  facet normal 0 1 -0
    outer loop
      vertex 1.82926 -5 3.13274
      vertex 1.65448 -5 3.40229
      vertex 1.95 -5 3.3775
    endloop
  endfacet
  facet normal 0 1 -0
    outer loop
      vertex 2.04699 -5 3.10214
      vertex 1.95 -5 3.3775
      vertex 2.18085 -5 3.23325
    endloop
  endfacet
  facet normal -0 1 0
    outer loop
      vertex 1.60993 -5 3.14808
      vertex 1.65448 -5 3.40229
      vertex 1.82926 -5 3.13274
    endloop
  endfacet
  facet normal 0 1 0
    outer loop
      vertex 1.539 -5 3.29077
      vertex 1.60993 -5 3.14808
      vertex 1.41602 -5 3.18757
    endloop
  endfacet
  facet normal 0 1 0
    outer loop
      vertex 1.65448 -5 3.40229
      vertex 1.60993 -5 3.14808
      vertex 1.539 -5 3.29077
    endloop
  endfacet
  facet normal 0 1 0
    outer loop
      vertex 1.95 -5 3.3775
      vertex 2.04699 -5 3.10214
      vertex 1.82926 -5 3.13274
    endloop
  endfacet
  facet normal 0 1 -0
    outer loop
      vertex 2.26205 -5 3.05643
      vertex 2.18085 -5 3.23325
      vertex 2.40108 -5 3.07324
    endloop
  endfacet
  facet normal 0 1 0
    outer loop
      vertex 2.18085 -5 3.23325
      vertex 2.26205 -5 3.05643
      vertex 2.04699 -5 3.10214
    endloop
  endfacet
  facet normal 0 1 0
    outer loop
      vertex 2.40108 -5 3.07324
      vertex 2.4734 -5 2.99583
      vertex 2.26205 -5 3.05643
    endloop
  endfacet
  facet normal -0 1 -0
    outer loop
      vertex 2.4734 -5 2.99583
      vertex 2.40108 -5 3.07324
      vertex 2.50861 -5 2.98301
    endloop
  endfacet
  facet normal 0 1 0
    outer loop
      vertex 1.39007 -5 3.14808
      vertex 1.41602 -5 3.18757
      vertex 1.60993 -5 3.14808
    endloop
  endfacet
  facet normal 0 1 0
    outer loop
      vertex 1.41602 -5 3.18757
      vertex 1.39007 -5 3.14808
      vertex 1.35864 -5 3.14588
    endloop
  endfacet
  facet normal 0.951055 0 -0.309022
    outer loop
      vertex -3.6648 -5 1.33388
      vertex -3.74892 5 1.07499
      vertex -3.6648 5 1.33388
    endloop
  endfacet
  facet normal 0.951055 0 -0.309022
    outer loop
      vertex -3.74892 5 1.07499
      vertex -3.6648 -5 1.33388
      vertex -3.74892 -5 1.07499
    endloop
  endfacet
  facet normal -0.970292 0 -0.241935
    outer loop
      vertex 3.81478 -4.99 0.810855
      vertex 3.74892 4.99 1.07499
      vertex 3.81478 4.99 0.810855
    endloop
  endfacet
  facet normal -0.970292 -0 -0.241935
    outer loop
      vertex 3.74892 4.99 1.07499
      vertex 3.81478 -4.99 0.810855
      vertex 3.74892 -4.99 1.07499
    endloop
  endfacet
  facet normal -0.829043 0 -0.559185
    outer loop
      vertex 3.30739 -4.99 2.06668
      vertex 3.15517 4.99 2.29236
      vertex 3.30739 4.99 2.06668
    endloop
  endfacet
  facet normal -0.829043 -0 -0.559185
    outer loop
      vertex 3.15517 4.99 2.29236
      vertex 3.30739 -4.99 2.06668
      vertex 3.15517 -4.99 2.29236
    endloop
  endfacet
  facet normal 0.529916 0 -0.84805
    outer loop
      vertex -2.18085 -5 3.23325
      vertex -1.95 5 3.3775
      vertex -1.95 -5 3.3775
    endloop
  endfacet
  facet normal 0.529916 0 -0.84805
    outer loop
      vertex -1.95 5 3.3775
      vertex -2.18085 -5 3.23325
      vertex -2.18085 5 3.23325
    endloop
  endfacet
  facet normal 0.866033 0 -0.499987
    outer loop
      vertex -3.30739 -5 2.06668
      vertex -3.44349 5 1.83094
      vertex -3.30739 5 2.06668
    endloop
  endfacet
  facet normal 0.866033 0 -0.499987
    outer loop
      vertex -3.44349 5 1.83094
      vertex -3.30739 -5 2.06668
      vertex -3.44349 -5 1.83094
    endloop
  endfacet
  facet normal 0.984808 0 -0.173648
    outer loop
      vertex -3.81478 -5 0.810855
      vertex -3.86205 5 0.542774
      vertex -3.81478 5 0.810855
    endloop
  endfacet
  facet normal 0.984808 0 -0.173648
    outer loop
      vertex -3.86205 5 0.542774
      vertex -3.81478 -5 0.810855
      vertex -3.86205 -5 0.542774
    endloop
  endfacet
  facet normal -0.898785 0 -0.43839
    outer loop
      vertex 3.56283 -4.99 1.58627
      vertex 3.44349 4.99 1.83094
      vertex 3.56283 4.99 1.58627
    endloop
  endfacet
  facet normal -0.898785 -0 -0.43839
    outer loop
      vertex 3.44349 4.99 1.83094
      vertex 3.56283 -4.99 1.58627
      vertex 3.44349 -4.99 1.83094
    endloop
  endfacet
  facet normal -0.951055 0 -0.309022
    outer loop
      vertex 3.74892 -4.99 1.07499
      vertex 3.6648 4.99 1.33388
      vertex 3.74892 4.99 1.07499
    endloop
  endfacet
  facet normal -0.951055 -0 -0.309022
    outer loop
      vertex 3.6648 4.99 1.33388
      vertex 3.74892 -4.99 1.07499
      vertex 3.6648 -4.99 1.33388
    endloop
  endfacet
  facet normal 0 -1 0
    outer loop
      vertex -1.95 5 3.3775
      vertex -1.65448 5 3.40229
      vertex -1.73506 5 3.49178
    endloop
  endfacet
  facet normal 0 -1 0
    outer loop
      vertex -1.95 5 3.3775
      vertex -1.539 5 3.29077
      vertex -1.65448 5 3.40229
    endloop
  endfacet
  facet normal 0 -1 0
    outer loop
      vertex -2.18085 5 3.23325
      vertex -1.539 5 3.29077
      vertex -1.95 5 3.3775
    endloop
  endfacet
  facet normal 0 -1 0
    outer loop
      vertex -2.18085 5 3.23325
      vertex -1.41602 5 3.18757
      vertex -1.539 5 3.29077
    endloop
  endfacet
  facet normal 0 -1 0
    outer loop
      vertex -2.40108 5 3.07324
      vertex -1.41602 5 3.18757
      vertex -2.18085 5 3.23325
    endloop
  endfacet
  facet normal 0 -1 -0
    outer loop
      vertex -1.41602 5 3.18757
      vertex -2.40108 5 3.07324
      vertex -1.28614 5 3.09321
    endloop
  endfacet
  facet normal 0 -1 0
    outer loop
      vertex -1.0484 5 1.85152
      vertex -1.28614 5 3.09321
      vertex -2.40108 5 3.07324
    endloop
  endfacet
  facet normal 0 -1 0
    outer loop
      vertex -1.28614 5 3.09321
      vertex -1.0484 5 1.85152
      vertex -1.15 5 3.00814
    endloop
  endfacet
  facet normal 0 -1 0
    outer loop
      vertex -1.17135 5 1.66924
      vertex -2.40108 5 3.07324
      vertex -2.60961 5 2.89826
    endloop
  endfacet
  facet normal -0 -1 0
    outer loop
      vertex -0.913039 5 2.02478
      vertex -1.15 5 3.00814
      vertex -1.0484 5 1.85152
    endloop
  endfacet
  facet normal 0 -1 0
    outer loop
      vertex -1.15 5 3.00814
      vertex -0.913039 5 2.02478
      vertex -1.00825 5 2.93277
    endloop
  endfacet
  facet normal 0 -1 0
    outer loop
      vertex -1.00825 5 2.93277
      vertex -0.76592 5 2.18817
      vertex -0.861595 5 2.86748
    endloop
  endfacet
  facet normal 0 -1 0
    outer loop
      vertex -0.861595 5 2.86748
      vertex -0.607761 5 2.34091
      vertex -0.710738 5 2.81257
    endloop
  endfacet
  facet normal 0 -1 0
    outer loop
      vertex -0.710738 5 2.81257
      vertex -0.607761 5 2.34091
      vertex -0.55642 5 2.76832
    endloop
  endfacet
  facet normal 0 -1 0
    outer loop
      vertex -1.17135 5 1.66924
      vertex -2.60961 5 2.89826
      vertex -2.80542 5 2.70917
    endloop
  endfacet
  facet normal -0 -1 0
    outer loop
      vertex -0.261457 5 2.61147
      vertex -0.39939 5 2.73494
      vertex -0.439333 5 2.48223
    endloop
  endfacet
  facet normal 0 -1 -0
    outer loop
      vertex -0.240415 5 2.7126
      vertex -0.261457 5 2.61147
      vertex -0.113784 5 2.70374
    endloop
  endfacet
  facet normal 0 -1 0
    outer loop
      vertex -1.28128 5 1.47884
      vertex -2.80542 5 2.70917
      vertex -2.98757 5 2.50687
    endloop
  endfacet
  facet normal 0 -1 0
    outer loop
      vertex -0.39939 5 2.73494
      vertex -0.261457 5 2.61147
      vertex -0.240415 5 2.7126
    endloop
  endfacet
  facet normal 0 -1 0
    outer loop
      vertex -0.55642 5 2.76832
      vertex -0.439333 5 2.48223
      vertex -0.39939 5 2.73494
    endloop
  endfacet
  facet normal 0 -1 0
    outer loop
      vertex -1.37767 5 1.28122
      vertex -2.98757 5 2.50687
      vertex -3.15517 5 2.29236
    endloop
  endfacet
  facet normal -0 -1 0
    outer loop
      vertex -0.439333 5 2.48223
      vertex -0.55642 5 2.76832
      vertex -0.607761 5 2.34091
    endloop
  endfacet
  facet normal 0 -1 0
    outer loop
      vertex -1.37767 5 1.28122
      vertex -3.15517 5 2.29236
      vertex -3.30739 5 2.06668
    endloop
  endfacet
  facet normal -0 -1 0
    outer loop
      vertex -0.607761 5 2.34091
      vertex -0.861595 5 2.86748
      vertex -0.76592 5 2.18817
    endloop
  endfacet
  facet normal -0 -1 0
    outer loop
      vertex -0.76592 5 2.18817
      vertex -1.00825 5 2.93277
      vertex -0.913039 5 2.02478
    endloop
  endfacet
  facet normal 0 -1 0
    outer loop
      vertex -1.46003 5 1.07736
      vertex -3.30739 5 2.06668
      vertex -3.44349 5 1.83094
    endloop
  endfacet
  facet normal 0 -1 0
    outer loop
      vertex -2.40108 5 3.07324
      vertex -1.17135 5 1.66924
      vertex -1.0484 5 1.85152
    endloop
  endfacet
  facet normal 0 -1 0
    outer loop
      vertex -1.52797 5 0.868258
      vertex -3.44349 5 1.83094
      vertex -3.56283 5 1.58627
    endloop
  endfacet
  facet normal 0 -1 0
    outer loop
      vertex -2.80542 5 2.70917
      vertex -1.28128 5 1.47884
      vertex -1.17135 5 1.66924
    endloop
  endfacet
  facet normal 0 -1 0
    outer loop
      vertex -1.52797 5 0.868258
      vertex -3.56283 5 1.58627
      vertex -3.6648 5 1.33388
    endloop
  endfacet
  facet normal 0 -1 0
    outer loop
      vertex -2.98757 5 2.50687
      vertex -1.37767 5 1.28122
      vertex -1.28128 5 1.47884
    endloop
  endfacet
  facet normal 0 -1 0
    outer loop
      vertex -3.30739 5 2.06668
      vertex -1.46003 5 1.07736
      vertex -1.37767 5 1.28122
    endloop
  endfacet
  facet normal 0 -1 0
    outer loop
      vertex -1.58116 5 0.654922
      vertex -3.6648 5 1.33388
      vertex -3.74892 5 1.07499
    endloop
  endfacet
  facet normal 0 -1 0
    outer loop
      vertex -3.44349 5 1.83094
      vertex -1.52797 5 0.868258
      vertex -1.46003 5 1.07736
    endloop
  endfacet
  facet normal 0 -1 0
    outer loop
      vertex -1.61934 5 0.438395
      vertex -3.74892 5 1.07499
      vertex -3.81478 5 0.810855
    endloop
  endfacet
  facet normal 0 -1 0
    outer loop
      vertex -3.6648 5 1.33388
      vertex -1.58116 5 0.654922
      vertex -1.52797 5 0.868258
    endloop
  endfacet
  facet normal 0 -1 0
    outer loop
      vertex -1.61934 5 0.438395
      vertex -3.81478 5 0.810855
      vertex -3.86205 5 0.542774
    endloop
  endfacet
  facet normal 0 -1 0
    outer loop
      vertex -3.74892 5 1.07499
      vertex -1.61934 5 0.438395
      vertex -1.58116 5 0.654922
    endloop
  endfacet
  facet normal 0 -1 0
    outer loop
      vertex -1.64233 5 0.219732
      vertex -3.86205 5 0.542774
      vertex -3.8905 5 0.27205
    endloop
  endfacet
  facet normal 0 -1 0
    outer loop
      vertex -3.86205 5 0.542774
      vertex -1.64233 5 0.219732
      vertex -1.61934 5 0.438395
    endloop
  endfacet
  facet normal 0 -1 0
    outer loop
      vertex -1.65 5 0
      vertex -3.8905 5 0.27205
      vertex -3.9 5 0
    endloop
  endfacet
  facet normal 0 -1 0
    outer loop
      vertex -3.8905 5 0.27205
      vertex -1.65 5 0
      vertex -1.64233 5 0.219732
    endloop
  endfacet
  facet normal 0 -1 0
    outer loop
      vertex -3.9 5 0
      vertex -1.64233 5 -0.219732
      vertex -1.65 5 0
    endloop
  endfacet
  facet normal 0 -1 0
    outer loop
      vertex -3.9 5 0
      vertex -1.61934 5 -0.438395
      vertex -1.64233 5 -0.219732
    endloop
  endfacet
  facet normal 0 -1 0
    outer loop
      vertex -3.9 5 0
      vertex -1.58116 5 -0.654922
      vertex -1.61934 5 -0.438395
    endloop
  endfacet
  facet normal 0 -1 0
    outer loop
      vertex -3.9 5 0
      vertex -1.52797 5 -0.868258
      vertex -1.58116 5 -0.654922
    endloop
  endfacet
  facet normal 0 -1 0
    outer loop
      vertex -3.9 5 0
      vertex -1.46003 5 -1.07736
      vertex -1.52797 5 -0.868258
    endloop
  endfacet
  facet normal 0 -1 0
    outer loop
      vertex -3.9 5 0
      vertex -1.37767 5 -1.28122
      vertex -1.46003 5 -1.07736
    endloop
  endfacet
  facet normal 0 -1 0
    outer loop
      vertex -3.9 5 -4.55518
      vertex -1.37767 5 -1.28122
      vertex -3.9 5 0
    endloop
  endfacet
  facet normal 0 -1 -0
    outer loop
      vertex -1.37767 5 -1.28122
      vertex -3.9 5 -4.55518
      vertex -1.28128 5 -1.47884
    endloop
  endfacet
  facet normal 0 -1 -0
    outer loop
      vertex -1.28128 5 -1.47884
      vertex -3.9 5 -4.55518
      vertex -1.17135 5 -1.66924
    endloop
  endfacet
  facet normal 0 -1 -0
    outer loop
      vertex -1.17135 5 -1.66924
      vertex -3.9 5 -4.55518
      vertex -1.0484 5 -1.85152
    endloop
  endfacet
  facet normal 0 -1 -0
    outer loop
      vertex -1.0484 5 -1.85152
      vertex -3.9 5 -4.55518
      vertex -0.913039 5 -2.02478
    endloop
  endfacet
  facet normal 0 -1 0
    outer loop
      vertex -3.69397 5 -4.72806
      vertex -0.913039 5 -2.02478
      vertex -3.9 5 -4.55518
    endloop
  endfacet
  facet normal 0 -1 0
    outer loop
      vertex -3.35516 5 -4.97423
      vertex -0.913039 5 -2.02478
      vertex -3.69397 5 -4.72806
    endloop
  endfacet
  facet normal 0 -1 -0
    outer loop
      vertex -0.913039 5 -2.02478
      vertex -3.35516 5 -4.97423
      vertex -0.76592 5 -2.18817
    endloop
  endfacet
  facet normal 0 -1 0
    outer loop
      vertex -1.04189 5 -5.90885
      vertex -0.0749998 5 -2.72798
      vertex -1.45153 5 -5.82177
    endloop
  endfacet
  facet normal 0 -1 -0
    outer loop
      vertex -0.261457 5 -2.61147
      vertex -1.45153 5 -5.82177
      vertex -0.0749998 5 -2.72798
    endloop
  endfacet
  facet normal 0 -1 0
    outer loop
      vertex -1.45153 5 -5.82177
      vertex -0.261457 5 -2.61147
      vertex -1.8541 5 -5.70634
    endloop
  endfacet
  facet normal 0 -1 -0
    outer loop
      vertex -0.439333 5 -2.48223
      vertex -1.8541 5 -5.70634
      vertex -0.261457 5 -2.61147
    endloop
  endfacet
  facet normal 0 -1 0
    outer loop
      vertex -1.8541 5 -5.70634
      vertex -0.439333 5 -2.48223
      vertex -2.24764 5 -5.5631
    endloop
  endfacet
  facet normal 0 -1 0
    outer loop
      vertex -2.24764 5 -5.5631
      vertex -0.439333 5 -2.48223
      vertex -2.63023 5 -5.39276
    endloop
  endfacet
  facet normal 0 -1 -0
    outer loop
      vertex -0.607761 5 -2.34091
      vertex -2.63023 5 -5.39276
      vertex -0.439333 5 -2.48223
    endloop
  endfacet
  facet normal 0 -1 0
    outer loop
      vertex -2.63023 5 -5.39276
      vertex -0.607761 5 -2.34091
      vertex -3 5 -5.19615
    endloop
  endfacet
  facet normal 0 -1 -0
    outer loop
      vertex -0.76592 5 -2.18817
      vertex -3 5 -5.19615
      vertex -0.607761 5 -2.34091
    endloop
  endfacet
  facet normal 0 -1 0
    outer loop
      vertex -3 5 -5.19615
      vertex -0.76592 5 -2.18817
      vertex -3.35516 5 -4.97423
    endloop
  endfacet
  facet normal 0 -1 -0
    outer loop
      vertex -0.0749998 5 -2.72798
      vertex -1.04189 5 -5.90885
      vertex 0.11913 5 -2.8312
    endloop
  endfacet
  facet normal 0 -1 0
    outer loop
      vertex -0.627171 5 -5.96713
      vertex 0.11913 5 -2.8312
      vertex -1.04189 5 -5.90885
    endloop
  endfacet
  facet normal 0 -1 -0
    outer loop
      vertex 0.11913 5 -2.8312
      vertex -0.627171 5 -5.96713
      vertex 0.319989 5 -2.92063
    endloop
  endfacet
  facet normal 0 -1 0
    outer loop
      vertex 3.76592 5 -2.18817
      vertex 3.9 5 -4.55518
      vertex 3.9 5 -2.03926
    endloop
  endfacet
  facet normal 0 -1 0
    outer loop
      vertex 3.60776 5 -2.34091
      vertex 3.9 5 -4.55518
      vertex 3.76592 5 -2.18817
    endloop
  endfacet
  facet normal 0 -1 0
    outer loop
      vertex 3.43933 5 -2.48223
      vertex 3.9 5 -4.55518
      vertex 3.60776 5 -2.34091
    endloop
  endfacet
  facet normal 0 -1 0
    outer loop
      vertex 3.26146 5 -2.61147
      vertex 3.9 5 -4.55518
      vertex 3.43933 5 -2.48223
    endloop
  endfacet
  facet normal 0 -1 0
    outer loop
      vertex 3.075 5 -2.72798
      vertex 3.9 5 -4.55518
      vertex 3.26146 5 -2.61147
    endloop
  endfacet
  facet normal 0 -1 0
    outer loop
      vertex 2.88087 5 -2.8312
      vertex 3.9 5 -4.55518
      vertex 3.075 5 -2.72798
    endloop
  endfacet
  facet normal 0 -1 0
    outer loop
      vertex 2.68001 5 -2.92063
      vertex 3.9 5 -4.55518
      vertex 2.88087 5 -2.8312
    endloop
  endfacet
  facet normal 0 -1 0
    outer loop
      vertex 3.69397 5 -4.72806
      vertex 2.68001 5 -2.92063
      vertex 2.4734 5 -2.99583
    endloop
  endfacet
  facet normal 0 -1 0
    outer loop
      vertex 3.35516 5 -4.97423
      vertex 2.4734 5 -2.99583
      vertex 2.26205 5 -3.05643
    endloop
  endfacet
  facet normal 0 -1 0
    outer loop
      vertex -0.209396 5 -5.99634
      vertex 0.319989 5 -2.92063
      vertex -0.627171 5 -5.96713
    endloop
  endfacet
  facet normal 0 -1 -0
    outer loop
      vertex 0.319989 5 -2.92063
      vertex -0.209396 5 -5.99634
      vertex 0.526596 5 -2.99583
    endloop
  endfacet
  facet normal 0 -1 0
    outer loop
      vertex 0.209396 5 -5.99634
      vertex 0.526596 5 -2.99583
      vertex -0.209396 5 -5.99634
    endloop
  endfacet
  facet normal 0 -1 0
    outer loop
      vertex 2.4734 5 -2.99583
      vertex 3.35516 5 -4.97423
      vertex 3.69397 5 -4.72806
    endloop
  endfacet
  facet normal 0 -1 0
    outer loop
      vertex 2.68001 5 -2.92063
      vertex 3.69397 5 -4.72806
      vertex 3.9 5 -4.55518
    endloop
  endfacet
  facet normal 0 -1 -0
    outer loop
      vertex 0.526596 5 -2.99583
      vertex 0.209396 5 -5.99634
      vertex 0.737946 5 -3.05643
    endloop
  endfacet
  facet normal 0 -1 0
    outer loop
      vertex 2.26205 5 -3.05643
      vertex 3 5 -5.19615
      vertex 3.35516 5 -4.97423
    endloop
  endfacet
  facet normal -0 -1 0
    outer loop
      vertex 0.627171 5 -5.96713
      vertex 0.737946 5 -3.05643
      vertex 0.209396 5 -5.99634
    endloop
  endfacet
  facet normal 0 -1 0
    outer loop
      vertex 2.04699 5 -3.10214
      vertex 3 5 -5.19615
      vertex 2.26205 5 -3.05643
    endloop
  endfacet
  facet normal 0 -1 -0
    outer loop
      vertex 0.737946 5 -3.05643
      vertex 0.627171 5 -5.96713
      vertex 0.953008 5 -3.10214
    endloop
  endfacet
  facet normal -0 -1 0
    outer loop
      vertex 3 5 -5.19615
      vertex 2.04699 5 -3.10214
      vertex 2.63023 5 -5.39276
    endloop
  endfacet
  facet normal -0 -1 0
    outer loop
      vertex 1.04189 5 -5.90885
      vertex 0.953008 5 -3.10214
      vertex 0.627171 5 -5.96713
    endloop
  endfacet
  facet normal 0 -1 0
    outer loop
      vertex 1.82926 5 -3.13274
      vertex 2.63023 5 -5.39276
      vertex 2.04699 5 -3.10214
    endloop
  endfacet
  facet normal 0 -1 0
    outer loop
      vertex 0.953008 5 -3.10214
      vertex 1.04189 5 -5.90885
      vertex 1.17073 5 -3.13274
    endloop
  endfacet
  facet normal -0 -1 0
    outer loop
      vertex 2.63023 5 -5.39276
      vertex 1.82926 5 -3.13274
      vertex 2.24764 5 -5.5631
    endloop
  endfacet
  facet normal -0 -1 0
    outer loop
      vertex 1.45153 5 -5.82177
      vertex 1.17073 5 -3.13274
      vertex 1.04189 5 -5.90885
    endloop
  endfacet
  facet normal 0 -1 0
    outer loop
      vertex 1.60993 5 -3.14808
      vertex 2.24764 5 -5.5631
      vertex 1.82926 5 -3.13274
    endloop
  endfacet
  facet normal 0 -1 0
    outer loop
      vertex 1.17073 5 -3.13274
      vertex 1.45153 5 -5.82177
      vertex 1.39007 5 -3.14808
    endloop
  endfacet
  facet normal -0 -1 0
    outer loop
      vertex 2.24764 5 -5.5631
      vertex 1.60993 5 -3.14808
      vertex 1.8541 5 -5.70634
    endloop
  endfacet
  facet normal -0 -1 0
    outer loop
      vertex 1.8541 5 -5.70634
      vertex 1.39007 5 -3.14808
      vertex 1.45153 5 -5.82177
    endloop
  endfacet
  facet normal 0 -1 0
    outer loop
      vertex 1.39007 5 -3.14808
      vertex 1.8541 5 -5.70634
      vertex 1.60993 5 -3.14808
    endloop
  endfacet
  facet normal 0 -1 0
    outer loop
      vertex 1.41602 5 3.18757
      vertex 1.35864 5 3.14588
      vertex 1.39007 5 3.14808
    endloop
  endfacet
  facet normal 0 -1 0
    outer loop
      vertex 1.65448 5 3.40229
      vertex 1.95 5 3.3775
      vertex 1.73506 5 3.49178
    endloop
  endfacet
  facet normal 0 -1 0
    outer loop
      vertex 1.60993 5 3.14808
      vertex 1.65448 5 3.40229
      vertex 1.539 5 3.29077
    endloop
  endfacet
  facet normal 0 -1 0
    outer loop
      vertex 1.65448 5 3.40229
      vertex 1.82926 5 3.13274
      vertex 1.95 5 3.3775
    endloop
  endfacet
  facet normal 0 -1 0
    outer loop
      vertex 1.60993 5 3.14808
      vertex 1.539 5 3.29077
      vertex 1.41602 5 3.18757
    endloop
  endfacet
  facet normal 0 -1 0
    outer loop
      vertex 1.60993 5 3.14808
      vertex 1.41602 5 3.18757
      vertex 1.39007 5 3.14808
    endloop
  endfacet
  facet normal 0 -1 -0
    outer loop
      vertex 1.65448 5 3.40229
      vertex 1.60993 5 3.14808
      vertex 1.82926 5 3.13274
    endloop
  endfacet
  facet normal 0 -1 0
    outer loop
      vertex 2.04699 5 3.10214
      vertex 1.95 5 3.3775
      vertex 1.82926 5 3.13274
    endloop
  endfacet
  facet normal 0 -1 0
    outer loop
      vertex 1.95 5 3.3775
      vertex 2.04699 5 3.10214
      vertex 2.18085 5 3.23325
    endloop
  endfacet
  facet normal 0 -1 0
    outer loop
      vertex 2.26205 5 3.05643
      vertex 2.18085 5 3.23325
      vertex 2.04699 5 3.10214
    endloop
  endfacet
  facet normal 0 -1 0
    outer loop
      vertex 2.18085 5 3.23325
      vertex 2.26205 5 3.05643
      vertex 2.40108 5 3.07324
    endloop
  endfacet
  facet normal 0 -1 0
    outer loop
      vertex 2.4734 5 2.99583
      vertex 2.40108 5 3.07324
      vertex 2.26205 5 3.05643
    endloop
  endfacet
  facet normal 0 -1 0
    outer loop
      vertex 2.40108 5 3.07324
      vertex 2.4734 5 2.99583
      vertex 2.50861 5 2.98301
    endloop
  endfacet
  facet normal 0.587794 0 -0.809011
    outer loop
      vertex -2.40108 -5 3.07324
      vertex -2.18085 5 3.23325
      vertex -2.18085 -5 3.23325
    endloop
  endfacet
  facet normal 0.587794 0 -0.809011
    outer loop
      vertex -2.18085 5 3.23325
      vertex -2.40108 -5 3.07324
      vertex -2.40108 5 3.07324
    endloop
  endfacet
  facet normal -0.994523 0 -0.104523
    outer loop
      vertex 2.2944 -6 5.16044
      vertex 2.27762 6 5.3201
      vertex 2.2944 6 5.16044
    endloop
  endfacet
  facet normal -0.994523 -0 -0.104523
    outer loop
      vertex 2.27762 6 5.3201
      vertex 2.2944 -6 5.16044
      vertex 2.27762 -6 5.3201
    endloop
  endfacet
  facet normal -0.999391 0 -0.0348828
    outer loop
      vertex 2.3 -6 5
      vertex 2.2944 6 5.16044
      vertex 2.3 6 5
    endloop
  endfacet
  facet normal -0.999391 -0 -0.0348828
    outer loop
      vertex 2.2944 6 5.16044
      vertex 2.3 -6 5
      vertex 2.2944 -6 5.16044
    endloop
  endfacet
  facet normal -0.139158 0 -0.99027
    outer loop
      vertex 0.240415 -6 7.2874
      vertex 0.39939 6 7.26506
      vertex 0.39939 -6 7.26506
    endloop
  endfacet
  facet normal -0.139158 0 -0.99027
    outer loop
      vertex 0.39939 6 7.26506
      vertex 0.240415 -6 7.2874
      vertex 0.240415 6 7.2874
    endloop
  endfacet
  facet normal -0.898806 0 -0.438346
    outer loop
      vertex 2.10115 -6 5.93549
      vertex 2.03078 6 6.07978
      vertex 2.10115 6 5.93549
    endloop
  endfacet
  facet normal -0.898806 -0 -0.438346
    outer loop
      vertex 2.03078 6 6.07978
      vertex 2.10115 -6 5.93549
      vertex 2.03078 -6 6.07978
    endloop
  endfacet
  facet normal -0.999391 0 0.0348828
    outer loop
      vertex 2.2944 -6 4.83956
      vertex 2.3 6 5
      vertex 2.2944 6 4.83956
    endloop
  endfacet
  facet normal -0.999391 0 0.0348828
    outer loop
      vertex 2.3 6 5
      vertex 2.2944 -6 4.83956
      vertex 2.3 -6 5
    endloop
  endfacet
  facet normal -0.951054 0 -0.309024
    outer loop
      vertex 2.2109 -6 5.63397
      vertex 2.16129 6 5.78665
      vertex 2.2109 6 5.63397
    endloop
  endfacet
  facet normal -0.951054 -0 -0.309024
    outer loop
      vertex 2.16129 6 5.78665
      vertex 2.2109 -6 5.63397
      vertex 2.16129 -6 5.78665
    endloop
  endfacet
  facet normal 0.139158 0 0.99027
    outer loop
      vertex -0.39939 -5 2.73494
      vertex -0.240415 -6 2.7126
      vertex -0.240415 -5 2.7126
    endloop
  endfacet
  facet normal 0.139158 0 0.99027
    outer loop
      vertex -0.240415 -6 2.7126
      vertex -0.39939 -5 2.73494
      vertex -0.39939 -6 2.73494
    endloop
  endfacet
  facet normal 0.139158 0 0.99027
    outer loop
      vertex -0.39939 6 2.73494
      vertex -0.240415 5 2.7126
      vertex -0.240415 6 2.7126
    endloop
  endfacet
  facet normal 0.139158 0 0.99027
    outer loop
      vertex -0.240415 5 2.7126
      vertex -0.39939 6 2.73494
      vertex -0.39939 5 2.73494
    endloop
  endfacet
  facet normal -0.970293 0 -0.241935
    outer loop
      vertex 2.24974 -6 5.4782
      vertex 2.2109 6 5.63397
      vertex 2.24974 6 5.4782
    endloop
  endfacet
  facet normal -0.970293 -0 -0.241935
    outer loop
      vertex 2.2109 6 5.63397
      vertex 2.24974 -6 5.4782
      vertex 2.2109 -6 5.63397
    endloop
  endfacet
  facet normal 0.970293 0 -0.241935
    outer loop
      vertex -2.2109 -6 5.63397
      vertex -2.24974 6 5.4782
      vertex -2.2109 6 5.63397
    endloop
  endfacet
  facet normal 0.970293 0 -0.241935
    outer loop
      vertex -2.24974 6 5.4782
      vertex -2.2109 -6 5.63397
      vertex -2.24974 -6 5.4782
    endloop
  endfacet
  facet normal 0.694666 0 0.719333
    outer loop
      vertex -1.65448 -5 3.40229
      vertex -1.539 -6 3.29077
      vertex -1.539 -5 3.29077
    endloop
  endfacet
  facet normal 0.694666 0 0.719333
    outer loop
      vertex -1.539 -6 3.29077
      vertex -1.65448 -5 3.40229
      vertex -1.65448 -6 3.40229
    endloop
  endfacet
  facet normal 0.694666 0 0.719333
    outer loop
      vertex -1.65448 6 3.40229
      vertex -1.539 5 3.29077
      vertex -1.539 6 3.29077
    endloop
  endfacet
  facet normal 0.694666 0 0.719333
    outer loop
      vertex -1.539 5 3.29077
      vertex -1.65448 6 3.40229
      vertex -1.65448 5 3.40229
    endloop
  endfacet
  facet normal -0.275638 0 -0.961262
    outer loop
      vertex 0.55642 -6 7.23168
      vertex 0.710738 6 7.18743
      vertex 0.710738 -6 7.18743
    endloop
  endfacet
  facet normal -0.275638 0 -0.961262
    outer loop
      vertex 0.710738 6 7.18743
      vertex 0.55642 -6 7.23168
      vertex 0.55642 6 7.23168
    endloop
  endfacet
  facet normal 0.207925 0 -0.978145
    outer loop
      vertex -0.55642 -6 7.23168
      vertex -0.39939 6 7.26506
      vertex -0.39939 -6 7.26506
    endloop
  endfacet
  facet normal 0.207925 0 -0.978145
    outer loop
      vertex -0.39939 6 7.26506
      vertex -0.55642 -6 7.23168
      vertex -0.55642 6 7.23168
    endloop
  endfacet
  facet normal 0.866023 0 -0.500005
    outer loop
      vertex -1.95051 -6 6.21881
      vertex -2.03078 6 6.07978
      vertex -1.95051 6 6.21881
    endloop
  endfacet
  facet normal 0.866023 0 -0.500005
    outer loop
      vertex -2.03078 6 6.07978
      vertex -1.95051 -6 6.21881
      vertex -2.03078 -6 6.07978
    endloop
  endfacet
  facet normal 0.406711 0 -0.913557
    outer loop
      vertex -1.00825 -6 7.06723
      vertex -0.861595 6 7.13252
      vertex -0.861595 -6 7.13252
    endloop
  endfacet
  facet normal 0.406711 0 -0.913557
    outer loop
      vertex -0.861595 6 7.13252
      vertex -1.00825 -6 7.06723
      vertex -1.00825 6 7.06723
    endloop
  endfacet
  facet normal 0.951054 -0 0.309024
    outer loop
      vertex -2.2109 -6 4.36603
      vertex -2.16129 6 4.21335
      vertex -2.2109 6 4.36603
    endloop
  endfacet
  facet normal 0.951054 0 0.309024
    outer loop
      vertex -2.16129 6 4.21335
      vertex -2.2109 -6 4.36603
      vertex -2.16129 -6 4.21335
    endloop
  endfacet
  facet normal -0.994523 0 0.104523
    outer loop
      vertex 2.27762 -6 4.6799
      vertex 2.2944 6 4.83956
      vertex 2.27762 6 4.6799
    endloop
  endfacet
  facet normal -0.994523 0 0.104523
    outer loop
      vertex 2.2944 6 4.83956
      vertex 2.27762 -6 4.6799
      vertex 2.2944 -6 4.83956
    endloop
  endfacet
  facet normal -0.866007 0 0.500032
    outer loop
      vertex 1.95051 -6 3.78119
      vertex 2.03078 6 3.92021
      vertex 1.95051 6 3.78119
    endloop
  endfacet
  facet normal -0.866007 0 0.500032
    outer loop
      vertex 2.03078 6 3.92021
      vertex 1.95051 -6 3.78119
      vertex 2.03078 -6 3.92021
    endloop
  endfacet
  facet normal -0.642815 0 0.766021
    outer loop
      vertex 1.41602 -5 3.18757
      vertex 1.539 -6 3.29077
      vertex 1.539 -5 3.29077
    endloop
  endfacet
  facet normal -0.642815 0 0.766021
    outer loop
      vertex 1.539 -6 3.29077
      vertex 1.41602 -5 3.18757
      vertex 1.41602 -6 3.18757
    endloop
  endfacet
  facet normal -0.642815 0 0.766021
    outer loop
      vertex 1.41602 6 3.18757
      vertex 1.539 5 3.29077
      vertex 1.539 6 3.29077
    endloop
  endfacet
  facet normal -0.642815 0 0.766021
    outer loop
      vertex 1.539 5 3.29077
      vertex 1.41602 6 3.18757
      vertex 1.41602 5 3.18757
    endloop
  endfacet
  facet normal 0.342034 0 -0.939688
    outer loop
      vertex -0.861595 -6 7.13252
      vertex -0.710738 6 7.18743
      vertex -0.710738 -6 7.18743
    endloop
  endfacet
  facet normal 0.342034 0 -0.939688
    outer loop
      vertex -0.710738 6 7.18743
      vertex -0.861595 -6 7.13252
      vertex -0.861595 6 7.13252
    endloop
  endfacet
  facet normal -0.927174 0 0.374632
    outer loop
      vertex 2.10115 -6 4.06451
      vertex 2.16129 6 4.21335
      vertex 2.10115 6 4.06451
    endloop
  endfacet
  facet normal -0.927174 0 0.374632
    outer loop
      vertex 2.16129 6 4.21335
      vertex 2.10115 -6 4.06451
      vertex 2.16129 -6 4.21335
    endloop
  endfacet
  facet normal -0.787988 0 -0.61569
    outer loop
      vertex 1.86074 -6 6.35191
      vertex 1.7619 6 6.47841
      vertex 1.86074 6 6.35191
    endloop
  endfacet
  facet normal -0.787988 -0 -0.61569
    outer loop
      vertex 1.7619 6 6.47841
      vertex 1.86074 -6 6.35191
      vertex 1.7619 -6 6.47841
    endloop
  endfacet
  facet normal 0.927174 -0 0.374632
    outer loop
      vertex -2.16129 -6 4.21335
      vertex -2.10115 6 4.06451
      vertex -2.16129 6 4.21335
    endloop
  endfacet
  facet normal 0.927174 0 0.374632
    outer loop
      vertex -2.10115 6 4.06451
      vertex -2.16129 -6 4.21335
      vertex -2.10115 -6 4.06451
    endloop
  endfacet
  facet normal 0.970293 -0 0.241935
    outer loop
      vertex -2.24974 -6 4.5218
      vertex -2.2109 6 4.36603
      vertex -2.24974 6 4.5218
    endloop
  endfacet
  facet normal 0.970293 0 0.241935
    outer loop
      vertex -2.2109 6 4.36603
      vertex -2.24974 -6 4.5218
      vertex -2.2109 -6 4.36603
    endloop
  endfacet
  facet normal -0.406711 0 -0.913557
    outer loop
      vertex 0.861595 -6 7.13252
      vertex 1.00825 6 7.06723
      vertex 1.00825 -6 7.06723
    endloop
  endfacet
  facet normal -0.406711 0 -0.913557
    outer loop
      vertex 1.00825 6 7.06723
      vertex 0.861595 -6 7.13252
      vertex 0.861595 6 7.13252
    endloop
  endfacet
  facet normal 0.984805 -0 0.173665
    outer loop
      vertex -2.27762 -6 4.6799
      vertex -2.24974 6 4.5218
      vertex -2.27762 6 4.6799
    endloop
  endfacet
  facet normal 0.984805 0 0.173665
    outer loop
      vertex -2.24974 6 4.5218
      vertex -2.27762 -6 4.6799
      vertex -2.24974 -6 4.5218
    endloop
  endfacet
  facet normal -0.970293 0 0.241935
    outer loop
      vertex 2.2109 -6 4.36603
      vertex 2.24974 6 4.5218
      vertex 2.2109 6 4.36603
    endloop
  endfacet
  facet normal -0.970293 0 0.241935
    outer loop
      vertex 2.24974 6 4.5218
      vertex 2.2109 -6 4.36603
      vertex 2.24974 -6 4.5218
    endloop
  endfacet
  facet normal -0.743133 0 0.669144
    outer loop
      vertex 1.65448 -5 3.40229
      vertex 1.65448 -6 3.40229
      vertex 1.73506 -5 3.49178
    endloop
  endfacet
  facet normal -0.743133 0 0.669144
    outer loop
      vertex 1.73506 5 3.49178
      vertex 1.65448 6 3.40229
      vertex 1.65448 5 3.40229
    endloop
  endfacet
  facet normal -0.743139 -1.11004e-06 0.669137
    outer loop
      vertex 1.65448 6 3.40229
      vertex 1.73506 5 3.49178
      vertex 1.7619 6 3.52159
    endloop
  endfacet
  facet normal -0.743158 0 0.669116
    outer loop
      vertex 1.73506 -5 3.49178
      vertex 1.7619 6 3.52159
      vertex 1.73506 5 3.49178
    endloop
  endfacet
  facet normal -0.743158 0 0.669116
    outer loop
      vertex 1.73506 -5 3.49178
      vertex 1.7619 -6 3.52159
      vertex 1.7619 6 3.52159
    endloop
  endfacet
  facet normal -0.743139 1.11004e-06 0.669137
    outer loop
      vertex 1.7619 -6 3.52159
      vertex 1.73506 -5 3.49178
      vertex 1.65448 -6 3.40229
    endloop
  endfacet
  facet normal 0.406711 0 0.913557
    outer loop
      vertex -1.00825 -5 2.93277
      vertex -0.861595 -6 2.86748
      vertex -0.861595 -5 2.86748
    endloop
  endfacet
  facet normal 0.406711 0 0.913557
    outer loop
      vertex -0.861595 -6 2.86748
      vertex -1.00825 -5 2.93277
      vertex -1.00825 -6 2.93277
    endloop
  endfacet
  facet normal 0.406711 0 0.913557
    outer loop
      vertex -1.00825 6 2.93277
      vertex -0.861595 5 2.86748
      vertex -0.861595 6 2.86748
    endloop
  endfacet
  facet normal 0.406711 0 0.913557
    outer loop
      vertex -0.861595 5 2.86748
      vertex -1.00825 6 2.93277
      vertex -1.00825 5 2.93277
    endloop
  endfacet
  facet normal -0.0697653 0 -0.997563
    outer loop
      vertex 0.0802679 -6 7.2986
      vertex 0.240415 6 7.2874
      vertex 0.240415 -6 7.2874
    endloop
  endfacet
  facet normal -0.0697653 0 -0.997563
    outer loop
      vertex 0.240415 6 7.2874
      vertex 0.0802679 -6 7.2986
      vertex 0.0802679 6 7.2986
    endloop
  endfacet
  facet normal 0.743139 -1.11004e-06 0.669137
    outer loop
      vertex -1.7619 6 3.52159
      vertex -1.73506 5 3.49178
      vertex -1.65448 6 3.40229
    endloop
  endfacet
  facet normal 0.743158 0 0.669116
    outer loop
      vertex -1.7619 6 3.52159
      vertex -1.73506 -5 3.49178
      vertex -1.73506 5 3.49178
    endloop
  endfacet
  facet normal 0.743158 -0 0.669116
    outer loop
      vertex -1.7619 -6 3.52159
      vertex -1.73506 -5 3.49178
      vertex -1.7619 6 3.52159
    endloop
  endfacet
  facet normal 0.743139 1.11004e-06 0.669137
    outer loop
      vertex -1.65448 -6 3.40229
      vertex -1.73506 -5 3.49178
      vertex -1.7619 -6 3.52159
    endloop
  endfacet
  facet normal 0.743133 0 0.669144
    outer loop
      vertex -1.73506 -5 3.49178
      vertex -1.65448 -6 3.40229
      vertex -1.65448 -5 3.40229
    endloop
  endfacet
  facet normal 0.743133 0 0.669144
    outer loop
      vertex -1.65448 6 3.40229
      vertex -1.73506 5 3.49178
      vertex -1.65448 5 3.40229
    endloop
  endfacet
  facet normal -0.469472 0 -0.882947
    outer loop
      vertex 1.00825 -6 7.06723
      vertex 1.15 6 6.99186
      vertex 1.15 -6 6.99186
    endloop
  endfacet
  facet normal -0.469472 0 -0.882947
    outer loop
      vertex 1.15 6 6.99186
      vertex 1.00825 -6 7.06723
      vertex 1.00825 6 7.06723
    endloop
  endfacet
  facet normal 0.529921 0 -0.848047
    outer loop
      vertex -1.28614 -6 6.90679
      vertex -1.15 6 6.99186
      vertex -1.15 -6 6.99186
    endloop
  endfacet
  facet normal 0.529921 0 -0.848047
    outer loop
      vertex -1.15 6 6.99186
      vertex -1.28614 -6 6.90679
      vertex -1.28614 6 6.90679
    endloop
  endfacet
  facet normal -0.787988 0 0.61569
    outer loop
      vertex 1.7619 -6 3.52159
      vertex 1.86074 6 3.64809
      vertex 1.7619 6 3.52159
    endloop
  endfacet
  facet normal -0.787988 0 0.61569
    outer loop
      vertex 1.86074 6 3.64809
      vertex 1.7619 -6 3.52159
      vertex 1.86074 -6 3.64809
    endloop
  endfacet
  facet normal 0.866007 -0 0.500032
    outer loop
      vertex -2.03078 -6 3.92021
      vertex -1.95051 6 3.78119
      vertex -2.03078 6 3.92021
    endloop
  endfacet
  facet normal 0.866007 0 0.500032
    outer loop
      vertex -1.95051 6 3.78119
      vertex -2.03078 -6 3.92021
      vertex -1.95051 -6 3.78119
    endloop
  endfacet
  facet normal -0.587794 0 0.80901
    outer loop
      vertex 1.35864 -5 3.14588
      vertex 1.41602 -6 3.18757
      vertex 1.41602 -5 3.18757
    endloop
  endfacet
  facet normal -0.587794 0 0.80901
    outer loop
      vertex 1.41602 -6 3.18757
      vertex 1.35864 -5 3.14588
      vertex 1.35864 -6 3.14588
    endloop
  endfacet
  facet normal -0.587794 0 0.80901
    outer loop
      vertex 1.35864 6 3.14588
      vertex 1.41602 5 3.18757
      vertex 1.41602 6 3.18757
    endloop
  endfacet
  facet normal -0.587794 0 0.80901
    outer loop
      vertex 1.41602 5 3.18757
      vertex 1.35864 6 3.14588
      vertex 1.35864 5 3.14588
    endloop
  endfacet
  facet normal -0.984805 0 0.173665
    outer loop
      vertex 2.24974 -6 4.5218
      vertex 2.27762 6 4.6799
      vertex 2.24974 6 4.5218
    endloop
  endfacet
  facet normal -0.984805 0 0.173665
    outer loop
      vertex 2.27762 6 4.6799
      vertex 2.24974 -6 4.5218
      vertex 2.27762 -6 4.6799
    endloop
  endfacet
  facet normal 0.787988 0 -0.61569
    outer loop
      vertex -1.7619 -6 6.47841
      vertex -1.86074 6 6.35191
      vertex -1.7619 6 6.47841
    endloop
  endfacet
  facet normal 0.787988 0 -0.61569
    outer loop
      vertex -1.86074 6 6.35191
      vertex -1.7619 -6 6.47841
      vertex -1.86074 -6 6.35191
    endloop
  endfacet
  facet normal 0.587812 0 -0.808997
    outer loop
      vertex -1.41602 -6 6.81242
      vertex -1.28614 6 6.90679
      vertex -1.28614 -6 6.90679
    endloop
  endfacet
  facet normal 0.587812 0 -0.808997
    outer loop
      vertex -1.28614 6 6.90679
      vertex -1.41602 -6 6.81242
      vertex -1.41602 6 6.81242
    endloop
  endfacet
  facet normal 0.994523 0 -0.104523
    outer loop
      vertex -2.27762 -6 5.3201
      vertex -2.2944 6 5.16044
      vertex -2.27762 6 5.3201
    endloop
  endfacet
  facet normal 0.994523 0 -0.104523
    outer loop
      vertex -2.2944 6 5.16044
      vertex -2.27762 -6 5.3201
      vertex -2.2944 -6 5.16044
    endloop
  endfacet
  facet normal -0.587812 0 -0.808997
    outer loop
      vertex 1.28614 -6 6.90679
      vertex 1.41602 6 6.81242
      vertex 1.41602 -6 6.81242
    endloop
  endfacet
  facet normal -0.587812 0 -0.808997
    outer loop
      vertex 1.41602 6 6.81242
      vertex 1.28614 -6 6.90679
      vertex 1.28614 6 6.90679
    endloop
  endfacet
  facet normal 0.275638 0 -0.961262
    outer loop
      vertex -0.710738 -6 7.18743
      vertex -0.55642 6 7.23168
      vertex -0.55642 -6 7.23168
    endloop
  endfacet
  facet normal 0.275638 0 -0.961262
    outer loop
      vertex -0.55642 6 7.23168
      vertex -0.710738 -6 7.18743
      vertex -0.710738 6 7.18743
    endloop
  endfacet
  facet normal 0.0697964 0 0.997561
    outer loop
      vertex -0.240415 -5 2.7126
      vertex -0.113784 -6 2.70374
      vertex -0.113784 -5 2.70374
    endloop
  endfacet
  facet normal 0.0697964 0 0.997561
    outer loop
      vertex -0.113784 -6 2.70374
      vertex -0.240415 -5 2.7126
      vertex -0.240415 -6 2.7126
    endloop
  endfacet
  facet normal 0.0697964 0 0.997561
    outer loop
      vertex -0.240415 6 2.7126
      vertex -0.113784 5 2.70374
      vertex -0.113784 6 2.70374
    endloop
  endfacet
  facet normal 0.0697964 0 0.997561
    outer loop
      vertex -0.113784 5 2.70374
      vertex -0.240415 6 2.7126
      vertex -0.240415 5 2.7126
    endloop
  endfacet
  facet normal -0.743139 0 -0.669137
    outer loop
      vertex 1.7619 -6 6.47841
      vertex 1.65448 6 6.59771
      vertex 1.7619 6 6.47841
    endloop
  endfacet
  facet normal -0.743139 -0 -0.669137
    outer loop
      vertex 1.65448 6 6.59771
      vertex 1.7619 -6 6.47841
      vertex 1.65448 -6 6.59771
    endloop
  endfacet
  facet normal 0.999391 -0 0.0348828
    outer loop
      vertex -2.3 -6 5
      vertex -2.2944 6 4.83956
      vertex -2.3 6 5
    endloop
  endfacet
  facet normal 0.999391 0 0.0348828
    outer loop
      vertex -2.2944 6 4.83956
      vertex -2.3 -6 5
      vertex -2.2944 -6 4.83956
    endloop
  endfacet
  facet normal 0.642815 0 0.766021
    outer loop
      vertex -1.539 -5 3.29077
      vertex -1.41602 -6 3.18757
      vertex -1.41602 -5 3.18757
    endloop
  endfacet
  facet normal 0.642815 0 0.766021
    outer loop
      vertex -1.41602 -6 3.18757
      vertex -1.539 -5 3.29077
      vertex -1.539 -6 3.29077
    endloop
  endfacet
  facet normal 0.642815 0 0.766021
    outer loop
      vertex -1.539 6 3.29077
      vertex -1.41602 5 3.18757
      vertex -1.41602 6 3.18757
    endloop
  endfacet
  facet normal 0.642815 0 0.766021
    outer loop
      vertex -1.41602 5 3.18757
      vertex -1.539 6 3.29077
      vertex -1.539 5 3.29077
    endloop
  endfacet
  facet normal 0.743139 0 -0.669137
    outer loop
      vertex -1.65448 -6 6.59771
      vertex -1.7619 6 6.47841
      vertex -1.65448 6 6.59771
    endloop
  endfacet
  facet normal 0.743139 0 -0.669137
    outer loop
      vertex -1.7619 6 6.47841
      vertex -1.65448 -6 6.59771
      vertex -1.7619 -6 6.47841
    endloop
  endfacet
  facet normal -0.829058 0 -0.559163
    outer loop
      vertex 1.95051 -6 6.21881
      vertex 1.86074 6 6.35191
      vertex 1.95051 6 6.21881
    endloop
  endfacet
  facet normal -0.829058 -0 -0.559163
    outer loop
      vertex 1.86074 6 6.35191
      vertex 1.95051 -6 6.21881
      vertex 1.86074 -6 6.35191
    endloop
  endfacet
  facet normal -0.342034 0 -0.939688
    outer loop
      vertex 0.710738 -6 7.18743
      vertex 0.861595 6 7.13252
      vertex 0.861595 -6 7.13252
    endloop
  endfacet
  facet normal -0.342034 0 -0.939688
    outer loop
      vertex 0.861595 6 7.13252
      vertex 0.710738 -6 7.18743
      vertex 0.710738 6 7.18743
    endloop
  endfacet
  facet normal 0.587772 0 0.809027
    outer loop
      vertex -1.41602 -5 3.18757
      vertex -1.28614 -6 3.09321
      vertex -1.28614 -5 3.09321
    endloop
  endfacet
  facet normal 0.587772 0 0.809027
    outer loop
      vertex -1.28614 -6 3.09321
      vertex -1.41602 -5 3.18757
      vertex -1.41602 -6 3.18757
    endloop
  endfacet
  facet normal 0.587772 0 0.809027
    outer loop
      vertex -1.41602 6 3.18757
      vertex -1.28614 5 3.09321
      vertex -1.28614 6 3.09321
    endloop
  endfacet
  facet normal 0.587772 0 0.809027
    outer loop
      vertex -1.28614 5 3.09321
      vertex -1.41602 6 3.18757
      vertex -1.41602 5 3.18757
    endloop
  endfacet
  facet normal -0.642779 0 -0.766052
    outer loop
      vertex 1.41602 -6 6.81242
      vertex 1.539 6 6.70923
      vertex 1.539 -6 6.70923
    endloop
  endfacet
  facet normal -0.642779 0 -0.766052
    outer loop
      vertex 1.539 6 6.70923
      vertex 1.41602 -6 6.81242
      vertex 1.41602 6 6.81242
    endloop
  endfacet
  facet normal -0.951054 0 0.309024
    outer loop
      vertex 2.16129 -6 4.21335
      vertex 2.2109 6 4.36603
      vertex 2.16129 6 4.21335
    endloop
  endfacet
  facet normal -0.951054 0 0.309024
    outer loop
      vertex 2.2109 6 4.36603
      vertex 2.16129 -6 4.21335
      vertex 2.2109 -6 4.36603
    endloop
  endfacet
  facet normal -0.898818 0 0.438322
    outer loop
      vertex 2.03078 -6 3.92021
      vertex 2.10115 6 4.06451
      vertex 2.03078 6 3.92021
    endloop
  endfacet
  facet normal -0.898818 0 0.438322
    outer loop
      vertex 2.10115 6 4.06451
      vertex 2.03078 -6 3.92021
      vertex 2.10115 -6 4.06451
    endloop
  endfacet
  facet normal -0.984805 0 -0.173665
    outer loop
      vertex 2.27762 -6 5.3201
      vertex 2.24974 6 5.4782
      vertex 2.27762 6 5.3201
    endloop
  endfacet
  facet normal -0.984805 -0 -0.173665
    outer loop
      vertex 2.24974 6 5.4782
      vertex 2.27762 -6 5.3201
      vertex 2.24974 -6 5.4782
    endloop
  endfacet
  facet normal 0.642779 0 -0.766052
    outer loop
      vertex -1.539 -6 6.70923
      vertex -1.41602 6 6.81242
      vertex -1.41602 -6 6.81242
    endloop
  endfacet
  facet normal 0.642779 0 -0.766052
    outer loop
      vertex -1.41602 6 6.81242
      vertex -1.539 -6 6.70923
      vertex -1.539 6 6.70923
    endloop
  endfacet
  facet normal -0.866023 0 -0.500005
    outer loop
      vertex 2.03078 -6 6.07978
      vertex 1.95051 6 6.21881
      vertex 2.03078 6 6.07978
    endloop
  endfacet
  facet normal -0.866023 -0 -0.500005
    outer loop
      vertex 1.95051 6 6.21881
      vertex 2.03078 -6 6.07978
      vertex 1.95051 -6 6.21881
    endloop
  endfacet
  facet normal -0.829058 0 0.559163
    outer loop
      vertex 1.86074 -6 3.64809
      vertex 1.95051 6 3.78119
      vertex 1.86074 6 3.64809
    endloop
  endfacet
  facet normal -0.829058 0 0.559163
    outer loop
      vertex 1.95051 6 3.78119
      vertex 1.86074 -6 3.64809
      vertex 1.95051 -6 3.78119
    endloop
  endfacet
  facet normal 0.829058 -0 0.559163
    outer loop
      vertex -1.95051 -6 3.78119
      vertex -1.86074 6 3.64809
      vertex -1.95051 6 3.78119
    endloop
  endfacet
  facet normal 0.829058 0 0.559163
    outer loop
      vertex -1.86074 6 3.64809
      vertex -1.95051 -6 3.78119
      vertex -1.86074 -6 3.64809
    endloop
  endfacet
  facet normal -0.694666 0 -0.719333
    outer loop
      vertex 1.539 -6 6.70923
      vertex 1.65448 6 6.59771
      vertex 1.65448 -6 6.59771
    endloop
  endfacet
  facet normal -0.694666 0 -0.719333
    outer loop
      vertex 1.65448 6 6.59771
      vertex 1.539 -6 6.70923
      vertex 1.539 6 6.70923
    endloop
  endfacet
  facet normal -0.529921 0 -0.848047
    outer loop
      vertex 1.15 -6 6.99186
      vertex 1.28614 6 6.90679
      vertex 1.28614 -6 6.90679
    endloop
  endfacet
  facet normal -0.529921 0 -0.848047
    outer loop
      vertex 1.28614 6 6.90679
      vertex 1.15 -6 6.99186
      vertex 1.15 6 6.99186
    endloop
  endfacet
  facet normal -0.927174 0 -0.374632
    outer loop
      vertex 2.16129 -6 5.78665
      vertex 2.10115 6 5.93549
      vertex 2.16129 6 5.78665
    endloop
  endfacet
  facet normal -0.927174 -0 -0.374632
    outer loop
      vertex 2.10115 6 5.93549
      vertex 2.16129 -6 5.78665
      vertex 2.10115 -6 5.93549
    endloop
  endfacet
  facet normal 0.787988 -0 0.61569
    outer loop
      vertex -1.86074 -6 3.64809
      vertex -1.7619 6 3.52159
      vertex -1.86074 6 3.64809
    endloop
  endfacet
  facet normal 0.787988 0 0.61569
    outer loop
      vertex -1.7619 6 3.52159
      vertex -1.86074 -6 3.64809
      vertex -1.7619 -6 3.52159
    endloop
  endfacet
  facet normal 0.139158 0 -0.99027
    outer loop
      vertex -0.39939 -6 7.26506
      vertex -0.240415 6 7.2874
      vertex -0.240415 -6 7.2874
    endloop
  endfacet
  facet normal 0.139158 0 -0.99027
    outer loop
      vertex -0.240415 6 7.2874
      vertex -0.39939 -6 7.26506
      vertex -0.39939 6 7.26506
    endloop
  endfacet
  facet normal -0.694666 0 0.719333
    outer loop
      vertex 1.539 -5 3.29077
      vertex 1.65448 -6 3.40229
      vertex 1.65448 -5 3.40229
    endloop
  endfacet
  facet normal -0.694666 0 0.719333
    outer loop
      vertex 1.65448 -6 3.40229
      vertex 1.539 -5 3.29077
      vertex 1.539 -6 3.29077
    endloop
  endfacet
  facet normal -0.694666 0 0.719333
    outer loop
      vertex 1.539 6 3.29077
      vertex 1.65448 5 3.40229
      vertex 1.65448 6 3.40229
    endloop
  endfacet
  facet normal -0.694666 0 0.719333
    outer loop
      vertex 1.65448 5 3.40229
      vertex 1.539 6 3.29077
      vertex 1.539 5 3.29077
    endloop
  endfacet
  facet normal 0.994523 -0 0.104523
    outer loop
      vertex -2.2944 -6 4.83956
      vertex -2.27762 6 4.6799
      vertex -2.2944 6 4.83956
    endloop
  endfacet
  facet normal 0.994523 0 0.104523
    outer loop
      vertex -2.27762 6 4.6799
      vertex -2.2944 -6 4.83956
      vertex -2.27762 -6 4.6799
    endloop
  endfacet
  facet normal 0.207925 0 0.978145
    outer loop
      vertex -0.55642 -5 2.76832
      vertex -0.39939 -6 2.73494
      vertex -0.39939 -5 2.73494
    endloop
  endfacet
  facet normal 0.207925 0 0.978145
    outer loop
      vertex -0.39939 -6 2.73494
      vertex -0.55642 -5 2.76832
      vertex -0.55642 -6 2.76832
    endloop
  endfacet
  facet normal 0.207925 0 0.978145
    outer loop
      vertex -0.55642 6 2.76832
      vertex -0.39939 5 2.73494
      vertex -0.39939 6 2.73494
    endloop
  endfacet
  facet normal 0.207925 0 0.978145
    outer loop
      vertex -0.39939 5 2.73494
      vertex -0.55642 6 2.76832
      vertex -0.55642 5 2.76832
    endloop
  endfacet
  facet normal 0.927174 0 -0.374632
    outer loop
      vertex -2.10115 -6 5.93549
      vertex -2.16129 6 5.78665
      vertex -2.10115 6 5.93549
    endloop
  endfacet
  facet normal 0.927174 0 -0.374632
    outer loop
      vertex -2.16129 6 5.78665
      vertex -2.10115 -6 5.93549
      vertex -2.16129 -6 5.78665
    endloop
  endfacet
  facet normal 0.984805 0 -0.173665
    outer loop
      vertex -2.24974 -6 5.4782
      vertex -2.27762 6 5.3201
      vertex -2.24974 6 5.4782
    endloop
  endfacet
  facet normal 0.984805 0 -0.173665
    outer loop
      vertex -2.27762 6 5.3201
      vertex -2.24974 -6 5.4782
      vertex -2.27762 -6 5.3201
    endloop
  endfacet
  facet normal 0.469472 0 -0.882947
    outer loop
      vertex -1.15 -6 6.99186
      vertex -1.00825 6 7.06723
      vertex -1.00825 -6 7.06723
    endloop
  endfacet
  facet normal 0.469472 0 -0.882947
    outer loop
      vertex -1.00825 6 7.06723
      vertex -1.15 -6 6.99186
      vertex -1.15 6 6.99186
    endloop
  endfacet
  facet normal 0.898818 -0 0.438322
    outer loop
      vertex -2.10115 -6 4.06451
      vertex -2.03078 6 3.92021
      vertex -2.10115 6 4.06451
    endloop
  endfacet
  facet normal 0.898818 0 0.438322
    outer loop
      vertex -2.03078 6 3.92021
      vertex -2.10115 -6 4.06451
      vertex -2.03078 -6 3.92021
    endloop
  endfacet
  facet normal 0.0697653 0 -0.997563
    outer loop
      vertex -0.240415 -6 7.2874
      vertex -0.0802679 6 7.2986
      vertex -0.0802679 -6 7.2986
    endloop
  endfacet
  facet normal 0.0697653 0 -0.997563
    outer loop
      vertex -0.0802679 6 7.2986
      vertex -0.240415 -6 7.2874
      vertex -0.240415 6 7.2874
    endloop
  endfacet
  facet normal 0.342034 0 0.939688
    outer loop
      vertex -0.861595 -5 2.86748
      vertex -0.710738 -6 2.81257
      vertex -0.710738 -5 2.81257
    endloop
  endfacet
  facet normal 0.342034 0 0.939688
    outer loop
      vertex -0.710738 -6 2.81257
      vertex -0.861595 -5 2.86748
      vertex -0.861595 -6 2.86748
    endloop
  endfacet
  facet normal 0.342034 0 0.939688
    outer loop
      vertex -0.861595 6 2.86748
      vertex -0.710738 5 2.81257
      vertex -0.710738 6 2.81257
    endloop
  endfacet
  facet normal 0.342034 0 0.939688
    outer loop
      vertex -0.710738 5 2.81257
      vertex -0.861595 6 2.86748
      vertex -0.861595 5 2.86748
    endloop
  endfacet
  facet normal 0.694666 0 -0.719333
    outer loop
      vertex -1.65448 -6 6.59771
      vertex -1.539 6 6.70923
      vertex -1.539 -6 6.70923
    endloop
  endfacet
  facet normal 0.694666 0 -0.719333
    outer loop
      vertex -1.539 6 6.70923
      vertex -1.65448 -6 6.59771
      vertex -1.65448 6 6.59771
    endloop
  endfacet
  facet normal 0.829058 0 -0.559163
    outer loop
      vertex -1.86074 -6 6.35191
      vertex -1.95051 6 6.21881
      vertex -1.86074 6 6.35191
    endloop
  endfacet
  facet normal 0.829058 0 -0.559163
    outer loop
      vertex -1.95051 6 6.21881
      vertex -1.86074 -6 6.35191
      vertex -1.95051 -6 6.21881
    endloop
  endfacet
  facet normal 0.529921 0 0.848047
    outer loop
      vertex -1.28614 -5 3.09321
      vertex -1.15 -6 3.00814
      vertex -1.15 -5 3.00814
    endloop
  endfacet
  facet normal 0.529921 0 0.848047
    outer loop
      vertex -1.15 -6 3.00814
      vertex -1.28614 -5 3.09321
      vertex -1.28614 -6 3.09321
    endloop
  endfacet
  facet normal 0.529921 0 0.848047
    outer loop
      vertex -1.28614 6 3.09321
      vertex -1.15 5 3.00814
      vertex -1.15 6 3.00814
    endloop
  endfacet
  facet normal 0.529921 0 0.848047
    outer loop
      vertex -1.15 5 3.00814
      vertex -1.28614 6 3.09321
      vertex -1.28614 5 3.09321
    endloop
  endfacet
  facet normal -0.207925 0 -0.978145
    outer loop
      vertex 0.39939 -6 7.26506
      vertex 0.55642 6 7.23168
      vertex 0.55642 -6 7.23168
    endloop
  endfacet
  facet normal -0.207925 0 -0.978145
    outer loop
      vertex 0.55642 6 7.23168
      vertex 0.39939 -6 7.26506
      vertex 0.39939 6 7.26506
    endloop
  endfacet
  facet normal 0.999391 0 -0.0348828
    outer loop
      vertex -2.2944 -6 5.16044
      vertex -2.3 6 5
      vertex -2.2944 6 5.16044
    endloop
  endfacet
  facet normal 0.999391 0 -0.0348828
    outer loop
      vertex -2.3 6 5
      vertex -2.2944 -6 5.16044
      vertex -2.3 -6 5
    endloop
  endfacet
  facet normal 0.469472 0 0.882947
    outer loop
      vertex -1.15 -5 3.00814
      vertex -1.00825 -6 2.93277
      vertex -1.00825 -5 2.93277
    endloop
  endfacet
  facet normal 0.469472 0 0.882947
    outer loop
      vertex -1.00825 -6 2.93277
      vertex -1.15 -5 3.00814
      vertex -1.15 -6 3.00814
    endloop
  endfacet
  facet normal 0.469472 0 0.882947
    outer loop
      vertex -1.15 6 3.00814
      vertex -1.00825 5 2.93277
      vertex -1.00825 6 2.93277
    endloop
  endfacet
  facet normal 0.469472 0 0.882947
    outer loop
      vertex -1.00825 5 2.93277
      vertex -1.15 6 3.00814
      vertex -1.15 5 3.00814
    endloop
  endfacet
  facet normal 0.275638 0 0.961262
    outer loop
      vertex -0.710738 -5 2.81257
      vertex -0.55642 -6 2.76832
      vertex -0.55642 -5 2.76832
    endloop
  endfacet
  facet normal 0.275638 0 0.961262
    outer loop
      vertex -0.55642 -6 2.76832
      vertex -0.710738 -5 2.81257
      vertex -0.710738 -6 2.81257
    endloop
  endfacet
  facet normal 0.275638 0 0.961262
    outer loop
      vertex -0.710738 6 2.81257
      vertex -0.55642 5 2.76832
      vertex -0.55642 6 2.76832
    endloop
  endfacet
  facet normal 0.275638 0 0.961262
    outer loop
      vertex -0.55642 5 2.76832
      vertex -0.710738 6 2.81257
      vertex -0.710738 5 2.81257
    endloop
  endfacet
  facet normal 0.951054 0 -0.309024
    outer loop
      vertex -2.16129 -6 5.78665
      vertex -2.2109 6 5.63397
      vertex -2.16129 6 5.78665
    endloop
  endfacet
  facet normal 0.951054 0 -0.309024
    outer loop
      vertex -2.2109 6 5.63397
      vertex -2.16129 -6 5.78665
      vertex -2.2109 -6 5.63397
    endloop
  endfacet
  facet normal 0 0 -1
    outer loop
      vertex -0.0802679 -6 7.2986
      vertex 0.0802679 6 7.2986
      vertex 0.0802679 -6 7.2986
    endloop
  endfacet
  facet normal -0 0 -1
    outer loop
      vertex 0.0802679 6 7.2986
      vertex -0.0802679 -6 7.2986
      vertex -0.0802679 6 7.2986
    endloop
  endfacet
  facet normal 0.898806 0 -0.438346
    outer loop
      vertex -2.03078 -6 6.07978
      vertex -2.10115 6 5.93549
      vertex -2.03078 6 6.07978
    endloop
  endfacet
  facet normal 0.898806 0 -0.438346
    outer loop
      vertex -2.10115 6 5.93549
      vertex -2.03078 -6 6.07978
      vertex -2.10115 -6 5.93549
    endloop
  endfacet
endsolid OpenSCAD_Model
