solid OpenSCAD_Model
  facet normal 0 0 -1
    outer loop
      vertex -22.93 6.5 0
      vertex -21.77 6.87 0
      vertex -21.77 6.5 0
    endloop
  endfacet
  facet normal 0 0 -1
    outer loop
      vertex -21.77 6.87 0
      vertex -22.0247 10.1702 0
      vertex -21.8858 10.3482 0
    endloop
  endfacet
  facet normal 0 0 -1
    outer loop
      vertex -21.77 6.87 0
      vertex -22.1547 9.98561 0
      vertex -22.0247 10.1702 0
    endloop
  endfacet
  facet normal 0 0 -1
    outer loop
      vertex -21.77 6.87 0
      vertex -22.2755 9.79486 0
      vertex -22.1547 9.98561 0
    endloop
  endfacet
  facet normal 0 0 -1
    outer loop
      vertex -21.77 6.87 0
      vertex -22.3868 9.59842 0
      vertex -22.2755 9.79486 0
    endloop
  endfacet
  facet normal 0 0 -1
    outer loop
      vertex -21.77 6.87 0
      vertex -22.4883 9.39674 0
      vertex -22.3868 9.59842 0
    endloop
  endfacet
  facet normal 0 0 -1
    outer loop
      vertex -21.77 6.87 0
      vertex -22.5798 9.19034 0
      vertex -22.4883 9.39674 0
    endloop
  endfacet
  facet normal 0 0 -1
    outer loop
      vertex -21.77 6.87 0
      vertex -22.6611 8.97969 0
      vertex -22.5798 9.19034 0
    endloop
  endfacet
  facet normal 0 0 -1
    outer loop
      vertex -21.77 6.87 0
      vertex -22.7319 8.7653 0
      vertex -22.6611 8.97969 0
    endloop
  endfacet
  facet normal 0 0 -1
    outer loop
      vertex -21.77 6.87 0
      vertex -22.7921 8.5477 0
      vertex -22.7319 8.7653 0
    endloop
  endfacet
  facet normal 0 0 -1
    outer loop
      vertex -21.77 6.87 0
      vertex -22.8416 8.32741 0
      vertex -22.7921 8.5477 0
    endloop
  endfacet
  facet normal 0 0 -1
    outer loop
      vertex -21.77 6.87 0
      vertex -22.8802 8.10495 0
      vertex -22.8416 8.32741 0
    endloop
  endfacet
  facet normal 0 0 -1
    outer loop
      vertex -21.77 6.87 0
      vertex -22.9078 7.88087 0
      vertex -22.8802 8.10495 0
    endloop
  endfacet
  facet normal 0 0 -1
    outer loop
      vertex -21.77 6.87 0
      vertex -22.9244 7.6557 0
      vertex -22.9078 7.88087 0
    endloop
  endfacet
  facet normal -0 0 -1
    outer loop
      vertex -21.77 6.87 0
      vertex -22.93 6.5 0
      vertex -22.93 7.42999 0
    endloop
  endfacet
  facet normal 0 0 -1
    outer loop
      vertex -21.77 6.87 0
      vertex -22.93 7.42999 0
      vertex -22.9244 7.6557 0
    endloop
  endfacet
  facet normal 0 0 -1
    outer loop
      vertex 11.7267 -7.45692 0
      vertex 12.93 -7.42999 0
      vertex 12.9244 -7.6557 0
    endloop
  endfacet
  facet normal 0 0 -1
    outer loop
      vertex 12.93 -7.42999 0
      vertex 11.77 -6.87 0
      vertex 12.93 7.42999 0
    endloop
  endfacet
  facet normal 0 0 -1
    outer loop
      vertex 11.6931 -7.65036 0
      vertex 12.9244 -7.6557 0
      vertex 12.9078 -7.88087 0
    endloop
  endfacet
  facet normal 0 0 -1
    outer loop
      vertex 11.77 6.87 0
      vertex 12.93 7.42999 0
      vertex 11.77 -6.87 0
    endloop
  endfacet
  facet normal 0 0 -1
    outer loop
      vertex 11.6501 -7.84192 0
      vertex 12.9078 -7.88087 0
      vertex 12.8802 -8.10495 0
    endloop
  endfacet
  facet normal 0 0 -1
    outer loop
      vertex 11.7652 7.06627 0
      vertex 12.93 7.42999 0
      vertex 11.77 6.87 0
    endloop
  endfacet
  facet normal 0 0 -1
    outer loop
      vertex 11.6501 -7.84192 0
      vertex 12.8802 -8.10495 0
      vertex 12.8416 -8.32741 0
    endloop
  endfacet
  facet normal 0 0 -1
    outer loop
      vertex 11.7507 7.26207 0
      vertex 12.93 7.42999 0
      vertex 11.7652 7.06627 0
    endloop
  endfacet
  facet normal 0 0 -1
    outer loop
      vertex 11.5977 -8.03113 0
      vertex 12.8416 -8.32741 0
      vertex 12.7921 -8.5477 0
    endloop
  endfacet
  facet normal 0 0 -1
    outer loop
      vertex 11.7267 7.45692 0
      vertex 12.93 7.42999 0
      vertex 11.7507 7.26207 0
    endloop
  endfacet
  facet normal 0 0 -1
    outer loop
      vertex 11.5362 -8.21756 0
      vertex 12.7921 -8.5477 0
      vertex 12.7319 -8.7653 0
    endloop
  endfacet
  facet normal 0 0 -1
    outer loop
      vertex 12.93 7.42999 0
      vertex 11.7267 7.45692 0
      vertex 12.9244 7.6557 0
    endloop
  endfacet
  facet normal 0 0 -1
    outer loop
      vertex 11.4655 -8.40073 0
      vertex 12.7319 -8.7653 0
      vertex 12.6611 -8.97969 0
    endloop
  endfacet
  facet normal 0 0 -1
    outer loop
      vertex 11.6931 7.65036 0
      vertex 12.9244 7.6557 0
      vertex 11.7267 7.45692 0
    endloop
  endfacet
  facet normal 0 0 -1
    outer loop
      vertex 11.3859 -8.58022 0
      vertex 12.6611 -8.97969 0
      vertex 12.5798 -9.19034 0
    endloop
  endfacet
  facet normal -0 0 -1
    outer loop
      vertex 12.9244 7.6557 0
      vertex 11.6931 7.65036 0
      vertex 12.9078 7.88087 0
    endloop
  endfacet
  facet normal 0 0 -1
    outer loop
      vertex 11.2977 -8.75558 0
      vertex 12.5798 -9.19034 0
      vertex 12.4883 -9.39674 0
    endloop
  endfacet
  facet normal 0 0 -1
    outer loop
      vertex 11.6501 7.84192 0
      vertex 12.9078 7.88087 0
      vertex 11.6931 7.65036 0
    endloop
  endfacet
  facet normal 0 0 -1
    outer loop
      vertex 11.2009 -8.92641 0
      vertex 12.4883 -9.39674 0
      vertex 12.3868 -9.59842 0
    endloop
  endfacet
  facet normal -0 0 -1
    outer loop
      vertex 12.9078 7.88087 0
      vertex 11.6501 7.84192 0
      vertex 12.8802 8.10495 0
    endloop
  endfacet
  facet normal 0 0 -1
    outer loop
      vertex 11.2009 -8.92641 0
      vertex 12.3868 -9.59842 0
      vertex 12.2755 -9.79486 0
    endloop
  endfacet
  facet normal -0 0 -1
    outer loop
      vertex 12.8802 8.10495 0
      vertex 11.6501 7.84192 0
      vertex 12.8416 8.32741 0
    endloop
  endfacet
  facet normal 0 0 -1
    outer loop
      vertex 11.0959 -9.09227 0
      vertex 12.2755 -9.79486 0
      vertex 12.1547 -9.98561 0
    endloop
  endfacet
  facet normal 0 0 -1
    outer loop
      vertex 11.5977 8.03113 0
      vertex 12.8416 8.32741 0
      vertex 11.6501 7.84192 0
    endloop
  endfacet
  facet normal 0 0 -1
    outer loop
      vertex 10.9828 -9.25279 0
      vertex 12.1547 -9.98561 0
      vertex 12.0247 -10.1702 0
    endloop
  endfacet
  facet normal -0 0 -1
    outer loop
      vertex 12.8416 8.32741 0
      vertex 11.5977 8.03113 0
      vertex 12.7921 8.5477 0
    endloop
  endfacet
  facet normal 0 0 -1
    outer loop
      vertex 10.862 -9.40756 0
      vertex 12.0247 -10.1702 0
      vertex 11.8858 -10.3482 0
    endloop
  endfacet
  facet normal 0 0 -1
    outer loop
      vertex 11.5362 8.21756 0
      vertex 12.7921 8.5477 0
      vertex 11.5977 8.03113 0
    endloop
  endfacet
  facet normal -0 0 -1
    outer loop
      vertex 12.7921 8.5477 0
      vertex 11.5362 8.21756 0
      vertex 12.7319 8.7653 0
    endloop
  endfacet
  facet normal 0 0 -1
    outer loop
      vertex 12.93 -7.42999 0
      vertex 11.7652 -7.06627 0
      vertex 11.77 -6.87 0
    endloop
  endfacet
  facet normal 0 0 -1
    outer loop
      vertex 12.93 -7.42999 0
      vertex 11.7507 -7.26207 0
      vertex 11.7652 -7.06627 0
    endloop
  endfacet
  facet normal 0 0 -1
    outer loop
      vertex 10.7338 -9.55623 0
      vertex 11.8858 -10.3482 0
      vertex 11.7384 -10.5192 0
    endloop
  endfacet
  facet normal -0 0 -1
    outer loop
      vertex 12.93 -7.42999 0
      vertex 11.7267 -7.45692 0
      vertex 11.7507 -7.26207 0
    endloop
  endfacet
  facet normal 0 0 -1
    outer loop
      vertex 12.9244 -7.6557 0
      vertex 11.6931 -7.65036 0
      vertex 11.7267 -7.45692 0
    endloop
  endfacet
  facet normal 0 0 -1
    outer loop
      vertex 12.9078 -7.88087 0
      vertex 11.6501 -7.84192 0
      vertex 11.6931 -7.65036 0
    endloop
  endfacet
  facet normal 0 0 -1
    outer loop
      vertex 12.8416 -8.32741 0
      vertex 11.5977 -8.03113 0
      vertex 11.6501 -7.84192 0
    endloop
  endfacet
  facet normal 0 0 -1
    outer loop
      vertex 10.5984 -9.69843 0
      vertex 11.7384 -10.5192 0
      vertex 11.5827 -10.6827 0
    endloop
  endfacet
  facet normal 0 0 -1
    outer loop
      vertex 12.7921 -8.5477 0
      vertex 11.5362 -8.21756 0
      vertex 11.5977 -8.03113 0
    endloop
  endfacet
  facet normal 0 0 -1
    outer loop
      vertex 12.7319 -8.7653 0
      vertex 11.4655 -8.40073 0
      vertex 11.5362 -8.21756 0
    endloop
  endfacet
  facet normal 0 0 -1
    outer loop
      vertex 10.5984 -9.69843 0
      vertex 11.5827 -10.6827 0
      vertex 11.4192 -10.8384 0
    endloop
  endfacet
  facet normal 0 0 -1
    outer loop
      vertex 12.6611 -8.97969 0
      vertex 11.3859 -8.58022 0
      vertex 11.4655 -8.40073 0
    endloop
  endfacet
  facet normal 0 0 -1
    outer loop
      vertex 12.5798 -9.19034 0
      vertex 11.2977 -8.75558 0
      vertex 11.3859 -8.58022 0
    endloop
  endfacet
  facet normal 0 0 -1
    outer loop
      vertex 10.4562 -9.8338 0
      vertex 11.4192 -10.8384 0
      vertex 11.2482 -10.9858 0
    endloop
  endfacet
  facet normal 0 0 -1
    outer loop
      vertex 12.4883 -9.39674 0
      vertex 11.2009 -8.92641 0
      vertex 11.2977 -8.75558 0
    endloop
  endfacet
  facet normal 0 0 -1
    outer loop
      vertex 12.2755 -9.79486 0
      vertex 11.0959 -9.09227 0
      vertex 11.2009 -8.92641 0
    endloop
  endfacet
  facet normal 0 0 -1
    outer loop
      vertex 10.3076 -9.96204 0
      vertex 11.2482 -10.9858 0
      vertex 11.0702 -11.1247 0
    endloop
  endfacet
  facet normal 0 0 -1
    outer loop
      vertex 12.1547 -9.98561 0
      vertex 10.9828 -9.25279 0
      vertex 11.0959 -9.09227 0
    endloop
  endfacet
  facet normal 0 0 -1
    outer loop
      vertex 10.1528 -10.0828 0
      vertex 11.0702 -11.1247 0
      vertex 10.8856 -11.2547 0
    endloop
  endfacet
  facet normal 0 0 -1
    outer loop
      vertex 12.0247 -10.1702 0
      vertex 10.862 -9.40756 0
      vertex 10.9828 -9.25279 0
    endloop
  endfacet
  facet normal 0 0 -1
    outer loop
      vertex 11.8858 -10.3482 0
      vertex 10.7338 -9.55623 0
      vertex 10.862 -9.40756 0
    endloop
  endfacet
  facet normal 0 0 -1
    outer loop
      vertex 9.99226 -10.1959 0
      vertex 10.8856 -11.2547 0
      vertex 10.6949 -11.3755 0
    endloop
  endfacet
  facet normal 0 0 -1
    outer loop
      vertex 11.7384 -10.5192 0
      vertex 10.5984 -9.69843 0
      vertex 10.7338 -9.55623 0
    endloop
  endfacet
  facet normal 0 0 -1
    outer loop
      vertex 9.8264 -10.3009 0
      vertex 10.6949 -11.3755 0
      vertex 10.4984 -11.4868 0
    endloop
  endfacet
  facet normal 0 0 -1
    outer loop
      vertex 11.4192 -10.8384 0
      vertex 10.4562 -9.8338 0
      vertex 10.5984 -9.69843 0
    endloop
  endfacet
  facet normal 0 0 -1
    outer loop
      vertex 11.2482 -10.9858 0
      vertex 10.3076 -9.96204 0
      vertex 10.4562 -9.8338 0
    endloop
  endfacet
  facet normal 0 0 -1
    outer loop
      vertex 9.8264 -10.3009 0
      vertex 10.4984 -11.4868 0
      vertex 10.2967 -11.5883 0
    endloop
  endfacet
  facet normal 0 0 -1
    outer loop
      vertex 11.0702 -11.1247 0
      vertex 10.1528 -10.0828 0
      vertex 10.3076 -9.96204 0
    endloop
  endfacet
  facet normal 0 0 -1
    outer loop
      vertex 9.65558 -10.3977 0
      vertex 10.2967 -11.5883 0
      vertex 10.0903 -11.6798 0
    endloop
  endfacet
  facet normal 0 0 -1
    outer loop
      vertex 10.8856 -11.2547 0
      vertex 9.99226 -10.1959 0
      vertex 10.1528 -10.0828 0
    endloop
  endfacet
  facet normal 0 0 -1
    outer loop
      vertex 9.48021 -10.4859 0
      vertex 10.0903 -11.6798 0
      vertex 9.87968 -11.7611 0
    endloop
  endfacet
  facet normal 0 0 -1
    outer loop
      vertex 10.6949 -11.3755 0
      vertex 9.8264 -10.3009 0
      vertex 9.99226 -10.1959 0
    endloop
  endfacet
  facet normal 0 0 -1
    outer loop
      vertex 9.30072 -10.5655 0
      vertex 9.87968 -11.7611 0
      vertex 9.6653 -11.8319 0
    endloop
  endfacet
  facet normal 0 0 -1
    outer loop
      vertex 10.2967 -11.5883 0
      vertex 9.65558 -10.3977 0
      vertex 9.8264 -10.3009 0
    endloop
  endfacet
  facet normal 0 0 -1
    outer loop
      vertex 10.0903 -11.6798 0
      vertex 9.48021 -10.4859 0
      vertex 9.65558 -10.3977 0
    endloop
  endfacet
  facet normal 0 0 -1
    outer loop
      vertex 9.11755 -10.6362 0
      vertex 9.6653 -11.8319 0
      vertex 9.44769 -11.8921 0
    endloop
  endfacet
  facet normal 0 0 -1
    outer loop
      vertex 9.87968 -11.7611 0
      vertex 9.30072 -10.5655 0
      vertex 9.48021 -10.4859 0
    endloop
  endfacet
  facet normal 0 0 -1
    outer loop
      vertex 8.93112 -10.6978 0
      vertex 9.44769 -11.8921 0
      vertex 9.2274 -11.9416 0
    endloop
  endfacet
  facet normal 0 0 -1
    outer loop
      vertex 9.6653 -11.8319 0
      vertex 9.11755 -10.6362 0
      vertex 9.30072 -10.5655 0
    endloop
  endfacet
  facet normal 0 0 -1
    outer loop
      vertex 8.93112 -10.6978 0
      vertex 9.2274 -11.9416 0
      vertex 9.00494 -11.9802 0
    endloop
  endfacet
  facet normal 0 0 -1
    outer loop
      vertex 9.44769 -11.8921 0
      vertex 8.93112 -10.6978 0
      vertex 9.11755 -10.6362 0
    endloop
  endfacet
  facet normal 0 0 -1
    outer loop
      vertex 8.74191 -10.7501 0
      vertex 9.00494 -11.9802 0
      vertex 8.78087 -12.0078 0
    endloop
  endfacet
  facet normal 0 0 -1
    outer loop
      vertex 9.00494 -11.9802 0
      vertex 8.74191 -10.7501 0
      vertex 8.93112 -10.6978 0
    endloop
  endfacet
  facet normal 0 0 -1
    outer loop
      vertex 8.55035 -10.7931 0
      vertex 8.78087 -12.0078 0
      vertex 8.55569 -12.0244 0
    endloop
  endfacet
  facet normal 0 0 -1
    outer loop
      vertex 8.78087 -12.0078 0
      vertex 8.55035 -10.7931 0
      vertex 8.74191 -10.7501 0
    endloop
  endfacet
  facet normal 0 0 -1
    outer loop
      vertex 8.55569 -12.0244 0
      vertex 8.35692 -10.8267 0
      vertex 8.55035 -10.7931 0
    endloop
  endfacet
  facet normal 0 0 -1
    outer loop
      vertex 8.32999 -12.03 0
      vertex 8.35692 -10.8267 0
      vertex 8.55569 -12.0244 0
    endloop
  endfacet
  facet normal 0 0 -1
    outer loop
      vertex 8.32999 -12.03 0
      vertex 8.16206 -10.8507 0
      vertex 8.35692 -10.8267 0
    endloop
  endfacet
  facet normal 0 0 -1
    outer loop
      vertex 8.32999 -12.03 0
      vertex 7.96626 -10.8652 0
      vertex 8.16206 -10.8507 0
    endloop
  endfacet
  facet normal 0 0 -1
    outer loop
      vertex 8.32999 -12.03 0
      vertex 7.76999 -10.87 0
      vertex 7.96626 -10.8652 0
    endloop
  endfacet
  facet normal 0 0 -1
    outer loop
      vertex 8.32999 -12.03 0
      vertex -17.77 -10.87 0
      vertex 7.76999 -10.87 0
    endloop
  endfacet
  facet normal 0 0 -1
    outer loop
      vertex -18.33 -12.03 0
      vertex -17.77 -10.87 0
      vertex 8.32999 -12.03 0
    endloop
  endfacet
  facet normal -0 0 -1
    outer loop
      vertex -17.77 -10.87 0
      vertex -18.33 -12.03 0
      vertex -17.9663 -10.8652 0
    endloop
  endfacet
  facet normal 0 0 -1
    outer loop
      vertex -18.33 -12.03 0
      vertex -18.1621 -10.8507 0
      vertex -17.9663 -10.8652 0
    endloop
  endfacet
  facet normal 0 0 -1
    outer loop
      vertex -18.33 -12.03 0
      vertex -18.3569 -10.8267 0
      vertex -18.1621 -10.8507 0
    endloop
  endfacet
  facet normal 0 0 -1
    outer loop
      vertex -18.5557 -12.0244 0
      vertex -18.3569 -10.8267 0
      vertex -18.33 -12.03 0
    endloop
  endfacet
  facet normal -0 0 -1
    outer loop
      vertex -18.3569 -10.8267 0
      vertex -18.5557 -12.0244 0
      vertex -18.5504 -10.7931 0
    endloop
  endfacet
  facet normal 0 0 -1
    outer loop
      vertex -18.7809 -12.0078 0
      vertex -18.5504 -10.7931 0
      vertex -18.5557 -12.0244 0
    endloop
  endfacet
  facet normal -0 0 -1
    outer loop
      vertex -18.5504 -10.7931 0
      vertex -18.7809 -12.0078 0
      vertex -18.7419 -10.7501 0
    endloop
  endfacet
  facet normal 0 0 -1
    outer loop
      vertex -19.0049 -11.9802 0
      vertex -18.7419 -10.7501 0
      vertex -18.7809 -12.0078 0
    endloop
  endfacet
  facet normal -0 0 -1
    outer loop
      vertex -18.7419 -10.7501 0
      vertex -19.0049 -11.9802 0
      vertex -18.9311 -10.6978 0
    endloop
  endfacet
  facet normal 0 0 -1
    outer loop
      vertex -19.2274 -11.9416 0
      vertex -18.9311 -10.6978 0
      vertex -19.0049 -11.9802 0
    endloop
  endfacet
  facet normal 0 0 -1
    outer loop
      vertex -19.4477 -11.8921 0
      vertex -18.9311 -10.6978 0
      vertex -19.2274 -11.9416 0
    endloop
  endfacet
  facet normal -0 0 -1
    outer loop
      vertex -18.9311 -10.6978 0
      vertex -19.4477 -11.8921 0
      vertex -19.1176 -10.6362 0
    endloop
  endfacet
  facet normal 0 0 -1
    outer loop
      vertex -19.6653 -11.8319 0
      vertex -19.1176 -10.6362 0
      vertex -19.4477 -11.8921 0
    endloop
  endfacet
  facet normal -0 0 -1
    outer loop
      vertex -19.1176 -10.6362 0
      vertex -19.6653 -11.8319 0
      vertex -19.3007 -10.5655 0
    endloop
  endfacet
  facet normal 0 0 -1
    outer loop
      vertex -19.8797 -11.7611 0
      vertex -19.3007 -10.5655 0
      vertex -19.6653 -11.8319 0
    endloop
  endfacet
  facet normal -0 0 -1
    outer loop
      vertex -19.3007 -10.5655 0
      vertex -19.8797 -11.7611 0
      vertex -19.4802 -10.4859 0
    endloop
  endfacet
  facet normal 0 0 -1
    outer loop
      vertex -20.0903 -11.6798 0
      vertex -19.4802 -10.4859 0
      vertex -19.8797 -11.7611 0
    endloop
  endfacet
  facet normal -0 0 -1
    outer loop
      vertex -19.4802 -10.4859 0
      vertex -20.0903 -11.6798 0
      vertex -19.6556 -10.3977 0
    endloop
  endfacet
  facet normal 0 0 -1
    outer loop
      vertex -20.2967 -11.5883 0
      vertex -19.6556 -10.3977 0
      vertex -20.0903 -11.6798 0
    endloop
  endfacet
  facet normal -0 0 -1
    outer loop
      vertex -19.6556 -10.3977 0
      vertex -20.2967 -11.5883 0
      vertex -19.8264 -10.3009 0
    endloop
  endfacet
  facet normal 0 0 -1
    outer loop
      vertex -20.4984 -11.4868 0
      vertex -19.8264 -10.3009 0
      vertex -20.2967 -11.5883 0
    endloop
  endfacet
  facet normal 0 0 -1
    outer loop
      vertex -20.6949 -11.3755 0
      vertex -19.8264 -10.3009 0
      vertex -20.4984 -11.4868 0
    endloop
  endfacet
  facet normal -0 0 -1
    outer loop
      vertex -19.8264 -10.3009 0
      vertex -20.6949 -11.3755 0
      vertex -19.9923 -10.1959 0
    endloop
  endfacet
  facet normal 0 0 -1
    outer loop
      vertex -20.8856 -11.2547 0
      vertex -19.9923 -10.1959 0
      vertex -20.6949 -11.3755 0
    endloop
  endfacet
  facet normal -0 0 -1
    outer loop
      vertex -19.9923 -10.1959 0
      vertex -20.8856 -11.2547 0
      vertex -20.1528 -10.0828 0
    endloop
  endfacet
  facet normal 0 0 -1
    outer loop
      vertex -21.0702 -11.1247 0
      vertex -20.1528 -10.0828 0
      vertex -20.8856 -11.2547 0
    endloop
  endfacet
  facet normal -0 0 -1
    outer loop
      vertex -20.1528 -10.0828 0
      vertex -21.0702 -11.1247 0
      vertex -20.3076 -9.96204 0
    endloop
  endfacet
  facet normal 0 0 -1
    outer loop
      vertex -21.2482 -10.9858 0
      vertex -20.3076 -9.96204 0
      vertex -21.0702 -11.1247 0
    endloop
  endfacet
  facet normal -0 0 -1
    outer loop
      vertex -20.3076 -9.96204 0
      vertex -21.2482 -10.9858 0
      vertex -20.4562 -9.8338 0
    endloop
  endfacet
  facet normal 0 0 -1
    outer loop
      vertex -21.4192 -10.8384 0
      vertex -20.4562 -9.8338 0
      vertex -21.2482 -10.9858 0
    endloop
  endfacet
  facet normal -0 0 -1
    outer loop
      vertex -20.4562 -9.8338 0
      vertex -21.4192 -10.8384 0
      vertex -20.5984 -9.69843 0
    endloop
  endfacet
  facet normal 0 0 -1
    outer loop
      vertex -21.5827 -10.6827 0
      vertex -20.5984 -9.69843 0
      vertex -21.4192 -10.8384 0
    endloop
  endfacet
  facet normal 0 0 -1
    outer loop
      vertex -21.7384 -10.5192 0
      vertex -20.5984 -9.69843 0
      vertex -21.5827 -10.6827 0
    endloop
  endfacet
  facet normal -0 0 -1
    outer loop
      vertex -20.5984 -9.69843 0
      vertex -21.7384 -10.5192 0
      vertex -20.7338 -9.55623 0
    endloop
  endfacet
  facet normal 0 0 -1
    outer loop
      vertex -21.8858 -10.3482 0
      vertex -20.7338 -9.55623 0
      vertex -21.7384 -10.5192 0
    endloop
  endfacet
  facet normal -0 0 -1
    outer loop
      vertex -20.7338 -9.55623 0
      vertex -21.8858 -10.3482 0
      vertex -20.862 -9.40756 0
    endloop
  endfacet
  facet normal 0 0 -1
    outer loop
      vertex -22.0247 -10.1702 0
      vertex -20.862 -9.40756 0
      vertex -21.8858 -10.3482 0
    endloop
  endfacet
  facet normal -0 0 -1
    outer loop
      vertex -20.862 -9.40756 0
      vertex -22.0247 -10.1702 0
      vertex -20.9828 -9.25279 0
    endloop
  endfacet
  facet normal 0 0 -1
    outer loop
      vertex -22.1547 -9.98561 0
      vertex -20.9828 -9.25279 0
      vertex -22.0247 -10.1702 0
    endloop
  endfacet
  facet normal -0 0 -1
    outer loop
      vertex -20.9828 -9.25279 0
      vertex -22.1547 -9.98561 0
      vertex -21.0959 -9.09227 0
    endloop
  endfacet
  facet normal 0 0 -1
    outer loop
      vertex -22.2755 -9.79486 0
      vertex -21.0959 -9.09227 0
      vertex -22.1547 -9.98561 0
    endloop
  endfacet
  facet normal -0 0 -1
    outer loop
      vertex -21.0959 -9.09227 0
      vertex -22.2755 -9.79486 0
      vertex -21.2009 -8.92641 0
    endloop
  endfacet
  facet normal 0 0 -1
    outer loop
      vertex -22.3868 -9.59842 0
      vertex -21.2009 -8.92641 0
      vertex -22.2755 -9.79486 0
    endloop
  endfacet
  facet normal 0 0 -1
    outer loop
      vertex -22.4883 -9.39674 0
      vertex -21.2009 -8.92641 0
      vertex -22.3868 -9.59842 0
    endloop
  endfacet
  facet normal -0 0 -1
    outer loop
      vertex -21.2009 -8.92641 0
      vertex -22.4883 -9.39674 0
      vertex -21.2977 -8.75558 0
    endloop
  endfacet
  facet normal 0 0 -1
    outer loop
      vertex -22.5798 -9.19034 0
      vertex -21.2977 -8.75558 0
      vertex -22.4883 -9.39674 0
    endloop
  endfacet
  facet normal -0 0 -1
    outer loop
      vertex -21.2977 -8.75558 0
      vertex -22.5798 -9.19034 0
      vertex -21.3859 -8.58022 0
    endloop
  endfacet
  facet normal 0 0 -1
    outer loop
      vertex -22.6611 -8.97969 0
      vertex -21.3859 -8.58022 0
      vertex -22.5798 -9.19034 0
    endloop
  endfacet
  facet normal -0 0 -1
    outer loop
      vertex -21.3859 -8.58022 0
      vertex -22.6611 -8.97969 0
      vertex -21.4655 -8.40073 0
    endloop
  endfacet
  facet normal 0 0 -1
    outer loop
      vertex -22.7319 -8.7653 0
      vertex -21.4655 -8.40073 0
      vertex -22.6611 -8.97969 0
    endloop
  endfacet
  facet normal -0 0 -1
    outer loop
      vertex -21.4655 -8.40073 0
      vertex -22.7319 -8.7653 0
      vertex -21.5362 -8.21756 0
    endloop
  endfacet
  facet normal 0 0 -1
    outer loop
      vertex -22.7921 -8.5477 0
      vertex -21.5362 -8.21756 0
      vertex -22.7319 -8.7653 0
    endloop
  endfacet
  facet normal -0 0 -1
    outer loop
      vertex -21.5362 -8.21756 0
      vertex -22.7921 -8.5477 0
      vertex -21.5977 -8.03113 0
    endloop
  endfacet
  facet normal 0 0 -1
    outer loop
      vertex -22.8416 -8.32741 0
      vertex -21.5977 -8.03113 0
      vertex -22.7921 -8.5477 0
    endloop
  endfacet
  facet normal -0 0 -1
    outer loop
      vertex -21.5977 -8.03113 0
      vertex -22.8416 -8.32741 0
      vertex -21.6501 -7.84192 0
    endloop
  endfacet
  facet normal 0 0 -1
    outer loop
      vertex -22.8802 -8.10495 0
      vertex -21.6501 -7.84192 0
      vertex -22.8416 -8.32741 0
    endloop
  endfacet
  facet normal 0 0 -1
    outer loop
      vertex -22.9078 -7.88087 0
      vertex -21.6501 -7.84192 0
      vertex -22.8802 -8.10495 0
    endloop
  endfacet
  facet normal -0 0 -1
    outer loop
      vertex -21.6501 -7.84192 0
      vertex -22.9078 -7.88087 0
      vertex -21.6931 -7.65036 0
    endloop
  endfacet
  facet normal 0 0 -1
    outer loop
      vertex -22.9244 -7.6557 0
      vertex -21.6931 -7.65036 0
      vertex -22.9078 -7.88087 0
    endloop
  endfacet
  facet normal -0 0 -1
    outer loop
      vertex -21.6931 -7.65036 0
      vertex -22.9244 -7.6557 0
      vertex -21.7267 -7.45692 0
    endloop
  endfacet
  facet normal 0 0 -1
    outer loop
      vertex -22.93 -7.42999 0
      vertex -21.7267 -7.45692 0
      vertex -22.9244 -7.6557 0
    endloop
  endfacet
  facet normal 0 0 -1
    outer loop
      vertex -21.7267 -7.45692 0
      vertex -22.93 -7.42999 0
      vertex -21.7507 -7.26207 0
    endloop
  endfacet
  facet normal -0 0 -1
    outer loop
      vertex -21.7507 -7.26207 0
      vertex -22.93 -7.42999 0
      vertex -21.7652 -7.06627 0
    endloop
  endfacet
  facet normal -0 0 -1
    outer loop
      vertex -21.7652 -7.06627 0
      vertex -22.93 -7.42999 0
      vertex -21.77 -6.87 0
    endloop
  endfacet
  facet normal 0 0 -1
    outer loop
      vertex -22.93 -6.5 0
      vertex -21.77 -6.87 0
      vertex -22.93 -7.42999 0
    endloop
  endfacet
  facet normal 0 0 -1
    outer loop
      vertex -21.77 -6.87 0
      vertex -22.93 -6.5 0
      vertex -21.77 -6.5 0
    endloop
  endfacet
  facet normal 0 0 -1
    outer loop
      vertex 11.4655 8.40073 0
      vertex 12.7319 8.7653 0
      vertex 11.5362 8.21756 0
    endloop
  endfacet
  facet normal -0 0 -1
    outer loop
      vertex 12.7319 8.7653 0
      vertex 11.4655 8.40073 0
      vertex 12.6611 8.97969 0
    endloop
  endfacet
  facet normal 0 0 -1
    outer loop
      vertex 11.3859 8.58022 0
      vertex 12.6611 8.97969 0
      vertex 11.4655 8.40073 0
    endloop
  endfacet
  facet normal -0 0 -1
    outer loop
      vertex 12.6611 8.97969 0
      vertex 11.3859 8.58022 0
      vertex 12.5798 9.19034 0
    endloop
  endfacet
  facet normal 0 0 -1
    outer loop
      vertex 11.2977 8.75558 0
      vertex 12.5798 9.19034 0
      vertex 11.3859 8.58022 0
    endloop
  endfacet
  facet normal -0 0 -1
    outer loop
      vertex 12.5798 9.19034 0
      vertex 11.2977 8.75558 0
      vertex 12.4883 9.39674 0
    endloop
  endfacet
  facet normal 0 0 -1
    outer loop
      vertex 11.2009 8.92641 0
      vertex 12.4883 9.39674 0
      vertex 11.2977 8.75558 0
    endloop
  endfacet
  facet normal -0 0 -1
    outer loop
      vertex 12.4883 9.39674 0
      vertex 11.2009 8.92641 0
      vertex 12.3868 9.59842 0
    endloop
  endfacet
  facet normal -0 0 -1
    outer loop
      vertex 12.3868 9.59842 0
      vertex 11.2009 8.92641 0
      vertex 12.2755 9.79486 0
    endloop
  endfacet
  facet normal 0 0 -1
    outer loop
      vertex 11.0959 9.09227 0
      vertex 12.2755 9.79486 0
      vertex 11.2009 8.92641 0
    endloop
  endfacet
  facet normal -0 0 -1
    outer loop
      vertex 12.2755 9.79486 0
      vertex 11.0959 9.09227 0
      vertex 12.1547 9.98561 0
    endloop
  endfacet
  facet normal 0 0 -1
    outer loop
      vertex 10.9828 9.25279 0
      vertex 12.1547 9.98561 0
      vertex 11.0959 9.09227 0
    endloop
  endfacet
  facet normal -0 0 -1
    outer loop
      vertex 12.1547 9.98561 0
      vertex 10.9828 9.25279 0
      vertex 12.0247 10.1702 0
    endloop
  endfacet
  facet normal 0 0 -1
    outer loop
      vertex 10.862 9.40756 0
      vertex 12.0247 10.1702 0
      vertex 10.9828 9.25279 0
    endloop
  endfacet
  facet normal -0 0 -1
    outer loop
      vertex 12.0247 10.1702 0
      vertex 10.862 9.40756 0
      vertex 11.8858 10.3482 0
    endloop
  endfacet
  facet normal 0 0 -1
    outer loop
      vertex 10.7338 9.55623 0
      vertex 11.8858 10.3482 0
      vertex 10.862 9.40756 0
    endloop
  endfacet
  facet normal -0 0 -1
    outer loop
      vertex 11.8858 10.3482 0
      vertex 10.7338 9.55623 0
      vertex 11.7384 10.5192 0
    endloop
  endfacet
  facet normal 0 0 -1
    outer loop
      vertex 10.5984 9.69843 0
      vertex 11.7384 10.5192 0
      vertex 10.7338 9.55623 0
    endloop
  endfacet
  facet normal -0 0 -1
    outer loop
      vertex 11.7384 10.5192 0
      vertex 10.5984 9.69843 0
      vertex 11.5827 10.6827 0
    endloop
  endfacet
  facet normal -0 0 -1
    outer loop
      vertex 11.5827 10.6827 0
      vertex 10.5984 9.69843 0
      vertex 11.4192 10.8384 0
    endloop
  endfacet
  facet normal 0 0 -1
    outer loop
      vertex 10.4562 9.8338 0
      vertex 11.4192 10.8384 0
      vertex 10.5984 9.69843 0
    endloop
  endfacet
  facet normal -0 0 -1
    outer loop
      vertex 11.4192 10.8384 0
      vertex 10.4562 9.8338 0
      vertex 11.2482 10.9858 0
    endloop
  endfacet
  facet normal 0 0 -1
    outer loop
      vertex 10.3076 9.96204 0
      vertex 11.2482 10.9858 0
      vertex 10.4562 9.8338 0
    endloop
  endfacet
  facet normal -0 0 -1
    outer loop
      vertex 11.2482 10.9858 0
      vertex 10.3076 9.96204 0
      vertex 11.0702 11.1247 0
    endloop
  endfacet
  facet normal 0 0 -1
    outer loop
      vertex 10.1528 10.0828 0
      vertex 11.0702 11.1247 0
      vertex 10.3076 9.96204 0
    endloop
  endfacet
  facet normal -0 0 -1
    outer loop
      vertex 11.0702 11.1247 0
      vertex 10.1528 10.0828 0
      vertex 10.8856 11.2547 0
    endloop
  endfacet
  facet normal 0 0 -1
    outer loop
      vertex 9.99226 10.1959 0
      vertex 10.8856 11.2547 0
      vertex 10.1528 10.0828 0
    endloop
  endfacet
  facet normal -0 0 -1
    outer loop
      vertex 10.8856 11.2547 0
      vertex 9.99226 10.1959 0
      vertex 10.6949 11.3755 0
    endloop
  endfacet
  facet normal 0 0 -1
    outer loop
      vertex 9.8264 10.3009 0
      vertex 10.6949 11.3755 0
      vertex 9.99226 10.1959 0
    endloop
  endfacet
  facet normal -0 0 -1
    outer loop
      vertex 10.6949 11.3755 0
      vertex 9.8264 10.3009 0
      vertex 10.4984 11.4868 0
    endloop
  endfacet
  facet normal -0 0 -1
    outer loop
      vertex 10.4984 11.4868 0
      vertex 9.8264 10.3009 0
      vertex 10.2967 11.5883 0
    endloop
  endfacet
  facet normal 0 0 -1
    outer loop
      vertex 9.65558 10.3977 0
      vertex 10.2967 11.5883 0
      vertex 9.8264 10.3009 0
    endloop
  endfacet
  facet normal -0 0 -1
    outer loop
      vertex 10.2967 11.5883 0
      vertex 9.65558 10.3977 0
      vertex 10.0903 11.6798 0
    endloop
  endfacet
  facet normal 0 0 -1
    outer loop
      vertex 9.48021 10.4859 0
      vertex 10.0903 11.6798 0
      vertex 9.65558 10.3977 0
    endloop
  endfacet
  facet normal -0 0 -1
    outer loop
      vertex 10.0903 11.6798 0
      vertex 9.48021 10.4859 0
      vertex 9.87968 11.7611 0
    endloop
  endfacet
  facet normal 0 0 -1
    outer loop
      vertex 9.30072 10.5655 0
      vertex 9.87968 11.7611 0
      vertex 9.48021 10.4859 0
    endloop
  endfacet
  facet normal -0 0 -1
    outer loop
      vertex 9.87968 11.7611 0
      vertex 9.30072 10.5655 0
      vertex 9.6653 11.8319 0
    endloop
  endfacet
  facet normal 0 0 -1
    outer loop
      vertex 9.11755 10.6362 0
      vertex 9.6653 11.8319 0
      vertex 9.30072 10.5655 0
    endloop
  endfacet
  facet normal -0 0 -1
    outer loop
      vertex 9.6653 11.8319 0
      vertex 9.11755 10.6362 0
      vertex 9.44769 11.8921 0
    endloop
  endfacet
  facet normal 0 0 -1
    outer loop
      vertex 8.93112 10.6978 0
      vertex 9.44769 11.8921 0
      vertex 9.11755 10.6362 0
    endloop
  endfacet
  facet normal -0 0 -1
    outer loop
      vertex 9.44769 11.8921 0
      vertex 8.93112 10.6978 0
      vertex 9.2274 11.9416 0
    endloop
  endfacet
  facet normal -0 0 -1
    outer loop
      vertex 9.2274 11.9416 0
      vertex 8.93112 10.6978 0
      vertex 9.00494 11.9802 0
    endloop
  endfacet
  facet normal 0 0 -1
    outer loop
      vertex 8.74191 10.7501 0
      vertex 9.00494 11.9802 0
      vertex 8.93112 10.6978 0
    endloop
  endfacet
  facet normal -0 0 -1
    outer loop
      vertex 9.00494 11.9802 0
      vertex 8.74191 10.7501 0
      vertex 8.78087 12.0078 0
    endloop
  endfacet
  facet normal 0 0 -1
    outer loop
      vertex 8.55035 10.7931 0
      vertex 8.78087 12.0078 0
      vertex 8.74191 10.7501 0
    endloop
  endfacet
  facet normal -0 0 -1
    outer loop
      vertex 8.78087 12.0078 0
      vertex 8.55035 10.7931 0
      vertex 8.55569 12.0244 0
    endloop
  endfacet
  facet normal 0 0 -1
    outer loop
      vertex 8.35692 10.8267 0
      vertex 8.55569 12.0244 0
      vertex 8.55035 10.7931 0
    endloop
  endfacet
  facet normal 0 0 -1
    outer loop
      vertex 8.35692 10.8267 0
      vertex 8.32999 12.03 0
      vertex 8.55569 12.0244 0
    endloop
  endfacet
  facet normal 0 0 -1
    outer loop
      vertex 8.16206 10.8507 0
      vertex 8.32999 12.03 0
      vertex 8.35692 10.8267 0
    endloop
  endfacet
  facet normal 0 0 -1
    outer loop
      vertex 7.96626 10.8652 0
      vertex 8.32999 12.03 0
      vertex 8.16206 10.8507 0
    endloop
  endfacet
  facet normal 0 0 -1
    outer loop
      vertex 7.76999 10.87 0
      vertex 8.32999 12.03 0
      vertex 7.96626 10.8652 0
    endloop
  endfacet
  facet normal 0 0 -1
    outer loop
      vertex -17.77 10.87 0
      vertex 8.32999 12.03 0
      vertex 7.76999 10.87 0
    endloop
  endfacet
  facet normal 0 0 -1
    outer loop
      vertex -18.33 12.03 0
      vertex -17.77 10.87 0
      vertex -17.9663 10.8652 0
    endloop
  endfacet
  facet normal 0 0 -1
    outer loop
      vertex -17.77 10.87 0
      vertex -18.33 12.03 0
      vertex 8.32999 12.03 0
    endloop
  endfacet
  facet normal 0 0 -1
    outer loop
      vertex -18.1621 10.8507 0
      vertex -18.33 12.03 0
      vertex -17.9663 10.8652 0
    endloop
  endfacet
  facet normal 0 0 -1
    outer loop
      vertex -18.3569 10.8267 0
      vertex -18.33 12.03 0
      vertex -18.1621 10.8507 0
    endloop
  endfacet
  facet normal 0 0 -1
    outer loop
      vertex -18.5557 12.0244 0
      vertex -18.3569 10.8267 0
      vertex -18.5504 10.7931 0
    endloop
  endfacet
  facet normal 0 0 -1
    outer loop
      vertex -18.3569 10.8267 0
      vertex -18.5557 12.0244 0
      vertex -18.33 12.03 0
    endloop
  endfacet
  facet normal 0 0 -1
    outer loop
      vertex -18.7809 12.0078 0
      vertex -18.5504 10.7931 0
      vertex -18.7419 10.7501 0
    endloop
  endfacet
  facet normal 0 0 -1
    outer loop
      vertex -18.5504 10.7931 0
      vertex -18.7809 12.0078 0
      vertex -18.5557 12.0244 0
    endloop
  endfacet
  facet normal 0 0 -1
    outer loop
      vertex -19.0049 11.9802 0
      vertex -18.7419 10.7501 0
      vertex -18.9311 10.6978 0
    endloop
  endfacet
  facet normal 0 0 -1
    outer loop
      vertex -18.7419 10.7501 0
      vertex -19.0049 11.9802 0
      vertex -18.7809 12.0078 0
    endloop
  endfacet
  facet normal 0 0 -1
    outer loop
      vertex -19.4477 11.8921 0
      vertex -18.9311 10.6978 0
      vertex -19.1176 10.6362 0
    endloop
  endfacet
  facet normal 0 0 -1
    outer loop
      vertex -18.9311 10.6978 0
      vertex -19.2274 11.9416 0
      vertex -19.0049 11.9802 0
    endloop
  endfacet
  facet normal 0 0 -1
    outer loop
      vertex -19.6653 11.8319 0
      vertex -19.1176 10.6362 0
      vertex -19.3007 10.5655 0
    endloop
  endfacet
  facet normal 0 0 -1
    outer loop
      vertex -18.9311 10.6978 0
      vertex -19.4477 11.8921 0
      vertex -19.2274 11.9416 0
    endloop
  endfacet
  facet normal 0 0 -1
    outer loop
      vertex -19.8797 11.7611 0
      vertex -19.3007 10.5655 0
      vertex -19.4802 10.4859 0
    endloop
  endfacet
  facet normal 0 0 -1
    outer loop
      vertex -20.0903 11.6798 0
      vertex -19.4802 10.4859 0
      vertex -19.6556 10.3977 0
    endloop
  endfacet
  facet normal 0 0 -1
    outer loop
      vertex -19.1176 10.6362 0
      vertex -19.6653 11.8319 0
      vertex -19.4477 11.8921 0
    endloop
  endfacet
  facet normal 0 0 -1
    outer loop
      vertex -20.2967 11.5883 0
      vertex -19.6556 10.3977 0
      vertex -19.8264 10.3009 0
    endloop
  endfacet
  facet normal 0 0 -1
    outer loop
      vertex -19.3007 10.5655 0
      vertex -19.8797 11.7611 0
      vertex -19.6653 11.8319 0
    endloop
  endfacet
  facet normal 0 0 -1
    outer loop
      vertex -20.6949 11.3755 0
      vertex -19.8264 10.3009 0
      vertex -19.9923 10.1959 0
    endloop
  endfacet
  facet normal 0 0 -1
    outer loop
      vertex -19.4802 10.4859 0
      vertex -20.0903 11.6798 0
      vertex -19.8797 11.7611 0
    endloop
  endfacet
  facet normal 0 0 -1
    outer loop
      vertex -20.8856 11.2547 0
      vertex -19.9923 10.1959 0
      vertex -20.1528 10.0828 0
    endloop
  endfacet
  facet normal 0 0 -1
    outer loop
      vertex -19.6556 10.3977 0
      vertex -20.2967 11.5883 0
      vertex -20.0903 11.6798 0
    endloop
  endfacet
  facet normal 0 0 -1
    outer loop
      vertex -21.0702 11.1247 0
      vertex -20.1528 10.0828 0
      vertex -20.3076 9.96204 0
    endloop
  endfacet
  facet normal 0 0 -1
    outer loop
      vertex -21.2482 10.9858 0
      vertex -20.3076 9.96204 0
      vertex -20.4562 9.8338 0
    endloop
  endfacet
  facet normal 0 0 -1
    outer loop
      vertex -19.8264 10.3009 0
      vertex -20.4984 11.4868 0
      vertex -20.2967 11.5883 0
    endloop
  endfacet
  facet normal 0 0 -1
    outer loop
      vertex -21.4192 10.8384 0
      vertex -20.4562 9.8338 0
      vertex -20.5984 9.69843 0
    endloop
  endfacet
  facet normal 0 0 -1
    outer loop
      vertex -19.8264 10.3009 0
      vertex -20.6949 11.3755 0
      vertex -20.4984 11.4868 0
    endloop
  endfacet
  facet normal 0 0 -1
    outer loop
      vertex -21.7384 10.5192 0
      vertex -20.5984 9.69843 0
      vertex -20.7338 9.55623 0
    endloop
  endfacet
  facet normal 0 0 -1
    outer loop
      vertex -21.8858 10.3482 0
      vertex -20.7338 9.55623 0
      vertex -20.862 9.40756 0
    endloop
  endfacet
  facet normal 0 0 -1
    outer loop
      vertex -19.9923 10.1959 0
      vertex -20.8856 11.2547 0
      vertex -20.6949 11.3755 0
    endloop
  endfacet
  facet normal 0 0 -1
    outer loop
      vertex -21.8858 10.3482 0
      vertex -20.862 9.40756 0
      vertex -20.9828 9.25279 0
    endloop
  endfacet
  facet normal 0 0 -1
    outer loop
      vertex -20.1528 10.0828 0
      vertex -21.0702 11.1247 0
      vertex -20.8856 11.2547 0
    endloop
  endfacet
  facet normal 0 0 -1
    outer loop
      vertex -21.8858 10.3482 0
      vertex -20.9828 9.25279 0
      vertex -21.0959 9.09227 0
    endloop
  endfacet
  facet normal 0 0 -1
    outer loop
      vertex -21.8858 10.3482 0
      vertex -21.0959 9.09227 0
      vertex -21.2009 8.92641 0
    endloop
  endfacet
  facet normal 0 0 -1
    outer loop
      vertex -20.3076 9.96204 0
      vertex -21.2482 10.9858 0
      vertex -21.0702 11.1247 0
    endloop
  endfacet
  facet normal 0 0 -1
    outer loop
      vertex -21.8858 10.3482 0
      vertex -21.2009 8.92641 0
      vertex -21.2977 8.75558 0
    endloop
  endfacet
  facet normal 0 0 -1
    outer loop
      vertex -21.8858 10.3482 0
      vertex -21.2977 8.75558 0
      vertex -21.3859 8.58022 0
    endloop
  endfacet
  facet normal 0 0 -1
    outer loop
      vertex -20.4562 9.8338 0
      vertex -21.4192 10.8384 0
      vertex -21.2482 10.9858 0
    endloop
  endfacet
  facet normal 0 0 -1
    outer loop
      vertex -21.8858 10.3482 0
      vertex -21.3859 8.58022 0
      vertex -21.4655 8.40073 0
    endloop
  endfacet
  facet normal 0 0 -1
    outer loop
      vertex -21.8858 10.3482 0
      vertex -21.4655 8.40073 0
      vertex -21.5362 8.21756 0
    endloop
  endfacet
  facet normal 0 0 -1
    outer loop
      vertex -20.5984 9.69843 0
      vertex -21.5827 10.6827 0
      vertex -21.4192 10.8384 0
    endloop
  endfacet
  facet normal 0 0 -1
    outer loop
      vertex -21.8858 10.3482 0
      vertex -21.5362 8.21756 0
      vertex -21.5977 8.03113 0
    endloop
  endfacet
  facet normal 0 0 -1
    outer loop
      vertex -21.8858 10.3482 0
      vertex -21.5977 8.03113 0
      vertex -21.6501 7.84192 0
    endloop
  endfacet
  facet normal 0 0 -1
    outer loop
      vertex -21.8858 10.3482 0
      vertex -21.6501 7.84192 0
      vertex -21.6931 7.65036 0
    endloop
  endfacet
  facet normal 0 0 -1
    outer loop
      vertex -21.8858 10.3482 0
      vertex -21.6931 7.65036 0
      vertex -21.7267 7.45692 0
    endloop
  endfacet
  facet normal 0 0 -1
    outer loop
      vertex -20.5984 9.69843 0
      vertex -21.7384 10.5192 0
      vertex -21.5827 10.6827 0
    endloop
  endfacet
  facet normal 0 0 -1
    outer loop
      vertex -21.8858 10.3482 0
      vertex -21.7267 7.45692 0
      vertex -21.7507 7.26207 0
    endloop
  endfacet
  facet normal 0 0 -1
    outer loop
      vertex -21.8858 10.3482 0
      vertex -21.7507 7.26207 0
      vertex -21.7652 7.06627 0
    endloop
  endfacet
  facet normal 0 0 -1
    outer loop
      vertex -21.8858 10.3482 0
      vertex -21.7652 7.06627 0
      vertex -21.77 6.87 0
    endloop
  endfacet
  facet normal 0 0 -1
    outer loop
      vertex -20.7338 9.55623 0
      vertex -21.8858 10.3482 0
      vertex -21.7384 10.5192 0
    endloop
  endfacet
  facet normal -0 0 1
    outer loop
      vertex -22.93 -6.5 4.1
      vertex -21.77 -6.87 4.1
      vertex -21.77 -6.5 4.1
    endloop
  endfacet
  facet normal 0 0 1
    outer loop
      vertex -21.77 -6.87 4.1
      vertex -22.0247 -10.1702 4.1
      vertex -21.8858 -10.3482 4.1
    endloop
  endfacet
  facet normal 0 0 1
    outer loop
      vertex -21.77 -6.87 4.1
      vertex -22.1547 -9.98561 4.1
      vertex -22.0247 -10.1702 4.1
    endloop
  endfacet
  facet normal 0 0 1
    outer loop
      vertex -21.77 -6.87 4.1
      vertex -22.2755 -9.79486 4.1
      vertex -22.1547 -9.98561 4.1
    endloop
  endfacet
  facet normal 0 0 1
    outer loop
      vertex -21.77 -6.87 4.1
      vertex -22.3868 -9.59842 4.1
      vertex -22.2755 -9.79486 4.1
    endloop
  endfacet
  facet normal 0 0 1
    outer loop
      vertex -21.77 -6.87 4.1
      vertex -22.4883 -9.39674 4.1
      vertex -22.3868 -9.59842 4.1
    endloop
  endfacet
  facet normal 0 0 1
    outer loop
      vertex -21.77 -6.87 4.1
      vertex -22.5798 -9.19034 4.1
      vertex -22.4883 -9.39674 4.1
    endloop
  endfacet
  facet normal 0 0 1
    outer loop
      vertex -21.77 -6.87 4.1
      vertex -22.6611 -8.97969 4.1
      vertex -22.5798 -9.19034 4.1
    endloop
  endfacet
  facet normal 0 0 1
    outer loop
      vertex -21.77 -6.87 4.1
      vertex -22.7319 -8.7653 4.1
      vertex -22.6611 -8.97969 4.1
    endloop
  endfacet
  facet normal 0 0 1
    outer loop
      vertex -21.77 -6.87 4.1
      vertex -22.7921 -8.5477 4.1
      vertex -22.7319 -8.7653 4.1
    endloop
  endfacet
  facet normal 0 0 1
    outer loop
      vertex -21.77 -6.87 4.1
      vertex -22.8416 -8.32741 4.1
      vertex -22.7921 -8.5477 4.1
    endloop
  endfacet
  facet normal 0 0 1
    outer loop
      vertex -21.77 -6.87 4.1
      vertex -22.8802 -8.10495 4.1
      vertex -22.8416 -8.32741 4.1
    endloop
  endfacet
  facet normal 0 0 1
    outer loop
      vertex -21.77 -6.87 4.1
      vertex -22.9078 -7.88087 4.1
      vertex -22.8802 -8.10495 4.1
    endloop
  endfacet
  facet normal 0 0 1
    outer loop
      vertex -21.77 -6.87 4.1
      vertex -22.9244 -7.6557 4.1
      vertex -22.9078 -7.88087 4.1
    endloop
  endfacet
  facet normal 0 0 1
    outer loop
      vertex -21.77 -6.87 4.1
      vertex -22.93 -6.5 4.1
      vertex -22.93 -7.42999 4.1
    endloop
  endfacet
  facet normal 0 0 1
    outer loop
      vertex -21.77 -6.87 4.1
      vertex -22.93 -7.42999 4.1
      vertex -22.9244 -7.6557 4.1
    endloop
  endfacet
  facet normal -0 0 1
    outer loop
      vertex 11.7267 7.45692 4.1
      vertex 12.93 7.42999 4.1
      vertex 12.9244 7.6557 4.1
    endloop
  endfacet
  facet normal 0 0 1
    outer loop
      vertex 12.93 7.42999 4.1
      vertex 11.77 6.87 4.1
      vertex 12.93 -7.42999 4.1
    endloop
  endfacet
  facet normal 0 0 1
    outer loop
      vertex 11.6931 7.65036 4.1
      vertex 12.9244 7.6557 4.1
      vertex 12.9078 7.88087 4.1
    endloop
  endfacet
  facet normal -0 0 1
    outer loop
      vertex 11.77 -6.87 4.1
      vertex 12.93 -7.42999 4.1
      vertex 11.77 6.87 4.1
    endloop
  endfacet
  facet normal 0 0 1
    outer loop
      vertex 11.6501 7.84192 4.1
      vertex 12.9078 7.88087 4.1
      vertex 12.8802 8.10495 4.1
    endloop
  endfacet
  facet normal -0 0 1
    outer loop
      vertex 11.7652 -7.06627 4.1
      vertex 12.93 -7.42999 4.1
      vertex 11.77 -6.87 4.1
    endloop
  endfacet
  facet normal 0 0 1
    outer loop
      vertex 11.6501 7.84192 4.1
      vertex 12.8802 8.10495 4.1
      vertex 12.8416 8.32741 4.1
    endloop
  endfacet
  facet normal -0 0 1
    outer loop
      vertex 11.7507 -7.26207 4.1
      vertex 12.93 -7.42999 4.1
      vertex 11.7652 -7.06627 4.1
    endloop
  endfacet
  facet normal 0 0 1
    outer loop
      vertex 11.5977 8.03113 4.1
      vertex 12.8416 8.32741 4.1
      vertex 12.7921 8.5477 4.1
    endloop
  endfacet
  facet normal 0 0 1
    outer loop
      vertex 11.7267 -7.45692 4.1
      vertex 12.93 -7.42999 4.1
      vertex 11.7507 -7.26207 4.1
    endloop
  endfacet
  facet normal 0 0 1
    outer loop
      vertex 11.5362 8.21756 4.1
      vertex 12.7921 8.5477 4.1
      vertex 12.7319 8.7653 4.1
    endloop
  endfacet
  facet normal 0 0 1
    outer loop
      vertex 12.93 -7.42999 4.1
      vertex 11.7267 -7.45692 4.1
      vertex 12.9244 -7.6557 4.1
    endloop
  endfacet
  facet normal 0 0 1
    outer loop
      vertex 11.4655 8.40073 4.1
      vertex 12.7319 8.7653 4.1
      vertex 12.6611 8.97969 4.1
    endloop
  endfacet
  facet normal -0 0 1
    outer loop
      vertex 11.6931 -7.65036 4.1
      vertex 12.9244 -7.6557 4.1
      vertex 11.7267 -7.45692 4.1
    endloop
  endfacet
  facet normal 0 0 1
    outer loop
      vertex 11.3859 8.58022 4.1
      vertex 12.6611 8.97969 4.1
      vertex 12.5798 9.19034 4.1
    endloop
  endfacet
  facet normal 0 0 1
    outer loop
      vertex 12.9244 -7.6557 4.1
      vertex 11.6931 -7.65036 4.1
      vertex 12.9078 -7.88087 4.1
    endloop
  endfacet
  facet normal 0 0 1
    outer loop
      vertex 11.2977 8.75558 4.1
      vertex 12.5798 9.19034 4.1
      vertex 12.4883 9.39674 4.1
    endloop
  endfacet
  facet normal -0 0 1
    outer loop
      vertex 11.6501 -7.84192 4.1
      vertex 12.9078 -7.88087 4.1
      vertex 11.6931 -7.65036 4.1
    endloop
  endfacet
  facet normal 0 0 1
    outer loop
      vertex 11.2009 8.92641 4.1
      vertex 12.4883 9.39674 4.1
      vertex 12.3868 9.59842 4.1
    endloop
  endfacet
  facet normal 0 0 1
    outer loop
      vertex 12.9078 -7.88087 4.1
      vertex 11.6501 -7.84192 4.1
      vertex 12.8802 -8.10495 4.1
    endloop
  endfacet
  facet normal 0 0 1
    outer loop
      vertex 11.2009 8.92641 4.1
      vertex 12.3868 9.59842 4.1
      vertex 12.2755 9.79486 4.1
    endloop
  endfacet
  facet normal 0 0 1
    outer loop
      vertex 12.8802 -8.10495 4.1
      vertex 11.6501 -7.84192 4.1
      vertex 12.8416 -8.32741 4.1
    endloop
  endfacet
  facet normal 0 0 1
    outer loop
      vertex 11.0959 9.09227 4.1
      vertex 12.2755 9.79486 4.1
      vertex 12.1547 9.98561 4.1
    endloop
  endfacet
  facet normal -0 0 1
    outer loop
      vertex 11.5977 -8.03113 4.1
      vertex 12.8416 -8.32741 4.1
      vertex 11.6501 -7.84192 4.1
    endloop
  endfacet
  facet normal 0 0 1
    outer loop
      vertex 10.9828 9.25279 4.1
      vertex 12.1547 9.98561 4.1
      vertex 12.0247 10.1702 4.1
    endloop
  endfacet
  facet normal 0 0 1
    outer loop
      vertex 12.8416 -8.32741 4.1
      vertex 11.5977 -8.03113 4.1
      vertex 12.7921 -8.5477 4.1
    endloop
  endfacet
  facet normal 0 0 1
    outer loop
      vertex 10.862 9.40756 4.1
      vertex 12.0247 10.1702 4.1
      vertex 11.8858 10.3482 4.1
    endloop
  endfacet
  facet normal -0 0 1
    outer loop
      vertex 11.5362 -8.21756 4.1
      vertex 12.7921 -8.5477 4.1
      vertex 11.5977 -8.03113 4.1
    endloop
  endfacet
  facet normal 0 0 1
    outer loop
      vertex 12.7921 -8.5477 4.1
      vertex 11.5362 -8.21756 4.1
      vertex 12.7319 -8.7653 4.1
    endloop
  endfacet
  facet normal 0 0 1
    outer loop
      vertex 12.93 7.42999 4.1
      vertex 11.7652 7.06627 4.1
      vertex 11.77 6.87 4.1
    endloop
  endfacet
  facet normal 0 0 1
    outer loop
      vertex 12.93 7.42999 4.1
      vertex 11.7507 7.26207 4.1
      vertex 11.7652 7.06627 4.1
    endloop
  endfacet
  facet normal 0 0 1
    outer loop
      vertex 10.7338 9.55623 4.1
      vertex 11.8858 10.3482 4.1
      vertex 11.7384 10.5192 4.1
    endloop
  endfacet
  facet normal 0 0 1
    outer loop
      vertex 12.93 7.42999 4.1
      vertex 11.7267 7.45692 4.1
      vertex 11.7507 7.26207 4.1
    endloop
  endfacet
  facet normal 0 0 1
    outer loop
      vertex 12.9244 7.6557 4.1
      vertex 11.6931 7.65036 4.1
      vertex 11.7267 7.45692 4.1
    endloop
  endfacet
  facet normal 0 0 1
    outer loop
      vertex 12.9078 7.88087 4.1
      vertex 11.6501 7.84192 4.1
      vertex 11.6931 7.65036 4.1
    endloop
  endfacet
  facet normal 0 0 1
    outer loop
      vertex 12.8416 8.32741 4.1
      vertex 11.5977 8.03113 4.1
      vertex 11.6501 7.84192 4.1
    endloop
  endfacet
  facet normal 0 0 1
    outer loop
      vertex 10.5984 9.69843 4.1
      vertex 11.7384 10.5192 4.1
      vertex 11.5827 10.6827 4.1
    endloop
  endfacet
  facet normal 0 0 1
    outer loop
      vertex 12.7921 8.5477 4.1
      vertex 11.5362 8.21756 4.1
      vertex 11.5977 8.03113 4.1
    endloop
  endfacet
  facet normal 0 0 1
    outer loop
      vertex 12.7319 8.7653 4.1
      vertex 11.4655 8.40073 4.1
      vertex 11.5362 8.21756 4.1
    endloop
  endfacet
  facet normal 0 0 1
    outer loop
      vertex 10.5984 9.69843 4.1
      vertex 11.5827 10.6827 4.1
      vertex 11.4192 10.8384 4.1
    endloop
  endfacet
  facet normal 0 0 1
    outer loop
      vertex 12.6611 8.97969 4.1
      vertex 11.3859 8.58022 4.1
      vertex 11.4655 8.40073 4.1
    endloop
  endfacet
  facet normal 0 0 1
    outer loop
      vertex 12.5798 9.19034 4.1
      vertex 11.2977 8.75558 4.1
      vertex 11.3859 8.58022 4.1
    endloop
  endfacet
  facet normal 0 0 1
    outer loop
      vertex 10.4562 9.8338 4.1
      vertex 11.4192 10.8384 4.1
      vertex 11.2482 10.9858 4.1
    endloop
  endfacet
  facet normal 0 0 1
    outer loop
      vertex 12.4883 9.39674 4.1
      vertex 11.2009 8.92641 4.1
      vertex 11.2977 8.75558 4.1
    endloop
  endfacet
  facet normal 0 0 1
    outer loop
      vertex 12.2755 9.79486 4.1
      vertex 11.0959 9.09227 4.1
      vertex 11.2009 8.92641 4.1
    endloop
  endfacet
  facet normal 0 0 1
    outer loop
      vertex 10.3076 9.96204 4.1
      vertex 11.2482 10.9858 4.1
      vertex 11.0702 11.1247 4.1
    endloop
  endfacet
  facet normal 0 0 1
    outer loop
      vertex 12.1547 9.98561 4.1
      vertex 10.9828 9.25279 4.1
      vertex 11.0959 9.09227 4.1
    endloop
  endfacet
  facet normal 0 0 1
    outer loop
      vertex 10.1528 10.0828 4.1
      vertex 11.0702 11.1247 4.1
      vertex 10.8856 11.2547 4.1
    endloop
  endfacet
  facet normal 0 0 1
    outer loop
      vertex 12.0247 10.1702 4.1
      vertex 10.862 9.40756 4.1
      vertex 10.9828 9.25279 4.1
    endloop
  endfacet
  facet normal 0 0 1
    outer loop
      vertex 11.8858 10.3482 4.1
      vertex 10.7338 9.55623 4.1
      vertex 10.862 9.40756 4.1
    endloop
  endfacet
  facet normal 0 0 1
    outer loop
      vertex 9.99226 10.1959 4.1
      vertex 10.8856 11.2547 4.1
      vertex 10.6949 11.3755 4.1
    endloop
  endfacet
  facet normal 0 0 1
    outer loop
      vertex 11.7384 10.5192 4.1
      vertex 10.5984 9.69843 4.1
      vertex 10.7338 9.55623 4.1
    endloop
  endfacet
  facet normal 0 0 1
    outer loop
      vertex 9.8264 10.3009 4.1
      vertex 10.6949 11.3755 4.1
      vertex 10.4984 11.4868 4.1
    endloop
  endfacet
  facet normal 0 0 1
    outer loop
      vertex 11.4192 10.8384 4.1
      vertex 10.4562 9.8338 4.1
      vertex 10.5984 9.69843 4.1
    endloop
  endfacet
  facet normal 0 0 1
    outer loop
      vertex 11.2482 10.9858 4.1
      vertex 10.3076 9.96204 4.1
      vertex 10.4562 9.8338 4.1
    endloop
  endfacet
  facet normal 0 0 1
    outer loop
      vertex 9.8264 10.3009 4.1
      vertex 10.4984 11.4868 4.1
      vertex 10.2967 11.5883 4.1
    endloop
  endfacet
  facet normal 0 0 1
    outer loop
      vertex 11.0702 11.1247 4.1
      vertex 10.1528 10.0828 4.1
      vertex 10.3076 9.96204 4.1
    endloop
  endfacet
  facet normal 0 0 1
    outer loop
      vertex 9.65558 10.3977 4.1
      vertex 10.2967 11.5883 4.1
      vertex 10.0903 11.6798 4.1
    endloop
  endfacet
  facet normal 0 0 1
    outer loop
      vertex 10.8856 11.2547 4.1
      vertex 9.99226 10.1959 4.1
      vertex 10.1528 10.0828 4.1
    endloop
  endfacet
  facet normal 0 0 1
    outer loop
      vertex 9.48021 10.4859 4.1
      vertex 10.0903 11.6798 4.1
      vertex 9.87968 11.7611 4.1
    endloop
  endfacet
  facet normal 0 0 1
    outer loop
      vertex 10.6949 11.3755 4.1
      vertex 9.8264 10.3009 4.1
      vertex 9.99226 10.1959 4.1
    endloop
  endfacet
  facet normal 0 0 1
    outer loop
      vertex 9.30072 10.5655 4.1
      vertex 9.87968 11.7611 4.1
      vertex 9.6653 11.8319 4.1
    endloop
  endfacet
  facet normal 0 0 1
    outer loop
      vertex 10.2967 11.5883 4.1
      vertex 9.65558 10.3977 4.1
      vertex 9.8264 10.3009 4.1
    endloop
  endfacet
  facet normal 0 0 1
    outer loop
      vertex 10.0903 11.6798 4.1
      vertex 9.48021 10.4859 4.1
      vertex 9.65558 10.3977 4.1
    endloop
  endfacet
  facet normal 0 0 1
    outer loop
      vertex 9.11755 10.6362 4.1
      vertex 9.6653 11.8319 4.1
      vertex 9.44769 11.8921 4.1
    endloop
  endfacet
  facet normal 0 0 1
    outer loop
      vertex 9.87968 11.7611 4.1
      vertex 9.30072 10.5655 4.1
      vertex 9.48021 10.4859 4.1
    endloop
  endfacet
  facet normal 0 0 1
    outer loop
      vertex 8.93112 10.6978 4.1
      vertex 9.44769 11.8921 4.1
      vertex 9.2274 11.9416 4.1
    endloop
  endfacet
  facet normal 0 0 1
    outer loop
      vertex 9.6653 11.8319 4.1
      vertex 9.11755 10.6362 4.1
      vertex 9.30072 10.5655 4.1
    endloop
  endfacet
  facet normal 0 0 1
    outer loop
      vertex 8.93112 10.6978 4.1
      vertex 9.2274 11.9416 4.1
      vertex 9.00494 11.9802 4.1
    endloop
  endfacet
  facet normal 0 0 1
    outer loop
      vertex 9.44769 11.8921 4.1
      vertex 8.93112 10.6978 4.1
      vertex 9.11755 10.6362 4.1
    endloop
  endfacet
  facet normal 0 0 1
    outer loop
      vertex 8.74191 10.7501 4.1
      vertex 9.00494 11.9802 4.1
      vertex 8.78087 12.0078 4.1
    endloop
  endfacet
  facet normal 0 0 1
    outer loop
      vertex 9.00494 11.9802 4.1
      vertex 8.74191 10.7501 4.1
      vertex 8.93112 10.6978 4.1
    endloop
  endfacet
  facet normal 0 0 1
    outer loop
      vertex 8.55035 10.7931 4.1
      vertex 8.78087 12.0078 4.1
      vertex 8.55569 12.0244 4.1
    endloop
  endfacet
  facet normal 0 0 1
    outer loop
      vertex 8.78087 12.0078 4.1
      vertex 8.55035 10.7931 4.1
      vertex 8.74191 10.7501 4.1
    endloop
  endfacet
  facet normal 0 0 1
    outer loop
      vertex 8.55569 12.0244 4.1
      vertex 8.35692 10.8267 4.1
      vertex 8.55035 10.7931 4.1
    endloop
  endfacet
  facet normal 0 0 1
    outer loop
      vertex 8.32999 12.03 4.1
      vertex 8.35692 10.8267 4.1
      vertex 8.55569 12.0244 4.1
    endloop
  endfacet
  facet normal 0 0 1
    outer loop
      vertex 8.32999 12.03 4.1
      vertex 8.16206 10.8507 4.1
      vertex 8.35692 10.8267 4.1
    endloop
  endfacet
  facet normal 0 0 1
    outer loop
      vertex 8.32999 12.03 4.1
      vertex 7.96626 10.8652 4.1
      vertex 8.16206 10.8507 4.1
    endloop
  endfacet
  facet normal 0 0 1
    outer loop
      vertex 8.32999 12.03 4.1
      vertex 7.76999 10.87 4.1
      vertex 7.96626 10.8652 4.1
    endloop
  endfacet
  facet normal 0 0 1
    outer loop
      vertex 8.32999 12.03 4.1
      vertex -17.77 10.87 4.1
      vertex 7.76999 10.87 4.1
    endloop
  endfacet
  facet normal -0 0 1
    outer loop
      vertex -18.33 12.03 4.1
      vertex -17.77 10.87 4.1
      vertex 8.32999 12.03 4.1
    endloop
  endfacet
  facet normal 0 0 1
    outer loop
      vertex -17.77 10.87 4.1
      vertex -18.33 12.03 4.1
      vertex -17.9663 10.8652 4.1
    endloop
  endfacet
  facet normal 0 0 1
    outer loop
      vertex -18.33 12.03 4.1
      vertex -18.1621 10.8507 4.1
      vertex -17.9663 10.8652 4.1
    endloop
  endfacet
  facet normal 0 0 1
    outer loop
      vertex -18.33 12.03 4.1
      vertex -18.3569 10.8267 4.1
      vertex -18.1621 10.8507 4.1
    endloop
  endfacet
  facet normal -0 0 1
    outer loop
      vertex -18.5557 12.0244 4.1
      vertex -18.3569 10.8267 4.1
      vertex -18.33 12.03 4.1
    endloop
  endfacet
  facet normal 0 0 1
    outer loop
      vertex -18.3569 10.8267 4.1
      vertex -18.5557 12.0244 4.1
      vertex -18.5504 10.7931 4.1
    endloop
  endfacet
  facet normal -0 0 1
    outer loop
      vertex -18.7809 12.0078 4.1
      vertex -18.5504 10.7931 4.1
      vertex -18.5557 12.0244 4.1
    endloop
  endfacet
  facet normal 0 0 1
    outer loop
      vertex -18.5504 10.7931 4.1
      vertex -18.7809 12.0078 4.1
      vertex -18.7419 10.7501 4.1
    endloop
  endfacet
  facet normal -0 0 1
    outer loop
      vertex -19.0049 11.9802 4.1
      vertex -18.7419 10.7501 4.1
      vertex -18.7809 12.0078 4.1
    endloop
  endfacet
  facet normal 0 0 1
    outer loop
      vertex -18.7419 10.7501 4.1
      vertex -19.0049 11.9802 4.1
      vertex -18.9311 10.6978 4.1
    endloop
  endfacet
  facet normal -0 0 1
    outer loop
      vertex -19.2274 11.9416 4.1
      vertex -18.9311 10.6978 4.1
      vertex -19.0049 11.9802 4.1
    endloop
  endfacet
  facet normal -0 0 1
    outer loop
      vertex -19.4477 11.8921 4.1
      vertex -18.9311 10.6978 4.1
      vertex -19.2274 11.9416 4.1
    endloop
  endfacet
  facet normal 0 0 1
    outer loop
      vertex -18.9311 10.6978 4.1
      vertex -19.4477 11.8921 4.1
      vertex -19.1176 10.6362 4.1
    endloop
  endfacet
  facet normal -0 0 1
    outer loop
      vertex -19.6653 11.8319 4.1
      vertex -19.1176 10.6362 4.1
      vertex -19.4477 11.8921 4.1
    endloop
  endfacet
  facet normal 0 0 1
    outer loop
      vertex -19.1176 10.6362 4.1
      vertex -19.6653 11.8319 4.1
      vertex -19.3007 10.5655 4.1
    endloop
  endfacet
  facet normal -0 0 1
    outer loop
      vertex -19.8797 11.7611 4.1
      vertex -19.3007 10.5655 4.1
      vertex -19.6653 11.8319 4.1
    endloop
  endfacet
  facet normal 0 0 1
    outer loop
      vertex -19.3007 10.5655 4.1
      vertex -19.8797 11.7611 4.1
      vertex -19.4802 10.4859 4.1
    endloop
  endfacet
  facet normal -0 0 1
    outer loop
      vertex -20.0903 11.6798 4.1
      vertex -19.4802 10.4859 4.1
      vertex -19.8797 11.7611 4.1
    endloop
  endfacet
  facet normal 0 0 1
    outer loop
      vertex -19.4802 10.4859 4.1
      vertex -20.0903 11.6798 4.1
      vertex -19.6556 10.3977 4.1
    endloop
  endfacet
  facet normal -0 0 1
    outer loop
      vertex -20.2967 11.5883 4.1
      vertex -19.6556 10.3977 4.1
      vertex -20.0903 11.6798 4.1
    endloop
  endfacet
  facet normal 0 0 1
    outer loop
      vertex -19.6556 10.3977 4.1
      vertex -20.2967 11.5883 4.1
      vertex -19.8264 10.3009 4.1
    endloop
  endfacet
  facet normal -0 0 1
    outer loop
      vertex -20.4984 11.4868 4.1
      vertex -19.8264 10.3009 4.1
      vertex -20.2967 11.5883 4.1
    endloop
  endfacet
  facet normal -0 0 1
    outer loop
      vertex -20.6949 11.3755 4.1
      vertex -19.8264 10.3009 4.1
      vertex -20.4984 11.4868 4.1
    endloop
  endfacet
  facet normal 0 0 1
    outer loop
      vertex -19.8264 10.3009 4.1
      vertex -20.6949 11.3755 4.1
      vertex -19.9923 10.1959 4.1
    endloop
  endfacet
  facet normal -0 0 1
    outer loop
      vertex -20.8856 11.2547 4.1
      vertex -19.9923 10.1959 4.1
      vertex -20.6949 11.3755 4.1
    endloop
  endfacet
  facet normal 0 0 1
    outer loop
      vertex -19.9923 10.1959 4.1
      vertex -20.8856 11.2547 4.1
      vertex -20.1528 10.0828 4.1
    endloop
  endfacet
  facet normal -0 0 1
    outer loop
      vertex -21.0702 11.1247 4.1
      vertex -20.1528 10.0828 4.1
      vertex -20.8856 11.2547 4.1
    endloop
  endfacet
  facet normal 0 0 1
    outer loop
      vertex -20.1528 10.0828 4.1
      vertex -21.0702 11.1247 4.1
      vertex -20.3076 9.96204 4.1
    endloop
  endfacet
  facet normal -0 0 1
    outer loop
      vertex -21.2482 10.9858 4.1
      vertex -20.3076 9.96204 4.1
      vertex -21.0702 11.1247 4.1
    endloop
  endfacet
  facet normal 0 0 1
    outer loop
      vertex -20.3076 9.96204 4.1
      vertex -21.2482 10.9858 4.1
      vertex -20.4562 9.8338 4.1
    endloop
  endfacet
  facet normal -0 0 1
    outer loop
      vertex -21.4192 10.8384 4.1
      vertex -20.4562 9.8338 4.1
      vertex -21.2482 10.9858 4.1
    endloop
  endfacet
  facet normal 0 0 1
    outer loop
      vertex -20.4562 9.8338 4.1
      vertex -21.4192 10.8384 4.1
      vertex -20.5984 9.69843 4.1
    endloop
  endfacet
  facet normal -0 0 1
    outer loop
      vertex -21.5827 10.6827 4.1
      vertex -20.5984 9.69843 4.1
      vertex -21.4192 10.8384 4.1
    endloop
  endfacet
  facet normal -0 0 1
    outer loop
      vertex -21.7384 10.5192 4.1
      vertex -20.5984 9.69843 4.1
      vertex -21.5827 10.6827 4.1
    endloop
  endfacet
  facet normal 0 0 1
    outer loop
      vertex -20.5984 9.69843 4.1
      vertex -21.7384 10.5192 4.1
      vertex -20.7338 9.55623 4.1
    endloop
  endfacet
  facet normal -0 0 1
    outer loop
      vertex -21.8858 10.3482 4.1
      vertex -20.7338 9.55623 4.1
      vertex -21.7384 10.5192 4.1
    endloop
  endfacet
  facet normal 0 0 1
    outer loop
      vertex -20.7338 9.55623 4.1
      vertex -21.8858 10.3482 4.1
      vertex -20.862 9.40756 4.1
    endloop
  endfacet
  facet normal -0 0 1
    outer loop
      vertex -22.0247 10.1702 4.1
      vertex -20.862 9.40756 4.1
      vertex -21.8858 10.3482 4.1
    endloop
  endfacet
  facet normal 0 0 1
    outer loop
      vertex -20.862 9.40756 4.1
      vertex -22.0247 10.1702 4.1
      vertex -20.9828 9.25279 4.1
    endloop
  endfacet
  facet normal -0 0 1
    outer loop
      vertex -22.1547 9.98561 4.1
      vertex -20.9828 9.25279 4.1
      vertex -22.0247 10.1702 4.1
    endloop
  endfacet
  facet normal 0 0 1
    outer loop
      vertex -20.9828 9.25279 4.1
      vertex -22.1547 9.98561 4.1
      vertex -21.0959 9.09227 4.1
    endloop
  endfacet
  facet normal -0 0 1
    outer loop
      vertex -22.2755 9.79486 4.1
      vertex -21.0959 9.09227 4.1
      vertex -22.1547 9.98561 4.1
    endloop
  endfacet
  facet normal 0 0 1
    outer loop
      vertex -21.0959 9.09227 4.1
      vertex -22.2755 9.79486 4.1
      vertex -21.2009 8.92641 4.1
    endloop
  endfacet
  facet normal -0 0 1
    outer loop
      vertex -22.3868 9.59842 4.1
      vertex -21.2009 8.92641 4.1
      vertex -22.2755 9.79486 4.1
    endloop
  endfacet
  facet normal -0 0 1
    outer loop
      vertex -22.4883 9.39674 4.1
      vertex -21.2009 8.92641 4.1
      vertex -22.3868 9.59842 4.1
    endloop
  endfacet
  facet normal 0 0 1
    outer loop
      vertex -21.2009 8.92641 4.1
      vertex -22.4883 9.39674 4.1
      vertex -21.2977 8.75558 4.1
    endloop
  endfacet
  facet normal -0 0 1
    outer loop
      vertex -22.5798 9.19034 4.1
      vertex -21.2977 8.75558 4.1
      vertex -22.4883 9.39674 4.1
    endloop
  endfacet
  facet normal 0 0 1
    outer loop
      vertex -21.2977 8.75558 4.1
      vertex -22.5798 9.19034 4.1
      vertex -21.3859 8.58022 4.1
    endloop
  endfacet
  facet normal -0 0 1
    outer loop
      vertex -22.6611 8.97969 4.1
      vertex -21.3859 8.58022 4.1
      vertex -22.5798 9.19034 4.1
    endloop
  endfacet
  facet normal 0 0 1
    outer loop
      vertex -21.3859 8.58022 4.1
      vertex -22.6611 8.97969 4.1
      vertex -21.4655 8.40073 4.1
    endloop
  endfacet
  facet normal -0 0 1
    outer loop
      vertex -22.7319 8.7653 4.1
      vertex -21.4655 8.40073 4.1
      vertex -22.6611 8.97969 4.1
    endloop
  endfacet
  facet normal 0 0 1
    outer loop
      vertex -21.4655 8.40073 4.1
      vertex -22.7319 8.7653 4.1
      vertex -21.5362 8.21756 4.1
    endloop
  endfacet
  facet normal -0 0 1
    outer loop
      vertex -22.7921 8.5477 4.1
      vertex -21.5362 8.21756 4.1
      vertex -22.7319 8.7653 4.1
    endloop
  endfacet
  facet normal 0 0 1
    outer loop
      vertex -21.5362 8.21756 4.1
      vertex -22.7921 8.5477 4.1
      vertex -21.5977 8.03113 4.1
    endloop
  endfacet
  facet normal -0 0 1
    outer loop
      vertex -22.8416 8.32741 4.1
      vertex -21.5977 8.03113 4.1
      vertex -22.7921 8.5477 4.1
    endloop
  endfacet
  facet normal 0 0 1
    outer loop
      vertex -21.5977 8.03113 4.1
      vertex -22.8416 8.32741 4.1
      vertex -21.6501 7.84192 4.1
    endloop
  endfacet
  facet normal -0 0 1
    outer loop
      vertex -22.8802 8.10495 4.1
      vertex -21.6501 7.84192 4.1
      vertex -22.8416 8.32741 4.1
    endloop
  endfacet
  facet normal -0 0 1
    outer loop
      vertex -22.9078 7.88087 4.1
      vertex -21.6501 7.84192 4.1
      vertex -22.8802 8.10495 4.1
    endloop
  endfacet
  facet normal 0 0 1
    outer loop
      vertex -21.6501 7.84192 4.1
      vertex -22.9078 7.88087 4.1
      vertex -21.6931 7.65036 4.1
    endloop
  endfacet
  facet normal -0 0 1
    outer loop
      vertex -22.9244 7.6557 4.1
      vertex -21.6931 7.65036 4.1
      vertex -22.9078 7.88087 4.1
    endloop
  endfacet
  facet normal 0 0 1
    outer loop
      vertex -21.6931 7.65036 4.1
      vertex -22.9244 7.6557 4.1
      vertex -21.7267 7.45692 4.1
    endloop
  endfacet
  facet normal 0 0 1
    outer loop
      vertex -22.93 7.42999 4.1
      vertex -21.7267 7.45692 4.1
      vertex -22.9244 7.6557 4.1
    endloop
  endfacet
  facet normal 0 0 1
    outer loop
      vertex -21.7267 7.45692 4.1
      vertex -22.93 7.42999 4.1
      vertex -21.7507 7.26207 4.1
    endloop
  endfacet
  facet normal 0 0 1
    outer loop
      vertex -21.7507 7.26207 4.1
      vertex -22.93 7.42999 4.1
      vertex -21.7652 7.06627 4.1
    endloop
  endfacet
  facet normal 0 0 1
    outer loop
      vertex -21.7652 7.06627 4.1
      vertex -22.93 7.42999 4.1
      vertex -21.77 6.87 4.1
    endloop
  endfacet
  facet normal 0 0 1
    outer loop
      vertex -22.93 6.5 4.1
      vertex -21.77 6.87 4.1
      vertex -22.93 7.42999 4.1
    endloop
  endfacet
  facet normal 0 0 1
    outer loop
      vertex -21.77 6.87 4.1
      vertex -22.93 6.5 4.1
      vertex -21.77 6.5 4.1
    endloop
  endfacet
  facet normal -0 0 1
    outer loop
      vertex 11.4655 -8.40073 4.1
      vertex 12.7319 -8.7653 4.1
      vertex 11.5362 -8.21756 4.1
    endloop
  endfacet
  facet normal 0 0 1
    outer loop
      vertex 12.7319 -8.7653 4.1
      vertex 11.4655 -8.40073 4.1
      vertex 12.6611 -8.97969 4.1
    endloop
  endfacet
  facet normal -0 0 1
    outer loop
      vertex 11.3859 -8.58022 4.1
      vertex 12.6611 -8.97969 4.1
      vertex 11.4655 -8.40073 4.1
    endloop
  endfacet
  facet normal 0 0 1
    outer loop
      vertex 12.6611 -8.97969 4.1
      vertex 11.3859 -8.58022 4.1
      vertex 12.5798 -9.19034 4.1
    endloop
  endfacet
  facet normal -0 0 1
    outer loop
      vertex 11.2977 -8.75558 4.1
      vertex 12.5798 -9.19034 4.1
      vertex 11.3859 -8.58022 4.1
    endloop
  endfacet
  facet normal 0 0 1
    outer loop
      vertex 12.5798 -9.19034 4.1
      vertex 11.2977 -8.75558 4.1
      vertex 12.4883 -9.39674 4.1
    endloop
  endfacet
  facet normal -0 0 1
    outer loop
      vertex 11.2009 -8.92641 4.1
      vertex 12.4883 -9.39674 4.1
      vertex 11.2977 -8.75558 4.1
    endloop
  endfacet
  facet normal 0 0 1
    outer loop
      vertex 12.4883 -9.39674 4.1
      vertex 11.2009 -8.92641 4.1
      vertex 12.3868 -9.59842 4.1
    endloop
  endfacet
  facet normal 0 0 1
    outer loop
      vertex 12.3868 -9.59842 4.1
      vertex 11.2009 -8.92641 4.1
      vertex 12.2755 -9.79486 4.1
    endloop
  endfacet
  facet normal -0 0 1
    outer loop
      vertex 11.0959 -9.09227 4.1
      vertex 12.2755 -9.79486 4.1
      vertex 11.2009 -8.92641 4.1
    endloop
  endfacet
  facet normal 0 0 1
    outer loop
      vertex 12.2755 -9.79486 4.1
      vertex 11.0959 -9.09227 4.1
      vertex 12.1547 -9.98561 4.1
    endloop
  endfacet
  facet normal -0 0 1
    outer loop
      vertex 10.9828 -9.25279 4.1
      vertex 12.1547 -9.98561 4.1
      vertex 11.0959 -9.09227 4.1
    endloop
  endfacet
  facet normal 0 0 1
    outer loop
      vertex 12.1547 -9.98561 4.1
      vertex 10.9828 -9.25279 4.1
      vertex 12.0247 -10.1702 4.1
    endloop
  endfacet
  facet normal -0 0 1
    outer loop
      vertex 10.862 -9.40756 4.1
      vertex 12.0247 -10.1702 4.1
      vertex 10.9828 -9.25279 4.1
    endloop
  endfacet
  facet normal 0 0 1
    outer loop
      vertex 12.0247 -10.1702 4.1
      vertex 10.862 -9.40756 4.1
      vertex 11.8858 -10.3482 4.1
    endloop
  endfacet
  facet normal -0 0 1
    outer loop
      vertex 10.7338 -9.55623 4.1
      vertex 11.8858 -10.3482 4.1
      vertex 10.862 -9.40756 4.1
    endloop
  endfacet
  facet normal 0 0 1
    outer loop
      vertex 11.8858 -10.3482 4.1
      vertex 10.7338 -9.55623 4.1
      vertex 11.7384 -10.5192 4.1
    endloop
  endfacet
  facet normal -0 0 1
    outer loop
      vertex 10.5984 -9.69843 4.1
      vertex 11.7384 -10.5192 4.1
      vertex 10.7338 -9.55623 4.1
    endloop
  endfacet
  facet normal 0 0 1
    outer loop
      vertex 11.7384 -10.5192 4.1
      vertex 10.5984 -9.69843 4.1
      vertex 11.5827 -10.6827 4.1
    endloop
  endfacet
  facet normal 0 0 1
    outer loop
      vertex 11.5827 -10.6827 4.1
      vertex 10.5984 -9.69843 4.1
      vertex 11.4192 -10.8384 4.1
    endloop
  endfacet
  facet normal -0 0 1
    outer loop
      vertex 10.4562 -9.8338 4.1
      vertex 11.4192 -10.8384 4.1
      vertex 10.5984 -9.69843 4.1
    endloop
  endfacet
  facet normal 0 0 1
    outer loop
      vertex 11.4192 -10.8384 4.1
      vertex 10.4562 -9.8338 4.1
      vertex 11.2482 -10.9858 4.1
    endloop
  endfacet
  facet normal -0 0 1
    outer loop
      vertex 10.3076 -9.96204 4.1
      vertex 11.2482 -10.9858 4.1
      vertex 10.4562 -9.8338 4.1
    endloop
  endfacet
  facet normal 0 0 1
    outer loop
      vertex 11.2482 -10.9858 4.1
      vertex 10.3076 -9.96204 4.1
      vertex 11.0702 -11.1247 4.1
    endloop
  endfacet
  facet normal -0 0 1
    outer loop
      vertex 10.1528 -10.0828 4.1
      vertex 11.0702 -11.1247 4.1
      vertex 10.3076 -9.96204 4.1
    endloop
  endfacet
  facet normal 0 0 1
    outer loop
      vertex 11.0702 -11.1247 4.1
      vertex 10.1528 -10.0828 4.1
      vertex 10.8856 -11.2547 4.1
    endloop
  endfacet
  facet normal -0 0 1
    outer loop
      vertex 9.99226 -10.1959 4.1
      vertex 10.8856 -11.2547 4.1
      vertex 10.1528 -10.0828 4.1
    endloop
  endfacet
  facet normal 0 0 1
    outer loop
      vertex 10.8856 -11.2547 4.1
      vertex 9.99226 -10.1959 4.1
      vertex 10.6949 -11.3755 4.1
    endloop
  endfacet
  facet normal -0 0 1
    outer loop
      vertex 9.8264 -10.3009 4.1
      vertex 10.6949 -11.3755 4.1
      vertex 9.99226 -10.1959 4.1
    endloop
  endfacet
  facet normal 0 0 1
    outer loop
      vertex 10.6949 -11.3755 4.1
      vertex 9.8264 -10.3009 4.1
      vertex 10.4984 -11.4868 4.1
    endloop
  endfacet
  facet normal 0 0 1
    outer loop
      vertex 10.4984 -11.4868 4.1
      vertex 9.8264 -10.3009 4.1
      vertex 10.2967 -11.5883 4.1
    endloop
  endfacet
  facet normal -0 0 1
    outer loop
      vertex 9.65558 -10.3977 4.1
      vertex 10.2967 -11.5883 4.1
      vertex 9.8264 -10.3009 4.1
    endloop
  endfacet
  facet normal 0 0 1
    outer loop
      vertex 10.2967 -11.5883 4.1
      vertex 9.65558 -10.3977 4.1
      vertex 10.0903 -11.6798 4.1
    endloop
  endfacet
  facet normal -0 0 1
    outer loop
      vertex 9.48021 -10.4859 4.1
      vertex 10.0903 -11.6798 4.1
      vertex 9.65558 -10.3977 4.1
    endloop
  endfacet
  facet normal 0 0 1
    outer loop
      vertex 10.0903 -11.6798 4.1
      vertex 9.48021 -10.4859 4.1
      vertex 9.87968 -11.7611 4.1
    endloop
  endfacet
  facet normal -0 0 1
    outer loop
      vertex 9.30072 -10.5655 4.1
      vertex 9.87968 -11.7611 4.1
      vertex 9.48021 -10.4859 4.1
    endloop
  endfacet
  facet normal 0 0 1
    outer loop
      vertex 9.87968 -11.7611 4.1
      vertex 9.30072 -10.5655 4.1
      vertex 9.6653 -11.8319 4.1
    endloop
  endfacet
  facet normal -0 0 1
    outer loop
      vertex 9.11755 -10.6362 4.1
      vertex 9.6653 -11.8319 4.1
      vertex 9.30072 -10.5655 4.1
    endloop
  endfacet
  facet normal 0 0 1
    outer loop
      vertex 9.6653 -11.8319 4.1
      vertex 9.11755 -10.6362 4.1
      vertex 9.44769 -11.8921 4.1
    endloop
  endfacet
  facet normal -0 0 1
    outer loop
      vertex 8.93112 -10.6978 4.1
      vertex 9.44769 -11.8921 4.1
      vertex 9.11755 -10.6362 4.1
    endloop
  endfacet
  facet normal 0 0 1
    outer loop
      vertex 9.44769 -11.8921 4.1
      vertex 8.93112 -10.6978 4.1
      vertex 9.2274 -11.9416 4.1
    endloop
  endfacet
  facet normal 0 0 1
    outer loop
      vertex 9.2274 -11.9416 4.1
      vertex 8.93112 -10.6978 4.1
      vertex 9.00494 -11.9802 4.1
    endloop
  endfacet
  facet normal -0 0 1
    outer loop
      vertex 8.74191 -10.7501 4.1
      vertex 9.00494 -11.9802 4.1
      vertex 8.93112 -10.6978 4.1
    endloop
  endfacet
  facet normal 0 0 1
    outer loop
      vertex 9.00494 -11.9802 4.1
      vertex 8.74191 -10.7501 4.1
      vertex 8.78087 -12.0078 4.1
    endloop
  endfacet
  facet normal -0 0 1
    outer loop
      vertex 8.55035 -10.7931 4.1
      vertex 8.78087 -12.0078 4.1
      vertex 8.74191 -10.7501 4.1
    endloop
  endfacet
  facet normal 0 0 1
    outer loop
      vertex 8.78087 -12.0078 4.1
      vertex 8.55035 -10.7931 4.1
      vertex 8.55569 -12.0244 4.1
    endloop
  endfacet
  facet normal -0 0 1
    outer loop
      vertex 8.35692 -10.8267 4.1
      vertex 8.55569 -12.0244 4.1
      vertex 8.55035 -10.7931 4.1
    endloop
  endfacet
  facet normal 0 0 1
    outer loop
      vertex 8.35692 -10.8267 4.1
      vertex 8.32999 -12.03 4.1
      vertex 8.55569 -12.0244 4.1
    endloop
  endfacet
  facet normal -0 0 1
    outer loop
      vertex 8.16206 -10.8507 4.1
      vertex 8.32999 -12.03 4.1
      vertex 8.35692 -10.8267 4.1
    endloop
  endfacet
  facet normal -0 0 1
    outer loop
      vertex 7.96626 -10.8652 4.1
      vertex 8.32999 -12.03 4.1
      vertex 8.16206 -10.8507 4.1
    endloop
  endfacet
  facet normal -0 0 1
    outer loop
      vertex 7.76999 -10.87 4.1
      vertex 8.32999 -12.03 4.1
      vertex 7.96626 -10.8652 4.1
    endloop
  endfacet
  facet normal -0 0 1
    outer loop
      vertex -17.77 -10.87 4.1
      vertex 8.32999 -12.03 4.1
      vertex 7.76999 -10.87 4.1
    endloop
  endfacet
  facet normal 0 0 1
    outer loop
      vertex -18.33 -12.03 4.1
      vertex -17.77 -10.87 4.1
      vertex -17.9663 -10.8652 4.1
    endloop
  endfacet
  facet normal 0 0 1
    outer loop
      vertex -17.77 -10.87 4.1
      vertex -18.33 -12.03 4.1
      vertex 8.32999 -12.03 4.1
    endloop
  endfacet
  facet normal 0 0 1
    outer loop
      vertex -18.1621 -10.8507 4.1
      vertex -18.33 -12.03 4.1
      vertex -17.9663 -10.8652 4.1
    endloop
  endfacet
  facet normal 0 0 1
    outer loop
      vertex -18.3569 -10.8267 4.1
      vertex -18.33 -12.03 4.1
      vertex -18.1621 -10.8507 4.1
    endloop
  endfacet
  facet normal 0 0 1
    outer loop
      vertex -18.5557 -12.0244 4.1
      vertex -18.3569 -10.8267 4.1
      vertex -18.5504 -10.7931 4.1
    endloop
  endfacet
  facet normal 0 0 1
    outer loop
      vertex -18.3569 -10.8267 4.1
      vertex -18.5557 -12.0244 4.1
      vertex -18.33 -12.03 4.1
    endloop
  endfacet
  facet normal 0 0 1
    outer loop
      vertex -18.7809 -12.0078 4.1
      vertex -18.5504 -10.7931 4.1
      vertex -18.7419 -10.7501 4.1
    endloop
  endfacet
  facet normal 0 0 1
    outer loop
      vertex -18.5504 -10.7931 4.1
      vertex -18.7809 -12.0078 4.1
      vertex -18.5557 -12.0244 4.1
    endloop
  endfacet
  facet normal 0 0 1
    outer loop
      vertex -19.0049 -11.9802 4.1
      vertex -18.7419 -10.7501 4.1
      vertex -18.9311 -10.6978 4.1
    endloop
  endfacet
  facet normal 0 0 1
    outer loop
      vertex -18.7419 -10.7501 4.1
      vertex -19.0049 -11.9802 4.1
      vertex -18.7809 -12.0078 4.1
    endloop
  endfacet
  facet normal 0 0 1
    outer loop
      vertex -19.4477 -11.8921 4.1
      vertex -18.9311 -10.6978 4.1
      vertex -19.1176 -10.6362 4.1
    endloop
  endfacet
  facet normal 0 0 1
    outer loop
      vertex -18.9311 -10.6978 4.1
      vertex -19.2274 -11.9416 4.1
      vertex -19.0049 -11.9802 4.1
    endloop
  endfacet
  facet normal 0 0 1
    outer loop
      vertex -19.6653 -11.8319 4.1
      vertex -19.1176 -10.6362 4.1
      vertex -19.3007 -10.5655 4.1
    endloop
  endfacet
  facet normal 0 0 1
    outer loop
      vertex -18.9311 -10.6978 4.1
      vertex -19.4477 -11.8921 4.1
      vertex -19.2274 -11.9416 4.1
    endloop
  endfacet
  facet normal 0 0 1
    outer loop
      vertex -19.8797 -11.7611 4.1
      vertex -19.3007 -10.5655 4.1
      vertex -19.4802 -10.4859 4.1
    endloop
  endfacet
  facet normal 0 0 1
    outer loop
      vertex -20.0903 -11.6798 4.1
      vertex -19.4802 -10.4859 4.1
      vertex -19.6556 -10.3977 4.1
    endloop
  endfacet
  facet normal 0 0 1
    outer loop
      vertex -19.1176 -10.6362 4.1
      vertex -19.6653 -11.8319 4.1
      vertex -19.4477 -11.8921 4.1
    endloop
  endfacet
  facet normal 0 0 1
    outer loop
      vertex -20.2967 -11.5883 4.1
      vertex -19.6556 -10.3977 4.1
      vertex -19.8264 -10.3009 4.1
    endloop
  endfacet
  facet normal 0 0 1
    outer loop
      vertex -19.3007 -10.5655 4.1
      vertex -19.8797 -11.7611 4.1
      vertex -19.6653 -11.8319 4.1
    endloop
  endfacet
  facet normal 0 0 1
    outer loop
      vertex -20.6949 -11.3755 4.1
      vertex -19.8264 -10.3009 4.1
      vertex -19.9923 -10.1959 4.1
    endloop
  endfacet
  facet normal 0 0 1
    outer loop
      vertex -19.4802 -10.4859 4.1
      vertex -20.0903 -11.6798 4.1
      vertex -19.8797 -11.7611 4.1
    endloop
  endfacet
  facet normal 0 0 1
    outer loop
      vertex -20.8856 -11.2547 4.1
      vertex -19.9923 -10.1959 4.1
      vertex -20.1528 -10.0828 4.1
    endloop
  endfacet
  facet normal 0 0 1
    outer loop
      vertex -19.6556 -10.3977 4.1
      vertex -20.2967 -11.5883 4.1
      vertex -20.0903 -11.6798 4.1
    endloop
  endfacet
  facet normal 0 0 1
    outer loop
      vertex -21.0702 -11.1247 4.1
      vertex -20.1528 -10.0828 4.1
      vertex -20.3076 -9.96204 4.1
    endloop
  endfacet
  facet normal 0 0 1
    outer loop
      vertex -21.2482 -10.9858 4.1
      vertex -20.3076 -9.96204 4.1
      vertex -20.4562 -9.8338 4.1
    endloop
  endfacet
  facet normal 0 0 1
    outer loop
      vertex -19.8264 -10.3009 4.1
      vertex -20.4984 -11.4868 4.1
      vertex -20.2967 -11.5883 4.1
    endloop
  endfacet
  facet normal 0 0 1
    outer loop
      vertex -21.4192 -10.8384 4.1
      vertex -20.4562 -9.8338 4.1
      vertex -20.5984 -9.69843 4.1
    endloop
  endfacet
  facet normal 0 0 1
    outer loop
      vertex -19.8264 -10.3009 4.1
      vertex -20.6949 -11.3755 4.1
      vertex -20.4984 -11.4868 4.1
    endloop
  endfacet
  facet normal 0 0 1
    outer loop
      vertex -21.7384 -10.5192 4.1
      vertex -20.5984 -9.69843 4.1
      vertex -20.7338 -9.55623 4.1
    endloop
  endfacet
  facet normal 0 0 1
    outer loop
      vertex -21.8858 -10.3482 4.1
      vertex -20.7338 -9.55623 4.1
      vertex -20.862 -9.40756 4.1
    endloop
  endfacet
  facet normal 0 0 1
    outer loop
      vertex -19.9923 -10.1959 4.1
      vertex -20.8856 -11.2547 4.1
      vertex -20.6949 -11.3755 4.1
    endloop
  endfacet
  facet normal 0 0 1
    outer loop
      vertex -21.8858 -10.3482 4.1
      vertex -20.862 -9.40756 4.1
      vertex -20.9828 -9.25279 4.1
    endloop
  endfacet
  facet normal 0 0 1
    outer loop
      vertex -20.1528 -10.0828 4.1
      vertex -21.0702 -11.1247 4.1
      vertex -20.8856 -11.2547 4.1
    endloop
  endfacet
  facet normal 0 0 1
    outer loop
      vertex -21.8858 -10.3482 4.1
      vertex -20.9828 -9.25279 4.1
      vertex -21.0959 -9.09227 4.1
    endloop
  endfacet
  facet normal 0 0 1
    outer loop
      vertex -21.8858 -10.3482 4.1
      vertex -21.0959 -9.09227 4.1
      vertex -21.2009 -8.92641 4.1
    endloop
  endfacet
  facet normal 0 0 1
    outer loop
      vertex -20.3076 -9.96204 4.1
      vertex -21.2482 -10.9858 4.1
      vertex -21.0702 -11.1247 4.1
    endloop
  endfacet
  facet normal 0 0 1
    outer loop
      vertex -21.8858 -10.3482 4.1
      vertex -21.2009 -8.92641 4.1
      vertex -21.2977 -8.75558 4.1
    endloop
  endfacet
  facet normal 0 0 1
    outer loop
      vertex -21.8858 -10.3482 4.1
      vertex -21.2977 -8.75558 4.1
      vertex -21.3859 -8.58022 4.1
    endloop
  endfacet
  facet normal 0 0 1
    outer loop
      vertex -20.4562 -9.8338 4.1
      vertex -21.4192 -10.8384 4.1
      vertex -21.2482 -10.9858 4.1
    endloop
  endfacet
  facet normal 0 0 1
    outer loop
      vertex -21.8858 -10.3482 4.1
      vertex -21.3859 -8.58022 4.1
      vertex -21.4655 -8.40073 4.1
    endloop
  endfacet
  facet normal 0 0 1
    outer loop
      vertex -21.8858 -10.3482 4.1
      vertex -21.4655 -8.40073 4.1
      vertex -21.5362 -8.21756 4.1
    endloop
  endfacet
  facet normal 0 0 1
    outer loop
      vertex -20.5984 -9.69843 4.1
      vertex -21.5827 -10.6827 4.1
      vertex -21.4192 -10.8384 4.1
    endloop
  endfacet
  facet normal 0 0 1
    outer loop
      vertex -21.8858 -10.3482 4.1
      vertex -21.5362 -8.21756 4.1
      vertex -21.5977 -8.03113 4.1
    endloop
  endfacet
  facet normal 0 0 1
    outer loop
      vertex -21.8858 -10.3482 4.1
      vertex -21.5977 -8.03113 4.1
      vertex -21.6501 -7.84192 4.1
    endloop
  endfacet
  facet normal 0 0 1
    outer loop
      vertex -21.8858 -10.3482 4.1
      vertex -21.6501 -7.84192 4.1
      vertex -21.6931 -7.65036 4.1
    endloop
  endfacet
  facet normal 0 0 1
    outer loop
      vertex -21.8858 -10.3482 4.1
      vertex -21.6931 -7.65036 4.1
      vertex -21.7267 -7.45692 4.1
    endloop
  endfacet
  facet normal 0 0 1
    outer loop
      vertex -20.5984 -9.69843 4.1
      vertex -21.7384 -10.5192 4.1
      vertex -21.5827 -10.6827 4.1
    endloop
  endfacet
  facet normal 0 0 1
    outer loop
      vertex -21.8858 -10.3482 4.1
      vertex -21.7267 -7.45692 4.1
      vertex -21.7507 -7.26207 4.1
    endloop
  endfacet
  facet normal 0 0 1
    outer loop
      vertex -21.8858 -10.3482 4.1
      vertex -21.7507 -7.26207 4.1
      vertex -21.7652 -7.06627 4.1
    endloop
  endfacet
  facet normal 0 0 1
    outer loop
      vertex -21.8858 -10.3482 4.1
      vertex -21.7652 -7.06627 4.1
      vertex -21.77 -6.87 4.1
    endloop
  endfacet
  facet normal 0 0 1
    outer loop
      vertex -20.7338 -9.55623 4.1
      vertex -21.8858 -10.3482 4.1
      vertex -21.7384 -10.5192 4.1
    endloop
  endfacet
  facet normal 0.0735193 -0.997294 0
    outer loop
      vertex 8.55569 -12.0244 0
      vertex 8.78087 -12.0078 4.1
      vertex 8.55569 -12.0244 4.1
    endloop
  endfacet
  facet normal 0.0735193 -0.997294 0
    outer loop
      vertex 8.78087 -12.0078 4.1
      vertex 8.55569 -12.0244 0
      vertex 8.78087 -12.0078 0
    endloop
  endfacet
  facet normal 0.122252 -0.992499 0
    outer loop
      vertex 8.78087 -12.0078 0
      vertex 9.00494 -11.9802 4.1
      vertex 8.78087 -12.0078 4.1
    endloop
  endfacet
  facet normal 0.122252 -0.992499 0
    outer loop
      vertex 9.00494 -11.9802 4.1
      vertex 8.78087 -12.0078 0
      vertex 9.00494 -11.9802 0
    endloop
  endfacet
  facet normal 0.17096 -0.985278 0
    outer loop
      vertex 9.00494 -11.9802 0
      vertex 9.2274 -11.9416 4.1
      vertex 9.00494 -11.9802 4.1
    endloop
  endfacet
  facet normal 0.17096 -0.985278 0
    outer loop
      vertex 9.2274 -11.9416 4.1
      vertex 9.00494 -11.9802 0
      vertex 9.2274 -11.9416 0
    endloop
  endfacet
  facet normal 0.219237 -0.975672 0
    outer loop
      vertex 9.2274 -11.9416 0
      vertex 9.44769 -11.8921 4.1
      vertex 9.2274 -11.9416 4.1
    endloop
  endfacet
  facet normal 0.219237 -0.975672 0
    outer loop
      vertex 9.44769 -11.8921 4.1
      vertex 9.2274 -11.9416 0
      vertex 9.44769 -11.8921 0
    endloop
  endfacet
  facet normal 0.266627 -0.9638 0
    outer loop
      vertex 9.44769 -11.8921 0
      vertex 9.6653 -11.8319 4.1
      vertex 9.44769 -11.8921 4.1
    endloop
  endfacet
  facet normal 0.266627 -0.9638 0
    outer loop
      vertex 9.6653 -11.8319 4.1
      vertex 9.44769 -11.8921 0
      vertex 9.6653 -11.8319 0
    endloop
  endfacet
  facet normal 0.313596 -0.949557 0
    outer loop
      vertex 9.6653 -11.8319 0
      vertex 9.87968 -11.7611 4.1
      vertex 9.6653 -11.8319 4.1
    endloop
  endfacet
  facet normal 0.313596 -0.949557 0
    outer loop
      vertex 9.87968 -11.7611 4.1
      vertex 9.6653 -11.8319 0
      vertex 9.87968 -11.7611 0
    endloop
  endfacet
  facet normal 0.360107 -0.932911 0
    outer loop
      vertex 9.87968 -11.7611 0
      vertex 10.0903 -11.6798 4.1
      vertex 9.87968 -11.7611 4.1
    endloop
  endfacet
  facet normal 0.360107 -0.932911 0
    outer loop
      vertex 10.0903 -11.6798 4.1
      vertex 9.87968 -11.7611 0
      vertex 10.0903 -11.6798 0
    endloop
  endfacet
  facet normal 0.405275 -0.914195 0
    outer loop
      vertex 10.0903 -11.6798 0
      vertex 10.2967 -11.5883 4.1
      vertex 10.0903 -11.6798 4.1
    endloop
  endfacet
  facet normal 0.405275 -0.914195 0
    outer loop
      vertex 10.2967 -11.5883 4.1
      vertex 10.0903 -11.6798 0
      vertex 10.2967 -11.5883 0
    endloop
  endfacet
  facet normal 0.449515 -0.893273 0
    outer loop
      vertex 10.2967 -11.5883 0
      vertex 10.4984 -11.4868 4.1
      vertex 10.2967 -11.5883 4.1
    endloop
  endfacet
  facet normal 0.449515 -0.893273 0
    outer loop
      vertex 10.4984 -11.4868 4.1
      vertex 10.2967 -11.5883 0
      vertex 10.4984 -11.4868 0
    endloop
  endfacet
  facet normal 0.492845 -0.870117 0
    outer loop
      vertex 10.4984 -11.4868 0
      vertex 10.6949 -11.3755 4.1
      vertex 10.4984 -11.4868 4.1
    endloop
  endfacet
  facet normal 0.492845 -0.870117 0
    outer loop
      vertex 10.6949 -11.3755 4.1
      vertex 10.4984 -11.4868 0
      vertex 10.6949 -11.3755 0
    endloop
  endfacet
  facet normal 0.535126 -0.844772 0
    outer loop
      vertex 10.6949 -11.3755 0
      vertex 10.8856 -11.2547 4.1
      vertex 10.6949 -11.3755 4.1
    endloop
  endfacet
  facet normal 0.535126 -0.844772 0
    outer loop
      vertex 10.8856 -11.2547 4.1
      vertex 10.6949 -11.3755 0
      vertex 10.8856 -11.2547 0
    endloop
  endfacet
  facet normal 0.575779 -0.817606 0
    outer loop
      vertex 10.8856 -11.2547 0
      vertex 11.0702 -11.1247 4.1
      vertex 10.8856 -11.2547 4.1
    endloop
  endfacet
  facet normal 0.575779 -0.817606 0
    outer loop
      vertex 11.0702 -11.1247 4.1
      vertex 10.8856 -11.2547 0
      vertex 11.0702 -11.1247 0
    endloop
  endfacet
  facet normal 0.615197 -0.788373 0
    outer loop
      vertex 11.0702 -11.1247 0
      vertex 11.2482 -10.9858 4.1
      vertex 11.0702 -11.1247 4.1
    endloop
  endfacet
  facet normal 0.615197 -0.788373 0
    outer loop
      vertex 11.2482 -10.9858 4.1
      vertex 11.0702 -11.1247 0
      vertex 11.2482 -10.9858 0
    endloop
  endfacet
  facet normal 0.652905 -0.75744 0
    outer loop
      vertex 11.2482 -10.9858 0
      vertex 11.4192 -10.8384 4.1
      vertex 11.2482 -10.9858 4.1
    endloop
  endfacet
  facet normal 0.652905 -0.75744 0
    outer loop
      vertex 11.4192 -10.8384 4.1
      vertex 11.2482 -10.9858 0
      vertex 11.4192 -10.8384 0
    endloop
  endfacet
  facet normal 0.689622 -0.72417 0
    outer loop
      vertex 11.4192 -10.8384 0
      vertex 11.5827 -10.6827 4.1
      vertex 11.4192 -10.8384 4.1
    endloop
  endfacet
  facet normal 0.689622 -0.72417 0
    outer loop
      vertex 11.5827 -10.6827 4.1
      vertex 11.4192 -10.8384 0
      vertex 11.5827 -10.6827 0
    endloop
  endfacet
  facet normal 0.72417 -0.689622 0
    outer loop
      vertex 11.5827 -10.6827 4.1
      vertex 11.7384 -10.5192 0
      vertex 11.7384 -10.5192 4.1
    endloop
  endfacet
  facet normal 0.72417 -0.689622 0
    outer loop
      vertex 11.7384 -10.5192 0
      vertex 11.5827 -10.6827 4.1
      vertex 11.5827 -10.6827 0
    endloop
  endfacet
  facet normal 0.75744 -0.652905 0
    outer loop
      vertex 11.7384 -10.5192 4.1
      vertex 11.8858 -10.3482 0
      vertex 11.8858 -10.3482 4.1
    endloop
  endfacet
  facet normal 0.75744 -0.652905 0
    outer loop
      vertex 11.8858 -10.3482 0
      vertex 11.7384 -10.5192 4.1
      vertex 11.7384 -10.5192 0
    endloop
  endfacet
  facet normal 0.788373 -0.615197 0
    outer loop
      vertex 11.8858 -10.3482 4.1
      vertex 12.0247 -10.1702 0
      vertex 12.0247 -10.1702 4.1
    endloop
  endfacet
  facet normal 0.788373 -0.615197 0
    outer loop
      vertex 12.0247 -10.1702 0
      vertex 11.8858 -10.3482 4.1
      vertex 11.8858 -10.3482 0
    endloop
  endfacet
  facet normal 0.817591 -0.575799 0
    outer loop
      vertex 12.0247 -10.1702 4.1
      vertex 12.1547 -9.98561 0
      vertex 12.1547 -9.98561 4.1
    endloop
  endfacet
  facet normal 0.817591 -0.575799 0
    outer loop
      vertex 12.1547 -9.98561 0
      vertex 12.0247 -10.1702 4.1
      vertex 12.0247 -10.1702 0
    endloop
  endfacet
  facet normal 0.844836 -0.535026 0
    outer loop
      vertex 12.1547 -9.98561 4.1
      vertex 12.2755 -9.79486 0
      vertex 12.2755 -9.79486 4.1
    endloop
  endfacet
  facet normal 0.844836 -0.535026 0
    outer loop
      vertex 12.2755 -9.79486 0
      vertex 12.1547 -9.98561 4.1
      vertex 12.1547 -9.98561 0
    endloop
  endfacet
  facet normal 0.870053 -0.492959 0
    outer loop
      vertex 12.2755 -9.79486 4.1
      vertex 12.3868 -9.59842 0
      vertex 12.3868 -9.59842 4.1
    endloop
  endfacet
  facet normal 0.870053 -0.492959 0
    outer loop
      vertex 12.3868 -9.59842 0
      vertex 12.2755 -9.79486 4.1
      vertex 12.2755 -9.79486 0
    endloop
  endfacet
  facet normal 0.893255 -0.449551 0
    outer loop
      vertex 12.3868 -9.59842 4.1
      vertex 12.4883 -9.39674 0
      vertex 12.4883 -9.39674 4.1
    endloop
  endfacet
  facet normal 0.893255 -0.449551 0
    outer loop
      vertex 12.4883 -9.39674 0
      vertex 12.3868 -9.59842 4.1
      vertex 12.3868 -9.59842 0
    endloop
  endfacet
  facet normal 0.914195 -0.405275 0
    outer loop
      vertex 12.4883 -9.39674 4.1
      vertex 12.5798 -9.19034 0
      vertex 12.5798 -9.19034 4.1
    endloop
  endfacet
  facet normal 0.914195 -0.405275 0
    outer loop
      vertex 12.5798 -9.19034 0
      vertex 12.4883 -9.39674 4.1
      vertex 12.4883 -9.39674 0
    endloop
  endfacet
  facet normal 0.932928 -0.360062 0
    outer loop
      vertex 12.5798 -9.19034 4.1
      vertex 12.6611 -8.97969 0
      vertex 12.6611 -8.97969 4.1
    endloop
  endfacet
  facet normal 0.932928 -0.360062 0
    outer loop
      vertex 12.6611 -8.97969 0
      vertex 12.5798 -9.19034 4.1
      vertex 12.5798 -9.19034 0
    endloop
  endfacet
  facet normal 0.949561 -0.313582 0
    outer loop
      vertex 12.6611 -8.97969 4.1
      vertex 12.7319 -8.7653 0
      vertex 12.7319 -8.7653 4.1
    endloop
  endfacet
  facet normal 0.949561 -0.313582 0
    outer loop
      vertex 12.7319 -8.7653 0
      vertex 12.6611 -8.97969 4.1
      vertex 12.6611 -8.97969 0
    endloop
  endfacet
  facet normal 0.963797 -0.266639 0
    outer loop
      vertex 12.7319 -8.7653 4.1
      vertex 12.7921 -8.5477 0
      vertex 12.7921 -8.5477 4.1
    endloop
  endfacet
  facet normal 0.963797 -0.266639 0
    outer loop
      vertex 12.7921 -8.5477 0
      vertex 12.7319 -8.7653 4.1
      vertex 12.7319 -8.7653 0
    endloop
  endfacet
  facet normal 0.975672 -0.219237 0
    outer loop
      vertex 12.7921 -8.5477 4.1
      vertex 12.8416 -8.32741 0
      vertex 12.8416 -8.32741 4.1
    endloop
  endfacet
  facet normal 0.975672 -0.219237 0
    outer loop
      vertex 12.8416 -8.32741 0
      vertex 12.7921 -8.5477 4.1
      vertex 12.7921 -8.5477 0
    endloop
  endfacet
  facet normal 0.985278 -0.17096 0
    outer loop
      vertex 12.8416 -8.32741 4.1
      vertex 12.8802 -8.10495 0
      vertex 12.8802 -8.10495 4.1
    endloop
  endfacet
  facet normal 0.985278 -0.17096 0
    outer loop
      vertex 12.8802 -8.10495 0
      vertex 12.8416 -8.32741 4.1
      vertex 12.8416 -8.32741 0
    endloop
  endfacet
  facet normal 0.9925 -0.122246 0
    outer loop
      vertex 12.8802 -8.10495 4.1
      vertex 12.9078 -7.88087 0
      vertex 12.9078 -7.88087 4.1
    endloop
  endfacet
  facet normal 0.9925 -0.122246 0
    outer loop
      vertex 12.9078 -7.88087 0
      vertex 12.8802 -8.10495 4.1
      vertex 12.8802 -8.10495 0
    endloop
  endfacet
  facet normal 0.997294 -0.0735226 0
    outer loop
      vertex 12.9078 -7.88087 4.1
      vertex 12.9244 -7.6557 0
      vertex 12.9244 -7.6557 4.1
    endloop
  endfacet
  facet normal 0.997294 -0.0735226 0
    outer loop
      vertex 12.9244 -7.6557 0
      vertex 12.9078 -7.88087 4.1
      vertex 12.9078 -7.88087 0
    endloop
  endfacet
  facet normal 0.999692 -0.024803 0
    outer loop
      vertex 12.9244 -7.6557 4.1
      vertex 12.93 -7.42999 0
      vertex 12.93 -7.42999 4.1
    endloop
  endfacet
  facet normal 0.999692 -0.024803 0
    outer loop
      vertex 12.93 -7.42999 0
      vertex 12.9244 -7.6557 4.1
      vertex 12.9244 -7.6557 0
    endloop
  endfacet
  facet normal 1 -0 0
    outer loop
      vertex 12.93 -7.42999 4.1
      vertex 12.93 7.42999 0
      vertex 12.93 7.42999 4.1
    endloop
  endfacet
  facet normal 1 0 0
    outer loop
      vertex 12.93 7.42999 0
      vertex 12.93 -7.42999 4.1
      vertex 12.93 -7.42999 0
    endloop
  endfacet
  facet normal 0.999692 0.024803 0
    outer loop
      vertex 12.93 7.42999 4.1
      vertex 12.9244 7.6557 0
      vertex 12.9244 7.6557 4.1
    endloop
  endfacet
  facet normal 0.999692 0.024803 0
    outer loop
      vertex 12.9244 7.6557 0
      vertex 12.93 7.42999 4.1
      vertex 12.93 7.42999 0
    endloop
  endfacet
  facet normal 0.997294 0.0735226 0
    outer loop
      vertex 12.9244 7.6557 4.1
      vertex 12.9078 7.88087 0
      vertex 12.9078 7.88087 4.1
    endloop
  endfacet
  facet normal 0.997294 0.0735226 0
    outer loop
      vertex 12.9078 7.88087 0
      vertex 12.9244 7.6557 4.1
      vertex 12.9244 7.6557 0
    endloop
  endfacet
  facet normal 0.9925 0.122246 0
    outer loop
      vertex 12.9078 7.88087 4.1
      vertex 12.8802 8.10495 0
      vertex 12.8802 8.10495 4.1
    endloop
  endfacet
  facet normal 0.9925 0.122246 0
    outer loop
      vertex 12.8802 8.10495 0
      vertex 12.9078 7.88087 4.1
      vertex 12.9078 7.88087 0
    endloop
  endfacet
  facet normal 0.985278 0.17096 0
    outer loop
      vertex 12.8802 8.10495 4.1
      vertex 12.8416 8.32741 0
      vertex 12.8416 8.32741 4.1
    endloop
  endfacet
  facet normal 0.985278 0.17096 0
    outer loop
      vertex 12.8416 8.32741 0
      vertex 12.8802 8.10495 4.1
      vertex 12.8802 8.10495 0
    endloop
  endfacet
  facet normal 0.975672 0.219237 0
    outer loop
      vertex 12.8416 8.32741 4.1
      vertex 12.7921 8.5477 0
      vertex 12.7921 8.5477 4.1
    endloop
  endfacet
  facet normal 0.975672 0.219237 0
    outer loop
      vertex 12.7921 8.5477 0
      vertex 12.8416 8.32741 4.1
      vertex 12.8416 8.32741 0
    endloop
  endfacet
  facet normal 0.963797 0.266639 0
    outer loop
      vertex 12.7921 8.5477 4.1
      vertex 12.7319 8.7653 0
      vertex 12.7319 8.7653 4.1
    endloop
  endfacet
  facet normal 0.963797 0.266639 0
    outer loop
      vertex 12.7319 8.7653 0
      vertex 12.7921 8.5477 4.1
      vertex 12.7921 8.5477 0
    endloop
  endfacet
  facet normal 0.949561 0.313582 0
    outer loop
      vertex 12.7319 8.7653 4.1
      vertex 12.6611 8.97969 0
      vertex 12.6611 8.97969 4.1
    endloop
  endfacet
  facet normal 0.949561 0.313582 0
    outer loop
      vertex 12.6611 8.97969 0
      vertex 12.7319 8.7653 4.1
      vertex 12.7319 8.7653 0
    endloop
  endfacet
  facet normal 0.932928 0.360062 0
    outer loop
      vertex 12.6611 8.97969 4.1
      vertex 12.5798 9.19034 0
      vertex 12.5798 9.19034 4.1
    endloop
  endfacet
  facet normal 0.932928 0.360062 0
    outer loop
      vertex 12.5798 9.19034 0
      vertex 12.6611 8.97969 4.1
      vertex 12.6611 8.97969 0
    endloop
  endfacet
  facet normal 0.914195 0.405275 0
    outer loop
      vertex 12.5798 9.19034 4.1
      vertex 12.4883 9.39674 0
      vertex 12.4883 9.39674 4.1
    endloop
  endfacet
  facet normal 0.914195 0.405275 0
    outer loop
      vertex 12.4883 9.39674 0
      vertex 12.5798 9.19034 4.1
      vertex 12.5798 9.19034 0
    endloop
  endfacet
  facet normal 0.893255 0.449551 0
    outer loop
      vertex 12.4883 9.39674 4.1
      vertex 12.3868 9.59842 0
      vertex 12.3868 9.59842 4.1
    endloop
  endfacet
  facet normal 0.893255 0.449551 0
    outer loop
      vertex 12.3868 9.59842 0
      vertex 12.4883 9.39674 4.1
      vertex 12.4883 9.39674 0
    endloop
  endfacet
  facet normal 0.870053 0.492959 0
    outer loop
      vertex 12.3868 9.59842 4.1
      vertex 12.2755 9.79486 0
      vertex 12.2755 9.79486 4.1
    endloop
  endfacet
  facet normal 0.870053 0.492959 0
    outer loop
      vertex 12.2755 9.79486 0
      vertex 12.3868 9.59842 4.1
      vertex 12.3868 9.59842 0
    endloop
  endfacet
  facet normal 0.844836 0.535026 0
    outer loop
      vertex 12.2755 9.79486 4.1
      vertex 12.1547 9.98561 0
      vertex 12.1547 9.98561 4.1
    endloop
  endfacet
  facet normal 0.844836 0.535026 0
    outer loop
      vertex 12.1547 9.98561 0
      vertex 12.2755 9.79486 4.1
      vertex 12.2755 9.79486 0
    endloop
  endfacet
  facet normal 0.817591 0.575799 0
    outer loop
      vertex 12.1547 9.98561 4.1
      vertex 12.0247 10.1702 0
      vertex 12.0247 10.1702 4.1
    endloop
  endfacet
  facet normal 0.817591 0.575799 0
    outer loop
      vertex 12.0247 10.1702 0
      vertex 12.1547 9.98561 4.1
      vertex 12.1547 9.98561 0
    endloop
  endfacet
  facet normal 0.788373 0.615197 0
    outer loop
      vertex 12.0247 10.1702 4.1
      vertex 11.8858 10.3482 0
      vertex 11.8858 10.3482 4.1
    endloop
  endfacet
  facet normal 0.788373 0.615197 0
    outer loop
      vertex 11.8858 10.3482 0
      vertex 12.0247 10.1702 4.1
      vertex 12.0247 10.1702 0
    endloop
  endfacet
  facet normal 0.75744 0.652905 0
    outer loop
      vertex 11.8858 10.3482 4.1
      vertex 11.7384 10.5192 0
      vertex 11.7384 10.5192 4.1
    endloop
  endfacet
  facet normal 0.75744 0.652905 0
    outer loop
      vertex 11.7384 10.5192 0
      vertex 11.8858 10.3482 4.1
      vertex 11.8858 10.3482 0
    endloop
  endfacet
  facet normal 0.72417 0.689622 0
    outer loop
      vertex 11.7384 10.5192 4.1
      vertex 11.5827 10.6827 0
      vertex 11.5827 10.6827 4.1
    endloop
  endfacet
  facet normal 0.72417 0.689622 0
    outer loop
      vertex 11.5827 10.6827 0
      vertex 11.7384 10.5192 4.1
      vertex 11.7384 10.5192 0
    endloop
  endfacet
  facet normal 0.689622 0.72417 -0
    outer loop
      vertex 11.5827 10.6827 0
      vertex 11.4192 10.8384 4.1
      vertex 11.5827 10.6827 4.1
    endloop
  endfacet
  facet normal 0.689622 0.72417 0
    outer loop
      vertex 11.4192 10.8384 4.1
      vertex 11.5827 10.6827 0
      vertex 11.4192 10.8384 0
    endloop
  endfacet
  facet normal 0.652905 0.75744 -0
    outer loop
      vertex 11.4192 10.8384 0
      vertex 11.2482 10.9858 4.1
      vertex 11.4192 10.8384 4.1
    endloop
  endfacet
  facet normal 0.652905 0.75744 0
    outer loop
      vertex 11.2482 10.9858 4.1
      vertex 11.4192 10.8384 0
      vertex 11.2482 10.9858 0
    endloop
  endfacet
  facet normal 0.615197 0.788373 -0
    outer loop
      vertex 11.2482 10.9858 0
      vertex 11.0702 11.1247 4.1
      vertex 11.2482 10.9858 4.1
    endloop
  endfacet
  facet normal 0.615197 0.788373 0
    outer loop
      vertex 11.0702 11.1247 4.1
      vertex 11.2482 10.9858 0
      vertex 11.0702 11.1247 0
    endloop
  endfacet
  facet normal 0.575779 0.817606 -0
    outer loop
      vertex 11.0702 11.1247 0
      vertex 10.8856 11.2547 4.1
      vertex 11.0702 11.1247 4.1
    endloop
  endfacet
  facet normal 0.575779 0.817606 0
    outer loop
      vertex 10.8856 11.2547 4.1
      vertex 11.0702 11.1247 0
      vertex 10.8856 11.2547 0
    endloop
  endfacet
  facet normal 0.535126 0.844772 -0
    outer loop
      vertex 10.8856 11.2547 0
      vertex 10.6949 11.3755 4.1
      vertex 10.8856 11.2547 4.1
    endloop
  endfacet
  facet normal 0.535126 0.844772 0
    outer loop
      vertex 10.6949 11.3755 4.1
      vertex 10.8856 11.2547 0
      vertex 10.6949 11.3755 0
    endloop
  endfacet
  facet normal 0.492845 0.870117 -0
    outer loop
      vertex 10.6949 11.3755 0
      vertex 10.4984 11.4868 4.1
      vertex 10.6949 11.3755 4.1
    endloop
  endfacet
  facet normal 0.492845 0.870117 0
    outer loop
      vertex 10.4984 11.4868 4.1
      vertex 10.6949 11.3755 0
      vertex 10.4984 11.4868 0
    endloop
  endfacet
  facet normal 0.449515 0.893273 -0
    outer loop
      vertex 10.4984 11.4868 0
      vertex 10.2967 11.5883 4.1
      vertex 10.4984 11.4868 4.1
    endloop
  endfacet
  facet normal 0.449515 0.893273 0
    outer loop
      vertex 10.2967 11.5883 4.1
      vertex 10.4984 11.4868 0
      vertex 10.2967 11.5883 0
    endloop
  endfacet
  facet normal 0.405275 0.914195 -0
    outer loop
      vertex 10.2967 11.5883 0
      vertex 10.0903 11.6798 4.1
      vertex 10.2967 11.5883 4.1
    endloop
  endfacet
  facet normal 0.405275 0.914195 0
    outer loop
      vertex 10.0903 11.6798 4.1
      vertex 10.2967 11.5883 0
      vertex 10.0903 11.6798 0
    endloop
  endfacet
  facet normal 0.360107 0.932911 -0
    outer loop
      vertex 10.0903 11.6798 0
      vertex 9.87968 11.7611 4.1
      vertex 10.0903 11.6798 4.1
    endloop
  endfacet
  facet normal 0.360107 0.932911 0
    outer loop
      vertex 9.87968 11.7611 4.1
      vertex 10.0903 11.6798 0
      vertex 9.87968 11.7611 0
    endloop
  endfacet
  facet normal 0.313596 0.949557 -0
    outer loop
      vertex 9.87968 11.7611 0
      vertex 9.6653 11.8319 4.1
      vertex 9.87968 11.7611 4.1
    endloop
  endfacet
  facet normal 0.313596 0.949557 0
    outer loop
      vertex 9.6653 11.8319 4.1
      vertex 9.87968 11.7611 0
      vertex 9.6653 11.8319 0
    endloop
  endfacet
  facet normal 0.266627 0.9638 -0
    outer loop
      vertex 9.6653 11.8319 0
      vertex 9.44769 11.8921 4.1
      vertex 9.6653 11.8319 4.1
    endloop
  endfacet
  facet normal 0.266627 0.9638 0
    outer loop
      vertex 9.44769 11.8921 4.1
      vertex 9.6653 11.8319 0
      vertex 9.44769 11.8921 0
    endloop
  endfacet
  facet normal 0.219237 0.975672 -0
    outer loop
      vertex 9.44769 11.8921 0
      vertex 9.2274 11.9416 4.1
      vertex 9.44769 11.8921 4.1
    endloop
  endfacet
  facet normal 0.219237 0.975672 0
    outer loop
      vertex 9.2274 11.9416 4.1
      vertex 9.44769 11.8921 0
      vertex 9.2274 11.9416 0
    endloop
  endfacet
  facet normal 0.17096 0.985278 -0
    outer loop
      vertex 9.2274 11.9416 0
      vertex 9.00494 11.9802 4.1
      vertex 9.2274 11.9416 4.1
    endloop
  endfacet
  facet normal 0.17096 0.985278 0
    outer loop
      vertex 9.00494 11.9802 4.1
      vertex 9.2274 11.9416 0
      vertex 9.00494 11.9802 0
    endloop
  endfacet
  facet normal 0.122252 0.992499 -0
    outer loop
      vertex 9.00494 11.9802 0
      vertex 8.78087 12.0078 4.1
      vertex 9.00494 11.9802 4.1
    endloop
  endfacet
  facet normal 0.122252 0.992499 0
    outer loop
      vertex 8.78087 12.0078 4.1
      vertex 9.00494 11.9802 0
      vertex 8.78087 12.0078 0
    endloop
  endfacet
  facet normal 0.0735193 0.997294 -0
    outer loop
      vertex 8.78087 12.0078 0
      vertex 8.55569 12.0244 4.1
      vertex 8.78087 12.0078 4.1
    endloop
  endfacet
  facet normal 0.0735193 0.997294 0
    outer loop
      vertex 8.55569 12.0244 4.1
      vertex 8.78087 12.0078 0
      vertex 8.55569 12.0244 0
    endloop
  endfacet
  facet normal 0.0248041 0.999692 -0
    outer loop
      vertex 8.55569 12.0244 0
      vertex 8.32999 12.03 4.1
      vertex 8.55569 12.0244 4.1
    endloop
  endfacet
  facet normal 0.0248041 0.999692 0
    outer loop
      vertex 8.32999 12.03 4.1
      vertex 8.55569 12.0244 0
      vertex 8.32999 12.03 0
    endloop
  endfacet
  facet normal 0 1 -0
    outer loop
      vertex 8.32999 12.03 0
      vertex -18.33 12.03 4.1
      vertex 8.32999 12.03 4.1
    endloop
  endfacet
  facet normal 0 1 0
    outer loop
      vertex -18.33 12.03 4.1
      vertex 8.32999 12.03 0
      vertex -18.33 12.03 0
    endloop
  endfacet
  facet normal -0.0248041 0.999692 0
    outer loop
      vertex -18.33 12.03 0
      vertex -18.5557 12.0244 4.1
      vertex -18.33 12.03 4.1
    endloop
  endfacet
  facet normal -0.0248041 0.999692 0
    outer loop
      vertex -18.5557 12.0244 4.1
      vertex -18.33 12.03 0
      vertex -18.5557 12.0244 0
    endloop
  endfacet
  facet normal -0.0735128 0.997294 0
    outer loop
      vertex -18.5557 12.0244 0
      vertex -18.7809 12.0078 4.1
      vertex -18.5557 12.0244 4.1
    endloop
  endfacet
  facet normal -0.0735128 0.997294 0
    outer loop
      vertex -18.7809 12.0078 4.1
      vertex -18.5557 12.0244 0
      vertex -18.7809 12.0078 0
    endloop
  endfacet
  facet normal -0.122289 0.992494 0
    outer loop
      vertex -18.7809 12.0078 0
      vertex -19.0049 11.9802 4.1
      vertex -18.7809 12.0078 4.1
    endloop
  endfacet
  facet normal -0.122289 0.992494 0
    outer loop
      vertex -19.0049 11.9802 4.1
      vertex -18.7809 12.0078 0
      vertex -19.0049 11.9802 0
    endloop
  endfacet
  facet normal -0.17093 0.985283 0
    outer loop
      vertex -19.0049 11.9802 0
      vertex -19.2274 11.9416 4.1
      vertex -19.0049 11.9802 4.1
    endloop
  endfacet
  facet normal -0.17093 0.985283 0
    outer loop
      vertex -19.2274 11.9416 4.1
      vertex -19.0049 11.9802 0
      vertex -19.2274 11.9416 0
    endloop
  endfacet
  facet normal -0.219228 0.975674 0
    outer loop
      vertex -19.2274 11.9416 0
      vertex -19.4477 11.8921 4.1
      vertex -19.2274 11.9416 4.1
    endloop
  endfacet
  facet normal -0.219228 0.975674 0
    outer loop
      vertex -19.4477 11.8921 4.1
      vertex -19.2274 11.9416 0
      vertex -19.4477 11.8921 0
    endloop
  endfacet
  facet normal -0.266639 0.963797 0
    outer loop
      vertex -19.4477 11.8921 0
      vertex -19.6653 11.8319 4.1
      vertex -19.4477 11.8921 4.1
    endloop
  endfacet
  facet normal -0.266639 0.963797 0
    outer loop
      vertex -19.6653 11.8319 4.1
      vertex -19.4477 11.8921 0
      vertex -19.6653 11.8319 0
    endloop
  endfacet
  facet normal -0.313569 0.949565 0
    outer loop
      vertex -19.6653 11.8319 0
      vertex -19.8797 11.7611 4.1
      vertex -19.6653 11.8319 4.1
    endloop
  endfacet
  facet normal -0.313569 0.949565 0
    outer loop
      vertex -19.8797 11.7611 4.1
      vertex -19.6653 11.8319 0
      vertex -19.8797 11.7611 0
    endloop
  endfacet
  facet normal -0.360136 0.9329 0
    outer loop
      vertex -19.8797 11.7611 0
      vertex -20.0903 11.6798 4.1
      vertex -19.8797 11.7611 4.1
    endloop
  endfacet
  facet normal -0.360136 0.9329 0
    outer loop
      vertex -20.0903 11.6798 4.1
      vertex -19.8797 11.7611 0
      vertex -20.0903 11.6798 0
    endloop
  endfacet
  facet normal -0.405275 0.914195 0
    outer loop
      vertex -20.0903 11.6798 0
      vertex -20.2967 11.5883 4.1
      vertex -20.0903 11.6798 4.1
    endloop
  endfacet
  facet normal -0.405275 0.914195 0
    outer loop
      vertex -20.2967 11.5883 4.1
      vertex -20.0903 11.6798 0
      vertex -20.2967 11.5883 0
    endloop
  endfacet
  facet normal -0.449515 0.893273 0
    outer loop
      vertex -20.2967 11.5883 0
      vertex -20.4984 11.4868 4.1
      vertex -20.2967 11.5883 4.1
    endloop
  endfacet
  facet normal -0.449515 0.893273 0
    outer loop
      vertex -20.4984 11.4868 4.1
      vertex -20.2967 11.5883 0
      vertex -20.4984 11.4868 0
    endloop
  endfacet
  facet normal -0.492845 0.870117 0
    outer loop
      vertex -20.4984 11.4868 0
      vertex -20.6949 11.3755 4.1
      vertex -20.4984 11.4868 4.1
    endloop
  endfacet
  facet normal -0.492845 0.870117 0
    outer loop
      vertex -20.6949 11.3755 4.1
      vertex -20.4984 11.4868 0
      vertex -20.6949 11.3755 0
    endloop
  endfacet
  facet normal -0.535126 0.844772 0
    outer loop
      vertex -20.6949 11.3755 0
      vertex -20.8856 11.2547 4.1
      vertex -20.6949 11.3755 4.1
    endloop
  endfacet
  facet normal -0.535126 0.844772 0
    outer loop
      vertex -20.8856 11.2547 4.1
      vertex -20.6949 11.3755 0
      vertex -20.8856 11.2547 0
    endloop
  endfacet
  facet normal -0.575779 0.817606 0
    outer loop
      vertex -20.8856 11.2547 0
      vertex -21.0702 11.1247 4.1
      vertex -20.8856 11.2547 4.1
    endloop
  endfacet
  facet normal -0.575779 0.817606 0
    outer loop
      vertex -21.0702 11.1247 4.1
      vertex -20.8856 11.2547 0
      vertex -21.0702 11.1247 0
    endloop
  endfacet
  facet normal -0.615197 0.788373 0
    outer loop
      vertex -21.0702 11.1247 0
      vertex -21.2482 10.9858 4.1
      vertex -21.0702 11.1247 4.1
    endloop
  endfacet
  facet normal -0.615197 0.788373 0
    outer loop
      vertex -21.2482 10.9858 4.1
      vertex -21.0702 11.1247 0
      vertex -21.2482 10.9858 0
    endloop
  endfacet
  facet normal -0.652905 0.75744 0
    outer loop
      vertex -21.2482 10.9858 0
      vertex -21.4192 10.8384 4.1
      vertex -21.2482 10.9858 4.1
    endloop
  endfacet
  facet normal -0.652905 0.75744 0
    outer loop
      vertex -21.4192 10.8384 4.1
      vertex -21.2482 10.9858 0
      vertex -21.4192 10.8384 0
    endloop
  endfacet
  facet normal -0.689622 0.72417 0
    outer loop
      vertex -21.4192 10.8384 0
      vertex -21.5827 10.6827 4.1
      vertex -21.4192 10.8384 4.1
    endloop
  endfacet
  facet normal -0.689622 0.72417 0
    outer loop
      vertex -21.5827 10.6827 4.1
      vertex -21.4192 10.8384 0
      vertex -21.5827 10.6827 0
    endloop
  endfacet
  facet normal -0.72417 0.689622 0
    outer loop
      vertex -21.7384 10.5192 0
      vertex -21.5827 10.6827 4.1
      vertex -21.5827 10.6827 0
    endloop
  endfacet
  facet normal -0.72417 0.689622 0
    outer loop
      vertex -21.5827 10.6827 4.1
      vertex -21.7384 10.5192 0
      vertex -21.7384 10.5192 4.1
    endloop
  endfacet
  facet normal -0.75744 0.652905 0
    outer loop
      vertex -21.8858 10.3482 0
      vertex -21.7384 10.5192 4.1
      vertex -21.7384 10.5192 0
    endloop
  endfacet
  facet normal -0.75744 0.652905 0
    outer loop
      vertex -21.7384 10.5192 4.1
      vertex -21.8858 10.3482 0
      vertex -21.8858 10.3482 4.1
    endloop
  endfacet
  facet normal -0.788373 0.615197 0
    outer loop
      vertex -22.0247 10.1702 0
      vertex -21.8858 10.3482 4.1
      vertex -21.8858 10.3482 0
    endloop
  endfacet
  facet normal -0.788373 0.615197 0
    outer loop
      vertex -21.8858 10.3482 4.1
      vertex -22.0247 10.1702 0
      vertex -22.0247 10.1702 4.1
    endloop
  endfacet
  facet normal -0.817591 0.575799 0
    outer loop
      vertex -22.1547 9.98561 0
      vertex -22.0247 10.1702 4.1
      vertex -22.0247 10.1702 0
    endloop
  endfacet
  facet normal -0.817591 0.575799 0
    outer loop
      vertex -22.0247 10.1702 4.1
      vertex -22.1547 9.98561 0
      vertex -22.1547 9.98561 4.1
    endloop
  endfacet
  facet normal -0.844836 0.535026 0
    outer loop
      vertex -22.2755 9.79486 0
      vertex -22.1547 9.98561 4.1
      vertex -22.1547 9.98561 0
    endloop
  endfacet
  facet normal -0.844836 0.535026 0
    outer loop
      vertex -22.1547 9.98561 4.1
      vertex -22.2755 9.79486 0
      vertex -22.2755 9.79486 4.1
    endloop
  endfacet
  facet normal -0.870053 0.492959 0
    outer loop
      vertex -22.3868 9.59842 0
      vertex -22.2755 9.79486 4.1
      vertex -22.2755 9.79486 0
    endloop
  endfacet
  facet normal -0.870053 0.492959 0
    outer loop
      vertex -22.2755 9.79486 4.1
      vertex -22.3868 9.59842 0
      vertex -22.3868 9.59842 4.1
    endloop
  endfacet
  facet normal -0.893255 0.449551 0
    outer loop
      vertex -22.4883 9.39674 0
      vertex -22.3868 9.59842 4.1
      vertex -22.3868 9.59842 0
    endloop
  endfacet
  facet normal -0.893255 0.449551 0
    outer loop
      vertex -22.3868 9.59842 4.1
      vertex -22.4883 9.39674 0
      vertex -22.4883 9.39674 4.1
    endloop
  endfacet
  facet normal -0.914195 0.405275 0
    outer loop
      vertex -22.5798 9.19034 0
      vertex -22.4883 9.39674 4.1
      vertex -22.4883 9.39674 0
    endloop
  endfacet
  facet normal -0.914195 0.405275 0
    outer loop
      vertex -22.4883 9.39674 4.1
      vertex -22.5798 9.19034 0
      vertex -22.5798 9.19034 4.1
    endloop
  endfacet
  facet normal -0.932928 0.360062 0
    outer loop
      vertex -22.6611 8.97969 0
      vertex -22.5798 9.19034 4.1
      vertex -22.5798 9.19034 0
    endloop
  endfacet
  facet normal -0.932928 0.360062 0
    outer loop
      vertex -22.5798 9.19034 4.1
      vertex -22.6611 8.97969 0
      vertex -22.6611 8.97969 4.1
    endloop
  endfacet
  facet normal -0.949561 0.313582 0
    outer loop
      vertex -22.7319 8.7653 0
      vertex -22.6611 8.97969 4.1
      vertex -22.6611 8.97969 0
    endloop
  endfacet
  facet normal -0.949561 0.313582 0
    outer loop
      vertex -22.6611 8.97969 4.1
      vertex -22.7319 8.7653 0
      vertex -22.7319 8.7653 4.1
    endloop
  endfacet
  facet normal -0.963797 0.266639 0
    outer loop
      vertex -22.7921 8.5477 0
      vertex -22.7319 8.7653 4.1
      vertex -22.7319 8.7653 0
    endloop
  endfacet
  facet normal -0.963797 0.266639 0
    outer loop
      vertex -22.7319 8.7653 4.1
      vertex -22.7921 8.5477 0
      vertex -22.7921 8.5477 4.1
    endloop
  endfacet
  facet normal -0.975672 0.219237 0
    outer loop
      vertex -22.8416 8.32741 0
      vertex -22.7921 8.5477 4.1
      vertex -22.7921 8.5477 0
    endloop
  endfacet
  facet normal -0.975672 0.219237 0
    outer loop
      vertex -22.7921 8.5477 4.1
      vertex -22.8416 8.32741 0
      vertex -22.8416 8.32741 4.1
    endloop
  endfacet
  facet normal -0.985278 0.17096 0
    outer loop
      vertex -22.8802 8.10495 0
      vertex -22.8416 8.32741 4.1
      vertex -22.8416 8.32741 0
    endloop
  endfacet
  facet normal -0.985278 0.17096 0
    outer loop
      vertex -22.8416 8.32741 4.1
      vertex -22.8802 8.10495 0
      vertex -22.8802 8.10495 4.1
    endloop
  endfacet
  facet normal -0.9925 0.122246 0
    outer loop
      vertex -22.9078 7.88087 0
      vertex -22.8802 8.10495 4.1
      vertex -22.8802 8.10495 0
    endloop
  endfacet
  facet normal -0.9925 0.122246 0
    outer loop
      vertex -22.8802 8.10495 4.1
      vertex -22.9078 7.88087 0
      vertex -22.9078 7.88087 4.1
    endloop
  endfacet
  facet normal -0.997294 0.0735226 0
    outer loop
      vertex -22.9244 7.6557 0
      vertex -22.9078 7.88087 4.1
      vertex -22.9078 7.88087 0
    endloop
  endfacet
  facet normal -0.997294 0.0735226 0
    outer loop
      vertex -22.9078 7.88087 4.1
      vertex -22.9244 7.6557 0
      vertex -22.9244 7.6557 4.1
    endloop
  endfacet
  facet normal -0.999692 0.024803 0
    outer loop
      vertex -22.93 7.42999 0
      vertex -22.9244 7.6557 4.1
      vertex -22.9244 7.6557 0
    endloop
  endfacet
  facet normal -0.999692 0.024803 0
    outer loop
      vertex -22.9244 7.6557 4.1
      vertex -22.93 7.42999 0
      vertex -22.93 7.42999 4.1
    endloop
  endfacet
  facet normal -1 0 0
    outer loop
      vertex -22.93 6.5 0
      vertex -22.93 7.42999 4.1
      vertex -22.93 7.42999 0
    endloop
  endfacet
  facet normal -1 -0 0
    outer loop
      vertex -22.93 7.42999 4.1
      vertex -22.93 6.5 0
      vertex -22.93 6.5 4.1
    endloop
  endfacet
  facet normal -1 0 0
    outer loop
      vertex -22.93 -7.42999 0
      vertex -22.93 -6.5 4.1
      vertex -22.93 -6.5 0
    endloop
  endfacet
  facet normal -1 -0 0
    outer loop
      vertex -22.93 -6.5 4.1
      vertex -22.93 -7.42999 0
      vertex -22.93 -7.42999 4.1
    endloop
  endfacet
  facet normal -0.999692 -0.024803 0
    outer loop
      vertex -22.9244 -7.6557 0
      vertex -22.93 -7.42999 4.1
      vertex -22.93 -7.42999 0
    endloop
  endfacet
  facet normal -0.999692 -0.024803 0
    outer loop
      vertex -22.93 -7.42999 4.1
      vertex -22.9244 -7.6557 0
      vertex -22.9244 -7.6557 4.1
    endloop
  endfacet
  facet normal -0.997294 -0.0735226 0
    outer loop
      vertex -22.9078 -7.88087 0
      vertex -22.9244 -7.6557 4.1
      vertex -22.9244 -7.6557 0
    endloop
  endfacet
  facet normal -0.997294 -0.0735226 0
    outer loop
      vertex -22.9244 -7.6557 4.1
      vertex -22.9078 -7.88087 0
      vertex -22.9078 -7.88087 4.1
    endloop
  endfacet
  facet normal -0.9925 -0.122246 0
    outer loop
      vertex -22.8802 -8.10495 0
      vertex -22.9078 -7.88087 4.1
      vertex -22.9078 -7.88087 0
    endloop
  endfacet
  facet normal -0.9925 -0.122246 0
    outer loop
      vertex -22.9078 -7.88087 4.1
      vertex -22.8802 -8.10495 0
      vertex -22.8802 -8.10495 4.1
    endloop
  endfacet
  facet normal -0.985278 -0.17096 0
    outer loop
      vertex -22.8416 -8.32741 0
      vertex -22.8802 -8.10495 4.1
      vertex -22.8802 -8.10495 0
    endloop
  endfacet
  facet normal -0.985278 -0.17096 0
    outer loop
      vertex -22.8802 -8.10495 4.1
      vertex -22.8416 -8.32741 0
      vertex -22.8416 -8.32741 4.1
    endloop
  endfacet
  facet normal -0.975672 -0.219237 0
    outer loop
      vertex -22.7921 -8.5477 0
      vertex -22.8416 -8.32741 4.1
      vertex -22.8416 -8.32741 0
    endloop
  endfacet
  facet normal -0.975672 -0.219237 0
    outer loop
      vertex -22.8416 -8.32741 4.1
      vertex -22.7921 -8.5477 0
      vertex -22.7921 -8.5477 4.1
    endloop
  endfacet
  facet normal -0.963797 -0.266639 0
    outer loop
      vertex -22.7319 -8.7653 0
      vertex -22.7921 -8.5477 4.1
      vertex -22.7921 -8.5477 0
    endloop
  endfacet
  facet normal -0.963797 -0.266639 0
    outer loop
      vertex -22.7921 -8.5477 4.1
      vertex -22.7319 -8.7653 0
      vertex -22.7319 -8.7653 4.1
    endloop
  endfacet
  facet normal -0.949561 -0.313582 0
    outer loop
      vertex -22.6611 -8.97969 0
      vertex -22.7319 -8.7653 4.1
      vertex -22.7319 -8.7653 0
    endloop
  endfacet
  facet normal -0.949561 -0.313582 0
    outer loop
      vertex -22.7319 -8.7653 4.1
      vertex -22.6611 -8.97969 0
      vertex -22.6611 -8.97969 4.1
    endloop
  endfacet
  facet normal -0.932928 -0.360062 0
    outer loop
      vertex -22.5798 -9.19034 0
      vertex -22.6611 -8.97969 4.1
      vertex -22.6611 -8.97969 0
    endloop
  endfacet
  facet normal -0.932928 -0.360062 0
    outer loop
      vertex -22.6611 -8.97969 4.1
      vertex -22.5798 -9.19034 0
      vertex -22.5798 -9.19034 4.1
    endloop
  endfacet
  facet normal -0.914195 -0.405275 0
    outer loop
      vertex -22.4883 -9.39674 0
      vertex -22.5798 -9.19034 4.1
      vertex -22.5798 -9.19034 0
    endloop
  endfacet
  facet normal -0.914195 -0.405275 0
    outer loop
      vertex -22.5798 -9.19034 4.1
      vertex -22.4883 -9.39674 0
      vertex -22.4883 -9.39674 4.1
    endloop
  endfacet
  facet normal -0.893255 -0.449551 0
    outer loop
      vertex -22.3868 -9.59842 0
      vertex -22.4883 -9.39674 4.1
      vertex -22.4883 -9.39674 0
    endloop
  endfacet
  facet normal -0.893255 -0.449551 0
    outer loop
      vertex -22.4883 -9.39674 4.1
      vertex -22.3868 -9.59842 0
      vertex -22.3868 -9.59842 4.1
    endloop
  endfacet
  facet normal -0.870053 -0.492959 0
    outer loop
      vertex -22.2755 -9.79486 0
      vertex -22.3868 -9.59842 4.1
      vertex -22.3868 -9.59842 0
    endloop
  endfacet
  facet normal -0.870053 -0.492959 0
    outer loop
      vertex -22.3868 -9.59842 4.1
      vertex -22.2755 -9.79486 0
      vertex -22.2755 -9.79486 4.1
    endloop
  endfacet
  facet normal -0.844836 -0.535026 0
    outer loop
      vertex -22.1547 -9.98561 0
      vertex -22.2755 -9.79486 4.1
      vertex -22.2755 -9.79486 0
    endloop
  endfacet
  facet normal -0.844836 -0.535026 0
    outer loop
      vertex -22.2755 -9.79486 4.1
      vertex -22.1547 -9.98561 0
      vertex -22.1547 -9.98561 4.1
    endloop
  endfacet
  facet normal -0.817591 -0.575799 0
    outer loop
      vertex -22.0247 -10.1702 0
      vertex -22.1547 -9.98561 4.1
      vertex -22.1547 -9.98561 0
    endloop
  endfacet
  facet normal -0.817591 -0.575799 0
    outer loop
      vertex -22.1547 -9.98561 4.1
      vertex -22.0247 -10.1702 0
      vertex -22.0247 -10.1702 4.1
    endloop
  endfacet
  facet normal -0.788373 -0.615197 0
    outer loop
      vertex -21.8858 -10.3482 0
      vertex -22.0247 -10.1702 4.1
      vertex -22.0247 -10.1702 0
    endloop
  endfacet
  facet normal -0.788373 -0.615197 0
    outer loop
      vertex -22.0247 -10.1702 4.1
      vertex -21.8858 -10.3482 0
      vertex -21.8858 -10.3482 4.1
    endloop
  endfacet
  facet normal -0.75744 -0.652905 0
    outer loop
      vertex -21.7384 -10.5192 0
      vertex -21.8858 -10.3482 4.1
      vertex -21.8858 -10.3482 0
    endloop
  endfacet
  facet normal -0.75744 -0.652905 0
    outer loop
      vertex -21.8858 -10.3482 4.1
      vertex -21.7384 -10.5192 0
      vertex -21.7384 -10.5192 4.1
    endloop
  endfacet
  facet normal -0.72417 -0.689622 0
    outer loop
      vertex -21.5827 -10.6827 0
      vertex -21.7384 -10.5192 4.1
      vertex -21.7384 -10.5192 0
    endloop
  endfacet
  facet normal -0.72417 -0.689622 0
    outer loop
      vertex -21.7384 -10.5192 4.1
      vertex -21.5827 -10.6827 0
      vertex -21.5827 -10.6827 4.1
    endloop
  endfacet
  facet normal -0.689622 -0.72417 0
    outer loop
      vertex -21.5827 -10.6827 0
      vertex -21.4192 -10.8384 4.1
      vertex -21.5827 -10.6827 4.1
    endloop
  endfacet
  facet normal -0.689622 -0.72417 -0
    outer loop
      vertex -21.4192 -10.8384 4.1
      vertex -21.5827 -10.6827 0
      vertex -21.4192 -10.8384 0
    endloop
  endfacet
  facet normal -0.652905 -0.75744 0
    outer loop
      vertex -21.4192 -10.8384 0
      vertex -21.2482 -10.9858 4.1
      vertex -21.4192 -10.8384 4.1
    endloop
  endfacet
  facet normal -0.652905 -0.75744 -0
    outer loop
      vertex -21.2482 -10.9858 4.1
      vertex -21.4192 -10.8384 0
      vertex -21.2482 -10.9858 0
    endloop
  endfacet
  facet normal -0.615197 -0.788373 0
    outer loop
      vertex -21.2482 -10.9858 0
      vertex -21.0702 -11.1247 4.1
      vertex -21.2482 -10.9858 4.1
    endloop
  endfacet
  facet normal -0.615197 -0.788373 -0
    outer loop
      vertex -21.0702 -11.1247 4.1
      vertex -21.2482 -10.9858 0
      vertex -21.0702 -11.1247 0
    endloop
  endfacet
  facet normal -0.575779 -0.817606 0
    outer loop
      vertex -21.0702 -11.1247 0
      vertex -20.8856 -11.2547 4.1
      vertex -21.0702 -11.1247 4.1
    endloop
  endfacet
  facet normal -0.575779 -0.817606 -0
    outer loop
      vertex -20.8856 -11.2547 4.1
      vertex -21.0702 -11.1247 0
      vertex -20.8856 -11.2547 0
    endloop
  endfacet
  facet normal -0.535126 -0.844772 0
    outer loop
      vertex -20.8856 -11.2547 0
      vertex -20.6949 -11.3755 4.1
      vertex -20.8856 -11.2547 4.1
    endloop
  endfacet
  facet normal -0.535126 -0.844772 -0
    outer loop
      vertex -20.6949 -11.3755 4.1
      vertex -20.8856 -11.2547 0
      vertex -20.6949 -11.3755 0
    endloop
  endfacet
  facet normal -0.492845 -0.870117 0
    outer loop
      vertex -20.6949 -11.3755 0
      vertex -20.4984 -11.4868 4.1
      vertex -20.6949 -11.3755 4.1
    endloop
  endfacet
  facet normal -0.492845 -0.870117 -0
    outer loop
      vertex -20.4984 -11.4868 4.1
      vertex -20.6949 -11.3755 0
      vertex -20.4984 -11.4868 0
    endloop
  endfacet
  facet normal -0.449515 -0.893273 0
    outer loop
      vertex -20.4984 -11.4868 0
      vertex -20.2967 -11.5883 4.1
      vertex -20.4984 -11.4868 4.1
    endloop
  endfacet
  facet normal -0.449515 -0.893273 -0
    outer loop
      vertex -20.2967 -11.5883 4.1
      vertex -20.4984 -11.4868 0
      vertex -20.2967 -11.5883 0
    endloop
  endfacet
  facet normal -0.405275 -0.914195 0
    outer loop
      vertex -20.2967 -11.5883 0
      vertex -20.0903 -11.6798 4.1
      vertex -20.2967 -11.5883 4.1
    endloop
  endfacet
  facet normal -0.405275 -0.914195 -0
    outer loop
      vertex -20.0903 -11.6798 4.1
      vertex -20.2967 -11.5883 0
      vertex -20.0903 -11.6798 0
    endloop
  endfacet
  facet normal -0.360136 -0.9329 0
    outer loop
      vertex -20.0903 -11.6798 0
      vertex -19.8797 -11.7611 4.1
      vertex -20.0903 -11.6798 4.1
    endloop
  endfacet
  facet normal -0.360136 -0.9329 -0
    outer loop
      vertex -19.8797 -11.7611 4.1
      vertex -20.0903 -11.6798 0
      vertex -19.8797 -11.7611 0
    endloop
  endfacet
  facet normal -0.313569 -0.949565 0
    outer loop
      vertex -19.8797 -11.7611 0
      vertex -19.6653 -11.8319 4.1
      vertex -19.8797 -11.7611 4.1
    endloop
  endfacet
  facet normal -0.313569 -0.949565 -0
    outer loop
      vertex -19.6653 -11.8319 4.1
      vertex -19.8797 -11.7611 0
      vertex -19.6653 -11.8319 0
    endloop
  endfacet
  facet normal -0.266639 -0.963797 0
    outer loop
      vertex -19.6653 -11.8319 0
      vertex -19.4477 -11.8921 4.1
      vertex -19.6653 -11.8319 4.1
    endloop
  endfacet
  facet normal -0.266639 -0.963797 -0
    outer loop
      vertex -19.4477 -11.8921 4.1
      vertex -19.6653 -11.8319 0
      vertex -19.4477 -11.8921 0
    endloop
  endfacet
  facet normal -0.219228 -0.975674 0
    outer loop
      vertex -19.4477 -11.8921 0
      vertex -19.2274 -11.9416 4.1
      vertex -19.4477 -11.8921 4.1
    endloop
  endfacet
  facet normal -0.219228 -0.975674 -0
    outer loop
      vertex -19.2274 -11.9416 4.1
      vertex -19.4477 -11.8921 0
      vertex -19.2274 -11.9416 0
    endloop
  endfacet
  facet normal -0.17093 -0.985283 0
    outer loop
      vertex -19.2274 -11.9416 0
      vertex -19.0049 -11.9802 4.1
      vertex -19.2274 -11.9416 4.1
    endloop
  endfacet
  facet normal -0.17093 -0.985283 -0
    outer loop
      vertex -19.0049 -11.9802 4.1
      vertex -19.2274 -11.9416 0
      vertex -19.0049 -11.9802 0
    endloop
  endfacet
  facet normal -0.122289 -0.992494 0
    outer loop
      vertex -19.0049 -11.9802 0
      vertex -18.7809 -12.0078 4.1
      vertex -19.0049 -11.9802 4.1
    endloop
  endfacet
  facet normal -0.122289 -0.992494 -0
    outer loop
      vertex -18.7809 -12.0078 4.1
      vertex -19.0049 -11.9802 0
      vertex -18.7809 -12.0078 0
    endloop
  endfacet
  facet normal -0.0735128 -0.997294 0
    outer loop
      vertex -18.7809 -12.0078 0
      vertex -18.5557 -12.0244 4.1
      vertex -18.7809 -12.0078 4.1
    endloop
  endfacet
  facet normal -0.0735128 -0.997294 -0
    outer loop
      vertex -18.5557 -12.0244 4.1
      vertex -18.7809 -12.0078 0
      vertex -18.5557 -12.0244 0
    endloop
  endfacet
  facet normal -0.0248041 -0.999692 0
    outer loop
      vertex -18.5557 -12.0244 0
      vertex -18.33 -12.03 4.1
      vertex -18.5557 -12.0244 4.1
    endloop
  endfacet
  facet normal -0.0248041 -0.999692 -0
    outer loop
      vertex -18.33 -12.03 4.1
      vertex -18.5557 -12.0244 0
      vertex -18.33 -12.03 0
    endloop
  endfacet
  facet normal 0 -1 0
    outer loop
      vertex -18.33 -12.03 0
      vertex 8.32999 -12.03 4.1
      vertex -18.33 -12.03 4.1
    endloop
  endfacet
  facet normal 0 -1 -0
    outer loop
      vertex 8.32999 -12.03 4.1
      vertex -18.33 -12.03 0
      vertex 8.32999 -12.03 0
    endloop
  endfacet
  facet normal 0.0248041 -0.999692 0
    outer loop
      vertex 8.32999 -12.03 0
      vertex 8.55569 -12.0244 4.1
      vertex 8.32999 -12.03 4.1
    endloop
  endfacet
  facet normal 0.0248041 -0.999692 0
    outer loop
      vertex 8.55569 -12.0244 4.1
      vertex 8.32999 -12.03 0
      vertex 8.55569 -12.0244 0
    endloop
  endfacet
  facet normal 0.0244451 0.999701 -0
    outer loop
      vertex -17.77 -10.87 0
      vertex -17.9663 -10.8652 4.1
      vertex -17.77 -10.87 4.1
    endloop
  endfacet
  facet normal 0.0244451 0.999701 0
    outer loop
      vertex -17.9663 -10.8652 4.1
      vertex -17.77 -10.87 0
      vertex -17.9663 -10.8652 0
    endloop
  endfacet
  facet normal 0.0738529 0.997269 -0
    outer loop
      vertex -17.9663 -10.8652 0
      vertex -18.1621 -10.8507 4.1
      vertex -17.9663 -10.8652 4.1
    endloop
  endfacet
  facet normal 0.0738529 0.997269 0
    outer loop
      vertex -18.1621 -10.8507 4.1
      vertex -17.9663 -10.8652 0
      vertex -18.1621 -10.8507 0
    endloop
  endfacet
  facet normal 0.122279 0.992496 -0
    outer loop
      vertex -18.1621 -10.8507 0
      vertex -18.3569 -10.8267 4.1
      vertex -18.1621 -10.8507 4.1
    endloop
  endfacet
  facet normal 0.122279 0.992496 0
    outer loop
      vertex -18.3569 -10.8267 4.1
      vertex -18.1621 -10.8507 0
      vertex -18.3569 -10.8267 0
    endloop
  endfacet
  facet normal 0.171083 0.985257 -0
    outer loop
      vertex -18.3569 -10.8267 0
      vertex -18.5504 -10.7931 4.1
      vertex -18.3569 -10.8267 4.1
    endloop
  endfacet
  facet normal 0.171083 0.985257 0
    outer loop
      vertex -18.5504 -10.7931 4.1
      vertex -18.3569 -10.8267 0
      vertex -18.5504 -10.7931 0
    endloop
  endfacet
  facet normal 0.219088 0.975705 -0
    outer loop
      vertex -18.5504 -10.7931 0
      vertex -18.7419 -10.7501 4.1
      vertex -18.5504 -10.7931 4.1
    endloop
  endfacet
  facet normal 0.219088 0.975705 0
    outer loop
      vertex -18.7419 -10.7501 4.1
      vertex -18.5504 -10.7931 0
      vertex -18.7419 -10.7501 0
    endloop
  endfacet
  facet normal 0.266435 0.963853 -0
    outer loop
      vertex -18.7419 -10.7501 0
      vertex -18.9311 -10.6978 4.1
      vertex -18.7419 -10.7501 4.1
    endloop
  endfacet
  facet normal 0.266435 0.963853 0
    outer loop
      vertex -18.9311 -10.6978 4.1
      vertex -18.7419 -10.7501 0
      vertex -18.9311 -10.6978 0
    endloop
  endfacet
  facet normal 0.31363 0.949545 -0
    outer loop
      vertex -18.9311 -10.6978 0
      vertex -19.1176 -10.6362 4.1
      vertex -18.9311 -10.6978 4.1
    endloop
  endfacet
  facet normal 0.31363 0.949545 0
    outer loop
      vertex -19.1176 -10.6362 4.1
      vertex -18.9311 -10.6978 0
      vertex -19.1176 -10.6362 0
    endloop
  endfacet
  facet normal 0.360208 0.932872 -0
    outer loop
      vertex -19.1176 -10.6362 0
      vertex -19.3007 -10.5655 4.1
      vertex -19.1176 -10.6362 4.1
    endloop
  endfacet
  facet normal 0.360208 0.932872 0
    outer loop
      vertex -19.3007 -10.5655 4.1
      vertex -19.1176 -10.6362 0
      vertex -19.3007 -10.5655 0
    endloop
  endfacet
  facet normal 0.405382 0.914147 -0
    outer loop
      vertex -19.3007 -10.5655 0
      vertex -19.4802 -10.4859 4.1
      vertex -19.3007 -10.5655 4.1
    endloop
  endfacet
  facet normal 0.405382 0.914147 0
    outer loop
      vertex -19.4802 -10.4859 4.1
      vertex -19.3007 -10.5655 0
      vertex -19.4802 -10.4859 0
    endloop
  endfacet
  facet normal 0.44925 0.893406 -0
    outer loop
      vertex -19.4802 -10.4859 0
      vertex -19.6556 -10.3977 4.1
      vertex -19.4802 -10.4859 4.1
    endloop
  endfacet
  facet normal 0.44925 0.893406 0
    outer loop
      vertex -19.6556 -10.3977 4.1
      vertex -19.4802 -10.4859 0
      vertex -19.6556 -10.3977 0
    endloop
  endfacet
  facet normal 0.493064 0.869993 -0
    outer loop
      vertex -19.6556 -10.3977 0
      vertex -19.8264 -10.3009 4.1
      vertex -19.6556 -10.3977 4.1
    endloop
  endfacet
  facet normal 0.493064 0.869993 0
    outer loop
      vertex -19.8264 -10.3009 4.1
      vertex -19.6556 -10.3977 0
      vertex -19.8264 -10.3009 0
    endloop
  endfacet
  facet normal 0.534798 0.84498 -0
    outer loop
      vertex -19.8264 -10.3009 0
      vertex -19.9923 -10.1959 4.1
      vertex -19.8264 -10.3009 4.1
    endloop
  endfacet
  facet normal 0.534798 0.84498 0
    outer loop
      vertex -19.9923 -10.1959 4.1
      vertex -19.8264 -10.3009 0
      vertex -19.9923 -10.1959 0
    endloop
  endfacet
  facet normal 0.576023 0.817433 -0
    outer loop
      vertex -19.9923 -10.1959 0
      vertex -20.1528 -10.0828 4.1
      vertex -19.9923 -10.1959 4.1
    endloop
  endfacet
  facet normal 0.576023 0.817433 0
    outer loop
      vertex -20.1528 -10.0828 4.1
      vertex -19.9923 -10.1959 0
      vertex -20.1528 -10.0828 0
    endloop
  endfacet
  facet normal 0.615082 0.788463 -0
    outer loop
      vertex -20.1528 -10.0828 0
      vertex -20.3076 -9.96204 4.1
      vertex -20.1528 -10.0828 4.1
    endloop
  endfacet
  facet normal 0.615082 0.788463 0
    outer loop
      vertex -20.3076 -9.96204 4.1
      vertex -20.1528 -10.0828 0
      vertex -20.3076 -9.96204 0
    endloop
  endfacet
  facet normal 0.653339 0.757066 -0
    outer loop
      vertex -20.3076 -9.96204 0
      vertex -20.4562 -9.8338 4.1
      vertex -20.3076 -9.96204 4.1
    endloop
  endfacet
  facet normal 0.653339 0.757066 0
    outer loop
      vertex -20.4562 -9.8338 4.1
      vertex -20.3076 -9.96204 0
      vertex -20.4562 -9.8338 0
    endloop
  endfacet
  facet normal 0.689499 0.724287 -0
    outer loop
      vertex -20.4562 -9.8338 0
      vertex -20.5984 -9.69843 4.1
      vertex -20.4562 -9.8338 4.1
    endloop
  endfacet
  facet normal 0.689499 0.724287 0
    outer loop
      vertex -20.5984 -9.69843 4.1
      vertex -20.4562 -9.8338 0
      vertex -20.5984 -9.69843 0
    endloop
  endfacet
  facet normal 0.724211 0.689579 0
    outer loop
      vertex -20.5984 -9.69843 4.1
      vertex -20.7338 -9.55623 0
      vertex -20.7338 -9.55623 4.1
    endloop
  endfacet
  facet normal 0.724211 0.689579 0
    outer loop
      vertex -20.7338 -9.55623 0
      vertex -20.5984 -9.69843 4.1
      vertex -20.5984 -9.69843 0
    endloop
  endfacet
  facet normal 0.757319 0.653045 0
    outer loop
      vertex -20.7338 -9.55623 4.1
      vertex -20.862 -9.40756 0
      vertex -20.862 -9.40756 4.1
    endloop
  endfacet
  facet normal 0.757319 0.653045 0
    outer loop
      vertex -20.862 -9.40756 0
      vertex -20.7338 -9.55623 4.1
      vertex -20.7338 -9.55623 0
    endloop
  endfacet
  facet normal 0.788306 0.615283 0
    outer loop
      vertex -20.862 -9.40756 4.1
      vertex -20.9828 -9.25279 0
      vertex -20.9828 -9.25279 4.1
    endloop
  endfacet
  facet normal 0.788306 0.615283 0
    outer loop
      vertex -20.9828 -9.25279 0
      vertex -20.862 -9.40756 4.1
      vertex -20.862 -9.40756 0
    endloop
  endfacet
  facet normal 0.817467 0.575975 0
    outer loop
      vertex -20.9828 -9.25279 4.1
      vertex -21.0959 -9.09227 0
      vertex -21.0959 -9.09227 4.1
    endloop
  endfacet
  facet normal 0.817467 0.575975 0
    outer loop
      vertex -21.0959 -9.09227 0
      vertex -20.9828 -9.25279 4.1
      vertex -20.9828 -9.25279 0
    endloop
  endfacet
  facet normal 0.844922 0.53489 0
    outer loop
      vertex -21.0959 -9.09227 4.1
      vertex -21.2009 -8.92641 0
      vertex -21.2009 -8.92641 4.1
    endloop
  endfacet
  facet normal 0.844922 0.53489 0
    outer loop
      vertex -21.2009 -8.92641 0
      vertex -21.0959 -9.09227 4.1
      vertex -21.0959 -9.09227 0
    endloop
  endfacet
  facet normal 0.87003 0.492998 0
    outer loop
      vertex -21.2009 -8.92641 4.1
      vertex -21.2977 -8.75558 0
      vertex -21.2977 -8.75558 4.1
    endloop
  endfacet
  facet normal 0.87003 0.492998 0
    outer loop
      vertex -21.2977 -8.75558 0
      vertex -21.2009 -8.92641 4.1
      vertex -21.2009 -8.92641 0
    endloop
  endfacet
  facet normal 0.893365 0.449332 0
    outer loop
      vertex -21.2977 -8.75558 4.1
      vertex -21.3859 -8.58022 0
      vertex -21.3859 -8.58022 4.1
    endloop
  endfacet
  facet normal 0.893365 0.449332 0
    outer loop
      vertex -21.3859 -8.58022 0
      vertex -21.2977 -8.75558 4.1
      vertex -21.2977 -8.75558 0
    endloop
  endfacet
  facet normal 0.914139 0.405401 0
    outer loop
      vertex -21.3859 -8.58022 4.1
      vertex -21.4655 -8.40073 0
      vertex -21.4655 -8.40073 4.1
    endloop
  endfacet
  facet normal 0.914139 0.405401 0
    outer loop
      vertex -21.4655 -8.40073 0
      vertex -21.3859 -8.58022 4.1
      vertex -21.3859 -8.58022 0
    endloop
  endfacet
  facet normal 0.932918 0.360088 0
    outer loop
      vertex -21.4655 -8.40073 4.1
      vertex -21.5362 -8.21756 0
      vertex -21.5362 -8.21756 4.1
    endloop
  endfacet
  facet normal 0.932918 0.360088 0
    outer loop
      vertex -21.5362 -8.21756 0
      vertex -21.4655 -8.40073 4.1
      vertex -21.4655 -8.40073 0
    endloop
  endfacet
  facet normal 0.949662 0.313277 0
    outer loop
      vertex -21.5362 -8.21756 4.1
      vertex -21.5977 -8.03113 0
      vertex -21.5977 -8.03113 4.1
    endloop
  endfacet
  facet normal 0.949662 0.313277 0
    outer loop
      vertex -21.5977 -8.03113 0
      vertex -21.5362 -8.21756 4.1
      vertex -21.5362 -8.21756 0
    endloop
  endfacet
  facet normal 0.963726 0.266895 0
    outer loop
      vertex -21.5977 -8.03113 4.1
      vertex -21.6501 -7.84192 0
      vertex -21.6501 -7.84192 4.1
    endloop
  endfacet
  facet normal 0.963726 0.266895 0
    outer loop
      vertex -21.6501 -7.84192 0
      vertex -21.5977 -8.03113 4.1
      vertex -21.5977 -8.03113 0
    endloop
  endfacet
  facet normal 0.97572 0.219023 0
    outer loop
      vertex -21.6501 -7.84192 4.1
      vertex -21.6931 -7.65036 0
      vertex -21.6931 -7.65036 4.1
    endloop
  endfacet
  facet normal 0.97572 0.219023 0
    outer loop
      vertex -21.6931 -7.65036 0
      vertex -21.6501 -7.84192 4.1
      vertex -21.6501 -7.84192 0
    endloop
  endfacet
  facet normal 0.985248 0.171135 0
    outer loop
      vertex -21.6931 -7.65036 4.1
      vertex -21.7267 -7.45692 0
      vertex -21.7267 -7.45692 4.1
    endloop
  endfacet
  facet normal 0.985248 0.171135 0
    outer loop
      vertex -21.7267 -7.45692 0
      vertex -21.6931 -7.65036 4.1
      vertex -21.6931 -7.65036 0
    endloop
  endfacet
  facet normal 0.9925 0.122248 0
    outer loop
      vertex -21.7267 -7.45692 4.1
      vertex -21.7507 -7.26207 0
      vertex -21.7507 -7.26207 4.1
    endloop
  endfacet
  facet normal 0.9925 0.122248 0
    outer loop
      vertex -21.7507 -7.26207 0
      vertex -21.7267 -7.45692 4.1
      vertex -21.7267 -7.45692 0
    endloop
  endfacet
  facet normal 0.997269 0.0738529 0
    outer loop
      vertex -21.7507 -7.26207 4.1
      vertex -21.7652 -7.06627 0
      vertex -21.7652 -7.06627 4.1
    endloop
  endfacet
  facet normal 0.997269 0.0738529 0
    outer loop
      vertex -21.7652 -7.06627 0
      vertex -21.7507 -7.26207 4.1
      vertex -21.7507 -7.26207 0
    endloop
  endfacet
  facet normal 0.999701 0.0244488 0
    outer loop
      vertex -21.7652 -7.06627 4.1
      vertex -21.77 -6.87 0
      vertex -21.77 -6.87 4.1
    endloop
  endfacet
  facet normal 0.999701 0.0244488 0
    outer loop
      vertex -21.77 -6.87 0
      vertex -21.7652 -7.06627 4.1
      vertex -21.7652 -7.06627 0
    endloop
  endfacet
  facet normal 1 -0 0
    outer loop
      vertex -21.77 6.5 4.1
      vertex -21.77 6.87 0
      vertex -21.77 6.87 4.1
    endloop
  endfacet
  facet normal 1 0 0
    outer loop
      vertex -21.77 6.87 0
      vertex -21.77 6.5 4.1
      vertex -21.77 6.5 0
    endloop
  endfacet
  facet normal 1 -0 0
    outer loop
      vertex -21.77 -6.87 4.1
      vertex -21.77 -6.5 0
      vertex -21.77 -6.5 4.1
    endloop
  endfacet
  facet normal 1 0 0
    outer loop
      vertex -21.77 -6.5 0
      vertex -21.77 -6.87 4.1
      vertex -21.77 -6.87 0
    endloop
  endfacet
  facet normal 0.999701 -0.0244488 0
    outer loop
      vertex -21.77 6.87 4.1
      vertex -21.7652 7.06627 0
      vertex -21.7652 7.06627 4.1
    endloop
  endfacet
  facet normal 0.999701 -0.0244488 0
    outer loop
      vertex -21.7652 7.06627 0
      vertex -21.77 6.87 4.1
      vertex -21.77 6.87 0
    endloop
  endfacet
  facet normal 0.997269 -0.0738529 0
    outer loop
      vertex -21.7652 7.06627 4.1
      vertex -21.7507 7.26207 0
      vertex -21.7507 7.26207 4.1
    endloop
  endfacet
  facet normal 0.997269 -0.0738529 0
    outer loop
      vertex -21.7507 7.26207 0
      vertex -21.7652 7.06627 4.1
      vertex -21.7652 7.06627 0
    endloop
  endfacet
  facet normal 0.9925 -0.122248 0
    outer loop
      vertex -21.7507 7.26207 4.1
      vertex -21.7267 7.45692 0
      vertex -21.7267 7.45692 4.1
    endloop
  endfacet
  facet normal 0.9925 -0.122248 0
    outer loop
      vertex -21.7267 7.45692 0
      vertex -21.7507 7.26207 4.1
      vertex -21.7507 7.26207 0
    endloop
  endfacet
  facet normal 0.985248 -0.171135 0
    outer loop
      vertex -21.7267 7.45692 4.1
      vertex -21.6931 7.65036 0
      vertex -21.6931 7.65036 4.1
    endloop
  endfacet
  facet normal 0.985248 -0.171135 0
    outer loop
      vertex -21.6931 7.65036 0
      vertex -21.7267 7.45692 4.1
      vertex -21.7267 7.45692 0
    endloop
  endfacet
  facet normal 0.97572 -0.219023 0
    outer loop
      vertex -21.6931 7.65036 4.1
      vertex -21.6501 7.84192 0
      vertex -21.6501 7.84192 4.1
    endloop
  endfacet
  facet normal 0.97572 -0.219023 0
    outer loop
      vertex -21.6501 7.84192 0
      vertex -21.6931 7.65036 4.1
      vertex -21.6931 7.65036 0
    endloop
  endfacet
  facet normal 0.963726 -0.266895 0
    outer loop
      vertex -21.6501 7.84192 4.1
      vertex -21.5977 8.03113 0
      vertex -21.5977 8.03113 4.1
    endloop
  endfacet
  facet normal 0.963726 -0.266895 0
    outer loop
      vertex -21.5977 8.03113 0
      vertex -21.6501 7.84192 4.1
      vertex -21.6501 7.84192 0
    endloop
  endfacet
  facet normal 0.949662 -0.313277 0
    outer loop
      vertex -21.5977 8.03113 4.1
      vertex -21.5362 8.21756 0
      vertex -21.5362 8.21756 4.1
    endloop
  endfacet
  facet normal 0.949662 -0.313277 0
    outer loop
      vertex -21.5362 8.21756 0
      vertex -21.5977 8.03113 4.1
      vertex -21.5977 8.03113 0
    endloop
  endfacet
  facet normal 0.932918 -0.360088 0
    outer loop
      vertex -21.5362 8.21756 4.1
      vertex -21.4655 8.40073 0
      vertex -21.4655 8.40073 4.1
    endloop
  endfacet
  facet normal 0.932918 -0.360088 0
    outer loop
      vertex -21.4655 8.40073 0
      vertex -21.5362 8.21756 4.1
      vertex -21.5362 8.21756 0
    endloop
  endfacet
  facet normal 0.914139 -0.405401 0
    outer loop
      vertex -21.4655 8.40073 4.1
      vertex -21.3859 8.58022 0
      vertex -21.3859 8.58022 4.1
    endloop
  endfacet
  facet normal 0.914139 -0.405401 0
    outer loop
      vertex -21.3859 8.58022 0
      vertex -21.4655 8.40073 4.1
      vertex -21.4655 8.40073 0
    endloop
  endfacet
  facet normal 0.893365 -0.449332 0
    outer loop
      vertex -21.3859 8.58022 4.1
      vertex -21.2977 8.75558 0
      vertex -21.2977 8.75558 4.1
    endloop
  endfacet
  facet normal 0.893365 -0.449332 0
    outer loop
      vertex -21.2977 8.75558 0
      vertex -21.3859 8.58022 4.1
      vertex -21.3859 8.58022 0
    endloop
  endfacet
  facet normal 0.87003 -0.492998 0
    outer loop
      vertex -21.2977 8.75558 4.1
      vertex -21.2009 8.92641 0
      vertex -21.2009 8.92641 4.1
    endloop
  endfacet
  facet normal 0.87003 -0.492998 0
    outer loop
      vertex -21.2009 8.92641 0
      vertex -21.2977 8.75558 4.1
      vertex -21.2977 8.75558 0
    endloop
  endfacet
  facet normal 0.844922 -0.53489 0
    outer loop
      vertex -21.2009 8.92641 4.1
      vertex -21.0959 9.09227 0
      vertex -21.0959 9.09227 4.1
    endloop
  endfacet
  facet normal 0.844922 -0.53489 0
    outer loop
      vertex -21.0959 9.09227 0
      vertex -21.2009 8.92641 4.1
      vertex -21.2009 8.92641 0
    endloop
  endfacet
  facet normal 0.817467 -0.575975 0
    outer loop
      vertex -21.0959 9.09227 4.1
      vertex -20.9828 9.25279 0
      vertex -20.9828 9.25279 4.1
    endloop
  endfacet
  facet normal 0.817467 -0.575975 0
    outer loop
      vertex -20.9828 9.25279 0
      vertex -21.0959 9.09227 4.1
      vertex -21.0959 9.09227 0
    endloop
  endfacet
  facet normal 0.788306 -0.615283 0
    outer loop
      vertex -20.9828 9.25279 4.1
      vertex -20.862 9.40756 0
      vertex -20.862 9.40756 4.1
    endloop
  endfacet
  facet normal 0.788306 -0.615283 0
    outer loop
      vertex -20.862 9.40756 0
      vertex -20.9828 9.25279 4.1
      vertex -20.9828 9.25279 0
    endloop
  endfacet
  facet normal 0.757319 -0.653045 0
    outer loop
      vertex -20.862 9.40756 4.1
      vertex -20.7338 9.55623 0
      vertex -20.7338 9.55623 4.1
    endloop
  endfacet
  facet normal 0.757319 -0.653045 0
    outer loop
      vertex -20.7338 9.55623 0
      vertex -20.862 9.40756 4.1
      vertex -20.862 9.40756 0
    endloop
  endfacet
  facet normal 0.724211 -0.689579 0
    outer loop
      vertex -20.7338 9.55623 4.1
      vertex -20.5984 9.69843 0
      vertex -20.5984 9.69843 4.1
    endloop
  endfacet
  facet normal 0.724211 -0.689579 0
    outer loop
      vertex -20.5984 9.69843 0
      vertex -20.7338 9.55623 4.1
      vertex -20.7338 9.55623 0
    endloop
  endfacet
  facet normal 0.689499 -0.724287 0
    outer loop
      vertex -20.5984 9.69843 0
      vertex -20.4562 9.8338 4.1
      vertex -20.5984 9.69843 4.1
    endloop
  endfacet
  facet normal 0.689499 -0.724287 0
    outer loop
      vertex -20.4562 9.8338 4.1
      vertex -20.5984 9.69843 0
      vertex -20.4562 9.8338 0
    endloop
  endfacet
  facet normal 0.653339 -0.757066 0
    outer loop
      vertex -20.4562 9.8338 0
      vertex -20.3076 9.96204 4.1
      vertex -20.4562 9.8338 4.1
    endloop
  endfacet
  facet normal 0.653339 -0.757066 0
    outer loop
      vertex -20.3076 9.96204 4.1
      vertex -20.4562 9.8338 0
      vertex -20.3076 9.96204 0
    endloop
  endfacet
  facet normal 0.615082 -0.788463 0
    outer loop
      vertex -20.3076 9.96204 0
      vertex -20.1528 10.0828 4.1
      vertex -20.3076 9.96204 4.1
    endloop
  endfacet
  facet normal 0.615082 -0.788463 0
    outer loop
      vertex -20.1528 10.0828 4.1
      vertex -20.3076 9.96204 0
      vertex -20.1528 10.0828 0
    endloop
  endfacet
  facet normal 0.576023 -0.817433 0
    outer loop
      vertex -20.1528 10.0828 0
      vertex -19.9923 10.1959 4.1
      vertex -20.1528 10.0828 4.1
    endloop
  endfacet
  facet normal 0.576023 -0.817433 0
    outer loop
      vertex -19.9923 10.1959 4.1
      vertex -20.1528 10.0828 0
      vertex -19.9923 10.1959 0
    endloop
  endfacet
  facet normal 0.534798 -0.84498 0
    outer loop
      vertex -19.9923 10.1959 0
      vertex -19.8264 10.3009 4.1
      vertex -19.9923 10.1959 4.1
    endloop
  endfacet
  facet normal 0.534798 -0.84498 0
    outer loop
      vertex -19.8264 10.3009 4.1
      vertex -19.9923 10.1959 0
      vertex -19.8264 10.3009 0
    endloop
  endfacet
  facet normal 0.493064 -0.869993 0
    outer loop
      vertex -19.8264 10.3009 0
      vertex -19.6556 10.3977 4.1
      vertex -19.8264 10.3009 4.1
    endloop
  endfacet
  facet normal 0.493064 -0.869993 0
    outer loop
      vertex -19.6556 10.3977 4.1
      vertex -19.8264 10.3009 0
      vertex -19.6556 10.3977 0
    endloop
  endfacet
  facet normal 0.44925 -0.893406 0
    outer loop
      vertex -19.6556 10.3977 0
      vertex -19.4802 10.4859 4.1
      vertex -19.6556 10.3977 4.1
    endloop
  endfacet
  facet normal 0.44925 -0.893406 0
    outer loop
      vertex -19.4802 10.4859 4.1
      vertex -19.6556 10.3977 0
      vertex -19.4802 10.4859 0
    endloop
  endfacet
  facet normal 0.405382 -0.914147 0
    outer loop
      vertex -19.4802 10.4859 0
      vertex -19.3007 10.5655 4.1
      vertex -19.4802 10.4859 4.1
    endloop
  endfacet
  facet normal 0.405382 -0.914147 0
    outer loop
      vertex -19.3007 10.5655 4.1
      vertex -19.4802 10.4859 0
      vertex -19.3007 10.5655 0
    endloop
  endfacet
  facet normal 0.360208 -0.932872 0
    outer loop
      vertex -19.3007 10.5655 0
      vertex -19.1176 10.6362 4.1
      vertex -19.3007 10.5655 4.1
    endloop
  endfacet
  facet normal 0.360208 -0.932872 0
    outer loop
      vertex -19.1176 10.6362 4.1
      vertex -19.3007 10.5655 0
      vertex -19.1176 10.6362 0
    endloop
  endfacet
  facet normal 0.31363 -0.949545 0
    outer loop
      vertex -19.1176 10.6362 0
      vertex -18.9311 10.6978 4.1
      vertex -19.1176 10.6362 4.1
    endloop
  endfacet
  facet normal 0.31363 -0.949545 0
    outer loop
      vertex -18.9311 10.6978 4.1
      vertex -19.1176 10.6362 0
      vertex -18.9311 10.6978 0
    endloop
  endfacet
  facet normal 0.266435 -0.963853 0
    outer loop
      vertex -18.9311 10.6978 0
      vertex -18.7419 10.7501 4.1
      vertex -18.9311 10.6978 4.1
    endloop
  endfacet
  facet normal 0.266435 -0.963853 0
    outer loop
      vertex -18.7419 10.7501 4.1
      vertex -18.9311 10.6978 0
      vertex -18.7419 10.7501 0
    endloop
  endfacet
  facet normal 0.219088 -0.975705 0
    outer loop
      vertex -18.7419 10.7501 0
      vertex -18.5504 10.7931 4.1
      vertex -18.7419 10.7501 4.1
    endloop
  endfacet
  facet normal 0.219088 -0.975705 0
    outer loop
      vertex -18.5504 10.7931 4.1
      vertex -18.7419 10.7501 0
      vertex -18.5504 10.7931 0
    endloop
  endfacet
  facet normal 0.171083 -0.985257 0
    outer loop
      vertex -18.5504 10.7931 0
      vertex -18.3569 10.8267 4.1
      vertex -18.5504 10.7931 4.1
    endloop
  endfacet
  facet normal 0.171083 -0.985257 0
    outer loop
      vertex -18.3569 10.8267 4.1
      vertex -18.5504 10.7931 0
      vertex -18.3569 10.8267 0
    endloop
  endfacet
  facet normal 0.122279 -0.992496 0
    outer loop
      vertex -18.3569 10.8267 0
      vertex -18.1621 10.8507 4.1
      vertex -18.3569 10.8267 4.1
    endloop
  endfacet
  facet normal 0.122279 -0.992496 0
    outer loop
      vertex -18.1621 10.8507 4.1
      vertex -18.3569 10.8267 0
      vertex -18.1621 10.8507 0
    endloop
  endfacet
  facet normal 0.0738529 -0.997269 0
    outer loop
      vertex -18.1621 10.8507 0
      vertex -17.9663 10.8652 4.1
      vertex -18.1621 10.8507 4.1
    endloop
  endfacet
  facet normal 0.0738529 -0.997269 0
    outer loop
      vertex -17.9663 10.8652 4.1
      vertex -18.1621 10.8507 0
      vertex -17.9663 10.8652 0
    endloop
  endfacet
  facet normal 0.0244451 -0.999701 0
    outer loop
      vertex -17.9663 10.8652 0
      vertex -17.77 10.87 4.1
      vertex -17.9663 10.8652 4.1
    endloop
  endfacet
  facet normal 0.0244451 -0.999701 0
    outer loop
      vertex -17.77 10.87 4.1
      vertex -17.9663 10.8652 0
      vertex -17.77 10.87 0
    endloop
  endfacet
  facet normal 0 -1 0
    outer loop
      vertex -17.77 10.87 0
      vertex 7.76999 10.87 4.1
      vertex -17.77 10.87 4.1
    endloop
  endfacet
  facet normal 0 -1 -0
    outer loop
      vertex 7.76999 10.87 4.1
      vertex -17.77 10.87 0
      vertex 7.76999 10.87 0
    endloop
  endfacet
  facet normal -0.0244488 -0.999701 0
    outer loop
      vertex 7.76999 10.87 0
      vertex 7.96626 10.8652 4.1
      vertex 7.76999 10.87 4.1
    endloop
  endfacet
  facet normal -0.0244488 -0.999701 -0
    outer loop
      vertex 7.96626 10.8652 4.1
      vertex 7.76999 10.87 0
      vertex 7.96626 10.8652 0
    endloop
  endfacet
  facet normal -0.0738529 -0.997269 0
    outer loop
      vertex 7.96626 10.8652 0
      vertex 8.16206 10.8507 4.1
      vertex 7.96626 10.8652 4.1
    endloop
  endfacet
  facet normal -0.0738529 -0.997269 -0
    outer loop
      vertex 8.16206 10.8507 4.1
      vertex 7.96626 10.8652 0
      vertex 8.16206 10.8507 0
    endloop
  endfacet
  facet normal -0.122242 -0.9925 0
    outer loop
      vertex 8.16206 10.8507 0
      vertex 8.35692 10.8267 4.1
      vertex 8.16206 10.8507 4.1
    endloop
  endfacet
  facet normal -0.122242 -0.9925 -0
    outer loop
      vertex 8.35692 10.8267 4.1
      vertex 8.16206 10.8507 0
      vertex 8.35692 10.8267 0
    endloop
  endfacet
  facet normal -0.171143 -0.985246 0
    outer loop
      vertex 8.35692 10.8267 0
      vertex 8.55035 10.7931 4.1
      vertex 8.35692 10.8267 4.1
    endloop
  endfacet
  facet normal -0.171143 -0.985246 -0
    outer loop
      vertex 8.55035 10.7931 4.1
      vertex 8.35692 10.8267 0
      vertex 8.55035 10.7931 0
    endloop
  endfacet
  facet normal -0.219023 -0.97572 0
    outer loop
      vertex 8.55035 10.7931 0
      vertex 8.74191 10.7501 4.1
      vertex 8.55035 10.7931 4.1
    endloop
  endfacet
  facet normal -0.219023 -0.97572 -0
    outer loop
      vertex 8.74191 10.7501 4.1
      vertex 8.55035 10.7931 0
      vertex 8.74191 10.7501 0
    endloop
  endfacet
  facet normal -0.266422 -0.963856 0
    outer loop
      vertex 8.74191 10.7501 0
      vertex 8.93112 10.6978 4.1
      vertex 8.74191 10.7501 4.1
    endloop
  endfacet
  facet normal -0.266422 -0.963856 -0
    outer loop
      vertex 8.93112 10.6978 4.1
      vertex 8.74191 10.7501 0
      vertex 8.93112 10.6978 0
    endloop
  endfacet
  facet normal -0.313736 -0.94951 0
    outer loop
      vertex 8.93112 10.6978 0
      vertex 9.11755 10.6362 4.1
      vertex 8.93112 10.6978 4.1
    endloop
  endfacet
  facet normal -0.313736 -0.94951 -0
    outer loop
      vertex 9.11755 10.6362 4.1
      vertex 8.93112 10.6978 0
      vertex 9.11755 10.6362 0
    endloop
  endfacet
  facet normal -0.360088 -0.932918 0
    outer loop
      vertex 9.11755 10.6362 0
      vertex 9.30072 10.5655 4.1
      vertex 9.11755 10.6362 4.1
    endloop
  endfacet
  facet normal -0.360088 -0.932918 -0
    outer loop
      vertex 9.30072 10.5655 4.1
      vertex 9.11755 10.6362 0
      vertex 9.30072 10.5655 0
    endloop
  endfacet
  facet normal -0.405401 -0.914139 0
    outer loop
      vertex 9.30072 10.5655 0
      vertex 9.48021 10.4859 4.1
      vertex 9.30072 10.5655 4.1
    endloop
  endfacet
  facet normal -0.405401 -0.914139 -0
    outer loop
      vertex 9.48021 10.4859 4.1
      vertex 9.30072 10.5655 0
      vertex 9.48021 10.4859 0
    endloop
  endfacet
  facet normal -0.449311 -0.893375 0
    outer loop
      vertex 9.48021 10.4859 0
      vertex 9.65558 10.3977 4.1
      vertex 9.48021 10.4859 4.1
    endloop
  endfacet
  facet normal -0.449311 -0.893375 -0
    outer loop
      vertex 9.65558 10.3977 4.1
      vertex 9.48021 10.4859 0
      vertex 9.65558 10.3977 0
    endloop
  endfacet
  facet normal -0.49302 -0.870018 0
    outer loop
      vertex 9.65558 10.3977 0
      vertex 9.8264 10.3009 4.1
      vertex 9.65558 10.3977 4.1
    endloop
  endfacet
  facet normal -0.49302 -0.870018 -0
    outer loop
      vertex 9.8264 10.3009 4.1
      vertex 9.65558 10.3977 0
      vertex 9.8264 10.3009 0
    endloop
  endfacet
  facet normal -0.53489 -0.844922 0
    outer loop
      vertex 9.8264 10.3009 0
      vertex 9.99226 10.1959 4.1
      vertex 9.8264 10.3009 4.1
    endloop
  endfacet
  facet normal -0.53489 -0.844922 -0
    outer loop
      vertex 9.99226 10.1959 4.1
      vertex 9.8264 10.3009 0
      vertex 9.99226 10.1959 0
    endloop
  endfacet
  facet normal -0.575927 -0.817501 0
    outer loop
      vertex 9.99226 10.1959 0
      vertex 10.1528 10.0828 4.1
      vertex 9.99226 10.1959 4.1
    endloop
  endfacet
  facet normal -0.575927 -0.817501 -0
    outer loop
      vertex 10.1528 10.0828 4.1
      vertex 9.99226 10.1959 0
      vertex 10.1528 10.0828 0
    endloop
  endfacet
  facet normal -0.615082 -0.788463 0
    outer loop
      vertex 10.1528 10.0828 0
      vertex 10.3076 9.96204 4.1
      vertex 10.1528 10.0828 4.1
    endloop
  endfacet
  facet normal -0.615082 -0.788463 -0
    outer loop
      vertex 10.3076 9.96204 4.1
      vertex 10.1528 10.0828 0
      vertex 10.3076 9.96204 0
    endloop
  endfacet
  facet normal -0.653339 -0.757066 0
    outer loop
      vertex 10.3076 9.96204 0
      vertex 10.4562 9.8338 4.1
      vertex 10.3076 9.96204 4.1
    endloop
  endfacet
  facet normal -0.653339 -0.757066 -0
    outer loop
      vertex 10.4562 9.8338 4.1
      vertex 10.3076 9.96204 0
      vertex 10.4562 9.8338 0
    endloop
  endfacet
  facet normal -0.689499 -0.724287 0
    outer loop
      vertex 10.4562 9.8338 0
      vertex 10.5984 9.69843 4.1
      vertex 10.4562 9.8338 4.1
    endloop
  endfacet
  facet normal -0.689499 -0.724287 -0
    outer loop
      vertex 10.5984 9.69843 4.1
      vertex 10.4562 9.8338 0
      vertex 10.5984 9.69843 0
    endloop
  endfacet
  facet normal -0.724211 -0.689579 0
    outer loop
      vertex 10.7338 9.55623 0
      vertex 10.5984 9.69843 4.1
      vertex 10.5984 9.69843 0
    endloop
  endfacet
  facet normal -0.724211 -0.689579 0
    outer loop
      vertex 10.5984 9.69843 4.1
      vertex 10.7338 9.55623 0
      vertex 10.7338 9.55623 4.1
    endloop
  endfacet
  facet normal -0.757319 -0.653045 0
    outer loop
      vertex 10.862 9.40756 0
      vertex 10.7338 9.55623 4.1
      vertex 10.7338 9.55623 0
    endloop
  endfacet
  facet normal -0.757319 -0.653045 0
    outer loop
      vertex 10.7338 9.55623 4.1
      vertex 10.862 9.40756 0
      vertex 10.862 9.40756 4.1
    endloop
  endfacet
  facet normal -0.788306 -0.615283 0
    outer loop
      vertex 10.9828 9.25279 0
      vertex 10.862 9.40756 4.1
      vertex 10.862 9.40756 0
    endloop
  endfacet
  facet normal -0.788306 -0.615283 0
    outer loop
      vertex 10.862 9.40756 4.1
      vertex 10.9828 9.25279 0
      vertex 10.9828 9.25279 4.1
    endloop
  endfacet
  facet normal -0.817467 -0.575975 0
    outer loop
      vertex 11.0959 9.09227 0
      vertex 10.9828 9.25279 4.1
      vertex 10.9828 9.25279 0
    endloop
  endfacet
  facet normal -0.817467 -0.575975 0
    outer loop
      vertex 10.9828 9.25279 4.1
      vertex 11.0959 9.09227 0
      vertex 11.0959 9.09227 4.1
    endloop
  endfacet
  facet normal -0.844922 -0.53489 0
    outer loop
      vertex 11.2009 8.92641 0
      vertex 11.0959 9.09227 4.1
      vertex 11.0959 9.09227 0
    endloop
  endfacet
  facet normal -0.844922 -0.53489 0
    outer loop
      vertex 11.0959 9.09227 4.1
      vertex 11.2009 8.92641 0
      vertex 11.2009 8.92641 4.1
    endloop
  endfacet
  facet normal -0.87003 -0.492998 0
    outer loop
      vertex 11.2977 8.75558 0
      vertex 11.2009 8.92641 4.1
      vertex 11.2009 8.92641 0
    endloop
  endfacet
  facet normal -0.87003 -0.492998 0
    outer loop
      vertex 11.2009 8.92641 4.1
      vertex 11.2977 8.75558 0
      vertex 11.2977 8.75558 4.1
    endloop
  endfacet
  facet normal -0.893365 -0.449332 0
    outer loop
      vertex 11.3859 8.58022 0
      vertex 11.2977 8.75558 4.1
      vertex 11.2977 8.75558 0
    endloop
  endfacet
  facet normal -0.893365 -0.449332 0
    outer loop
      vertex 11.2977 8.75558 4.1
      vertex 11.3859 8.58022 0
      vertex 11.3859 8.58022 4.1
    endloop
  endfacet
  facet normal -0.914139 -0.405401 0
    outer loop
      vertex 11.4655 8.40073 0
      vertex 11.3859 8.58022 4.1
      vertex 11.3859 8.58022 0
    endloop
  endfacet
  facet normal -0.914139 -0.405401 0
    outer loop
      vertex 11.3859 8.58022 4.1
      vertex 11.4655 8.40073 0
      vertex 11.4655 8.40073 4.1
    endloop
  endfacet
  facet normal -0.932918 -0.360088 0
    outer loop
      vertex 11.5362 8.21756 0
      vertex 11.4655 8.40073 4.1
      vertex 11.4655 8.40073 0
    endloop
  endfacet
  facet normal -0.932918 -0.360088 0
    outer loop
      vertex 11.4655 8.40073 4.1
      vertex 11.5362 8.21756 0
      vertex 11.5362 8.21756 4.1
    endloop
  endfacet
  facet normal -0.949662 -0.313277 0
    outer loop
      vertex 11.5977 8.03113 0
      vertex 11.5362 8.21756 4.1
      vertex 11.5362 8.21756 0
    endloop
  endfacet
  facet normal -0.949662 -0.313277 0
    outer loop
      vertex 11.5362 8.21756 4.1
      vertex 11.5977 8.03113 0
      vertex 11.5977 8.03113 4.1
    endloop
  endfacet
  facet normal -0.963726 -0.266895 0
    outer loop
      vertex 11.6501 7.84192 0
      vertex 11.5977 8.03113 4.1
      vertex 11.5977 8.03113 0
    endloop
  endfacet
  facet normal -0.963726 -0.266895 0
    outer loop
      vertex 11.5977 8.03113 4.1
      vertex 11.6501 7.84192 0
      vertex 11.6501 7.84192 4.1
    endloop
  endfacet
  facet normal -0.97572 -0.219023 0
    outer loop
      vertex 11.6931 7.65036 0
      vertex 11.6501 7.84192 4.1
      vertex 11.6501 7.84192 0
    endloop
  endfacet
  facet normal -0.97572 -0.219023 0
    outer loop
      vertex 11.6501 7.84192 4.1
      vertex 11.6931 7.65036 0
      vertex 11.6931 7.65036 4.1
    endloop
  endfacet
  facet normal -0.985248 -0.171135 0
    outer loop
      vertex 11.7267 7.45692 0
      vertex 11.6931 7.65036 4.1
      vertex 11.6931 7.65036 0
    endloop
  endfacet
  facet normal -0.985248 -0.171135 0
    outer loop
      vertex 11.6931 7.65036 4.1
      vertex 11.7267 7.45692 0
      vertex 11.7267 7.45692 4.1
    endloop
  endfacet
  facet normal -0.9925 -0.122248 0
    outer loop
      vertex 11.7507 7.26207 0
      vertex 11.7267 7.45692 4.1
      vertex 11.7267 7.45692 0
    endloop
  endfacet
  facet normal -0.9925 -0.122248 0
    outer loop
      vertex 11.7267 7.45692 4.1
      vertex 11.7507 7.26207 0
      vertex 11.7507 7.26207 4.1
    endloop
  endfacet
  facet normal -0.997269 -0.0738529 0
    outer loop
      vertex 11.7652 7.06627 0
      vertex 11.7507 7.26207 4.1
      vertex 11.7507 7.26207 0
    endloop
  endfacet
  facet normal -0.997269 -0.0738529 0
    outer loop
      vertex 11.7507 7.26207 4.1
      vertex 11.7652 7.06627 0
      vertex 11.7652 7.06627 4.1
    endloop
  endfacet
  facet normal -0.999701 -0.0244488 0
    outer loop
      vertex 11.77 6.87 0
      vertex 11.7652 7.06627 4.1
      vertex 11.7652 7.06627 0
    endloop
  endfacet
  facet normal -0.999701 -0.0244488 0
    outer loop
      vertex 11.7652 7.06627 4.1
      vertex 11.77 6.87 0
      vertex 11.77 6.87 4.1
    endloop
  endfacet
  facet normal -1 0 0
    outer loop
      vertex 11.77 -6.87 0
      vertex 11.77 6.87 4.1
      vertex 11.77 6.87 0
    endloop
  endfacet
  facet normal -1 -0 0
    outer loop
      vertex 11.77 6.87 4.1
      vertex 11.77 -6.87 0
      vertex 11.77 -6.87 4.1
    endloop
  endfacet
  facet normal -0.999701 0.0244488 0
    outer loop
      vertex 11.7652 -7.06627 0
      vertex 11.77 -6.87 4.1
      vertex 11.77 -6.87 0
    endloop
  endfacet
  facet normal -0.999701 0.0244488 0
    outer loop
      vertex 11.77 -6.87 4.1
      vertex 11.7652 -7.06627 0
      vertex 11.7652 -7.06627 4.1
    endloop
  endfacet
  facet normal -0.997269 0.0738529 0
    outer loop
      vertex 11.7507 -7.26207 0
      vertex 11.7652 -7.06627 4.1
      vertex 11.7652 -7.06627 0
    endloop
  endfacet
  facet normal -0.997269 0.0738529 0
    outer loop
      vertex 11.7652 -7.06627 4.1
      vertex 11.7507 -7.26207 0
      vertex 11.7507 -7.26207 4.1
    endloop
  endfacet
  facet normal -0.9925 0.122248 0
    outer loop
      vertex 11.7267 -7.45692 0
      vertex 11.7507 -7.26207 4.1
      vertex 11.7507 -7.26207 0
    endloop
  endfacet
  facet normal -0.9925 0.122248 0
    outer loop
      vertex 11.7507 -7.26207 4.1
      vertex 11.7267 -7.45692 0
      vertex 11.7267 -7.45692 4.1
    endloop
  endfacet
  facet normal -0.985248 0.171135 0
    outer loop
      vertex 11.6931 -7.65036 0
      vertex 11.7267 -7.45692 4.1
      vertex 11.7267 -7.45692 0
    endloop
  endfacet
  facet normal -0.985248 0.171135 0
    outer loop
      vertex 11.7267 -7.45692 4.1
      vertex 11.6931 -7.65036 0
      vertex 11.6931 -7.65036 4.1
    endloop
  endfacet
  facet normal -0.97572 0.219023 0
    outer loop
      vertex 11.6501 -7.84192 0
      vertex 11.6931 -7.65036 4.1
      vertex 11.6931 -7.65036 0
    endloop
  endfacet
  facet normal -0.97572 0.219023 0
    outer loop
      vertex 11.6931 -7.65036 4.1
      vertex 11.6501 -7.84192 0
      vertex 11.6501 -7.84192 4.1
    endloop
  endfacet
  facet normal -0.963726 0.266895 0
    outer loop
      vertex 11.5977 -8.03113 0
      vertex 11.6501 -7.84192 4.1
      vertex 11.6501 -7.84192 0
    endloop
  endfacet
  facet normal -0.963726 0.266895 0
    outer loop
      vertex 11.6501 -7.84192 4.1
      vertex 11.5977 -8.03113 0
      vertex 11.5977 -8.03113 4.1
    endloop
  endfacet
  facet normal -0.949662 0.313277 0
    outer loop
      vertex 11.5362 -8.21756 0
      vertex 11.5977 -8.03113 4.1
      vertex 11.5977 -8.03113 0
    endloop
  endfacet
  facet normal -0.949662 0.313277 0
    outer loop
      vertex 11.5977 -8.03113 4.1
      vertex 11.5362 -8.21756 0
      vertex 11.5362 -8.21756 4.1
    endloop
  endfacet
  facet normal -0.932918 0.360088 0
    outer loop
      vertex 11.4655 -8.40073 0
      vertex 11.5362 -8.21756 4.1
      vertex 11.5362 -8.21756 0
    endloop
  endfacet
  facet normal -0.932918 0.360088 0
    outer loop
      vertex 11.5362 -8.21756 4.1
      vertex 11.4655 -8.40073 0
      vertex 11.4655 -8.40073 4.1
    endloop
  endfacet
  facet normal -0.914139 0.405401 0
    outer loop
      vertex 11.3859 -8.58022 0
      vertex 11.4655 -8.40073 4.1
      vertex 11.4655 -8.40073 0
    endloop
  endfacet
  facet normal -0.914139 0.405401 0
    outer loop
      vertex 11.4655 -8.40073 4.1
      vertex 11.3859 -8.58022 0
      vertex 11.3859 -8.58022 4.1
    endloop
  endfacet
  facet normal -0.893365 0.449332 0
    outer loop
      vertex 11.2977 -8.75558 0
      vertex 11.3859 -8.58022 4.1
      vertex 11.3859 -8.58022 0
    endloop
  endfacet
  facet normal -0.893365 0.449332 0
    outer loop
      vertex 11.3859 -8.58022 4.1
      vertex 11.2977 -8.75558 0
      vertex 11.2977 -8.75558 4.1
    endloop
  endfacet
  facet normal -0.87003 0.492998 0
    outer loop
      vertex 11.2009 -8.92641 0
      vertex 11.2977 -8.75558 4.1
      vertex 11.2977 -8.75558 0
    endloop
  endfacet
  facet normal -0.87003 0.492998 0
    outer loop
      vertex 11.2977 -8.75558 4.1
      vertex 11.2009 -8.92641 0
      vertex 11.2009 -8.92641 4.1
    endloop
  endfacet
  facet normal -0.844922 0.53489 0
    outer loop
      vertex 11.0959 -9.09227 0
      vertex 11.2009 -8.92641 4.1
      vertex 11.2009 -8.92641 0
    endloop
  endfacet
  facet normal -0.844922 0.53489 0
    outer loop
      vertex 11.2009 -8.92641 4.1
      vertex 11.0959 -9.09227 0
      vertex 11.0959 -9.09227 4.1
    endloop
  endfacet
  facet normal -0.817467 0.575975 0
    outer loop
      vertex 10.9828 -9.25279 0
      vertex 11.0959 -9.09227 4.1
      vertex 11.0959 -9.09227 0
    endloop
  endfacet
  facet normal -0.817467 0.575975 0
    outer loop
      vertex 11.0959 -9.09227 4.1
      vertex 10.9828 -9.25279 0
      vertex 10.9828 -9.25279 4.1
    endloop
  endfacet
  facet normal -0.788306 0.615283 0
    outer loop
      vertex 10.862 -9.40756 0
      vertex 10.9828 -9.25279 4.1
      vertex 10.9828 -9.25279 0
    endloop
  endfacet
  facet normal -0.788306 0.615283 0
    outer loop
      vertex 10.9828 -9.25279 4.1
      vertex 10.862 -9.40756 0
      vertex 10.862 -9.40756 4.1
    endloop
  endfacet
  facet normal -0.757319 0.653045 0
    outer loop
      vertex 10.7338 -9.55623 0
      vertex 10.862 -9.40756 4.1
      vertex 10.862 -9.40756 0
    endloop
  endfacet
  facet normal -0.757319 0.653045 0
    outer loop
      vertex 10.862 -9.40756 4.1
      vertex 10.7338 -9.55623 0
      vertex 10.7338 -9.55623 4.1
    endloop
  endfacet
  facet normal -0.724211 0.689579 0
    outer loop
      vertex 10.5984 -9.69843 0
      vertex 10.7338 -9.55623 4.1
      vertex 10.7338 -9.55623 0
    endloop
  endfacet
  facet normal -0.724211 0.689579 0
    outer loop
      vertex 10.7338 -9.55623 4.1
      vertex 10.5984 -9.69843 0
      vertex 10.5984 -9.69843 4.1
    endloop
  endfacet
  facet normal -0.689499 0.724287 0
    outer loop
      vertex 10.5984 -9.69843 0
      vertex 10.4562 -9.8338 4.1
      vertex 10.5984 -9.69843 4.1
    endloop
  endfacet
  facet normal -0.689499 0.724287 0
    outer loop
      vertex 10.4562 -9.8338 4.1
      vertex 10.5984 -9.69843 0
      vertex 10.4562 -9.8338 0
    endloop
  endfacet
  facet normal -0.653339 0.757066 0
    outer loop
      vertex 10.4562 -9.8338 0
      vertex 10.3076 -9.96204 4.1
      vertex 10.4562 -9.8338 4.1
    endloop
  endfacet
  facet normal -0.653339 0.757066 0
    outer loop
      vertex 10.3076 -9.96204 4.1
      vertex 10.4562 -9.8338 0
      vertex 10.3076 -9.96204 0
    endloop
  endfacet
  facet normal -0.615082 0.788463 0
    outer loop
      vertex 10.3076 -9.96204 0
      vertex 10.1528 -10.0828 4.1
      vertex 10.3076 -9.96204 4.1
    endloop
  endfacet
  facet normal -0.615082 0.788463 0
    outer loop
      vertex 10.1528 -10.0828 4.1
      vertex 10.3076 -9.96204 0
      vertex 10.1528 -10.0828 0
    endloop
  endfacet
  facet normal -0.575927 0.817501 0
    outer loop
      vertex 10.1528 -10.0828 0
      vertex 9.99226 -10.1959 4.1
      vertex 10.1528 -10.0828 4.1
    endloop
  endfacet
  facet normal -0.575927 0.817501 0
    outer loop
      vertex 9.99226 -10.1959 4.1
      vertex 10.1528 -10.0828 0
      vertex 9.99226 -10.1959 0
    endloop
  endfacet
  facet normal -0.53489 0.844922 0
    outer loop
      vertex 9.99226 -10.1959 0
      vertex 9.8264 -10.3009 4.1
      vertex 9.99226 -10.1959 4.1
    endloop
  endfacet
  facet normal -0.53489 0.844922 0
    outer loop
      vertex 9.8264 -10.3009 4.1
      vertex 9.99226 -10.1959 0
      vertex 9.8264 -10.3009 0
    endloop
  endfacet
  facet normal -0.49302 0.870018 0
    outer loop
      vertex 9.8264 -10.3009 0
      vertex 9.65558 -10.3977 4.1
      vertex 9.8264 -10.3009 4.1
    endloop
  endfacet
  facet normal -0.49302 0.870018 0
    outer loop
      vertex 9.65558 -10.3977 4.1
      vertex 9.8264 -10.3009 0
      vertex 9.65558 -10.3977 0
    endloop
  endfacet
  facet normal -0.449311 0.893375 0
    outer loop
      vertex 9.65558 -10.3977 0
      vertex 9.48021 -10.4859 4.1
      vertex 9.65558 -10.3977 4.1
    endloop
  endfacet
  facet normal -0.449311 0.893375 0
    outer loop
      vertex 9.48021 -10.4859 4.1
      vertex 9.65558 -10.3977 0
      vertex 9.48021 -10.4859 0
    endloop
  endfacet
  facet normal -0.405401 0.914139 0
    outer loop
      vertex 9.48021 -10.4859 0
      vertex 9.30072 -10.5655 4.1
      vertex 9.48021 -10.4859 4.1
    endloop
  endfacet
  facet normal -0.405401 0.914139 0
    outer loop
      vertex 9.30072 -10.5655 4.1
      vertex 9.48021 -10.4859 0
      vertex 9.30072 -10.5655 0
    endloop
  endfacet
  facet normal -0.360088 0.932918 0
    outer loop
      vertex 9.30072 -10.5655 0
      vertex 9.11755 -10.6362 4.1
      vertex 9.30072 -10.5655 4.1
    endloop
  endfacet
  facet normal -0.360088 0.932918 0
    outer loop
      vertex 9.11755 -10.6362 4.1
      vertex 9.30072 -10.5655 0
      vertex 9.11755 -10.6362 0
    endloop
  endfacet
  facet normal -0.313736 0.94951 0
    outer loop
      vertex 9.11755 -10.6362 0
      vertex 8.93112 -10.6978 4.1
      vertex 9.11755 -10.6362 4.1
    endloop
  endfacet
  facet normal -0.313736 0.94951 0
    outer loop
      vertex 8.93112 -10.6978 4.1
      vertex 9.11755 -10.6362 0
      vertex 8.93112 -10.6978 0
    endloop
  endfacet
  facet normal -0.266422 0.963856 0
    outer loop
      vertex 8.93112 -10.6978 0
      vertex 8.74191 -10.7501 4.1
      vertex 8.93112 -10.6978 4.1
    endloop
  endfacet
  facet normal -0.266422 0.963856 0
    outer loop
      vertex 8.74191 -10.7501 4.1
      vertex 8.93112 -10.6978 0
      vertex 8.74191 -10.7501 0
    endloop
  endfacet
  facet normal -0.219023 0.97572 0
    outer loop
      vertex 8.74191 -10.7501 0
      vertex 8.55035 -10.7931 4.1
      vertex 8.74191 -10.7501 4.1
    endloop
  endfacet
  facet normal -0.219023 0.97572 0
    outer loop
      vertex 8.55035 -10.7931 4.1
      vertex 8.74191 -10.7501 0
      vertex 8.55035 -10.7931 0
    endloop
  endfacet
  facet normal -0.171143 0.985246 0
    outer loop
      vertex 8.55035 -10.7931 0
      vertex 8.35692 -10.8267 4.1
      vertex 8.55035 -10.7931 4.1
    endloop
  endfacet
  facet normal -0.171143 0.985246 0
    outer loop
      vertex 8.35692 -10.8267 4.1
      vertex 8.55035 -10.7931 0
      vertex 8.35692 -10.8267 0
    endloop
  endfacet
  facet normal -0.122242 0.9925 0
    outer loop
      vertex 8.35692 -10.8267 0
      vertex 8.16206 -10.8507 4.1
      vertex 8.35692 -10.8267 4.1
    endloop
  endfacet
  facet normal -0.122242 0.9925 0
    outer loop
      vertex 8.16206 -10.8507 4.1
      vertex 8.35692 -10.8267 0
      vertex 8.16206 -10.8507 0
    endloop
  endfacet
  facet normal -0.0738529 0.997269 0
    outer loop
      vertex 8.16206 -10.8507 0
      vertex 7.96626 -10.8652 4.1
      vertex 8.16206 -10.8507 4.1
    endloop
  endfacet
  facet normal -0.0738529 0.997269 0
    outer loop
      vertex 7.96626 -10.8652 4.1
      vertex 8.16206 -10.8507 0
      vertex 7.96626 -10.8652 0
    endloop
  endfacet
  facet normal -0.0244488 0.999701 0
    outer loop
      vertex 7.96626 -10.8652 0
      vertex 7.76999 -10.87 4.1
      vertex 7.96626 -10.8652 4.1
    endloop
  endfacet
  facet normal -0.0244488 0.999701 0
    outer loop
      vertex 7.76999 -10.87 4.1
      vertex 7.96626 -10.8652 0
      vertex 7.76999 -10.87 0
    endloop
  endfacet
  facet normal 0 1 -0
    outer loop
      vertex 7.76999 -10.87 0
      vertex -17.77 -10.87 4.1
      vertex 7.76999 -10.87 4.1
    endloop
  endfacet
  facet normal 0 1 0
    outer loop
      vertex -17.77 -10.87 4.1
      vertex 7.76999 -10.87 0
      vertex -17.77 -10.87 0
    endloop
  endfacet
  facet normal 0 -1 0
    outer loop
      vertex -22.93 6.5 0
      vertex -21.77 6.5 4.1
      vertex -22.93 6.5 4.1
    endloop
  endfacet
  facet normal 0 -1 -0
    outer loop
      vertex -21.77 6.5 4.1
      vertex -22.93 6.5 0
      vertex -21.77 6.5 0
    endloop
  endfacet
  facet normal 0 1 -0
    outer loop
      vertex -21.77 -6.5 0
      vertex -22.93 -6.5 4.1
      vertex -21.77 -6.5 4.1
    endloop
  endfacet
  facet normal 0 1 0
    outer loop
      vertex -22.93 -6.5 4.1
      vertex -21.77 -6.5 0
      vertex -22.93 -6.5 0
    endloop
  endfacet
endsolid OpenSCAD_Model
