solid OpenSCAD_Model
  facet normal 0 0 -1
    outer loop
      vertex -24.43 6.5 0
      vertex -23.27 6.87 0
      vertex -23.27 6.5 0
    endloop
  endfacet
  facet normal 0 0 -1
    outer loop
      vertex -23.27 6.87 0
      vertex -23.5247 10.1702 0
      vertex -23.3858 10.3482 0
    endloop
  endfacet
  facet normal 0 0 -1
    outer loop
      vertex -23.27 6.87 0
      vertex -23.6547 9.98561 0
      vertex -23.5247 10.1702 0
    endloop
  endfacet
  facet normal 0 0 -1
    outer loop
      vertex -23.27 6.87 0
      vertex -23.7755 9.79486 0
      vertex -23.6547 9.98561 0
    endloop
  endfacet
  facet normal 0 0 -1
    outer loop
      vertex -23.27 6.87 0
      vertex -23.8868 9.59842 0
      vertex -23.7755 9.79486 0
    endloop
  endfacet
  facet normal 0 0 -1
    outer loop
      vertex -23.27 6.87 0
      vertex -23.9883 9.39674 0
      vertex -23.8868 9.59842 0
    endloop
  endfacet
  facet normal 0 0 -1
    outer loop
      vertex -23.27 6.87 0
      vertex -24.0798 9.19034 0
      vertex -23.9883 9.39674 0
    endloop
  endfacet
  facet normal 0 0 -1
    outer loop
      vertex -23.27 6.87 0
      vertex -24.1611 8.97969 0
      vertex -24.0798 9.19034 0
    endloop
  endfacet
  facet normal 0 0 -1
    outer loop
      vertex -23.27 6.87 0
      vertex -24.2319 8.7653 0
      vertex -24.1611 8.97969 0
    endloop
  endfacet
  facet normal 0 0 -1
    outer loop
      vertex -23.27 6.87 0
      vertex -24.2921 8.5477 0
      vertex -24.2319 8.7653 0
    endloop
  endfacet
  facet normal 0 0 -1
    outer loop
      vertex -23.27 6.87 0
      vertex -24.3416 8.32741 0
      vertex -24.2921 8.5477 0
    endloop
  endfacet
  facet normal 0 0 -1
    outer loop
      vertex -23.27 6.87 0
      vertex -24.3802 8.10495 0
      vertex -24.3416 8.32741 0
    endloop
  endfacet
  facet normal 0 0 -1
    outer loop
      vertex -23.27 6.87 0
      vertex -24.4078 7.88087 0
      vertex -24.3802 8.10495 0
    endloop
  endfacet
  facet normal 0 0 -1
    outer loop
      vertex -23.27 6.87 0
      vertex -24.4244 7.6557 0
      vertex -24.4078 7.88087 0
    endloop
  endfacet
  facet normal -0 0 -1
    outer loop
      vertex -23.27 6.87 0
      vertex -24.43 6.5 0
      vertex -24.43 7.42999 0
    endloop
  endfacet
  facet normal 0 0 -1
    outer loop
      vertex -23.27 6.87 0
      vertex -24.43 7.42999 0
      vertex -24.4244 7.6557 0
    endloop
  endfacet
  facet normal 0 0 -1
    outer loop
      vertex 23.2267 -7.45692 0
      vertex 24.43 -7.42999 0
      vertex 24.4244 -7.6557 0
    endloop
  endfacet
  facet normal 0 0 -1
    outer loop
      vertex 24.43 -7.42999 0
      vertex 23.27 -6.87 0
      vertex 24.43 7.42999 0
    endloop
  endfacet
  facet normal 0 0 -1
    outer loop
      vertex 23.1931 -7.65036 0
      vertex 24.4244 -7.6557 0
      vertex 24.4078 -7.88087 0
    endloop
  endfacet
  facet normal 0 0 -1
    outer loop
      vertex 23.27 6.87 0
      vertex 24.43 7.42999 0
      vertex 23.27 -6.87 0
    endloop
  endfacet
  facet normal 0 0 -1
    outer loop
      vertex 23.1501 -7.84192 0
      vertex 24.4078 -7.88087 0
      vertex 24.3802 -8.10495 0
    endloop
  endfacet
  facet normal 0 0 -1
    outer loop
      vertex 23.2652 7.06627 0
      vertex 24.43 7.42999 0
      vertex 23.27 6.87 0
    endloop
  endfacet
  facet normal 0 0 -1
    outer loop
      vertex 23.1501 -7.84192 0
      vertex 24.3802 -8.10495 0
      vertex 24.3416 -8.32741 0
    endloop
  endfacet
  facet normal 0 0 -1
    outer loop
      vertex 23.2507 7.26207 0
      vertex 24.43 7.42999 0
      vertex 23.2652 7.06627 0
    endloop
  endfacet
  facet normal 0 0 -1
    outer loop
      vertex 23.0977 -8.03113 0
      vertex 24.3416 -8.32741 0
      vertex 24.2921 -8.5477 0
    endloop
  endfacet
  facet normal 0 0 -1
    outer loop
      vertex 23.2267 7.45692 0
      vertex 24.43 7.42999 0
      vertex 23.2507 7.26207 0
    endloop
  endfacet
  facet normal 0 0 -1
    outer loop
      vertex 23.0362 -8.21756 0
      vertex 24.2921 -8.5477 0
      vertex 24.2319 -8.7653 0
    endloop
  endfacet
  facet normal 0 0 -1
    outer loop
      vertex 24.43 7.42999 0
      vertex 23.2267 7.45692 0
      vertex 24.4244 7.6557 0
    endloop
  endfacet
  facet normal 0 0 -1
    outer loop
      vertex 22.9655 -8.40073 0
      vertex 24.2319 -8.7653 0
      vertex 24.1611 -8.97969 0
    endloop
  endfacet
  facet normal 0 0 -1
    outer loop
      vertex 23.1931 7.65036 0
      vertex 24.4244 7.6557 0
      vertex 23.2267 7.45692 0
    endloop
  endfacet
  facet normal 0 0 -1
    outer loop
      vertex 22.8859 -8.58022 0
      vertex 24.1611 -8.97969 0
      vertex 24.0798 -9.19034 0
    endloop
  endfacet
  facet normal -0 0 -1
    outer loop
      vertex 24.4244 7.6557 0
      vertex 23.1931 7.65036 0
      vertex 24.4078 7.88087 0
    endloop
  endfacet
  facet normal 0 0 -1
    outer loop
      vertex 22.7977 -8.75558 0
      vertex 24.0798 -9.19034 0
      vertex 23.9883 -9.39674 0
    endloop
  endfacet
  facet normal 0 0 -1
    outer loop
      vertex 23.1501 7.84192 0
      vertex 24.4078 7.88087 0
      vertex 23.1931 7.65036 0
    endloop
  endfacet
  facet normal 0 0 -1
    outer loop
      vertex 22.7009 -8.92641 0
      vertex 23.9883 -9.39674 0
      vertex 23.8868 -9.59842 0
    endloop
  endfacet
  facet normal -0 0 -1
    outer loop
      vertex 24.4078 7.88087 0
      vertex 23.1501 7.84192 0
      vertex 24.3802 8.10495 0
    endloop
  endfacet
  facet normal 0 0 -1
    outer loop
      vertex 22.7009 -8.92641 0
      vertex 23.8868 -9.59842 0
      vertex 23.7755 -9.79486 0
    endloop
  endfacet
  facet normal -0 0 -1
    outer loop
      vertex 24.3802 8.10495 0
      vertex 23.1501 7.84192 0
      vertex 24.3416 8.32741 0
    endloop
  endfacet
  facet normal 0 0 -1
    outer loop
      vertex 22.5959 -9.09227 0
      vertex 23.7755 -9.79486 0
      vertex 23.6547 -9.98561 0
    endloop
  endfacet
  facet normal 0 0 -1
    outer loop
      vertex 23.0977 8.03113 0
      vertex 24.3416 8.32741 0
      vertex 23.1501 7.84192 0
    endloop
  endfacet
  facet normal 0 0 -1
    outer loop
      vertex 22.4828 -9.25279 0
      vertex 23.6547 -9.98561 0
      vertex 23.5247 -10.1702 0
    endloop
  endfacet
  facet normal -0 0 -1
    outer loop
      vertex 24.3416 8.32741 0
      vertex 23.0977 8.03113 0
      vertex 24.2921 8.5477 0
    endloop
  endfacet
  facet normal 0 0 -1
    outer loop
      vertex 22.362 -9.40756 0
      vertex 23.5247 -10.1702 0
      vertex 23.3858 -10.3482 0
    endloop
  endfacet
  facet normal 0 0 -1
    outer loop
      vertex 23.0362 8.21756 0
      vertex 24.2921 8.5477 0
      vertex 23.0977 8.03113 0
    endloop
  endfacet
  facet normal -0 0 -1
    outer loop
      vertex 24.2921 8.5477 0
      vertex 23.0362 8.21756 0
      vertex 24.2319 8.7653 0
    endloop
  endfacet
  facet normal 0 0 -1
    outer loop
      vertex 24.43 -7.42999 0
      vertex 23.2652 -7.06627 0
      vertex 23.27 -6.87 0
    endloop
  endfacet
  facet normal 0 0 -1
    outer loop
      vertex 24.43 -7.42999 0
      vertex 23.2507 -7.26207 0
      vertex 23.2652 -7.06627 0
    endloop
  endfacet
  facet normal 0 0 -1
    outer loop
      vertex 22.2338 -9.55623 0
      vertex 23.3858 -10.3482 0
      vertex 23.2384 -10.5192 0
    endloop
  endfacet
  facet normal -0 0 -1
    outer loop
      vertex 24.43 -7.42999 0
      vertex 23.2267 -7.45692 0
      vertex 23.2507 -7.26207 0
    endloop
  endfacet
  facet normal 0 0 -1
    outer loop
      vertex 24.4244 -7.6557 0
      vertex 23.1931 -7.65036 0
      vertex 23.2267 -7.45692 0
    endloop
  endfacet
  facet normal 0 0 -1
    outer loop
      vertex 24.4078 -7.88087 0
      vertex 23.1501 -7.84192 0
      vertex 23.1931 -7.65036 0
    endloop
  endfacet
  facet normal 0 0 -1
    outer loop
      vertex 24.3416 -8.32741 0
      vertex 23.0977 -8.03113 0
      vertex 23.1501 -7.84192 0
    endloop
  endfacet
  facet normal 0 0 -1
    outer loop
      vertex 22.0984 -9.69843 0
      vertex 23.2384 -10.5192 0
      vertex 23.0827 -10.6827 0
    endloop
  endfacet
  facet normal 0 0 -1
    outer loop
      vertex 24.2921 -8.5477 0
      vertex 23.0362 -8.21756 0
      vertex 23.0977 -8.03113 0
    endloop
  endfacet
  facet normal 0 0 -1
    outer loop
      vertex 24.2319 -8.7653 0
      vertex 22.9655 -8.40073 0
      vertex 23.0362 -8.21756 0
    endloop
  endfacet
  facet normal 0 0 -1
    outer loop
      vertex 22.0984 -9.69843 0
      vertex 23.0827 -10.6827 0
      vertex 22.9192 -10.8384 0
    endloop
  endfacet
  facet normal 0 0 -1
    outer loop
      vertex 24.1611 -8.97969 0
      vertex 22.8859 -8.58022 0
      vertex 22.9655 -8.40073 0
    endloop
  endfacet
  facet normal 0 0 -1
    outer loop
      vertex 24.0798 -9.19034 0
      vertex 22.7977 -8.75558 0
      vertex 22.8859 -8.58022 0
    endloop
  endfacet
  facet normal 0 0 -1
    outer loop
      vertex 21.9562 -9.8338 0
      vertex 22.9192 -10.8384 0
      vertex 22.7482 -10.9858 0
    endloop
  endfacet
  facet normal 0 0 -1
    outer loop
      vertex 23.9883 -9.39674 0
      vertex 22.7009 -8.92641 0
      vertex 22.7977 -8.75558 0
    endloop
  endfacet
  facet normal 0 0 -1
    outer loop
      vertex 23.7755 -9.79486 0
      vertex 22.5959 -9.09227 0
      vertex 22.7009 -8.92641 0
    endloop
  endfacet
  facet normal 0 0 -1
    outer loop
      vertex 21.8076 -9.96204 0
      vertex 22.7482 -10.9858 0
      vertex 22.5702 -11.1247 0
    endloop
  endfacet
  facet normal 0 0 -1
    outer loop
      vertex 23.6547 -9.98561 0
      vertex 22.4828 -9.25279 0
      vertex 22.5959 -9.09227 0
    endloop
  endfacet
  facet normal 0 0 -1
    outer loop
      vertex 21.6528 -10.0828 0
      vertex 22.5702 -11.1247 0
      vertex 22.3856 -11.2547 0
    endloop
  endfacet
  facet normal 0 0 -1
    outer loop
      vertex 23.5247 -10.1702 0
      vertex 22.362 -9.40756 0
      vertex 22.4828 -9.25279 0
    endloop
  endfacet
  facet normal 0 0 -1
    outer loop
      vertex 23.3858 -10.3482 0
      vertex 22.2338 -9.55623 0
      vertex 22.362 -9.40756 0
    endloop
  endfacet
  facet normal 0 0 -1
    outer loop
      vertex 21.4923 -10.1959 0
      vertex 22.3856 -11.2547 0
      vertex 22.1949 -11.3755 0
    endloop
  endfacet
  facet normal 0 0 -1
    outer loop
      vertex 23.2384 -10.5192 0
      vertex 22.0984 -9.69843 0
      vertex 22.2338 -9.55623 0
    endloop
  endfacet
  facet normal 0 0 -1
    outer loop
      vertex 21.3264 -10.3009 0
      vertex 22.1949 -11.3755 0
      vertex 21.9984 -11.4868 0
    endloop
  endfacet
  facet normal 0 0 -1
    outer loop
      vertex 22.9192 -10.8384 0
      vertex 21.9562 -9.8338 0
      vertex 22.0984 -9.69843 0
    endloop
  endfacet
  facet normal 0 0 -1
    outer loop
      vertex 22.7482 -10.9858 0
      vertex 21.8076 -9.96204 0
      vertex 21.9562 -9.8338 0
    endloop
  endfacet
  facet normal 0 0 -1
    outer loop
      vertex 21.3264 -10.3009 0
      vertex 21.9984 -11.4868 0
      vertex 21.7967 -11.5883 0
    endloop
  endfacet
  facet normal 0 0 -1
    outer loop
      vertex 22.5702 -11.1247 0
      vertex 21.6528 -10.0828 0
      vertex 21.8076 -9.96204 0
    endloop
  endfacet
  facet normal 0 0 -1
    outer loop
      vertex 21.1556 -10.3977 0
      vertex 21.7967 -11.5883 0
      vertex 21.5903 -11.6798 0
    endloop
  endfacet
  facet normal 0 0 -1
    outer loop
      vertex 22.3856 -11.2547 0
      vertex 21.4923 -10.1959 0
      vertex 21.6528 -10.0828 0
    endloop
  endfacet
  facet normal 0 0 -1
    outer loop
      vertex 20.9802 -10.4859 0
      vertex 21.5903 -11.6798 0
      vertex 21.3797 -11.7611 0
    endloop
  endfacet
  facet normal 0 0 -1
    outer loop
      vertex 22.1949 -11.3755 0
      vertex 21.3264 -10.3009 0
      vertex 21.4923 -10.1959 0
    endloop
  endfacet
  facet normal 0 0 -1
    outer loop
      vertex 20.8007 -10.5655 0
      vertex 21.3797 -11.7611 0
      vertex 21.1653 -11.8319 0
    endloop
  endfacet
  facet normal 0 0 -1
    outer loop
      vertex 21.7967 -11.5883 0
      vertex 21.1556 -10.3977 0
      vertex 21.3264 -10.3009 0
    endloop
  endfacet
  facet normal 0 0 -1
    outer loop
      vertex 21.5903 -11.6798 0
      vertex 20.9802 -10.4859 0
      vertex 21.1556 -10.3977 0
    endloop
  endfacet
  facet normal 0 0 -1
    outer loop
      vertex 20.6176 -10.6362 0
      vertex 21.1653 -11.8319 0
      vertex 20.9477 -11.8921 0
    endloop
  endfacet
  facet normal 0 0 -1
    outer loop
      vertex 21.3797 -11.7611 0
      vertex 20.8007 -10.5655 0
      vertex 20.9802 -10.4859 0
    endloop
  endfacet
  facet normal 0 0 -1
    outer loop
      vertex 20.4311 -10.6978 0
      vertex 20.9477 -11.8921 0
      vertex 20.7274 -11.9416 0
    endloop
  endfacet
  facet normal 0 0 -1
    outer loop
      vertex 21.1653 -11.8319 0
      vertex 20.6176 -10.6362 0
      vertex 20.8007 -10.5655 0
    endloop
  endfacet
  facet normal 0 0 -1
    outer loop
      vertex 20.4311 -10.6978 0
      vertex 20.7274 -11.9416 0
      vertex 20.5049 -11.9802 0
    endloop
  endfacet
  facet normal 0 0 -1
    outer loop
      vertex 20.9477 -11.8921 0
      vertex 20.4311 -10.6978 0
      vertex 20.6176 -10.6362 0
    endloop
  endfacet
  facet normal 0 0 -1
    outer loop
      vertex 20.2419 -10.7501 0
      vertex 20.5049 -11.9802 0
      vertex 20.2809 -12.0078 0
    endloop
  endfacet
  facet normal 0 0 -1
    outer loop
      vertex 20.5049 -11.9802 0
      vertex 20.2419 -10.7501 0
      vertex 20.4311 -10.6978 0
    endloop
  endfacet
  facet normal 0 0 -1
    outer loop
      vertex 20.0504 -10.7931 0
      vertex 20.2809 -12.0078 0
      vertex 20.0557 -12.0244 0
    endloop
  endfacet
  facet normal 0 0 -1
    outer loop
      vertex 20.2809 -12.0078 0
      vertex 20.0504 -10.7931 0
      vertex 20.2419 -10.7501 0
    endloop
  endfacet
  facet normal 0 0 -1
    outer loop
      vertex 20.0557 -12.0244 0
      vertex 19.8569 -10.8267 0
      vertex 20.0504 -10.7931 0
    endloop
  endfacet
  facet normal 0 0 -1
    outer loop
      vertex 19.83 -12.03 0
      vertex 19.8569 -10.8267 0
      vertex 20.0557 -12.0244 0
    endloop
  endfacet
  facet normal 0 0 -1
    outer loop
      vertex 19.83 -12.03 0
      vertex 19.6621 -10.8507 0
      vertex 19.8569 -10.8267 0
    endloop
  endfacet
  facet normal 0 0 -1
    outer loop
      vertex 19.83 -12.03 0
      vertex 19.4663 -10.8652 0
      vertex 19.6621 -10.8507 0
    endloop
  endfacet
  facet normal 0 0 -1
    outer loop
      vertex 19.83 -12.03 0
      vertex 19.27 -10.87 0
      vertex 19.4663 -10.8652 0
    endloop
  endfacet
  facet normal 0 0 -1
    outer loop
      vertex 19.83 -12.03 0
      vertex -19.27 -10.87 0
      vertex 19.27 -10.87 0
    endloop
  endfacet
  facet normal 0 0 -1
    outer loop
      vertex -19.83 -12.03 0
      vertex -19.27 -10.87 0
      vertex 19.83 -12.03 0
    endloop
  endfacet
  facet normal -0 0 -1
    outer loop
      vertex -19.27 -10.87 0
      vertex -19.83 -12.03 0
      vertex -19.4663 -10.8652 0
    endloop
  endfacet
  facet normal 0 0 -1
    outer loop
      vertex -19.83 -12.03 0
      vertex -19.6621 -10.8507 0
      vertex -19.4663 -10.8652 0
    endloop
  endfacet
  facet normal 0 0 -1
    outer loop
      vertex -19.83 -12.03 0
      vertex -19.8569 -10.8267 0
      vertex -19.6621 -10.8507 0
    endloop
  endfacet
  facet normal 0 0 -1
    outer loop
      vertex -20.0557 -12.0244 0
      vertex -19.8569 -10.8267 0
      vertex -19.83 -12.03 0
    endloop
  endfacet
  facet normal -0 0 -1
    outer loop
      vertex -19.8569 -10.8267 0
      vertex -20.0557 -12.0244 0
      vertex -20.0504 -10.7931 0
    endloop
  endfacet
  facet normal 0 0 -1
    outer loop
      vertex -20.2809 -12.0078 0
      vertex -20.0504 -10.7931 0
      vertex -20.0557 -12.0244 0
    endloop
  endfacet
  facet normal -0 0 -1
    outer loop
      vertex -20.0504 -10.7931 0
      vertex -20.2809 -12.0078 0
      vertex -20.2419 -10.7501 0
    endloop
  endfacet
  facet normal 0 0 -1
    outer loop
      vertex -20.5049 -11.9802 0
      vertex -20.2419 -10.7501 0
      vertex -20.2809 -12.0078 0
    endloop
  endfacet
  facet normal -0 0 -1
    outer loop
      vertex -20.2419 -10.7501 0
      vertex -20.5049 -11.9802 0
      vertex -20.4311 -10.6978 0
    endloop
  endfacet
  facet normal 0 0 -1
    outer loop
      vertex -20.7274 -11.9416 0
      vertex -20.4311 -10.6978 0
      vertex -20.5049 -11.9802 0
    endloop
  endfacet
  facet normal 0 0 -1
    outer loop
      vertex -20.9477 -11.8921 0
      vertex -20.4311 -10.6978 0
      vertex -20.7274 -11.9416 0
    endloop
  endfacet
  facet normal -0 0 -1
    outer loop
      vertex -20.4311 -10.6978 0
      vertex -20.9477 -11.8921 0
      vertex -20.6176 -10.6362 0
    endloop
  endfacet
  facet normal 0 0 -1
    outer loop
      vertex -21.1653 -11.8319 0
      vertex -20.6176 -10.6362 0
      vertex -20.9477 -11.8921 0
    endloop
  endfacet
  facet normal -0 0 -1
    outer loop
      vertex -20.6176 -10.6362 0
      vertex -21.1653 -11.8319 0
      vertex -20.8007 -10.5655 0
    endloop
  endfacet
  facet normal 0 0 -1
    outer loop
      vertex -21.3797 -11.7611 0
      vertex -20.8007 -10.5655 0
      vertex -21.1653 -11.8319 0
    endloop
  endfacet
  facet normal -0 0 -1
    outer loop
      vertex -20.8007 -10.5655 0
      vertex -21.3797 -11.7611 0
      vertex -20.9802 -10.4859 0
    endloop
  endfacet
  facet normal 0 0 -1
    outer loop
      vertex -21.5903 -11.6798 0
      vertex -20.9802 -10.4859 0
      vertex -21.3797 -11.7611 0
    endloop
  endfacet
  facet normal -0 0 -1
    outer loop
      vertex -20.9802 -10.4859 0
      vertex -21.5903 -11.6798 0
      vertex -21.1556 -10.3977 0
    endloop
  endfacet
  facet normal 0 0 -1
    outer loop
      vertex -21.7967 -11.5883 0
      vertex -21.1556 -10.3977 0
      vertex -21.5903 -11.6798 0
    endloop
  endfacet
  facet normal -0 0 -1
    outer loop
      vertex -21.1556 -10.3977 0
      vertex -21.7967 -11.5883 0
      vertex -21.3264 -10.3009 0
    endloop
  endfacet
  facet normal 0 0 -1
    outer loop
      vertex -21.9984 -11.4868 0
      vertex -21.3264 -10.3009 0
      vertex -21.7967 -11.5883 0
    endloop
  endfacet
  facet normal 0 0 -1
    outer loop
      vertex -22.1949 -11.3755 0
      vertex -21.3264 -10.3009 0
      vertex -21.9984 -11.4868 0
    endloop
  endfacet
  facet normal -0 0 -1
    outer loop
      vertex -21.3264 -10.3009 0
      vertex -22.1949 -11.3755 0
      vertex -21.4923 -10.1959 0
    endloop
  endfacet
  facet normal 0 0 -1
    outer loop
      vertex -22.3856 -11.2547 0
      vertex -21.4923 -10.1959 0
      vertex -22.1949 -11.3755 0
    endloop
  endfacet
  facet normal -0 0 -1
    outer loop
      vertex -21.4923 -10.1959 0
      vertex -22.3856 -11.2547 0
      vertex -21.6528 -10.0828 0
    endloop
  endfacet
  facet normal 0 0 -1
    outer loop
      vertex -22.5702 -11.1247 0
      vertex -21.6528 -10.0828 0
      vertex -22.3856 -11.2547 0
    endloop
  endfacet
  facet normal -0 0 -1
    outer loop
      vertex -21.6528 -10.0828 0
      vertex -22.5702 -11.1247 0
      vertex -21.8076 -9.96204 0
    endloop
  endfacet
  facet normal 0 0 -1
    outer loop
      vertex -22.7482 -10.9858 0
      vertex -21.8076 -9.96204 0
      vertex -22.5702 -11.1247 0
    endloop
  endfacet
  facet normal -0 0 -1
    outer loop
      vertex -21.8076 -9.96204 0
      vertex -22.7482 -10.9858 0
      vertex -21.9562 -9.8338 0
    endloop
  endfacet
  facet normal 0 0 -1
    outer loop
      vertex -22.9192 -10.8384 0
      vertex -21.9562 -9.8338 0
      vertex -22.7482 -10.9858 0
    endloop
  endfacet
  facet normal -0 0 -1
    outer loop
      vertex -21.9562 -9.8338 0
      vertex -22.9192 -10.8384 0
      vertex -22.0984 -9.69843 0
    endloop
  endfacet
  facet normal 0 0 -1
    outer loop
      vertex -23.0827 -10.6827 0
      vertex -22.0984 -9.69843 0
      vertex -22.9192 -10.8384 0
    endloop
  endfacet
  facet normal 0 0 -1
    outer loop
      vertex -23.2384 -10.5192 0
      vertex -22.0984 -9.69843 0
      vertex -23.0827 -10.6827 0
    endloop
  endfacet
  facet normal -0 0 -1
    outer loop
      vertex -22.0984 -9.69843 0
      vertex -23.2384 -10.5192 0
      vertex -22.2338 -9.55623 0
    endloop
  endfacet
  facet normal 0 0 -1
    outer loop
      vertex -23.3858 -10.3482 0
      vertex -22.2338 -9.55623 0
      vertex -23.2384 -10.5192 0
    endloop
  endfacet
  facet normal -0 0 -1
    outer loop
      vertex -22.2338 -9.55623 0
      vertex -23.3858 -10.3482 0
      vertex -22.362 -9.40756 0
    endloop
  endfacet
  facet normal 0 0 -1
    outer loop
      vertex -23.5247 -10.1702 0
      vertex -22.362 -9.40756 0
      vertex -23.3858 -10.3482 0
    endloop
  endfacet
  facet normal -0 0 -1
    outer loop
      vertex -22.362 -9.40756 0
      vertex -23.5247 -10.1702 0
      vertex -22.4828 -9.25279 0
    endloop
  endfacet
  facet normal 0 0 -1
    outer loop
      vertex -23.6547 -9.98561 0
      vertex -22.4828 -9.25279 0
      vertex -23.5247 -10.1702 0
    endloop
  endfacet
  facet normal -0 0 -1
    outer loop
      vertex -22.4828 -9.25279 0
      vertex -23.6547 -9.98561 0
      vertex -22.5959 -9.09227 0
    endloop
  endfacet
  facet normal 0 0 -1
    outer loop
      vertex -23.7755 -9.79486 0
      vertex -22.5959 -9.09227 0
      vertex -23.6547 -9.98561 0
    endloop
  endfacet
  facet normal -0 0 -1
    outer loop
      vertex -22.5959 -9.09227 0
      vertex -23.7755 -9.79486 0
      vertex -22.7009 -8.92641 0
    endloop
  endfacet
  facet normal 0 0 -1
    outer loop
      vertex -23.8868 -9.59842 0
      vertex -22.7009 -8.92641 0
      vertex -23.7755 -9.79486 0
    endloop
  endfacet
  facet normal 0 0 -1
    outer loop
      vertex -23.9883 -9.39674 0
      vertex -22.7009 -8.92641 0
      vertex -23.8868 -9.59842 0
    endloop
  endfacet
  facet normal -0 0 -1
    outer loop
      vertex -22.7009 -8.92641 0
      vertex -23.9883 -9.39674 0
      vertex -22.7977 -8.75558 0
    endloop
  endfacet
  facet normal 0 0 -1
    outer loop
      vertex -24.0798 -9.19034 0
      vertex -22.7977 -8.75558 0
      vertex -23.9883 -9.39674 0
    endloop
  endfacet
  facet normal -0 0 -1
    outer loop
      vertex -22.7977 -8.75558 0
      vertex -24.0798 -9.19034 0
      vertex -22.8859 -8.58022 0
    endloop
  endfacet
  facet normal 0 0 -1
    outer loop
      vertex -24.1611 -8.97969 0
      vertex -22.8859 -8.58022 0
      vertex -24.0798 -9.19034 0
    endloop
  endfacet
  facet normal -0 0 -1
    outer loop
      vertex -22.8859 -8.58022 0
      vertex -24.1611 -8.97969 0
      vertex -22.9655 -8.40073 0
    endloop
  endfacet
  facet normal 0 0 -1
    outer loop
      vertex -24.2319 -8.7653 0
      vertex -22.9655 -8.40073 0
      vertex -24.1611 -8.97969 0
    endloop
  endfacet
  facet normal -0 0 -1
    outer loop
      vertex -22.9655 -8.40073 0
      vertex -24.2319 -8.7653 0
      vertex -23.0362 -8.21756 0
    endloop
  endfacet
  facet normal 0 0 -1
    outer loop
      vertex -24.2921 -8.5477 0
      vertex -23.0362 -8.21756 0
      vertex -24.2319 -8.7653 0
    endloop
  endfacet
  facet normal -0 0 -1
    outer loop
      vertex -23.0362 -8.21756 0
      vertex -24.2921 -8.5477 0
      vertex -23.0977 -8.03113 0
    endloop
  endfacet
  facet normal 0 0 -1
    outer loop
      vertex -24.3416 -8.32741 0
      vertex -23.0977 -8.03113 0
      vertex -24.2921 -8.5477 0
    endloop
  endfacet
  facet normal -0 0 -1
    outer loop
      vertex -23.0977 -8.03113 0
      vertex -24.3416 -8.32741 0
      vertex -23.1501 -7.84192 0
    endloop
  endfacet
  facet normal 0 0 -1
    outer loop
      vertex -24.3802 -8.10495 0
      vertex -23.1501 -7.84192 0
      vertex -24.3416 -8.32741 0
    endloop
  endfacet
  facet normal 0 0 -1
    outer loop
      vertex -24.4078 -7.88087 0
      vertex -23.1501 -7.84192 0
      vertex -24.3802 -8.10495 0
    endloop
  endfacet
  facet normal -0 0 -1
    outer loop
      vertex -23.1501 -7.84192 0
      vertex -24.4078 -7.88087 0
      vertex -23.1931 -7.65036 0
    endloop
  endfacet
  facet normal 0 0 -1
    outer loop
      vertex -24.4244 -7.6557 0
      vertex -23.1931 -7.65036 0
      vertex -24.4078 -7.88087 0
    endloop
  endfacet
  facet normal -0 0 -1
    outer loop
      vertex -23.1931 -7.65036 0
      vertex -24.4244 -7.6557 0
      vertex -23.2267 -7.45692 0
    endloop
  endfacet
  facet normal 0 0 -1
    outer loop
      vertex -24.43 -7.42999 0
      vertex -23.2267 -7.45692 0
      vertex -24.4244 -7.6557 0
    endloop
  endfacet
  facet normal 0 0 -1
    outer loop
      vertex -23.2267 -7.45692 0
      vertex -24.43 -7.42999 0
      vertex -23.2507 -7.26207 0
    endloop
  endfacet
  facet normal -0 0 -1
    outer loop
      vertex -23.2507 -7.26207 0
      vertex -24.43 -7.42999 0
      vertex -23.2652 -7.06627 0
    endloop
  endfacet
  facet normal -0 0 -1
    outer loop
      vertex -23.2652 -7.06627 0
      vertex -24.43 -7.42999 0
      vertex -23.27 -6.87 0
    endloop
  endfacet
  facet normal 0 0 -1
    outer loop
      vertex -24.43 -6.5 0
      vertex -23.27 -6.87 0
      vertex -24.43 -7.42999 0
    endloop
  endfacet
  facet normal 0 0 -1
    outer loop
      vertex -23.27 -6.87 0
      vertex -24.43 -6.5 0
      vertex -23.27 -6.5 0
    endloop
  endfacet
  facet normal 0 0 -1
    outer loop
      vertex 22.9655 8.40073 0
      vertex 24.2319 8.7653 0
      vertex 23.0362 8.21756 0
    endloop
  endfacet
  facet normal -0 0 -1
    outer loop
      vertex 24.2319 8.7653 0
      vertex 22.9655 8.40073 0
      vertex 24.1611 8.97969 0
    endloop
  endfacet
  facet normal 0 0 -1
    outer loop
      vertex 22.8859 8.58022 0
      vertex 24.1611 8.97969 0
      vertex 22.9655 8.40073 0
    endloop
  endfacet
  facet normal -0 0 -1
    outer loop
      vertex 24.1611 8.97969 0
      vertex 22.8859 8.58022 0
      vertex 24.0798 9.19034 0
    endloop
  endfacet
  facet normal 0 0 -1
    outer loop
      vertex 22.7977 8.75558 0
      vertex 24.0798 9.19034 0
      vertex 22.8859 8.58022 0
    endloop
  endfacet
  facet normal -0 0 -1
    outer loop
      vertex 24.0798 9.19034 0
      vertex 22.7977 8.75558 0
      vertex 23.9883 9.39674 0
    endloop
  endfacet
  facet normal 0 0 -1
    outer loop
      vertex 22.7009 8.92641 0
      vertex 23.9883 9.39674 0
      vertex 22.7977 8.75558 0
    endloop
  endfacet
  facet normal -0 0 -1
    outer loop
      vertex 23.9883 9.39674 0
      vertex 22.7009 8.92641 0
      vertex 23.8868 9.59842 0
    endloop
  endfacet
  facet normal -0 0 -1
    outer loop
      vertex 23.8868 9.59842 0
      vertex 22.7009 8.92641 0
      vertex 23.7755 9.79486 0
    endloop
  endfacet
  facet normal 0 0 -1
    outer loop
      vertex 22.5959 9.09227 0
      vertex 23.7755 9.79486 0
      vertex 22.7009 8.92641 0
    endloop
  endfacet
  facet normal -0 0 -1
    outer loop
      vertex 23.7755 9.79486 0
      vertex 22.5959 9.09227 0
      vertex 23.6547 9.98561 0
    endloop
  endfacet
  facet normal 0 0 -1
    outer loop
      vertex 22.4828 9.25279 0
      vertex 23.6547 9.98561 0
      vertex 22.5959 9.09227 0
    endloop
  endfacet
  facet normal -0 0 -1
    outer loop
      vertex 23.6547 9.98561 0
      vertex 22.4828 9.25279 0
      vertex 23.5247 10.1702 0
    endloop
  endfacet
  facet normal 0 0 -1
    outer loop
      vertex 22.362 9.40756 0
      vertex 23.5247 10.1702 0
      vertex 22.4828 9.25279 0
    endloop
  endfacet
  facet normal -0 0 -1
    outer loop
      vertex 23.5247 10.1702 0
      vertex 22.362 9.40756 0
      vertex 23.3858 10.3482 0
    endloop
  endfacet
  facet normal 0 0 -1
    outer loop
      vertex 22.2338 9.55623 0
      vertex 23.3858 10.3482 0
      vertex 22.362 9.40756 0
    endloop
  endfacet
  facet normal -0 0 -1
    outer loop
      vertex 23.3858 10.3482 0
      vertex 22.2338 9.55623 0
      vertex 23.2384 10.5192 0
    endloop
  endfacet
  facet normal 0 0 -1
    outer loop
      vertex 22.0984 9.69843 0
      vertex 23.2384 10.5192 0
      vertex 22.2338 9.55623 0
    endloop
  endfacet
  facet normal -0 0 -1
    outer loop
      vertex 23.2384 10.5192 0
      vertex 22.0984 9.69843 0
      vertex 23.0827 10.6827 0
    endloop
  endfacet
  facet normal -0 0 -1
    outer loop
      vertex 23.0827 10.6827 0
      vertex 22.0984 9.69843 0
      vertex 22.9192 10.8384 0
    endloop
  endfacet
  facet normal 0 0 -1
    outer loop
      vertex 21.9562 9.8338 0
      vertex 22.9192 10.8384 0
      vertex 22.0984 9.69843 0
    endloop
  endfacet
  facet normal -0 0 -1
    outer loop
      vertex 22.9192 10.8384 0
      vertex 21.9562 9.8338 0
      vertex 22.7482 10.9858 0
    endloop
  endfacet
  facet normal 0 0 -1
    outer loop
      vertex 21.8076 9.96204 0
      vertex 22.7482 10.9858 0
      vertex 21.9562 9.8338 0
    endloop
  endfacet
  facet normal -0 0 -1
    outer loop
      vertex 22.7482 10.9858 0
      vertex 21.8076 9.96204 0
      vertex 22.5702 11.1247 0
    endloop
  endfacet
  facet normal 0 0 -1
    outer loop
      vertex 21.6528 10.0828 0
      vertex 22.5702 11.1247 0
      vertex 21.8076 9.96204 0
    endloop
  endfacet
  facet normal -0 0 -1
    outer loop
      vertex 22.5702 11.1247 0
      vertex 21.6528 10.0828 0
      vertex 22.3856 11.2547 0
    endloop
  endfacet
  facet normal 0 0 -1
    outer loop
      vertex 21.4923 10.1959 0
      vertex 22.3856 11.2547 0
      vertex 21.6528 10.0828 0
    endloop
  endfacet
  facet normal -0 0 -1
    outer loop
      vertex 22.3856 11.2547 0
      vertex 21.4923 10.1959 0
      vertex 22.1949 11.3755 0
    endloop
  endfacet
  facet normal 0 0 -1
    outer loop
      vertex 21.3264 10.3009 0
      vertex 22.1949 11.3755 0
      vertex 21.4923 10.1959 0
    endloop
  endfacet
  facet normal -0 0 -1
    outer loop
      vertex 22.1949 11.3755 0
      vertex 21.3264 10.3009 0
      vertex 21.9984 11.4868 0
    endloop
  endfacet
  facet normal -0 0 -1
    outer loop
      vertex 21.9984 11.4868 0
      vertex 21.3264 10.3009 0
      vertex 21.7967 11.5883 0
    endloop
  endfacet
  facet normal 0 0 -1
    outer loop
      vertex 21.1556 10.3977 0
      vertex 21.7967 11.5883 0
      vertex 21.3264 10.3009 0
    endloop
  endfacet
  facet normal -0 0 -1
    outer loop
      vertex 21.7967 11.5883 0
      vertex 21.1556 10.3977 0
      vertex 21.5903 11.6798 0
    endloop
  endfacet
  facet normal 0 0 -1
    outer loop
      vertex 20.9802 10.4859 0
      vertex 21.5903 11.6798 0
      vertex 21.1556 10.3977 0
    endloop
  endfacet
  facet normal -0 0 -1
    outer loop
      vertex 21.5903 11.6798 0
      vertex 20.9802 10.4859 0
      vertex 21.3797 11.7611 0
    endloop
  endfacet
  facet normal 0 0 -1
    outer loop
      vertex 20.8007 10.5655 0
      vertex 21.3797 11.7611 0
      vertex 20.9802 10.4859 0
    endloop
  endfacet
  facet normal -0 0 -1
    outer loop
      vertex 21.3797 11.7611 0
      vertex 20.8007 10.5655 0
      vertex 21.1653 11.8319 0
    endloop
  endfacet
  facet normal 0 0 -1
    outer loop
      vertex 20.6176 10.6362 0
      vertex 21.1653 11.8319 0
      vertex 20.8007 10.5655 0
    endloop
  endfacet
  facet normal -0 0 -1
    outer loop
      vertex 21.1653 11.8319 0
      vertex 20.6176 10.6362 0
      vertex 20.9477 11.8921 0
    endloop
  endfacet
  facet normal 0 0 -1
    outer loop
      vertex 20.4311 10.6978 0
      vertex 20.9477 11.8921 0
      vertex 20.6176 10.6362 0
    endloop
  endfacet
  facet normal -0 0 -1
    outer loop
      vertex 20.9477 11.8921 0
      vertex 20.4311 10.6978 0
      vertex 20.7274 11.9416 0
    endloop
  endfacet
  facet normal -0 0 -1
    outer loop
      vertex 20.7274 11.9416 0
      vertex 20.4311 10.6978 0
      vertex 20.5049 11.9802 0
    endloop
  endfacet
  facet normal 0 0 -1
    outer loop
      vertex 20.2419 10.7501 0
      vertex 20.5049 11.9802 0
      vertex 20.4311 10.6978 0
    endloop
  endfacet
  facet normal -0 0 -1
    outer loop
      vertex 20.5049 11.9802 0
      vertex 20.2419 10.7501 0
      vertex 20.2809 12.0078 0
    endloop
  endfacet
  facet normal 0 0 -1
    outer loop
      vertex 20.0504 10.7931 0
      vertex 20.2809 12.0078 0
      vertex 20.2419 10.7501 0
    endloop
  endfacet
  facet normal -0 0 -1
    outer loop
      vertex 20.2809 12.0078 0
      vertex 20.0504 10.7931 0
      vertex 20.0557 12.0244 0
    endloop
  endfacet
  facet normal 0 0 -1
    outer loop
      vertex 19.8569 10.8267 0
      vertex 20.0557 12.0244 0
      vertex 20.0504 10.7931 0
    endloop
  endfacet
  facet normal 0 0 -1
    outer loop
      vertex 19.8569 10.8267 0
      vertex 19.83 12.03 0
      vertex 20.0557 12.0244 0
    endloop
  endfacet
  facet normal 0 0 -1
    outer loop
      vertex 19.6621 10.8507 0
      vertex 19.83 12.03 0
      vertex 19.8569 10.8267 0
    endloop
  endfacet
  facet normal 0 0 -1
    outer loop
      vertex 19.4663 10.8652 0
      vertex 19.83 12.03 0
      vertex 19.6621 10.8507 0
    endloop
  endfacet
  facet normal 0 0 -1
    outer loop
      vertex 19.27 10.87 0
      vertex 19.83 12.03 0
      vertex 19.4663 10.8652 0
    endloop
  endfacet
  facet normal 0 0 -1
    outer loop
      vertex -19.27 10.87 0
      vertex 19.83 12.03 0
      vertex 19.27 10.87 0
    endloop
  endfacet
  facet normal 0 0 -1
    outer loop
      vertex -19.83 12.03 0
      vertex -19.27 10.87 0
      vertex -19.4663 10.8652 0
    endloop
  endfacet
  facet normal 0 0 -1
    outer loop
      vertex -19.27 10.87 0
      vertex -19.83 12.03 0
      vertex 19.83 12.03 0
    endloop
  endfacet
  facet normal 0 0 -1
    outer loop
      vertex -19.6621 10.8507 0
      vertex -19.83 12.03 0
      vertex -19.4663 10.8652 0
    endloop
  endfacet
  facet normal 0 0 -1
    outer loop
      vertex -19.8569 10.8267 0
      vertex -19.83 12.03 0
      vertex -19.6621 10.8507 0
    endloop
  endfacet
  facet normal 0 0 -1
    outer loop
      vertex -20.0557 12.0244 0
      vertex -19.8569 10.8267 0
      vertex -20.0504 10.7931 0
    endloop
  endfacet
  facet normal 0 0 -1
    outer loop
      vertex -19.8569 10.8267 0
      vertex -20.0557 12.0244 0
      vertex -19.83 12.03 0
    endloop
  endfacet
  facet normal 0 0 -1
    outer loop
      vertex -20.2809 12.0078 0
      vertex -20.0504 10.7931 0
      vertex -20.2419 10.7501 0
    endloop
  endfacet
  facet normal 0 0 -1
    outer loop
      vertex -20.0504 10.7931 0
      vertex -20.2809 12.0078 0
      vertex -20.0557 12.0244 0
    endloop
  endfacet
  facet normal 0 0 -1
    outer loop
      vertex -20.5049 11.9802 0
      vertex -20.2419 10.7501 0
      vertex -20.4311 10.6978 0
    endloop
  endfacet
  facet normal 0 0 -1
    outer loop
      vertex -20.2419 10.7501 0
      vertex -20.5049 11.9802 0
      vertex -20.2809 12.0078 0
    endloop
  endfacet
  facet normal 0 0 -1
    outer loop
      vertex -20.9477 11.8921 0
      vertex -20.4311 10.6978 0
      vertex -20.6176 10.6362 0
    endloop
  endfacet
  facet normal 0 0 -1
    outer loop
      vertex -20.4311 10.6978 0
      vertex -20.7274 11.9416 0
      vertex -20.5049 11.9802 0
    endloop
  endfacet
  facet normal 0 0 -1
    outer loop
      vertex -21.1653 11.8319 0
      vertex -20.6176 10.6362 0
      vertex -20.8007 10.5655 0
    endloop
  endfacet
  facet normal 0 0 -1
    outer loop
      vertex -20.4311 10.6978 0
      vertex -20.9477 11.8921 0
      vertex -20.7274 11.9416 0
    endloop
  endfacet
  facet normal 0 0 -1
    outer loop
      vertex -21.3797 11.7611 0
      vertex -20.8007 10.5655 0
      vertex -20.9802 10.4859 0
    endloop
  endfacet
  facet normal 0 0 -1
    outer loop
      vertex -21.5903 11.6798 0
      vertex -20.9802 10.4859 0
      vertex -21.1556 10.3977 0
    endloop
  endfacet
  facet normal 0 0 -1
    outer loop
      vertex -20.6176 10.6362 0
      vertex -21.1653 11.8319 0
      vertex -20.9477 11.8921 0
    endloop
  endfacet
  facet normal 0 0 -1
    outer loop
      vertex -21.7967 11.5883 0
      vertex -21.1556 10.3977 0
      vertex -21.3264 10.3009 0
    endloop
  endfacet
  facet normal 0 0 -1
    outer loop
      vertex -20.8007 10.5655 0
      vertex -21.3797 11.7611 0
      vertex -21.1653 11.8319 0
    endloop
  endfacet
  facet normal 0 0 -1
    outer loop
      vertex -22.1949 11.3755 0
      vertex -21.3264 10.3009 0
      vertex -21.4923 10.1959 0
    endloop
  endfacet
  facet normal 0 0 -1
    outer loop
      vertex -20.9802 10.4859 0
      vertex -21.5903 11.6798 0
      vertex -21.3797 11.7611 0
    endloop
  endfacet
  facet normal 0 0 -1
    outer loop
      vertex -22.3856 11.2547 0
      vertex -21.4923 10.1959 0
      vertex -21.6528 10.0828 0
    endloop
  endfacet
  facet normal 0 0 -1
    outer loop
      vertex -21.1556 10.3977 0
      vertex -21.7967 11.5883 0
      vertex -21.5903 11.6798 0
    endloop
  endfacet
  facet normal 0 0 -1
    outer loop
      vertex -22.5702 11.1247 0
      vertex -21.6528 10.0828 0
      vertex -21.8076 9.96204 0
    endloop
  endfacet
  facet normal 0 0 -1
    outer loop
      vertex -22.7482 10.9858 0
      vertex -21.8076 9.96204 0
      vertex -21.9562 9.8338 0
    endloop
  endfacet
  facet normal 0 0 -1
    outer loop
      vertex -21.3264 10.3009 0
      vertex -21.9984 11.4868 0
      vertex -21.7967 11.5883 0
    endloop
  endfacet
  facet normal 0 0 -1
    outer loop
      vertex -22.9192 10.8384 0
      vertex -21.9562 9.8338 0
      vertex -22.0984 9.69843 0
    endloop
  endfacet
  facet normal 0 0 -1
    outer loop
      vertex -21.3264 10.3009 0
      vertex -22.1949 11.3755 0
      vertex -21.9984 11.4868 0
    endloop
  endfacet
  facet normal 0 0 -1
    outer loop
      vertex -23.2384 10.5192 0
      vertex -22.0984 9.69843 0
      vertex -22.2338 9.55623 0
    endloop
  endfacet
  facet normal 0 0 -1
    outer loop
      vertex -23.3858 10.3482 0
      vertex -22.2338 9.55623 0
      vertex -22.362 9.40756 0
    endloop
  endfacet
  facet normal 0 0 -1
    outer loop
      vertex -21.4923 10.1959 0
      vertex -22.3856 11.2547 0
      vertex -22.1949 11.3755 0
    endloop
  endfacet
  facet normal 0 0 -1
    outer loop
      vertex -23.3858 10.3482 0
      vertex -22.362 9.40756 0
      vertex -22.4828 9.25279 0
    endloop
  endfacet
  facet normal 0 0 -1
    outer loop
      vertex -21.6528 10.0828 0
      vertex -22.5702 11.1247 0
      vertex -22.3856 11.2547 0
    endloop
  endfacet
  facet normal 0 0 -1
    outer loop
      vertex -23.3858 10.3482 0
      vertex -22.4828 9.25279 0
      vertex -22.5959 9.09227 0
    endloop
  endfacet
  facet normal 0 0 -1
    outer loop
      vertex -23.3858 10.3482 0
      vertex -22.5959 9.09227 0
      vertex -22.7009 8.92641 0
    endloop
  endfacet
  facet normal 0 0 -1
    outer loop
      vertex -21.8076 9.96204 0
      vertex -22.7482 10.9858 0
      vertex -22.5702 11.1247 0
    endloop
  endfacet
  facet normal 0 0 -1
    outer loop
      vertex -23.3858 10.3482 0
      vertex -22.7009 8.92641 0
      vertex -22.7977 8.75558 0
    endloop
  endfacet
  facet normal 0 0 -1
    outer loop
      vertex -23.3858 10.3482 0
      vertex -22.7977 8.75558 0
      vertex -22.8859 8.58022 0
    endloop
  endfacet
  facet normal 0 0 -1
    outer loop
      vertex -21.9562 9.8338 0
      vertex -22.9192 10.8384 0
      vertex -22.7482 10.9858 0
    endloop
  endfacet
  facet normal 0 0 -1
    outer loop
      vertex -23.3858 10.3482 0
      vertex -22.8859 8.58022 0
      vertex -22.9655 8.40073 0
    endloop
  endfacet
  facet normal 0 0 -1
    outer loop
      vertex -23.3858 10.3482 0
      vertex -22.9655 8.40073 0
      vertex -23.0362 8.21756 0
    endloop
  endfacet
  facet normal 0 0 -1
    outer loop
      vertex -22.0984 9.69843 0
      vertex -23.0827 10.6827 0
      vertex -22.9192 10.8384 0
    endloop
  endfacet
  facet normal 0 0 -1
    outer loop
      vertex -23.3858 10.3482 0
      vertex -23.0362 8.21756 0
      vertex -23.0977 8.03113 0
    endloop
  endfacet
  facet normal 0 0 -1
    outer loop
      vertex -23.3858 10.3482 0
      vertex -23.0977 8.03113 0
      vertex -23.1501 7.84192 0
    endloop
  endfacet
  facet normal 0 0 -1
    outer loop
      vertex -23.3858 10.3482 0
      vertex -23.1501 7.84192 0
      vertex -23.1931 7.65036 0
    endloop
  endfacet
  facet normal 0 0 -1
    outer loop
      vertex -23.3858 10.3482 0
      vertex -23.1931 7.65036 0
      vertex -23.2267 7.45692 0
    endloop
  endfacet
  facet normal 0 0 -1
    outer loop
      vertex -22.0984 9.69843 0
      vertex -23.2384 10.5192 0
      vertex -23.0827 10.6827 0
    endloop
  endfacet
  facet normal 0 0 -1
    outer loop
      vertex -23.3858 10.3482 0
      vertex -23.2267 7.45692 0
      vertex -23.2507 7.26207 0
    endloop
  endfacet
  facet normal 0 0 -1
    outer loop
      vertex -23.3858 10.3482 0
      vertex -23.2507 7.26207 0
      vertex -23.2652 7.06627 0
    endloop
  endfacet
  facet normal 0 0 -1
    outer loop
      vertex -23.3858 10.3482 0
      vertex -23.2652 7.06627 0
      vertex -23.27 6.87 0
    endloop
  endfacet
  facet normal 0 0 -1
    outer loop
      vertex -22.2338 9.55623 0
      vertex -23.3858 10.3482 0
      vertex -23.2384 10.5192 0
    endloop
  endfacet
  facet normal -0 0 1
    outer loop
      vertex -24.43 -6.5 4.1
      vertex -23.27 -6.87 4.1
      vertex -23.27 -6.5 4.1
    endloop
  endfacet
  facet normal 0 0 1
    outer loop
      vertex -23.27 -6.87 4.1
      vertex -23.5247 -10.1702 4.1
      vertex -23.3858 -10.3482 4.1
    endloop
  endfacet
  facet normal 0 0 1
    outer loop
      vertex -23.27 -6.87 4.1
      vertex -23.6547 -9.98561 4.1
      vertex -23.5247 -10.1702 4.1
    endloop
  endfacet
  facet normal 0 0 1
    outer loop
      vertex -23.27 -6.87 4.1
      vertex -23.7755 -9.79486 4.1
      vertex -23.6547 -9.98561 4.1
    endloop
  endfacet
  facet normal 0 0 1
    outer loop
      vertex -23.27 -6.87 4.1
      vertex -23.8868 -9.59842 4.1
      vertex -23.7755 -9.79486 4.1
    endloop
  endfacet
  facet normal 0 0 1
    outer loop
      vertex -23.27 -6.87 4.1
      vertex -23.9883 -9.39674 4.1
      vertex -23.8868 -9.59842 4.1
    endloop
  endfacet
  facet normal 0 0 1
    outer loop
      vertex -23.27 -6.87 4.1
      vertex -24.0798 -9.19034 4.1
      vertex -23.9883 -9.39674 4.1
    endloop
  endfacet
  facet normal 0 0 1
    outer loop
      vertex -23.27 -6.87 4.1
      vertex -24.1611 -8.97969 4.1
      vertex -24.0798 -9.19034 4.1
    endloop
  endfacet
  facet normal 0 0 1
    outer loop
      vertex -23.27 -6.87 4.1
      vertex -24.2319 -8.7653 4.1
      vertex -24.1611 -8.97969 4.1
    endloop
  endfacet
  facet normal 0 0 1
    outer loop
      vertex -23.27 -6.87 4.1
      vertex -24.2921 -8.5477 4.1
      vertex -24.2319 -8.7653 4.1
    endloop
  endfacet
  facet normal 0 0 1
    outer loop
      vertex -23.27 -6.87 4.1
      vertex -24.3416 -8.32741 4.1
      vertex -24.2921 -8.5477 4.1
    endloop
  endfacet
  facet normal 0 0 1
    outer loop
      vertex -23.27 -6.87 4.1
      vertex -24.3802 -8.10495 4.1
      vertex -24.3416 -8.32741 4.1
    endloop
  endfacet
  facet normal 0 0 1
    outer loop
      vertex -23.27 -6.87 4.1
      vertex -24.4078 -7.88087 4.1
      vertex -24.3802 -8.10495 4.1
    endloop
  endfacet
  facet normal 0 0 1
    outer loop
      vertex -23.27 -6.87 4.1
      vertex -24.4244 -7.6557 4.1
      vertex -24.4078 -7.88087 4.1
    endloop
  endfacet
  facet normal 0 0 1
    outer loop
      vertex -23.27 -6.87 4.1
      vertex -24.43 -6.5 4.1
      vertex -24.43 -7.42999 4.1
    endloop
  endfacet
  facet normal 0 0 1
    outer loop
      vertex -23.27 -6.87 4.1
      vertex -24.43 -7.42999 4.1
      vertex -24.4244 -7.6557 4.1
    endloop
  endfacet
  facet normal -0 0 1
    outer loop
      vertex 23.2267 7.45692 4.1
      vertex 24.43 7.42999 4.1
      vertex 24.4244 7.6557 4.1
    endloop
  endfacet
  facet normal 0 0 1
    outer loop
      vertex 24.43 7.42999 4.1
      vertex 23.27 6.87 4.1
      vertex 24.43 -7.42999 4.1
    endloop
  endfacet
  facet normal 0 0 1
    outer loop
      vertex 23.1931 7.65036 4.1
      vertex 24.4244 7.6557 4.1
      vertex 24.4078 7.88087 4.1
    endloop
  endfacet
  facet normal -0 0 1
    outer loop
      vertex 23.27 -6.87 4.1
      vertex 24.43 -7.42999 4.1
      vertex 23.27 6.87 4.1
    endloop
  endfacet
  facet normal 0 0 1
    outer loop
      vertex 23.1501 7.84192 4.1
      vertex 24.4078 7.88087 4.1
      vertex 24.3802 8.10495 4.1
    endloop
  endfacet
  facet normal -0 0 1
    outer loop
      vertex 23.2652 -7.06627 4.1
      vertex 24.43 -7.42999 4.1
      vertex 23.27 -6.87 4.1
    endloop
  endfacet
  facet normal 0 0 1
    outer loop
      vertex 23.1501 7.84192 4.1
      vertex 24.3802 8.10495 4.1
      vertex 24.3416 8.32741 4.1
    endloop
  endfacet
  facet normal -0 0 1
    outer loop
      vertex 23.2507 -7.26207 4.1
      vertex 24.43 -7.42999 4.1
      vertex 23.2652 -7.06627 4.1
    endloop
  endfacet
  facet normal 0 0 1
    outer loop
      vertex 23.0977 8.03113 4.1
      vertex 24.3416 8.32741 4.1
      vertex 24.2921 8.5477 4.1
    endloop
  endfacet
  facet normal 0 0 1
    outer loop
      vertex 23.2267 -7.45692 4.1
      vertex 24.43 -7.42999 4.1
      vertex 23.2507 -7.26207 4.1
    endloop
  endfacet
  facet normal 0 0 1
    outer loop
      vertex 23.0362 8.21756 4.1
      vertex 24.2921 8.5477 4.1
      vertex 24.2319 8.7653 4.1
    endloop
  endfacet
  facet normal 0 0 1
    outer loop
      vertex 24.43 -7.42999 4.1
      vertex 23.2267 -7.45692 4.1
      vertex 24.4244 -7.6557 4.1
    endloop
  endfacet
  facet normal 0 0 1
    outer loop
      vertex 22.9655 8.40073 4.1
      vertex 24.2319 8.7653 4.1
      vertex 24.1611 8.97969 4.1
    endloop
  endfacet
  facet normal -0 0 1
    outer loop
      vertex 23.1931 -7.65036 4.1
      vertex 24.4244 -7.6557 4.1
      vertex 23.2267 -7.45692 4.1
    endloop
  endfacet
  facet normal 0 0 1
    outer loop
      vertex 22.8859 8.58022 4.1
      vertex 24.1611 8.97969 4.1
      vertex 24.0798 9.19034 4.1
    endloop
  endfacet
  facet normal 0 0 1
    outer loop
      vertex 24.4244 -7.6557 4.1
      vertex 23.1931 -7.65036 4.1
      vertex 24.4078 -7.88087 4.1
    endloop
  endfacet
  facet normal 0 0 1
    outer loop
      vertex 22.7977 8.75558 4.1
      vertex 24.0798 9.19034 4.1
      vertex 23.9883 9.39674 4.1
    endloop
  endfacet
  facet normal -0 0 1
    outer loop
      vertex 23.1501 -7.84192 4.1
      vertex 24.4078 -7.88087 4.1
      vertex 23.1931 -7.65036 4.1
    endloop
  endfacet
  facet normal 0 0 1
    outer loop
      vertex 22.7009 8.92641 4.1
      vertex 23.9883 9.39674 4.1
      vertex 23.8868 9.59842 4.1
    endloop
  endfacet
  facet normal 0 0 1
    outer loop
      vertex 24.4078 -7.88087 4.1
      vertex 23.1501 -7.84192 4.1
      vertex 24.3802 -8.10495 4.1
    endloop
  endfacet
  facet normal 0 0 1
    outer loop
      vertex 22.7009 8.92641 4.1
      vertex 23.8868 9.59842 4.1
      vertex 23.7755 9.79486 4.1
    endloop
  endfacet
  facet normal 0 0 1
    outer loop
      vertex 24.3802 -8.10495 4.1
      vertex 23.1501 -7.84192 4.1
      vertex 24.3416 -8.32741 4.1
    endloop
  endfacet
  facet normal 0 0 1
    outer loop
      vertex 22.5959 9.09227 4.1
      vertex 23.7755 9.79486 4.1
      vertex 23.6547 9.98561 4.1
    endloop
  endfacet
  facet normal -0 0 1
    outer loop
      vertex 23.0977 -8.03113 4.1
      vertex 24.3416 -8.32741 4.1
      vertex 23.1501 -7.84192 4.1
    endloop
  endfacet
  facet normal 0 0 1
    outer loop
      vertex 22.4828 9.25279 4.1
      vertex 23.6547 9.98561 4.1
      vertex 23.5247 10.1702 4.1
    endloop
  endfacet
  facet normal 0 0 1
    outer loop
      vertex 24.3416 -8.32741 4.1
      vertex 23.0977 -8.03113 4.1
      vertex 24.2921 -8.5477 4.1
    endloop
  endfacet
  facet normal 0 0 1
    outer loop
      vertex 22.362 9.40756 4.1
      vertex 23.5247 10.1702 4.1
      vertex 23.3858 10.3482 4.1
    endloop
  endfacet
  facet normal -0 0 1
    outer loop
      vertex 23.0362 -8.21756 4.1
      vertex 24.2921 -8.5477 4.1
      vertex 23.0977 -8.03113 4.1
    endloop
  endfacet
  facet normal 0 0 1
    outer loop
      vertex 24.2921 -8.5477 4.1
      vertex 23.0362 -8.21756 4.1
      vertex 24.2319 -8.7653 4.1
    endloop
  endfacet
  facet normal 0 0 1
    outer loop
      vertex 24.43 7.42999 4.1
      vertex 23.2652 7.06627 4.1
      vertex 23.27 6.87 4.1
    endloop
  endfacet
  facet normal 0 0 1
    outer loop
      vertex 24.43 7.42999 4.1
      vertex 23.2507 7.26207 4.1
      vertex 23.2652 7.06627 4.1
    endloop
  endfacet
  facet normal 0 0 1
    outer loop
      vertex 22.2338 9.55623 4.1
      vertex 23.3858 10.3482 4.1
      vertex 23.2384 10.5192 4.1
    endloop
  endfacet
  facet normal 0 0 1
    outer loop
      vertex 24.43 7.42999 4.1
      vertex 23.2267 7.45692 4.1
      vertex 23.2507 7.26207 4.1
    endloop
  endfacet
  facet normal 0 0 1
    outer loop
      vertex 24.4244 7.6557 4.1
      vertex 23.1931 7.65036 4.1
      vertex 23.2267 7.45692 4.1
    endloop
  endfacet
  facet normal 0 0 1
    outer loop
      vertex 24.4078 7.88087 4.1
      vertex 23.1501 7.84192 4.1
      vertex 23.1931 7.65036 4.1
    endloop
  endfacet
  facet normal 0 0 1
    outer loop
      vertex 24.3416 8.32741 4.1
      vertex 23.0977 8.03113 4.1
      vertex 23.1501 7.84192 4.1
    endloop
  endfacet
  facet normal 0 0 1
    outer loop
      vertex 22.0984 9.69843 4.1
      vertex 23.2384 10.5192 4.1
      vertex 23.0827 10.6827 4.1
    endloop
  endfacet
  facet normal 0 0 1
    outer loop
      vertex 24.2921 8.5477 4.1
      vertex 23.0362 8.21756 4.1
      vertex 23.0977 8.03113 4.1
    endloop
  endfacet
  facet normal 0 0 1
    outer loop
      vertex 24.2319 8.7653 4.1
      vertex 22.9655 8.40073 4.1
      vertex 23.0362 8.21756 4.1
    endloop
  endfacet
  facet normal 0 0 1
    outer loop
      vertex 22.0984 9.69843 4.1
      vertex 23.0827 10.6827 4.1
      vertex 22.9192 10.8384 4.1
    endloop
  endfacet
  facet normal 0 0 1
    outer loop
      vertex 24.1611 8.97969 4.1
      vertex 22.8859 8.58022 4.1
      vertex 22.9655 8.40073 4.1
    endloop
  endfacet
  facet normal 0 0 1
    outer loop
      vertex 24.0798 9.19034 4.1
      vertex 22.7977 8.75558 4.1
      vertex 22.8859 8.58022 4.1
    endloop
  endfacet
  facet normal 0 0 1
    outer loop
      vertex 21.9562 9.8338 4.1
      vertex 22.9192 10.8384 4.1
      vertex 22.7482 10.9858 4.1
    endloop
  endfacet
  facet normal 0 0 1
    outer loop
      vertex 23.9883 9.39674 4.1
      vertex 22.7009 8.92641 4.1
      vertex 22.7977 8.75558 4.1
    endloop
  endfacet
  facet normal 0 0 1
    outer loop
      vertex 23.7755 9.79486 4.1
      vertex 22.5959 9.09227 4.1
      vertex 22.7009 8.92641 4.1
    endloop
  endfacet
  facet normal 0 0 1
    outer loop
      vertex 21.8076 9.96204 4.1
      vertex 22.7482 10.9858 4.1
      vertex 22.5702 11.1247 4.1
    endloop
  endfacet
  facet normal 0 0 1
    outer loop
      vertex 23.6547 9.98561 4.1
      vertex 22.4828 9.25279 4.1
      vertex 22.5959 9.09227 4.1
    endloop
  endfacet
  facet normal 0 0 1
    outer loop
      vertex 21.6528 10.0828 4.1
      vertex 22.5702 11.1247 4.1
      vertex 22.3856 11.2547 4.1
    endloop
  endfacet
  facet normal 0 0 1
    outer loop
      vertex 23.5247 10.1702 4.1
      vertex 22.362 9.40756 4.1
      vertex 22.4828 9.25279 4.1
    endloop
  endfacet
  facet normal 0 0 1
    outer loop
      vertex 23.3858 10.3482 4.1
      vertex 22.2338 9.55623 4.1
      vertex 22.362 9.40756 4.1
    endloop
  endfacet
  facet normal 0 0 1
    outer loop
      vertex 21.4923 10.1959 4.1
      vertex 22.3856 11.2547 4.1
      vertex 22.1949 11.3755 4.1
    endloop
  endfacet
  facet normal 0 0 1
    outer loop
      vertex 23.2384 10.5192 4.1
      vertex 22.0984 9.69843 4.1
      vertex 22.2338 9.55623 4.1
    endloop
  endfacet
  facet normal 0 0 1
    outer loop
      vertex 21.3264 10.3009 4.1
      vertex 22.1949 11.3755 4.1
      vertex 21.9984 11.4868 4.1
    endloop
  endfacet
  facet normal 0 0 1
    outer loop
      vertex 22.9192 10.8384 4.1
      vertex 21.9562 9.8338 4.1
      vertex 22.0984 9.69843 4.1
    endloop
  endfacet
  facet normal 0 0 1
    outer loop
      vertex 22.7482 10.9858 4.1
      vertex 21.8076 9.96204 4.1
      vertex 21.9562 9.8338 4.1
    endloop
  endfacet
  facet normal 0 0 1
    outer loop
      vertex 21.3264 10.3009 4.1
      vertex 21.9984 11.4868 4.1
      vertex 21.7967 11.5883 4.1
    endloop
  endfacet
  facet normal 0 0 1
    outer loop
      vertex 22.5702 11.1247 4.1
      vertex 21.6528 10.0828 4.1
      vertex 21.8076 9.96204 4.1
    endloop
  endfacet
  facet normal 0 0 1
    outer loop
      vertex 21.1556 10.3977 4.1
      vertex 21.7967 11.5883 4.1
      vertex 21.5903 11.6798 4.1
    endloop
  endfacet
  facet normal 0 0 1
    outer loop
      vertex 22.3856 11.2547 4.1
      vertex 21.4923 10.1959 4.1
      vertex 21.6528 10.0828 4.1
    endloop
  endfacet
  facet normal 0 0 1
    outer loop
      vertex 20.9802 10.4859 4.1
      vertex 21.5903 11.6798 4.1
      vertex 21.3797 11.7611 4.1
    endloop
  endfacet
  facet normal 0 0 1
    outer loop
      vertex 22.1949 11.3755 4.1
      vertex 21.3264 10.3009 4.1
      vertex 21.4923 10.1959 4.1
    endloop
  endfacet
  facet normal 0 0 1
    outer loop
      vertex 20.8007 10.5655 4.1
      vertex 21.3797 11.7611 4.1
      vertex 21.1653 11.8319 4.1
    endloop
  endfacet
  facet normal 0 0 1
    outer loop
      vertex 21.7967 11.5883 4.1
      vertex 21.1556 10.3977 4.1
      vertex 21.3264 10.3009 4.1
    endloop
  endfacet
  facet normal 0 0 1
    outer loop
      vertex 21.5903 11.6798 4.1
      vertex 20.9802 10.4859 4.1
      vertex 21.1556 10.3977 4.1
    endloop
  endfacet
  facet normal 0 0 1
    outer loop
      vertex 20.6176 10.6362 4.1
      vertex 21.1653 11.8319 4.1
      vertex 20.9477 11.8921 4.1
    endloop
  endfacet
  facet normal 0 0 1
    outer loop
      vertex 21.3797 11.7611 4.1
      vertex 20.8007 10.5655 4.1
      vertex 20.9802 10.4859 4.1
    endloop
  endfacet
  facet normal 0 0 1
    outer loop
      vertex 20.4311 10.6978 4.1
      vertex 20.9477 11.8921 4.1
      vertex 20.7274 11.9416 4.1
    endloop
  endfacet
  facet normal 0 0 1
    outer loop
      vertex 21.1653 11.8319 4.1
      vertex 20.6176 10.6362 4.1
      vertex 20.8007 10.5655 4.1
    endloop
  endfacet
  facet normal 0 0 1
    outer loop
      vertex 20.4311 10.6978 4.1
      vertex 20.7274 11.9416 4.1
      vertex 20.5049 11.9802 4.1
    endloop
  endfacet
  facet normal 0 0 1
    outer loop
      vertex 20.9477 11.8921 4.1
      vertex 20.4311 10.6978 4.1
      vertex 20.6176 10.6362 4.1
    endloop
  endfacet
  facet normal 0 0 1
    outer loop
      vertex 20.2419 10.7501 4.1
      vertex 20.5049 11.9802 4.1
      vertex 20.2809 12.0078 4.1
    endloop
  endfacet
  facet normal 0 0 1
    outer loop
      vertex 20.5049 11.9802 4.1
      vertex 20.2419 10.7501 4.1
      vertex 20.4311 10.6978 4.1
    endloop
  endfacet
  facet normal 0 0 1
    outer loop
      vertex 20.0504 10.7931 4.1
      vertex 20.2809 12.0078 4.1
      vertex 20.0557 12.0244 4.1
    endloop
  endfacet
  facet normal 0 0 1
    outer loop
      vertex 20.2809 12.0078 4.1
      vertex 20.0504 10.7931 4.1
      vertex 20.2419 10.7501 4.1
    endloop
  endfacet
  facet normal 0 0 1
    outer loop
      vertex 20.0557 12.0244 4.1
      vertex 19.8569 10.8267 4.1
      vertex 20.0504 10.7931 4.1
    endloop
  endfacet
  facet normal 0 0 1
    outer loop
      vertex 19.83 12.03 4.1
      vertex 19.8569 10.8267 4.1
      vertex 20.0557 12.0244 4.1
    endloop
  endfacet
  facet normal 0 0 1
    outer loop
      vertex 19.83 12.03 4.1
      vertex 19.6621 10.8507 4.1
      vertex 19.8569 10.8267 4.1
    endloop
  endfacet
  facet normal 0 0 1
    outer loop
      vertex 19.83 12.03 4.1
      vertex 19.4663 10.8652 4.1
      vertex 19.6621 10.8507 4.1
    endloop
  endfacet
  facet normal 0 0 1
    outer loop
      vertex 19.83 12.03 4.1
      vertex 19.27 10.87 4.1
      vertex 19.4663 10.8652 4.1
    endloop
  endfacet
  facet normal 0 0 1
    outer loop
      vertex 19.83 12.03 4.1
      vertex -19.27 10.87 4.1
      vertex 19.27 10.87 4.1
    endloop
  endfacet
  facet normal -0 0 1
    outer loop
      vertex -19.83 12.03 4.1
      vertex -19.27 10.87 4.1
      vertex 19.83 12.03 4.1
    endloop
  endfacet
  facet normal 0 0 1
    outer loop
      vertex -19.27 10.87 4.1
      vertex -19.83 12.03 4.1
      vertex -19.4663 10.8652 4.1
    endloop
  endfacet
  facet normal 0 0 1
    outer loop
      vertex -19.83 12.03 4.1
      vertex -19.6621 10.8507 4.1
      vertex -19.4663 10.8652 4.1
    endloop
  endfacet
  facet normal 0 0 1
    outer loop
      vertex -19.83 12.03 4.1
      vertex -19.8569 10.8267 4.1
      vertex -19.6621 10.8507 4.1
    endloop
  endfacet
  facet normal -0 0 1
    outer loop
      vertex -20.0557 12.0244 4.1
      vertex -19.8569 10.8267 4.1
      vertex -19.83 12.03 4.1
    endloop
  endfacet
  facet normal 0 0 1
    outer loop
      vertex -19.8569 10.8267 4.1
      vertex -20.0557 12.0244 4.1
      vertex -20.0504 10.7931 4.1
    endloop
  endfacet
  facet normal -0 0 1
    outer loop
      vertex -20.2809 12.0078 4.1
      vertex -20.0504 10.7931 4.1
      vertex -20.0557 12.0244 4.1
    endloop
  endfacet
  facet normal 0 0 1
    outer loop
      vertex -20.0504 10.7931 4.1
      vertex -20.2809 12.0078 4.1
      vertex -20.2419 10.7501 4.1
    endloop
  endfacet
  facet normal -0 0 1
    outer loop
      vertex -20.5049 11.9802 4.1
      vertex -20.2419 10.7501 4.1
      vertex -20.2809 12.0078 4.1
    endloop
  endfacet
  facet normal 0 0 1
    outer loop
      vertex -20.2419 10.7501 4.1
      vertex -20.5049 11.9802 4.1
      vertex -20.4311 10.6978 4.1
    endloop
  endfacet
  facet normal -0 0 1
    outer loop
      vertex -20.7274 11.9416 4.1
      vertex -20.4311 10.6978 4.1
      vertex -20.5049 11.9802 4.1
    endloop
  endfacet
  facet normal -0 0 1
    outer loop
      vertex -20.9477 11.8921 4.1
      vertex -20.4311 10.6978 4.1
      vertex -20.7274 11.9416 4.1
    endloop
  endfacet
  facet normal 0 0 1
    outer loop
      vertex -20.4311 10.6978 4.1
      vertex -20.9477 11.8921 4.1
      vertex -20.6176 10.6362 4.1
    endloop
  endfacet
  facet normal -0 0 1
    outer loop
      vertex -21.1653 11.8319 4.1
      vertex -20.6176 10.6362 4.1
      vertex -20.9477 11.8921 4.1
    endloop
  endfacet
  facet normal 0 0 1
    outer loop
      vertex -20.6176 10.6362 4.1
      vertex -21.1653 11.8319 4.1
      vertex -20.8007 10.5655 4.1
    endloop
  endfacet
  facet normal -0 0 1
    outer loop
      vertex -21.3797 11.7611 4.1
      vertex -20.8007 10.5655 4.1
      vertex -21.1653 11.8319 4.1
    endloop
  endfacet
  facet normal 0 0 1
    outer loop
      vertex -20.8007 10.5655 4.1
      vertex -21.3797 11.7611 4.1
      vertex -20.9802 10.4859 4.1
    endloop
  endfacet
  facet normal -0 0 1
    outer loop
      vertex -21.5903 11.6798 4.1
      vertex -20.9802 10.4859 4.1
      vertex -21.3797 11.7611 4.1
    endloop
  endfacet
  facet normal 0 0 1
    outer loop
      vertex -20.9802 10.4859 4.1
      vertex -21.5903 11.6798 4.1
      vertex -21.1556 10.3977 4.1
    endloop
  endfacet
  facet normal -0 0 1
    outer loop
      vertex -21.7967 11.5883 4.1
      vertex -21.1556 10.3977 4.1
      vertex -21.5903 11.6798 4.1
    endloop
  endfacet
  facet normal 0 0 1
    outer loop
      vertex -21.1556 10.3977 4.1
      vertex -21.7967 11.5883 4.1
      vertex -21.3264 10.3009 4.1
    endloop
  endfacet
  facet normal -0 0 1
    outer loop
      vertex -21.9984 11.4868 4.1
      vertex -21.3264 10.3009 4.1
      vertex -21.7967 11.5883 4.1
    endloop
  endfacet
  facet normal -0 0 1
    outer loop
      vertex -22.1949 11.3755 4.1
      vertex -21.3264 10.3009 4.1
      vertex -21.9984 11.4868 4.1
    endloop
  endfacet
  facet normal 0 0 1
    outer loop
      vertex -21.3264 10.3009 4.1
      vertex -22.1949 11.3755 4.1
      vertex -21.4923 10.1959 4.1
    endloop
  endfacet
  facet normal -0 0 1
    outer loop
      vertex -22.3856 11.2547 4.1
      vertex -21.4923 10.1959 4.1
      vertex -22.1949 11.3755 4.1
    endloop
  endfacet
  facet normal 0 0 1
    outer loop
      vertex -21.4923 10.1959 4.1
      vertex -22.3856 11.2547 4.1
      vertex -21.6528 10.0828 4.1
    endloop
  endfacet
  facet normal -0 0 1
    outer loop
      vertex -22.5702 11.1247 4.1
      vertex -21.6528 10.0828 4.1
      vertex -22.3856 11.2547 4.1
    endloop
  endfacet
  facet normal 0 0 1
    outer loop
      vertex -21.6528 10.0828 4.1
      vertex -22.5702 11.1247 4.1
      vertex -21.8076 9.96204 4.1
    endloop
  endfacet
  facet normal -0 0 1
    outer loop
      vertex -22.7482 10.9858 4.1
      vertex -21.8076 9.96204 4.1
      vertex -22.5702 11.1247 4.1
    endloop
  endfacet
  facet normal 0 0 1
    outer loop
      vertex -21.8076 9.96204 4.1
      vertex -22.7482 10.9858 4.1
      vertex -21.9562 9.8338 4.1
    endloop
  endfacet
  facet normal -0 0 1
    outer loop
      vertex -22.9192 10.8384 4.1
      vertex -21.9562 9.8338 4.1
      vertex -22.7482 10.9858 4.1
    endloop
  endfacet
  facet normal 0 0 1
    outer loop
      vertex -21.9562 9.8338 4.1
      vertex -22.9192 10.8384 4.1
      vertex -22.0984 9.69843 4.1
    endloop
  endfacet
  facet normal -0 0 1
    outer loop
      vertex -23.0827 10.6827 4.1
      vertex -22.0984 9.69843 4.1
      vertex -22.9192 10.8384 4.1
    endloop
  endfacet
  facet normal -0 0 1
    outer loop
      vertex -23.2384 10.5192 4.1
      vertex -22.0984 9.69843 4.1
      vertex -23.0827 10.6827 4.1
    endloop
  endfacet
  facet normal 0 0 1
    outer loop
      vertex -22.0984 9.69843 4.1
      vertex -23.2384 10.5192 4.1
      vertex -22.2338 9.55623 4.1
    endloop
  endfacet
  facet normal -0 0 1
    outer loop
      vertex -23.3858 10.3482 4.1
      vertex -22.2338 9.55623 4.1
      vertex -23.2384 10.5192 4.1
    endloop
  endfacet
  facet normal 0 0 1
    outer loop
      vertex -22.2338 9.55623 4.1
      vertex -23.3858 10.3482 4.1
      vertex -22.362 9.40756 4.1
    endloop
  endfacet
  facet normal -0 0 1
    outer loop
      vertex -23.5247 10.1702 4.1
      vertex -22.362 9.40756 4.1
      vertex -23.3858 10.3482 4.1
    endloop
  endfacet
  facet normal 0 0 1
    outer loop
      vertex -22.362 9.40756 4.1
      vertex -23.5247 10.1702 4.1
      vertex -22.4828 9.25279 4.1
    endloop
  endfacet
  facet normal -0 0 1
    outer loop
      vertex -23.6547 9.98561 4.1
      vertex -22.4828 9.25279 4.1
      vertex -23.5247 10.1702 4.1
    endloop
  endfacet
  facet normal 0 0 1
    outer loop
      vertex -22.4828 9.25279 4.1
      vertex -23.6547 9.98561 4.1
      vertex -22.5959 9.09227 4.1
    endloop
  endfacet
  facet normal -0 0 1
    outer loop
      vertex -23.7755 9.79486 4.1
      vertex -22.5959 9.09227 4.1
      vertex -23.6547 9.98561 4.1
    endloop
  endfacet
  facet normal 0 0 1
    outer loop
      vertex -22.5959 9.09227 4.1
      vertex -23.7755 9.79486 4.1
      vertex -22.7009 8.92641 4.1
    endloop
  endfacet
  facet normal -0 0 1
    outer loop
      vertex -23.8868 9.59842 4.1
      vertex -22.7009 8.92641 4.1
      vertex -23.7755 9.79486 4.1
    endloop
  endfacet
  facet normal -0 0 1
    outer loop
      vertex -23.9883 9.39674 4.1
      vertex -22.7009 8.92641 4.1
      vertex -23.8868 9.59842 4.1
    endloop
  endfacet
  facet normal 0 0 1
    outer loop
      vertex -22.7009 8.92641 4.1
      vertex -23.9883 9.39674 4.1
      vertex -22.7977 8.75558 4.1
    endloop
  endfacet
  facet normal -0 0 1
    outer loop
      vertex -24.0798 9.19034 4.1
      vertex -22.7977 8.75558 4.1
      vertex -23.9883 9.39674 4.1
    endloop
  endfacet
  facet normal 0 0 1
    outer loop
      vertex -22.7977 8.75558 4.1
      vertex -24.0798 9.19034 4.1
      vertex -22.8859 8.58022 4.1
    endloop
  endfacet
  facet normal -0 0 1
    outer loop
      vertex -24.1611 8.97969 4.1
      vertex -22.8859 8.58022 4.1
      vertex -24.0798 9.19034 4.1
    endloop
  endfacet
  facet normal 0 0 1
    outer loop
      vertex -22.8859 8.58022 4.1
      vertex -24.1611 8.97969 4.1
      vertex -22.9655 8.40073 4.1
    endloop
  endfacet
  facet normal -0 0 1
    outer loop
      vertex -24.2319 8.7653 4.1
      vertex -22.9655 8.40073 4.1
      vertex -24.1611 8.97969 4.1
    endloop
  endfacet
  facet normal 0 0 1
    outer loop
      vertex -22.9655 8.40073 4.1
      vertex -24.2319 8.7653 4.1
      vertex -23.0362 8.21756 4.1
    endloop
  endfacet
  facet normal -0 0 1
    outer loop
      vertex -24.2921 8.5477 4.1
      vertex -23.0362 8.21756 4.1
      vertex -24.2319 8.7653 4.1
    endloop
  endfacet
  facet normal 0 0 1
    outer loop
      vertex -23.0362 8.21756 4.1
      vertex -24.2921 8.5477 4.1
      vertex -23.0977 8.03113 4.1
    endloop
  endfacet
  facet normal -0 0 1
    outer loop
      vertex -24.3416 8.32741 4.1
      vertex -23.0977 8.03113 4.1
      vertex -24.2921 8.5477 4.1
    endloop
  endfacet
  facet normal 0 0 1
    outer loop
      vertex -23.0977 8.03113 4.1
      vertex -24.3416 8.32741 4.1
      vertex -23.1501 7.84192 4.1
    endloop
  endfacet
  facet normal -0 0 1
    outer loop
      vertex -24.3802 8.10495 4.1
      vertex -23.1501 7.84192 4.1
      vertex -24.3416 8.32741 4.1
    endloop
  endfacet
  facet normal -0 0 1
    outer loop
      vertex -24.4078 7.88087 4.1
      vertex -23.1501 7.84192 4.1
      vertex -24.3802 8.10495 4.1
    endloop
  endfacet
  facet normal 0 0 1
    outer loop
      vertex -23.1501 7.84192 4.1
      vertex -24.4078 7.88087 4.1
      vertex -23.1931 7.65036 4.1
    endloop
  endfacet
  facet normal -0 0 1
    outer loop
      vertex -24.4244 7.6557 4.1
      vertex -23.1931 7.65036 4.1
      vertex -24.4078 7.88087 4.1
    endloop
  endfacet
  facet normal 0 0 1
    outer loop
      vertex -23.1931 7.65036 4.1
      vertex -24.4244 7.6557 4.1
      vertex -23.2267 7.45692 4.1
    endloop
  endfacet
  facet normal 0 0 1
    outer loop
      vertex -24.43 7.42999 4.1
      vertex -23.2267 7.45692 4.1
      vertex -24.4244 7.6557 4.1
    endloop
  endfacet
  facet normal 0 0 1
    outer loop
      vertex -23.2267 7.45692 4.1
      vertex -24.43 7.42999 4.1
      vertex -23.2507 7.26207 4.1
    endloop
  endfacet
  facet normal 0 0 1
    outer loop
      vertex -23.2507 7.26207 4.1
      vertex -24.43 7.42999 4.1
      vertex -23.2652 7.06627 4.1
    endloop
  endfacet
  facet normal 0 0 1
    outer loop
      vertex -23.2652 7.06627 4.1
      vertex -24.43 7.42999 4.1
      vertex -23.27 6.87 4.1
    endloop
  endfacet
  facet normal 0 0 1
    outer loop
      vertex -24.43 6.5 4.1
      vertex -23.27 6.87 4.1
      vertex -24.43 7.42999 4.1
    endloop
  endfacet
  facet normal 0 0 1
    outer loop
      vertex -23.27 6.87 4.1
      vertex -24.43 6.5 4.1
      vertex -23.27 6.5 4.1
    endloop
  endfacet
  facet normal -0 0 1
    outer loop
      vertex 22.9655 -8.40073 4.1
      vertex 24.2319 -8.7653 4.1
      vertex 23.0362 -8.21756 4.1
    endloop
  endfacet
  facet normal 0 0 1
    outer loop
      vertex 24.2319 -8.7653 4.1
      vertex 22.9655 -8.40073 4.1
      vertex 24.1611 -8.97969 4.1
    endloop
  endfacet
  facet normal -0 0 1
    outer loop
      vertex 22.8859 -8.58022 4.1
      vertex 24.1611 -8.97969 4.1
      vertex 22.9655 -8.40073 4.1
    endloop
  endfacet
  facet normal 0 0 1
    outer loop
      vertex 24.1611 -8.97969 4.1
      vertex 22.8859 -8.58022 4.1
      vertex 24.0798 -9.19034 4.1
    endloop
  endfacet
  facet normal -0 0 1
    outer loop
      vertex 22.7977 -8.75558 4.1
      vertex 24.0798 -9.19034 4.1
      vertex 22.8859 -8.58022 4.1
    endloop
  endfacet
  facet normal 0 0 1
    outer loop
      vertex 24.0798 -9.19034 4.1
      vertex 22.7977 -8.75558 4.1
      vertex 23.9883 -9.39674 4.1
    endloop
  endfacet
  facet normal -0 0 1
    outer loop
      vertex 22.7009 -8.92641 4.1
      vertex 23.9883 -9.39674 4.1
      vertex 22.7977 -8.75558 4.1
    endloop
  endfacet
  facet normal 0 0 1
    outer loop
      vertex 23.9883 -9.39674 4.1
      vertex 22.7009 -8.92641 4.1
      vertex 23.8868 -9.59842 4.1
    endloop
  endfacet
  facet normal 0 0 1
    outer loop
      vertex 23.8868 -9.59842 4.1
      vertex 22.7009 -8.92641 4.1
      vertex 23.7755 -9.79486 4.1
    endloop
  endfacet
  facet normal -0 0 1
    outer loop
      vertex 22.5959 -9.09227 4.1
      vertex 23.7755 -9.79486 4.1
      vertex 22.7009 -8.92641 4.1
    endloop
  endfacet
  facet normal 0 0 1
    outer loop
      vertex 23.7755 -9.79486 4.1
      vertex 22.5959 -9.09227 4.1
      vertex 23.6547 -9.98561 4.1
    endloop
  endfacet
  facet normal -0 0 1
    outer loop
      vertex 22.4828 -9.25279 4.1
      vertex 23.6547 -9.98561 4.1
      vertex 22.5959 -9.09227 4.1
    endloop
  endfacet
  facet normal 0 0 1
    outer loop
      vertex 23.6547 -9.98561 4.1
      vertex 22.4828 -9.25279 4.1
      vertex 23.5247 -10.1702 4.1
    endloop
  endfacet
  facet normal -0 0 1
    outer loop
      vertex 22.362 -9.40756 4.1
      vertex 23.5247 -10.1702 4.1
      vertex 22.4828 -9.25279 4.1
    endloop
  endfacet
  facet normal 0 0 1
    outer loop
      vertex 23.5247 -10.1702 4.1
      vertex 22.362 -9.40756 4.1
      vertex 23.3858 -10.3482 4.1
    endloop
  endfacet
  facet normal -0 0 1
    outer loop
      vertex 22.2338 -9.55623 4.1
      vertex 23.3858 -10.3482 4.1
      vertex 22.362 -9.40756 4.1
    endloop
  endfacet
  facet normal 0 0 1
    outer loop
      vertex 23.3858 -10.3482 4.1
      vertex 22.2338 -9.55623 4.1
      vertex 23.2384 -10.5192 4.1
    endloop
  endfacet
  facet normal -0 0 1
    outer loop
      vertex 22.0984 -9.69843 4.1
      vertex 23.2384 -10.5192 4.1
      vertex 22.2338 -9.55623 4.1
    endloop
  endfacet
  facet normal 0 0 1
    outer loop
      vertex 23.2384 -10.5192 4.1
      vertex 22.0984 -9.69843 4.1
      vertex 23.0827 -10.6827 4.1
    endloop
  endfacet
  facet normal 0 0 1
    outer loop
      vertex 23.0827 -10.6827 4.1
      vertex 22.0984 -9.69843 4.1
      vertex 22.9192 -10.8384 4.1
    endloop
  endfacet
  facet normal -0 0 1
    outer loop
      vertex 21.9562 -9.8338 4.1
      vertex 22.9192 -10.8384 4.1
      vertex 22.0984 -9.69843 4.1
    endloop
  endfacet
  facet normal 0 0 1
    outer loop
      vertex 22.9192 -10.8384 4.1
      vertex 21.9562 -9.8338 4.1
      vertex 22.7482 -10.9858 4.1
    endloop
  endfacet
  facet normal -0 0 1
    outer loop
      vertex 21.8076 -9.96204 4.1
      vertex 22.7482 -10.9858 4.1
      vertex 21.9562 -9.8338 4.1
    endloop
  endfacet
  facet normal 0 0 1
    outer loop
      vertex 22.7482 -10.9858 4.1
      vertex 21.8076 -9.96204 4.1
      vertex 22.5702 -11.1247 4.1
    endloop
  endfacet
  facet normal -0 0 1
    outer loop
      vertex 21.6528 -10.0828 4.1
      vertex 22.5702 -11.1247 4.1
      vertex 21.8076 -9.96204 4.1
    endloop
  endfacet
  facet normal 0 0 1
    outer loop
      vertex 22.5702 -11.1247 4.1
      vertex 21.6528 -10.0828 4.1
      vertex 22.3856 -11.2547 4.1
    endloop
  endfacet
  facet normal -0 0 1
    outer loop
      vertex 21.4923 -10.1959 4.1
      vertex 22.3856 -11.2547 4.1
      vertex 21.6528 -10.0828 4.1
    endloop
  endfacet
  facet normal 0 0 1
    outer loop
      vertex 22.3856 -11.2547 4.1
      vertex 21.4923 -10.1959 4.1
      vertex 22.1949 -11.3755 4.1
    endloop
  endfacet
  facet normal -0 0 1
    outer loop
      vertex 21.3264 -10.3009 4.1
      vertex 22.1949 -11.3755 4.1
      vertex 21.4923 -10.1959 4.1
    endloop
  endfacet
  facet normal 0 0 1
    outer loop
      vertex 22.1949 -11.3755 4.1
      vertex 21.3264 -10.3009 4.1
      vertex 21.9984 -11.4868 4.1
    endloop
  endfacet
  facet normal 0 0 1
    outer loop
      vertex 21.9984 -11.4868 4.1
      vertex 21.3264 -10.3009 4.1
      vertex 21.7967 -11.5883 4.1
    endloop
  endfacet
  facet normal -0 0 1
    outer loop
      vertex 21.1556 -10.3977 4.1
      vertex 21.7967 -11.5883 4.1
      vertex 21.3264 -10.3009 4.1
    endloop
  endfacet
  facet normal 0 0 1
    outer loop
      vertex 21.7967 -11.5883 4.1
      vertex 21.1556 -10.3977 4.1
      vertex 21.5903 -11.6798 4.1
    endloop
  endfacet
  facet normal -0 0 1
    outer loop
      vertex 20.9802 -10.4859 4.1
      vertex 21.5903 -11.6798 4.1
      vertex 21.1556 -10.3977 4.1
    endloop
  endfacet
  facet normal 0 0 1
    outer loop
      vertex 21.5903 -11.6798 4.1
      vertex 20.9802 -10.4859 4.1
      vertex 21.3797 -11.7611 4.1
    endloop
  endfacet
  facet normal -0 0 1
    outer loop
      vertex 20.8007 -10.5655 4.1
      vertex 21.3797 -11.7611 4.1
      vertex 20.9802 -10.4859 4.1
    endloop
  endfacet
  facet normal 0 0 1
    outer loop
      vertex 21.3797 -11.7611 4.1
      vertex 20.8007 -10.5655 4.1
      vertex 21.1653 -11.8319 4.1
    endloop
  endfacet
  facet normal -0 0 1
    outer loop
      vertex 20.6176 -10.6362 4.1
      vertex 21.1653 -11.8319 4.1
      vertex 20.8007 -10.5655 4.1
    endloop
  endfacet
  facet normal 0 0 1
    outer loop
      vertex 21.1653 -11.8319 4.1
      vertex 20.6176 -10.6362 4.1
      vertex 20.9477 -11.8921 4.1
    endloop
  endfacet
  facet normal -0 0 1
    outer loop
      vertex 20.4311 -10.6978 4.1
      vertex 20.9477 -11.8921 4.1
      vertex 20.6176 -10.6362 4.1
    endloop
  endfacet
  facet normal 0 0 1
    outer loop
      vertex 20.9477 -11.8921 4.1
      vertex 20.4311 -10.6978 4.1
      vertex 20.7274 -11.9416 4.1
    endloop
  endfacet
  facet normal 0 0 1
    outer loop
      vertex 20.7274 -11.9416 4.1
      vertex 20.4311 -10.6978 4.1
      vertex 20.5049 -11.9802 4.1
    endloop
  endfacet
  facet normal -0 0 1
    outer loop
      vertex 20.2419 -10.7501 4.1
      vertex 20.5049 -11.9802 4.1
      vertex 20.4311 -10.6978 4.1
    endloop
  endfacet
  facet normal 0 0 1
    outer loop
      vertex 20.5049 -11.9802 4.1
      vertex 20.2419 -10.7501 4.1
      vertex 20.2809 -12.0078 4.1
    endloop
  endfacet
  facet normal -0 0 1
    outer loop
      vertex 20.0504 -10.7931 4.1
      vertex 20.2809 -12.0078 4.1
      vertex 20.2419 -10.7501 4.1
    endloop
  endfacet
  facet normal 0 0 1
    outer loop
      vertex 20.2809 -12.0078 4.1
      vertex 20.0504 -10.7931 4.1
      vertex 20.0557 -12.0244 4.1
    endloop
  endfacet
  facet normal -0 0 1
    outer loop
      vertex 19.8569 -10.8267 4.1
      vertex 20.0557 -12.0244 4.1
      vertex 20.0504 -10.7931 4.1
    endloop
  endfacet
  facet normal 0 0 1
    outer loop
      vertex 19.8569 -10.8267 4.1
      vertex 19.83 -12.03 4.1
      vertex 20.0557 -12.0244 4.1
    endloop
  endfacet
  facet normal -0 0 1
    outer loop
      vertex 19.6621 -10.8507 4.1
      vertex 19.83 -12.03 4.1
      vertex 19.8569 -10.8267 4.1
    endloop
  endfacet
  facet normal -0 0 1
    outer loop
      vertex 19.4663 -10.8652 4.1
      vertex 19.83 -12.03 4.1
      vertex 19.6621 -10.8507 4.1
    endloop
  endfacet
  facet normal -0 0 1
    outer loop
      vertex 19.27 -10.87 4.1
      vertex 19.83 -12.03 4.1
      vertex 19.4663 -10.8652 4.1
    endloop
  endfacet
  facet normal -0 0 1
    outer loop
      vertex -19.27 -10.87 4.1
      vertex 19.83 -12.03 4.1
      vertex 19.27 -10.87 4.1
    endloop
  endfacet
  facet normal 0 0 1
    outer loop
      vertex -19.83 -12.03 4.1
      vertex -19.27 -10.87 4.1
      vertex -19.4663 -10.8652 4.1
    endloop
  endfacet
  facet normal 0 0 1
    outer loop
      vertex -19.27 -10.87 4.1
      vertex -19.83 -12.03 4.1
      vertex 19.83 -12.03 4.1
    endloop
  endfacet
  facet normal 0 0 1
    outer loop
      vertex -19.6621 -10.8507 4.1
      vertex -19.83 -12.03 4.1
      vertex -19.4663 -10.8652 4.1
    endloop
  endfacet
  facet normal 0 0 1
    outer loop
      vertex -19.8569 -10.8267 4.1
      vertex -19.83 -12.03 4.1
      vertex -19.6621 -10.8507 4.1
    endloop
  endfacet
  facet normal 0 0 1
    outer loop
      vertex -20.0557 -12.0244 4.1
      vertex -19.8569 -10.8267 4.1
      vertex -20.0504 -10.7931 4.1
    endloop
  endfacet
  facet normal 0 0 1
    outer loop
      vertex -19.8569 -10.8267 4.1
      vertex -20.0557 -12.0244 4.1
      vertex -19.83 -12.03 4.1
    endloop
  endfacet
  facet normal 0 0 1
    outer loop
      vertex -20.2809 -12.0078 4.1
      vertex -20.0504 -10.7931 4.1
      vertex -20.2419 -10.7501 4.1
    endloop
  endfacet
  facet normal 0 0 1
    outer loop
      vertex -20.0504 -10.7931 4.1
      vertex -20.2809 -12.0078 4.1
      vertex -20.0557 -12.0244 4.1
    endloop
  endfacet
  facet normal 0 0 1
    outer loop
      vertex -20.5049 -11.9802 4.1
      vertex -20.2419 -10.7501 4.1
      vertex -20.4311 -10.6978 4.1
    endloop
  endfacet
  facet normal 0 0 1
    outer loop
      vertex -20.2419 -10.7501 4.1
      vertex -20.5049 -11.9802 4.1
      vertex -20.2809 -12.0078 4.1
    endloop
  endfacet
  facet normal 0 0 1
    outer loop
      vertex -20.9477 -11.8921 4.1
      vertex -20.4311 -10.6978 4.1
      vertex -20.6176 -10.6362 4.1
    endloop
  endfacet
  facet normal 0 0 1
    outer loop
      vertex -20.4311 -10.6978 4.1
      vertex -20.7274 -11.9416 4.1
      vertex -20.5049 -11.9802 4.1
    endloop
  endfacet
  facet normal 0 0 1
    outer loop
      vertex -21.1653 -11.8319 4.1
      vertex -20.6176 -10.6362 4.1
      vertex -20.8007 -10.5655 4.1
    endloop
  endfacet
  facet normal 0 0 1
    outer loop
      vertex -20.4311 -10.6978 4.1
      vertex -20.9477 -11.8921 4.1
      vertex -20.7274 -11.9416 4.1
    endloop
  endfacet
  facet normal 0 0 1
    outer loop
      vertex -21.3797 -11.7611 4.1
      vertex -20.8007 -10.5655 4.1
      vertex -20.9802 -10.4859 4.1
    endloop
  endfacet
  facet normal 0 0 1
    outer loop
      vertex -21.5903 -11.6798 4.1
      vertex -20.9802 -10.4859 4.1
      vertex -21.1556 -10.3977 4.1
    endloop
  endfacet
  facet normal 0 0 1
    outer loop
      vertex -20.6176 -10.6362 4.1
      vertex -21.1653 -11.8319 4.1
      vertex -20.9477 -11.8921 4.1
    endloop
  endfacet
  facet normal 0 0 1
    outer loop
      vertex -21.7967 -11.5883 4.1
      vertex -21.1556 -10.3977 4.1
      vertex -21.3264 -10.3009 4.1
    endloop
  endfacet
  facet normal 0 0 1
    outer loop
      vertex -20.8007 -10.5655 4.1
      vertex -21.3797 -11.7611 4.1
      vertex -21.1653 -11.8319 4.1
    endloop
  endfacet
  facet normal 0 0 1
    outer loop
      vertex -22.1949 -11.3755 4.1
      vertex -21.3264 -10.3009 4.1
      vertex -21.4923 -10.1959 4.1
    endloop
  endfacet
  facet normal 0 0 1
    outer loop
      vertex -20.9802 -10.4859 4.1
      vertex -21.5903 -11.6798 4.1
      vertex -21.3797 -11.7611 4.1
    endloop
  endfacet
  facet normal 0 0 1
    outer loop
      vertex -22.3856 -11.2547 4.1
      vertex -21.4923 -10.1959 4.1
      vertex -21.6528 -10.0828 4.1
    endloop
  endfacet
  facet normal 0 0 1
    outer loop
      vertex -21.1556 -10.3977 4.1
      vertex -21.7967 -11.5883 4.1
      vertex -21.5903 -11.6798 4.1
    endloop
  endfacet
  facet normal 0 0 1
    outer loop
      vertex -22.5702 -11.1247 4.1
      vertex -21.6528 -10.0828 4.1
      vertex -21.8076 -9.96204 4.1
    endloop
  endfacet
  facet normal 0 0 1
    outer loop
      vertex -22.7482 -10.9858 4.1
      vertex -21.8076 -9.96204 4.1
      vertex -21.9562 -9.8338 4.1
    endloop
  endfacet
  facet normal 0 0 1
    outer loop
      vertex -21.3264 -10.3009 4.1
      vertex -21.9984 -11.4868 4.1
      vertex -21.7967 -11.5883 4.1
    endloop
  endfacet
  facet normal 0 0 1
    outer loop
      vertex -22.9192 -10.8384 4.1
      vertex -21.9562 -9.8338 4.1
      vertex -22.0984 -9.69843 4.1
    endloop
  endfacet
  facet normal 0 0 1
    outer loop
      vertex -21.3264 -10.3009 4.1
      vertex -22.1949 -11.3755 4.1
      vertex -21.9984 -11.4868 4.1
    endloop
  endfacet
  facet normal 0 0 1
    outer loop
      vertex -23.2384 -10.5192 4.1
      vertex -22.0984 -9.69843 4.1
      vertex -22.2338 -9.55623 4.1
    endloop
  endfacet
  facet normal 0 0 1
    outer loop
      vertex -23.3858 -10.3482 4.1
      vertex -22.2338 -9.55623 4.1
      vertex -22.362 -9.40756 4.1
    endloop
  endfacet
  facet normal 0 0 1
    outer loop
      vertex -21.4923 -10.1959 4.1
      vertex -22.3856 -11.2547 4.1
      vertex -22.1949 -11.3755 4.1
    endloop
  endfacet
  facet normal 0 0 1
    outer loop
      vertex -23.3858 -10.3482 4.1
      vertex -22.362 -9.40756 4.1
      vertex -22.4828 -9.25279 4.1
    endloop
  endfacet
  facet normal 0 0 1
    outer loop
      vertex -21.6528 -10.0828 4.1
      vertex -22.5702 -11.1247 4.1
      vertex -22.3856 -11.2547 4.1
    endloop
  endfacet
  facet normal 0 0 1
    outer loop
      vertex -23.3858 -10.3482 4.1
      vertex -22.4828 -9.25279 4.1
      vertex -22.5959 -9.09227 4.1
    endloop
  endfacet
  facet normal 0 0 1
    outer loop
      vertex -23.3858 -10.3482 4.1
      vertex -22.5959 -9.09227 4.1
      vertex -22.7009 -8.92641 4.1
    endloop
  endfacet
  facet normal 0 0 1
    outer loop
      vertex -21.8076 -9.96204 4.1
      vertex -22.7482 -10.9858 4.1
      vertex -22.5702 -11.1247 4.1
    endloop
  endfacet
  facet normal 0 0 1
    outer loop
      vertex -23.3858 -10.3482 4.1
      vertex -22.7009 -8.92641 4.1
      vertex -22.7977 -8.75558 4.1
    endloop
  endfacet
  facet normal 0 0 1
    outer loop
      vertex -23.3858 -10.3482 4.1
      vertex -22.7977 -8.75558 4.1
      vertex -22.8859 -8.58022 4.1
    endloop
  endfacet
  facet normal 0 0 1
    outer loop
      vertex -21.9562 -9.8338 4.1
      vertex -22.9192 -10.8384 4.1
      vertex -22.7482 -10.9858 4.1
    endloop
  endfacet
  facet normal 0 0 1
    outer loop
      vertex -23.3858 -10.3482 4.1
      vertex -22.8859 -8.58022 4.1
      vertex -22.9655 -8.40073 4.1
    endloop
  endfacet
  facet normal 0 0 1
    outer loop
      vertex -23.3858 -10.3482 4.1
      vertex -22.9655 -8.40073 4.1
      vertex -23.0362 -8.21756 4.1
    endloop
  endfacet
  facet normal 0 0 1
    outer loop
      vertex -22.0984 -9.69843 4.1
      vertex -23.0827 -10.6827 4.1
      vertex -22.9192 -10.8384 4.1
    endloop
  endfacet
  facet normal 0 0 1
    outer loop
      vertex -23.3858 -10.3482 4.1
      vertex -23.0362 -8.21756 4.1
      vertex -23.0977 -8.03113 4.1
    endloop
  endfacet
  facet normal 0 0 1
    outer loop
      vertex -23.3858 -10.3482 4.1
      vertex -23.0977 -8.03113 4.1
      vertex -23.1501 -7.84192 4.1
    endloop
  endfacet
  facet normal 0 0 1
    outer loop
      vertex -23.3858 -10.3482 4.1
      vertex -23.1501 -7.84192 4.1
      vertex -23.1931 -7.65036 4.1
    endloop
  endfacet
  facet normal 0 0 1
    outer loop
      vertex -23.3858 -10.3482 4.1
      vertex -23.1931 -7.65036 4.1
      vertex -23.2267 -7.45692 4.1
    endloop
  endfacet
  facet normal 0 0 1
    outer loop
      vertex -22.0984 -9.69843 4.1
      vertex -23.2384 -10.5192 4.1
      vertex -23.0827 -10.6827 4.1
    endloop
  endfacet
  facet normal 0 0 1
    outer loop
      vertex -23.3858 -10.3482 4.1
      vertex -23.2267 -7.45692 4.1
      vertex -23.2507 -7.26207 4.1
    endloop
  endfacet
  facet normal 0 0 1
    outer loop
      vertex -23.3858 -10.3482 4.1
      vertex -23.2507 -7.26207 4.1
      vertex -23.2652 -7.06627 4.1
    endloop
  endfacet
  facet normal 0 0 1
    outer loop
      vertex -23.3858 -10.3482 4.1
      vertex -23.2652 -7.06627 4.1
      vertex -23.27 -6.87 4.1
    endloop
  endfacet
  facet normal 0 0 1
    outer loop
      vertex -22.2338 -9.55623 4.1
      vertex -23.3858 -10.3482 4.1
      vertex -23.2384 -10.5192 4.1
    endloop
  endfacet
  facet normal 0.0735128 -0.997294 0
    outer loop
      vertex 20.0557 -12.0244 0
      vertex 20.2809 -12.0078 4.1
      vertex 20.0557 -12.0244 4.1
    endloop
  endfacet
  facet normal 0.0735128 -0.997294 0
    outer loop
      vertex 20.2809 -12.0078 4.1
      vertex 20.0557 -12.0244 0
      vertex 20.2809 -12.0078 0
    endloop
  endfacet
  facet normal 0.122289 -0.992494 0
    outer loop
      vertex 20.2809 -12.0078 0
      vertex 20.5049 -11.9802 4.1
      vertex 20.2809 -12.0078 4.1
    endloop
  endfacet
  facet normal 0.122289 -0.992494 0
    outer loop
      vertex 20.5049 -11.9802 4.1
      vertex 20.2809 -12.0078 0
      vertex 20.5049 -11.9802 0
    endloop
  endfacet
  facet normal 0.17093 -0.985283 0
    outer loop
      vertex 20.5049 -11.9802 0
      vertex 20.7274 -11.9416 4.1
      vertex 20.5049 -11.9802 4.1
    endloop
  endfacet
  facet normal 0.17093 -0.985283 0
    outer loop
      vertex 20.7274 -11.9416 4.1
      vertex 20.5049 -11.9802 0
      vertex 20.7274 -11.9416 0
    endloop
  endfacet
  facet normal 0.219228 -0.975674 0
    outer loop
      vertex 20.7274 -11.9416 0
      vertex 20.9477 -11.8921 4.1
      vertex 20.7274 -11.9416 4.1
    endloop
  endfacet
  facet normal 0.219228 -0.975674 0
    outer loop
      vertex 20.9477 -11.8921 4.1
      vertex 20.7274 -11.9416 0
      vertex 20.9477 -11.8921 0
    endloop
  endfacet
  facet normal 0.266639 -0.963797 0
    outer loop
      vertex 20.9477 -11.8921 0
      vertex 21.1653 -11.8319 4.1
      vertex 20.9477 -11.8921 4.1
    endloop
  endfacet
  facet normal 0.266639 -0.963797 0
    outer loop
      vertex 21.1653 -11.8319 4.1
      vertex 20.9477 -11.8921 0
      vertex 21.1653 -11.8319 0
    endloop
  endfacet
  facet normal 0.313569 -0.949565 0
    outer loop
      vertex 21.1653 -11.8319 0
      vertex 21.3797 -11.7611 4.1
      vertex 21.1653 -11.8319 4.1
    endloop
  endfacet
  facet normal 0.313569 -0.949565 0
    outer loop
      vertex 21.3797 -11.7611 4.1
      vertex 21.1653 -11.8319 0
      vertex 21.3797 -11.7611 0
    endloop
  endfacet
  facet normal 0.360136 -0.9329 0
    outer loop
      vertex 21.3797 -11.7611 0
      vertex 21.5903 -11.6798 4.1
      vertex 21.3797 -11.7611 4.1
    endloop
  endfacet
  facet normal 0.360136 -0.9329 0
    outer loop
      vertex 21.5903 -11.6798 4.1
      vertex 21.3797 -11.7611 0
      vertex 21.5903 -11.6798 0
    endloop
  endfacet
  facet normal 0.405275 -0.914195 0
    outer loop
      vertex 21.5903 -11.6798 0
      vertex 21.7967 -11.5883 4.1
      vertex 21.5903 -11.6798 4.1
    endloop
  endfacet
  facet normal 0.405275 -0.914195 0
    outer loop
      vertex 21.7967 -11.5883 4.1
      vertex 21.5903 -11.6798 0
      vertex 21.7967 -11.5883 0
    endloop
  endfacet
  facet normal 0.449515 -0.893273 0
    outer loop
      vertex 21.7967 -11.5883 0
      vertex 21.9984 -11.4868 4.1
      vertex 21.7967 -11.5883 4.1
    endloop
  endfacet
  facet normal 0.449515 -0.893273 0
    outer loop
      vertex 21.9984 -11.4868 4.1
      vertex 21.7967 -11.5883 0
      vertex 21.9984 -11.4868 0
    endloop
  endfacet
  facet normal 0.492845 -0.870117 0
    outer loop
      vertex 21.9984 -11.4868 0
      vertex 22.1949 -11.3755 4.1
      vertex 21.9984 -11.4868 4.1
    endloop
  endfacet
  facet normal 0.492845 -0.870117 0
    outer loop
      vertex 22.1949 -11.3755 4.1
      vertex 21.9984 -11.4868 0
      vertex 22.1949 -11.3755 0
    endloop
  endfacet
  facet normal 0.535126 -0.844772 0
    outer loop
      vertex 22.1949 -11.3755 0
      vertex 22.3856 -11.2547 4.1
      vertex 22.1949 -11.3755 4.1
    endloop
  endfacet
  facet normal 0.535126 -0.844772 0
    outer loop
      vertex 22.3856 -11.2547 4.1
      vertex 22.1949 -11.3755 0
      vertex 22.3856 -11.2547 0
    endloop
  endfacet
  facet normal 0.575779 -0.817606 0
    outer loop
      vertex 22.3856 -11.2547 0
      vertex 22.5702 -11.1247 4.1
      vertex 22.3856 -11.2547 4.1
    endloop
  endfacet
  facet normal 0.575779 -0.817606 0
    outer loop
      vertex 22.5702 -11.1247 4.1
      vertex 22.3856 -11.2547 0
      vertex 22.5702 -11.1247 0
    endloop
  endfacet
  facet normal 0.615197 -0.788373 0
    outer loop
      vertex 22.5702 -11.1247 0
      vertex 22.7482 -10.9858 4.1
      vertex 22.5702 -11.1247 4.1
    endloop
  endfacet
  facet normal 0.615197 -0.788373 0
    outer loop
      vertex 22.7482 -10.9858 4.1
      vertex 22.5702 -11.1247 0
      vertex 22.7482 -10.9858 0
    endloop
  endfacet
  facet normal 0.652905 -0.75744 0
    outer loop
      vertex 22.7482 -10.9858 0
      vertex 22.9192 -10.8384 4.1
      vertex 22.7482 -10.9858 4.1
    endloop
  endfacet
  facet normal 0.652905 -0.75744 0
    outer loop
      vertex 22.9192 -10.8384 4.1
      vertex 22.7482 -10.9858 0
      vertex 22.9192 -10.8384 0
    endloop
  endfacet
  facet normal 0.689622 -0.72417 0
    outer loop
      vertex 22.9192 -10.8384 0
      vertex 23.0827 -10.6827 4.1
      vertex 22.9192 -10.8384 4.1
    endloop
  endfacet
  facet normal 0.689622 -0.72417 0
    outer loop
      vertex 23.0827 -10.6827 4.1
      vertex 22.9192 -10.8384 0
      vertex 23.0827 -10.6827 0
    endloop
  endfacet
  facet normal 0.72417 -0.689622 0
    outer loop
      vertex 23.0827 -10.6827 4.1
      vertex 23.2384 -10.5192 0
      vertex 23.2384 -10.5192 4.1
    endloop
  endfacet
  facet normal 0.72417 -0.689622 0
    outer loop
      vertex 23.2384 -10.5192 0
      vertex 23.0827 -10.6827 4.1
      vertex 23.0827 -10.6827 0
    endloop
  endfacet
  facet normal 0.75744 -0.652905 0
    outer loop
      vertex 23.2384 -10.5192 4.1
      vertex 23.3858 -10.3482 0
      vertex 23.3858 -10.3482 4.1
    endloop
  endfacet
  facet normal 0.75744 -0.652905 0
    outer loop
      vertex 23.3858 -10.3482 0
      vertex 23.2384 -10.5192 4.1
      vertex 23.2384 -10.5192 0
    endloop
  endfacet
  facet normal 0.788373 -0.615197 0
    outer loop
      vertex 23.3858 -10.3482 4.1
      vertex 23.5247 -10.1702 0
      vertex 23.5247 -10.1702 4.1
    endloop
  endfacet
  facet normal 0.788373 -0.615197 0
    outer loop
      vertex 23.5247 -10.1702 0
      vertex 23.3858 -10.3482 4.1
      vertex 23.3858 -10.3482 0
    endloop
  endfacet
  facet normal 0.817591 -0.575799 0
    outer loop
      vertex 23.5247 -10.1702 4.1
      vertex 23.6547 -9.98561 0
      vertex 23.6547 -9.98561 4.1
    endloop
  endfacet
  facet normal 0.817591 -0.575799 0
    outer loop
      vertex 23.6547 -9.98561 0
      vertex 23.5247 -10.1702 4.1
      vertex 23.5247 -10.1702 0
    endloop
  endfacet
  facet normal 0.844836 -0.535026 0
    outer loop
      vertex 23.6547 -9.98561 4.1
      vertex 23.7755 -9.79486 0
      vertex 23.7755 -9.79486 4.1
    endloop
  endfacet
  facet normal 0.844836 -0.535026 0
    outer loop
      vertex 23.7755 -9.79486 0
      vertex 23.6547 -9.98561 4.1
      vertex 23.6547 -9.98561 0
    endloop
  endfacet
  facet normal 0.870053 -0.492959 0
    outer loop
      vertex 23.7755 -9.79486 4.1
      vertex 23.8868 -9.59842 0
      vertex 23.8868 -9.59842 4.1
    endloop
  endfacet
  facet normal 0.870053 -0.492959 0
    outer loop
      vertex 23.8868 -9.59842 0
      vertex 23.7755 -9.79486 4.1
      vertex 23.7755 -9.79486 0
    endloop
  endfacet
  facet normal 0.893255 -0.449551 0
    outer loop
      vertex 23.8868 -9.59842 4.1
      vertex 23.9883 -9.39674 0
      vertex 23.9883 -9.39674 4.1
    endloop
  endfacet
  facet normal 0.893255 -0.449551 0
    outer loop
      vertex 23.9883 -9.39674 0
      vertex 23.8868 -9.59842 4.1
      vertex 23.8868 -9.59842 0
    endloop
  endfacet
  facet normal 0.914195 -0.405275 0
    outer loop
      vertex 23.9883 -9.39674 4.1
      vertex 24.0798 -9.19034 0
      vertex 24.0798 -9.19034 4.1
    endloop
  endfacet
  facet normal 0.914195 -0.405275 0
    outer loop
      vertex 24.0798 -9.19034 0
      vertex 23.9883 -9.39674 4.1
      vertex 23.9883 -9.39674 0
    endloop
  endfacet
  facet normal 0.932928 -0.360062 0
    outer loop
      vertex 24.0798 -9.19034 4.1
      vertex 24.1611 -8.97969 0
      vertex 24.1611 -8.97969 4.1
    endloop
  endfacet
  facet normal 0.932928 -0.360062 0
    outer loop
      vertex 24.1611 -8.97969 0
      vertex 24.0798 -9.19034 4.1
      vertex 24.0798 -9.19034 0
    endloop
  endfacet
  facet normal 0.949561 -0.313582 0
    outer loop
      vertex 24.1611 -8.97969 4.1
      vertex 24.2319 -8.7653 0
      vertex 24.2319 -8.7653 4.1
    endloop
  endfacet
  facet normal 0.949561 -0.313582 0
    outer loop
      vertex 24.2319 -8.7653 0
      vertex 24.1611 -8.97969 4.1
      vertex 24.1611 -8.97969 0
    endloop
  endfacet
  facet normal 0.963797 -0.266639 0
    outer loop
      vertex 24.2319 -8.7653 4.1
      vertex 24.2921 -8.5477 0
      vertex 24.2921 -8.5477 4.1
    endloop
  endfacet
  facet normal 0.963797 -0.266639 0
    outer loop
      vertex 24.2921 -8.5477 0
      vertex 24.2319 -8.7653 4.1
      vertex 24.2319 -8.7653 0
    endloop
  endfacet
  facet normal 0.975672 -0.219237 0
    outer loop
      vertex 24.2921 -8.5477 4.1
      vertex 24.3416 -8.32741 0
      vertex 24.3416 -8.32741 4.1
    endloop
  endfacet
  facet normal 0.975672 -0.219237 0
    outer loop
      vertex 24.3416 -8.32741 0
      vertex 24.2921 -8.5477 4.1
      vertex 24.2921 -8.5477 0
    endloop
  endfacet
  facet normal 0.985278 -0.17096 0
    outer loop
      vertex 24.3416 -8.32741 4.1
      vertex 24.3802 -8.10495 0
      vertex 24.3802 -8.10495 4.1
    endloop
  endfacet
  facet normal 0.985278 -0.17096 0
    outer loop
      vertex 24.3802 -8.10495 0
      vertex 24.3416 -8.32741 4.1
      vertex 24.3416 -8.32741 0
    endloop
  endfacet
  facet normal 0.9925 -0.122246 0
    outer loop
      vertex 24.3802 -8.10495 4.1
      vertex 24.4078 -7.88087 0
      vertex 24.4078 -7.88087 4.1
    endloop
  endfacet
  facet normal 0.9925 -0.122246 0
    outer loop
      vertex 24.4078 -7.88087 0
      vertex 24.3802 -8.10495 4.1
      vertex 24.3802 -8.10495 0
    endloop
  endfacet
  facet normal 0.997294 -0.0735226 0
    outer loop
      vertex 24.4078 -7.88087 4.1
      vertex 24.4244 -7.6557 0
      vertex 24.4244 -7.6557 4.1
    endloop
  endfacet
  facet normal 0.997294 -0.0735226 0
    outer loop
      vertex 24.4244 -7.6557 0
      vertex 24.4078 -7.88087 4.1
      vertex 24.4078 -7.88087 0
    endloop
  endfacet
  facet normal 0.999692 -0.024803 0
    outer loop
      vertex 24.4244 -7.6557 4.1
      vertex 24.43 -7.42999 0
      vertex 24.43 -7.42999 4.1
    endloop
  endfacet
  facet normal 0.999692 -0.024803 0
    outer loop
      vertex 24.43 -7.42999 0
      vertex 24.4244 -7.6557 4.1
      vertex 24.4244 -7.6557 0
    endloop
  endfacet
  facet normal 1 -0 0
    outer loop
      vertex 24.43 -7.42999 4.1
      vertex 24.43 7.42999 0
      vertex 24.43 7.42999 4.1
    endloop
  endfacet
  facet normal 1 0 0
    outer loop
      vertex 24.43 7.42999 0
      vertex 24.43 -7.42999 4.1
      vertex 24.43 -7.42999 0
    endloop
  endfacet
  facet normal 0.999692 0.024803 0
    outer loop
      vertex 24.43 7.42999 4.1
      vertex 24.4244 7.6557 0
      vertex 24.4244 7.6557 4.1
    endloop
  endfacet
  facet normal 0.999692 0.024803 0
    outer loop
      vertex 24.4244 7.6557 0
      vertex 24.43 7.42999 4.1
      vertex 24.43 7.42999 0
    endloop
  endfacet
  facet normal 0.997294 0.0735226 0
    outer loop
      vertex 24.4244 7.6557 4.1
      vertex 24.4078 7.88087 0
      vertex 24.4078 7.88087 4.1
    endloop
  endfacet
  facet normal 0.997294 0.0735226 0
    outer loop
      vertex 24.4078 7.88087 0
      vertex 24.4244 7.6557 4.1
      vertex 24.4244 7.6557 0
    endloop
  endfacet
  facet normal 0.9925 0.122246 0
    outer loop
      vertex 24.4078 7.88087 4.1
      vertex 24.3802 8.10495 0
      vertex 24.3802 8.10495 4.1
    endloop
  endfacet
  facet normal 0.9925 0.122246 0
    outer loop
      vertex 24.3802 8.10495 0
      vertex 24.4078 7.88087 4.1
      vertex 24.4078 7.88087 0
    endloop
  endfacet
  facet normal 0.985278 0.17096 0
    outer loop
      vertex 24.3802 8.10495 4.1
      vertex 24.3416 8.32741 0
      vertex 24.3416 8.32741 4.1
    endloop
  endfacet
  facet normal 0.985278 0.17096 0
    outer loop
      vertex 24.3416 8.32741 0
      vertex 24.3802 8.10495 4.1
      vertex 24.3802 8.10495 0
    endloop
  endfacet
  facet normal 0.975672 0.219237 0
    outer loop
      vertex 24.3416 8.32741 4.1
      vertex 24.2921 8.5477 0
      vertex 24.2921 8.5477 4.1
    endloop
  endfacet
  facet normal 0.975672 0.219237 0
    outer loop
      vertex 24.2921 8.5477 0
      vertex 24.3416 8.32741 4.1
      vertex 24.3416 8.32741 0
    endloop
  endfacet
  facet normal 0.963797 0.266639 0
    outer loop
      vertex 24.2921 8.5477 4.1
      vertex 24.2319 8.7653 0
      vertex 24.2319 8.7653 4.1
    endloop
  endfacet
  facet normal 0.963797 0.266639 0
    outer loop
      vertex 24.2319 8.7653 0
      vertex 24.2921 8.5477 4.1
      vertex 24.2921 8.5477 0
    endloop
  endfacet
  facet normal 0.949561 0.313582 0
    outer loop
      vertex 24.2319 8.7653 4.1
      vertex 24.1611 8.97969 0
      vertex 24.1611 8.97969 4.1
    endloop
  endfacet
  facet normal 0.949561 0.313582 0
    outer loop
      vertex 24.1611 8.97969 0
      vertex 24.2319 8.7653 4.1
      vertex 24.2319 8.7653 0
    endloop
  endfacet
  facet normal 0.932928 0.360062 0
    outer loop
      vertex 24.1611 8.97969 4.1
      vertex 24.0798 9.19034 0
      vertex 24.0798 9.19034 4.1
    endloop
  endfacet
  facet normal 0.932928 0.360062 0
    outer loop
      vertex 24.0798 9.19034 0
      vertex 24.1611 8.97969 4.1
      vertex 24.1611 8.97969 0
    endloop
  endfacet
  facet normal 0.914195 0.405275 0
    outer loop
      vertex 24.0798 9.19034 4.1
      vertex 23.9883 9.39674 0
      vertex 23.9883 9.39674 4.1
    endloop
  endfacet
  facet normal 0.914195 0.405275 0
    outer loop
      vertex 23.9883 9.39674 0
      vertex 24.0798 9.19034 4.1
      vertex 24.0798 9.19034 0
    endloop
  endfacet
  facet normal 0.893255 0.449551 0
    outer loop
      vertex 23.9883 9.39674 4.1
      vertex 23.8868 9.59842 0
      vertex 23.8868 9.59842 4.1
    endloop
  endfacet
  facet normal 0.893255 0.449551 0
    outer loop
      vertex 23.8868 9.59842 0
      vertex 23.9883 9.39674 4.1
      vertex 23.9883 9.39674 0
    endloop
  endfacet
  facet normal 0.870053 0.492959 0
    outer loop
      vertex 23.8868 9.59842 4.1
      vertex 23.7755 9.79486 0
      vertex 23.7755 9.79486 4.1
    endloop
  endfacet
  facet normal 0.870053 0.492959 0
    outer loop
      vertex 23.7755 9.79486 0
      vertex 23.8868 9.59842 4.1
      vertex 23.8868 9.59842 0
    endloop
  endfacet
  facet normal 0.844836 0.535026 0
    outer loop
      vertex 23.7755 9.79486 4.1
      vertex 23.6547 9.98561 0
      vertex 23.6547 9.98561 4.1
    endloop
  endfacet
  facet normal 0.844836 0.535026 0
    outer loop
      vertex 23.6547 9.98561 0
      vertex 23.7755 9.79486 4.1
      vertex 23.7755 9.79486 0
    endloop
  endfacet
  facet normal 0.817591 0.575799 0
    outer loop
      vertex 23.6547 9.98561 4.1
      vertex 23.5247 10.1702 0
      vertex 23.5247 10.1702 4.1
    endloop
  endfacet
  facet normal 0.817591 0.575799 0
    outer loop
      vertex 23.5247 10.1702 0
      vertex 23.6547 9.98561 4.1
      vertex 23.6547 9.98561 0
    endloop
  endfacet
  facet normal 0.788373 0.615197 0
    outer loop
      vertex 23.5247 10.1702 4.1
      vertex 23.3858 10.3482 0
      vertex 23.3858 10.3482 4.1
    endloop
  endfacet
  facet normal 0.788373 0.615197 0
    outer loop
      vertex 23.3858 10.3482 0
      vertex 23.5247 10.1702 4.1
      vertex 23.5247 10.1702 0
    endloop
  endfacet
  facet normal 0.75744 0.652905 0
    outer loop
      vertex 23.3858 10.3482 4.1
      vertex 23.2384 10.5192 0
      vertex 23.2384 10.5192 4.1
    endloop
  endfacet
  facet normal 0.75744 0.652905 0
    outer loop
      vertex 23.2384 10.5192 0
      vertex 23.3858 10.3482 4.1
      vertex 23.3858 10.3482 0
    endloop
  endfacet
  facet normal 0.72417 0.689622 0
    outer loop
      vertex 23.2384 10.5192 4.1
      vertex 23.0827 10.6827 0
      vertex 23.0827 10.6827 4.1
    endloop
  endfacet
  facet normal 0.72417 0.689622 0
    outer loop
      vertex 23.0827 10.6827 0
      vertex 23.2384 10.5192 4.1
      vertex 23.2384 10.5192 0
    endloop
  endfacet
  facet normal 0.689622 0.72417 -0
    outer loop
      vertex 23.0827 10.6827 0
      vertex 22.9192 10.8384 4.1
      vertex 23.0827 10.6827 4.1
    endloop
  endfacet
  facet normal 0.689622 0.72417 0
    outer loop
      vertex 22.9192 10.8384 4.1
      vertex 23.0827 10.6827 0
      vertex 22.9192 10.8384 0
    endloop
  endfacet
  facet normal 0.652905 0.75744 -0
    outer loop
      vertex 22.9192 10.8384 0
      vertex 22.7482 10.9858 4.1
      vertex 22.9192 10.8384 4.1
    endloop
  endfacet
  facet normal 0.652905 0.75744 0
    outer loop
      vertex 22.7482 10.9858 4.1
      vertex 22.9192 10.8384 0
      vertex 22.7482 10.9858 0
    endloop
  endfacet
  facet normal 0.615197 0.788373 -0
    outer loop
      vertex 22.7482 10.9858 0
      vertex 22.5702 11.1247 4.1
      vertex 22.7482 10.9858 4.1
    endloop
  endfacet
  facet normal 0.615197 0.788373 0
    outer loop
      vertex 22.5702 11.1247 4.1
      vertex 22.7482 10.9858 0
      vertex 22.5702 11.1247 0
    endloop
  endfacet
  facet normal 0.575779 0.817606 -0
    outer loop
      vertex 22.5702 11.1247 0
      vertex 22.3856 11.2547 4.1
      vertex 22.5702 11.1247 4.1
    endloop
  endfacet
  facet normal 0.575779 0.817606 0
    outer loop
      vertex 22.3856 11.2547 4.1
      vertex 22.5702 11.1247 0
      vertex 22.3856 11.2547 0
    endloop
  endfacet
  facet normal 0.535126 0.844772 -0
    outer loop
      vertex 22.3856 11.2547 0
      vertex 22.1949 11.3755 4.1
      vertex 22.3856 11.2547 4.1
    endloop
  endfacet
  facet normal 0.535126 0.844772 0
    outer loop
      vertex 22.1949 11.3755 4.1
      vertex 22.3856 11.2547 0
      vertex 22.1949 11.3755 0
    endloop
  endfacet
  facet normal 0.492845 0.870117 -0
    outer loop
      vertex 22.1949 11.3755 0
      vertex 21.9984 11.4868 4.1
      vertex 22.1949 11.3755 4.1
    endloop
  endfacet
  facet normal 0.492845 0.870117 0
    outer loop
      vertex 21.9984 11.4868 4.1
      vertex 22.1949 11.3755 0
      vertex 21.9984 11.4868 0
    endloop
  endfacet
  facet normal 0.449515 0.893273 -0
    outer loop
      vertex 21.9984 11.4868 0
      vertex 21.7967 11.5883 4.1
      vertex 21.9984 11.4868 4.1
    endloop
  endfacet
  facet normal 0.449515 0.893273 0
    outer loop
      vertex 21.7967 11.5883 4.1
      vertex 21.9984 11.4868 0
      vertex 21.7967 11.5883 0
    endloop
  endfacet
  facet normal 0.405275 0.914195 -0
    outer loop
      vertex 21.7967 11.5883 0
      vertex 21.5903 11.6798 4.1
      vertex 21.7967 11.5883 4.1
    endloop
  endfacet
  facet normal 0.405275 0.914195 0
    outer loop
      vertex 21.5903 11.6798 4.1
      vertex 21.7967 11.5883 0
      vertex 21.5903 11.6798 0
    endloop
  endfacet
  facet normal 0.360136 0.9329 -0
    outer loop
      vertex 21.5903 11.6798 0
      vertex 21.3797 11.7611 4.1
      vertex 21.5903 11.6798 4.1
    endloop
  endfacet
  facet normal 0.360136 0.9329 0
    outer loop
      vertex 21.3797 11.7611 4.1
      vertex 21.5903 11.6798 0
      vertex 21.3797 11.7611 0
    endloop
  endfacet
  facet normal 0.313569 0.949565 -0
    outer loop
      vertex 21.3797 11.7611 0
      vertex 21.1653 11.8319 4.1
      vertex 21.3797 11.7611 4.1
    endloop
  endfacet
  facet normal 0.313569 0.949565 0
    outer loop
      vertex 21.1653 11.8319 4.1
      vertex 21.3797 11.7611 0
      vertex 21.1653 11.8319 0
    endloop
  endfacet
  facet normal 0.266639 0.963797 -0
    outer loop
      vertex 21.1653 11.8319 0
      vertex 20.9477 11.8921 4.1
      vertex 21.1653 11.8319 4.1
    endloop
  endfacet
  facet normal 0.266639 0.963797 0
    outer loop
      vertex 20.9477 11.8921 4.1
      vertex 21.1653 11.8319 0
      vertex 20.9477 11.8921 0
    endloop
  endfacet
  facet normal 0.219228 0.975674 -0
    outer loop
      vertex 20.9477 11.8921 0
      vertex 20.7274 11.9416 4.1
      vertex 20.9477 11.8921 4.1
    endloop
  endfacet
  facet normal 0.219228 0.975674 0
    outer loop
      vertex 20.7274 11.9416 4.1
      vertex 20.9477 11.8921 0
      vertex 20.7274 11.9416 0
    endloop
  endfacet
  facet normal 0.17093 0.985283 -0
    outer loop
      vertex 20.7274 11.9416 0
      vertex 20.5049 11.9802 4.1
      vertex 20.7274 11.9416 4.1
    endloop
  endfacet
  facet normal 0.17093 0.985283 0
    outer loop
      vertex 20.5049 11.9802 4.1
      vertex 20.7274 11.9416 0
      vertex 20.5049 11.9802 0
    endloop
  endfacet
  facet normal 0.122289 0.992494 -0
    outer loop
      vertex 20.5049 11.9802 0
      vertex 20.2809 12.0078 4.1
      vertex 20.5049 11.9802 4.1
    endloop
  endfacet
  facet normal 0.122289 0.992494 0
    outer loop
      vertex 20.2809 12.0078 4.1
      vertex 20.5049 11.9802 0
      vertex 20.2809 12.0078 0
    endloop
  endfacet
  facet normal 0.0735128 0.997294 -0
    outer loop
      vertex 20.2809 12.0078 0
      vertex 20.0557 12.0244 4.1
      vertex 20.2809 12.0078 4.1
    endloop
  endfacet
  facet normal 0.0735128 0.997294 0
    outer loop
      vertex 20.0557 12.0244 4.1
      vertex 20.2809 12.0078 0
      vertex 20.0557 12.0244 0
    endloop
  endfacet
  facet normal 0.0248041 0.999692 -0
    outer loop
      vertex 20.0557 12.0244 0
      vertex 19.83 12.03 4.1
      vertex 20.0557 12.0244 4.1
    endloop
  endfacet
  facet normal 0.0248041 0.999692 0
    outer loop
      vertex 19.83 12.03 4.1
      vertex 20.0557 12.0244 0
      vertex 19.83 12.03 0
    endloop
  endfacet
  facet normal 0 1 -0
    outer loop
      vertex 19.83 12.03 0
      vertex -19.83 12.03 4.1
      vertex 19.83 12.03 4.1
    endloop
  endfacet
  facet normal 0 1 0
    outer loop
      vertex -19.83 12.03 4.1
      vertex 19.83 12.03 0
      vertex -19.83 12.03 0
    endloop
  endfacet
  facet normal -0.0248041 0.999692 0
    outer loop
      vertex -19.83 12.03 0
      vertex -20.0557 12.0244 4.1
      vertex -19.83 12.03 4.1
    endloop
  endfacet
  facet normal -0.0248041 0.999692 0
    outer loop
      vertex -20.0557 12.0244 4.1
      vertex -19.83 12.03 0
      vertex -20.0557 12.0244 0
    endloop
  endfacet
  facet normal -0.0735128 0.997294 0
    outer loop
      vertex -20.0557 12.0244 0
      vertex -20.2809 12.0078 4.1
      vertex -20.0557 12.0244 4.1
    endloop
  endfacet
  facet normal -0.0735128 0.997294 0
    outer loop
      vertex -20.2809 12.0078 4.1
      vertex -20.0557 12.0244 0
      vertex -20.2809 12.0078 0
    endloop
  endfacet
  facet normal -0.122289 0.992494 0
    outer loop
      vertex -20.2809 12.0078 0
      vertex -20.5049 11.9802 4.1
      vertex -20.2809 12.0078 4.1
    endloop
  endfacet
  facet normal -0.122289 0.992494 0
    outer loop
      vertex -20.5049 11.9802 4.1
      vertex -20.2809 12.0078 0
      vertex -20.5049 11.9802 0
    endloop
  endfacet
  facet normal -0.17093 0.985283 0
    outer loop
      vertex -20.5049 11.9802 0
      vertex -20.7274 11.9416 4.1
      vertex -20.5049 11.9802 4.1
    endloop
  endfacet
  facet normal -0.17093 0.985283 0
    outer loop
      vertex -20.7274 11.9416 4.1
      vertex -20.5049 11.9802 0
      vertex -20.7274 11.9416 0
    endloop
  endfacet
  facet normal -0.219228 0.975674 0
    outer loop
      vertex -20.7274 11.9416 0
      vertex -20.9477 11.8921 4.1
      vertex -20.7274 11.9416 4.1
    endloop
  endfacet
  facet normal -0.219228 0.975674 0
    outer loop
      vertex -20.9477 11.8921 4.1
      vertex -20.7274 11.9416 0
      vertex -20.9477 11.8921 0
    endloop
  endfacet
  facet normal -0.266639 0.963797 0
    outer loop
      vertex -20.9477 11.8921 0
      vertex -21.1653 11.8319 4.1
      vertex -20.9477 11.8921 4.1
    endloop
  endfacet
  facet normal -0.266639 0.963797 0
    outer loop
      vertex -21.1653 11.8319 4.1
      vertex -20.9477 11.8921 0
      vertex -21.1653 11.8319 0
    endloop
  endfacet
  facet normal -0.313569 0.949565 0
    outer loop
      vertex -21.1653 11.8319 0
      vertex -21.3797 11.7611 4.1
      vertex -21.1653 11.8319 4.1
    endloop
  endfacet
  facet normal -0.313569 0.949565 0
    outer loop
      vertex -21.3797 11.7611 4.1
      vertex -21.1653 11.8319 0
      vertex -21.3797 11.7611 0
    endloop
  endfacet
  facet normal -0.360136 0.9329 0
    outer loop
      vertex -21.3797 11.7611 0
      vertex -21.5903 11.6798 4.1
      vertex -21.3797 11.7611 4.1
    endloop
  endfacet
  facet normal -0.360136 0.9329 0
    outer loop
      vertex -21.5903 11.6798 4.1
      vertex -21.3797 11.7611 0
      vertex -21.5903 11.6798 0
    endloop
  endfacet
  facet normal -0.405275 0.914195 0
    outer loop
      vertex -21.5903 11.6798 0
      vertex -21.7967 11.5883 4.1
      vertex -21.5903 11.6798 4.1
    endloop
  endfacet
  facet normal -0.405275 0.914195 0
    outer loop
      vertex -21.7967 11.5883 4.1
      vertex -21.5903 11.6798 0
      vertex -21.7967 11.5883 0
    endloop
  endfacet
  facet normal -0.449515 0.893273 0
    outer loop
      vertex -21.7967 11.5883 0
      vertex -21.9984 11.4868 4.1
      vertex -21.7967 11.5883 4.1
    endloop
  endfacet
  facet normal -0.449515 0.893273 0
    outer loop
      vertex -21.9984 11.4868 4.1
      vertex -21.7967 11.5883 0
      vertex -21.9984 11.4868 0
    endloop
  endfacet
  facet normal -0.492845 0.870117 0
    outer loop
      vertex -21.9984 11.4868 0
      vertex -22.1949 11.3755 4.1
      vertex -21.9984 11.4868 4.1
    endloop
  endfacet
  facet normal -0.492845 0.870117 0
    outer loop
      vertex -22.1949 11.3755 4.1
      vertex -21.9984 11.4868 0
      vertex -22.1949 11.3755 0
    endloop
  endfacet
  facet normal -0.535126 0.844772 0
    outer loop
      vertex -22.1949 11.3755 0
      vertex -22.3856 11.2547 4.1
      vertex -22.1949 11.3755 4.1
    endloop
  endfacet
  facet normal -0.535126 0.844772 0
    outer loop
      vertex -22.3856 11.2547 4.1
      vertex -22.1949 11.3755 0
      vertex -22.3856 11.2547 0
    endloop
  endfacet
  facet normal -0.575779 0.817606 0
    outer loop
      vertex -22.3856 11.2547 0
      vertex -22.5702 11.1247 4.1
      vertex -22.3856 11.2547 4.1
    endloop
  endfacet
  facet normal -0.575779 0.817606 0
    outer loop
      vertex -22.5702 11.1247 4.1
      vertex -22.3856 11.2547 0
      vertex -22.5702 11.1247 0
    endloop
  endfacet
  facet normal -0.615197 0.788373 0
    outer loop
      vertex -22.5702 11.1247 0
      vertex -22.7482 10.9858 4.1
      vertex -22.5702 11.1247 4.1
    endloop
  endfacet
  facet normal -0.615197 0.788373 0
    outer loop
      vertex -22.7482 10.9858 4.1
      vertex -22.5702 11.1247 0
      vertex -22.7482 10.9858 0
    endloop
  endfacet
  facet normal -0.652905 0.75744 0
    outer loop
      vertex -22.7482 10.9858 0
      vertex -22.9192 10.8384 4.1
      vertex -22.7482 10.9858 4.1
    endloop
  endfacet
  facet normal -0.652905 0.75744 0
    outer loop
      vertex -22.9192 10.8384 4.1
      vertex -22.7482 10.9858 0
      vertex -22.9192 10.8384 0
    endloop
  endfacet
  facet normal -0.689622 0.72417 0
    outer loop
      vertex -22.9192 10.8384 0
      vertex -23.0827 10.6827 4.1
      vertex -22.9192 10.8384 4.1
    endloop
  endfacet
  facet normal -0.689622 0.72417 0
    outer loop
      vertex -23.0827 10.6827 4.1
      vertex -22.9192 10.8384 0
      vertex -23.0827 10.6827 0
    endloop
  endfacet
  facet normal -0.72417 0.689622 0
    outer loop
      vertex -23.2384 10.5192 0
      vertex -23.0827 10.6827 4.1
      vertex -23.0827 10.6827 0
    endloop
  endfacet
  facet normal -0.72417 0.689622 0
    outer loop
      vertex -23.0827 10.6827 4.1
      vertex -23.2384 10.5192 0
      vertex -23.2384 10.5192 4.1
    endloop
  endfacet
  facet normal -0.75744 0.652905 0
    outer loop
      vertex -23.3858 10.3482 0
      vertex -23.2384 10.5192 4.1
      vertex -23.2384 10.5192 0
    endloop
  endfacet
  facet normal -0.75744 0.652905 0
    outer loop
      vertex -23.2384 10.5192 4.1
      vertex -23.3858 10.3482 0
      vertex -23.3858 10.3482 4.1
    endloop
  endfacet
  facet normal -0.788373 0.615197 0
    outer loop
      vertex -23.5247 10.1702 0
      vertex -23.3858 10.3482 4.1
      vertex -23.3858 10.3482 0
    endloop
  endfacet
  facet normal -0.788373 0.615197 0
    outer loop
      vertex -23.3858 10.3482 4.1
      vertex -23.5247 10.1702 0
      vertex -23.5247 10.1702 4.1
    endloop
  endfacet
  facet normal -0.817591 0.575799 0
    outer loop
      vertex -23.6547 9.98561 0
      vertex -23.5247 10.1702 4.1
      vertex -23.5247 10.1702 0
    endloop
  endfacet
  facet normal -0.817591 0.575799 0
    outer loop
      vertex -23.5247 10.1702 4.1
      vertex -23.6547 9.98561 0
      vertex -23.6547 9.98561 4.1
    endloop
  endfacet
  facet normal -0.844836 0.535026 0
    outer loop
      vertex -23.7755 9.79486 0
      vertex -23.6547 9.98561 4.1
      vertex -23.6547 9.98561 0
    endloop
  endfacet
  facet normal -0.844836 0.535026 0
    outer loop
      vertex -23.6547 9.98561 4.1
      vertex -23.7755 9.79486 0
      vertex -23.7755 9.79486 4.1
    endloop
  endfacet
  facet normal -0.870053 0.492959 0
    outer loop
      vertex -23.8868 9.59842 0
      vertex -23.7755 9.79486 4.1
      vertex -23.7755 9.79486 0
    endloop
  endfacet
  facet normal -0.870053 0.492959 0
    outer loop
      vertex -23.7755 9.79486 4.1
      vertex -23.8868 9.59842 0
      vertex -23.8868 9.59842 4.1
    endloop
  endfacet
  facet normal -0.893255 0.449551 0
    outer loop
      vertex -23.9883 9.39674 0
      vertex -23.8868 9.59842 4.1
      vertex -23.8868 9.59842 0
    endloop
  endfacet
  facet normal -0.893255 0.449551 0
    outer loop
      vertex -23.8868 9.59842 4.1
      vertex -23.9883 9.39674 0
      vertex -23.9883 9.39674 4.1
    endloop
  endfacet
  facet normal -0.914195 0.405275 0
    outer loop
      vertex -24.0798 9.19034 0
      vertex -23.9883 9.39674 4.1
      vertex -23.9883 9.39674 0
    endloop
  endfacet
  facet normal -0.914195 0.405275 0
    outer loop
      vertex -23.9883 9.39674 4.1
      vertex -24.0798 9.19034 0
      vertex -24.0798 9.19034 4.1
    endloop
  endfacet
  facet normal -0.932928 0.360062 0
    outer loop
      vertex -24.1611 8.97969 0
      vertex -24.0798 9.19034 4.1
      vertex -24.0798 9.19034 0
    endloop
  endfacet
  facet normal -0.932928 0.360062 0
    outer loop
      vertex -24.0798 9.19034 4.1
      vertex -24.1611 8.97969 0
      vertex -24.1611 8.97969 4.1
    endloop
  endfacet
  facet normal -0.949561 0.313582 0
    outer loop
      vertex -24.2319 8.7653 0
      vertex -24.1611 8.97969 4.1
      vertex -24.1611 8.97969 0
    endloop
  endfacet
  facet normal -0.949561 0.313582 0
    outer loop
      vertex -24.1611 8.97969 4.1
      vertex -24.2319 8.7653 0
      vertex -24.2319 8.7653 4.1
    endloop
  endfacet
  facet normal -0.963797 0.266639 0
    outer loop
      vertex -24.2921 8.5477 0
      vertex -24.2319 8.7653 4.1
      vertex -24.2319 8.7653 0
    endloop
  endfacet
  facet normal -0.963797 0.266639 0
    outer loop
      vertex -24.2319 8.7653 4.1
      vertex -24.2921 8.5477 0
      vertex -24.2921 8.5477 4.1
    endloop
  endfacet
  facet normal -0.975672 0.219237 0
    outer loop
      vertex -24.3416 8.32741 0
      vertex -24.2921 8.5477 4.1
      vertex -24.2921 8.5477 0
    endloop
  endfacet
  facet normal -0.975672 0.219237 0
    outer loop
      vertex -24.2921 8.5477 4.1
      vertex -24.3416 8.32741 0
      vertex -24.3416 8.32741 4.1
    endloop
  endfacet
  facet normal -0.985278 0.17096 0
    outer loop
      vertex -24.3802 8.10495 0
      vertex -24.3416 8.32741 4.1
      vertex -24.3416 8.32741 0
    endloop
  endfacet
  facet normal -0.985278 0.17096 0
    outer loop
      vertex -24.3416 8.32741 4.1
      vertex -24.3802 8.10495 0
      vertex -24.3802 8.10495 4.1
    endloop
  endfacet
  facet normal -0.9925 0.122246 0
    outer loop
      vertex -24.4078 7.88087 0
      vertex -24.3802 8.10495 4.1
      vertex -24.3802 8.10495 0
    endloop
  endfacet
  facet normal -0.9925 0.122246 0
    outer loop
      vertex -24.3802 8.10495 4.1
      vertex -24.4078 7.88087 0
      vertex -24.4078 7.88087 4.1
    endloop
  endfacet
  facet normal -0.997294 0.0735226 0
    outer loop
      vertex -24.4244 7.6557 0
      vertex -24.4078 7.88087 4.1
      vertex -24.4078 7.88087 0
    endloop
  endfacet
  facet normal -0.997294 0.0735226 0
    outer loop
      vertex -24.4078 7.88087 4.1
      vertex -24.4244 7.6557 0
      vertex -24.4244 7.6557 4.1
    endloop
  endfacet
  facet normal -0.999692 0.024803 0
    outer loop
      vertex -24.43 7.42999 0
      vertex -24.4244 7.6557 4.1
      vertex -24.4244 7.6557 0
    endloop
  endfacet
  facet normal -0.999692 0.024803 0
    outer loop
      vertex -24.4244 7.6557 4.1
      vertex -24.43 7.42999 0
      vertex -24.43 7.42999 4.1
    endloop
  endfacet
  facet normal -1 0 0
    outer loop
      vertex -24.43 6.5 0
      vertex -24.43 7.42999 4.1
      vertex -24.43 7.42999 0
    endloop
  endfacet
  facet normal -1 -0 0
    outer loop
      vertex -24.43 7.42999 4.1
      vertex -24.43 6.5 0
      vertex -24.43 6.5 4.1
    endloop
  endfacet
  facet normal -1 0 0
    outer loop
      vertex -24.43 -7.42999 0
      vertex -24.43 -6.5 4.1
      vertex -24.43 -6.5 0
    endloop
  endfacet
  facet normal -1 -0 0
    outer loop
      vertex -24.43 -6.5 4.1
      vertex -24.43 -7.42999 0
      vertex -24.43 -7.42999 4.1
    endloop
  endfacet
  facet normal -0.999692 -0.024803 0
    outer loop
      vertex -24.4244 -7.6557 0
      vertex -24.43 -7.42999 4.1
      vertex -24.43 -7.42999 0
    endloop
  endfacet
  facet normal -0.999692 -0.024803 0
    outer loop
      vertex -24.43 -7.42999 4.1
      vertex -24.4244 -7.6557 0
      vertex -24.4244 -7.6557 4.1
    endloop
  endfacet
  facet normal -0.997294 -0.0735226 0
    outer loop
      vertex -24.4078 -7.88087 0
      vertex -24.4244 -7.6557 4.1
      vertex -24.4244 -7.6557 0
    endloop
  endfacet
  facet normal -0.997294 -0.0735226 0
    outer loop
      vertex -24.4244 -7.6557 4.1
      vertex -24.4078 -7.88087 0
      vertex -24.4078 -7.88087 4.1
    endloop
  endfacet
  facet normal -0.9925 -0.122246 0
    outer loop
      vertex -24.3802 -8.10495 0
      vertex -24.4078 -7.88087 4.1
      vertex -24.4078 -7.88087 0
    endloop
  endfacet
  facet normal -0.9925 -0.122246 0
    outer loop
      vertex -24.4078 -7.88087 4.1
      vertex -24.3802 -8.10495 0
      vertex -24.3802 -8.10495 4.1
    endloop
  endfacet
  facet normal -0.985278 -0.17096 0
    outer loop
      vertex -24.3416 -8.32741 0
      vertex -24.3802 -8.10495 4.1
      vertex -24.3802 -8.10495 0
    endloop
  endfacet
  facet normal -0.985278 -0.17096 0
    outer loop
      vertex -24.3802 -8.10495 4.1
      vertex -24.3416 -8.32741 0
      vertex -24.3416 -8.32741 4.1
    endloop
  endfacet
  facet normal -0.975672 -0.219237 0
    outer loop
      vertex -24.2921 -8.5477 0
      vertex -24.3416 -8.32741 4.1
      vertex -24.3416 -8.32741 0
    endloop
  endfacet
  facet normal -0.975672 -0.219237 0
    outer loop
      vertex -24.3416 -8.32741 4.1
      vertex -24.2921 -8.5477 0
      vertex -24.2921 -8.5477 4.1
    endloop
  endfacet
  facet normal -0.963797 -0.266639 0
    outer loop
      vertex -24.2319 -8.7653 0
      vertex -24.2921 -8.5477 4.1
      vertex -24.2921 -8.5477 0
    endloop
  endfacet
  facet normal -0.963797 -0.266639 0
    outer loop
      vertex -24.2921 -8.5477 4.1
      vertex -24.2319 -8.7653 0
      vertex -24.2319 -8.7653 4.1
    endloop
  endfacet
  facet normal -0.949561 -0.313582 0
    outer loop
      vertex -24.1611 -8.97969 0
      vertex -24.2319 -8.7653 4.1
      vertex -24.2319 -8.7653 0
    endloop
  endfacet
  facet normal -0.949561 -0.313582 0
    outer loop
      vertex -24.2319 -8.7653 4.1
      vertex -24.1611 -8.97969 0
      vertex -24.1611 -8.97969 4.1
    endloop
  endfacet
  facet normal -0.932928 -0.360062 0
    outer loop
      vertex -24.0798 -9.19034 0
      vertex -24.1611 -8.97969 4.1
      vertex -24.1611 -8.97969 0
    endloop
  endfacet
  facet normal -0.932928 -0.360062 0
    outer loop
      vertex -24.1611 -8.97969 4.1
      vertex -24.0798 -9.19034 0
      vertex -24.0798 -9.19034 4.1
    endloop
  endfacet
  facet normal -0.914195 -0.405275 0
    outer loop
      vertex -23.9883 -9.39674 0
      vertex -24.0798 -9.19034 4.1
      vertex -24.0798 -9.19034 0
    endloop
  endfacet
  facet normal -0.914195 -0.405275 0
    outer loop
      vertex -24.0798 -9.19034 4.1
      vertex -23.9883 -9.39674 0
      vertex -23.9883 -9.39674 4.1
    endloop
  endfacet
  facet normal -0.893255 -0.449551 0
    outer loop
      vertex -23.8868 -9.59842 0
      vertex -23.9883 -9.39674 4.1
      vertex -23.9883 -9.39674 0
    endloop
  endfacet
  facet normal -0.893255 -0.449551 0
    outer loop
      vertex -23.9883 -9.39674 4.1
      vertex -23.8868 -9.59842 0
      vertex -23.8868 -9.59842 4.1
    endloop
  endfacet
  facet normal -0.870053 -0.492959 0
    outer loop
      vertex -23.7755 -9.79486 0
      vertex -23.8868 -9.59842 4.1
      vertex -23.8868 -9.59842 0
    endloop
  endfacet
  facet normal -0.870053 -0.492959 0
    outer loop
      vertex -23.8868 -9.59842 4.1
      vertex -23.7755 -9.79486 0
      vertex -23.7755 -9.79486 4.1
    endloop
  endfacet
  facet normal -0.844836 -0.535026 0
    outer loop
      vertex -23.6547 -9.98561 0
      vertex -23.7755 -9.79486 4.1
      vertex -23.7755 -9.79486 0
    endloop
  endfacet
  facet normal -0.844836 -0.535026 0
    outer loop
      vertex -23.7755 -9.79486 4.1
      vertex -23.6547 -9.98561 0
      vertex -23.6547 -9.98561 4.1
    endloop
  endfacet
  facet normal -0.817591 -0.575799 0
    outer loop
      vertex -23.5247 -10.1702 0
      vertex -23.6547 -9.98561 4.1
      vertex -23.6547 -9.98561 0
    endloop
  endfacet
  facet normal -0.817591 -0.575799 0
    outer loop
      vertex -23.6547 -9.98561 4.1
      vertex -23.5247 -10.1702 0
      vertex -23.5247 -10.1702 4.1
    endloop
  endfacet
  facet normal -0.788373 -0.615197 0
    outer loop
      vertex -23.3858 -10.3482 0
      vertex -23.5247 -10.1702 4.1
      vertex -23.5247 -10.1702 0
    endloop
  endfacet
  facet normal -0.788373 -0.615197 0
    outer loop
      vertex -23.5247 -10.1702 4.1
      vertex -23.3858 -10.3482 0
      vertex -23.3858 -10.3482 4.1
    endloop
  endfacet
  facet normal -0.75744 -0.652905 0
    outer loop
      vertex -23.2384 -10.5192 0
      vertex -23.3858 -10.3482 4.1
      vertex -23.3858 -10.3482 0
    endloop
  endfacet
  facet normal -0.75744 -0.652905 0
    outer loop
      vertex -23.3858 -10.3482 4.1
      vertex -23.2384 -10.5192 0
      vertex -23.2384 -10.5192 4.1
    endloop
  endfacet
  facet normal -0.72417 -0.689622 0
    outer loop
      vertex -23.0827 -10.6827 0
      vertex -23.2384 -10.5192 4.1
      vertex -23.2384 -10.5192 0
    endloop
  endfacet
  facet normal -0.72417 -0.689622 0
    outer loop
      vertex -23.2384 -10.5192 4.1
      vertex -23.0827 -10.6827 0
      vertex -23.0827 -10.6827 4.1
    endloop
  endfacet
  facet normal -0.689622 -0.72417 0
    outer loop
      vertex -23.0827 -10.6827 0
      vertex -22.9192 -10.8384 4.1
      vertex -23.0827 -10.6827 4.1
    endloop
  endfacet
  facet normal -0.689622 -0.72417 -0
    outer loop
      vertex -22.9192 -10.8384 4.1
      vertex -23.0827 -10.6827 0
      vertex -22.9192 -10.8384 0
    endloop
  endfacet
  facet normal -0.652905 -0.75744 0
    outer loop
      vertex -22.9192 -10.8384 0
      vertex -22.7482 -10.9858 4.1
      vertex -22.9192 -10.8384 4.1
    endloop
  endfacet
  facet normal -0.652905 -0.75744 -0
    outer loop
      vertex -22.7482 -10.9858 4.1
      vertex -22.9192 -10.8384 0
      vertex -22.7482 -10.9858 0
    endloop
  endfacet
  facet normal -0.615197 -0.788373 0
    outer loop
      vertex -22.7482 -10.9858 0
      vertex -22.5702 -11.1247 4.1
      vertex -22.7482 -10.9858 4.1
    endloop
  endfacet
  facet normal -0.615197 -0.788373 -0
    outer loop
      vertex -22.5702 -11.1247 4.1
      vertex -22.7482 -10.9858 0
      vertex -22.5702 -11.1247 0
    endloop
  endfacet
  facet normal -0.575779 -0.817606 0
    outer loop
      vertex -22.5702 -11.1247 0
      vertex -22.3856 -11.2547 4.1
      vertex -22.5702 -11.1247 4.1
    endloop
  endfacet
  facet normal -0.575779 -0.817606 -0
    outer loop
      vertex -22.3856 -11.2547 4.1
      vertex -22.5702 -11.1247 0
      vertex -22.3856 -11.2547 0
    endloop
  endfacet
  facet normal -0.535126 -0.844772 0
    outer loop
      vertex -22.3856 -11.2547 0
      vertex -22.1949 -11.3755 4.1
      vertex -22.3856 -11.2547 4.1
    endloop
  endfacet
  facet normal -0.535126 -0.844772 -0
    outer loop
      vertex -22.1949 -11.3755 4.1
      vertex -22.3856 -11.2547 0
      vertex -22.1949 -11.3755 0
    endloop
  endfacet
  facet normal -0.492845 -0.870117 0
    outer loop
      vertex -22.1949 -11.3755 0
      vertex -21.9984 -11.4868 4.1
      vertex -22.1949 -11.3755 4.1
    endloop
  endfacet
  facet normal -0.492845 -0.870117 -0
    outer loop
      vertex -21.9984 -11.4868 4.1
      vertex -22.1949 -11.3755 0
      vertex -21.9984 -11.4868 0
    endloop
  endfacet
  facet normal -0.449515 -0.893273 0
    outer loop
      vertex -21.9984 -11.4868 0
      vertex -21.7967 -11.5883 4.1
      vertex -21.9984 -11.4868 4.1
    endloop
  endfacet
  facet normal -0.449515 -0.893273 -0
    outer loop
      vertex -21.7967 -11.5883 4.1
      vertex -21.9984 -11.4868 0
      vertex -21.7967 -11.5883 0
    endloop
  endfacet
  facet normal -0.405275 -0.914195 0
    outer loop
      vertex -21.7967 -11.5883 0
      vertex -21.5903 -11.6798 4.1
      vertex -21.7967 -11.5883 4.1
    endloop
  endfacet
  facet normal -0.405275 -0.914195 -0
    outer loop
      vertex -21.5903 -11.6798 4.1
      vertex -21.7967 -11.5883 0
      vertex -21.5903 -11.6798 0
    endloop
  endfacet
  facet normal -0.360136 -0.9329 0
    outer loop
      vertex -21.5903 -11.6798 0
      vertex -21.3797 -11.7611 4.1
      vertex -21.5903 -11.6798 4.1
    endloop
  endfacet
  facet normal -0.360136 -0.9329 -0
    outer loop
      vertex -21.3797 -11.7611 4.1
      vertex -21.5903 -11.6798 0
      vertex -21.3797 -11.7611 0
    endloop
  endfacet
  facet normal -0.313569 -0.949565 0
    outer loop
      vertex -21.3797 -11.7611 0
      vertex -21.1653 -11.8319 4.1
      vertex -21.3797 -11.7611 4.1
    endloop
  endfacet
  facet normal -0.313569 -0.949565 -0
    outer loop
      vertex -21.1653 -11.8319 4.1
      vertex -21.3797 -11.7611 0
      vertex -21.1653 -11.8319 0
    endloop
  endfacet
  facet normal -0.266639 -0.963797 0
    outer loop
      vertex -21.1653 -11.8319 0
      vertex -20.9477 -11.8921 4.1
      vertex -21.1653 -11.8319 4.1
    endloop
  endfacet
  facet normal -0.266639 -0.963797 -0
    outer loop
      vertex -20.9477 -11.8921 4.1
      vertex -21.1653 -11.8319 0
      vertex -20.9477 -11.8921 0
    endloop
  endfacet
  facet normal -0.219228 -0.975674 0
    outer loop
      vertex -20.9477 -11.8921 0
      vertex -20.7274 -11.9416 4.1
      vertex -20.9477 -11.8921 4.1
    endloop
  endfacet
  facet normal -0.219228 -0.975674 -0
    outer loop
      vertex -20.7274 -11.9416 4.1
      vertex -20.9477 -11.8921 0
      vertex -20.7274 -11.9416 0
    endloop
  endfacet
  facet normal -0.17093 -0.985283 0
    outer loop
      vertex -20.7274 -11.9416 0
      vertex -20.5049 -11.9802 4.1
      vertex -20.7274 -11.9416 4.1
    endloop
  endfacet
  facet normal -0.17093 -0.985283 -0
    outer loop
      vertex -20.5049 -11.9802 4.1
      vertex -20.7274 -11.9416 0
      vertex -20.5049 -11.9802 0
    endloop
  endfacet
  facet normal -0.122289 -0.992494 0
    outer loop
      vertex -20.5049 -11.9802 0
      vertex -20.2809 -12.0078 4.1
      vertex -20.5049 -11.9802 4.1
    endloop
  endfacet
  facet normal -0.122289 -0.992494 -0
    outer loop
      vertex -20.2809 -12.0078 4.1
      vertex -20.5049 -11.9802 0
      vertex -20.2809 -12.0078 0
    endloop
  endfacet
  facet normal -0.0735128 -0.997294 0
    outer loop
      vertex -20.2809 -12.0078 0
      vertex -20.0557 -12.0244 4.1
      vertex -20.2809 -12.0078 4.1
    endloop
  endfacet
  facet normal -0.0735128 -0.997294 -0
    outer loop
      vertex -20.0557 -12.0244 4.1
      vertex -20.2809 -12.0078 0
      vertex -20.0557 -12.0244 0
    endloop
  endfacet
  facet normal -0.0248041 -0.999692 0
    outer loop
      vertex -20.0557 -12.0244 0
      vertex -19.83 -12.03 4.1
      vertex -20.0557 -12.0244 4.1
    endloop
  endfacet
  facet normal -0.0248041 -0.999692 -0
    outer loop
      vertex -19.83 -12.03 4.1
      vertex -20.0557 -12.0244 0
      vertex -19.83 -12.03 0
    endloop
  endfacet
  facet normal 0 -1 0
    outer loop
      vertex -19.83 -12.03 0
      vertex 19.83 -12.03 4.1
      vertex -19.83 -12.03 4.1
    endloop
  endfacet
  facet normal 0 -1 -0
    outer loop
      vertex 19.83 -12.03 4.1
      vertex -19.83 -12.03 0
      vertex 19.83 -12.03 0
    endloop
  endfacet
  facet normal 0.0248041 -0.999692 0
    outer loop
      vertex 19.83 -12.03 0
      vertex 20.0557 -12.0244 4.1
      vertex 19.83 -12.03 4.1
    endloop
  endfacet
  facet normal 0.0248041 -0.999692 0
    outer loop
      vertex 20.0557 -12.0244 4.1
      vertex 19.83 -12.03 0
      vertex 20.0557 -12.0244 0
    endloop
  endfacet
  facet normal 0.0244451 0.999701 -0
    outer loop
      vertex -19.27 -10.87 0
      vertex -19.4663 -10.8652 4.1
      vertex -19.27 -10.87 4.1
    endloop
  endfacet
  facet normal 0.0244451 0.999701 0
    outer loop
      vertex -19.4663 -10.8652 4.1
      vertex -19.27 -10.87 0
      vertex -19.4663 -10.8652 0
    endloop
  endfacet
  facet normal 0.0738529 0.997269 -0
    outer loop
      vertex -19.4663 -10.8652 0
      vertex -19.6621 -10.8507 4.1
      vertex -19.4663 -10.8652 4.1
    endloop
  endfacet
  facet normal 0.0738529 0.997269 0
    outer loop
      vertex -19.6621 -10.8507 4.1
      vertex -19.4663 -10.8652 0
      vertex -19.6621 -10.8507 0
    endloop
  endfacet
  facet normal 0.122279 0.992496 -0
    outer loop
      vertex -19.6621 -10.8507 0
      vertex -19.8569 -10.8267 4.1
      vertex -19.6621 -10.8507 4.1
    endloop
  endfacet
  facet normal 0.122279 0.992496 0
    outer loop
      vertex -19.8569 -10.8267 4.1
      vertex -19.6621 -10.8507 0
      vertex -19.8569 -10.8267 0
    endloop
  endfacet
  facet normal 0.171083 0.985257 -0
    outer loop
      vertex -19.8569 -10.8267 0
      vertex -20.0504 -10.7931 4.1
      vertex -19.8569 -10.8267 4.1
    endloop
  endfacet
  facet normal 0.171083 0.985257 0
    outer loop
      vertex -20.0504 -10.7931 4.1
      vertex -19.8569 -10.8267 0
      vertex -20.0504 -10.7931 0
    endloop
  endfacet
  facet normal 0.219088 0.975705 -0
    outer loop
      vertex -20.0504 -10.7931 0
      vertex -20.2419 -10.7501 4.1
      vertex -20.0504 -10.7931 4.1
    endloop
  endfacet
  facet normal 0.219088 0.975705 0
    outer loop
      vertex -20.2419 -10.7501 4.1
      vertex -20.0504 -10.7931 0
      vertex -20.2419 -10.7501 0
    endloop
  endfacet
  facet normal 0.266435 0.963853 -0
    outer loop
      vertex -20.2419 -10.7501 0
      vertex -20.4311 -10.6978 4.1
      vertex -20.2419 -10.7501 4.1
    endloop
  endfacet
  facet normal 0.266435 0.963853 0
    outer loop
      vertex -20.4311 -10.6978 4.1
      vertex -20.2419 -10.7501 0
      vertex -20.4311 -10.6978 0
    endloop
  endfacet
  facet normal 0.31363 0.949545 -0
    outer loop
      vertex -20.4311 -10.6978 0
      vertex -20.6176 -10.6362 4.1
      vertex -20.4311 -10.6978 4.1
    endloop
  endfacet
  facet normal 0.31363 0.949545 0
    outer loop
      vertex -20.6176 -10.6362 4.1
      vertex -20.4311 -10.6978 0
      vertex -20.6176 -10.6362 0
    endloop
  endfacet
  facet normal 0.360208 0.932872 -0
    outer loop
      vertex -20.6176 -10.6362 0
      vertex -20.8007 -10.5655 4.1
      vertex -20.6176 -10.6362 4.1
    endloop
  endfacet
  facet normal 0.360208 0.932872 0
    outer loop
      vertex -20.8007 -10.5655 4.1
      vertex -20.6176 -10.6362 0
      vertex -20.8007 -10.5655 0
    endloop
  endfacet
  facet normal 0.405382 0.914147 -0
    outer loop
      vertex -20.8007 -10.5655 0
      vertex -20.9802 -10.4859 4.1
      vertex -20.8007 -10.5655 4.1
    endloop
  endfacet
  facet normal 0.405382 0.914147 0
    outer loop
      vertex -20.9802 -10.4859 4.1
      vertex -20.8007 -10.5655 0
      vertex -20.9802 -10.4859 0
    endloop
  endfacet
  facet normal 0.44925 0.893406 -0
    outer loop
      vertex -20.9802 -10.4859 0
      vertex -21.1556 -10.3977 4.1
      vertex -20.9802 -10.4859 4.1
    endloop
  endfacet
  facet normal 0.44925 0.893406 0
    outer loop
      vertex -21.1556 -10.3977 4.1
      vertex -20.9802 -10.4859 0
      vertex -21.1556 -10.3977 0
    endloop
  endfacet
  facet normal 0.493064 0.869993 -0
    outer loop
      vertex -21.1556 -10.3977 0
      vertex -21.3264 -10.3009 4.1
      vertex -21.1556 -10.3977 4.1
    endloop
  endfacet
  facet normal 0.493064 0.869993 0
    outer loop
      vertex -21.3264 -10.3009 4.1
      vertex -21.1556 -10.3977 0
      vertex -21.3264 -10.3009 0
    endloop
  endfacet
  facet normal 0.534798 0.84498 -0
    outer loop
      vertex -21.3264 -10.3009 0
      vertex -21.4923 -10.1959 4.1
      vertex -21.3264 -10.3009 4.1
    endloop
  endfacet
  facet normal 0.534798 0.84498 0
    outer loop
      vertex -21.4923 -10.1959 4.1
      vertex -21.3264 -10.3009 0
      vertex -21.4923 -10.1959 0
    endloop
  endfacet
  facet normal 0.576023 0.817433 -0
    outer loop
      vertex -21.4923 -10.1959 0
      vertex -21.6528 -10.0828 4.1
      vertex -21.4923 -10.1959 4.1
    endloop
  endfacet
  facet normal 0.576023 0.817433 0
    outer loop
      vertex -21.6528 -10.0828 4.1
      vertex -21.4923 -10.1959 0
      vertex -21.6528 -10.0828 0
    endloop
  endfacet
  facet normal 0.615082 0.788463 -0
    outer loop
      vertex -21.6528 -10.0828 0
      vertex -21.8076 -9.96204 4.1
      vertex -21.6528 -10.0828 4.1
    endloop
  endfacet
  facet normal 0.615082 0.788463 0
    outer loop
      vertex -21.8076 -9.96204 4.1
      vertex -21.6528 -10.0828 0
      vertex -21.8076 -9.96204 0
    endloop
  endfacet
  facet normal 0.653339 0.757066 -0
    outer loop
      vertex -21.8076 -9.96204 0
      vertex -21.9562 -9.8338 4.1
      vertex -21.8076 -9.96204 4.1
    endloop
  endfacet
  facet normal 0.653339 0.757066 0
    outer loop
      vertex -21.9562 -9.8338 4.1
      vertex -21.8076 -9.96204 0
      vertex -21.9562 -9.8338 0
    endloop
  endfacet
  facet normal 0.689499 0.724287 -0
    outer loop
      vertex -21.9562 -9.8338 0
      vertex -22.0984 -9.69843 4.1
      vertex -21.9562 -9.8338 4.1
    endloop
  endfacet
  facet normal 0.689499 0.724287 0
    outer loop
      vertex -22.0984 -9.69843 4.1
      vertex -21.9562 -9.8338 0
      vertex -22.0984 -9.69843 0
    endloop
  endfacet
  facet normal 0.724211 0.689579 0
    outer loop
      vertex -22.0984 -9.69843 4.1
      vertex -22.2338 -9.55623 0
      vertex -22.2338 -9.55623 4.1
    endloop
  endfacet
  facet normal 0.724211 0.689579 0
    outer loop
      vertex -22.2338 -9.55623 0
      vertex -22.0984 -9.69843 4.1
      vertex -22.0984 -9.69843 0
    endloop
  endfacet
  facet normal 0.757319 0.653045 0
    outer loop
      vertex -22.2338 -9.55623 4.1
      vertex -22.362 -9.40756 0
      vertex -22.362 -9.40756 4.1
    endloop
  endfacet
  facet normal 0.757319 0.653045 0
    outer loop
      vertex -22.362 -9.40756 0
      vertex -22.2338 -9.55623 4.1
      vertex -22.2338 -9.55623 0
    endloop
  endfacet
  facet normal 0.788306 0.615283 0
    outer loop
      vertex -22.362 -9.40756 4.1
      vertex -22.4828 -9.25279 0
      vertex -22.4828 -9.25279 4.1
    endloop
  endfacet
  facet normal 0.788306 0.615283 0
    outer loop
      vertex -22.4828 -9.25279 0
      vertex -22.362 -9.40756 4.1
      vertex -22.362 -9.40756 0
    endloop
  endfacet
  facet normal 0.817467 0.575975 0
    outer loop
      vertex -22.4828 -9.25279 4.1
      vertex -22.5959 -9.09227 0
      vertex -22.5959 -9.09227 4.1
    endloop
  endfacet
  facet normal 0.817467 0.575975 0
    outer loop
      vertex -22.5959 -9.09227 0
      vertex -22.4828 -9.25279 4.1
      vertex -22.4828 -9.25279 0
    endloop
  endfacet
  facet normal 0.844922 0.53489 0
    outer loop
      vertex -22.5959 -9.09227 4.1
      vertex -22.7009 -8.92641 0
      vertex -22.7009 -8.92641 4.1
    endloop
  endfacet
  facet normal 0.844922 0.53489 0
    outer loop
      vertex -22.7009 -8.92641 0
      vertex -22.5959 -9.09227 4.1
      vertex -22.5959 -9.09227 0
    endloop
  endfacet
  facet normal 0.87003 0.492998 0
    outer loop
      vertex -22.7009 -8.92641 4.1
      vertex -22.7977 -8.75558 0
      vertex -22.7977 -8.75558 4.1
    endloop
  endfacet
  facet normal 0.87003 0.492998 0
    outer loop
      vertex -22.7977 -8.75558 0
      vertex -22.7009 -8.92641 4.1
      vertex -22.7009 -8.92641 0
    endloop
  endfacet
  facet normal 0.893365 0.449332 0
    outer loop
      vertex -22.7977 -8.75558 4.1
      vertex -22.8859 -8.58022 0
      vertex -22.8859 -8.58022 4.1
    endloop
  endfacet
  facet normal 0.893365 0.449332 0
    outer loop
      vertex -22.8859 -8.58022 0
      vertex -22.7977 -8.75558 4.1
      vertex -22.7977 -8.75558 0
    endloop
  endfacet
  facet normal 0.914139 0.405401 0
    outer loop
      vertex -22.8859 -8.58022 4.1
      vertex -22.9655 -8.40073 0
      vertex -22.9655 -8.40073 4.1
    endloop
  endfacet
  facet normal 0.914139 0.405401 0
    outer loop
      vertex -22.9655 -8.40073 0
      vertex -22.8859 -8.58022 4.1
      vertex -22.8859 -8.58022 0
    endloop
  endfacet
  facet normal 0.932918 0.360088 0
    outer loop
      vertex -22.9655 -8.40073 4.1
      vertex -23.0362 -8.21756 0
      vertex -23.0362 -8.21756 4.1
    endloop
  endfacet
  facet normal 0.932918 0.360088 0
    outer loop
      vertex -23.0362 -8.21756 0
      vertex -22.9655 -8.40073 4.1
      vertex -22.9655 -8.40073 0
    endloop
  endfacet
  facet normal 0.949662 0.313277 0
    outer loop
      vertex -23.0362 -8.21756 4.1
      vertex -23.0977 -8.03113 0
      vertex -23.0977 -8.03113 4.1
    endloop
  endfacet
  facet normal 0.949662 0.313277 0
    outer loop
      vertex -23.0977 -8.03113 0
      vertex -23.0362 -8.21756 4.1
      vertex -23.0362 -8.21756 0
    endloop
  endfacet
  facet normal 0.963726 0.266895 0
    outer loop
      vertex -23.0977 -8.03113 4.1
      vertex -23.1501 -7.84192 0
      vertex -23.1501 -7.84192 4.1
    endloop
  endfacet
  facet normal 0.963726 0.266895 0
    outer loop
      vertex -23.1501 -7.84192 0
      vertex -23.0977 -8.03113 4.1
      vertex -23.0977 -8.03113 0
    endloop
  endfacet
  facet normal 0.97572 0.219023 0
    outer loop
      vertex -23.1501 -7.84192 4.1
      vertex -23.1931 -7.65036 0
      vertex -23.1931 -7.65036 4.1
    endloop
  endfacet
  facet normal 0.97572 0.219023 0
    outer loop
      vertex -23.1931 -7.65036 0
      vertex -23.1501 -7.84192 4.1
      vertex -23.1501 -7.84192 0
    endloop
  endfacet
  facet normal 0.985248 0.171135 0
    outer loop
      vertex -23.1931 -7.65036 4.1
      vertex -23.2267 -7.45692 0
      vertex -23.2267 -7.45692 4.1
    endloop
  endfacet
  facet normal 0.985248 0.171135 0
    outer loop
      vertex -23.2267 -7.45692 0
      vertex -23.1931 -7.65036 4.1
      vertex -23.1931 -7.65036 0
    endloop
  endfacet
  facet normal 0.9925 0.122248 0
    outer loop
      vertex -23.2267 -7.45692 4.1
      vertex -23.2507 -7.26207 0
      vertex -23.2507 -7.26207 4.1
    endloop
  endfacet
  facet normal 0.9925 0.122248 0
    outer loop
      vertex -23.2507 -7.26207 0
      vertex -23.2267 -7.45692 4.1
      vertex -23.2267 -7.45692 0
    endloop
  endfacet
  facet normal 0.997269 0.0738529 0
    outer loop
      vertex -23.2507 -7.26207 4.1
      vertex -23.2652 -7.06627 0
      vertex -23.2652 -7.06627 4.1
    endloop
  endfacet
  facet normal 0.997269 0.0738529 0
    outer loop
      vertex -23.2652 -7.06627 0
      vertex -23.2507 -7.26207 4.1
      vertex -23.2507 -7.26207 0
    endloop
  endfacet
  facet normal 0.999701 0.0244488 0
    outer loop
      vertex -23.2652 -7.06627 4.1
      vertex -23.27 -6.87 0
      vertex -23.27 -6.87 4.1
    endloop
  endfacet
  facet normal 0.999701 0.0244488 0
    outer loop
      vertex -23.27 -6.87 0
      vertex -23.2652 -7.06627 4.1
      vertex -23.2652 -7.06627 0
    endloop
  endfacet
  facet normal 1 -0 0
    outer loop
      vertex -23.27 6.5 4.1
      vertex -23.27 6.87 0
      vertex -23.27 6.87 4.1
    endloop
  endfacet
  facet normal 1 0 0
    outer loop
      vertex -23.27 6.87 0
      vertex -23.27 6.5 4.1
      vertex -23.27 6.5 0
    endloop
  endfacet
  facet normal 1 -0 0
    outer loop
      vertex -23.27 -6.87 4.1
      vertex -23.27 -6.5 0
      vertex -23.27 -6.5 4.1
    endloop
  endfacet
  facet normal 1 0 0
    outer loop
      vertex -23.27 -6.5 0
      vertex -23.27 -6.87 4.1
      vertex -23.27 -6.87 0
    endloop
  endfacet
  facet normal 0.999701 -0.0244488 0
    outer loop
      vertex -23.27 6.87 4.1
      vertex -23.2652 7.06627 0
      vertex -23.2652 7.06627 4.1
    endloop
  endfacet
  facet normal 0.999701 -0.0244488 0
    outer loop
      vertex -23.2652 7.06627 0
      vertex -23.27 6.87 4.1
      vertex -23.27 6.87 0
    endloop
  endfacet
  facet normal 0.997269 -0.0738529 0
    outer loop
      vertex -23.2652 7.06627 4.1
      vertex -23.2507 7.26207 0
      vertex -23.2507 7.26207 4.1
    endloop
  endfacet
  facet normal 0.997269 -0.0738529 0
    outer loop
      vertex -23.2507 7.26207 0
      vertex -23.2652 7.06627 4.1
      vertex -23.2652 7.06627 0
    endloop
  endfacet
  facet normal 0.9925 -0.122248 0
    outer loop
      vertex -23.2507 7.26207 4.1
      vertex -23.2267 7.45692 0
      vertex -23.2267 7.45692 4.1
    endloop
  endfacet
  facet normal 0.9925 -0.122248 0
    outer loop
      vertex -23.2267 7.45692 0
      vertex -23.2507 7.26207 4.1
      vertex -23.2507 7.26207 0
    endloop
  endfacet
  facet normal 0.985248 -0.171135 0
    outer loop
      vertex -23.2267 7.45692 4.1
      vertex -23.1931 7.65036 0
      vertex -23.1931 7.65036 4.1
    endloop
  endfacet
  facet normal 0.985248 -0.171135 0
    outer loop
      vertex -23.1931 7.65036 0
      vertex -23.2267 7.45692 4.1
      vertex -23.2267 7.45692 0
    endloop
  endfacet
  facet normal 0.97572 -0.219023 0
    outer loop
      vertex -23.1931 7.65036 4.1
      vertex -23.1501 7.84192 0
      vertex -23.1501 7.84192 4.1
    endloop
  endfacet
  facet normal 0.97572 -0.219023 0
    outer loop
      vertex -23.1501 7.84192 0
      vertex -23.1931 7.65036 4.1
      vertex -23.1931 7.65036 0
    endloop
  endfacet
  facet normal 0.963726 -0.266895 0
    outer loop
      vertex -23.1501 7.84192 4.1
      vertex -23.0977 8.03113 0
      vertex -23.0977 8.03113 4.1
    endloop
  endfacet
  facet normal 0.963726 -0.266895 0
    outer loop
      vertex -23.0977 8.03113 0
      vertex -23.1501 7.84192 4.1
      vertex -23.1501 7.84192 0
    endloop
  endfacet
  facet normal 0.949662 -0.313277 0
    outer loop
      vertex -23.0977 8.03113 4.1
      vertex -23.0362 8.21756 0
      vertex -23.0362 8.21756 4.1
    endloop
  endfacet
  facet normal 0.949662 -0.313277 0
    outer loop
      vertex -23.0362 8.21756 0
      vertex -23.0977 8.03113 4.1
      vertex -23.0977 8.03113 0
    endloop
  endfacet
  facet normal 0.932918 -0.360088 0
    outer loop
      vertex -23.0362 8.21756 4.1
      vertex -22.9655 8.40073 0
      vertex -22.9655 8.40073 4.1
    endloop
  endfacet
  facet normal 0.932918 -0.360088 0
    outer loop
      vertex -22.9655 8.40073 0
      vertex -23.0362 8.21756 4.1
      vertex -23.0362 8.21756 0
    endloop
  endfacet
  facet normal 0.914139 -0.405401 0
    outer loop
      vertex -22.9655 8.40073 4.1
      vertex -22.8859 8.58022 0
      vertex -22.8859 8.58022 4.1
    endloop
  endfacet
  facet normal 0.914139 -0.405401 0
    outer loop
      vertex -22.8859 8.58022 0
      vertex -22.9655 8.40073 4.1
      vertex -22.9655 8.40073 0
    endloop
  endfacet
  facet normal 0.893365 -0.449332 0
    outer loop
      vertex -22.8859 8.58022 4.1
      vertex -22.7977 8.75558 0
      vertex -22.7977 8.75558 4.1
    endloop
  endfacet
  facet normal 0.893365 -0.449332 0
    outer loop
      vertex -22.7977 8.75558 0
      vertex -22.8859 8.58022 4.1
      vertex -22.8859 8.58022 0
    endloop
  endfacet
  facet normal 0.87003 -0.492998 0
    outer loop
      vertex -22.7977 8.75558 4.1
      vertex -22.7009 8.92641 0
      vertex -22.7009 8.92641 4.1
    endloop
  endfacet
  facet normal 0.87003 -0.492998 0
    outer loop
      vertex -22.7009 8.92641 0
      vertex -22.7977 8.75558 4.1
      vertex -22.7977 8.75558 0
    endloop
  endfacet
  facet normal 0.844922 -0.53489 0
    outer loop
      vertex -22.7009 8.92641 4.1
      vertex -22.5959 9.09227 0
      vertex -22.5959 9.09227 4.1
    endloop
  endfacet
  facet normal 0.844922 -0.53489 0
    outer loop
      vertex -22.5959 9.09227 0
      vertex -22.7009 8.92641 4.1
      vertex -22.7009 8.92641 0
    endloop
  endfacet
  facet normal 0.817467 -0.575975 0
    outer loop
      vertex -22.5959 9.09227 4.1
      vertex -22.4828 9.25279 0
      vertex -22.4828 9.25279 4.1
    endloop
  endfacet
  facet normal 0.817467 -0.575975 0
    outer loop
      vertex -22.4828 9.25279 0
      vertex -22.5959 9.09227 4.1
      vertex -22.5959 9.09227 0
    endloop
  endfacet
  facet normal 0.788306 -0.615283 0
    outer loop
      vertex -22.4828 9.25279 4.1
      vertex -22.362 9.40756 0
      vertex -22.362 9.40756 4.1
    endloop
  endfacet
  facet normal 0.788306 -0.615283 0
    outer loop
      vertex -22.362 9.40756 0
      vertex -22.4828 9.25279 4.1
      vertex -22.4828 9.25279 0
    endloop
  endfacet
  facet normal 0.757319 -0.653045 0
    outer loop
      vertex -22.362 9.40756 4.1
      vertex -22.2338 9.55623 0
      vertex -22.2338 9.55623 4.1
    endloop
  endfacet
  facet normal 0.757319 -0.653045 0
    outer loop
      vertex -22.2338 9.55623 0
      vertex -22.362 9.40756 4.1
      vertex -22.362 9.40756 0
    endloop
  endfacet
  facet normal 0.724211 -0.689579 0
    outer loop
      vertex -22.2338 9.55623 4.1
      vertex -22.0984 9.69843 0
      vertex -22.0984 9.69843 4.1
    endloop
  endfacet
  facet normal 0.724211 -0.689579 0
    outer loop
      vertex -22.0984 9.69843 0
      vertex -22.2338 9.55623 4.1
      vertex -22.2338 9.55623 0
    endloop
  endfacet
  facet normal 0.689499 -0.724287 0
    outer loop
      vertex -22.0984 9.69843 0
      vertex -21.9562 9.8338 4.1
      vertex -22.0984 9.69843 4.1
    endloop
  endfacet
  facet normal 0.689499 -0.724287 0
    outer loop
      vertex -21.9562 9.8338 4.1
      vertex -22.0984 9.69843 0
      vertex -21.9562 9.8338 0
    endloop
  endfacet
  facet normal 0.653339 -0.757066 0
    outer loop
      vertex -21.9562 9.8338 0
      vertex -21.8076 9.96204 4.1
      vertex -21.9562 9.8338 4.1
    endloop
  endfacet
  facet normal 0.653339 -0.757066 0
    outer loop
      vertex -21.8076 9.96204 4.1
      vertex -21.9562 9.8338 0
      vertex -21.8076 9.96204 0
    endloop
  endfacet
  facet normal 0.615082 -0.788463 0
    outer loop
      vertex -21.8076 9.96204 0
      vertex -21.6528 10.0828 4.1
      vertex -21.8076 9.96204 4.1
    endloop
  endfacet
  facet normal 0.615082 -0.788463 0
    outer loop
      vertex -21.6528 10.0828 4.1
      vertex -21.8076 9.96204 0
      vertex -21.6528 10.0828 0
    endloop
  endfacet
  facet normal 0.576023 -0.817433 0
    outer loop
      vertex -21.6528 10.0828 0
      vertex -21.4923 10.1959 4.1
      vertex -21.6528 10.0828 4.1
    endloop
  endfacet
  facet normal 0.576023 -0.817433 0
    outer loop
      vertex -21.4923 10.1959 4.1
      vertex -21.6528 10.0828 0
      vertex -21.4923 10.1959 0
    endloop
  endfacet
  facet normal 0.534798 -0.84498 0
    outer loop
      vertex -21.4923 10.1959 0
      vertex -21.3264 10.3009 4.1
      vertex -21.4923 10.1959 4.1
    endloop
  endfacet
  facet normal 0.534798 -0.84498 0
    outer loop
      vertex -21.3264 10.3009 4.1
      vertex -21.4923 10.1959 0
      vertex -21.3264 10.3009 0
    endloop
  endfacet
  facet normal 0.493064 -0.869993 0
    outer loop
      vertex -21.3264 10.3009 0
      vertex -21.1556 10.3977 4.1
      vertex -21.3264 10.3009 4.1
    endloop
  endfacet
  facet normal 0.493064 -0.869993 0
    outer loop
      vertex -21.1556 10.3977 4.1
      vertex -21.3264 10.3009 0
      vertex -21.1556 10.3977 0
    endloop
  endfacet
  facet normal 0.44925 -0.893406 0
    outer loop
      vertex -21.1556 10.3977 0
      vertex -20.9802 10.4859 4.1
      vertex -21.1556 10.3977 4.1
    endloop
  endfacet
  facet normal 0.44925 -0.893406 0
    outer loop
      vertex -20.9802 10.4859 4.1
      vertex -21.1556 10.3977 0
      vertex -20.9802 10.4859 0
    endloop
  endfacet
  facet normal 0.405382 -0.914147 0
    outer loop
      vertex -20.9802 10.4859 0
      vertex -20.8007 10.5655 4.1
      vertex -20.9802 10.4859 4.1
    endloop
  endfacet
  facet normal 0.405382 -0.914147 0
    outer loop
      vertex -20.8007 10.5655 4.1
      vertex -20.9802 10.4859 0
      vertex -20.8007 10.5655 0
    endloop
  endfacet
  facet normal 0.360208 -0.932872 0
    outer loop
      vertex -20.8007 10.5655 0
      vertex -20.6176 10.6362 4.1
      vertex -20.8007 10.5655 4.1
    endloop
  endfacet
  facet normal 0.360208 -0.932872 0
    outer loop
      vertex -20.6176 10.6362 4.1
      vertex -20.8007 10.5655 0
      vertex -20.6176 10.6362 0
    endloop
  endfacet
  facet normal 0.31363 -0.949545 0
    outer loop
      vertex -20.6176 10.6362 0
      vertex -20.4311 10.6978 4.1
      vertex -20.6176 10.6362 4.1
    endloop
  endfacet
  facet normal 0.31363 -0.949545 0
    outer loop
      vertex -20.4311 10.6978 4.1
      vertex -20.6176 10.6362 0
      vertex -20.4311 10.6978 0
    endloop
  endfacet
  facet normal 0.266435 -0.963853 0
    outer loop
      vertex -20.4311 10.6978 0
      vertex -20.2419 10.7501 4.1
      vertex -20.4311 10.6978 4.1
    endloop
  endfacet
  facet normal 0.266435 -0.963853 0
    outer loop
      vertex -20.2419 10.7501 4.1
      vertex -20.4311 10.6978 0
      vertex -20.2419 10.7501 0
    endloop
  endfacet
  facet normal 0.219088 -0.975705 0
    outer loop
      vertex -20.2419 10.7501 0
      vertex -20.0504 10.7931 4.1
      vertex -20.2419 10.7501 4.1
    endloop
  endfacet
  facet normal 0.219088 -0.975705 0
    outer loop
      vertex -20.0504 10.7931 4.1
      vertex -20.2419 10.7501 0
      vertex -20.0504 10.7931 0
    endloop
  endfacet
  facet normal 0.171083 -0.985257 0
    outer loop
      vertex -20.0504 10.7931 0
      vertex -19.8569 10.8267 4.1
      vertex -20.0504 10.7931 4.1
    endloop
  endfacet
  facet normal 0.171083 -0.985257 0
    outer loop
      vertex -19.8569 10.8267 4.1
      vertex -20.0504 10.7931 0
      vertex -19.8569 10.8267 0
    endloop
  endfacet
  facet normal 0.122279 -0.992496 0
    outer loop
      vertex -19.8569 10.8267 0
      vertex -19.6621 10.8507 4.1
      vertex -19.8569 10.8267 4.1
    endloop
  endfacet
  facet normal 0.122279 -0.992496 0
    outer loop
      vertex -19.6621 10.8507 4.1
      vertex -19.8569 10.8267 0
      vertex -19.6621 10.8507 0
    endloop
  endfacet
  facet normal 0.0738529 -0.997269 0
    outer loop
      vertex -19.6621 10.8507 0
      vertex -19.4663 10.8652 4.1
      vertex -19.6621 10.8507 4.1
    endloop
  endfacet
  facet normal 0.0738529 -0.997269 0
    outer loop
      vertex -19.4663 10.8652 4.1
      vertex -19.6621 10.8507 0
      vertex -19.4663 10.8652 0
    endloop
  endfacet
  facet normal 0.0244451 -0.999701 0
    outer loop
      vertex -19.4663 10.8652 0
      vertex -19.27 10.87 4.1
      vertex -19.4663 10.8652 4.1
    endloop
  endfacet
  facet normal 0.0244451 -0.999701 0
    outer loop
      vertex -19.27 10.87 4.1
      vertex -19.4663 10.8652 0
      vertex -19.27 10.87 0
    endloop
  endfacet
  facet normal 0 -1 0
    outer loop
      vertex -19.27 10.87 0
      vertex 19.27 10.87 4.1
      vertex -19.27 10.87 4.1
    endloop
  endfacet
  facet normal 0 -1 -0
    outer loop
      vertex 19.27 10.87 4.1
      vertex -19.27 10.87 0
      vertex 19.27 10.87 0
    endloop
  endfacet
  facet normal -0.0244451 -0.999701 0
    outer loop
      vertex 19.27 10.87 0
      vertex 19.4663 10.8652 4.1
      vertex 19.27 10.87 4.1
    endloop
  endfacet
  facet normal -0.0244451 -0.999701 -0
    outer loop
      vertex 19.4663 10.8652 4.1
      vertex 19.27 10.87 0
      vertex 19.4663 10.8652 0
    endloop
  endfacet
  facet normal -0.0738529 -0.997269 0
    outer loop
      vertex 19.4663 10.8652 0
      vertex 19.6621 10.8507 4.1
      vertex 19.4663 10.8652 4.1
    endloop
  endfacet
  facet normal -0.0738529 -0.997269 -0
    outer loop
      vertex 19.6621 10.8507 4.1
      vertex 19.4663 10.8652 0
      vertex 19.6621 10.8507 0
    endloop
  endfacet
  facet normal -0.122279 -0.992496 0
    outer loop
      vertex 19.6621 10.8507 0
      vertex 19.8569 10.8267 4.1
      vertex 19.6621 10.8507 4.1
    endloop
  endfacet
  facet normal -0.122279 -0.992496 -0
    outer loop
      vertex 19.8569 10.8267 4.1
      vertex 19.6621 10.8507 0
      vertex 19.8569 10.8267 0
    endloop
  endfacet
  facet normal -0.171083 -0.985257 0
    outer loop
      vertex 19.8569 10.8267 0
      vertex 20.0504 10.7931 4.1
      vertex 19.8569 10.8267 4.1
    endloop
  endfacet
  facet normal -0.171083 -0.985257 -0
    outer loop
      vertex 20.0504 10.7931 4.1
      vertex 19.8569 10.8267 0
      vertex 20.0504 10.7931 0
    endloop
  endfacet
  facet normal -0.219088 -0.975705 0
    outer loop
      vertex 20.0504 10.7931 0
      vertex 20.2419 10.7501 4.1
      vertex 20.0504 10.7931 4.1
    endloop
  endfacet
  facet normal -0.219088 -0.975705 -0
    outer loop
      vertex 20.2419 10.7501 4.1
      vertex 20.0504 10.7931 0
      vertex 20.2419 10.7501 0
    endloop
  endfacet
  facet normal -0.266435 -0.963853 0
    outer loop
      vertex 20.2419 10.7501 0
      vertex 20.4311 10.6978 4.1
      vertex 20.2419 10.7501 4.1
    endloop
  endfacet
  facet normal -0.266435 -0.963853 -0
    outer loop
      vertex 20.4311 10.6978 4.1
      vertex 20.2419 10.7501 0
      vertex 20.4311 10.6978 0
    endloop
  endfacet
  facet normal -0.31363 -0.949545 0
    outer loop
      vertex 20.4311 10.6978 0
      vertex 20.6176 10.6362 4.1
      vertex 20.4311 10.6978 4.1
    endloop
  endfacet
  facet normal -0.31363 -0.949545 -0
    outer loop
      vertex 20.6176 10.6362 4.1
      vertex 20.4311 10.6978 0
      vertex 20.6176 10.6362 0
    endloop
  endfacet
  facet normal -0.360208 -0.932872 0
    outer loop
      vertex 20.6176 10.6362 0
      vertex 20.8007 10.5655 4.1
      vertex 20.6176 10.6362 4.1
    endloop
  endfacet
  facet normal -0.360208 -0.932872 -0
    outer loop
      vertex 20.8007 10.5655 4.1
      vertex 20.6176 10.6362 0
      vertex 20.8007 10.5655 0
    endloop
  endfacet
  facet normal -0.405382 -0.914147 0
    outer loop
      vertex 20.8007 10.5655 0
      vertex 20.9802 10.4859 4.1
      vertex 20.8007 10.5655 4.1
    endloop
  endfacet
  facet normal -0.405382 -0.914147 -0
    outer loop
      vertex 20.9802 10.4859 4.1
      vertex 20.8007 10.5655 0
      vertex 20.9802 10.4859 0
    endloop
  endfacet
  facet normal -0.44925 -0.893406 0
    outer loop
      vertex 20.9802 10.4859 0
      vertex 21.1556 10.3977 4.1
      vertex 20.9802 10.4859 4.1
    endloop
  endfacet
  facet normal -0.44925 -0.893406 -0
    outer loop
      vertex 21.1556 10.3977 4.1
      vertex 20.9802 10.4859 0
      vertex 21.1556 10.3977 0
    endloop
  endfacet
  facet normal -0.493064 -0.869993 0
    outer loop
      vertex 21.1556 10.3977 0
      vertex 21.3264 10.3009 4.1
      vertex 21.1556 10.3977 4.1
    endloop
  endfacet
  facet normal -0.493064 -0.869993 -0
    outer loop
      vertex 21.3264 10.3009 4.1
      vertex 21.1556 10.3977 0
      vertex 21.3264 10.3009 0
    endloop
  endfacet
  facet normal -0.534798 -0.84498 0
    outer loop
      vertex 21.3264 10.3009 0
      vertex 21.4923 10.1959 4.1
      vertex 21.3264 10.3009 4.1
    endloop
  endfacet
  facet normal -0.534798 -0.84498 -0
    outer loop
      vertex 21.4923 10.1959 4.1
      vertex 21.3264 10.3009 0
      vertex 21.4923 10.1959 0
    endloop
  endfacet
  facet normal -0.576023 -0.817433 0
    outer loop
      vertex 21.4923 10.1959 0
      vertex 21.6528 10.0828 4.1
      vertex 21.4923 10.1959 4.1
    endloop
  endfacet
  facet normal -0.576023 -0.817433 -0
    outer loop
      vertex 21.6528 10.0828 4.1
      vertex 21.4923 10.1959 0
      vertex 21.6528 10.0828 0
    endloop
  endfacet
  facet normal -0.615082 -0.788463 0
    outer loop
      vertex 21.6528 10.0828 0
      vertex 21.8076 9.96204 4.1
      vertex 21.6528 10.0828 4.1
    endloop
  endfacet
  facet normal -0.615082 -0.788463 -0
    outer loop
      vertex 21.8076 9.96204 4.1
      vertex 21.6528 10.0828 0
      vertex 21.8076 9.96204 0
    endloop
  endfacet
  facet normal -0.653339 -0.757066 0
    outer loop
      vertex 21.8076 9.96204 0
      vertex 21.9562 9.8338 4.1
      vertex 21.8076 9.96204 4.1
    endloop
  endfacet
  facet normal -0.653339 -0.757066 -0
    outer loop
      vertex 21.9562 9.8338 4.1
      vertex 21.8076 9.96204 0
      vertex 21.9562 9.8338 0
    endloop
  endfacet
  facet normal -0.689499 -0.724287 0
    outer loop
      vertex 21.9562 9.8338 0
      vertex 22.0984 9.69843 4.1
      vertex 21.9562 9.8338 4.1
    endloop
  endfacet
  facet normal -0.689499 -0.724287 -0
    outer loop
      vertex 22.0984 9.69843 4.1
      vertex 21.9562 9.8338 0
      vertex 22.0984 9.69843 0
    endloop
  endfacet
  facet normal -0.724211 -0.689579 0
    outer loop
      vertex 22.2338 9.55623 0
      vertex 22.0984 9.69843 4.1
      vertex 22.0984 9.69843 0
    endloop
  endfacet
  facet normal -0.724211 -0.689579 0
    outer loop
      vertex 22.0984 9.69843 4.1
      vertex 22.2338 9.55623 0
      vertex 22.2338 9.55623 4.1
    endloop
  endfacet
  facet normal -0.757319 -0.653045 0
    outer loop
      vertex 22.362 9.40756 0
      vertex 22.2338 9.55623 4.1
      vertex 22.2338 9.55623 0
    endloop
  endfacet
  facet normal -0.757319 -0.653045 0
    outer loop
      vertex 22.2338 9.55623 4.1
      vertex 22.362 9.40756 0
      vertex 22.362 9.40756 4.1
    endloop
  endfacet
  facet normal -0.788306 -0.615283 0
    outer loop
      vertex 22.4828 9.25279 0
      vertex 22.362 9.40756 4.1
      vertex 22.362 9.40756 0
    endloop
  endfacet
  facet normal -0.788306 -0.615283 0
    outer loop
      vertex 22.362 9.40756 4.1
      vertex 22.4828 9.25279 0
      vertex 22.4828 9.25279 4.1
    endloop
  endfacet
  facet normal -0.817467 -0.575975 0
    outer loop
      vertex 22.5959 9.09227 0
      vertex 22.4828 9.25279 4.1
      vertex 22.4828 9.25279 0
    endloop
  endfacet
  facet normal -0.817467 -0.575975 0
    outer loop
      vertex 22.4828 9.25279 4.1
      vertex 22.5959 9.09227 0
      vertex 22.5959 9.09227 4.1
    endloop
  endfacet
  facet normal -0.844922 -0.53489 0
    outer loop
      vertex 22.7009 8.92641 0
      vertex 22.5959 9.09227 4.1
      vertex 22.5959 9.09227 0
    endloop
  endfacet
  facet normal -0.844922 -0.53489 0
    outer loop
      vertex 22.5959 9.09227 4.1
      vertex 22.7009 8.92641 0
      vertex 22.7009 8.92641 4.1
    endloop
  endfacet
  facet normal -0.87003 -0.492998 0
    outer loop
      vertex 22.7977 8.75558 0
      vertex 22.7009 8.92641 4.1
      vertex 22.7009 8.92641 0
    endloop
  endfacet
  facet normal -0.87003 -0.492998 0
    outer loop
      vertex 22.7009 8.92641 4.1
      vertex 22.7977 8.75558 0
      vertex 22.7977 8.75558 4.1
    endloop
  endfacet
  facet normal -0.893365 -0.449332 0
    outer loop
      vertex 22.8859 8.58022 0
      vertex 22.7977 8.75558 4.1
      vertex 22.7977 8.75558 0
    endloop
  endfacet
  facet normal -0.893365 -0.449332 0
    outer loop
      vertex 22.7977 8.75558 4.1
      vertex 22.8859 8.58022 0
      vertex 22.8859 8.58022 4.1
    endloop
  endfacet
  facet normal -0.914139 -0.405401 0
    outer loop
      vertex 22.9655 8.40073 0
      vertex 22.8859 8.58022 4.1
      vertex 22.8859 8.58022 0
    endloop
  endfacet
  facet normal -0.914139 -0.405401 0
    outer loop
      vertex 22.8859 8.58022 4.1
      vertex 22.9655 8.40073 0
      vertex 22.9655 8.40073 4.1
    endloop
  endfacet
  facet normal -0.932918 -0.360088 0
    outer loop
      vertex 23.0362 8.21756 0
      vertex 22.9655 8.40073 4.1
      vertex 22.9655 8.40073 0
    endloop
  endfacet
  facet normal -0.932918 -0.360088 0
    outer loop
      vertex 22.9655 8.40073 4.1
      vertex 23.0362 8.21756 0
      vertex 23.0362 8.21756 4.1
    endloop
  endfacet
  facet normal -0.949662 -0.313277 0
    outer loop
      vertex 23.0977 8.03113 0
      vertex 23.0362 8.21756 4.1
      vertex 23.0362 8.21756 0
    endloop
  endfacet
  facet normal -0.949662 -0.313277 0
    outer loop
      vertex 23.0362 8.21756 4.1
      vertex 23.0977 8.03113 0
      vertex 23.0977 8.03113 4.1
    endloop
  endfacet
  facet normal -0.963726 -0.266895 0
    outer loop
      vertex 23.1501 7.84192 0
      vertex 23.0977 8.03113 4.1
      vertex 23.0977 8.03113 0
    endloop
  endfacet
  facet normal -0.963726 -0.266895 0
    outer loop
      vertex 23.0977 8.03113 4.1
      vertex 23.1501 7.84192 0
      vertex 23.1501 7.84192 4.1
    endloop
  endfacet
  facet normal -0.97572 -0.219023 0
    outer loop
      vertex 23.1931 7.65036 0
      vertex 23.1501 7.84192 4.1
      vertex 23.1501 7.84192 0
    endloop
  endfacet
  facet normal -0.97572 -0.219023 0
    outer loop
      vertex 23.1501 7.84192 4.1
      vertex 23.1931 7.65036 0
      vertex 23.1931 7.65036 4.1
    endloop
  endfacet
  facet normal -0.985248 -0.171135 0
    outer loop
      vertex 23.2267 7.45692 0
      vertex 23.1931 7.65036 4.1
      vertex 23.1931 7.65036 0
    endloop
  endfacet
  facet normal -0.985248 -0.171135 0
    outer loop
      vertex 23.1931 7.65036 4.1
      vertex 23.2267 7.45692 0
      vertex 23.2267 7.45692 4.1
    endloop
  endfacet
  facet normal -0.9925 -0.122248 0
    outer loop
      vertex 23.2507 7.26207 0
      vertex 23.2267 7.45692 4.1
      vertex 23.2267 7.45692 0
    endloop
  endfacet
  facet normal -0.9925 -0.122248 0
    outer loop
      vertex 23.2267 7.45692 4.1
      vertex 23.2507 7.26207 0
      vertex 23.2507 7.26207 4.1
    endloop
  endfacet
  facet normal -0.997269 -0.0738529 0
    outer loop
      vertex 23.2652 7.06627 0
      vertex 23.2507 7.26207 4.1
      vertex 23.2507 7.26207 0
    endloop
  endfacet
  facet normal -0.997269 -0.0738529 0
    outer loop
      vertex 23.2507 7.26207 4.1
      vertex 23.2652 7.06627 0
      vertex 23.2652 7.06627 4.1
    endloop
  endfacet
  facet normal -0.999701 -0.0244488 0
    outer loop
      vertex 23.27 6.87 0
      vertex 23.2652 7.06627 4.1
      vertex 23.2652 7.06627 0
    endloop
  endfacet
  facet normal -0.999701 -0.0244488 0
    outer loop
      vertex 23.2652 7.06627 4.1
      vertex 23.27 6.87 0
      vertex 23.27 6.87 4.1
    endloop
  endfacet
  facet normal -1 0 0
    outer loop
      vertex 23.27 -6.87 0
      vertex 23.27 6.87 4.1
      vertex 23.27 6.87 0
    endloop
  endfacet
  facet normal -1 -0 0
    outer loop
      vertex 23.27 6.87 4.1
      vertex 23.27 -6.87 0
      vertex 23.27 -6.87 4.1
    endloop
  endfacet
  facet normal -0.999701 0.0244488 0
    outer loop
      vertex 23.2652 -7.06627 0
      vertex 23.27 -6.87 4.1
      vertex 23.27 -6.87 0
    endloop
  endfacet
  facet normal -0.999701 0.0244488 0
    outer loop
      vertex 23.27 -6.87 4.1
      vertex 23.2652 -7.06627 0
      vertex 23.2652 -7.06627 4.1
    endloop
  endfacet
  facet normal -0.997269 0.0738529 0
    outer loop
      vertex 23.2507 -7.26207 0
      vertex 23.2652 -7.06627 4.1
      vertex 23.2652 -7.06627 0
    endloop
  endfacet
  facet normal -0.997269 0.0738529 0
    outer loop
      vertex 23.2652 -7.06627 4.1
      vertex 23.2507 -7.26207 0
      vertex 23.2507 -7.26207 4.1
    endloop
  endfacet
  facet normal -0.9925 0.122248 0
    outer loop
      vertex 23.2267 -7.45692 0
      vertex 23.2507 -7.26207 4.1
      vertex 23.2507 -7.26207 0
    endloop
  endfacet
  facet normal -0.9925 0.122248 0
    outer loop
      vertex 23.2507 -7.26207 4.1
      vertex 23.2267 -7.45692 0
      vertex 23.2267 -7.45692 4.1
    endloop
  endfacet
  facet normal -0.985248 0.171135 0
    outer loop
      vertex 23.1931 -7.65036 0
      vertex 23.2267 -7.45692 4.1
      vertex 23.2267 -7.45692 0
    endloop
  endfacet
  facet normal -0.985248 0.171135 0
    outer loop
      vertex 23.2267 -7.45692 4.1
      vertex 23.1931 -7.65036 0
      vertex 23.1931 -7.65036 4.1
    endloop
  endfacet
  facet normal -0.97572 0.219023 0
    outer loop
      vertex 23.1501 -7.84192 0
      vertex 23.1931 -7.65036 4.1
      vertex 23.1931 -7.65036 0
    endloop
  endfacet
  facet normal -0.97572 0.219023 0
    outer loop
      vertex 23.1931 -7.65036 4.1
      vertex 23.1501 -7.84192 0
      vertex 23.1501 -7.84192 4.1
    endloop
  endfacet
  facet normal -0.963726 0.266895 0
    outer loop
      vertex 23.0977 -8.03113 0
      vertex 23.1501 -7.84192 4.1
      vertex 23.1501 -7.84192 0
    endloop
  endfacet
  facet normal -0.963726 0.266895 0
    outer loop
      vertex 23.1501 -7.84192 4.1
      vertex 23.0977 -8.03113 0
      vertex 23.0977 -8.03113 4.1
    endloop
  endfacet
  facet normal -0.949662 0.313277 0
    outer loop
      vertex 23.0362 -8.21756 0
      vertex 23.0977 -8.03113 4.1
      vertex 23.0977 -8.03113 0
    endloop
  endfacet
  facet normal -0.949662 0.313277 0
    outer loop
      vertex 23.0977 -8.03113 4.1
      vertex 23.0362 -8.21756 0
      vertex 23.0362 -8.21756 4.1
    endloop
  endfacet
  facet normal -0.932918 0.360088 0
    outer loop
      vertex 22.9655 -8.40073 0
      vertex 23.0362 -8.21756 4.1
      vertex 23.0362 -8.21756 0
    endloop
  endfacet
  facet normal -0.932918 0.360088 0
    outer loop
      vertex 23.0362 -8.21756 4.1
      vertex 22.9655 -8.40073 0
      vertex 22.9655 -8.40073 4.1
    endloop
  endfacet
  facet normal -0.914139 0.405401 0
    outer loop
      vertex 22.8859 -8.58022 0
      vertex 22.9655 -8.40073 4.1
      vertex 22.9655 -8.40073 0
    endloop
  endfacet
  facet normal -0.914139 0.405401 0
    outer loop
      vertex 22.9655 -8.40073 4.1
      vertex 22.8859 -8.58022 0
      vertex 22.8859 -8.58022 4.1
    endloop
  endfacet
  facet normal -0.893365 0.449332 0
    outer loop
      vertex 22.7977 -8.75558 0
      vertex 22.8859 -8.58022 4.1
      vertex 22.8859 -8.58022 0
    endloop
  endfacet
  facet normal -0.893365 0.449332 0
    outer loop
      vertex 22.8859 -8.58022 4.1
      vertex 22.7977 -8.75558 0
      vertex 22.7977 -8.75558 4.1
    endloop
  endfacet
  facet normal -0.87003 0.492998 0
    outer loop
      vertex 22.7009 -8.92641 0
      vertex 22.7977 -8.75558 4.1
      vertex 22.7977 -8.75558 0
    endloop
  endfacet
  facet normal -0.87003 0.492998 0
    outer loop
      vertex 22.7977 -8.75558 4.1
      vertex 22.7009 -8.92641 0
      vertex 22.7009 -8.92641 4.1
    endloop
  endfacet
  facet normal -0.844922 0.53489 0
    outer loop
      vertex 22.5959 -9.09227 0
      vertex 22.7009 -8.92641 4.1
      vertex 22.7009 -8.92641 0
    endloop
  endfacet
  facet normal -0.844922 0.53489 0
    outer loop
      vertex 22.7009 -8.92641 4.1
      vertex 22.5959 -9.09227 0
      vertex 22.5959 -9.09227 4.1
    endloop
  endfacet
  facet normal -0.817467 0.575975 0
    outer loop
      vertex 22.4828 -9.25279 0
      vertex 22.5959 -9.09227 4.1
      vertex 22.5959 -9.09227 0
    endloop
  endfacet
  facet normal -0.817467 0.575975 0
    outer loop
      vertex 22.5959 -9.09227 4.1
      vertex 22.4828 -9.25279 0
      vertex 22.4828 -9.25279 4.1
    endloop
  endfacet
  facet normal -0.788306 0.615283 0
    outer loop
      vertex 22.362 -9.40756 0
      vertex 22.4828 -9.25279 4.1
      vertex 22.4828 -9.25279 0
    endloop
  endfacet
  facet normal -0.788306 0.615283 0
    outer loop
      vertex 22.4828 -9.25279 4.1
      vertex 22.362 -9.40756 0
      vertex 22.362 -9.40756 4.1
    endloop
  endfacet
  facet normal -0.757319 0.653045 0
    outer loop
      vertex 22.2338 -9.55623 0
      vertex 22.362 -9.40756 4.1
      vertex 22.362 -9.40756 0
    endloop
  endfacet
  facet normal -0.757319 0.653045 0
    outer loop
      vertex 22.362 -9.40756 4.1
      vertex 22.2338 -9.55623 0
      vertex 22.2338 -9.55623 4.1
    endloop
  endfacet
  facet normal -0.724211 0.689579 0
    outer loop
      vertex 22.0984 -9.69843 0
      vertex 22.2338 -9.55623 4.1
      vertex 22.2338 -9.55623 0
    endloop
  endfacet
  facet normal -0.724211 0.689579 0
    outer loop
      vertex 22.2338 -9.55623 4.1
      vertex 22.0984 -9.69843 0
      vertex 22.0984 -9.69843 4.1
    endloop
  endfacet
  facet normal -0.689499 0.724287 0
    outer loop
      vertex 22.0984 -9.69843 0
      vertex 21.9562 -9.8338 4.1
      vertex 22.0984 -9.69843 4.1
    endloop
  endfacet
  facet normal -0.689499 0.724287 0
    outer loop
      vertex 21.9562 -9.8338 4.1
      vertex 22.0984 -9.69843 0
      vertex 21.9562 -9.8338 0
    endloop
  endfacet
  facet normal -0.653339 0.757066 0
    outer loop
      vertex 21.9562 -9.8338 0
      vertex 21.8076 -9.96204 4.1
      vertex 21.9562 -9.8338 4.1
    endloop
  endfacet
  facet normal -0.653339 0.757066 0
    outer loop
      vertex 21.8076 -9.96204 4.1
      vertex 21.9562 -9.8338 0
      vertex 21.8076 -9.96204 0
    endloop
  endfacet
  facet normal -0.615082 0.788463 0
    outer loop
      vertex 21.8076 -9.96204 0
      vertex 21.6528 -10.0828 4.1
      vertex 21.8076 -9.96204 4.1
    endloop
  endfacet
  facet normal -0.615082 0.788463 0
    outer loop
      vertex 21.6528 -10.0828 4.1
      vertex 21.8076 -9.96204 0
      vertex 21.6528 -10.0828 0
    endloop
  endfacet
  facet normal -0.576023 0.817433 0
    outer loop
      vertex 21.6528 -10.0828 0
      vertex 21.4923 -10.1959 4.1
      vertex 21.6528 -10.0828 4.1
    endloop
  endfacet
  facet normal -0.576023 0.817433 0
    outer loop
      vertex 21.4923 -10.1959 4.1
      vertex 21.6528 -10.0828 0
      vertex 21.4923 -10.1959 0
    endloop
  endfacet
  facet normal -0.534798 0.84498 0
    outer loop
      vertex 21.4923 -10.1959 0
      vertex 21.3264 -10.3009 4.1
      vertex 21.4923 -10.1959 4.1
    endloop
  endfacet
  facet normal -0.534798 0.84498 0
    outer loop
      vertex 21.3264 -10.3009 4.1
      vertex 21.4923 -10.1959 0
      vertex 21.3264 -10.3009 0
    endloop
  endfacet
  facet normal -0.493064 0.869993 0
    outer loop
      vertex 21.3264 -10.3009 0
      vertex 21.1556 -10.3977 4.1
      vertex 21.3264 -10.3009 4.1
    endloop
  endfacet
  facet normal -0.493064 0.869993 0
    outer loop
      vertex 21.1556 -10.3977 4.1
      vertex 21.3264 -10.3009 0
      vertex 21.1556 -10.3977 0
    endloop
  endfacet
  facet normal -0.44925 0.893406 0
    outer loop
      vertex 21.1556 -10.3977 0
      vertex 20.9802 -10.4859 4.1
      vertex 21.1556 -10.3977 4.1
    endloop
  endfacet
  facet normal -0.44925 0.893406 0
    outer loop
      vertex 20.9802 -10.4859 4.1
      vertex 21.1556 -10.3977 0
      vertex 20.9802 -10.4859 0
    endloop
  endfacet
  facet normal -0.405382 0.914147 0
    outer loop
      vertex 20.9802 -10.4859 0
      vertex 20.8007 -10.5655 4.1
      vertex 20.9802 -10.4859 4.1
    endloop
  endfacet
  facet normal -0.405382 0.914147 0
    outer loop
      vertex 20.8007 -10.5655 4.1
      vertex 20.9802 -10.4859 0
      vertex 20.8007 -10.5655 0
    endloop
  endfacet
  facet normal -0.360208 0.932872 0
    outer loop
      vertex 20.8007 -10.5655 0
      vertex 20.6176 -10.6362 4.1
      vertex 20.8007 -10.5655 4.1
    endloop
  endfacet
  facet normal -0.360208 0.932872 0
    outer loop
      vertex 20.6176 -10.6362 4.1
      vertex 20.8007 -10.5655 0
      vertex 20.6176 -10.6362 0
    endloop
  endfacet
  facet normal -0.31363 0.949545 0
    outer loop
      vertex 20.6176 -10.6362 0
      vertex 20.4311 -10.6978 4.1
      vertex 20.6176 -10.6362 4.1
    endloop
  endfacet
  facet normal -0.31363 0.949545 0
    outer loop
      vertex 20.4311 -10.6978 4.1
      vertex 20.6176 -10.6362 0
      vertex 20.4311 -10.6978 0
    endloop
  endfacet
  facet normal -0.266435 0.963853 0
    outer loop
      vertex 20.4311 -10.6978 0
      vertex 20.2419 -10.7501 4.1
      vertex 20.4311 -10.6978 4.1
    endloop
  endfacet
  facet normal -0.266435 0.963853 0
    outer loop
      vertex 20.2419 -10.7501 4.1
      vertex 20.4311 -10.6978 0
      vertex 20.2419 -10.7501 0
    endloop
  endfacet
  facet normal -0.219088 0.975705 0
    outer loop
      vertex 20.2419 -10.7501 0
      vertex 20.0504 -10.7931 4.1
      vertex 20.2419 -10.7501 4.1
    endloop
  endfacet
  facet normal -0.219088 0.975705 0
    outer loop
      vertex 20.0504 -10.7931 4.1
      vertex 20.2419 -10.7501 0
      vertex 20.0504 -10.7931 0
    endloop
  endfacet
  facet normal -0.171083 0.985257 0
    outer loop
      vertex 20.0504 -10.7931 0
      vertex 19.8569 -10.8267 4.1
      vertex 20.0504 -10.7931 4.1
    endloop
  endfacet
  facet normal -0.171083 0.985257 0
    outer loop
      vertex 19.8569 -10.8267 4.1
      vertex 20.0504 -10.7931 0
      vertex 19.8569 -10.8267 0
    endloop
  endfacet
  facet normal -0.122279 0.992496 0
    outer loop
      vertex 19.8569 -10.8267 0
      vertex 19.6621 -10.8507 4.1
      vertex 19.8569 -10.8267 4.1
    endloop
  endfacet
  facet normal -0.122279 0.992496 0
    outer loop
      vertex 19.6621 -10.8507 4.1
      vertex 19.8569 -10.8267 0
      vertex 19.6621 -10.8507 0
    endloop
  endfacet
  facet normal -0.0738529 0.997269 0
    outer loop
      vertex 19.6621 -10.8507 0
      vertex 19.4663 -10.8652 4.1
      vertex 19.6621 -10.8507 4.1
    endloop
  endfacet
  facet normal -0.0738529 0.997269 0
    outer loop
      vertex 19.4663 -10.8652 4.1
      vertex 19.6621 -10.8507 0
      vertex 19.4663 -10.8652 0
    endloop
  endfacet
  facet normal -0.0244451 0.999701 0
    outer loop
      vertex 19.4663 -10.8652 0
      vertex 19.27 -10.87 4.1
      vertex 19.4663 -10.8652 4.1
    endloop
  endfacet
  facet normal -0.0244451 0.999701 0
    outer loop
      vertex 19.27 -10.87 4.1
      vertex 19.4663 -10.8652 0
      vertex 19.27 -10.87 0
    endloop
  endfacet
  facet normal 0 1 -0
    outer loop
      vertex 19.27 -10.87 0
      vertex -19.27 -10.87 4.1
      vertex 19.27 -10.87 4.1
    endloop
  endfacet
  facet normal 0 1 0
    outer loop
      vertex -19.27 -10.87 4.1
      vertex 19.27 -10.87 0
      vertex -19.27 -10.87 0
    endloop
  endfacet
  facet normal 0 -1 0
    outer loop
      vertex -24.43 6.5 0
      vertex -23.27 6.5 4.1
      vertex -24.43 6.5 4.1
    endloop
  endfacet
  facet normal 0 -1 -0
    outer loop
      vertex -23.27 6.5 4.1
      vertex -24.43 6.5 0
      vertex -23.27 6.5 0
    endloop
  endfacet
  facet normal 0 1 -0
    outer loop
      vertex -23.27 -6.5 0
      vertex -24.43 -6.5 4.1
      vertex -23.27 -6.5 4.1
    endloop
  endfacet
  facet normal 0 1 0
    outer loop
      vertex -24.43 -6.5 4.1
      vertex -23.27 -6.5 0
      vertex -24.43 -6.5 0
    endloop
  endfacet
endsolid OpenSCAD_Model
