[ralph_v7 2026-05-27T15:14:52Z] ralph_v7 starting (PID 93080). cycle_sleep=30s fixer_max=300s
[ralph_v7 2026-05-27T15:14:52Z] ----- cycle 2 start -----
[ralph_v7 2026-05-27T15:14:52Z] check_done.sh
[ralph_v7 2026-05-27T15:16:39Z] check_done.sh exit=1
[ralph_v7 2026-05-27T15:16:39Z] red gates after first check: V7.3_installed_user_device_engine_current,V7.4_deploy_parity_green,V7.6_mp3_input_passes,V7.7_text_transcript_input_passes,V7.8_computer_mic_input_passes,V7.9_external_mic_input_passes,V7.10_real_chrome_user_surface_no_clone,V7.11_100_stranger_successes,V7.12_20_successful_verb_categories,V7.13_5_hard_categories,V7.14_last_20_interactions_pass,V7.15_3_consecutive_mp3_evals_pass,V7.18_3_clean_room_public_installs
[ralph_v7 2026-05-27T15:16:39Z] first actionable red: V7.3_installed_user_device_engine_current
[ralph_v7 2026-05-27T15:16:39Z] no fixer mapped for gate V7.3; skipping
[ralph_v7 2026-05-27T15:16:39Z] check_done.sh
[ralph_v7 2026-05-27T15:18:31Z] check_done.sh exit=1
[ralph_v7 2026-05-27T15:18:31Z] red gates after fixer:      V7.3_installed_user_device_engine_current,V7.4_deploy_parity_green,V7.6_mp3_input_passes,V7.7_text_transcript_input_passes,V7.8_computer_mic_input_passes,V7.9_external_mic_input_passes,V7.10_real_chrome_user_surface_no_clone,V7.11_100_stranger_successes,V7.12_20_successful_verb_categories,V7.13_5_hard_categories,V7.14_last_20_interactions_pass,V7.15_3_consecutive_mp3_evals_pass,V7.18_3_clean_room_public_installs
[ralph_v7 2026-05-27T15:18:31Z] ----- cycle 2 end (sleep 30s) -----
[ralph_v7 2026-05-27T15:19:01Z] ----- cycle 3 start -----
[ralph_v7 2026-05-27T15:19:01Z] check_done.sh
[ralph_v7 2026-05-27T15:23:14Z] check_done.sh exit=1
[ralph_v7 2026-05-27T15:23:14Z] red gates after first check: V7.2_public_dmg_installs,V7.3_installed_user_device_engine_current,V7.5_public_dmg_sha_green,V7.6_mp3_input_passes,V7.7_text_transcript_input_passes,V7.8_computer_mic_input_passes,V7.9_external_mic_input_passes,V7.10_real_chrome_user_surface_no_clone,V7.11_100_stranger_successes,V7.12_20_successful_verb_categories,V7.13_5_hard_categories,V7.15_3_consecutive_mp3_evals_pass,V7.18_3_clean_room_public_installs
[ralph_v7 2026-05-27T15:23:14Z] first actionable red: V7.2_public_dmg_installs
[ralph_v7 2026-05-27T15:23:14Z] dispatch ship.sh
[ship] working tree is dirty. Commit, revert, or isolate unrelated changes before shipping.
 M state/check_done_v7.json
 M state/last_v6_transcript_audit.json
 M state/ship-build.log
 M state/stranger_breadth.json
 D state/strangers/ecbcfb7a-0fff-4bdc-9e95-fa2fc90fb22f/audio/uploaded_audio.aiff
 D state/strangers/ecbcfb7a-0fff-4bdc-9e95-fa2fc90fb22f/audio/uploaded_audio.mp3
 D state/strangers/ecbcfb7a-0fff-4bdc-9e95-fa2fc90fb22f/baseline.json
 D state/strangers/ecbcfb7a-0fff-4bdc-9e95-fa2fc90fb22f/cost_breakdown.json
 D state/strangers/ecbcfb7a-0fff-4bdc-9e95-fa2fc90fb22f/driver_result.json
 D state/strangers/ecbcfb7a-0fff-4bdc-9e95-fa2fc90fb22f/listen_status.json
 D state/strangers/ecbcfb7a-0fff-4bdc-9e95-fa2fc90fb22f/persona.json
 D state/strangers/ecbcfb7a-0fff-4bdc-9e95-fa2fc90fb22f/proofs/surface_proof/real_chrome_page_metadata.json
 D state/strangers/ecbcfb7a-0fff-4bdc-9e95-fa2fc90fb22f/proofs/surface_proof/real_chrome_screenshot.png
 D state/strangers/ecbcfb7a-0fff-4bdc-9e95-fa2fc90fb22f/proofs/surface_proof/real_chrome_visible_text.txt
 D state/strangers/ecbcfb7a-0fff-4bdc-9e95-fa2fc90fb22f/proofs/surface_proof_anticipy/real_chrome_page_metadata.json
 D state/strangers/ecbcfb7a-0fff-4bdc-9e95-fa2fc90fb22f/proofs/surface_proof_anticipy/real_chrome_screenshot.png
 D state/strangers/ecbcfb7a-0fff-4bdc-9e95-fa2fc90fb22f/proofs/surface_proof_anticipy/real_chrome_visible_text.txt
 D state/strangers/ecbcfb7a-0fff-4bdc-9e95-fa2fc90fb22f/run.log
 D state/strangers/ecbcfb7a-0fff-4bdc-9e95-fa2fc90fb22f/screenshots/baseline/proofs/real_surface_proof/real_chrome_page_metadata.json
 D state/strangers/ecbcfb7a-0fff-4bdc-9e95-fa2fc90fb22f/screenshots/baseline/proofs/real_surface_proof/real_chrome_screenshot.png
 D state/strangers/ecbcfb7a-0fff-4bdc-9e95-fa2fc90fb22f/screenshots/baseline/proofs/real_surface_proof/real_chrome_visible_text.txt
 D state/strangers/ecbcfb7a-0fff-4bdc-9e95-fa2fc90fb22f/screenshots/baseline/real_surface_proof.json
 D state/strangers/ecbcfb7a-0fff-4bdc-9e95-fa2fc90fb22f/script.json
 D state/strangers/ecbcfb7a-0fff-4bdc-9e95-fa2fc90fb22f/surface_proof.json
 D state/strangers/ecbcfb7a-0fff-4bdc-9e95-fa2fc90fb22f/surface_proof_anticipy.json
 D state/strangers/ecbcfb7a-0fff-4bdc-9e95-fa2fc90fb22f/transcript_quality.json
 D state/strangers/ecbcfb7a-0fff-4bdc-9e95-fa2fc90fb22f/upload_response.json
 M state/v7/clean_room_public_install_runs/cleanroom-20260527T151958Z/Anticipy.dmg
 M state/v7/loop.log
 M state/v7/manifest_commit_exception.json
 M state/v7/supervisor/autocommit.log
 M state/v7/supervisor/ralph_v7.log
 M state/v7/supervisor/strangers.log
 M state/v7/supervisor_status.json
?? desktop/src-tauri/Cargo.lock
?? desktop/src-tauri/bin/anticipy-engine-aarch64-apple-darwin
?? desktop/src-tauri/resources/parakeet-tdt-0.6b-v3/README.md
?? desktop/src-tauri/resources/parakeet-tdt-0.6b-v3/config.json
?? desktop/src-tauri/resources/parakeet-tdt-0.6b-v3/model.safetensors
?? desktop/src-tauri/resources/parakeet-tdt-0.6b-v3/tokenizer.model
?? desktop/src-tauri/resources/parakeet-tdt-0.6b-v3/tokenizer.vocab
?? desktop/src-tauri/resources/parakeet-tdt-0.6b-v3/vocab.txt
?? engine/anticipy-engine.spec
?? state/check_done_v6.json
?? state/ship-r2.log
?? state/v7/clean_room_public_install_runs/cleanroom-20260527T151958Z/Anticipy.dmg.sha256
?? state/v7/clean_room_public_install_runs/cleanroom-20260527T151958Z/engine_state.json
?? state/v7/clean_room_public_install_runs/cleanroom-20260527T151958Z/installed_engine.err
?? state/v7/clean_room_public_install_runs/cleanroom-20260527T151958Z/installed_engine.json
?? target/
?? tasks/
[ralph_v7 2026-05-27T15:23:14Z] fixer for V7.2 exit=1
[ralph_v7 2026-05-27T15:23:14Z] check_done.sh
[ralph_v7 2026-05-27T15:25:24Z] check_done.sh exit=1
[ralph_v7 2026-05-27T15:25:24Z] red gates after fixer:      V7.3_installed_user_device_engine_current,V7.4_deploy_parity_green,V7.6_mp3_input_passes,V7.7_text_transcript_input_passes,V7.8_computer_mic_input_passes,V7.9_external_mic_input_passes,V7.10_real_chrome_user_surface_no_clone,V7.11_100_stranger_successes,V7.12_20_successful_verb_categories,V7.13_5_hard_categories,V7.14_last_20_interactions_pass,V7.15_3_consecutive_mp3_evals_pass,V7.18_3_clean_room_public_installs
[ralph_v7 2026-05-27T15:25:24Z] ----- cycle 3 end (sleep 30s) -----
[ralph_v7 2026-05-27T15:25:54Z] ----- cycle 4 start -----
[ralph_v7 2026-05-27T15:25:54Z] check_done.sh
[ralph_v7 2026-05-27T15:28:45Z] check_done.sh exit=1
[ralph_v7 2026-05-27T15:28:45Z] red gates after first check: V7.3_installed_user_device_engine_current,V7.4_deploy_parity_green,V7.6_mp3_input_passes,V7.7_text_transcript_input_passes,V7.8_computer_mic_input_passes,V7.9_external_mic_input_passes,V7.10_real_chrome_user_surface_no_clone,V7.11_100_stranger_successes,V7.12_20_successful_verb_categories,V7.13_5_hard_categories,V7.14_last_20_interactions_pass,V7.15_3_consecutive_mp3_evals_pass,V7.18_3_clean_room_public_installs
[ralph_v7 2026-05-27T15:28:45Z] first actionable red: V7.3_installed_user_device_engine_current
[ralph_v7 2026-05-27T15:28:45Z] no fixer mapped for gate V7.3; skipping
[ralph_v7 2026-05-27T15:28:45Z] check_done.sh
[ralph_v7 2026-05-27T15:30:42Z] check_done.sh exit=1
[ralph_v7 2026-05-27T15:30:42Z] red gates after fixer:      V7.3_installed_user_device_engine_current,V7.4_deploy_parity_green,V7.6_mp3_input_passes,V7.7_text_transcript_input_passes,V7.8_computer_mic_input_passes,V7.9_external_mic_input_passes,V7.10_real_chrome_user_surface_no_clone,V7.11_100_stranger_successes,V7.12_20_successful_verb_categories,V7.13_5_hard_categories,V7.15_3_consecutive_mp3_evals_pass,V7.18_3_clean_room_public_installs
[ralph_v7 2026-05-27T15:30:42Z] ----- cycle 4 end (sleep 30s) -----
[ralph_v7 2026-05-27T15:31:12Z] ----- cycle 5 start -----
[ralph_v7 2026-05-27T15:31:12Z] check_done.sh
[ralph_v7 2026-05-27T15:35:47Z] ralph_v7 starting (PID 11585). cycle_sleep=30s fixer_max=300s
[ralph_v7 2026-05-27T15:35:47Z] ----- cycle 6 start -----
[ralph_v7 2026-05-27T15:35:47Z] check_done.sh
[ralph_v7 2026-05-27T16:17:20Z] ralph_v7 starting (PID 70686). cycle_sleep=30s fixer_max=300s
[ralph_v7 2026-05-27T16:17:20Z] ----- cycle 7 start -----
[ralph_v7 2026-05-27T16:17:20Z] check_done.sh
[ralph_v7 2026-05-27T16:20:16Z] check_done.sh exit=1
[ralph_v7 2026-05-27T16:20:16Z] red gates after first check: V7.4_deploy_parity_green,V7.6_mp3_input_passes,V7.7_text_transcript_input_passes,V7.8_computer_mic_input_passes,V7.9_external_mic_input_passes,V7.10_real_chrome_user_surface_no_clone,V7.11_100_stranger_successes,V7.12_20_successful_verb_categories,V7.13_5_hard_categories,V7.15_3_consecutive_mp3_evals_pass,V7.18_3_clean_room_public_installs
[ralph_v7 2026-05-27T16:20:16Z] first actionable red: V7.4_deploy_parity_green
[ralph_v7 2026-05-27T16:20:16Z] dispatch ship.sh
[ship] working tree is dirty. Commit, revert, or isolate unrelated changes before shipping.
 M state/check_done_v7.json
 M state/last_v6_transcript_audit.json
 M state/ship-build.log
 M state/stranger_breadth.json
 D state/strangers/7907ec5b-2f40-4d1f-b203-a959d52a35f5/audio/uploaded_audio.aiff
 D state/strangers/7907ec5b-2f40-4d1f-b203-a959d52a35f5/audio/uploaded_audio.mp3
 D state/strangers/7907ec5b-2f40-4d1f-b203-a959d52a35f5/baseline.json
 D state/strangers/7907ec5b-2f40-4d1f-b203-a959d52a35f5/persona.json
 D state/strangers/7907ec5b-2f40-4d1f-b203-a959d52a35f5/run.log
 D state/strangers/7907ec5b-2f40-4d1f-b203-a959d52a35f5/screenshots/baseline/anticipy-718651FC1CCFDEA8F7399FA078D2BA4C.png
 D state/strangers/7907ec5b-2f40-4d1f-b203-a959d52a35f5/screenshots/baseline/anticipy-C1DD3C879111A49E532AE57C758F8873.png
 D state/strangers/7907ec5b-2f40-4d1f-b203-a959d52a35f5/screenshots/baseline/anticipy-F968E9FFDD4A3D54891DCCAD97F1AC7C.png
 D state/strangers/7907ec5b-2f40-4d1f-b203-a959d52a35f5/screenshots/baseline/browser-EF9F70EB34FE4BA2374CBFF56CFBE066.png
 D state/strangers/7907ec5b-2f40-4d1f-b203-a959d52a35f5/screenshots/baseline/crm-0FB791E4D007B9909C09C35B550B2E7B.png
 D state/strangers/7907ec5b-2f40-4d1f-b203-a959d52a35f5/screenshots/baseline/linear-15EBA0AB0CDE75F10AD70E9268645443.png
 D state/strangers/7907ec5b-2f40-4d1f-b203-a959d52a35f5/screenshots/baseline/notion-3CDF0A5D351C24215C37F7D2F5799F97.png
 D state/strangers/7907ec5b-2f40-4d1f-b203-a959d52a35f5/screenshots/baseline/notion-90C56A4AB7DC3EC178160AC81C5F28DB.png
 D state/strangers/7907ec5b-2f40-4d1f-b203-a959d52a35f5/screenshots/baseline/proofs/real_surface_proof/real_chrome_page_metadata.json
 D state/strangers/7907ec5b-2f40-4d1f-b203-a959d52a35f5/screenshots/baseline/proofs/real_surface_proof/real_chrome_screenshot.png
 D state/strangers/7907ec5b-2f40-4d1f-b203-a959d52a35f5/screenshots/baseline/proofs/real_surface_proof/real_chrome_visible_text.txt
 D state/strangers/7907ec5b-2f40-4d1f-b203-a959d52a35f5/screenshots/baseline/real_surface_proof.json
 D state/strangers/7907ec5b-2f40-4d1f-b203-a959d52a35f5/script.json
 D state/strangers/7907ec5b-2f40-4d1f-b203-a959d52a35f5/upload_response.json
 D state/strangers/b8e1ff0f-488a-4b4b-ba48-5824b6d01e1f/audio/uploaded_audio.aiff
 D state/strangers/b8e1ff0f-488a-4b4b-ba48-5824b6d01e1f/audio/uploaded_audio.mp3
 D state/strangers/b8e1ff0f-488a-4b4b-ba48-5824b6d01e1f/baseline.json
 D state/strangers/b8e1ff0f-488a-4b4b-ba48-5824b6d01e1f/cost_breakdown.json
 D state/strangers/b8e1ff0f-488a-4b4b-ba48-5824b6d01e1f/driver_result.json
 D state/strangers/b8e1ff0f-488a-4b4b-ba48-5824b6d01e1f/listen_status.json
 D state/strangers/b8e1ff0f-488a-4b4b-ba48-5824b6d01e1f/persona.json
 D state/strangers/b8e1ff0f-488a-4b4b-ba48-5824b6d01e1f/proofs/surface_proof/real_chrome_page_metadata.json
 D state/strangers/b8e1ff0f-488a-4b4b-ba48-5824b6d01e1f/proofs/surface_proof/real_chrome_screenshot.png
 D state/strangers/b8e1ff0f-488a-4b4b-ba48-5824b6d01e1f/proofs/surface_proof/real_chrome_visible_text.txt
 D state/strangers/b8e1ff0f-488a-4b4b-ba48-5824b6d01e1f/proofs/surface_proof_anticipy/real_chrome_page_metadata.json
 D state/strangers/b8e1ff0f-488a-4b4b-ba48-5824b6d01e1f/proofs/surface_proof_anticipy/real_chrome_screenshot.png
 D state/strangers/b8e1ff0f-488a-4b4b-ba48-5824b6d01e1f/proofs/surface_proof_anticipy/real_chrome_visible_text.txt
 D state/strangers/b8e1ff0f-488a-4b4b-ba48-5824b6d01e1f/run.log
 D state/strangers/b8e1ff0f-488a-4b4b-ba48-5824b6d01e1f/screenshots/baseline/proofs/real_surface_proof/real_chrome_page_metadata.json
 D state/strangers/b8e1ff0f-488a-4b4b-ba48-5824b6d01e1f/screenshots/baseline/proofs/real_surface_proof/real_chrome_screenshot.png
 D state/strangers/b8e1ff0f-488a-4b4b-ba48-5824b6d01e1f/screenshots/baseline/proofs/real_surface_proof/real_chrome_visible_text.txt
 D state/strangers/b8e1ff0f-488a-4b4b-ba48-5824b6d01e1f/screenshots/baseline/real_surface_proof.json
 D state/strangers/b8e1ff0f-488a-4b4b-ba48-5824b6d01e1f/script.json
 D state/strangers/b8e1ff0f-488a-4b4b-ba48-5824b6d01e1f/surface_proof.json
 D state/strangers/b8e1ff0f-488a-4b4b-ba48-5824b6d01e1f/surface_proof_anticipy.json
 D state/strangers/b8e1ff0f-488a-4b4b-ba48-5824b6d01e1f/trace.json
 D state/strangers/b8e1ff0f-488a-4b4b-ba48-5824b6d01e1f/transcript_quality.json
 D state/strangers/b8e1ff0f-488a-4b4b-ba48-5824b6d01e1f/upload_response.json
 M state/v7/loop.log
 M state/v7/loop_cycle.txt
 M state/v7/manifest_commit_exception.json
 M state/v7/supervisor/autocommit.log
 M state/v7/supervisor/ralph_v7.log
 M state/v7/supervisor/strangers.log
 M state/v7/supervisor/strangers_loop.log
 M state/v7/supervisor/supervisor.log
 M state/v7/supervisor_status.json
?? desktop/src-tauri/Cargo.lock
?? desktop/src-tauri/bin/anticipy-engine-aarch64-apple-darwin
?? desktop/src-tauri/resources/parakeet-tdt-0.6b-v3/README.md
?? desktop/src-tauri/resources/parakeet-tdt-0.6b-v3/config.json
?? desktop/src-tauri/resources/parakeet-tdt-0.6b-v3/model.safetensors
?? desktop/src-tauri/resources/parakeet-tdt-0.6b-v3/tokenizer.model
?? desktop/src-tauri/resources/parakeet-tdt-0.6b-v3/tokenizer.vocab
?? desktop/src-tauri/resources/parakeet-tdt-0.6b-v3/vocab.txt
?? desktop/target/
?? engine/anticipy-engine.spec
?? state/check_done_v6.json
?? state/ship-r2.log
?? target/
?? tasks/
[ralph_v7 2026-05-27T16:20:16Z] fixer for V7.4 exit=1
[ralph_v7 2026-05-27T16:20:16Z] check_done.sh
[ralph_v7 2026-05-27T16:21:49Z] check_done.sh exit=1
[ralph_v7 2026-05-27T16:21:49Z] red gates after fixer:      V7.4_deploy_parity_green,V7.6_mp3_input_passes,V7.7_text_transcript_input_passes,V7.8_computer_mic_input_passes,V7.9_external_mic_input_passes,V7.10_real_chrome_user_surface_no_clone,V7.11_100_stranger_successes,V7.12_20_successful_verb_categories,V7.13_5_hard_categories,V7.14_last_20_interactions_pass,V7.15_3_consecutive_mp3_evals_pass,V7.18_3_clean_room_public_installs
[ralph_v7 2026-05-27T16:21:49Z] ----- cycle 7 end (sleep 30s) -----
[ralph_v7 2026-05-27T16:22:19Z] ----- cycle 8 start -----
[ralph_v7 2026-05-27T16:22:19Z] check_done.sh
[ralph_v7 2026-05-27T16:23:51Z] check_done.sh exit=1
[ralph_v7 2026-05-27T16:23:51Z] red gates after first check: V7.4_deploy_parity_green,V7.6_mp3_input_passes,V7.7_text_transcript_input_passes,V7.8_computer_mic_input_passes,V7.9_external_mic_input_passes,V7.10_real_chrome_user_surface_no_clone,V7.11_100_stranger_successes,V7.12_20_successful_verb_categories,V7.13_5_hard_categories,V7.15_3_consecutive_mp3_evals_pass,V7.18_3_clean_room_public_installs
[ralph_v7 2026-05-27T16:23:51Z] first actionable red: V7.4_deploy_parity_green
[ralph_v7 2026-05-27T16:23:51Z] dispatch ship.sh
[ship] working tree is dirty. Commit, revert, or isolate unrelated changes before shipping.
 M state/check_done_v7.json
 M state/last_v6_transcript_audit.json
 M state/ship-build.log
 M state/stranger_breadth.json
 D state/strangers/7907ec5b-2f40-4d1f-b203-a959d52a35f5/audio/uploaded_audio.aiff
 D state/strangers/7907ec5b-2f40-4d1f-b203-a959d52a35f5/audio/uploaded_audio.mp3
 D state/strangers/7907ec5b-2f40-4d1f-b203-a959d52a35f5/baseline.json
 D state/strangers/7907ec5b-2f40-4d1f-b203-a959d52a35f5/persona.json
 D state/strangers/7907ec5b-2f40-4d1f-b203-a959d52a35f5/run.log
 D state/strangers/7907ec5b-2f40-4d1f-b203-a959d52a35f5/screenshots/baseline/anticipy-718651FC1CCFDEA8F7399FA078D2BA4C.png
 D state/strangers/7907ec5b-2f40-4d1f-b203-a959d52a35f5/screenshots/baseline/anticipy-C1DD3C879111A49E532AE57C758F8873.png
 D state/strangers/7907ec5b-2f40-4d1f-b203-a959d52a35f5/screenshots/baseline/anticipy-F968E9FFDD4A3D54891DCCAD97F1AC7C.png
 D state/strangers/7907ec5b-2f40-4d1f-b203-a959d52a35f5/screenshots/baseline/browser-EF9F70EB34FE4BA2374CBFF56CFBE066.png
 D state/strangers/7907ec5b-2f40-4d1f-b203-a959d52a35f5/screenshots/baseline/crm-0FB791E4D007B9909C09C35B550B2E7B.png
 D state/strangers/7907ec5b-2f40-4d1f-b203-a959d52a35f5/screenshots/baseline/linear-15EBA0AB0CDE75F10AD70E9268645443.png
 D state/strangers/7907ec5b-2f40-4d1f-b203-a959d52a35f5/screenshots/baseline/notion-3CDF0A5D351C24215C37F7D2F5799F97.png
 D state/strangers/7907ec5b-2f40-4d1f-b203-a959d52a35f5/screenshots/baseline/notion-90C56A4AB7DC3EC178160AC81C5F28DB.png
 D state/strangers/7907ec5b-2f40-4d1f-b203-a959d52a35f5/screenshots/baseline/proofs/real_surface_proof/real_chrome_page_metadata.json
 D state/strangers/7907ec5b-2f40-4d1f-b203-a959d52a35f5/screenshots/baseline/proofs/real_surface_proof/real_chrome_screenshot.png
 D state/strangers/7907ec5b-2f40-4d1f-b203-a959d52a35f5/screenshots/baseline/proofs/real_surface_proof/real_chrome_visible_text.txt
 D state/strangers/7907ec5b-2f40-4d1f-b203-a959d52a35f5/screenshots/baseline/real_surface_proof.json
 D state/strangers/7907ec5b-2f40-4d1f-b203-a959d52a35f5/script.json
 D state/strangers/7907ec5b-2f40-4d1f-b203-a959d52a35f5/upload_response.json
 D state/strangers/b8e1ff0f-488a-4b4b-ba48-5824b6d01e1f/audio/uploaded_audio.aiff
 D state/strangers/b8e1ff0f-488a-4b4b-ba48-5824b6d01e1f/audio/uploaded_audio.mp3
 D state/strangers/b8e1ff0f-488a-4b4b-ba48-5824b6d01e1f/baseline.json
 D state/strangers/b8e1ff0f-488a-4b4b-ba48-5824b6d01e1f/cost_breakdown.json
 D state/strangers/b8e1ff0f-488a-4b4b-ba48-5824b6d01e1f/driver_result.json
 D state/strangers/b8e1ff0f-488a-4b4b-ba48-5824b6d01e1f/listen_status.json
 D state/strangers/b8e1ff0f-488a-4b4b-ba48-5824b6d01e1f/persona.json
 D state/strangers/b8e1ff0f-488a-4b4b-ba48-5824b6d01e1f/proofs/surface_proof/real_chrome_page_metadata.json
 D state/strangers/b8e1ff0f-488a-4b4b-ba48-5824b6d01e1f/proofs/surface_proof/real_chrome_screenshot.png
 D state/strangers/b8e1ff0f-488a-4b4b-ba48-5824b6d01e1f/proofs/surface_proof/real_chrome_visible_text.txt
 D state/strangers/b8e1ff0f-488a-4b4b-ba48-5824b6d01e1f/proofs/surface_proof_anticipy/real_chrome_page_metadata.json
 D state/strangers/b8e1ff0f-488a-4b4b-ba48-5824b6d01e1f/proofs/surface_proof_anticipy/real_chrome_screenshot.png
 D state/strangers/b8e1ff0f-488a-4b4b-ba48-5824b6d01e1f/proofs/surface_proof_anticipy/real_chrome_visible_text.txt
 D state/strangers/b8e1ff0f-488a-4b4b-ba48-5824b6d01e1f/run.log
 D state/strangers/b8e1ff0f-488a-4b4b-ba48-5824b6d01e1f/screenshots/baseline/proofs/real_surface_proof/real_chrome_page_metadata.json
 D state/strangers/b8e1ff0f-488a-4b4b-ba48-5824b6d01e1f/screenshots/baseline/proofs/real_surface_proof/real_chrome_screenshot.png
 D state/strangers/b8e1ff0f-488a-4b4b-ba48-5824b6d01e1f/screenshots/baseline/proofs/real_surface_proof/real_chrome_visible_text.txt
 D state/strangers/b8e1ff0f-488a-4b4b-ba48-5824b6d01e1f/screenshots/baseline/real_surface_proof.json
 D state/strangers/b8e1ff0f-488a-4b4b-ba48-5824b6d01e1f/script.json
 D state/strangers/b8e1ff0f-488a-4b4b-ba48-5824b6d01e1f/surface_proof.json
 D state/strangers/b8e1ff0f-488a-4b4b-ba48-5824b6d01e1f/surface_proof_anticipy.json
 D state/strangers/b8e1ff0f-488a-4b4b-ba48-5824b6d01e1f/trace.json
 D state/strangers/b8e1ff0f-488a-4b4b-ba48-5824b6d01e1f/transcript_quality.json
 D state/strangers/b8e1ff0f-488a-4b4b-ba48-5824b6d01e1f/upload_response.json
 M state/v7/loop.log
 M state/v7/loop_cycle.txt
 M state/v7/manifest_commit_exception.json
 M state/v7/supervisor/autocommit.log
 M state/v7/supervisor/ralph_v7.log
 M state/v7/supervisor/strangers.log
 M state/v7/supervisor/strangers_loop.log
 M state/v7/supervisor/supervisor.log
 M state/v7/supervisor_status.json
?? desktop/src-tauri/Cargo.lock
?? desktop/src-tauri/bin/anticipy-engine-aarch64-apple-darwin
?? desktop/src-tauri/resources/parakeet-tdt-0.6b-v3/README.md
?? desktop/src-tauri/resources/parakeet-tdt-0.6b-v3/config.json
?? desktop/src-tauri/resources/parakeet-tdt-0.6b-v3/model.safetensors
?? desktop/src-tauri/resources/parakeet-tdt-0.6b-v3/tokenizer.model
?? desktop/src-tauri/resources/parakeet-tdt-0.6b-v3/tokenizer.vocab
?? desktop/src-tauri/resources/parakeet-tdt-0.6b-v3/vocab.txt
?? desktop/target/
?? engine/anticipy-engine.spec
?? state/check_done_v6.json
?? state/ship-r2.log
?? state/strangers/02ecef44-54b9-43a8-9b96-01963d2abb1b/
?? target/
?? tasks/
[ralph_v7 2026-05-27T16:23:51Z] fixer for V7.4 exit=1
[ralph_v7 2026-05-27T16:23:51Z] check_done.sh
[ralph_v7 2026-05-27T16:25:19Z] check_done.sh exit=1
[ralph_v7 2026-05-27T16:25:19Z] red gates after fixer:      V7.4_deploy_parity_green,V7.6_mp3_input_passes,V7.7_text_transcript_input_passes,V7.8_computer_mic_input_passes,V7.9_external_mic_input_passes,V7.10_real_chrome_user_surface_no_clone,V7.11_100_stranger_successes,V7.12_20_successful_verb_categories,V7.13_5_hard_categories,V7.15_3_consecutive_mp3_evals_pass,V7.18_3_clean_room_public_installs
[ralph_v7 2026-05-27T16:25:19Z] ----- cycle 8 end (sleep 30s) -----
[ralph_v7 2026-05-27T16:25:21Z] ralph_v7 starting (PID 76994). cycle_sleep=30s fixer_max=300s
[ralph_v7 2026-05-27T16:25:21Z] ----- cycle 9 start -----
[ralph_v7 2026-05-27T16:25:21Z] check_done.sh
[ralph_v7 2026-05-27T16:25:49Z] ----- cycle 10 start -----
[ralph_v7 2026-05-27T16:25:49Z] check_done.sh
[ralph_v7 2026-05-27T16:27:36Z] check_done.sh exit=1
[ralph_v7 2026-05-27T16:27:36Z] red gates after first check: V7.4_deploy_parity_green,V7.6_mp3_input_passes,V7.7_text_transcript_input_passes,V7.8_computer_mic_input_passes,V7.9_external_mic_input_passes,V7.10_real_chrome_user_surface_no_clone,V7.11_100_stranger_successes,V7.12_20_successful_verb_categories,V7.13_5_hard_categories,V7.14_last_20_interactions_pass,V7.15_3_consecutive_mp3_evals_pass,V7.18_3_clean_room_public_installs
[ralph_v7 2026-05-27T16:27:36Z] first actionable red: V7.4_deploy_parity_green
[ralph_v7 2026-05-27T16:27:36Z] dispatch ship.sh
[ship] working tree is dirty. Commit, revert, or isolate unrelated changes before shipping.
 M state/check_done_v7.json
 M state/last_v6_transcript_audit.json
 M state/ship-build.log
 M state/stranger_breadth.json
 M state/v7/loop.log
 M state/v7/loop_cycle.txt
 M state/v7/manifest_commit_exception.json
 M state/v7/supervisor/autocommit.log
 M state/v7/supervisor/autocommit_loop.log
 M state/v7/supervisor/ralph_v7.log
 M state/v7/supervisor/strangers.log
 M state/v7/supervisor_status.json
?? desktop/src-tauri/Cargo.lock
?? desktop/src-tauri/bin/anticipy-engine-aarch64-apple-darwin
?? desktop/src-tauri/resources/parakeet-tdt-0.6b-v3/README.md
?? desktop/src-tauri/resources/parakeet-tdt-0.6b-v3/config.json
?? desktop/src-tauri/resources/parakeet-tdt-0.6b-v3/model.safetensors
?? desktop/src-tauri/resources/parakeet-tdt-0.6b-v3/tokenizer.model
?? desktop/src-tauri/resources/parakeet-tdt-0.6b-v3/tokenizer.vocab
?? desktop/src-tauri/resources/parakeet-tdt-0.6b-v3/vocab.txt
?? desktop/target/
?? engine/anticipy-engine.spec
?? state/check_done_v6.json
?? state/ship-r2.log
?? state/strangers/24f86230-fc4c-42a5-a611-11ef7bcc0d64/
?? target/
?? tasks/
[ralph_v7 2026-05-27T16:27:37Z] fixer for V7.4 exit=1
[ralph_v7 2026-05-27T16:27:37Z] check_done.sh
[ralph_v7 2026-05-27T16:29:24Z] check_done.sh exit=1
[ralph_v7 2026-05-27T16:29:24Z] red gates after first check: V7.2_public_dmg_installs,V7.4_deploy_parity_green,V7.5_public_dmg_sha_green,V7.6_mp3_input_passes,V7.7_text_transcript_input_passes,V7.8_computer_mic_input_passes,V7.9_external_mic_input_passes,V7.10_real_chrome_user_surface_no_clone,V7.11_100_stranger_successes,V7.12_20_successful_verb_categories,V7.13_5_hard_categories,V7.15_3_consecutive_mp3_evals_pass,V7.18_3_clean_room_public_installs
[ralph_v7 2026-05-27T16:29:24Z] first actionable red: V7.2_public_dmg_installs
[ralph_v7 2026-05-27T16:29:24Z] dispatch ship.sh
[ship] working tree is dirty. Commit, revert, or isolate unrelated changes before shipping.
 M state/check_done_v7.json
 M state/last_v6_transcript_audit.json
 M state/ship-build.log
 M state/stranger_breadth.json
 M state/v7/loop.log
 M state/v7/loop_cycle.txt
 M state/v7/manifest_commit_exception.json
 M state/v7/supervisor/autocommit.log
 M state/v7/supervisor/autocommit_loop.log
 M state/v7/supervisor/ralph_v7.log
 M state/v7/supervisor/strangers.log
 M state/v7/supervisor_status.json
?? desktop/src-tauri/Cargo.lock
?? desktop/src-tauri/bin/anticipy-engine-aarch64-apple-darwin
?? desktop/src-tauri/resources/parakeet-tdt-0.6b-v3/README.md
?? desktop/src-tauri/resources/parakeet-tdt-0.6b-v3/config.json
?? desktop/src-tauri/resources/parakeet-tdt-0.6b-v3/model.safetensors
?? desktop/src-tauri/resources/parakeet-tdt-0.6b-v3/tokenizer.model
?? desktop/src-tauri/resources/parakeet-tdt-0.6b-v3/tokenizer.vocab
?? desktop/src-tauri/resources/parakeet-tdt-0.6b-v3/vocab.txt
?? desktop/target/
?? engine/anticipy-engine.spec
?? state/check_done_v6.json
?? state/ship-r2.log
?? state/strangers/24f86230-fc4c-42a5-a611-11ef7bcc0d64/
?? target/
?? tasks/
[ralph_v7 2026-05-27T16:29:25Z] fixer for V7.2 exit=1
[ralph_v7 2026-05-27T16:29:25Z] check_done.sh
[ralph_v7 2026-05-27T16:29:49Z] check_done.sh exit=1
[ralph_v7 2026-05-27T16:29:49Z] red gates after fixer:      V7.4_deploy_parity_green,V7.6_mp3_input_passes,V7.7_text_transcript_input_passes,V7.8_computer_mic_input_passes,V7.9_external_mic_input_passes,V7.10_real_chrome_user_surface_no_clone,V7.11_100_stranger_successes,V7.12_20_successful_verb_categories,V7.13_5_hard_categories,V7.14_last_20_interactions_pass,V7.15_3_consecutive_mp3_evals_pass,V7.18_3_clean_room_public_installs
[ralph_v7 2026-05-27T16:29:49Z] ----- cycle 10 end (sleep 30s) -----
[ralph_v7 2026-05-27T16:30:19Z] ----- cycle 11 start -----
[ralph_v7 2026-05-27T16:30:19Z] check_done.sh
[ralph_v7 2026-05-27T16:31:35Z] check_done.sh exit=128
[ralph_v7 2026-05-27T16:31:36Z] red gates after first check: V7.4_deploy_parity_green,V7.6_mp3_input_passes,V7.7_text_transcript_input_passes,V7.8_computer_mic_input_passes,V7.9_external_mic_input_passes,V7.10_real_chrome_user_surface_no_clone,V7.11_100_stranger_successes,V7.12_20_successful_verb_categories,V7.13_5_hard_categories,V7.14_last_20_interactions_pass,V7.15_3_consecutive_mp3_evals_pass,V7.18_3_clean_room_public_installs
[ralph_v7 2026-05-27T16:31:36Z] first actionable red: V7.4_deploy_parity_green
[ralph_v7 2026-05-27T16:31:36Z] dispatch ship.sh
[ship] working tree is dirty. Commit, revert, or isolate unrelated changes before shipping.
 M state/last_v6_transcript_audit.json
 M state/ship-build.log
 M state/v7/loop.log
 M state/v7/supervisor/autocommit.log
 M state/v7/supervisor/ralph_v7.log
 M state/v7/supervisor_status.json
?? desktop/src-tauri/Cargo.lock
?? desktop/src-tauri/bin/anticipy-engine-aarch64-apple-darwin
?? desktop/src-tauri/resources/parakeet-tdt-0.6b-v3/README.md
?? desktop/src-tauri/resources/parakeet-tdt-0.6b-v3/config.json
?? desktop/src-tauri/resources/parakeet-tdt-0.6b-v3/model.safetensors
?? desktop/src-tauri/resources/parakeet-tdt-0.6b-v3/tokenizer.model
?? desktop/src-tauri/resources/parakeet-tdt-0.6b-v3/tokenizer.vocab
?? desktop/src-tauri/resources/parakeet-tdt-0.6b-v3/vocab.txt
?? desktop/target/
?? engine/anticipy-engine.spec
?? state/check_done_v6.json
?? state/ship-r2.log
?? target/
?? tasks/
[ralph_v7 2026-05-27T16:31:36Z] fixer for V7.4 exit=1
[ralph_v7 2026-05-27T16:31:36Z] check_done.sh
[ralph_v7 2026-05-27T16:32:43Z] check_done.sh exit=1
[ralph_v7 2026-05-27T16:32:43Z] red gates after fixer:      V7.4_deploy_parity_green,V7.6_mp3_input_passes,V7.7_text_transcript_input_passes,V7.8_computer_mic_input_passes,V7.9_external_mic_input_passes,V7.10_real_chrome_user_surface_no_clone,V7.11_100_stranger_successes,V7.12_20_successful_verb_categories,V7.13_5_hard_categories,V7.15_3_consecutive_mp3_evals_pass,V7.18_3_clean_room_public_installs
[ralph_v7 2026-05-27T16:32:43Z] ----- cycle 9 end (sleep 30s) -----
[ralph_v7 2026-05-27T16:33:13Z] ----- cycle 12 start -----
[ralph_v7 2026-05-27T16:33:13Z] check_done.sh
[ralph_v7 2026-05-27T16:35:15Z] check_done.sh exit=1
[ralph_v7 2026-05-27T16:35:15Z] red gates after fixer:      V7.4_deploy_parity_green,V7.6_mp3_input_passes,V7.7_text_transcript_input_passes,V7.8_computer_mic_input_passes,V7.9_external_mic_input_passes,V7.10_real_chrome_user_surface_no_clone,V7.11_100_stranger_successes,V7.12_20_successful_verb_categories,V7.13_5_hard_categories,V7.14_last_20_interactions_pass,V7.15_3_consecutive_mp3_evals_pass,V7.18_3_clean_room_public_installs
[ralph_v7 2026-05-27T16:35:15Z] wrote state/v7/loop_stuck.md
[ralph_v7 2026-05-27T16:36:43Z] check_done.sh exit=1
[ralph_v7 2026-05-27T16:36:43Z] red gates after first check: V7.4_deploy_parity_green,V7.6_mp3_input_passes,V7.7_text_transcript_input_passes,V7.8_computer_mic_input_passes,V7.9_external_mic_input_passes,V7.10_real_chrome_user_surface_no_clone,V7.11_100_stranger_successes,V7.12_20_successful_verb_categories,V7.13_5_hard_categories,V7.15_3_consecutive_mp3_evals_pass,V7.18_3_clean_room_public_installs
[ralph_v7 2026-05-27T16:36:43Z] first actionable red: V7.4_deploy_parity_green
[ralph_v7 2026-05-27T16:36:44Z] dispatch ship.sh
[ship] working tree is dirty. Commit, revert, or isolate unrelated changes before shipping.
 M state/check_done_v7.json
 M state/last_v6_transcript_audit.json
 M state/ship-build.log
 M state/stranger_breadth.json
 M state/v7/loop.log
 M state/v7/loop_cycle.txt
 M state/v7/loop_stuck.md
 M state/v7/manifest_commit_exception.json
 M state/v7/supervisor/autocommit.log
 M state/v7/supervisor/ralph_v7.log
 M state/v7/supervisor/strangers.log
 M state/v7/supervisor_status.json
?? desktop/src-tauri/Cargo.lock
?? desktop/src-tauri/bin/anticipy-engine-aarch64-apple-darwin
?? desktop/src-tauri/resources/parakeet-tdt-0.6b-v3/README.md
?? desktop/src-tauri/resources/parakeet-tdt-0.6b-v3/config.json
?? desktop/src-tauri/resources/parakeet-tdt-0.6b-v3/model.safetensors
?? desktop/src-tauri/resources/parakeet-tdt-0.6b-v3/tokenizer.model
?? desktop/src-tauri/resources/parakeet-tdt-0.6b-v3/tokenizer.vocab
?? desktop/src-tauri/resources/parakeet-tdt-0.6b-v3/vocab.txt
?? desktop/target/
?? engine/anticipy-engine.spec
?? state/check_done_v6.json
?? state/ship-r2.log
?? state/strangers/bb829f6c-f974-4ada-ac40-5a81b633db9b/verdict.json
?? target/
?? tasks/
[ralph_v7 2026-05-27T16:36:44Z] fixer for V7.4 exit=1
[ralph_v7 2026-05-27T16:36:44Z] check_done.sh
[ralph_v7 2026-05-27T16:38:17Z] check_done.sh exit=1
[ralph_v7 2026-05-27T16:38:17Z] red gates after fixer:      V7.4_deploy_parity_green,V7.6_mp3_input_passes,V7.7_text_transcript_input_passes,V7.8_computer_mic_input_passes,V7.9_external_mic_input_passes,V7.10_real_chrome_user_surface_no_clone,V7.11_100_stranger_successes,V7.12_20_successful_verb_categories,V7.13_5_hard_categories,V7.14_last_20_interactions_pass,V7.15_3_consecutive_mp3_evals_pass,V7.18_3_clean_room_public_installs
[ralph_v7 2026-05-27T16:38:17Z] ----- cycle 12 end (sleep 30s) -----
[ralph_v7 2026-05-27T16:38:48Z] ----- cycle 13 start -----
[ralph_v7 2026-05-27T16:38:48Z] check_done.sh
[ralph_v7 2026-05-27T16:40:03Z] check_done.sh exit=128
[ralph_v7 2026-05-27T16:40:03Z] red gates after first check: V7.4_deploy_parity_green,V7.6_mp3_input_passes,V7.7_text_transcript_input_passes,V7.8_computer_mic_input_passes,V7.9_external_mic_input_passes,V7.10_real_chrome_user_surface_no_clone,V7.11_100_stranger_successes,V7.12_20_successful_verb_categories,V7.13_5_hard_categories,V7.14_last_20_interactions_pass,V7.15_3_consecutive_mp3_evals_pass,V7.18_3_clean_room_public_installs
[ralph_v7 2026-05-27T16:40:03Z] first actionable red: V7.4_deploy_parity_green
[ralph_v7 2026-05-27T16:40:03Z] dispatch ship.sh
[ship] working tree is dirty. Commit, revert, or isolate unrelated changes before shipping.
 M state/check_done_v7.json
 M state/last_v6_transcript_audit.json
 M state/ship-build.log
 M state/stranger_breadth.json
 M state/v7/loop.log
 M state/v7/loop_cycle.txt
 M state/v7/loop_stuck.md
 M state/v7/manifest_commit_exception.json
 M state/v7/supervisor/autocommit.log
 M state/v7/supervisor/ralph_v7.log
 M state/v7/supervisor/strangers.log
 M state/v7/supervisor_status.json
?? desktop/src-tauri/Cargo.lock
?? desktop/src-tauri/bin/anticipy-engine-aarch64-apple-darwin
?? desktop/src-tauri/resources/parakeet-tdt-0.6b-v3/README.md
?? desktop/src-tauri/resources/parakeet-tdt-0.6b-v3/config.json
?? desktop/src-tauri/resources/parakeet-tdt-0.6b-v3/model.safetensors
?? desktop/src-tauri/resources/parakeet-tdt-0.6b-v3/tokenizer.model
?? desktop/src-tauri/resources/parakeet-tdt-0.6b-v3/tokenizer.vocab
?? desktop/src-tauri/resources/parakeet-tdt-0.6b-v3/vocab.txt
?? desktop/target/
?? engine/anticipy-engine.spec
?? state/check_done_v6.json
?? state/ship-r2.log
?? state/strangers/af52442a-19e6-4b17-8741-d112aad2da93/
?? state/strangers/bb829f6c-f974-4ada-ac40-5a81b633db9b/verdict.json
?? target/
?? tasks/
[ralph_v7 2026-05-27T16:40:04Z] fixer for V7.4 exit=1
[ralph_v7 2026-05-27T16:40:04Z] check_done.sh
[ralph_v7 2026-05-27T16:42:48Z] check_done.sh exit=1
[ralph_v7 2026-05-27T16:42:48Z] red gates after fixer:      V7.4_deploy_parity_green,V7.6_mp3_input_passes,V7.7_text_transcript_input_passes,V7.8_computer_mic_input_passes,V7.9_external_mic_input_passes,V7.10_real_chrome_user_surface_no_clone,V7.11_100_stranger_successes,V7.12_20_successful_verb_categories,V7.13_5_hard_categories,V7.14_last_20_interactions_pass,V7.15_3_consecutive_mp3_evals_pass,V7.18_3_clean_room_public_installs
[ralph_v7 2026-05-27T16:42:48Z] wrote state/v7/loop_stuck.md
[ralph_v7 2026-05-27T16:43:48Z] ralph_v7 starting (PID 90616). cycle_sleep=30s fixer_max=300s
[ralph_v7 2026-05-27T16:43:48Z] ----- cycle 14 start -----
[ralph_v7 2026-05-27T16:43:48Z] check_done.sh
[ralph_v7 2026-05-27T16:45:19Z] check_done.sh exit=1
[ralph_v7 2026-05-27T16:45:19Z] red gates after first check: V7.4_deploy_parity_green,V7.6_mp3_input_passes,V7.7_text_transcript_input_passes,V7.8_computer_mic_input_passes,V7.9_external_mic_input_passes,V7.10_real_chrome_user_surface_no_clone,V7.11_100_stranger_successes,V7.12_20_successful_verb_categories,V7.13_5_hard_categories,V7.14_last_20_interactions_pass,V7.15_3_consecutive_mp3_evals_pass,V7.18_3_clean_room_public_installs
[ralph_v7 2026-05-27T16:45:19Z] first actionable red: V7.4_deploy_parity_green
[ralph_v7 2026-05-27T16:45:19Z] dispatch ship.sh
[ship] working tree is dirty. Commit, revert, or isolate unrelated changes before shipping.
 M state/check_done_v7.json
 M state/last_v6_transcript_audit.json
 M state/ship-build.log
 M state/stranger_breadth.json
 M state/strangers/1a63650d-0d62-4b2a-b533-56e2716f1991/run.log
 M state/v7/loop.log
 M state/v7/loop.pid
 M state/v7/loop_cycle.txt
 M state/v7/loop_stuck.md
 M state/v7/manifest_commit_exception.json
 M state/v7/supervisor/autocommit.log
 M state/v7/supervisor/ralph_v7.log
 M state/v7/supervisor/strangers.log
 M state/v7/supervisor_status.json
?? desktop/src-tauri/Cargo.lock
?? desktop/src-tauri/bin/anticipy-engine-aarch64-apple-darwin
?? desktop/src-tauri/resources/parakeet-tdt-0.6b-v3/README.md
?? desktop/src-tauri/resources/parakeet-tdt-0.6b-v3/config.json
?? desktop/src-tauri/resources/parakeet-tdt-0.6b-v3/model.safetensors
?? desktop/src-tauri/resources/parakeet-tdt-0.6b-v3/tokenizer.model
?? desktop/src-tauri/resources/parakeet-tdt-0.6b-v3/tokenizer.vocab
?? desktop/src-tauri/resources/parakeet-tdt-0.6b-v3/vocab.txt
?? desktop/target/
?? engine/anticipy-engine.spec
?? state/check_done_v6.json
?? state/ship-r2.log
?? state/strangers/1a63650d-0d62-4b2a-b533-56e2716f1991/audio/
?? state/strangers/1a63650d-0d62-4b2a-b533-56e2716f1991/baseline.json
?? state/strangers/1a63650d-0d62-4b2a-b533-56e2716f1991/cost_breakdown.json
?? state/strangers/1a63650d-0d62-4b2a-b533-56e2716f1991/driver_result.json
?? state/strangers/1a63650d-0d62-4b2a-b533-56e2716f1991/listen_status.json
?? state/strangers/1a63650d-0d62-4b2a-b533-56e2716f1991/proofs/
?? state/strangers/1a63650d-0d62-4b2a-b533-56e2716f1991/screenshots/
?? state/strangers/1a63650d-0d62-4b2a-b533-56e2716f1991/surface_proof.json
?? state/strangers/1a63650d-0d62-4b2a-b533-56e2716f1991/surface_proof_anticipy.json
?? state/strangers/1a63650d-0d62-4b2a-b533-56e2716f1991/trace.json
?? state/strangers/1a63650d-0d62-4b2a-b533-56e2716f1991/transcript_quality.json
?? state/strangers/1a63650d-0d62-4b2a-b533-56e2716f1991/upload_response.json
?? state/strangers/1a63650d-0d62-4b2a-b533-56e2716f1991/verdict.json
?? state/strangers/ccb50a84-1b2c-4be3-a641-63e21618cdee/
?? state/v7/supervisor/ralph_loop.log
?? target/
?? tasks/
[ralph_v7 2026-05-27T16:45:20Z] fixer for V7.4 exit=1
[ralph_v7 2026-05-27T16:45:20Z] check_done.sh
[ralph_v7 2026-05-27T16:46:51Z] check_done.sh exit=1
[ralph_v7 2026-05-27T16:46:51Z] red gates after fixer:      V7.4_deploy_parity_green,V7.6_mp3_input_passes,V7.7_text_transcript_input_passes,V7.8_computer_mic_input_passes,V7.9_external_mic_input_passes,V7.10_real_chrome_user_surface_no_clone,V7.11_100_stranger_successes,V7.12_20_successful_verb_categories,V7.13_5_hard_categories,V7.14_last_20_interactions_pass,V7.15_3_consecutive_mp3_evals_pass,V7.18_3_clean_room_public_installs
[ralph_v7 2026-05-27T16:46:51Z] ----- cycle 14 end (sleep 30s) -----
[ralph_v7 2026-05-27T16:47:21Z] ----- cycle 15 start -----
[ralph_v7 2026-05-27T16:47:21Z] check_done.sh
[ralph_v7 2026-05-27T16:48:55Z] check_done.sh exit=1
[ralph_v7 2026-05-27T16:48:55Z] red gates after first check: V7.4_deploy_parity_green,V7.6_mp3_input_passes,V7.7_text_transcript_input_passes,V7.8_computer_mic_input_passes,V7.9_external_mic_input_passes,V7.10_real_chrome_user_surface_no_clone,V7.11_100_stranger_successes,V7.12_20_successful_verb_categories,V7.13_5_hard_categories,V7.14_last_20_interactions_pass,V7.15_3_consecutive_mp3_evals_pass,V7.18_3_clean_room_public_installs
[ralph_v7 2026-05-27T16:48:55Z] first actionable red: V7.4_deploy_parity_green
[ralph_v7 2026-05-27T16:48:55Z] dispatch ship.sh
[ship] working tree is dirty. Commit, revert, or isolate unrelated changes before shipping.
 M state/check_done_v7.json
 M state/last_v6_transcript_audit.json
 M state/ship-build.log
 M state/stranger_breadth.json
 M state/strangers/1a63650d-0d62-4b2a-b533-56e2716f1991/run.log
 M state/v7/loop.log
 M state/v7/loop.pid
 M state/v7/loop_cycle.txt
 M state/v7/loop_stuck.md
 M state/v7/manifest_commit_exception.json
 M state/v7/supervisor/autocommit.log
 M state/v7/supervisor/ralph_v7.log
 M state/v7/supervisor/strangers.log
 M state/v7/supervisor_status.json
?? desktop/src-tauri/Cargo.lock
?? desktop/src-tauri/bin/anticipy-engine-aarch64-apple-darwin
?? desktop/src-tauri/resources/parakeet-tdt-0.6b-v3/README.md
?? desktop/src-tauri/resources/parakeet-tdt-0.6b-v3/config.json
?? desktop/src-tauri/resources/parakeet-tdt-0.6b-v3/model.safetensors
?? desktop/src-tauri/resources/parakeet-tdt-0.6b-v3/tokenizer.model
?? desktop/src-tauri/resources/parakeet-tdt-0.6b-v3/tokenizer.vocab
?? desktop/src-tauri/resources/parakeet-tdt-0.6b-v3/vocab.txt
?? desktop/target/
?? engine/anticipy-engine.spec
?? state/check_done_v6.json
?? state/ship-r2.log
?? state/strangers/1a63650d-0d62-4b2a-b533-56e2716f1991/audio/
?? state/strangers/1a63650d-0d62-4b2a-b533-56e2716f1991/baseline.json
?? state/strangers/1a63650d-0d62-4b2a-b533-56e2716f1991/cost_breakdown.json
?? state/strangers/1a63650d-0d62-4b2a-b533-56e2716f1991/driver_result.json
?? state/strangers/1a63650d-0d62-4b2a-b533-56e2716f1991/listen_status.json
?? state/strangers/1a63650d-0d62-4b2a-b533-56e2716f1991/proofs/
?? state/strangers/1a63650d-0d62-4b2a-b533-56e2716f1991/screenshots/
?? state/strangers/1a63650d-0d62-4b2a-b533-56e2716f1991/surface_proof.json
?? state/strangers/1a63650d-0d62-4b2a-b533-56e2716f1991/surface_proof_anticipy.json
?? state/strangers/1a63650d-0d62-4b2a-b533-56e2716f1991/trace.json
?? state/strangers/1a63650d-0d62-4b2a-b533-56e2716f1991/transcript_quality.json
?? state/strangers/1a63650d-0d62-4b2a-b533-56e2716f1991/upload_response.json
?? state/strangers/1a63650d-0d62-4b2a-b533-56e2716f1991/verdict.json
?? state/strangers/ccb50a84-1b2c-4be3-a641-63e21618cdee/
?? state/strangers/f40f9a07-357f-4d80-aed3-8366d1bf1f24/
?? state/v7/supervisor/ralph_loop.log
?? target/
?? tasks/
[ralph_v7 2026-05-27T16:48:56Z] fixer for V7.4 exit=1
[ralph_v7 2026-05-27T16:48:56Z] check_done.sh
[ralph_v7 2026-05-27T16:50:29Z] check_done.sh exit=1
[ralph_v7 2026-05-27T16:50:29Z] red gates after fixer:      V7.4_deploy_parity_green,V7.6_mp3_input_passes,V7.7_text_transcript_input_passes,V7.8_computer_mic_input_passes,V7.9_external_mic_input_passes,V7.10_real_chrome_user_surface_no_clone,V7.11_100_stranger_successes,V7.12_20_successful_verb_categories,V7.13_5_hard_categories,V7.14_last_20_interactions_pass,V7.15_3_consecutive_mp3_evals_pass,V7.18_3_clean_room_public_installs
[ralph_v7 2026-05-27T16:50:29Z] wrote state/v7/loop_stuck.md
[ralph_v7 2026-05-27T16:51:29Z] ralph_v7 starting (PID 96590). cycle_sleep=30s fixer_max=300s
[ralph_v7 2026-05-27T16:51:29Z] ----- cycle 16 start -----
[ralph_v7 2026-05-27T16:51:29Z] check_done.sh
[ralph_v7 2026-05-27T16:52:57Z] check_done.sh exit=1
[ralph_v7 2026-05-27T16:52:57Z] red gates after first check: V7.4_deploy_parity_green,V7.6_mp3_input_passes,V7.7_text_transcript_input_passes,V7.8_computer_mic_input_passes,V7.9_external_mic_input_passes,V7.10_real_chrome_user_surface_no_clone,V7.11_100_stranger_successes,V7.12_20_successful_verb_categories,V7.13_5_hard_categories,V7.14_last_20_interactions_pass,V7.15_3_consecutive_mp3_evals_pass,V7.18_3_clean_room_public_installs
[ralph_v7 2026-05-27T16:52:57Z] first actionable red: V7.4_deploy_parity_green
[ralph_v7 2026-05-27T16:52:57Z] dispatch ship.sh
[ship] working tree is dirty. Commit, revert, or isolate unrelated changes before shipping.
 M state/check_done_v7.json
 M state/last_v6_transcript_audit.json
 M state/ship-build.log
 M state/stranger_breadth.json
 M state/v7/loop.log
 M state/v7/supervisor/autocommit.log
 M state/v7/supervisor/ralph_v7.log
 M state/v7/supervisor_status.json
?? desktop/src-tauri/Cargo.lock
?? desktop/src-tauri/bin/anticipy-engine-aarch64-apple-darwin
?? desktop/src-tauri/resources/parakeet-tdt-0.6b-v3/README.md
?? desktop/src-tauri/resources/parakeet-tdt-0.6b-v3/config.json
?? desktop/src-tauri/resources/parakeet-tdt-0.6b-v3/model.safetensors
?? desktop/src-tauri/resources/parakeet-tdt-0.6b-v3/tokenizer.model
?? desktop/src-tauri/resources/parakeet-tdt-0.6b-v3/tokenizer.vocab
?? desktop/src-tauri/resources/parakeet-tdt-0.6b-v3/vocab.txt
?? desktop/target/
?? engine/anticipy-engine.spec
?? state/check_done_v6.json
?? state/ship-r2.log
?? state/strangers/5d2cce7a-e856-4aa3-8197-3d3f62782355/audio/
?? state/strangers/5d2cce7a-e856-4aa3-8197-3d3f62782355/baseline.json
?? target/
?? tasks/
[ralph_v7 2026-05-27T16:52:57Z] fixer for V7.4 exit=1
[ralph_v7 2026-05-27T16:52:57Z] check_done.sh
[ralph_v7 2026-05-27T16:54:27Z] check_done.sh exit=1
[ralph_v7 2026-05-27T16:54:28Z] red gates after fixer:      V7.4_deploy_parity_green,V7.6_mp3_input_passes,V7.7_text_transcript_input_passes,V7.8_computer_mic_input_passes,V7.9_external_mic_input_passes,V7.10_real_chrome_user_surface_no_clone,V7.11_100_stranger_successes,V7.12_20_successful_verb_categories,V7.13_5_hard_categories,V7.14_last_20_interactions_pass,V7.15_3_consecutive_mp3_evals_pass,V7.18_3_clean_room_public_installs
[ralph_v7 2026-05-27T16:54:28Z] ----- cycle 16 end (sleep 30s) -----
[ralph_v7 2026-05-27T16:54:58Z] ----- cycle 17 start -----
[ralph_v7 2026-05-27T16:54:58Z] check_done.sh
[ralph_v7 2026-05-27T16:56:41Z] check_done.sh exit=1
[ralph_v7 2026-05-27T16:56:42Z] red gates after first check: V7.4_deploy_parity_green,V7.6_mp3_input_passes,V7.7_text_transcript_input_passes,V7.8_computer_mic_input_passes,V7.9_external_mic_input_passes,V7.10_real_chrome_user_surface_no_clone,V7.11_100_stranger_successes,V7.12_20_successful_verb_categories,V7.13_5_hard_categories,V7.14_last_20_interactions_pass,V7.15_3_consecutive_mp3_evals_pass,V7.18_3_clean_room_public_installs
[ralph_v7 2026-05-27T16:56:42Z] first actionable red: V7.4_deploy_parity_green
[ralph_v7 2026-05-27T16:56:42Z] dispatch ship.sh
[ship] working tree is dirty. Commit, revert, or isolate unrelated changes before shipping.
 M state/check_done_v7.json
 M state/last_v6_transcript_audit.json
 M state/ship-build.log
 M state/stranger_breadth.json
 M state/strangers/5d2cce7a-e856-4aa3-8197-3d3f62782355/run.log
 M state/v7/loop.log
 M state/v7/loop_cycle.txt
 M state/v7/manifest_commit_exception.json
 M state/v7/supervisor/autocommit.log
 M state/v7/supervisor/ralph_v7.log
 M state/v7/supervisor/strangers.log
 M state/v7/supervisor_status.json
?? desktop/src-tauri/Cargo.lock
?? desktop/src-tauri/bin/anticipy-engine-aarch64-apple-darwin
?? desktop/src-tauri/resources/parakeet-tdt-0.6b-v3/README.md
?? desktop/src-tauri/resources/parakeet-tdt-0.6b-v3/config.json
?? desktop/src-tauri/resources/parakeet-tdt-0.6b-v3/model.safetensors
?? desktop/src-tauri/resources/parakeet-tdt-0.6b-v3/tokenizer.model
?? desktop/src-tauri/resources/parakeet-tdt-0.6b-v3/tokenizer.vocab
?? desktop/src-tauri/resources/parakeet-tdt-0.6b-v3/vocab.txt
?? desktop/target/
?? engine/anticipy-engine.spec
?? state/check_done_v6.json
?? state/ship-r2.log
?? state/strangers/5d2cce7a-e856-4aa3-8197-3d3f62782355/audio/
?? state/strangers/5d2cce7a-e856-4aa3-8197-3d3f62782355/baseline.json
?? state/strangers/5d2cce7a-e856-4aa3-8197-3d3f62782355/cost_breakdown.json
?? state/strangers/5d2cce7a-e856-4aa3-8197-3d3f62782355/driver_result.json
?? state/strangers/5d2cce7a-e856-4aa3-8197-3d3f62782355/listen_status.json
?? state/strangers/5d2cce7a-e856-4aa3-8197-3d3f62782355/proofs/
?? state/strangers/5d2cce7a-e856-4aa3-8197-3d3f62782355/surface_proof.json
?? state/strangers/5d2cce7a-e856-4aa3-8197-3d3f62782355/surface_proof_anticipy.json
?? state/strangers/5d2cce7a-e856-4aa3-8197-3d3f62782355/trace.json
?? state/strangers/5d2cce7a-e856-4aa3-8197-3d3f62782355/transcript_quality.json
?? state/strangers/5d2cce7a-e856-4aa3-8197-3d3f62782355/upload_response.json
?? state/strangers/5d2cce7a-e856-4aa3-8197-3d3f62782355/verdict.json
?? state/strangers/84e640dd-34b6-4c1f-bdd3-5922cf4157b3/
?? target/
?? tasks/
[ralph_v7 2026-05-27T16:56:43Z] fixer for V7.4 exit=1
[ralph_v7 2026-05-27T16:56:43Z] check_done.sh
[ralph_v7 2026-05-27T16:58:21Z] check_done.sh exit=1
[ralph_v7 2026-05-27T16:58:21Z] red gates after fixer:      V7.4_deploy_parity_green,V7.6_mp3_input_passes,V7.7_text_transcript_input_passes,V7.8_computer_mic_input_passes,V7.9_external_mic_input_passes,V7.10_real_chrome_user_surface_no_clone,V7.11_100_stranger_successes,V7.12_20_successful_verb_categories,V7.13_5_hard_categories,V7.14_last_20_interactions_pass,V7.15_3_consecutive_mp3_evals_pass,V7.18_3_clean_room_public_installs
[ralph_v7 2026-05-27T16:58:21Z] wrote state/v7/loop_stuck.md
[ralph_v7 2026-05-27T16:59:21Z] ralph_v7 starting (PID 2168). cycle_sleep=30s fixer_max=300s
[ralph_v7 2026-05-27T16:59:21Z] ----- cycle 18 start -----
[ralph_v7 2026-05-27T16:59:21Z] check_done.sh
[ralph_v7 2026-05-27T17:00:53Z] check_done.sh exit=1
[ralph_v7 2026-05-27T17:00:53Z] red gates after first check: V7.4_deploy_parity_green,V7.6_mp3_input_passes,V7.7_text_transcript_input_passes,V7.8_computer_mic_input_passes,V7.9_external_mic_input_passes,V7.10_real_chrome_user_surface_no_clone,V7.11_100_stranger_successes,V7.12_20_successful_verb_categories,V7.13_5_hard_categories,V7.14_last_20_interactions_pass,V7.15_3_consecutive_mp3_evals_pass,V7.18_3_clean_room_public_installs
[ralph_v7 2026-05-27T17:00:53Z] first actionable red: V7.4_deploy_parity_green
[ralph_v7 2026-05-27T17:00:53Z] dispatch ship.sh
[ship] working tree is dirty. Commit, revert, or isolate unrelated changes before shipping.
 M state/check_done_v7.json
 M state/last_v6_transcript_audit.json
 M state/ship-build.log
 M state/stranger_breadth.json
 M state/strangers/5d2cce7a-e856-4aa3-8197-3d3f62782355/run.log
 M state/v7/loop.log
 M state/v7/loop.pid
 M state/v7/loop_cycle.txt
 M state/v7/loop_stuck.md
 M state/v7/manifest_commit_exception.json
 M state/v7/supervisor/autocommit.log
 M state/v7/supervisor/ralph_loop.log
 M state/v7/supervisor/ralph_v7.log
 M state/v7/supervisor/strangers.log
 M state/v7/supervisor_status.json
?? desktop/src-tauri/Cargo.lock
?? desktop/src-tauri/bin/anticipy-engine-aarch64-apple-darwin
?? desktop/src-tauri/resources/parakeet-tdt-0.6b-v3/README.md
?? desktop/src-tauri/resources/parakeet-tdt-0.6b-v3/config.json
?? desktop/src-tauri/resources/parakeet-tdt-0.6b-v3/model.safetensors
?? desktop/src-tauri/resources/parakeet-tdt-0.6b-v3/tokenizer.model
?? desktop/src-tauri/resources/parakeet-tdt-0.6b-v3/tokenizer.vocab
?? desktop/src-tauri/resources/parakeet-tdt-0.6b-v3/vocab.txt
?? desktop/target/
?? engine/anticipy-engine.spec
?? state/check_done_v6.json
?? state/ship-r2.log
?? state/strangers/5d2cce7a-e856-4aa3-8197-3d3f62782355/audio/
?? state/strangers/5d2cce7a-e856-4aa3-8197-3d3f62782355/baseline.json
?? state/strangers/5d2cce7a-e856-4aa3-8197-3d3f62782355/cost_breakdown.json
?? state/strangers/5d2cce7a-e856-4aa3-8197-3d3f62782355/driver_result.json
?? state/strangers/5d2cce7a-e856-4aa3-8197-3d3f62782355/listen_status.json
?? state/strangers/5d2cce7a-e856-4aa3-8197-3d3f62782355/proofs/
?? state/strangers/5d2cce7a-e856-4aa3-8197-3d3f62782355/surface_proof.json
?? state/strangers/5d2cce7a-e856-4aa3-8197-3d3f62782355/surface_proof_anticipy.json
?? state/strangers/5d2cce7a-e856-4aa3-8197-3d3f62782355/trace.json
?? state/strangers/5d2cce7a-e856-4aa3-8197-3d3f62782355/transcript_quality.json
?? state/strangers/5d2cce7a-e856-4aa3-8197-3d3f62782355/upload_response.json
?? state/strangers/5d2cce7a-e856-4aa3-8197-3d3f62782355/verdict.json
?? state/strangers/8b200433-7bdc-4a77-88ff-a53ca7ca32d5/
?? target/
?? tasks/
[ralph_v7 2026-05-27T17:00:53Z] fixer for V7.4 exit=1
[ralph_v7 2026-05-27T17:00:53Z] check_done.sh
[ralph_v7 2026-05-27T17:02:22Z] check_done.sh exit=1
[ralph_v7 2026-05-27T17:02:22Z] red gates after fixer:      V7.4_deploy_parity_green,V7.6_mp3_input_passes,V7.7_text_transcript_input_passes,V7.8_computer_mic_input_passes,V7.9_external_mic_input_passes,V7.10_real_chrome_user_surface_no_clone,V7.11_100_stranger_successes,V7.12_20_successful_verb_categories,V7.13_5_hard_categories,V7.14_last_20_interactions_pass,V7.15_3_consecutive_mp3_evals_pass,V7.18_3_clean_room_public_installs
[ralph_v7 2026-05-27T17:02:22Z] ----- cycle 18 end (sleep 30s) -----
[ralph_v7 2026-05-27T17:02:52Z] ----- cycle 19 start -----
[ralph_v7 2026-05-27T17:02:52Z] check_done.sh
[ralph_v7 2026-05-27T17:04:26Z] check_done.sh exit=1
[ralph_v7 2026-05-27T17:04:26Z] red gates after first check: V7.4_deploy_parity_green,V7.6_mp3_input_passes,V7.7_text_transcript_input_passes,V7.8_computer_mic_input_passes,V7.9_external_mic_input_passes,V7.10_real_chrome_user_surface_no_clone,V7.11_100_stranger_successes,V7.12_20_successful_verb_categories,V7.13_5_hard_categories,V7.14_last_20_interactions_pass,V7.15_3_consecutive_mp3_evals_pass,V7.18_3_clean_room_public_installs
[ralph_v7 2026-05-27T17:04:26Z] first actionable red: V7.4_deploy_parity_green
[ralph_v7 2026-05-27T17:04:26Z] dispatch ship.sh
[ship] working tree is dirty. Commit, revert, or isolate unrelated changes before shipping.
 M state/last_v6_transcript_audit.json
 M state/ship-build.log
 M state/v7/loop.log
 M state/v7/supervisor/autocommit.log
 M state/v7/supervisor/ralph_v7.log
 M state/v7/supervisor_status.json
?? desktop/src-tauri/Cargo.lock
?? desktop/src-tauri/bin/anticipy-engine-aarch64-apple-darwin
?? desktop/src-tauri/resources/parakeet-tdt-0.6b-v3/README.md
?? desktop/src-tauri/resources/parakeet-tdt-0.6b-v3/config.json
?? desktop/src-tauri/resources/parakeet-tdt-0.6b-v3/model.safetensors
?? desktop/src-tauri/resources/parakeet-tdt-0.6b-v3/tokenizer.model
?? desktop/src-tauri/resources/parakeet-tdt-0.6b-v3/tokenizer.vocab
?? desktop/src-tauri/resources/parakeet-tdt-0.6b-v3/vocab.txt
?? desktop/target/
?? engine/anticipy-engine.spec
?? state/check_done_v6.json
?? state/ship-r2.log
?? target/
?? tasks/
[ralph_v7 2026-05-27T17:04:26Z] fixer for V7.4 exit=1
[ralph_v7 2026-05-27T17:04:27Z] check_done.sh
[ralph_v7 2026-05-27T17:06:08Z] check_done.sh exit=1
[ralph_v7 2026-05-27T17:06:08Z] red gates after fixer:      V7.4_deploy_parity_green,V7.6_mp3_input_passes,V7.7_text_transcript_input_passes,V7.8_computer_mic_input_passes,V7.9_external_mic_input_passes,V7.10_real_chrome_user_surface_no_clone,V7.11_100_stranger_successes,V7.12_20_successful_verb_categories,V7.13_5_hard_categories,V7.14_last_20_interactions_pass,V7.15_3_consecutive_mp3_evals_pass,V7.18_3_clean_room_public_installs
[ralph_v7 2026-05-27T17:06:08Z] wrote state/v7/loop_stuck.md
[ralph_v7 2026-05-27T17:07:08Z] ralph_v7 starting (PID 7128). cycle_sleep=30s fixer_max=300s
[ralph_v7 2026-05-27T17:07:08Z] ----- cycle 20 start -----
[ralph_v7 2026-05-27T17:07:08Z] check_done.sh
[ralph_v7 2026-05-27T17:08:23Z] check_done.sh exit=128
[ralph_v7 2026-05-27T17:08:24Z] red gates after first check: V7.4_deploy_parity_green,V7.6_mp3_input_passes,V7.7_text_transcript_input_passes,V7.8_computer_mic_input_passes,V7.9_external_mic_input_passes,V7.10_real_chrome_user_surface_no_clone,V7.11_100_stranger_successes,V7.12_20_successful_verb_categories,V7.13_5_hard_categories,V7.14_last_20_interactions_pass,V7.15_3_consecutive_mp3_evals_pass,V7.18_3_clean_room_public_installs
[ralph_v7 2026-05-27T17:08:24Z] first actionable red: V7.4_deploy_parity_green
[ralph_v7 2026-05-27T17:08:24Z] dispatch ship.sh
[ship] working tree is dirty. Commit, revert, or isolate unrelated changes before shipping.
 M state/check_done_v7.json
 M state/last_v6_transcript_audit.json
 M state/ship-build.log
 M state/stranger_breadth.json
 M state/v7/loop.log
 M state/v7/loop.pid
 M state/v7/loop_cycle.txt
 M state/v7/loop_stuck.md
 M state/v7/manifest_commit_exception.json
 M state/v7/supervisor/autocommit.log
 M state/v7/supervisor/ralph_loop.log
 M state/v7/supervisor/ralph_v7.log
 M state/v7/supervisor/strangers.log
 M state/v7/supervisor_status.json
?? desktop/src-tauri/Cargo.lock
?? desktop/src-tauri/bin/anticipy-engine-aarch64-apple-darwin
?? desktop/src-tauri/resources/parakeet-tdt-0.6b-v3/README.md
?? desktop/src-tauri/resources/parakeet-tdt-0.6b-v3/config.json
?? desktop/src-tauri/resources/parakeet-tdt-0.6b-v3/model.safetensors
?? desktop/src-tauri/resources/parakeet-tdt-0.6b-v3/tokenizer.model
?? desktop/src-tauri/resources/parakeet-tdt-0.6b-v3/tokenizer.vocab
?? desktop/src-tauri/resources/parakeet-tdt-0.6b-v3/vocab.txt
?? desktop/target/
?? engine/anticipy-engine.spec
?? state/check_done_v6.json
?? state/ship-r2.log
?? state/strangers/8b200433-7bdc-4a77-88ff-a53ca7ca32d5/verdict.json
?? state/strangers/b501f884-3db0-4434-88aa-eeeb8aa66cb2/
?? target/
?? tasks/
[ralph_v7 2026-05-27T17:08:24Z] fixer for V7.4 exit=1
[ralph_v7 2026-05-27T17:08:24Z] check_done.sh
[ralph_v7 2026-05-27T17:10:06Z] check_done.sh exit=1
[ralph_v7 2026-05-27T17:10:06Z] red gates after fixer:      V7.4_deploy_parity_green,V7.6_mp3_input_passes,V7.7_text_transcript_input_passes,V7.8_computer_mic_input_passes,V7.9_external_mic_input_passes,V7.10_real_chrome_user_surface_no_clone,V7.11_100_stranger_successes,V7.12_20_successful_verb_categories,V7.13_5_hard_categories,V7.14_last_20_interactions_pass,V7.15_3_consecutive_mp3_evals_pass,V7.18_3_clean_room_public_installs
[ralph_v7 2026-05-27T17:10:06Z] ----- cycle 20 end (sleep 30s) -----
[ralph_v7 2026-05-27T17:10:36Z] ----- cycle 21 start -----
[ralph_v7 2026-05-27T17:10:36Z] check_done.sh
[ralph_v7 2026-05-27T17:12:16Z] check_done.sh exit=1
[ralph_v7 2026-05-27T17:12:16Z] red gates after first check: V7.4_deploy_parity_green,V7.6_mp3_input_passes,V7.7_text_transcript_input_passes,V7.8_computer_mic_input_passes,V7.9_external_mic_input_passes,V7.10_real_chrome_user_surface_no_clone,V7.11_100_stranger_successes,V7.12_20_successful_verb_categories,V7.13_5_hard_categories,V7.15_3_consecutive_mp3_evals_pass,V7.18_3_clean_room_public_installs
[ralph_v7 2026-05-27T17:12:16Z] first actionable red: V7.4_deploy_parity_green
[ralph_v7 2026-05-27T17:12:16Z] dispatch ship.sh
[ship] working tree is dirty. Commit, revert, or isolate unrelated changes before shipping.
 M state/check_done_v7.json
 M state/last_v6_transcript_audit.json
 M state/ship-build.log
 M state/stranger_breadth.json
 D state/strangers/20fa843f-0265-4f53-9c8a-053a9828d112/audio/uploaded_audio.aiff
 D state/strangers/20fa843f-0265-4f53-9c8a-053a9828d112/audio/uploaded_audio.mp3
 D state/strangers/20fa843f-0265-4f53-9c8a-053a9828d112/baseline.json
 D state/strangers/20fa843f-0265-4f53-9c8a-053a9828d112/cost_breakdown.json
 D state/strangers/20fa843f-0265-4f53-9c8a-053a9828d112/driver_result.json
 D state/strangers/20fa843f-0265-4f53-9c8a-053a9828d112/listen_status.json
 D state/strangers/20fa843f-0265-4f53-9c8a-053a9828d112/persona.json
 D state/strangers/20fa843f-0265-4f53-9c8a-053a9828d112/proofs/surface_proof/real_chrome_page_metadata.json
 D state/strangers/20fa843f-0265-4f53-9c8a-053a9828d112/proofs/surface_proof/real_chrome_screenshot.png
 D state/strangers/20fa843f-0265-4f53-9c8a-053a9828d112/proofs/surface_proof/real_chrome_visible_text.txt
 D state/strangers/20fa843f-0265-4f53-9c8a-053a9828d112/proofs/surface_proof_anticipy/real_chrome_page_metadata.json
 D state/strangers/20fa843f-0265-4f53-9c8a-053a9828d112/proofs/surface_proof_anticipy/real_chrome_screenshot.png
 D state/strangers/20fa843f-0265-4f53-9c8a-053a9828d112/proofs/surface_proof_anticipy/real_chrome_visible_text.txt
 D state/strangers/20fa843f-0265-4f53-9c8a-053a9828d112/run.log
 D state/strangers/20fa843f-0265-4f53-9c8a-053a9828d112/screenshots/baseline/proofs/real_surface_proof/real_chrome_page_metadata.json
 D state/strangers/20fa843f-0265-4f53-9c8a-053a9828d112/screenshots/baseline/proofs/real_surface_proof/real_chrome_screenshot.png
 D state/strangers/20fa843f-0265-4f53-9c8a-053a9828d112/screenshots/baseline/proofs/real_surface_proof/real_chrome_visible_text.txt
 D state/strangers/20fa843f-0265-4f53-9c8a-053a9828d112/screenshots/baseline/real_surface_proof.json
 D state/strangers/20fa843f-0265-4f53-9c8a-053a9828d112/script.json
 D state/strangers/20fa843f-0265-4f53-9c8a-053a9828d112/surface_proof.json
 D state/strangers/20fa843f-0265-4f53-9c8a-053a9828d112/surface_proof_anticipy.json
 D state/strangers/20fa843f-0265-4f53-9c8a-053a9828d112/trace.json
 D state/strangers/20fa843f-0265-4f53-9c8a-053a9828d112/transcript_quality.json
 D state/strangers/20fa843f-0265-4f53-9c8a-053a9828d112/upload_response.json
 M state/v7/loop.log
 M state/v7/supervisor/autocommit.log
 M state/v7/supervisor/ralph_v7.log
 M state/v7/supervisor/strangers.log
 M state/v7/supervisor_status.json
?? desktop/src-tauri/Cargo.lock
?? desktop/src-tauri/bin/anticipy-engine-aarch64-apple-darwin
?? desktop/src-tauri/resources/parakeet-tdt-0.6b-v3/README.md
?? desktop/src-tauri/resources/parakeet-tdt-0.6b-v3/config.json
?? desktop/src-tauri/resources/parakeet-tdt-0.6b-v3/model.safetensors
?? desktop/src-tauri/resources/parakeet-tdt-0.6b-v3/tokenizer.model
?? desktop/src-tauri/resources/parakeet-tdt-0.6b-v3/tokenizer.vocab
?? desktop/src-tauri/resources/parakeet-tdt-0.6b-v3/vocab.txt
?? desktop/target/
?? engine/anticipy-engine.spec
?? state/check_done_v6.json
?? state/ship-r2.log
?? target/
?? tasks/
[ralph_v7 2026-05-27T17:12:16Z] fixer for V7.4 exit=1
[ralph_v7 2026-05-27T17:12:16Z] check_done.sh
[ralph_v7 2026-05-27T17:13:46Z] check_done.sh exit=1
[ralph_v7 2026-05-27T17:13:46Z] red gates after fixer:      V7.4_deploy_parity_green,V7.6_mp3_input_passes,V7.7_text_transcript_input_passes,V7.8_computer_mic_input_passes,V7.9_external_mic_input_passes,V7.10_real_chrome_user_surface_no_clone,V7.11_100_stranger_successes,V7.12_20_successful_verb_categories,V7.13_5_hard_categories,V7.14_last_20_interactions_pass,V7.15_3_consecutive_mp3_evals_pass,V7.18_3_clean_room_public_installs
[ralph_v7 2026-05-27T17:13:46Z] wrote state/v7/loop_stuck.md
[ralph_v7 2026-05-27T17:14:46Z] ralph_v7 starting (PID 11365). cycle_sleep=30s fixer_max=300s
[ralph_v7 2026-05-27T17:14:46Z] ----- cycle 22 start -----
[ralph_v7 2026-05-27T17:14:46Z] check_done.sh
[ralph_v7 2026-05-27T17:16:13Z] check_done.sh exit=1
[ralph_v7 2026-05-27T17:16:13Z] red gates after first check: V7.4_deploy_parity_green,V7.6_mp3_input_passes,V7.7_text_transcript_input_passes,V7.8_computer_mic_input_passes,V7.9_external_mic_input_passes,V7.10_real_chrome_user_surface_no_clone,V7.11_100_stranger_successes,V7.12_20_successful_verb_categories,V7.13_5_hard_categories,V7.15_3_consecutive_mp3_evals_pass,V7.18_3_clean_room_public_installs
[ralph_v7 2026-05-27T17:16:13Z] first actionable red: V7.4_deploy_parity_green
[ralph_v7 2026-05-27T17:16:13Z] dispatch ship.sh
[ship] working tree is dirty. Commit, revert, or isolate unrelated changes before shipping.
 M state/check_done_v7.json
 M state/last_v6_transcript_audit.json
 M state/ship-build.log
 M state/stranger_breadth.json
 D state/strangers/20fa843f-0265-4f53-9c8a-053a9828d112/audio/uploaded_audio.aiff
 D state/strangers/20fa843f-0265-4f53-9c8a-053a9828d112/audio/uploaded_audio.mp3
 D state/strangers/20fa843f-0265-4f53-9c8a-053a9828d112/baseline.json
 D state/strangers/20fa843f-0265-4f53-9c8a-053a9828d112/cost_breakdown.json
 D state/strangers/20fa843f-0265-4f53-9c8a-053a9828d112/driver_result.json
 D state/strangers/20fa843f-0265-4f53-9c8a-053a9828d112/listen_status.json
 D state/strangers/20fa843f-0265-4f53-9c8a-053a9828d112/persona.json
 D state/strangers/20fa843f-0265-4f53-9c8a-053a9828d112/proofs/surface_proof/real_chrome_page_metadata.json
 D state/strangers/20fa843f-0265-4f53-9c8a-053a9828d112/proofs/surface_proof/real_chrome_screenshot.png
 D state/strangers/20fa843f-0265-4f53-9c8a-053a9828d112/proofs/surface_proof/real_chrome_visible_text.txt
 D state/strangers/20fa843f-0265-4f53-9c8a-053a9828d112/proofs/surface_proof_anticipy/real_chrome_page_metadata.json
 D state/strangers/20fa843f-0265-4f53-9c8a-053a9828d112/proofs/surface_proof_anticipy/real_chrome_screenshot.png
 D state/strangers/20fa843f-0265-4f53-9c8a-053a9828d112/proofs/surface_proof_anticipy/real_chrome_visible_text.txt
 D state/strangers/20fa843f-0265-4f53-9c8a-053a9828d112/run.log
 D state/strangers/20fa843f-0265-4f53-9c8a-053a9828d112/screenshots/baseline/proofs/real_surface_proof/real_chrome_page_metadata.json
 D state/strangers/20fa843f-0265-4f53-9c8a-053a9828d112/screenshots/baseline/proofs/real_surface_proof/real_chrome_screenshot.png
 D state/strangers/20fa843f-0265-4f53-9c8a-053a9828d112/screenshots/baseline/proofs/real_surface_proof/real_chrome_visible_text.txt
 D state/strangers/20fa843f-0265-4f53-9c8a-053a9828d112/screenshots/baseline/real_surface_proof.json
 D state/strangers/20fa843f-0265-4f53-9c8a-053a9828d112/script.json
 D state/strangers/20fa843f-0265-4f53-9c8a-053a9828d112/surface_proof.json
 D state/strangers/20fa843f-0265-4f53-9c8a-053a9828d112/surface_proof_anticipy.json
 D state/strangers/20fa843f-0265-4f53-9c8a-053a9828d112/trace.json
 D state/strangers/20fa843f-0265-4f53-9c8a-053a9828d112/transcript_quality.json
 D state/strangers/20fa843f-0265-4f53-9c8a-053a9828d112/upload_response.json
 M state/v7/loop.log
 M state/v7/loop.pid
 M state/v7/loop_cycle.txt
 M state/v7/loop_stuck.md
 M state/v7/manifest_commit_exception.json
 M state/v7/supervisor/autocommit.log
 M state/v7/supervisor/ralph_loop.log
 M state/v7/supervisor/ralph_v7.log
 M state/v7/supervisor/strangers.log
 M state/v7/supervisor_status.json
?? desktop/src-tauri/Cargo.lock
?? desktop/src-tauri/bin/anticipy-engine-aarch64-apple-darwin
?? desktop/src-tauri/resources/parakeet-tdt-0.6b-v3/README.md
?? desktop/src-tauri/resources/parakeet-tdt-0.6b-v3/config.json
?? desktop/src-tauri/resources/parakeet-tdt-0.6b-v3/model.safetensors
?? desktop/src-tauri/resources/parakeet-tdt-0.6b-v3/tokenizer.model
?? desktop/src-tauri/resources/parakeet-tdt-0.6b-v3/tokenizer.vocab
?? desktop/src-tauri/resources/parakeet-tdt-0.6b-v3/vocab.txt
?? desktop/target/
?? engine/anticipy-engine.spec
?? state/check_done_v6.json
?? state/ship-r2.log
?? target/
?? tasks/
[ralph_v7 2026-05-27T17:16:14Z] fixer for V7.4 exit=1
[ralph_v7 2026-05-27T17:16:14Z] check_done.sh
[ralph_v7 2026-05-27T17:17:46Z] check_done.sh exit=1
[ralph_v7 2026-05-27T17:17:46Z] red gates after fixer:      V7.4_deploy_parity_green,V7.6_mp3_input_passes,V7.7_text_transcript_input_passes,V7.8_computer_mic_input_passes,V7.9_external_mic_input_passes,V7.10_real_chrome_user_surface_no_clone,V7.11_100_stranger_successes,V7.12_20_successful_verb_categories,V7.13_5_hard_categories,V7.14_last_20_interactions_pass,V7.15_3_consecutive_mp3_evals_pass,V7.18_3_clean_room_public_installs
[ralph_v7 2026-05-27T17:17:46Z] ----- cycle 22 end (sleep 30s) -----
[ralph_v7 2026-05-27T17:18:16Z] ----- cycle 23 start -----
[ralph_v7 2026-05-27T17:18:16Z] check_done.sh
[ralph_v7 2026-05-27T17:19:06Z] check_done.sh exit=1
[ralph_v7 2026-05-27T17:19:06Z] red gates after first check: V7.2_public_dmg_installs,V7.4_deploy_parity_green,V7.5_public_dmg_sha_green,V7.6_mp3_input_passes,V7.7_text_transcript_input_passes,V7.8_computer_mic_input_passes,V7.9_external_mic_input_passes,V7.10_real_chrome_user_surface_no_clone,V7.11_100_stranger_successes,V7.12_20_successful_verb_categories,V7.13_5_hard_categories,V7.14_last_20_interactions_pass,V7.15_3_consecutive_mp3_evals_pass,V7.18_3_clean_room_public_installs
[ralph_v7 2026-05-27T17:19:06Z] first actionable red: V7.2_public_dmg_installs
[ralph_v7 2026-05-27T17:19:06Z] dispatch ship.sh
[ship] working tree is dirty. Commit, revert, or isolate unrelated changes before shipping.
 M state/check_done_v7.json
 M state/last_v6_transcript_audit.json
 M state/ship-build.log
 M state/stranger_breadth.json
 D state/strangers/20fa843f-0265-4f53-9c8a-053a9828d112/audio/uploaded_audio.aiff
 D state/strangers/20fa843f-0265-4f53-9c8a-053a9828d112/audio/uploaded_audio.mp3
 D state/strangers/20fa843f-0265-4f53-9c8a-053a9828d112/baseline.json
 D state/strangers/20fa843f-0265-4f53-9c8a-053a9828d112/cost_breakdown.json
 D state/strangers/20fa843f-0265-4f53-9c8a-053a9828d112/driver_result.json
 D state/strangers/20fa843f-0265-4f53-9c8a-053a9828d112/listen_status.json
 D state/strangers/20fa843f-0265-4f53-9c8a-053a9828d112/persona.json
 D state/strangers/20fa843f-0265-4f53-9c8a-053a9828d112/proofs/surface_proof/real_chrome_page_metadata.json
 D state/strangers/20fa843f-0265-4f53-9c8a-053a9828d112/proofs/surface_proof/real_chrome_screenshot.png
 D state/strangers/20fa843f-0265-4f53-9c8a-053a9828d112/proofs/surface_proof/real_chrome_visible_text.txt
 D state/strangers/20fa843f-0265-4f53-9c8a-053a9828d112/proofs/surface_proof_anticipy/real_chrome_page_metadata.json
 D state/strangers/20fa843f-0265-4f53-9c8a-053a9828d112/proofs/surface_proof_anticipy/real_chrome_screenshot.png
 D state/strangers/20fa843f-0265-4f53-9c8a-053a9828d112/proofs/surface_proof_anticipy/real_chrome_visible_text.txt
 D state/strangers/20fa843f-0265-4f53-9c8a-053a9828d112/run.log
 D state/strangers/20fa843f-0265-4f53-9c8a-053a9828d112/screenshots/baseline/proofs/real_surface_proof/real_chrome_page_metadata.json
 D state/strangers/20fa843f-0265-4f53-9c8a-053a9828d112/screenshots/baseline/proofs/real_surface_proof/real_chrome_screenshot.png
 D state/strangers/20fa843f-0265-4f53-9c8a-053a9828d112/screenshots/baseline/proofs/real_surface_proof/real_chrome_visible_text.txt
 D state/strangers/20fa843f-0265-4f53-9c8a-053a9828d112/screenshots/baseline/real_surface_proof.json
 D state/strangers/20fa843f-0265-4f53-9c8a-053a9828d112/script.json
 D state/strangers/20fa843f-0265-4f53-9c8a-053a9828d112/surface_proof.json
 D state/strangers/20fa843f-0265-4f53-9c8a-053a9828d112/surface_proof_anticipy.json
 D state/strangers/20fa843f-0265-4f53-9c8a-053a9828d112/trace.json
 D state/strangers/20fa843f-0265-4f53-9c8a-053a9828d112/transcript_quality.json
 D state/strangers/20fa843f-0265-4f53-9c8a-053a9828d112/upload_response.json
 M state/v7/loop.log
 M state/v7/loop.pid
 M state/v7/loop_cycle.txt
 M state/v7/loop_stuck.md
 M state/v7/manifest_commit_exception.json
 M state/v7/supervisor/autocommit.log
 M state/v7/supervisor/ralph_loop.log
 M state/v7/supervisor/ralph_v7.log
 M state/v7/supervisor/strangers.log
 M state/v7/supervisor_status.json
?? desktop/src-tauri/Cargo.lock
?? desktop/src-tauri/bin/anticipy-engine-aarch64-apple-darwin
?? desktop/src-tauri/resources/parakeet-tdt-0.6b-v3/README.md
?? desktop/src-tauri/resources/parakeet-tdt-0.6b-v3/config.json
?? desktop/src-tauri/resources/parakeet-tdt-0.6b-v3/model.safetensors
?? desktop/src-tauri/resources/parakeet-tdt-0.6b-v3/tokenizer.model
?? desktop/src-tauri/resources/parakeet-tdt-0.6b-v3/tokenizer.vocab
?? desktop/src-tauri/resources/parakeet-tdt-0.6b-v3/vocab.txt
?? desktop/target/
?? engine/anticipy-engine.spec
?? state/check_done_v6.json
?? state/ship-r2.log
?? state/strangers/8afcd693-1511-4c6c-8f15-1f42dba102bb/
?? target/
?? tasks/
[ralph_v7 2026-05-27T17:19:07Z] fixer for V7.2 exit=1
[ralph_v7 2026-05-27T17:19:07Z] check_done.sh
[ralph_v7 2026-05-27T17:20:22Z] check_done.sh exit=128
[ralph_v7 2026-05-27T17:20:22Z] red gates after fixer:      V7.2_public_dmg_installs,V7.4_deploy_parity_green,V7.5_public_dmg_sha_green,V7.6_mp3_input_passes,V7.7_text_transcript_input_passes,V7.8_computer_mic_input_passes,V7.9_external_mic_input_passes,V7.10_real_chrome_user_surface_no_clone,V7.11_100_stranger_successes,V7.12_20_successful_verb_categories,V7.13_5_hard_categories,V7.14_last_20_interactions_pass,V7.15_3_consecutive_mp3_evals_pass,V7.18_3_clean_room_public_installs
[ralph_v7 2026-05-27T17:20:22Z] ----- cycle 23 end (sleep 30s) -----
[ralph_v7 2026-05-27T17:20:52Z] ----- cycle 24 start -----
[ralph_v7 2026-05-27T17:20:52Z] check_done.sh
[ralph_v7 2026-05-27T17:22:26Z] check_done.sh exit=1
[ralph_v7 2026-05-27T17:22:26Z] red gates after first check: V7.4_deploy_parity_green,V7.6_mp3_input_passes,V7.7_text_transcript_input_passes,V7.8_computer_mic_input_passes,V7.9_external_mic_input_passes,V7.10_real_chrome_user_surface_no_clone,V7.11_100_stranger_successes,V7.12_20_successful_verb_categories,V7.13_5_hard_categories,V7.14_last_20_interactions_pass,V7.15_3_consecutive_mp3_evals_pass,V7.18_3_clean_room_public_installs
[ralph_v7 2026-05-27T17:22:26Z] first actionable red: V7.4_deploy_parity_green
[ralph_v7 2026-05-27T17:22:27Z] dispatch ship.sh
[ship] working tree is dirty. Commit, revert, or isolate unrelated changes before shipping.
 M state/check_done_v7.json
 M state/last_v6_transcript_audit.json
 M state/ship-build.log
 M state/stranger_breadth.json
 D state/strangers/20fa843f-0265-4f53-9c8a-053a9828d112/audio/uploaded_audio.aiff
 D state/strangers/20fa843f-0265-4f53-9c8a-053a9828d112/audio/uploaded_audio.mp3
 D state/strangers/20fa843f-0265-4f53-9c8a-053a9828d112/baseline.json
 D state/strangers/20fa843f-0265-4f53-9c8a-053a9828d112/cost_breakdown.json
 D state/strangers/20fa843f-0265-4f53-9c8a-053a9828d112/driver_result.json
 D state/strangers/20fa843f-0265-4f53-9c8a-053a9828d112/listen_status.json
 D state/strangers/20fa843f-0265-4f53-9c8a-053a9828d112/persona.json
 D state/strangers/20fa843f-0265-4f53-9c8a-053a9828d112/proofs/surface_proof/real_chrome_page_metadata.json
 D state/strangers/20fa843f-0265-4f53-9c8a-053a9828d112/proofs/surface_proof/real_chrome_screenshot.png
 D state/strangers/20fa843f-0265-4f53-9c8a-053a9828d112/proofs/surface_proof/real_chrome_visible_text.txt
 D state/strangers/20fa843f-0265-4f53-9c8a-053a9828d112/proofs/surface_proof_anticipy/real_chrome_page_metadata.json
 D state/strangers/20fa843f-0265-4f53-9c8a-053a9828d112/proofs/surface_proof_anticipy/real_chrome_screenshot.png
 D state/strangers/20fa843f-0265-4f53-9c8a-053a9828d112/proofs/surface_proof_anticipy/real_chrome_visible_text.txt
 D state/strangers/20fa843f-0265-4f53-9c8a-053a9828d112/run.log
 D state/strangers/20fa843f-0265-4f53-9c8a-053a9828d112/screenshots/baseline/proofs/real_surface_proof/real_chrome_page_metadata.json
 D state/strangers/20fa843f-0265-4f53-9c8a-053a9828d112/screenshots/baseline/proofs/real_surface_proof/real_chrome_screenshot.png
 D state/strangers/20fa843f-0265-4f53-9c8a-053a9828d112/screenshots/baseline/proofs/real_surface_proof/real_chrome_visible_text.txt
 D state/strangers/20fa843f-0265-4f53-9c8a-053a9828d112/screenshots/baseline/real_surface_proof.json
 D state/strangers/20fa843f-0265-4f53-9c8a-053a9828d112/script.json
 D state/strangers/20fa843f-0265-4f53-9c8a-053a9828d112/surface_proof.json
 D state/strangers/20fa843f-0265-4f53-9c8a-053a9828d112/surface_proof_anticipy.json
 D state/strangers/20fa843f-0265-4f53-9c8a-053a9828d112/trace.json
 D state/strangers/20fa843f-0265-4f53-9c8a-053a9828d112/transcript_quality.json
 D state/strangers/20fa843f-0265-4f53-9c8a-053a9828d112/upload_response.json
 M state/v7/loop.log
 M state/v7/loop.pid
 M state/v7/loop_cycle.txt
 M state/v7/loop_stuck.md
 M state/v7/manifest_commit_exception.json
 M state/v7/supervisor/autocommit.log
 M state/v7/supervisor/ralph_loop.log
 M state/v7/supervisor/ralph_v7.log
 M state/v7/supervisor/strangers.log
 M state/v7/supervisor_status.json
?? desktop/src-tauri/Cargo.lock
?? desktop/src-tauri/bin/anticipy-engine-aarch64-apple-darwin
?? desktop/src-tauri/resources/parakeet-tdt-0.6b-v3/README.md
?? desktop/src-tauri/resources/parakeet-tdt-0.6b-v3/config.json
?? desktop/src-tauri/resources/parakeet-tdt-0.6b-v3/model.safetensors
?? desktop/src-tauri/resources/parakeet-tdt-0.6b-v3/tokenizer.model
?? desktop/src-tauri/resources/parakeet-tdt-0.6b-v3/tokenizer.vocab
?? desktop/src-tauri/resources/parakeet-tdt-0.6b-v3/vocab.txt
?? desktop/target/
?? engine/anticipy-engine.spec
?? state/check_done_v6.json
?? state/ship-r2.log
?? state/strangers/8afcd693-1511-4c6c-8f15-1f42dba102bb/
?? state/strangers/9efa2d39-c41a-4c87-94d9-9343e7a4bde2/
?? target/
?? tasks/
[ralph_v7 2026-05-27T17:22:27Z] fixer for V7.4 exit=1
[ralph_v7 2026-05-27T17:22:27Z] check_done.sh
[ralph_v7 2026-05-27T17:23:57Z] check_done.sh exit=1
[ralph_v7 2026-05-27T17:23:57Z] red gates after fixer:      V7.4_deploy_parity_green,V7.6_mp3_input_passes,V7.7_text_transcript_input_passes,V7.8_computer_mic_input_passes,V7.9_external_mic_input_passes,V7.10_real_chrome_user_surface_no_clone,V7.11_100_stranger_successes,V7.12_20_successful_verb_categories,V7.13_5_hard_categories,V7.15_3_consecutive_mp3_evals_pass,V7.18_3_clean_room_public_installs
[ralph_v7 2026-05-27T17:23:57Z] ----- cycle 24 end (sleep 30s) -----
[ralph_v7 2026-05-27T17:24:27Z] ----- cycle 25 start -----
[ralph_v7 2026-05-27T17:24:27Z] check_done.sh
[ralph_v7 2026-05-27T17:25:55Z] check_done.sh exit=1
[ralph_v7 2026-05-27T17:25:55Z] red gates after first check: V7.4_deploy_parity_green,V7.6_mp3_input_passes,V7.7_text_transcript_input_passes,V7.8_computer_mic_input_passes,V7.9_external_mic_input_passes,V7.10_real_chrome_user_surface_no_clone,V7.11_100_stranger_successes,V7.12_20_successful_verb_categories,V7.13_5_hard_categories,V7.14_last_20_interactions_pass,V7.15_3_consecutive_mp3_evals_pass,V7.18_3_clean_room_public_installs
[ralph_v7 2026-05-27T17:25:55Z] first actionable red: V7.4_deploy_parity_green
[ralph_v7 2026-05-27T17:25:56Z] dispatch ship.sh
[ship] working tree is dirty. Commit, revert, or isolate unrelated changes before shipping.
 M state/check_done_v7.json
 M state/last_v6_transcript_audit.json
 M state/ship-build.log
 M state/stranger_breadth.json
 D state/strangers/20fa843f-0265-4f53-9c8a-053a9828d112/audio/uploaded_audio.aiff
 D state/strangers/20fa843f-0265-4f53-9c8a-053a9828d112/audio/uploaded_audio.mp3
 D state/strangers/20fa843f-0265-4f53-9c8a-053a9828d112/baseline.json
 D state/strangers/20fa843f-0265-4f53-9c8a-053a9828d112/cost_breakdown.json
 D state/strangers/20fa843f-0265-4f53-9c8a-053a9828d112/driver_result.json
 D state/strangers/20fa843f-0265-4f53-9c8a-053a9828d112/listen_status.json
 D state/strangers/20fa843f-0265-4f53-9c8a-053a9828d112/persona.json
 D state/strangers/20fa843f-0265-4f53-9c8a-053a9828d112/proofs/surface_proof/real_chrome_page_metadata.json
 D state/strangers/20fa843f-0265-4f53-9c8a-053a9828d112/proofs/surface_proof/real_chrome_screenshot.png
 D state/strangers/20fa843f-0265-4f53-9c8a-053a9828d112/proofs/surface_proof/real_chrome_visible_text.txt
 D state/strangers/20fa843f-0265-4f53-9c8a-053a9828d112/proofs/surface_proof_anticipy/real_chrome_page_metadata.json
 D state/strangers/20fa843f-0265-4f53-9c8a-053a9828d112/proofs/surface_proof_anticipy/real_chrome_screenshot.png
 D state/strangers/20fa843f-0265-4f53-9c8a-053a9828d112/proofs/surface_proof_anticipy/real_chrome_visible_text.txt
 D state/strangers/20fa843f-0265-4f53-9c8a-053a9828d112/run.log
 D state/strangers/20fa843f-0265-4f53-9c8a-053a9828d112/screenshots/baseline/proofs/real_surface_proof/real_chrome_page_metadata.json
 D state/strangers/20fa843f-0265-4f53-9c8a-053a9828d112/screenshots/baseline/proofs/real_surface_proof/real_chrome_screenshot.png
 D state/strangers/20fa843f-0265-4f53-9c8a-053a9828d112/screenshots/baseline/proofs/real_surface_proof/real_chrome_visible_text.txt
 D state/strangers/20fa843f-0265-4f53-9c8a-053a9828d112/screenshots/baseline/real_surface_proof.json
 D state/strangers/20fa843f-0265-4f53-9c8a-053a9828d112/script.json
 D state/strangers/20fa843f-0265-4f53-9c8a-053a9828d112/surface_proof.json
 D state/strangers/20fa843f-0265-4f53-9c8a-053a9828d112/surface_proof_anticipy.json
 D state/strangers/20fa843f-0265-4f53-9c8a-053a9828d112/trace.json
 D state/strangers/20fa843f-0265-4f53-9c8a-053a9828d112/transcript_quality.json
 D state/strangers/20fa843f-0265-4f53-9c8a-053a9828d112/upload_response.json
 M state/v7/loop.log
 M state/v7/loop.pid
 M state/v7/loop_cycle.txt
 M state/v7/loop_stuck.md
 M state/v7/manifest_commit_exception.json
 M state/v7/supervisor/autocommit.log
 M state/v7/supervisor/ralph_loop.log
 M state/v7/supervisor/ralph_v7.log
 M state/v7/supervisor/strangers.log
 M state/v7/supervisor_status.json
?? desktop/src-tauri/Cargo.lock
?? desktop/src-tauri/bin/anticipy-engine-aarch64-apple-darwin
?? desktop/src-tauri/resources/parakeet-tdt-0.6b-v3/README.md
?? desktop/src-tauri/resources/parakeet-tdt-0.6b-v3/config.json
?? desktop/src-tauri/resources/parakeet-tdt-0.6b-v3/model.safetensors
?? desktop/src-tauri/resources/parakeet-tdt-0.6b-v3/tokenizer.model
?? desktop/src-tauri/resources/parakeet-tdt-0.6b-v3/tokenizer.vocab
?? desktop/src-tauri/resources/parakeet-tdt-0.6b-v3/vocab.txt
?? desktop/target/
?? engine/anticipy-engine.spec
?? state/check_done_v6.json
?? state/ship-r2.log
?? state/strangers/8afcd693-1511-4c6c-8f15-1f42dba102bb/
?? state/strangers/9efa2d39-c41a-4c87-94d9-9343e7a4bde2/
?? state/strangers/a9c36609-cd0c-4d5e-a44b-be27568e267e/
?? target/
?? tasks/
[ralph_v7 2026-05-27T17:25:57Z] fixer for V7.4 exit=1
[ralph_v7 2026-05-27T17:25:57Z] check_done.sh
[ralph_v7 2026-05-27T17:27:25Z] check_done.sh exit=1
[ralph_v7 2026-05-27T17:27:25Z] red gates after fixer:      V7.4_deploy_parity_green,V7.6_mp3_input_passes,V7.7_text_transcript_input_passes,V7.8_computer_mic_input_passes,V7.9_external_mic_input_passes,V7.10_real_chrome_user_surface_no_clone,V7.11_100_stranger_successes,V7.12_20_successful_verb_categories,V7.13_5_hard_categories,V7.14_last_20_interactions_pass,V7.15_3_consecutive_mp3_evals_pass,V7.18_3_clean_room_public_installs
[ralph_v7 2026-05-27T17:27:25Z] ----- cycle 25 end (sleep 30s) -----
[ralph_v7 2026-05-27T17:27:55Z] ----- cycle 26 start -----
[ralph_v7 2026-05-27T17:27:55Z] check_done.sh
[ralph_v7 2026-05-27T17:29:27Z] check_done.sh exit=1
[ralph_v7 2026-05-27T17:29:27Z] red gates after first check: V7.4_deploy_parity_green,V7.6_mp3_input_passes,V7.7_text_transcript_input_passes,V7.8_computer_mic_input_passes,V7.9_external_mic_input_passes,V7.10_real_chrome_user_surface_no_clone,V7.11_100_stranger_successes,V7.12_20_successful_verb_categories,V7.13_5_hard_categories,V7.15_3_consecutive_mp3_evals_pass,V7.18_3_clean_room_public_installs
[ralph_v7 2026-05-27T17:29:27Z] first actionable red: V7.4_deploy_parity_green
[ralph_v7 2026-05-27T17:29:27Z] dispatch ship.sh
[ship] working tree is dirty. Commit, revert, or isolate unrelated changes before shipping.
 M state/check_done_v7.json
 M state/last_v6_transcript_audit.json
 M state/ship-build.log
 M state/v7/loop.log
 M state/v7/supervisor/autocommit.log
 M state/v7/supervisor/ralph_v7.log
 M state/v7/supervisor_status.json
?? desktop/src-tauri/Cargo.lock
?? desktop/src-tauri/bin/anticipy-engine-aarch64-apple-darwin
?? desktop/src-tauri/resources/parakeet-tdt-0.6b-v3/README.md
?? desktop/src-tauri/resources/parakeet-tdt-0.6b-v3/config.json
?? desktop/src-tauri/resources/parakeet-tdt-0.6b-v3/model.safetensors
?? desktop/src-tauri/resources/parakeet-tdt-0.6b-v3/tokenizer.model
?? desktop/src-tauri/resources/parakeet-tdt-0.6b-v3/tokenizer.vocab
?? desktop/src-tauri/resources/parakeet-tdt-0.6b-v3/vocab.txt
?? desktop/target/
?? engine/anticipy-engine.spec
?? state/check_done_v6.json
?? state/ship-r2.log
?? target/
?? tasks/
[ralph_v7 2026-05-27T17:29:27Z] fixer for V7.4 exit=1
[ralph_v7 2026-05-27T17:29:27Z] check_done.sh
[ralph_v7 2026-05-27T17:31:02Z] check_done.sh exit=1
[ralph_v7 2026-05-27T17:31:02Z] red gates after fixer:      V7.4_deploy_parity_green,V7.6_mp3_input_passes,V7.7_text_transcript_input_passes,V7.8_computer_mic_input_passes,V7.9_external_mic_input_passes,V7.10_real_chrome_user_surface_no_clone,V7.11_100_stranger_successes,V7.12_20_successful_verb_categories,V7.13_5_hard_categories,V7.14_last_20_interactions_pass,V7.15_3_consecutive_mp3_evals_pass,V7.18_3_clean_room_public_installs
[ralph_v7 2026-05-27T17:31:02Z] wrote state/v7/loop_stuck.md
[ralph_v7 2026-05-27T17:32:02Z] ralph_v7 starting (PID 21266). cycle_sleep=30s fixer_max=300s
[ralph_v7 2026-05-27T17:32:03Z] ----- cycle 27 start -----
[ralph_v7 2026-05-27T17:32:03Z] check_done.sh
[ralph_v7 2026-05-27T17:33:34Z] check_done.sh exit=1
[ralph_v7 2026-05-27T17:33:34Z] red gates after first check: V7.4_deploy_parity_green,V7.6_mp3_input_passes,V7.7_text_transcript_input_passes,V7.8_computer_mic_input_passes,V7.9_external_mic_input_passes,V7.10_real_chrome_user_surface_no_clone,V7.11_100_stranger_successes,V7.12_20_successful_verb_categories,V7.13_5_hard_categories,V7.15_3_consecutive_mp3_evals_pass,V7.18_3_clean_room_public_installs
[ralph_v7 2026-05-27T17:33:34Z] first actionable red: V7.4_deploy_parity_green
[ralph_v7 2026-05-27T17:33:34Z] dispatch ship.sh
[ship] working tree is dirty. Commit, revert, or isolate unrelated changes before shipping.
 M state/check_done_v7.json
 M state/last_v6_transcript_audit.json
 M state/ship-build.log
 M state/v7/loop.log
 M state/v7/loop.pid
 M state/v7/loop_cycle.txt
 M state/v7/loop_stuck.md
 M state/v7/manifest_commit_exception.json
 M state/v7/supervisor/autocommit.log
 M state/v7/supervisor/ralph_loop.log
 M state/v7/supervisor/ralph_v7.log
 M state/v7/supervisor/strangers.log
 M state/v7/supervisor_status.json
?? desktop/src-tauri/Cargo.lock
?? desktop/src-tauri/bin/anticipy-engine-aarch64-apple-darwin
?? desktop/src-tauri/resources/parakeet-tdt-0.6b-v3/README.md
?? desktop/src-tauri/resources/parakeet-tdt-0.6b-v3/config.json
?? desktop/src-tauri/resources/parakeet-tdt-0.6b-v3/model.safetensors
?? desktop/src-tauri/resources/parakeet-tdt-0.6b-v3/tokenizer.model
?? desktop/src-tauri/resources/parakeet-tdt-0.6b-v3/tokenizer.vocab
?? desktop/src-tauri/resources/parakeet-tdt-0.6b-v3/vocab.txt
?? desktop/target/
?? engine/anticipy-engine.spec
?? state/check_done_v6.json
?? state/ship-r2.log
?? target/
?? tasks/
[ralph_v7 2026-05-27T17:33:34Z] fixer for V7.4 exit=1
[ralph_v7 2026-05-27T17:33:34Z] check_done.sh
[ralph_v7 2026-05-27T17:35:04Z] check_done.sh exit=1
[ralph_v7 2026-05-27T17:35:04Z] red gates after fixer:      V7.4_deploy_parity_green,V7.6_mp3_input_passes,V7.7_text_transcript_input_passes,V7.8_computer_mic_input_passes,V7.9_external_mic_input_passes,V7.10_real_chrome_user_surface_no_clone,V7.11_100_stranger_successes,V7.12_20_successful_verb_categories,V7.13_5_hard_categories,V7.14_last_20_interactions_pass,V7.15_3_consecutive_mp3_evals_pass,V7.18_3_clean_room_public_installs
[ralph_v7 2026-05-27T17:35:04Z] ----- cycle 27 end (sleep 30s) -----
[ralph_v7 2026-05-27T17:35:34Z] ----- cycle 28 start -----
[ralph_v7 2026-05-27T17:35:34Z] check_done.sh
[ralph_v7 2026-05-27T17:37:05Z] check_done.sh exit=1
[ralph_v7 2026-05-27T17:37:06Z] red gates after first check: V7.4_deploy_parity_green,V7.6_mp3_input_passes,V7.7_text_transcript_input_passes,V7.8_computer_mic_input_passes,V7.9_external_mic_input_passes,V7.10_real_chrome_user_surface_no_clone,V7.11_100_stranger_successes,V7.12_20_successful_verb_categories,V7.13_5_hard_categories,V7.15_3_consecutive_mp3_evals_pass,V7.18_3_clean_room_public_installs
[ralph_v7 2026-05-27T17:37:06Z] first actionable red: V7.4_deploy_parity_green
[ralph_v7 2026-05-27T17:37:06Z] dispatch ship.sh
[ship] working tree is dirty. Commit, revert, or isolate unrelated changes before shipping.
 M state/check_done_v7.json
 M state/last_v6_transcript_audit.json
 M state/ship-build.log
 M state/v7/loop.log
 M state/v7/loop.pid
 M state/v7/loop_cycle.txt
 M state/v7/loop_stuck.md
 M state/v7/manifest_commit_exception.json
 M state/v7/supervisor/autocommit.log
 M state/v7/supervisor/ralph_loop.log
 M state/v7/supervisor/ralph_v7.log
 M state/v7/supervisor/strangers.log
 M state/v7/supervisor_status.json
?? desktop/src-tauri/Cargo.lock
?? desktop/src-tauri/bin/anticipy-engine-aarch64-apple-darwin
?? desktop/src-tauri/resources/parakeet-tdt-0.6b-v3/README.md
?? desktop/src-tauri/resources/parakeet-tdt-0.6b-v3/config.json
?? desktop/src-tauri/resources/parakeet-tdt-0.6b-v3/model.safetensors
?? desktop/src-tauri/resources/parakeet-tdt-0.6b-v3/tokenizer.model
?? desktop/src-tauri/resources/parakeet-tdt-0.6b-v3/tokenizer.vocab
?? desktop/src-tauri/resources/parakeet-tdt-0.6b-v3/vocab.txt
?? desktop/target/
?? engine/anticipy-engine.spec
?? state/check_done_v6.json
?? state/ship-r2.log
?? target/
?? tasks/
[ralph_v7 2026-05-27T17:37:06Z] fixer for V7.4 exit=1
[ralph_v7 2026-05-27T17:37:06Z] check_done.sh
[ralph_v7 2026-05-27T17:38:22Z] check_done.sh exit=128
[ralph_v7 2026-05-27T17:38:22Z] red gates after fixer:      V7.4_deploy_parity_green,V7.6_mp3_input_passes,V7.7_text_transcript_input_passes,V7.8_computer_mic_input_passes,V7.9_external_mic_input_passes,V7.10_real_chrome_user_surface_no_clone,V7.11_100_stranger_successes,V7.12_20_successful_verb_categories,V7.13_5_hard_categories,V7.15_3_consecutive_mp3_evals_pass,V7.18_3_clean_room_public_installs
[ralph_v7 2026-05-27T17:38:22Z] ----- cycle 28 end (sleep 30s) -----
[ralph_v7 2026-05-27T17:38:52Z] ----- cycle 29 start -----
[ralph_v7 2026-05-27T17:38:52Z] check_done.sh
[ralph_v7 2026-05-27T17:40:25Z] check_done.sh exit=1
[ralph_v7 2026-05-27T17:40:25Z] red gates after first check: V7.4_deploy_parity_green,V7.6_mp3_input_passes,V7.7_text_transcript_input_passes,V7.8_computer_mic_input_passes,V7.9_external_mic_input_passes,V7.10_real_chrome_user_surface_no_clone,V7.11_100_stranger_successes,V7.12_20_successful_verb_categories,V7.15_3_consecutive_mp3_evals_pass,V7.18_3_clean_room_public_installs
[ralph_v7 2026-05-27T17:40:25Z] first actionable red: V7.4_deploy_parity_green
[ralph_v7 2026-05-27T17:40:25Z] dispatch ship.sh
[ship] working tree is dirty. Commit, revert, or isolate unrelated changes before shipping.
 M state/check_done_v7.json
 M state/last_v6_transcript_audit.json
 M state/ship-build.log
 M state/stranger_breadth.json
 M state/strangers/f7d63d79-5243-446d-ac73-29ef8d65fec9/run.log
 M state/v7/loop.log
 M state/v7/supervisor/autocommit.log
 M state/v7/supervisor/ralph_v7.log
 M state/v7/supervisor/strangers.log
 M state/v7/supervisor_status.json
?? desktop/src-tauri/Cargo.lock
?? desktop/src-tauri/bin/anticipy-engine-aarch64-apple-darwin
?? desktop/src-tauri/resources/parakeet-tdt-0.6b-v3/README.md
?? desktop/src-tauri/resources/parakeet-tdt-0.6b-v3/config.json
?? desktop/src-tauri/resources/parakeet-tdt-0.6b-v3/model.safetensors
?? desktop/src-tauri/resources/parakeet-tdt-0.6b-v3/tokenizer.model
?? desktop/src-tauri/resources/parakeet-tdt-0.6b-v3/tokenizer.vocab
?? desktop/src-tauri/resources/parakeet-tdt-0.6b-v3/vocab.txt
?? desktop/target/
?? engine/anticipy-engine.spec
?? state/check_done_v6.json
?? state/ship-r2.log
?? state/strangers/f7d63d79-5243-446d-ac73-29ef8d65fec9/cost_breakdown.json
?? state/strangers/f7d63d79-5243-446d-ac73-29ef8d65fec9/driver_result.json
?? state/strangers/f7d63d79-5243-446d-ac73-29ef8d65fec9/proofs/
?? state/strangers/f7d63d79-5243-446d-ac73-29ef8d65fec9/surface_proof.json
?? state/strangers/f7d63d79-5243-446d-ac73-29ef8d65fec9/surface_proof_anticipy.json
?? state/strangers/f7d63d79-5243-446d-ac73-29ef8d65fec9/trace.json
?? state/strangers/f7d63d79-5243-446d-ac73-29ef8d65fec9/transcript_quality.json
?? state/strangers/f7d63d79-5243-446d-ac73-29ef8d65fec9/verdict.json
?? target/
?? tasks/
[ralph_v7 2026-05-27T17:40:26Z] fixer for V7.4 exit=1
[ralph_v7 2026-05-27T17:40:26Z] check_done.sh
[ralph_v7 2026-05-27T17:41:53Z] check_done.sh exit=1
[ralph_v7 2026-05-27T17:41:53Z] red gates after fixer:      V7.4_deploy_parity_green,V7.6_mp3_input_passes,V7.7_text_transcript_input_passes,V7.8_computer_mic_input_passes,V7.9_external_mic_input_passes,V7.10_real_chrome_user_surface_no_clone,V7.11_100_stranger_successes,V7.12_20_successful_verb_categories,V7.14_last_20_interactions_pass,V7.15_3_consecutive_mp3_evals_pass,V7.18_3_clean_room_public_installs
[ralph_v7 2026-05-27T17:41:53Z] ----- cycle 29 end (sleep 30s) -----
[ralph_v7 2026-05-27T17:42:23Z] ----- cycle 30 start -----
[ralph_v7 2026-05-27T17:42:23Z] check_done.sh
[ralph_v7 2026-05-27T17:43:54Z] check_done.sh exit=1
[ralph_v7 2026-05-27T17:43:54Z] red gates after first check: V7.4_deploy_parity_green,V7.6_mp3_input_passes,V7.7_text_transcript_input_passes,V7.8_computer_mic_input_passes,V7.9_external_mic_input_passes,V7.10_real_chrome_user_surface_no_clone,V7.11_100_stranger_successes,V7.12_20_successful_verb_categories,V7.14_last_20_interactions_pass,V7.15_3_consecutive_mp3_evals_pass,V7.18_3_clean_room_public_installs
[ralph_v7 2026-05-27T17:43:54Z] first actionable red: V7.4_deploy_parity_green
[ralph_v7 2026-05-27T17:43:54Z] dispatch ship.sh
[ship] working tree is dirty. Commit, revert, or isolate unrelated changes before shipping.
 M state/check_done_v7.json
 M state/last_v6_transcript_audit.json
 M state/ship-build.log
 M state/stranger_breadth.json
 M state/strangers/f7d63d79-5243-446d-ac73-29ef8d65fec9/run.log
 M state/v7/loop.log
 M state/v7/loop_cycle.txt
 M state/v7/manifest_commit_exception.json
 M state/v7/supervisor/autocommit.log
 M state/v7/supervisor/ralph_v7.log
 M state/v7/supervisor/strangers.log
 M state/v7/supervisor_status.json
?? desktop/src-tauri/Cargo.lock
?? desktop/src-tauri/bin/anticipy-engine-aarch64-apple-darwin
?? desktop/src-tauri/resources/parakeet-tdt-0.6b-v3/README.md
?? desktop/src-tauri/resources/parakeet-tdt-0.6b-v3/config.json
?? desktop/src-tauri/resources/parakeet-tdt-0.6b-v3/model.safetensors
?? desktop/src-tauri/resources/parakeet-tdt-0.6b-v3/tokenizer.model
?? desktop/src-tauri/resources/parakeet-tdt-0.6b-v3/tokenizer.vocab
?? desktop/src-tauri/resources/parakeet-tdt-0.6b-v3/vocab.txt
?? desktop/target/
?? engine/anticipy-engine.spec
?? state/check_done_v6.json
?? state/ship-r2.log
?? state/strangers/9b33f731-e484-4ade-9c68-1655149f9731/
?? state/strangers/f7d63d79-5243-446d-ac73-29ef8d65fec9/cost_breakdown.json
?? state/strangers/f7d63d79-5243-446d-ac73-29ef8d65fec9/driver_result.json
?? state/strangers/f7d63d79-5243-446d-ac73-29ef8d65fec9/proofs/
?? state/strangers/f7d63d79-5243-446d-ac73-29ef8d65fec9/surface_proof.json
?? state/strangers/f7d63d79-5243-446d-ac73-29ef8d65fec9/surface_proof_anticipy.json
?? state/strangers/f7d63d79-5243-446d-ac73-29ef8d65fec9/trace.json
?? state/strangers/f7d63d79-5243-446d-ac73-29ef8d65fec9/transcript_quality.json
?? state/strangers/f7d63d79-5243-446d-ac73-29ef8d65fec9/verdict.json
?? target/
?? tasks/
[ralph_v7 2026-05-27T17:43:54Z] fixer for V7.4 exit=1
[ralph_v7 2026-05-27T17:43:54Z] check_done.sh
[ralph_v7 2026-05-27T17:45:25Z] check_done.sh exit=1
[ralph_v7 2026-05-27T17:45:25Z] red gates after fixer:      V7.4_deploy_parity_green,V7.6_mp3_input_passes,V7.7_text_transcript_input_passes,V7.8_computer_mic_input_passes,V7.9_external_mic_input_passes,V7.10_real_chrome_user_surface_no_clone,V7.11_100_stranger_successes,V7.15_3_consecutive_mp3_evals_pass,V7.18_3_clean_room_public_installs
[ralph_v7 2026-05-27T17:45:25Z] ----- cycle 30 end (sleep 30s) -----
[ralph_v7 2026-05-27T17:45:55Z] ----- cycle 31 start -----
[ralph_v7 2026-05-27T17:45:55Z] check_done.sh
[ralph_v7 2026-05-27T17:47:31Z] check_done.sh exit=1
[ralph_v7 2026-05-27T17:47:31Z] red gates after first check: V7.4_deploy_parity_green,V7.6_mp3_input_passes,V7.7_text_transcript_input_passes,V7.8_computer_mic_input_passes,V7.9_external_mic_input_passes,V7.10_real_chrome_user_surface_no_clone,V7.11_100_stranger_successes,V7.14_last_20_interactions_pass,V7.15_3_consecutive_mp3_evals_pass,V7.18_3_clean_room_public_installs
[ralph_v7 2026-05-27T17:47:31Z] first actionable red: V7.4_deploy_parity_green
[ralph_v7 2026-05-27T17:47:32Z] dispatch ship.sh
[ship] working tree is dirty. Commit, revert, or isolate unrelated changes before shipping.
 M state/check_done_v7.json
 M state/last_v6_transcript_audit.json
 M state/ship-build.log
 M state/stranger_breadth.json
 M state/strangers/f7d63d79-5243-446d-ac73-29ef8d65fec9/run.log
 M state/v7/loop.log
 M state/v7/loop_cycle.txt
 M state/v7/manifest_commit_exception.json
 M state/v7/supervisor/autocommit.log
 M state/v7/supervisor/ralph_v7.log
 M state/v7/supervisor/strangers.log
 M state/v7/supervisor_status.json
?? desktop/src-tauri/Cargo.lock
?? desktop/src-tauri/bin/anticipy-engine-aarch64-apple-darwin
?? desktop/src-tauri/resources/parakeet-tdt-0.6b-v3/README.md
?? desktop/src-tauri/resources/parakeet-tdt-0.6b-v3/config.json
?? desktop/src-tauri/resources/parakeet-tdt-0.6b-v3/model.safetensors
?? desktop/src-tauri/resources/parakeet-tdt-0.6b-v3/tokenizer.model
?? desktop/src-tauri/resources/parakeet-tdt-0.6b-v3/tokenizer.vocab
?? desktop/src-tauri/resources/parakeet-tdt-0.6b-v3/vocab.txt
?? desktop/target/
?? engine/anticipy-engine.spec
?? state/check_done_v6.json
?? state/ship-r2.log
?? state/strangers/69280196-f672-486e-8fd5-a2817e5f5361/
?? state/strangers/9b33f731-e484-4ade-9c68-1655149f9731/
?? state/strangers/f7d63d79-5243-446d-ac73-29ef8d65fec9/cost_breakdown.json
?? state/strangers/f7d63d79-5243-446d-ac73-29ef8d65fec9/driver_result.json
?? state/strangers/f7d63d79-5243-446d-ac73-29ef8d65fec9/proofs/
?? state/strangers/f7d63d79-5243-446d-ac73-29ef8d65fec9/surface_proof.json
?? state/strangers/f7d63d79-5243-446d-ac73-29ef8d65fec9/surface_proof_anticipy.json
?? state/strangers/f7d63d79-5243-446d-ac73-29ef8d65fec9/trace.json
?? state/strangers/f7d63d79-5243-446d-ac73-29ef8d65fec9/transcript_quality.json
?? state/strangers/f7d63d79-5243-446d-ac73-29ef8d65fec9/verdict.json
?? target/
?? tasks/
[ralph_v7 2026-05-27T17:47:32Z] fixer for V7.4 exit=1
[ralph_v7 2026-05-27T17:47:32Z] check_done.sh
[ralph_v7 2026-05-27T17:48:59Z] check_done.sh exit=1
[ralph_v7 2026-05-27T17:48:59Z] red gates after fixer:      V7.4_deploy_parity_green,V7.6_mp3_input_passes,V7.7_text_transcript_input_passes,V7.8_computer_mic_input_passes,V7.9_external_mic_input_passes,V7.10_real_chrome_user_surface_no_clone,V7.11_100_stranger_successes,V7.14_last_20_interactions_pass,V7.15_3_consecutive_mp3_evals_pass,V7.18_3_clean_room_public_installs
[ralph_v7 2026-05-27T17:48:59Z] ----- cycle 31 end (sleep 30s) -----
[ralph_v7 2026-05-27T17:49:29Z] ----- cycle 32 start -----
[ralph_v7 2026-05-27T17:49:29Z] check_done.sh
[ralph_v7 2026-05-27T17:51:11Z] check_done.sh exit=1
[ralph_v7 2026-05-27T17:51:11Z] red gates after first check: V7.4_deploy_parity_green,V7.6_mp3_input_passes,V7.7_text_transcript_input_passes,V7.8_computer_mic_input_passes,V7.9_external_mic_input_passes,V7.10_real_chrome_user_surface_no_clone,V7.11_100_stranger_successes,V7.14_last_20_interactions_pass,V7.15_3_consecutive_mp3_evals_pass,V7.18_3_clean_room_public_installs
[ralph_v7 2026-05-27T17:51:11Z] first actionable red: V7.4_deploy_parity_green
[ralph_v7 2026-05-27T17:51:11Z] dispatch ship.sh
[ship] working tree is dirty. Commit, revert, or isolate unrelated changes before shipping.
 M state/last_v6_transcript_audit.json
 M state/ship-build.log
 M state/stranger_breadth.json
 M state/v7/loop.log
 M state/v7/supervisor/autocommit.log
 M state/v7/supervisor/ralph_v7.log
 M state/v7/supervisor_status.json
?? desktop/src-tauri/Cargo.lock
?? desktop/src-tauri/bin/anticipy-engine-aarch64-apple-darwin
?? desktop/src-tauri/resources/parakeet-tdt-0.6b-v3/README.md
?? desktop/src-tauri/resources/parakeet-tdt-0.6b-v3/config.json
?? desktop/src-tauri/resources/parakeet-tdt-0.6b-v3/model.safetensors
?? desktop/src-tauri/resources/parakeet-tdt-0.6b-v3/tokenizer.model
?? desktop/src-tauri/resources/parakeet-tdt-0.6b-v3/tokenizer.vocab
?? desktop/src-tauri/resources/parakeet-tdt-0.6b-v3/vocab.txt
?? desktop/target/
?? engine/anticipy-engine.spec
?? state/check_done_v6.json
?? state/ship-r2.log
?? state/strangers/34e9e417-460b-4146-80fb-d3c6b4d0f822/
?? target/
?? tasks/
[ralph_v7 2026-05-27T17:51:11Z] fixer for V7.4 exit=1
[ralph_v7 2026-05-27T17:51:11Z] check_done.sh
[ralph_v7 2026-05-27T17:52:48Z] check_done.sh exit=1
[ralph_v7 2026-05-27T17:52:48Z] red gates after fixer:      V7.4_deploy_parity_green,V7.6_mp3_input_passes,V7.7_text_transcript_input_passes,V7.8_computer_mic_input_passes,V7.9_external_mic_input_passes,V7.10_real_chrome_user_surface_no_clone,V7.11_100_stranger_successes,V7.14_last_20_interactions_pass,V7.15_3_consecutive_mp3_evals_pass,V7.18_3_clean_room_public_installs
[ralph_v7 2026-05-27T17:52:48Z] wrote state/v7/loop_stuck.md
[ralph_v7 2026-05-27T17:53:48Z] ralph_v7 starting (PID 33567). cycle_sleep=30s fixer_max=300s
[ralph_v7 2026-05-27T17:53:48Z] ----- cycle 33 start -----
[ralph_v7 2026-05-27T17:53:48Z] check_done.sh
[ralph_v7 2026-05-27T17:55:21Z] check_done.sh exit=1
[ralph_v7 2026-05-27T17:55:21Z] red gates after first check: V7.4_deploy_parity_green,V7.6_mp3_input_passes,V7.7_text_transcript_input_passes,V7.8_computer_mic_input_passes,V7.9_external_mic_input_passes,V7.10_real_chrome_user_surface_no_clone,V7.11_100_stranger_successes,V7.14_last_20_interactions_pass,V7.15_3_consecutive_mp3_evals_pass,V7.18_3_clean_room_public_installs
[ralph_v7 2026-05-27T17:55:21Z] first actionable red: V7.4_deploy_parity_green
[ralph_v7 2026-05-27T17:55:21Z] dispatch ship.sh
[ship] working tree is dirty. Commit, revert, or isolate unrelated changes before shipping.
 M state/check_done_v7.json
 M state/last_v6_transcript_audit.json
 M state/ship-build.log
 M state/stranger_breadth.json
 M state/v7/loop.log
 M state/v7/loop.pid
 M state/v7/loop_cycle.txt
 M state/v7/loop_stuck.md
 M state/v7/manifest_commit_exception.json
 M state/v7/supervisor/autocommit.log
 M state/v7/supervisor/ralph_loop.log
 M state/v7/supervisor/ralph_v7.log
 M state/v7/supervisor/strangers.log
 M state/v7/supervisor_status.json
?? desktop/src-tauri/Cargo.lock
?? desktop/src-tauri/bin/anticipy-engine-aarch64-apple-darwin
?? desktop/src-tauri/resources/parakeet-tdt-0.6b-v3/README.md
?? desktop/src-tauri/resources/parakeet-tdt-0.6b-v3/config.json
?? desktop/src-tauri/resources/parakeet-tdt-0.6b-v3/model.safetensors
?? desktop/src-tauri/resources/parakeet-tdt-0.6b-v3/tokenizer.model
?? desktop/src-tauri/resources/parakeet-tdt-0.6b-v3/tokenizer.vocab
?? desktop/src-tauri/resources/parakeet-tdt-0.6b-v3/vocab.txt
?? desktop/target/
?? engine/anticipy-engine.spec
?? state/check_done_v6.json
?? state/ship-r2.log
?? state/strangers/207da1c8-64ee-4fbd-90c8-841cebbbe5ca/
?? state/strangers/34e9e417-460b-4146-80fb-d3c6b4d0f822/
?? target/
?? tasks/
[ralph_v7 2026-05-27T17:55:21Z] fixer for V7.4 exit=1
[ralph_v7 2026-05-27T17:55:21Z] check_done.sh
[ralph_v7 2026-05-27T17:57:17Z] check_done.sh exit=1
[ralph_v7 2026-05-27T17:57:18Z] red gates after fixer:      V7.4_deploy_parity_green,V7.6_mp3_input_passes,V7.7_text_transcript_input_passes,V7.8_computer_mic_input_passes,V7.9_external_mic_input_passes,V7.10_real_chrome_user_surface_no_clone,V7.11_100_stranger_successes,V7.15_3_consecutive_mp3_evals_pass,V7.18_3_clean_room_public_installs
[ralph_v7 2026-05-27T17:57:18Z] ----- cycle 33 end (sleep 30s) -----
[ralph_v7 2026-05-27T17:57:48Z] ----- cycle 34 start -----
[ralph_v7 2026-05-27T17:57:48Z] check_done.sh
[ralph_v7 2026-05-27T17:59:20Z] check_done.sh exit=1
[ralph_v7 2026-05-27T17:59:20Z] red gates after first check: V7.4_deploy_parity_green,V7.6_mp3_input_passes,V7.7_text_transcript_input_passes,V7.8_computer_mic_input_passes,V7.9_external_mic_input_passes,V7.10_real_chrome_user_surface_no_clone,V7.11_100_stranger_successes,V7.14_last_20_interactions_pass,V7.15_3_consecutive_mp3_evals_pass,V7.18_3_clean_room_public_installs
[ralph_v7 2026-05-27T17:59:20Z] first actionable red: V7.4_deploy_parity_green
[ralph_v7 2026-05-27T17:59:20Z] dispatch ship.sh
[ship] working tree is dirty. Commit, revert, or isolate unrelated changes before shipping.
 M state/check_done_v7.json
 M state/last_v6_transcript_audit.json
 M state/ship-build.log
 M state/stranger_breadth.json
 M state/v7/loop.log
 M state/v7/loop.pid
 M state/v7/loop_cycle.txt
 M state/v7/loop_stuck.md
 M state/v7/manifest_commit_exception.json
 M state/v7/supervisor/autocommit.log
 M state/v7/supervisor/ralph_loop.log
 M state/v7/supervisor/ralph_v7.log
 M state/v7/supervisor/strangers.log
 M state/v7/supervisor_status.json
?? desktop/src-tauri/Cargo.lock
?? desktop/src-tauri/bin/anticipy-engine-aarch64-apple-darwin
?? desktop/src-tauri/resources/parakeet-tdt-0.6b-v3/README.md
?? desktop/src-tauri/resources/parakeet-tdt-0.6b-v3/config.json
?? desktop/src-tauri/resources/parakeet-tdt-0.6b-v3/model.safetensors
?? desktop/src-tauri/resources/parakeet-tdt-0.6b-v3/tokenizer.model
?? desktop/src-tauri/resources/parakeet-tdt-0.6b-v3/tokenizer.vocab
?? desktop/src-tauri/resources/parakeet-tdt-0.6b-v3/vocab.txt
?? desktop/target/
?? engine/anticipy-engine.spec
?? state/check_done_v6.json
?? state/ship-r2.log
?? state/strangers/207da1c8-64ee-4fbd-90c8-841cebbbe5ca/
?? state/strangers/34e9e417-460b-4146-80fb-d3c6b4d0f822/
?? state/strangers/7a240edb-4141-452b-97db-4931ddeaaa2d/
?? target/
?? tasks/
[ralph_v7 2026-05-27T17:59:20Z] fixer for V7.4 exit=1
[ralph_v7 2026-05-27T17:59:20Z] check_done.sh
[ralph_v7 2026-05-27T18:00:51Z] check_done.sh exit=1
[ralph_v7 2026-05-27T18:00:51Z] red gates after fixer:      V7.4_deploy_parity_green,V7.6_mp3_input_passes,V7.7_text_transcript_input_passes,V7.8_computer_mic_input_passes,V7.9_external_mic_input_passes,V7.10_real_chrome_user_surface_no_clone,V7.11_100_stranger_successes,V7.14_last_20_interactions_pass,V7.15_3_consecutive_mp3_evals_pass,V7.18_3_clean_room_public_installs
[ralph_v7 2026-05-27T18:00:51Z] ----- cycle 34 end (sleep 30s) -----
[ralph_v7 2026-05-27T18:01:21Z] ----- cycle 35 start -----
[ralph_v7 2026-05-27T18:01:21Z] check_done.sh
[ralph_v7 2026-05-27T18:02:49Z] check_done.sh exit=1
[ralph_v7 2026-05-27T18:02:49Z] red gates after first check: V7.4_deploy_parity_green,V7.6_mp3_input_passes,V7.7_text_transcript_input_passes,V7.8_computer_mic_input_passes,V7.9_external_mic_input_passes,V7.10_real_chrome_user_surface_no_clone,V7.11_100_stranger_successes,V7.15_3_consecutive_mp3_evals_pass,V7.18_3_clean_room_public_installs
[ralph_v7 2026-05-27T18:02:49Z] first actionable red: V7.4_deploy_parity_green
[ralph_v7 2026-05-27T18:02:49Z] dispatch ship.sh
[ship] working tree is dirty. Commit, revert, or isolate unrelated changes before shipping.
 M state/check_done_v7.json
 M state/last_v6_transcript_audit.json
 M state/ship-build.log
 M state/stranger_breadth.json
 M state/strangers/7a240edb-4141-452b-97db-4931ddeaaa2d/run.log
 M state/v7/loop.log
 M state/v7/loop_cycle.txt
 M state/v7/manifest_commit_exception.json
 M state/v7/supervisor/autocommit.log
 M state/v7/supervisor/ralph_v7.log
 M state/v7/supervisor/strangers.log
 M state/v7/supervisor_status.json
?? desktop/src-tauri/Cargo.lock
?? desktop/src-tauri/bin/anticipy-engine-aarch64-apple-darwin
?? desktop/src-tauri/resources/parakeet-tdt-0.6b-v3/README.md
?? desktop/src-tauri/resources/parakeet-tdt-0.6b-v3/config.json
?? desktop/src-tauri/resources/parakeet-tdt-0.6b-v3/model.safetensors
?? desktop/src-tauri/resources/parakeet-tdt-0.6b-v3/tokenizer.model
?? desktop/src-tauri/resources/parakeet-tdt-0.6b-v3/tokenizer.vocab
?? desktop/src-tauri/resources/parakeet-tdt-0.6b-v3/vocab.txt
?? desktop/target/
?? engine/anticipy-engine.spec
?? state/check_done_v6.json
?? state/ship-r2.log
?? state/strangers/7a240edb-4141-452b-97db-4931ddeaaa2d/cost_breakdown.json
?? state/strangers/7a240edb-4141-452b-97db-4931ddeaaa2d/driver_result.json
?? state/strangers/7a240edb-4141-452b-97db-4931ddeaaa2d/listen_status.json
?? state/strangers/7a240edb-4141-452b-97db-4931ddeaaa2d/proofs/
?? state/strangers/7a240edb-4141-452b-97db-4931ddeaaa2d/surface_proof.json
?? state/strangers/7a240edb-4141-452b-97db-4931ddeaaa2d/surface_proof_anticipy.json
?? state/strangers/7a240edb-4141-452b-97db-4931ddeaaa2d/trace.json
?? state/strangers/7a240edb-4141-452b-97db-4931ddeaaa2d/transcript_quality.json
?? state/strangers/7a240edb-4141-452b-97db-4931ddeaaa2d/upload_response.json
?? state/strangers/7a240edb-4141-452b-97db-4931ddeaaa2d/verdict.json
?? target/
?? tasks/
[ralph_v7 2026-05-27T18:02:49Z] fixer for V7.4 exit=1
[ralph_v7 2026-05-27T18:02:49Z] check_done.sh
[ralph_v7 2026-05-27T18:04:24Z] check_done.sh exit=1
[ralph_v7 2026-05-27T18:04:24Z] red gates after fixer:      V7.4_deploy_parity_green,V7.6_mp3_input_passes,V7.7_text_transcript_input_passes,V7.8_computer_mic_input_passes,V7.9_external_mic_input_passes,V7.10_real_chrome_user_surface_no_clone,V7.11_100_stranger_successes,V7.14_last_20_interactions_pass,V7.15_3_consecutive_mp3_evals_pass,V7.18_3_clean_room_public_installs
[ralph_v7 2026-05-27T18:04:24Z] wrote state/v7/loop_stuck.md
[ralph_v7 2026-05-27T18:05:24Z] ralph_v7 starting (PID 40342). cycle_sleep=30s fixer_max=300s
[ralph_v7 2026-05-27T18:05:24Z] ----- cycle 36 start -----
[ralph_v7 2026-05-27T18:05:24Z] check_done.sh
[ralph_v7 2026-05-27T18:06:39Z] check_done.sh exit=128
[ralph_v7 2026-05-27T18:06:39Z] red gates after first check: V7.4_deploy_parity_green,V7.6_mp3_input_passes,V7.7_text_transcript_input_passes,V7.8_computer_mic_input_passes,V7.9_external_mic_input_passes,V7.10_real_chrome_user_surface_no_clone,V7.11_100_stranger_successes,V7.14_last_20_interactions_pass,V7.15_3_consecutive_mp3_evals_pass,V7.18_3_clean_room_public_installs
[ralph_v7 2026-05-27T18:06:39Z] first actionable red: V7.4_deploy_parity_green
[ralph_v7 2026-05-27T18:06:40Z] dispatch ship.sh
[ship] working tree is dirty. Commit, revert, or isolate unrelated changes before shipping.
 M state/check_done_v7.json
 M state/last_v6_transcript_audit.json
 M state/ship-build.log
 M state/stranger_breadth.json
 M state/strangers/7a240edb-4141-452b-97db-4931ddeaaa2d/run.log
 M state/v7/loop.log
 M state/v7/loop.pid
 M state/v7/loop_cycle.txt
 M state/v7/loop_stuck.md
 M state/v7/manifest_commit_exception.json
 M state/v7/supervisor/autocommit.log
 M state/v7/supervisor/ralph_loop.log
 M state/v7/supervisor/ralph_v7.log
 M state/v7/supervisor/strangers.log
 M state/v7/supervisor_status.json
?? desktop/src-tauri/Cargo.lock
?? desktop/src-tauri/bin/anticipy-engine-aarch64-apple-darwin
?? desktop/src-tauri/resources/parakeet-tdt-0.6b-v3/README.md
?? desktop/src-tauri/resources/parakeet-tdt-0.6b-v3/config.json
?? desktop/src-tauri/resources/parakeet-tdt-0.6b-v3/model.safetensors
?? desktop/src-tauri/resources/parakeet-tdt-0.6b-v3/tokenizer.model
?? desktop/src-tauri/resources/parakeet-tdt-0.6b-v3/tokenizer.vocab
?? desktop/src-tauri/resources/parakeet-tdt-0.6b-v3/vocab.txt
?? desktop/target/
?? engine/anticipy-engine.spec
?? state/check_done_v6.json
?? state/ship-r2.log
?? state/strangers/7a240edb-4141-452b-97db-4931ddeaaa2d/cost_breakdown.json
?? state/strangers/7a240edb-4141-452b-97db-4931ddeaaa2d/driver_result.json
?? state/strangers/7a240edb-4141-452b-97db-4931ddeaaa2d/listen_status.json
?? state/strangers/7a240edb-4141-452b-97db-4931ddeaaa2d/proofs/
?? state/strangers/7a240edb-4141-452b-97db-4931ddeaaa2d/surface_proof.json
?? state/strangers/7a240edb-4141-452b-97db-4931ddeaaa2d/surface_proof_anticipy.json
?? state/strangers/7a240edb-4141-452b-97db-4931ddeaaa2d/trace.json
?? state/strangers/7a240edb-4141-452b-97db-4931ddeaaa2d/transcript_quality.json
?? state/strangers/7a240edb-4141-452b-97db-4931ddeaaa2d/upload_response.json
?? state/strangers/7a240edb-4141-452b-97db-4931ddeaaa2d/verdict.json
?? state/strangers/b7ba64e9-4048-43b9-8582-34e2e8be1645/
?? target/
?? tasks/
[ralph_v7 2026-05-27T18:06:40Z] fixer for V7.4 exit=1
[ralph_v7 2026-05-27T18:06:40Z] check_done.sh
[ralph_v7 2026-05-27T18:08:08Z] check_done.sh exit=1
[ralph_v7 2026-05-27T18:08:08Z] red gates after fixer:      V7.4_deploy_parity_green,V7.6_mp3_input_passes,V7.7_text_transcript_input_passes,V7.8_computer_mic_input_passes,V7.9_external_mic_input_passes,V7.10_real_chrome_user_surface_no_clone,V7.11_100_stranger_successes,V7.15_3_consecutive_mp3_evals_pass,V7.18_3_clean_room_public_installs
[ralph_v7 2026-05-27T18:08:08Z] ----- cycle 36 end (sleep 30s) -----
[ralph_v7 2026-05-27T18:08:38Z] ----- cycle 37 start -----
[ralph_v7 2026-05-27T18:08:38Z] check_done.sh
[ralph_v7 2026-05-27T18:09:54Z] check_done.sh exit=128
[ralph_v7 2026-05-27T18:09:54Z] red gates after first check: V7.4_deploy_parity_green,V7.6_mp3_input_passes,V7.7_text_transcript_input_passes,V7.8_computer_mic_input_passes,V7.9_external_mic_input_passes,V7.10_real_chrome_user_surface_no_clone,V7.11_100_stranger_successes,V7.15_3_consecutive_mp3_evals_pass,V7.18_3_clean_room_public_installs
[ralph_v7 2026-05-27T18:09:54Z] first actionable red: V7.4_deploy_parity_green
[ralph_v7 2026-05-27T18:09:54Z] dispatch ship.sh
[ship] working tree is dirty. Commit, revert, or isolate unrelated changes before shipping.
 M state/check_done_v7.json
 M state/last_v6_transcript_audit.json
 M state/ship-build.log
 M state/stranger_breadth.json
 M state/strangers/7a240edb-4141-452b-97db-4931ddeaaa2d/run.log
 M state/v7/loop.log
 M state/v7/loop.pid
 M state/v7/loop_cycle.txt
 M state/v7/loop_stuck.md
 M state/v7/manifest_commit_exception.json
 M state/v7/supervisor/autocommit.log
 M state/v7/supervisor/ralph_loop.log
 M state/v7/supervisor/ralph_v7.log
 M state/v7/supervisor/strangers.log
 M state/v7/supervisor_status.json
?? desktop/src-tauri/Cargo.lock
?? desktop/src-tauri/bin/anticipy-engine-aarch64-apple-darwin
?? desktop/src-tauri/resources/parakeet-tdt-0.6b-v3/README.md
?? desktop/src-tauri/resources/parakeet-tdt-0.6b-v3/config.json
?? desktop/src-tauri/resources/parakeet-tdt-0.6b-v3/model.safetensors
?? desktop/src-tauri/resources/parakeet-tdt-0.6b-v3/tokenizer.model
?? desktop/src-tauri/resources/parakeet-tdt-0.6b-v3/tokenizer.vocab
?? desktop/src-tauri/resources/parakeet-tdt-0.6b-v3/vocab.txt
?? desktop/target/
?? engine/anticipy-engine.spec
?? state/check_done_v6.json
?? state/ship-r2.log
?? state/strangers/7a240edb-4141-452b-97db-4931ddeaaa2d/cost_breakdown.json
?? state/strangers/7a240edb-4141-452b-97db-4931ddeaaa2d/driver_result.json
?? state/strangers/7a240edb-4141-452b-97db-4931ddeaaa2d/listen_status.json
?? state/strangers/7a240edb-4141-452b-97db-4931ddeaaa2d/proofs/
?? state/strangers/7a240edb-4141-452b-97db-4931ddeaaa2d/surface_proof.json
?? state/strangers/7a240edb-4141-452b-97db-4931ddeaaa2d/surface_proof_anticipy.json
?? state/strangers/7a240edb-4141-452b-97db-4931ddeaaa2d/trace.json
?? state/strangers/7a240edb-4141-452b-97db-4931ddeaaa2d/transcript_quality.json
?? state/strangers/7a240edb-4141-452b-97db-4931ddeaaa2d/upload_response.json
?? state/strangers/7a240edb-4141-452b-97db-4931ddeaaa2d/verdict.json
?? state/strangers/b7ba64e9-4048-43b9-8582-34e2e8be1645/
?? state/strangers/ba605816-fee2-4c6d-9087-a21a0e59b24c/
?? target/
?? tasks/
[ralph_v7 2026-05-27T18:09:54Z] fixer for V7.4 exit=1
[ralph_v7 2026-05-27T18:09:54Z] check_done.sh
[ralph_v7 2026-05-27T18:11:28Z] check_done.sh exit=1
[ralph_v7 2026-05-27T18:11:28Z] red gates after fixer:      V7.4_deploy_parity_green,V7.6_mp3_input_passes,V7.7_text_transcript_input_passes,V7.8_computer_mic_input_passes,V7.9_external_mic_input_passes,V7.10_real_chrome_user_surface_no_clone,V7.11_100_stranger_successes,V7.14_last_20_interactions_pass,V7.15_3_consecutive_mp3_evals_pass,V7.18_3_clean_room_public_installs
[ralph_v7 2026-05-27T18:11:28Z] ----- cycle 37 end (sleep 30s) -----
[ralph_v7 2026-05-27T18:11:58Z] ----- cycle 38 start -----
[ralph_v7 2026-05-27T18:11:58Z] check_done.sh
[ralph_v7 2026-05-27T18:13:33Z] check_done.sh exit=1
[ralph_v7 2026-05-27T18:13:33Z] red gates after first check: V7.4_deploy_parity_green,V7.6_mp3_input_passes,V7.7_text_transcript_input_passes,V7.8_computer_mic_input_passes,V7.9_external_mic_input_passes,V7.10_real_chrome_user_surface_no_clone,V7.11_100_stranger_successes,V7.14_last_20_interactions_pass,V7.15_3_consecutive_mp3_evals_pass,V7.18_3_clean_room_public_installs
[ralph_v7 2026-05-27T18:13:33Z] first actionable red: V7.4_deploy_parity_green
[ralph_v7 2026-05-27T18:13:34Z] dispatch ship.sh
[ship] working tree is dirty. Commit, revert, or isolate unrelated changes before shipping.
 M state/check_done_v7.json
 M state/last_v6_transcript_audit.json
 M state/ship-build.log
 M state/stranger_breadth.json
 M state/strangers/ba605816-fee2-4c6d-9087-a21a0e59b24c/run.log
 M state/v7/loop.log
 M state/v7/loop_cycle.txt
 M state/v7/manifest_commit_exception.json
 M state/v7/supervisor/autocommit.log
 M state/v7/supervisor/ralph_v7.log
 M state/v7/supervisor/strangers.log
 M state/v7/supervisor_status.json
?? desktop/src-tauri/Cargo.lock
?? desktop/src-tauri/bin/anticipy-engine-aarch64-apple-darwin
?? desktop/src-tauri/resources/parakeet-tdt-0.6b-v3/README.md
?? desktop/src-tauri/resources/parakeet-tdt-0.6b-v3/config.json
?? desktop/src-tauri/resources/parakeet-tdt-0.6b-v3/model.safetensors
?? desktop/src-tauri/resources/parakeet-tdt-0.6b-v3/tokenizer.model
?? desktop/src-tauri/resources/parakeet-tdt-0.6b-v3/tokenizer.vocab
?? desktop/src-tauri/resources/parakeet-tdt-0.6b-v3/vocab.txt
?? desktop/target/
?? engine/anticipy-engine.spec
?? state/check_done_v6.json
?? state/ship-r2.log
?? state/strangers/ba605816-fee2-4c6d-9087-a21a0e59b24c/cost_breakdown.json
?? state/strangers/ba605816-fee2-4c6d-9087-a21a0e59b24c/driver_result.json
?? state/strangers/ba605816-fee2-4c6d-9087-a21a0e59b24c/listen_status.json
?? state/strangers/ba605816-fee2-4c6d-9087-a21a0e59b24c/proofs/
?? state/strangers/ba605816-fee2-4c6d-9087-a21a0e59b24c/surface_proof.json
?? state/strangers/ba605816-fee2-4c6d-9087-a21a0e59b24c/surface_proof_anticipy.json
?? state/strangers/ba605816-fee2-4c6d-9087-a21a0e59b24c/trace.json
?? state/strangers/ba605816-fee2-4c6d-9087-a21a0e59b24c/transcript_quality.json
?? state/strangers/ba605816-fee2-4c6d-9087-a21a0e59b24c/upload_response.json
?? state/strangers/ba605816-fee2-4c6d-9087-a21a0e59b24c/verdict.json
?? state/strangers/cc99d0b1-6bcf-41a7-81f6-00ae0672cb29/
?? target/
?? tasks/
[ralph_v7 2026-05-27T18:13:34Z] fixer for V7.4 exit=1
[ralph_v7 2026-05-27T18:13:34Z] check_done.sh
[ralph_v7 2026-05-27T18:15:10Z] check_done.sh exit=1
[ralph_v7 2026-05-27T18:15:10Z] red gates after fixer:      V7.4_deploy_parity_green,V7.6_mp3_input_passes,V7.7_text_transcript_input_passes,V7.8_computer_mic_input_passes,V7.9_external_mic_input_passes,V7.10_real_chrome_user_surface_no_clone,V7.11_100_stranger_successes,V7.14_last_20_interactions_pass,V7.15_3_consecutive_mp3_evals_pass,V7.18_3_clean_room_public_installs
[ralph_v7 2026-05-27T18:15:10Z] wrote state/v7/loop_stuck.md
[ralph_v7 2026-05-27T18:16:10Z] ralph_v7 starting (PID 45592). cycle_sleep=30s fixer_max=300s
[ralph_v7 2026-05-27T18:16:10Z] ----- cycle 39 start -----
[ralph_v7 2026-05-27T18:16:10Z] check_done.sh
[ralph_v7 2026-05-27T18:17:43Z] check_done.sh exit=1
[ralph_v7 2026-05-27T18:17:43Z] red gates after first check: V7.4_deploy_parity_green,V7.6_mp3_input_passes,V7.7_text_transcript_input_passes,V7.8_computer_mic_input_passes,V7.9_external_mic_input_passes,V7.10_real_chrome_user_surface_no_clone,V7.11_100_stranger_successes,V7.14_last_20_interactions_pass,V7.15_3_consecutive_mp3_evals_pass,V7.18_3_clean_room_public_installs
[ralph_v7 2026-05-27T18:17:43Z] first actionable red: V7.4_deploy_parity_green
[ralph_v7 2026-05-27T18:17:43Z] dispatch ship.sh
[ship] working tree is dirty. Commit, revert, or isolate unrelated changes before shipping.
 M state/check_done_v7.json
 M state/last_v6_transcript_audit.json
 M state/ship-build.log
 M state/stranger_breadth.json
 M state/strangers/ba605816-fee2-4c6d-9087-a21a0e59b24c/run.log
 M state/v7/loop.log
 M state/v7/loop.pid
 M state/v7/loop_cycle.txt
 M state/v7/loop_stuck.md
 M state/v7/manifest_commit_exception.json
 M state/v7/supervisor/autocommit.log
 M state/v7/supervisor/ralph_loop.log
 M state/v7/supervisor/ralph_v7.log
 M state/v7/supervisor/strangers.log
 M state/v7/supervisor_status.json
?? desktop/src-tauri/Cargo.lock
?? desktop/src-tauri/bin/anticipy-engine-aarch64-apple-darwin
?? desktop/src-tauri/resources/parakeet-tdt-0.6b-v3/README.md
?? desktop/src-tauri/resources/parakeet-tdt-0.6b-v3/config.json
?? desktop/src-tauri/resources/parakeet-tdt-0.6b-v3/model.safetensors
?? desktop/src-tauri/resources/parakeet-tdt-0.6b-v3/tokenizer.model
?? desktop/src-tauri/resources/parakeet-tdt-0.6b-v3/tokenizer.vocab
?? desktop/src-tauri/resources/parakeet-tdt-0.6b-v3/vocab.txt
?? desktop/target/
?? engine/anticipy-engine.spec
?? state/check_done_v6.json
?? state/ship-r2.log
?? state/strangers/adea993f-7ddf-4015-ba80-f3c90134c944/
?? state/strangers/ba605816-fee2-4c6d-9087-a21a0e59b24c/cost_breakdown.json
?? state/strangers/ba605816-fee2-4c6d-9087-a21a0e59b24c/driver_result.json
?? state/strangers/ba605816-fee2-4c6d-9087-a21a0e59b24c/listen_status.json
?? state/strangers/ba605816-fee2-4c6d-9087-a21a0e59b24c/proofs/
?? state/strangers/ba605816-fee2-4c6d-9087-a21a0e59b24c/surface_proof.json
?? state/strangers/ba605816-fee2-4c6d-9087-a21a0e59b24c/surface_proof_anticipy.json
?? state/strangers/ba605816-fee2-4c6d-9087-a21a0e59b24c/trace.json
?? state/strangers/ba605816-fee2-4c6d-9087-a21a0e59b24c/transcript_quality.json
?? state/strangers/ba605816-fee2-4c6d-9087-a21a0e59b24c/upload_response.json
?? state/strangers/ba605816-fee2-4c6d-9087-a21a0e59b24c/verdict.json
?? state/strangers/cc99d0b1-6bcf-41a7-81f6-00ae0672cb29/
?? target/
?? tasks/
[ralph_v7 2026-05-27T18:17:44Z] fixer for V7.4 exit=1
[ralph_v7 2026-05-27T18:17:44Z] check_done.sh
[ralph_v7 2026-05-27T18:19:12Z] check_done.sh exit=1
[ralph_v7 2026-05-27T18:19:12Z] red gates after fixer:      V7.4_deploy_parity_green,V7.6_mp3_input_passes,V7.7_text_transcript_input_passes,V7.8_computer_mic_input_passes,V7.9_external_mic_input_passes,V7.10_real_chrome_user_surface_no_clone,V7.11_100_stranger_successes,V7.14_last_20_interactions_pass,V7.15_3_consecutive_mp3_evals_pass,V7.18_3_clean_room_public_installs
[ralph_v7 2026-05-27T18:19:12Z] ----- cycle 39 end (sleep 30s) -----
[ralph_v7 2026-05-27T18:19:42Z] ----- cycle 40 start -----
[ralph_v7 2026-05-27T18:19:42Z] check_done.sh
[ralph_v7 2026-05-27T18:21:13Z] check_done.sh exit=1
[ralph_v7 2026-05-27T18:21:13Z] red gates after first check: V7.4_deploy_parity_green,V7.6_mp3_input_passes,V7.7_text_transcript_input_passes,V7.8_computer_mic_input_passes,V7.9_external_mic_input_passes,V7.10_real_chrome_user_surface_no_clone,V7.11_100_stranger_successes,V7.15_3_consecutive_mp3_evals_pass,V7.18_3_clean_room_public_installs
[ralph_v7 2026-05-27T18:21:13Z] first actionable red: V7.4_deploy_parity_green
[ralph_v7 2026-05-27T18:21:13Z] dispatch ship.sh
[ship] working tree is dirty. Commit, revert, or isolate unrelated changes before shipping.
 M state/check_done_v7.json
 M state/last_v6_transcript_audit.json
 M state/ship-build.log
 M state/v7/loop.log
 M state/v7/supervisor/autocommit.log
 M state/v7/supervisor/ralph_v7.log
 M state/v7/supervisor_status.json
?? desktop/src-tauri/Cargo.lock
?? desktop/src-tauri/bin/anticipy-engine-aarch64-apple-darwin
?? desktop/src-tauri/resources/parakeet-tdt-0.6b-v3/README.md
?? desktop/src-tauri/resources/parakeet-tdt-0.6b-v3/config.json
?? desktop/src-tauri/resources/parakeet-tdt-0.6b-v3/model.safetensors
?? desktop/src-tauri/resources/parakeet-tdt-0.6b-v3/tokenizer.model
?? desktop/src-tauri/resources/parakeet-tdt-0.6b-v3/tokenizer.vocab
?? desktop/src-tauri/resources/parakeet-tdt-0.6b-v3/vocab.txt
?? desktop/target/
?? engine/anticipy-engine.spec
?? state/check_done_v6.json
?? state/ship-r2.log
?? target/
?? tasks/
[ralph_v7 2026-05-27T18:21:14Z] fixer for V7.4 exit=1
[ralph_v7 2026-05-27T18:21:14Z] check_done.sh
[ralph_v7 2026-05-27T18:22:45Z] check_done.sh exit=1
[ralph_v7 2026-05-27T18:22:45Z] red gates after fixer:      V7.4_deploy_parity_green,V7.6_mp3_input_passes,V7.7_text_transcript_input_passes,V7.8_computer_mic_input_passes,V7.9_external_mic_input_passes,V7.10_real_chrome_user_surface_no_clone,V7.11_100_stranger_successes,V7.14_last_20_interactions_pass,V7.15_3_consecutive_mp3_evals_pass,V7.18_3_clean_room_public_installs
[ralph_v7 2026-05-27T18:22:45Z] wrote state/v7/loop_stuck.md
[ralph_v7 2026-05-27T18:23:45Z] ralph_v7 starting (PID 50020). cycle_sleep=30s fixer_max=300s
[ralph_v7 2026-05-27T18:23:45Z] ----- cycle 41 start -----
[ralph_v7 2026-05-27T18:23:45Z] check_done.sh
[ralph_v7 2026-05-27T18:25:18Z] check_done.sh exit=1
[ralph_v7 2026-05-27T18:25:18Z] red gates after first check: V7.4_deploy_parity_green,V7.6_mp3_input_passes,V7.7_text_transcript_input_passes,V7.8_computer_mic_input_passes,V7.9_external_mic_input_passes,V7.10_real_chrome_user_surface_no_clone,V7.11_100_stranger_successes,V7.14_last_20_interactions_pass,V7.15_3_consecutive_mp3_evals_pass,V7.18_3_clean_room_public_installs
[ralph_v7 2026-05-27T18:25:18Z] first actionable red: V7.4_deploy_parity_green
[ralph_v7 2026-05-27T18:25:18Z] dispatch ship.sh
[ship] working tree is dirty. Commit, revert, or isolate unrelated changes before shipping.
 M state/check_done_v7.json
 M state/last_v6_transcript_audit.json
 M state/ship-build.log
 M state/stranger_breadth.json
 M state/v7/loop.log
 M state/v7/loop.pid
 M state/v7/loop_cycle.txt
 M state/v7/loop_stuck.md
 M state/v7/manifest_commit_exception.json
 M state/v7/supervisor/autocommit.log
 M state/v7/supervisor/ralph_loop.log
 M state/v7/supervisor/ralph_v7.log
 M state/v7/supervisor/strangers.log
 M state/v7/supervisor_status.json
?? desktop/src-tauri/Cargo.lock
?? desktop/src-tauri/bin/anticipy-engine-aarch64-apple-darwin
?? desktop/src-tauri/resources/parakeet-tdt-0.6b-v3/README.md
?? desktop/src-tauri/resources/parakeet-tdt-0.6b-v3/config.json
?? desktop/src-tauri/resources/parakeet-tdt-0.6b-v3/model.safetensors
?? desktop/src-tauri/resources/parakeet-tdt-0.6b-v3/tokenizer.model
?? desktop/src-tauri/resources/parakeet-tdt-0.6b-v3/tokenizer.vocab
?? desktop/src-tauri/resources/parakeet-tdt-0.6b-v3/vocab.txt
?? desktop/target/
?? engine/anticipy-engine.spec
?? state/check_done_v6.json
?? state/ship-r2.log
?? state/strangers/a1307179-eabe-4765-b825-ca15432db527/
?? target/
?? tasks/
[ralph_v7 2026-05-27T18:25:19Z] fixer for V7.4 exit=1
[ralph_v7 2026-05-27T18:25:19Z] check_done.sh
[ralph_v7 2026-05-27T18:26:52Z] check_done.sh exit=1
[ralph_v7 2026-05-27T18:26:52Z] red gates after fixer:      V7.4_deploy_parity_green,V7.6_mp3_input_passes,V7.7_text_transcript_input_passes,V7.8_computer_mic_input_passes,V7.9_external_mic_input_passes,V7.10_real_chrome_user_surface_no_clone,V7.11_100_stranger_successes,V7.14_last_20_interactions_pass,V7.15_3_consecutive_mp3_evals_pass,V7.18_3_clean_room_public_installs
[ralph_v7 2026-05-27T18:26:52Z] ----- cycle 41 end (sleep 30s) -----
[ralph_v7 2026-05-27T18:27:22Z] ----- cycle 42 start -----
[ralph_v7 2026-05-27T18:27:22Z] check_done.sh
[ralph_v7 2026-05-27T18:28:50Z] check_done.sh exit=1
[ralph_v7 2026-05-27T18:28:50Z] red gates after first check: V7.4_deploy_parity_green,V7.6_mp3_input_passes,V7.7_text_transcript_input_passes,V7.8_computer_mic_input_passes,V7.9_external_mic_input_passes,V7.10_real_chrome_user_surface_no_clone,V7.11_100_stranger_successes,V7.15_3_consecutive_mp3_evals_pass,V7.18_3_clean_room_public_installs
[ralph_v7 2026-05-27T18:28:50Z] first actionable red: V7.4_deploy_parity_green
[ralph_v7 2026-05-27T18:28:50Z] dispatch ship.sh
[ship] working tree is dirty. Commit, revert, or isolate unrelated changes before shipping.
 M state/check_done_v7.json
 M state/last_v6_transcript_audit.json
 M state/ship-build.log
 M state/stranger_breadth.json
 M state/v7/loop.log
 M state/v7/loop.pid
 M state/v7/loop_cycle.txt
 M state/v7/loop_stuck.md
 M state/v7/manifest_commit_exception.json
 M state/v7/supervisor/autocommit.log
 M state/v7/supervisor/ralph_loop.log
 M state/v7/supervisor/ralph_v7.log
 M state/v7/supervisor/strangers.log
 M state/v7/supervisor_status.json
?? desktop/src-tauri/Cargo.lock
?? desktop/src-tauri/bin/anticipy-engine-aarch64-apple-darwin
?? desktop/src-tauri/resources/parakeet-tdt-0.6b-v3/README.md
?? desktop/src-tauri/resources/parakeet-tdt-0.6b-v3/config.json
?? desktop/src-tauri/resources/parakeet-tdt-0.6b-v3/model.safetensors
?? desktop/src-tauri/resources/parakeet-tdt-0.6b-v3/tokenizer.model
?? desktop/src-tauri/resources/parakeet-tdt-0.6b-v3/tokenizer.vocab
?? desktop/src-tauri/resources/parakeet-tdt-0.6b-v3/vocab.txt
?? desktop/target/
?? engine/anticipy-engine.spec
?? state/check_done_v6.json
?? state/ship-r2.log
?? state/strangers/a1307179-eabe-4765-b825-ca15432db527/
?? target/
?? tasks/
[ralph_v7 2026-05-27T18:28:50Z] fixer for V7.4 exit=1
[ralph_v7 2026-05-27T18:28:50Z] check_done.sh
[ralph_v7 2026-05-27T18:31:02Z] check_done.sh exit=1
[ralph_v7 2026-05-27T18:31:02Z] red gates after fixer:      V7.4_deploy_parity_green,V7.6_mp3_input_passes,V7.7_text_transcript_input_passes,V7.8_computer_mic_input_passes,V7.9_external_mic_input_passes,V7.10_real_chrome_user_surface_no_clone,V7.11_100_stranger_successes,V7.14_last_20_interactions_pass,V7.15_3_consecutive_mp3_evals_pass,V7.18_3_clean_room_public_installs
[ralph_v7 2026-05-27T18:31:02Z] wrote state/v7/loop_stuck.md
[ralph_v7 2026-05-27T18:32:02Z] ralph_v7 starting (PID 60729). cycle_sleep=30s fixer_max=300s
[ralph_v7 2026-05-27T18:32:02Z] ----- cycle 43 start -----
[ralph_v7 2026-05-27T18:32:02Z] check_done.sh
[ralph_v7 2026-05-27T18:33:42Z] check_done.sh exit=1
[ralph_v7 2026-05-27T18:33:42Z] red gates after first check: V7.4_deploy_parity_green,V7.6_mp3_input_passes,V7.7_text_transcript_input_passes,V7.8_computer_mic_input_passes,V7.9_external_mic_input_passes,V7.10_real_chrome_user_surface_no_clone,V7.11_100_stranger_successes,V7.14_last_20_interactions_pass,V7.15_3_consecutive_mp3_evals_pass,V7.18_3_clean_room_public_installs
[ralph_v7 2026-05-27T18:33:42Z] first actionable red: V7.4_deploy_parity_green
[ralph_v7 2026-05-27T18:33:43Z] dispatch ship.sh
[ship] working tree is dirty. Commit, revert, or isolate unrelated changes before shipping.
 M state/check_done_v7.json
 M state/last_v6_transcript_audit.json
 M state/ship-build.log
 M state/stranger_breadth.json
 M state/v7/loop.log
 M state/v7/loop.pid
 M state/v7/loop_cycle.txt
 M state/v7/loop_stuck.md
 M state/v7/manifest_commit_exception.json
 M state/v7/supervisor/autocommit.log
 M state/v7/supervisor/health.log
 M state/v7/supervisor/ralph_loop.log
 M state/v7/supervisor/ralph_v7.log
 M state/v7/supervisor_status.json
?? desktop/src-tauri/Cargo.lock
?? desktop/src-tauri/bin/anticipy-engine-aarch64-apple-darwin
?? desktop/src-tauri/resources/parakeet-tdt-0.6b-v3/README.md
?? desktop/src-tauri/resources/parakeet-tdt-0.6b-v3/config.json
?? desktop/src-tauri/resources/parakeet-tdt-0.6b-v3/model.safetensors
?? desktop/src-tauri/resources/parakeet-tdt-0.6b-v3/tokenizer.model
?? desktop/src-tauri/resources/parakeet-tdt-0.6b-v3/tokenizer.vocab
?? desktop/src-tauri/resources/parakeet-tdt-0.6b-v3/vocab.txt
?? desktop/target/
?? engine/anticipy-engine.spec
?? state/check_done_v6.json
?? state/ship-r2.log
?? state/strangers/06da66cd-92ff-4dcb-8201-9778509c1b86/audio/
?? state/strangers/06da66cd-92ff-4dcb-8201-9778509c1b86/baseline.json
?? state/strangers/06da66cd-92ff-4dcb-8201-9778509c1b86/listen_status.json
?? state/strangers/06da66cd-92ff-4dcb-8201-9778509c1b86/upload_response.json
?? target/
?? tasks/
[ralph_v7 2026-05-27T18:33:43Z] fixer for V7.4 exit=1
[ralph_v7 2026-05-27T18:33:43Z] check_done.sh
[ralph_v7 2026-05-27T18:35:28Z] check_done.sh exit=1
[ralph_v7 2026-05-27T18:35:28Z] red gates after fixer:      V7.4_deploy_parity_green,V7.6_mp3_input_passes,V7.7_text_transcript_input_passes,V7.8_computer_mic_input_passes,V7.9_external_mic_input_passes,V7.10_real_chrome_user_surface_no_clone,V7.11_100_stranger_successes,V7.14_last_20_interactions_pass,V7.15_3_consecutive_mp3_evals_pass,V7.18_3_clean_room_public_installs
[ralph_v7 2026-05-27T18:35:28Z] ----- cycle 43 end (sleep 30s) -----
[ralph_v7 2026-05-27T18:35:58Z] ----- cycle 44 start -----
[ralph_v7 2026-05-27T18:35:58Z] check_done.sh
[ralph_v7 2026-05-27T18:37:43Z] check_done.sh exit=1
[ralph_v7 2026-05-27T18:37:43Z] red gates after first check: V7.4_deploy_parity_green,V7.6_mp3_input_passes,V7.7_text_transcript_input_passes,V7.8_computer_mic_input_passes,V7.9_external_mic_input_passes,V7.10_real_chrome_user_surface_no_clone,V7.11_100_stranger_successes,V7.14_last_20_interactions_pass,V7.15_3_consecutive_mp3_evals_pass,V7.18_3_clean_room_public_installs
[ralph_v7 2026-05-27T18:37:43Z] first actionable red: V7.4_deploy_parity_green
[ralph_v7 2026-05-27T18:37:44Z] dispatch ship.sh
[ship] working tree is dirty. Commit, revert, or isolate unrelated changes before shipping.
 M state/check_done_v7.json
 M state/last_v6_transcript_audit.json
 M state/ship-build.log
 M state/stranger_breadth.json
 M state/v7/loop.log
 M state/v7/loop.pid
 M state/v7/loop_cycle.txt
 M state/v7/loop_stuck.md
 M state/v7/manifest_commit_exception.json
 M state/v7/supervisor/autocommit.log
 M state/v7/supervisor/health.log
 M state/v7/supervisor/ralph_loop.log
 M state/v7/supervisor/ralph_v7.log
 M state/v7/supervisor_status.json
?? desktop/src-tauri/Cargo.lock
?? desktop/src-tauri/bin/anticipy-engine-aarch64-apple-darwin
?? desktop/src-tauri/resources/parakeet-tdt-0.6b-v3/README.md
?? desktop/src-tauri/resources/parakeet-tdt-0.6b-v3/config.json
?? desktop/src-tauri/resources/parakeet-tdt-0.6b-v3/model.safetensors
?? desktop/src-tauri/resources/parakeet-tdt-0.6b-v3/tokenizer.model
?? desktop/src-tauri/resources/parakeet-tdt-0.6b-v3/tokenizer.vocab
?? desktop/src-tauri/resources/parakeet-tdt-0.6b-v3/vocab.txt
?? desktop/target/
?? engine/anticipy-engine.spec
?? state/check_done_v6.json
?? state/ship-r2.log
?? state/strangers/06da66cd-92ff-4dcb-8201-9778509c1b86/audio/
?? state/strangers/06da66cd-92ff-4dcb-8201-9778509c1b86/baseline.json
?? state/strangers/06da66cd-92ff-4dcb-8201-9778509c1b86/cost_breakdown.json
?? state/strangers/06da66cd-92ff-4dcb-8201-9778509c1b86/driver_result.json
?? state/strangers/06da66cd-92ff-4dcb-8201-9778509c1b86/listen_status.json
?? state/strangers/06da66cd-92ff-4dcb-8201-9778509c1b86/transcript_quality.json
?? state/strangers/06da66cd-92ff-4dcb-8201-9778509c1b86/upload_response.json
?? target/
?? tasks/
[ralph_v7 2026-05-27T18:37:44Z] fixer for V7.4 exit=1
[ralph_v7 2026-05-27T18:37:44Z] check_done.sh
[ralph_v7 2026-05-27T18:39:00Z] check_done.sh exit=128
[ralph_v7 2026-05-27T18:39:00Z] red gates after fixer:      V7.4_deploy_parity_green,V7.6_mp3_input_passes,V7.7_text_transcript_input_passes,V7.8_computer_mic_input_passes,V7.9_external_mic_input_passes,V7.10_real_chrome_user_surface_no_clone,V7.11_100_stranger_successes,V7.14_last_20_interactions_pass,V7.15_3_consecutive_mp3_evals_pass,V7.18_3_clean_room_public_installs
[ralph_v7 2026-05-27T18:39:00Z] wrote state/v7/loop_stuck.md
[ralph_v7 2026-05-27T18:40:00Z] ralph_v7 starting (PID 75694). cycle_sleep=30s fixer_max=300s
[ralph_v7 2026-05-27T18:40:00Z] ----- cycle 45 start -----
[ralph_v7 2026-05-27T18:40:00Z] check_done.sh
[ralph_v7 2026-05-27T18:45:15Z] check_done.sh exit=1
[ralph_v7 2026-05-27T18:45:15Z] red gates after first check: V7.2_public_dmg_installs,V7.4_deploy_parity_green,V7.5_public_dmg_sha_green,V7.6_mp3_input_passes,V7.7_text_transcript_input_passes,V7.8_computer_mic_input_passes,V7.9_external_mic_input_passes,V7.10_real_chrome_user_surface_no_clone,V7.11_100_stranger_successes,V7.14_last_20_interactions_pass,V7.15_3_consecutive_mp3_evals_pass,V7.18_3_clean_room_public_installs
[ralph_v7 2026-05-27T18:45:15Z] first actionable red: V7.2_public_dmg_installs
[ralph_v7 2026-05-27T18:45:16Z] dispatch ship.sh
[ship] working tree is dirty. Commit, revert, or isolate unrelated changes before shipping.
 M state/check_done_v7.json
 M state/last_v6_transcript_audit.json
 M state/ship-build.log
 M state/stranger_breadth.json
 M state/v7/loop.log
 M state/v7/supervisor/autocommit.log
 M state/v7/supervisor/health.log
 M state/v7/supervisor/ralph_v7.log
 M state/v7/supervisor_status.json
?? desktop/src-tauri/Cargo.lock
?? desktop/src-tauri/bin/anticipy-engine-aarch64-apple-darwin
?? desktop/src-tauri/resources/parakeet-tdt-0.6b-v3/README.md
?? desktop/src-tauri/resources/parakeet-tdt-0.6b-v3/config.json
?? desktop/src-tauri/resources/parakeet-tdt-0.6b-v3/model.safetensors
?? desktop/src-tauri/resources/parakeet-tdt-0.6b-v3/tokenizer.model
?? desktop/src-tauri/resources/parakeet-tdt-0.6b-v3/tokenizer.vocab
?? desktop/src-tauri/resources/parakeet-tdt-0.6b-v3/vocab.txt
?? desktop/target/
?? engine/anticipy-engine.spec
?? state/check_done_v6.json
?? state/ship-r2.log
?? target/
?? tasks/
[ralph_v7 2026-05-27T18:45:16Z] fixer for V7.2 exit=1
[ralph_v7 2026-05-27T18:45:16Z] check_done.sh
[ralph_v7 2026-05-27T18:47:13Z] check_done.sh exit=1
[ralph_v7 2026-05-27T18:47:13Z] red gates after fixer:      V7.4_deploy_parity_green,V7.6_mp3_input_passes,V7.7_text_transcript_input_passes,V7.8_computer_mic_input_passes,V7.9_external_mic_input_passes,V7.10_real_chrome_user_surface_no_clone,V7.11_100_stranger_successes,V7.14_last_20_interactions_pass,V7.15_3_consecutive_mp3_evals_pass,V7.18_3_clean_room_public_installs
[ralph_v7 2026-05-27T18:47:13Z] ----- cycle 45 end (sleep 30s) -----
[ralph_v7 2026-05-27T18:47:43Z] ----- cycle 46 start -----
[ralph_v7 2026-05-27T18:47:43Z] check_done.sh
[ralph_v7 2026-05-27T18:49:31Z] check_done.sh exit=1
[ralph_v7 2026-05-27T18:49:31Z] red gates after first check: V7.4_deploy_parity_green,V7.6_mp3_input_passes,V7.7_text_transcript_input_passes,V7.8_computer_mic_input_passes,V7.9_external_mic_input_passes,V7.10_real_chrome_user_surface_no_clone,V7.11_100_stranger_successes,V7.15_3_consecutive_mp3_evals_pass,V7.18_3_clean_room_public_installs
[ralph_v7 2026-05-27T18:49:31Z] first actionable red: V7.4_deploy_parity_green
[ralph_v7 2026-05-27T18:49:31Z] dispatch ship.sh
[ship] working tree is dirty. Commit, revert, or isolate unrelated changes before shipping.
 M state/check_done_v7.json
 M state/last_v6_transcript_audit.json
 M state/ship-build.log
 D state/strangers/1535c1bd-bf54-4aa8-a14c-305e5d31e084/audio/uploaded_audio.aiff
 D state/strangers/1535c1bd-bf54-4aa8-a14c-305e5d31e084/audio/uploaded_audio.mp3
 D state/strangers/1535c1bd-bf54-4aa8-a14c-305e5d31e084/baseline.json
 D state/strangers/1535c1bd-bf54-4aa8-a14c-305e5d31e084/listen_status.json
 D state/strangers/1535c1bd-bf54-4aa8-a14c-305e5d31e084/persona.json
 D state/strangers/1535c1bd-bf54-4aa8-a14c-305e5d31e084/run.log
 D state/strangers/1535c1bd-bf54-4aa8-a14c-305e5d31e084/script.json
 D state/strangers/1535c1bd-bf54-4aa8-a14c-305e5d31e084/upload_response.json
 M state/v7/loop.log
 M state/v7/loop_cycle.txt
 M state/v7/manifest_commit_exception.json
 M state/v7/supervisor/autocommit.log
 M state/v7/supervisor/health.log
 M state/v7/supervisor/ralph_v7.log
 M state/v7/supervisor/strangers.log
 M state/v7/supervisor_status.json
?? desktop/src-tauri/Cargo.lock
?? desktop/src-tauri/bin/anticipy-engine-aarch64-apple-darwin
?? desktop/src-tauri/resources/parakeet-tdt-0.6b-v3/README.md
?? desktop/src-tauri/resources/parakeet-tdt-0.6b-v3/config.json
?? desktop/src-tauri/resources/parakeet-tdt-0.6b-v3/model.safetensors
?? desktop/src-tauri/resources/parakeet-tdt-0.6b-v3/tokenizer.model
?? desktop/src-tauri/resources/parakeet-tdt-0.6b-v3/tokenizer.vocab
?? desktop/src-tauri/resources/parakeet-tdt-0.6b-v3/vocab.txt
?? desktop/target/
?? engine/anticipy-engine.spec
?? state/check_done_v6.json
?? state/ship-r2.log
?? target/
?? tasks/
[ralph_v7 2026-05-27T18:49:32Z] fixer for V7.4 exit=1
[ralph_v7 2026-05-27T18:49:32Z] check_done.sh
[ralph_v7 2026-05-27T18:51:14Z] check_done.sh exit=1
[ralph_v7 2026-05-27T18:51:14Z] red gates after fixer:      V7.4_deploy_parity_green,V7.6_mp3_input_passes,V7.7_text_transcript_input_passes,V7.8_computer_mic_input_passes,V7.9_external_mic_input_passes,V7.10_real_chrome_user_surface_no_clone,V7.11_100_stranger_successes,V7.14_last_20_interactions_pass,V7.15_3_consecutive_mp3_evals_pass,V7.18_3_clean_room_public_installs
[ralph_v7 2026-05-27T18:51:14Z] ----- cycle 46 end (sleep 30s) -----
[ralph_v7 2026-05-27T18:51:44Z] ----- cycle 47 start -----
[ralph_v7 2026-05-27T18:51:44Z] check_done.sh
[ralph_v7 2026-05-27T18:53:41Z] check_done.sh exit=1
[ralph_v7 2026-05-27T18:53:41Z] red gates after first check: V7.4_deploy_parity_green,V7.6_mp3_input_passes,V7.7_text_transcript_input_passes,V7.8_computer_mic_input_passes,V7.9_external_mic_input_passes,V7.10_real_chrome_user_surface_no_clone,V7.11_100_stranger_successes,V7.14_last_20_interactions_pass,V7.15_3_consecutive_mp3_evals_pass,V7.18_3_clean_room_public_installs
[ralph_v7 2026-05-27T18:53:41Z] first actionable red: V7.4_deploy_parity_green
[ralph_v7 2026-05-27T18:53:41Z] dispatch ship.sh
[ship] working tree is dirty. Commit, revert, or isolate unrelated changes before shipping.
 M state/check_done_v7.json
 M state/last_v6_transcript_audit.json
 M state/ship-build.log
 M state/stranger_breadth.json
 D state/strangers/1535c1bd-bf54-4aa8-a14c-305e5d31e084/audio/uploaded_audio.aiff
 D state/strangers/1535c1bd-bf54-4aa8-a14c-305e5d31e084/audio/uploaded_audio.mp3
 D state/strangers/1535c1bd-bf54-4aa8-a14c-305e5d31e084/baseline.json
 D state/strangers/1535c1bd-bf54-4aa8-a14c-305e5d31e084/listen_status.json
 D state/strangers/1535c1bd-bf54-4aa8-a14c-305e5d31e084/persona.json
 D state/strangers/1535c1bd-bf54-4aa8-a14c-305e5d31e084/run.log
 D state/strangers/1535c1bd-bf54-4aa8-a14c-305e5d31e084/script.json
 D state/strangers/1535c1bd-bf54-4aa8-a14c-305e5d31e084/upload_response.json
 M state/v7/loop.log
 M state/v7/loop_cycle.txt
 M state/v7/manifest_commit_exception.json
 M state/v7/supervisor/autocommit.log
 M state/v7/supervisor/health.log
 M state/v7/supervisor/ralph_v7.log
 M state/v7/supervisor/strangers.log
 M state/v7/supervisor_status.json
?? desktop/src-tauri/Cargo.lock
?? desktop/src-tauri/bin/anticipy-engine-aarch64-apple-darwin
?? desktop/src-tauri/resources/parakeet-tdt-0.6b-v3/README.md
?? desktop/src-tauri/resources/parakeet-tdt-0.6b-v3/config.json
?? desktop/src-tauri/resources/parakeet-tdt-0.6b-v3/model.safetensors
?? desktop/src-tauri/resources/parakeet-tdt-0.6b-v3/tokenizer.model
?? desktop/src-tauri/resources/parakeet-tdt-0.6b-v3/tokenizer.vocab
?? desktop/src-tauri/resources/parakeet-tdt-0.6b-v3/vocab.txt
?? desktop/target/
?? engine/anticipy-engine.spec
?? state/check_done_v6.json
?? state/ship-r2.log
?? state/strangers/f12949f1-3560-41ba-aab8-3acb91f77779/
?? target/
?? tasks/
[ralph_v7 2026-05-27T18:53:42Z] fixer for V7.4 exit=1
[ralph_v7 2026-05-27T18:53:42Z] check_done.sh
[ralph_v7 2026-05-27T18:56:39Z] check_done.sh exit=1
[ralph_v7 2026-05-27T18:56:39Z] red gates after fixer:      V7.4_deploy_parity_green,V7.6_mp3_input_passes,V7.7_text_transcript_input_passes,V7.8_computer_mic_input_passes,V7.9_external_mic_input_passes,V7.10_real_chrome_user_surface_no_clone,V7.11_100_stranger_successes,V7.14_last_20_interactions_pass,V7.15_3_consecutive_mp3_evals_pass,V7.18_3_clean_room_public_installs
[ralph_v7 2026-05-27T18:56:39Z] wrote state/v7/loop_stuck.md
[ralph_v7 2026-05-27T18:57:39Z] ralph_v7 starting (PID 19404). cycle_sleep=30s fixer_max=300s
[ralph_v7 2026-05-27T18:57:39Z] ----- cycle 48 start -----
[ralph_v7 2026-05-27T18:57:39Z] check_done.sh
[ralph_v7 2026-05-27T18:59:18Z] check_done.sh exit=1
[ralph_v7 2026-05-27T18:59:19Z] red gates after first check: V7.4_deploy_parity_green,V7.6_mp3_input_passes,V7.7_text_transcript_input_passes,V7.8_computer_mic_input_passes,V7.9_external_mic_input_passes,V7.10_real_chrome_user_surface_no_clone,V7.11_100_stranger_successes,V7.15_3_consecutive_mp3_evals_pass,V7.18_3_clean_room_public_installs
[ralph_v7 2026-05-27T18:59:19Z] first actionable red: V7.4_deploy_parity_green
[ralph_v7 2026-05-27T18:59:19Z] dispatch ship.sh
[ship] working tree is dirty. Commit, revert, or isolate unrelated changes before shipping.
 M state/check_done_v7.json
 M state/last_v6_transcript_audit.json
 M state/ship-build.log
 M state/stranger_breadth.json
 D state/strangers/f12949f1-3560-41ba-aab8-3acb91f77779/audio/uploaded_audio.aiff
 D state/strangers/f12949f1-3560-41ba-aab8-3acb91f77779/audio/uploaded_audio.mp3
 D state/strangers/f12949f1-3560-41ba-aab8-3acb91f77779/baseline.json
 D state/strangers/f12949f1-3560-41ba-aab8-3acb91f77779/listen_status.json
 D state/strangers/f12949f1-3560-41ba-aab8-3acb91f77779/persona.json
 D state/strangers/f12949f1-3560-41ba-aab8-3acb91f77779/run.log
 D state/strangers/f12949f1-3560-41ba-aab8-3acb91f77779/script.json
 D state/strangers/f12949f1-3560-41ba-aab8-3acb91f77779/upload_response.json
 M state/v7/loop.log
 M state/v7/loop.pid
 M state/v7/loop_cycle.txt
 M state/v7/loop_stuck.md
 M state/v7/manifest_commit_exception.json
 M state/v7/supervisor/autocommit.log
 M state/v7/supervisor/health.log
 M state/v7/supervisor/ralph_loop.log
 M state/v7/supervisor/ralph_v7.log
 M state/v7/supervisor/strangers.log
 M state/v7/supervisor/strangers_loop.log
 M state/v7/supervisor_status.json
?? desktop/src-tauri/Cargo.lock
?? desktop/src-tauri/bin/anticipy-engine-aarch64-apple-darwin
?? desktop/src-tauri/resources/parakeet-tdt-0.6b-v3/README.md
?? desktop/src-tauri/resources/parakeet-tdt-0.6b-v3/config.json
?? desktop/src-tauri/resources/parakeet-tdt-0.6b-v3/model.safetensors
?? desktop/src-tauri/resources/parakeet-tdt-0.6b-v3/tokenizer.model
?? desktop/src-tauri/resources/parakeet-tdt-0.6b-v3/tokenizer.vocab
?? desktop/src-tauri/resources/parakeet-tdt-0.6b-v3/vocab.txt
?? desktop/target/
?? engine/anticipy-engine.spec
?? state/check_done_v6.json
?? state/ship-r2.log
?? target/
?? tasks/
[ralph_v7 2026-05-27T18:59:20Z] fixer for V7.4 exit=1
[ralph_v7 2026-05-27T18:59:20Z] check_done.sh
[ralph_v7 2026-05-27T19:01:03Z] check_done.sh exit=1
[ralph_v7 2026-05-27T19:01:04Z] red gates after fixer:      V7.4_deploy_parity_green,V7.6_mp3_input_passes,V7.7_text_transcript_input_passes,V7.8_computer_mic_input_passes,V7.9_external_mic_input_passes,V7.10_real_chrome_user_surface_no_clone,V7.11_100_stranger_successes,V7.14_last_20_interactions_pass,V7.15_3_consecutive_mp3_evals_pass,V7.18_3_clean_room_public_installs
[ralph_v7 2026-05-27T19:01:04Z] ----- cycle 48 end (sleep 30s) -----
[ralph_v7 2026-05-27T19:01:34Z] ----- cycle 49 start -----
[ralph_v7 2026-05-27T19:01:34Z] check_done.sh
[ralph_v7 2026-05-27T19:03:18Z] check_done.sh exit=1
[ralph_v7 2026-05-27T19:03:18Z] red gates after first check: V7.4_deploy_parity_green,V7.6_mp3_input_passes,V7.7_text_transcript_input_passes,V7.8_computer_mic_input_passes,V7.9_external_mic_input_passes,V7.10_real_chrome_user_surface_no_clone,V7.11_100_stranger_successes,V7.14_last_20_interactions_pass,V7.15_3_consecutive_mp3_evals_pass,V7.18_3_clean_room_public_installs
[ralph_v7 2026-05-27T19:03:18Z] first actionable red: V7.4_deploy_parity_green
[ralph_v7 2026-05-27T19:03:19Z] dispatch ship.sh
[ship] working tree is dirty. Commit, revert, or isolate unrelated changes before shipping.
 M state/check_done_v7.json
 M state/last_v6_transcript_audit.json
 M state/ship-build.log
 M state/stranger_breadth.json
 D state/strangers/f12949f1-3560-41ba-aab8-3acb91f77779/audio/uploaded_audio.aiff
 D state/strangers/f12949f1-3560-41ba-aab8-3acb91f77779/audio/uploaded_audio.mp3
 D state/strangers/f12949f1-3560-41ba-aab8-3acb91f77779/baseline.json
 D state/strangers/f12949f1-3560-41ba-aab8-3acb91f77779/listen_status.json
 D state/strangers/f12949f1-3560-41ba-aab8-3acb91f77779/persona.json
 D state/strangers/f12949f1-3560-41ba-aab8-3acb91f77779/run.log
 D state/strangers/f12949f1-3560-41ba-aab8-3acb91f77779/script.json
 D state/strangers/f12949f1-3560-41ba-aab8-3acb91f77779/upload_response.json
 M state/v7/loop.log
 M state/v7/loop.pid
 M state/v7/loop_cycle.txt
 M state/v7/loop_stuck.md
 M state/v7/manifest_commit_exception.json
 M state/v7/supervisor/autocommit.log
 M state/v7/supervisor/health.log
 M state/v7/supervisor/ralph_loop.log
 M state/v7/supervisor/ralph_v7.log
 M state/v7/supervisor/strangers.log
 M state/v7/supervisor/strangers_loop.log
 M state/v7/supervisor_status.json
?? desktop/src-tauri/Cargo.lock
?? desktop/src-tauri/bin/anticipy-engine-aarch64-apple-darwin
?? desktop/src-tauri/resources/parakeet-tdt-0.6b-v3/README.md
?? desktop/src-tauri/resources/parakeet-tdt-0.6b-v3/config.json
?? desktop/src-tauri/resources/parakeet-tdt-0.6b-v3/model.safetensors
?? desktop/src-tauri/resources/parakeet-tdt-0.6b-v3/tokenizer.model
?? desktop/src-tauri/resources/parakeet-tdt-0.6b-v3/tokenizer.vocab
?? desktop/src-tauri/resources/parakeet-tdt-0.6b-v3/vocab.txt
?? desktop/target/
?? engine/anticipy-engine.spec
?? state/check_done_v6.json
?? state/ship-r2.log
?? state/strangers/2c9c3147-2057-48cd-81b0-a373934d7e45/
?? target/
?? tasks/
[ralph_v7 2026-05-27T19:03:19Z] fixer for V7.4 exit=1
[ralph_v7 2026-05-27T19:03:19Z] check_done.sh
[ralph_v7 2026-05-27T19:05:11Z] check_done.sh exit=1
[ralph_v7 2026-05-27T19:05:11Z] red gates after fixer:      V7.4_deploy_parity_green,V7.6_mp3_input_passes,V7.7_text_transcript_input_passes,V7.8_computer_mic_input_passes,V7.9_external_mic_input_passes,V7.10_real_chrome_user_surface_no_clone,V7.11_100_stranger_successes,V7.14_last_20_interactions_pass,V7.15_3_consecutive_mp3_evals_pass,V7.18_3_clean_room_public_installs
[ralph_v7 2026-05-27T19:05:11Z] wrote state/v7/loop_stuck.md
[ralph_v7 2026-05-27T19:06:12Z] ralph_v7 starting (PID 34728). cycle_sleep=30s fixer_max=300s
[ralph_v7 2026-05-27T19:06:12Z] ----- cycle 50 start -----
[ralph_v7 2026-05-27T19:06:12Z] check_done.sh
[ralph_v7 2026-05-27T19:08:02Z] check_done.sh exit=1
[ralph_v7 2026-05-27T19:08:02Z] red gates after first check: V7.4_deploy_parity_green,V7.6_mp3_input_passes,V7.7_text_transcript_input_passes,V7.8_computer_mic_input_passes,V7.9_external_mic_input_passes,V7.10_real_chrome_user_surface_no_clone,V7.11_100_stranger_successes,V7.14_last_20_interactions_pass,V7.15_3_consecutive_mp3_evals_pass,V7.18_3_clean_room_public_installs
[ralph_v7 2026-05-27T19:08:02Z] first actionable red: V7.4_deploy_parity_green
[ralph_v7 2026-05-27T19:08:02Z] dispatch ship.sh
[ship] working tree is dirty. Commit, revert, or isolate unrelated changes before shipping.
 M state/last_v6_transcript_audit.json
 M state/ship-build.log
 M state/v7/loop.log
 M state/v7/supervisor/autocommit.log
 M state/v7/supervisor/health.log
 M state/v7/supervisor/ralph_v7.log
 M state/v7/supervisor_status.json
?? desktop/src-tauri/Cargo.lock
?? desktop/src-tauri/bin/anticipy-engine-aarch64-apple-darwin
?? desktop/src-tauri/resources/parakeet-tdt-0.6b-v3/README.md
?? desktop/src-tauri/resources/parakeet-tdt-0.6b-v3/config.json
?? desktop/src-tauri/resources/parakeet-tdt-0.6b-v3/model.safetensors
?? desktop/src-tauri/resources/parakeet-tdt-0.6b-v3/tokenizer.model
?? desktop/src-tauri/resources/parakeet-tdt-0.6b-v3/tokenizer.vocab
?? desktop/src-tauri/resources/parakeet-tdt-0.6b-v3/vocab.txt
?? desktop/target/
?? engine/anticipy-engine.spec
?? state/check_done_v6.json
?? state/ship-r2.log
?? state/strangers/2c9c3147-2057-48cd-81b0-a373934d7e45/cost_breakdown.json
?? state/strangers/2c9c3147-2057-48cd-81b0-a373934d7e45/driver_result.json
?? state/strangers/2c9c3147-2057-48cd-81b0-a373934d7e45/transcript_quality.json
?? target/
?? tasks/
[ralph_v7 2026-05-27T19:08:03Z] fixer for V7.4 exit=1
[ralph_v7 2026-05-27T19:08:03Z] check_done.sh
[ralph_v7 2026-05-27T19:09:43Z] check_done.sh exit=1
[ralph_v7 2026-05-27T19:09:43Z] red gates after fixer:      V7.4_deploy_parity_green,V7.6_mp3_input_passes,V7.7_text_transcript_input_passes,V7.8_computer_mic_input_passes,V7.9_external_mic_input_passes,V7.10_real_chrome_user_surface_no_clone,V7.11_100_stranger_successes,V7.14_last_20_interactions_pass,V7.15_3_consecutive_mp3_evals_pass,V7.18_3_clean_room_public_installs
[ralph_v7 2026-05-27T19:09:43Z] ----- cycle 50 end (sleep 30s) -----
[ralph_v7 2026-05-27T19:10:13Z] ----- cycle 51 start -----
[ralph_v7 2026-05-27T19:10:13Z] check_done.sh
[ralph_v7 2026-05-27T19:11:59Z] check_done.sh exit=1
[ralph_v7 2026-05-27T19:11:59Z] red gates after first check: V7.4_deploy_parity_green,V7.6_mp3_input_passes,V7.7_text_transcript_input_passes,V7.8_computer_mic_input_passes,V7.9_external_mic_input_passes,V7.10_real_chrome_user_surface_no_clone,V7.11_100_stranger_successes,V7.14_last_20_interactions_pass,V7.15_3_consecutive_mp3_evals_pass,V7.18_3_clean_room_public_installs
[ralph_v7 2026-05-27T19:11:59Z] first actionable red: V7.4_deploy_parity_green
[ralph_v7 2026-05-27T19:11:59Z] dispatch ship.sh
[ship] working tree is dirty. Commit, revert, or isolate unrelated changes before shipping.
 M state/check_done_v7.json
 M state/last_v6_transcript_audit.json
 M state/ship-build.log
 M state/stranger_breadth.json
 D state/strangers/2c9c3147-2057-48cd-81b0-a373934d7e45/audio/uploaded_audio.aiff
 D state/strangers/2c9c3147-2057-48cd-81b0-a373934d7e45/audio/uploaded_audio.mp3
 D state/strangers/2c9c3147-2057-48cd-81b0-a373934d7e45/baseline.json
 D state/strangers/2c9c3147-2057-48cd-81b0-a373934d7e45/listen_status.json
 D state/strangers/2c9c3147-2057-48cd-81b0-a373934d7e45/persona.json
 D state/strangers/2c9c3147-2057-48cd-81b0-a373934d7e45/run.log
 D state/strangers/2c9c3147-2057-48cd-81b0-a373934d7e45/script.json
 D state/strangers/2c9c3147-2057-48cd-81b0-a373934d7e45/upload_response.json
 M state/v7/loop.log
 M state/v7/loop_cycle.txt
 M state/v7/manifest_commit_exception.json
 M state/v7/supervisor/autocommit.log
 M state/v7/supervisor/health.log
 M state/v7/supervisor/ralph_v7.log
 M state/v7/supervisor/strangers.log
 M state/v7/supervisor_status.json
?? desktop/src-tauri/Cargo.lock
?? desktop/src-tauri/bin/anticipy-engine-aarch64-apple-darwin
?? desktop/src-tauri/resources/parakeet-tdt-0.6b-v3/README.md
?? desktop/src-tauri/resources/parakeet-tdt-0.6b-v3/config.json
?? desktop/src-tauri/resources/parakeet-tdt-0.6b-v3/model.safetensors
?? desktop/src-tauri/resources/parakeet-tdt-0.6b-v3/tokenizer.model
?? desktop/src-tauri/resources/parakeet-tdt-0.6b-v3/tokenizer.vocab
?? desktop/src-tauri/resources/parakeet-tdt-0.6b-v3/vocab.txt
?? desktop/target/
?? engine/anticipy-engine.spec
?? state/check_done_v6.json
?? state/ship-r2.log
?? state/strangers/f93574e2-46b5-4388-a7dc-fe199a923567/
?? target/
?? tasks/
[ralph_v7 2026-05-27T19:12:00Z] fixer for V7.4 exit=1
[ralph_v7 2026-05-27T19:12:00Z] check_done.sh
[ralph_v7 2026-05-27T19:13:53Z] check_done.sh exit=1
[ralph_v7 2026-05-27T19:13:53Z] red gates after fixer:      V7.4_deploy_parity_green,V7.6_mp3_input_passes,V7.7_text_transcript_input_passes,V7.8_computer_mic_input_passes,V7.9_external_mic_input_passes,V7.10_real_chrome_user_surface_no_clone,V7.11_100_stranger_successes,V7.14_last_20_interactions_pass,V7.15_3_consecutive_mp3_evals_pass,V7.18_3_clean_room_public_installs
[ralph_v7 2026-05-27T19:13:53Z] wrote state/v7/loop_stuck.md
[ralph_v7 2026-05-27T19:14:53Z] ralph_v7 starting (PID 52502). cycle_sleep=30s fixer_max=300s
[ralph_v7 2026-05-27T19:14:53Z] ----- cycle 52 start -----
[ralph_v7 2026-05-27T19:14:53Z] check_done.sh
[ralph_v7 2026-05-27T19:16:30Z] check_done.sh exit=1
[ralph_v7 2026-05-27T19:16:30Z] red gates after first check: V7.4_deploy_parity_green,V7.6_mp3_input_passes,V7.7_text_transcript_input_passes,V7.8_computer_mic_input_passes,V7.9_external_mic_input_passes,V7.10_real_chrome_user_surface_no_clone,V7.11_100_stranger_successes,V7.14_last_20_interactions_pass,V7.15_3_consecutive_mp3_evals_pass,V7.18_3_clean_room_public_installs
[ralph_v7 2026-05-27T19:16:30Z] first actionable red: V7.4_deploy_parity_green
[ralph_v7 2026-05-27T19:16:30Z] dispatch ship.sh
[ship] working tree is dirty. Commit, revert, or isolate unrelated changes before shipping.
 M state/check_done_v7.json
 M state/last_v6_transcript_audit.json
 M state/ship-build.log
 M state/stranger_breadth.json
 D state/strangers/2c9c3147-2057-48cd-81b0-a373934d7e45/audio/uploaded_audio.aiff
 D state/strangers/2c9c3147-2057-48cd-81b0-a373934d7e45/audio/uploaded_audio.mp3
 D state/strangers/2c9c3147-2057-48cd-81b0-a373934d7e45/baseline.json
 D state/strangers/2c9c3147-2057-48cd-81b0-a373934d7e45/listen_status.json
 D state/strangers/2c9c3147-2057-48cd-81b0-a373934d7e45/persona.json
 D state/strangers/2c9c3147-2057-48cd-81b0-a373934d7e45/run.log
 D state/strangers/2c9c3147-2057-48cd-81b0-a373934d7e45/script.json
 D state/strangers/2c9c3147-2057-48cd-81b0-a373934d7e45/upload_response.json
 M state/v7/loop.log
 M state/v7/loop.pid
 M state/v7/loop_cycle.txt
 M state/v7/loop_stuck.md
 M state/v7/manifest_commit_exception.json
 M state/v7/supervisor/autocommit.log
 M state/v7/supervisor/health.log
 M state/v7/supervisor/ralph_loop.log
 M state/v7/supervisor/ralph_v7.log
 M state/v7/supervisor/strangers.log
 M state/v7/supervisor_status.json
?? desktop/src-tauri/Cargo.lock
?? desktop/src-tauri/bin/anticipy-engine-aarch64-apple-darwin
?? desktop/src-tauri/resources/parakeet-tdt-0.6b-v3/README.md
?? desktop/src-tauri/resources/parakeet-tdt-0.6b-v3/config.json
?? desktop/src-tauri/resources/parakeet-tdt-0.6b-v3/model.safetensors
?? desktop/src-tauri/resources/parakeet-tdt-0.6b-v3/tokenizer.model
?? desktop/src-tauri/resources/parakeet-tdt-0.6b-v3/tokenizer.vocab
?? desktop/src-tauri/resources/parakeet-tdt-0.6b-v3/vocab.txt
?? desktop/target/
?? engine/anticipy-engine.spec
?? state/check_done_v6.json
?? state/ship-r2.log
?? state/strangers/f93574e2-46b5-4388-a7dc-fe199a923567/
?? target/
?? tasks/
[ralph_v7 2026-05-27T19:16:31Z] fixer for V7.4 exit=1
[ralph_v7 2026-05-27T19:16:31Z] check_done.sh
[ralph_v7 2026-05-27T19:18:01Z] check_done.sh exit=1
[ralph_v7 2026-05-27T19:18:01Z] red gates after fixer:      V7.4_deploy_parity_green,V7.6_mp3_input_passes,V7.7_text_transcript_input_passes,V7.8_computer_mic_input_passes,V7.9_external_mic_input_passes,V7.10_real_chrome_user_surface_no_clone,V7.11_100_stranger_successes,V7.15_3_consecutive_mp3_evals_pass,V7.18_3_clean_room_public_installs
[ralph_v7 2026-05-27T19:18:01Z] ----- cycle 52 end (sleep 30s) -----
[ralph_v7 2026-05-27T19:18:31Z] ----- cycle 53 start -----
[ralph_v7 2026-05-27T19:18:31Z] check_done.sh
[ralph_v7 2026-05-27T19:20:05Z] check_done.sh exit=1
[ralph_v7 2026-05-27T19:20:05Z] red gates after first check: V7.4_deploy_parity_green,V7.6_mp3_input_passes,V7.7_text_transcript_input_passes,V7.8_computer_mic_input_passes,V7.9_external_mic_input_passes,V7.10_real_chrome_user_surface_no_clone,V7.11_100_stranger_successes,V7.14_last_20_interactions_pass,V7.15_3_consecutive_mp3_evals_pass,V7.18_3_clean_room_public_installs
[ralph_v7 2026-05-27T19:20:05Z] first actionable red: V7.4_deploy_parity_green
[ralph_v7 2026-05-27T19:20:05Z] dispatch ship.sh
[ship] working tree is dirty. Commit, revert, or isolate unrelated changes before shipping.
 M state/check_done_v7.json
 M state/last_v6_transcript_audit.json
 M state/ship-build.log
 M state/stranger_breadth.json
 M state/v7/loop.log
 M state/v7/loop_cycle.txt
 M state/v7/manifest_commit_exception.json
 M state/v7/supervisor/autocommit.log
 M state/v7/supervisor/health.log
 M state/v7/supervisor/ralph_v7.log
 M state/v7/supervisor/strangers.log
 M state/v7/supervisor/strangers_loop.log
 M state/v7/supervisor_status.json
?? desktop/src-tauri/Cargo.lock
?? desktop/src-tauri/bin/anticipy-engine-aarch64-apple-darwin
?? desktop/src-tauri/resources/parakeet-tdt-0.6b-v3/README.md
?? desktop/src-tauri/resources/parakeet-tdt-0.6b-v3/config.json
?? desktop/src-tauri/resources/parakeet-tdt-0.6b-v3/model.safetensors
?? desktop/src-tauri/resources/parakeet-tdt-0.6b-v3/tokenizer.model
?? desktop/src-tauri/resources/parakeet-tdt-0.6b-v3/tokenizer.vocab
?? desktop/src-tauri/resources/parakeet-tdt-0.6b-v3/vocab.txt
?? desktop/target/
?? engine/anticipy-engine.spec
?? state/check_done_v6.json
?? state/ship-r2.log
?? state/strangers/ba2997a9-7b1e-4cfd-9a66-150b7de10af1/
?? target/
?? tasks/
[ralph_v7 2026-05-27T19:20:06Z] fixer for V7.4 exit=1
[ralph_v7 2026-05-27T19:20:06Z] check_done.sh
[ralph_v7 2026-05-27T19:21:43Z] check_done.sh exit=1
[ralph_v7 2026-05-27T19:21:43Z] red gates after fixer:      V7.4_deploy_parity_green,V7.6_mp3_input_passes,V7.7_text_transcript_input_passes,V7.8_computer_mic_input_passes,V7.9_external_mic_input_passes,V7.10_real_chrome_user_surface_no_clone,V7.11_100_stranger_successes,V7.14_last_20_interactions_pass,V7.15_3_consecutive_mp3_evals_pass,V7.18_3_clean_room_public_installs
[ralph_v7 2026-05-27T19:21:43Z] ----- cycle 53 end (sleep 30s) -----
[ralph_v7 2026-05-27T19:22:13Z] ----- cycle 54 start -----
[ralph_v7 2026-05-27T19:22:13Z] check_done.sh
[ralph_v7 2026-05-27T19:23:49Z] check_done.sh exit=1
[ralph_v7 2026-05-27T19:23:49Z] red gates after first check: V7.4_deploy_parity_green,V7.6_mp3_input_passes,V7.7_text_transcript_input_passes,V7.8_computer_mic_input_passes,V7.9_external_mic_input_passes,V7.10_real_chrome_user_surface_no_clone,V7.11_100_stranger_successes,V7.14_last_20_interactions_pass,V7.15_3_consecutive_mp3_evals_pass,V7.18_3_clean_room_public_installs
[ralph_v7 2026-05-27T19:23:49Z] first actionable red: V7.4_deploy_parity_green
[ralph_v7 2026-05-27T19:23:49Z] dispatch ship.sh
[ship] working tree is dirty. Commit, revert, or isolate unrelated changes before shipping.
 M state/check_done_v7.json
 M state/last_v6_transcript_audit.json
 M state/ship-build.log
 M state/stranger_breadth.json
 M state/v7/loop.log
 M state/v7/loop_cycle.txt
 M state/v7/manifest_commit_exception.json
 M state/v7/supervisor/autocommit.log
 M state/v7/supervisor/health.log
 M state/v7/supervisor/ralph_v7.log
 M state/v7/supervisor/strangers.log
 M state/v7/supervisor/strangers_loop.log
 M state/v7/supervisor_status.json
?? desktop/src-tauri/Cargo.lock
?? desktop/src-tauri/bin/anticipy-engine-aarch64-apple-darwin
?? desktop/src-tauri/resources/parakeet-tdt-0.6b-v3/README.md
?? desktop/src-tauri/resources/parakeet-tdt-0.6b-v3/config.json
?? desktop/src-tauri/resources/parakeet-tdt-0.6b-v3/model.safetensors
?? desktop/src-tauri/resources/parakeet-tdt-0.6b-v3/tokenizer.model
?? desktop/src-tauri/resources/parakeet-tdt-0.6b-v3/tokenizer.vocab
?? desktop/src-tauri/resources/parakeet-tdt-0.6b-v3/vocab.txt
?? desktop/target/
?? engine/anticipy-engine.spec
?? state/check_done_v6.json
?? state/ship-r2.log
?? state/strangers/ba2997a9-7b1e-4cfd-9a66-150b7de10af1/
?? target/
?? tasks/
[ralph_v7 2026-05-27T19:23:50Z] fixer for V7.4 exit=1
[ralph_v7 2026-05-27T19:23:50Z] check_done.sh
[ralph_v7 2026-05-27T19:25:27Z] check_done.sh exit=1
[ralph_v7 2026-05-27T19:25:27Z] red gates after fixer:      V7.4_deploy_parity_green,V7.6_mp3_input_passes,V7.7_text_transcript_input_passes,V7.8_computer_mic_input_passes,V7.9_external_mic_input_passes,V7.10_real_chrome_user_surface_no_clone,V7.11_100_stranger_successes,V7.14_last_20_interactions_pass,V7.15_3_consecutive_mp3_evals_pass,V7.18_3_clean_room_public_installs
[ralph_v7 2026-05-27T19:25:27Z] wrote state/v7/loop_stuck.md
[ralph_v7 2026-05-27T19:26:27Z] ralph_v7 starting (PID 70300). cycle_sleep=30s fixer_max=300s
[ralph_v7 2026-05-27T19:26:27Z] ----- cycle 55 start -----
[ralph_v7 2026-05-27T19:26:27Z] check_done.sh
[ralph_v7 2026-05-27T19:27:43Z] check_done.sh exit=128
[ralph_v7 2026-05-27T19:27:43Z] red gates after first check: V7.4_deploy_parity_green,V7.6_mp3_input_passes,V7.7_text_transcript_input_passes,V7.8_computer_mic_input_passes,V7.9_external_mic_input_passes,V7.10_real_chrome_user_surface_no_clone,V7.11_100_stranger_successes,V7.14_last_20_interactions_pass,V7.15_3_consecutive_mp3_evals_pass,V7.18_3_clean_room_public_installs
[ralph_v7 2026-05-27T19:27:43Z] first actionable red: V7.4_deploy_parity_green
[ralph_v7 2026-05-27T19:27:43Z] dispatch ship.sh
[ship] working tree is dirty. Commit, revert, or isolate unrelated changes before shipping.
 M state/check_done_v7.json
 M state/last_v6_transcript_audit.json
 M state/ship-build.log
 M state/stranger_breadth.json
 M state/v7/loop.log
 M state/v7/loop.pid
 M state/v7/loop_cycle.txt
 M state/v7/loop_stuck.md
 M state/v7/manifest_commit_exception.json
 M state/v7/supervisor/autocommit.log
 M state/v7/supervisor/health.log
 M state/v7/supervisor/ralph_loop.log
 M state/v7/supervisor/ralph_v7.log
 M state/v7/supervisor/strangers.log
 M state/v7/supervisor/strangers_loop.log
 M state/v7/supervisor_status.json
?? desktop/src-tauri/Cargo.lock
?? desktop/src-tauri/bin/anticipy-engine-aarch64-apple-darwin
?? desktop/src-tauri/resources/parakeet-tdt-0.6b-v3/README.md
?? desktop/src-tauri/resources/parakeet-tdt-0.6b-v3/config.json
?? desktop/src-tauri/resources/parakeet-tdt-0.6b-v3/model.safetensors
?? desktop/src-tauri/resources/parakeet-tdt-0.6b-v3/tokenizer.model
?? desktop/src-tauri/resources/parakeet-tdt-0.6b-v3/tokenizer.vocab
?? desktop/src-tauri/resources/parakeet-tdt-0.6b-v3/vocab.txt
?? desktop/target/
?? engine/anticipy-engine.spec
?? state/check_done_v6.json
?? state/ship-r2.log
?? state/strangers/ba2997a9-7b1e-4cfd-9a66-150b7de10af1/
?? target/
?? tasks/
[ralph_v7 2026-05-27T19:27:44Z] fixer for V7.4 exit=1
[ralph_v7 2026-05-27T19:27:44Z] check_done.sh
[ralph_v7 2026-05-27T19:29:19Z] check_done.sh exit=1
[ralph_v7 2026-05-27T19:29:20Z] red gates after fixer:      V7.4_deploy_parity_green,V7.6_mp3_input_passes,V7.7_text_transcript_input_passes,V7.8_computer_mic_input_passes,V7.9_external_mic_input_passes,V7.10_real_chrome_user_surface_no_clone,V7.11_100_stranger_successes,V7.15_3_consecutive_mp3_evals_pass,V7.18_3_clean_room_public_installs
[ralph_v7 2026-05-27T19:29:20Z] ----- cycle 55 end (sleep 30s) -----
[ralph_v7 2026-05-27T19:29:50Z] ----- cycle 56 start -----
[ralph_v7 2026-05-27T19:29:50Z] check_done.sh
[ralph_v7 2026-05-27T19:31:44Z] check_done.sh exit=1
[ralph_v7 2026-05-27T19:31:45Z] red gates after first check: V7.4_deploy_parity_green,V7.6_mp3_input_passes,V7.7_text_transcript_input_passes,V7.8_computer_mic_input_passes,V7.9_external_mic_input_passes,V7.10_real_chrome_user_surface_no_clone,V7.11_100_stranger_successes,V7.14_last_20_interactions_pass,V7.15_3_consecutive_mp3_evals_pass,V7.18_3_clean_room_public_installs
[ralph_v7 2026-05-27T19:31:45Z] first actionable red: V7.4_deploy_parity_green
[ralph_v7 2026-05-27T19:31:45Z] dispatch ship.sh
[ship] working tree is dirty. Commit, revert, or isolate unrelated changes before shipping.
 M state/check_done_v7.json
 M state/last_v6_transcript_audit.json
 M state/ship-build.log
 M state/stranger_breadth.json
 M state/strangers/0e402f65-cca8-4534-bc6a-e1ac0a8f9eb5/audio/uploaded_audio.aiff
 M state/v7/loop.log
 M state/v7/supervisor/autocommit.log
 M state/v7/supervisor/health.log
 M state/v7/supervisor/ralph_v7.log
 M state/v7/supervisor_status.json
?? desktop/src-tauri/Cargo.lock
?? desktop/src-tauri/bin/anticipy-engine-aarch64-apple-darwin
?? desktop/src-tauri/resources/parakeet-tdt-0.6b-v3/README.md
?? desktop/src-tauri/resources/parakeet-tdt-0.6b-v3/config.json
?? desktop/src-tauri/resources/parakeet-tdt-0.6b-v3/model.safetensors
?? desktop/src-tauri/resources/parakeet-tdt-0.6b-v3/tokenizer.model
?? desktop/src-tauri/resources/parakeet-tdt-0.6b-v3/tokenizer.vocab
?? desktop/src-tauri/resources/parakeet-tdt-0.6b-v3/vocab.txt
?? desktop/target/
?? engine/anticipy-engine.spec
?? state/check_done_v6.json
?? state/ship-r2.log
?? state/strangers/0e402f65-cca8-4534-bc6a-e1ac0a8f9eb5/audio/uploaded_audio.mp3
?? state/strangers/0e402f65-cca8-4534-bc6a-e1ac0a8f9eb5/listen_status.json
?? state/strangers/0e402f65-cca8-4534-bc6a-e1ac0a8f9eb5/upload_response.json
?? target/
?? tasks/
[ralph_v7 2026-05-27T19:31:46Z] fixer for V7.4 exit=1
[ralph_v7 2026-05-27T19:31:46Z] check_done.sh
[ralph_v7 2026-05-27T19:33:20Z] check_done.sh exit=1
[ralph_v7 2026-05-27T19:33:20Z] red gates after fixer:      V7.4_deploy_parity_green,V7.6_mp3_input_passes,V7.7_text_transcript_input_passes,V7.8_computer_mic_input_passes,V7.9_external_mic_input_passes,V7.10_real_chrome_user_surface_no_clone,V7.11_100_stranger_successes,V7.14_last_20_interactions_pass,V7.15_3_consecutive_mp3_evals_pass,V7.18_3_clean_room_public_installs
[ralph_v7 2026-05-27T19:33:20Z] ----- cycle 56 end (sleep 30s) -----
[ralph_v7 2026-05-27T19:33:50Z] ----- cycle 57 start -----
[ralph_v7 2026-05-27T19:33:50Z] check_done.sh
[ralph_v7 2026-05-27T19:35:27Z] check_done.sh exit=1
[ralph_v7 2026-05-27T19:35:27Z] red gates after first check: V7.4_deploy_parity_green,V7.6_mp3_input_passes,V7.7_text_transcript_input_passes,V7.8_computer_mic_input_passes,V7.9_external_mic_input_passes,V7.10_real_chrome_user_surface_no_clone,V7.11_100_stranger_successes,V7.14_last_20_interactions_pass,V7.15_3_consecutive_mp3_evals_pass,V7.18_3_clean_room_public_installs
[ralph_v7 2026-05-27T19:35:27Z] first actionable red: V7.4_deploy_parity_green
[ralph_v7 2026-05-27T19:35:27Z] dispatch ship.sh
[ship] working tree is dirty. Commit, revert, or isolate unrelated changes before shipping.
 M state/check_done_v7.json
 M state/last_v6_transcript_audit.json
 M state/ship-build.log
 M state/stranger_breadth.json
 M state/strangers/0e402f65-cca8-4534-bc6a-e1ac0a8f9eb5/audio/uploaded_audio.aiff
 M state/v7/loop.log
 M state/v7/loop_cycle.txt
 M state/v7/manifest_commit_exception.json
 M state/v7/supervisor/autocommit.log
 M state/v7/supervisor/health.log
 M state/v7/supervisor/ralph_v7.log
 M state/v7/supervisor_status.json
?? desktop/src-tauri/Cargo.lock
?? desktop/src-tauri/bin/anticipy-engine-aarch64-apple-darwin
?? desktop/src-tauri/resources/parakeet-tdt-0.6b-v3/README.md
?? desktop/src-tauri/resources/parakeet-tdt-0.6b-v3/config.json
?? desktop/src-tauri/resources/parakeet-tdt-0.6b-v3/model.safetensors
?? desktop/src-tauri/resources/parakeet-tdt-0.6b-v3/tokenizer.model
?? desktop/src-tauri/resources/parakeet-tdt-0.6b-v3/tokenizer.vocab
?? desktop/src-tauri/resources/parakeet-tdt-0.6b-v3/vocab.txt
?? desktop/target/
?? engine/anticipy-engine.spec
?? state/check_done_v6.json
?? state/ship-r2.log
?? state/strangers/0e402f65-cca8-4534-bc6a-e1ac0a8f9eb5/audio/uploaded_audio.mp3
?? state/strangers/0e402f65-cca8-4534-bc6a-e1ac0a8f9eb5/listen_status.json
?? state/strangers/0e402f65-cca8-4534-bc6a-e1ac0a8f9eb5/upload_response.json
?? target/
?? tasks/
[ralph_v7 2026-05-27T19:35:28Z] fixer for V7.4 exit=1
[ralph_v7 2026-05-27T19:35:28Z] check_done.sh
[ralph_v7 2026-05-27T19:37:10Z] check_done.sh exit=1
[ralph_v7 2026-05-27T19:37:11Z] red gates after fixer:      V7.4_deploy_parity_green,V7.6_mp3_input_passes,V7.7_text_transcript_input_passes,V7.8_computer_mic_input_passes,V7.9_external_mic_input_passes,V7.10_real_chrome_user_surface_no_clone,V7.11_100_stranger_successes,V7.14_last_20_interactions_pass,V7.15_3_consecutive_mp3_evals_pass,V7.18_3_clean_room_public_installs
[ralph_v7 2026-05-27T19:37:11Z] wrote state/v7/loop_stuck.md
[ralph_v7 2026-05-27T19:38:11Z] ralph_v7 starting (PID 92776). cycle_sleep=30s fixer_max=300s
[ralph_v7 2026-05-27T19:38:11Z] ----- cycle 58 start -----
[ralph_v7 2026-05-27T19:38:11Z] check_done.sh
[ralph_v7 2026-05-27T19:39:26Z] check_done.sh exit=128
[ralph_v7 2026-05-27T19:39:27Z] red gates after first check: V7.4_deploy_parity_green,V7.6_mp3_input_passes,V7.7_text_transcript_input_passes,V7.8_computer_mic_input_passes,V7.9_external_mic_input_passes,V7.10_real_chrome_user_surface_no_clone,V7.11_100_stranger_successes,V7.14_last_20_interactions_pass,V7.15_3_consecutive_mp3_evals_pass,V7.18_3_clean_room_public_installs
[ralph_v7 2026-05-27T19:39:27Z] first actionable red: V7.4_deploy_parity_green
[ralph_v7 2026-05-27T19:39:27Z] dispatch ship.sh
[ship] working tree is dirty. Commit, revert, or isolate unrelated changes before shipping.
 M state/check_done_v7.json
 M state/last_v6_transcript_audit.json
 M state/ship-build.log
 D state/strangers/0e402f65-cca8-4534-bc6a-e1ac0a8f9eb5/audio/uploaded_audio.aiff
 D state/strangers/0e402f65-cca8-4534-bc6a-e1ac0a8f9eb5/baseline.json
 D state/strangers/0e402f65-cca8-4534-bc6a-e1ac0a8f9eb5/persona.json
 D state/strangers/0e402f65-cca8-4534-bc6a-e1ac0a8f9eb5/run.log
 D state/strangers/0e402f65-cca8-4534-bc6a-e1ac0a8f9eb5/script.json
 M state/v7/loop.log
 M state/v7/loop.pid
 M state/v7/loop_cycle.txt
 M state/v7/loop_stuck.md
 M state/v7/manifest_commit_exception.json
 M state/v7/supervisor/autocommit.log
 M state/v7/supervisor/health.log
 M state/v7/supervisor/ralph_loop.log
 M state/v7/supervisor/ralph_v7.log
 M state/v7/supervisor/strangers.log
 M state/v7/supervisor_status.json
?? desktop/src-tauri/Cargo.lock
?? desktop/src-tauri/bin/anticipy-engine-aarch64-apple-darwin
?? desktop/src-tauri/resources/parakeet-tdt-0.6b-v3/README.md
?? desktop/src-tauri/resources/parakeet-tdt-0.6b-v3/config.json
?? desktop/src-tauri/resources/parakeet-tdt-0.6b-v3/model.safetensors
?? desktop/src-tauri/resources/parakeet-tdt-0.6b-v3/tokenizer.model
?? desktop/src-tauri/resources/parakeet-tdt-0.6b-v3/tokenizer.vocab
?? desktop/src-tauri/resources/parakeet-tdt-0.6b-v3/vocab.txt
?? desktop/target/
?? engine/anticipy-engine.spec
?? state/check_done_v6.json
?? state/ship-r2.log
?? state/strangers/505f5a3f-15c4-462c-b4ad-d758aef351ad/
?? target/
?? tasks/
[ralph_v7 2026-05-27T19:39:28Z] fixer for V7.4 exit=1
[ralph_v7 2026-05-27T19:39:28Z] check_done.sh
[ralph_v7 2026-05-27T19:40:56Z] check_done.sh exit=1
[ralph_v7 2026-05-27T19:40:57Z] red gates after fixer:      V7.4_deploy_parity_green,V7.6_mp3_input_passes,V7.7_text_transcript_input_passes,V7.8_computer_mic_input_passes,V7.9_external_mic_input_passes,V7.10_real_chrome_user_surface_no_clone,V7.11_100_stranger_successes,V7.14_last_20_interactions_pass,V7.15_3_consecutive_mp3_evals_pass,V7.18_3_clean_room_public_installs
[ralph_v7 2026-05-27T19:40:57Z] ----- cycle 58 end (sleep 30s) -----
[ralph_v7 2026-05-27T19:41:27Z] ----- cycle 59 start -----
[ralph_v7 2026-05-27T19:41:27Z] check_done.sh
[ralph_v7 2026-05-27T19:43:28Z] check_done.sh exit=1
[ralph_v7 2026-05-27T19:43:29Z] red gates after first check: V7.4_deploy_parity_green,V7.6_mp3_input_passes,V7.7_text_transcript_input_passes,V7.8_computer_mic_input_passes,V7.9_external_mic_input_passes,V7.10_real_chrome_user_surface_no_clone,V7.11_100_stranger_successes,V7.14_last_20_interactions_pass,V7.15_3_consecutive_mp3_evals_pass,V7.18_3_clean_room_public_installs
[ralph_v7 2026-05-27T19:43:29Z] first actionable red: V7.4_deploy_parity_green
[ralph_v7 2026-05-27T19:43:29Z] dispatch ship.sh
[ship] working tree is dirty. Commit, revert, or isolate unrelated changes before shipping.
 M state/last_v6_transcript_audit.json
 M state/ship-build.log
 M state/v7/loop.log
 M state/v7/supervisor/autocommit.log
 M state/v7/supervisor/ralph_v7.log
 M state/v7/supervisor_status.json
?? desktop/src-tauri/Cargo.lock
?? desktop/src-tauri/bin/anticipy-engine-aarch64-apple-darwin
?? desktop/src-tauri/resources/parakeet-tdt-0.6b-v3/README.md
?? desktop/src-tauri/resources/parakeet-tdt-0.6b-v3/config.json
?? desktop/src-tauri/resources/parakeet-tdt-0.6b-v3/model.safetensors
?? desktop/src-tauri/resources/parakeet-tdt-0.6b-v3/tokenizer.model
?? desktop/src-tauri/resources/parakeet-tdt-0.6b-v3/tokenizer.vocab
?? desktop/src-tauri/resources/parakeet-tdt-0.6b-v3/vocab.txt
?? desktop/target/
?? engine/anticipy-engine.spec
?? state/check_done_v6.json
?? state/ship-r2.log
?? target/
?? tasks/
[ralph_v7 2026-05-27T19:43:30Z] fixer for V7.4 exit=1
[ralph_v7 2026-05-27T19:43:30Z] check_done.sh
[ralph_v7 2026-05-27T19:45:04Z] check_done.sh exit=1
[ralph_v7 2026-05-27T19:45:05Z] red gates after fixer:      V7.4_deploy_parity_green,V7.6_mp3_input_passes,V7.7_text_transcript_input_passes,V7.8_computer_mic_input_passes,V7.9_external_mic_input_passes,V7.10_real_chrome_user_surface_no_clone,V7.11_100_stranger_successes,V7.14_last_20_interactions_pass,V7.15_3_consecutive_mp3_evals_pass,V7.18_3_clean_room_public_installs
[ralph_v7 2026-05-27T19:45:05Z] wrote state/v7/loop_stuck.md
[ralph_v7 2026-05-27T19:46:05Z] ralph_v7 starting (PID 5791). cycle_sleep=30s fixer_max=300s
[ralph_v7 2026-05-27T19:46:05Z] ----- cycle 60 start -----
[ralph_v7 2026-05-27T19:46:05Z] check_done.sh
[ralph_v7 2026-05-27T19:47:39Z] check_done.sh exit=1
[ralph_v7 2026-05-27T19:47:39Z] red gates after first check: V7.4_deploy_parity_green,V7.6_mp3_input_passes,V7.7_text_transcript_input_passes,V7.8_computer_mic_input_passes,V7.9_external_mic_input_passes,V7.10_real_chrome_user_surface_no_clone,V7.11_100_stranger_successes,V7.14_last_20_interactions_pass,V7.15_3_consecutive_mp3_evals_pass,V7.18_3_clean_room_public_installs
[ralph_v7 2026-05-27T19:47:39Z] first actionable red: V7.4_deploy_parity_green
[ralph_v7 2026-05-27T19:47:39Z] dispatch ship.sh
[ship] working tree is dirty. Commit, revert, or isolate unrelated changes before shipping.
 M state/check_done_v7.json
 M state/last_v6_transcript_audit.json
 M state/ship-build.log
 M state/stranger_breadth.json
 D state/strangers/505f5a3f-15c4-462c-b4ad-d758aef351ad/audio/uploaded_audio.aiff
 D state/strangers/505f5a3f-15c4-462c-b4ad-d758aef351ad/audio/uploaded_audio.mp3
 D state/strangers/505f5a3f-15c4-462c-b4ad-d758aef351ad/baseline.json
 D state/strangers/505f5a3f-15c4-462c-b4ad-d758aef351ad/listen_status.json
 D state/strangers/505f5a3f-15c4-462c-b4ad-d758aef351ad/persona.json
 D state/strangers/505f5a3f-15c4-462c-b4ad-d758aef351ad/run.log
 D state/strangers/505f5a3f-15c4-462c-b4ad-d758aef351ad/script.json
 D state/strangers/505f5a3f-15c4-462c-b4ad-d758aef351ad/upload_response.json
 M state/v7/loop.log
 M state/v7/loop.pid
 M state/v7/loop_cycle.txt
 M state/v7/loop_stuck.md
 M state/v7/manifest_commit_exception.json
 M state/v7/supervisor/autocommit.log
 M state/v7/supervisor/health.log
 M state/v7/supervisor/ralph_loop.log
 M state/v7/supervisor/ralph_v7.log
 M state/v7/supervisor/strangers.log
 M state/v7/supervisor_status.json
?? desktop/src-tauri/Cargo.lock
?? desktop/src-tauri/bin/anticipy-engine-aarch64-apple-darwin
?? desktop/src-tauri/resources/parakeet-tdt-0.6b-v3/README.md
?? desktop/src-tauri/resources/parakeet-tdt-0.6b-v3/config.json
?? desktop/src-tauri/resources/parakeet-tdt-0.6b-v3/model.safetensors
?? desktop/src-tauri/resources/parakeet-tdt-0.6b-v3/tokenizer.model
?? desktop/src-tauri/resources/parakeet-tdt-0.6b-v3/tokenizer.vocab
?? desktop/src-tauri/resources/parakeet-tdt-0.6b-v3/vocab.txt
?? desktop/target/
?? engine/anticipy-engine.spec
?? state/check_done_v6.json
?? state/ship-r2.log
?? state/strangers/4d8f669d-b092-48ae-a8a9-7a7ba314b775/
?? target/
?? tasks/
[ralph_v7 2026-05-27T19:47:40Z] fixer for V7.4 exit=1
[ralph_v7 2026-05-27T19:47:40Z] check_done.sh
[ralph_v7 2026-05-27T19:49:13Z] check_done.sh exit=1
[ralph_v7 2026-05-27T19:49:13Z] red gates after fixer:      V7.4_deploy_parity_green,V7.6_mp3_input_passes,V7.7_text_transcript_input_passes,V7.8_computer_mic_input_passes,V7.9_external_mic_input_passes,V7.10_real_chrome_user_surface_no_clone,V7.11_100_stranger_successes,V7.14_last_20_interactions_pass,V7.15_3_consecutive_mp3_evals_pass,V7.18_3_clean_room_public_installs
[ralph_v7 2026-05-27T19:49:13Z] ----- cycle 60 end (sleep 30s) -----
[ralph_v7 2026-05-27T19:49:43Z] ----- cycle 61 start -----
[ralph_v7 2026-05-27T19:49:43Z] check_done.sh
[ralph_v7 2026-05-27T19:51:17Z] check_done.sh exit=1
[ralph_v7 2026-05-27T19:51:17Z] red gates after first check: V7.4_deploy_parity_green,V7.6_mp3_input_passes,V7.7_text_transcript_input_passes,V7.8_computer_mic_input_passes,V7.9_external_mic_input_passes,V7.10_real_chrome_user_surface_no_clone,V7.11_100_stranger_successes,V7.14_last_20_interactions_pass,V7.15_3_consecutive_mp3_evals_pass,V7.18_3_clean_room_public_installs
[ralph_v7 2026-05-27T19:51:17Z] first actionable red: V7.4_deploy_parity_green
[ralph_v7 2026-05-27T19:51:18Z] dispatch ship.sh
[ship] working tree is dirty. Commit, revert, or isolate unrelated changes before shipping.
 M state/check_done_v7.json
 M state/last_v6_transcript_audit.json
 M state/ship-build.log
 M state/stranger_breadth.json
 D state/strangers/505f5a3f-15c4-462c-b4ad-d758aef351ad/audio/uploaded_audio.aiff
 D state/strangers/505f5a3f-15c4-462c-b4ad-d758aef351ad/audio/uploaded_audio.mp3
 D state/strangers/505f5a3f-15c4-462c-b4ad-d758aef351ad/baseline.json
 D state/strangers/505f5a3f-15c4-462c-b4ad-d758aef351ad/listen_status.json
 D state/strangers/505f5a3f-15c4-462c-b4ad-d758aef351ad/persona.json
 D state/strangers/505f5a3f-15c4-462c-b4ad-d758aef351ad/run.log
 D state/strangers/505f5a3f-15c4-462c-b4ad-d758aef351ad/script.json
 D state/strangers/505f5a3f-15c4-462c-b4ad-d758aef351ad/upload_response.json
 M state/v7/loop.log
 M state/v7/loop.pid
 M state/v7/loop_cycle.txt
 M state/v7/loop_stuck.md
 M state/v7/manifest_commit_exception.json
 M state/v7/supervisor/autocommit.log
 M state/v7/supervisor/health.log
 M state/v7/supervisor/ralph_loop.log
 M state/v7/supervisor/ralph_v7.log
 M state/v7/supervisor/strangers.log
 M state/v7/supervisor_status.json
?? desktop/src-tauri/Cargo.lock
?? desktop/src-tauri/bin/anticipy-engine-aarch64-apple-darwin
?? desktop/src-tauri/resources/parakeet-tdt-0.6b-v3/README.md
?? desktop/src-tauri/resources/parakeet-tdt-0.6b-v3/config.json
?? desktop/src-tauri/resources/parakeet-tdt-0.6b-v3/model.safetensors
?? desktop/src-tauri/resources/parakeet-tdt-0.6b-v3/tokenizer.model
?? desktop/src-tauri/resources/parakeet-tdt-0.6b-v3/tokenizer.vocab
?? desktop/src-tauri/resources/parakeet-tdt-0.6b-v3/vocab.txt
?? desktop/target/
?? engine/anticipy-engine.spec
?? state/check_done_v6.json
?? state/ship-r2.log
?? state/strangers/4d8f669d-b092-48ae-a8a9-7a7ba314b775/
?? target/
?? tasks/
[ralph_v7 2026-05-27T19:51:18Z] fixer for V7.4 exit=1
[ralph_v7 2026-05-27T19:51:18Z] check_done.sh
[ralph_v7 2026-05-27T19:52:45Z] check_done.sh exit=1
[ralph_v7 2026-05-27T19:52:45Z] red gates after fixer:      V7.4_deploy_parity_green,V7.6_mp3_input_passes,V7.7_text_transcript_input_passes,V7.8_computer_mic_input_passes,V7.9_external_mic_input_passes,V7.10_real_chrome_user_surface_no_clone,V7.11_100_stranger_successes,V7.14_last_20_interactions_pass,V7.15_3_consecutive_mp3_evals_pass,V7.18_3_clean_room_public_installs
[ralph_v7 2026-05-27T19:52:45Z] wrote state/v7/loop_stuck.md
[ralph_v7 2026-05-27T19:53:45Z] ralph_v7 starting (PID 13073). cycle_sleep=30s fixer_max=300s
[ralph_v7 2026-05-27T19:53:45Z] ----- cycle 62 start -----
[ralph_v7 2026-05-27T19:53:45Z] check_done.sh
[ralph_v7 2026-05-27T19:55:12Z] check_done.sh exit=1
[ralph_v7 2026-05-27T19:55:13Z] red gates after first check: V7.4_deploy_parity_green,V7.6_mp3_input_passes,V7.7_text_transcript_input_passes,V7.8_computer_mic_input_passes,V7.9_external_mic_input_passes,V7.10_real_chrome_user_surface_no_clone,V7.11_100_stranger_successes,V7.15_3_consecutive_mp3_evals_pass,V7.18_3_clean_room_public_installs
[ralph_v7 2026-05-27T19:55:13Z] first actionable red: V7.4_deploy_parity_green
[ralph_v7 2026-05-27T19:55:13Z] dispatch ship.sh
[ship] working tree is dirty. Commit, revert, or isolate unrelated changes before shipping.
 M state/check_done_v7.json
 M state/last_v6_transcript_audit.json
 M state/ship-build.log
 M state/stranger_breadth.json
 D state/strangers/4d8f669d-b092-48ae-a8a9-7a7ba314b775/audio/uploaded_audio.aiff
 D state/strangers/4d8f669d-b092-48ae-a8a9-7a7ba314b775/audio/uploaded_audio.mp3
 D state/strangers/4d8f669d-b092-48ae-a8a9-7a7ba314b775/baseline.json
 D state/strangers/4d8f669d-b092-48ae-a8a9-7a7ba314b775/listen_status.json
 D state/strangers/4d8f669d-b092-48ae-a8a9-7a7ba314b775/persona.json
 D state/strangers/4d8f669d-b092-48ae-a8a9-7a7ba314b775/run.log
 D state/strangers/4d8f669d-b092-48ae-a8a9-7a7ba314b775/script.json
 D state/strangers/4d8f669d-b092-48ae-a8a9-7a7ba314b775/upload_response.json
 M state/v7/loop.log
 M state/v7/loop.pid
 M state/v7/loop_cycle.txt
 M state/v7/manifest_commit_exception.json
 M state/v7/supervisor/autocommit.log
 M state/v7/supervisor/health.log
 M state/v7/supervisor/ralph_v7.log
 M state/v7/supervisor/strangers.log
 M state/v7/supervisor_status.json
?? desktop/src-tauri/Cargo.lock
?? desktop/src-tauri/bin/anticipy-engine-aarch64-apple-darwin
?? desktop/src-tauri/resources/parakeet-tdt-0.6b-v3/README.md
?? desktop/src-tauri/resources/parakeet-tdt-0.6b-v3/config.json
?? desktop/src-tauri/resources/parakeet-tdt-0.6b-v3/model.safetensors
?? desktop/src-tauri/resources/parakeet-tdt-0.6b-v3/tokenizer.model
?? desktop/src-tauri/resources/parakeet-tdt-0.6b-v3/tokenizer.vocab
?? desktop/src-tauri/resources/parakeet-tdt-0.6b-v3/vocab.txt
?? desktop/target/
?? engine/anticipy-engine.spec
?? state/check_done_v6.json
?? state/ship-r2.log
?? target/
?? tasks/
[ralph_v7 2026-05-27T19:55:13Z] fixer for V7.4 exit=1
[ralph_v7 2026-05-27T19:55:13Z] check_done.sh
[ralph_v7 2026-05-27T19:56:45Z] check_done.sh exit=1
[ralph_v7 2026-05-27T19:56:45Z] red gates after fixer:      V7.4_deploy_parity_green,V7.6_mp3_input_passes,V7.7_text_transcript_input_passes,V7.8_computer_mic_input_passes,V7.9_external_mic_input_passes,V7.10_real_chrome_user_surface_no_clone,V7.11_100_stranger_successes,V7.15_3_consecutive_mp3_evals_pass,V7.18_3_clean_room_public_installs
[ralph_v7 2026-05-27T19:56:45Z] ----- cycle 62 end (sleep 30s) -----
[ralph_v7 2026-05-27T19:57:15Z] ----- cycle 63 start -----
[ralph_v7 2026-05-27T19:57:15Z] check_done.sh
[ralph_v7 2026-05-27T19:58:54Z] check_done.sh exit=1
[ralph_v7 2026-05-27T19:58:54Z] red gates after first check: V7.4_deploy_parity_green,V7.6_mp3_input_passes,V7.7_text_transcript_input_passes,V7.8_computer_mic_input_passes,V7.9_external_mic_input_passes,V7.10_real_chrome_user_surface_no_clone,V7.11_100_stranger_successes,V7.14_last_20_interactions_pass,V7.15_3_consecutive_mp3_evals_pass,V7.18_3_clean_room_public_installs
[ralph_v7 2026-05-27T19:58:54Z] first actionable red: V7.4_deploy_parity_green
[ralph_v7 2026-05-27T19:58:54Z] dispatch ship.sh
[ship] working tree is dirty. Commit, revert, or isolate unrelated changes before shipping.
 M state/check_done_v7.json
 M state/last_v6_transcript_audit.json
 M state/ship-build.log
 M state/stranger_breadth.json
 D state/strangers/4d8f669d-b092-48ae-a8a9-7a7ba314b775/audio/uploaded_audio.aiff
 D state/strangers/4d8f669d-b092-48ae-a8a9-7a7ba314b775/audio/uploaded_audio.mp3
 D state/strangers/4d8f669d-b092-48ae-a8a9-7a7ba314b775/baseline.json
 D state/strangers/4d8f669d-b092-48ae-a8a9-7a7ba314b775/listen_status.json
 D state/strangers/4d8f669d-b092-48ae-a8a9-7a7ba314b775/persona.json
 D state/strangers/4d8f669d-b092-48ae-a8a9-7a7ba314b775/run.log
 D state/strangers/4d8f669d-b092-48ae-a8a9-7a7ba314b775/script.json
 D state/strangers/4d8f669d-b092-48ae-a8a9-7a7ba314b775/upload_response.json
 M state/v7/loop.log
 M state/v7/loop.pid
 M state/v7/loop_cycle.txt
 M state/v7/manifest_commit_exception.json
 M state/v7/supervisor/autocommit.log
 M state/v7/supervisor/health.log
 M state/v7/supervisor/ralph_v7.log
 M state/v7/supervisor/strangers.log
 M state/v7/supervisor_status.json
?? desktop/src-tauri/Cargo.lock
?? desktop/src-tauri/bin/anticipy-engine-aarch64-apple-darwin
?? desktop/src-tauri/resources/parakeet-tdt-0.6b-v3/README.md
?? desktop/src-tauri/resources/parakeet-tdt-0.6b-v3/config.json
?? desktop/src-tauri/resources/parakeet-tdt-0.6b-v3/model.safetensors
?? desktop/src-tauri/resources/parakeet-tdt-0.6b-v3/tokenizer.model
?? desktop/src-tauri/resources/parakeet-tdt-0.6b-v3/tokenizer.vocab
?? desktop/src-tauri/resources/parakeet-tdt-0.6b-v3/vocab.txt
?? desktop/target/
?? engine/anticipy-engine.spec
?? state/check_done_v6.json
?? state/ship-r2.log
?? state/strangers/63174430-6c12-45cb-b63c-134a6cc99924/
?? target/
?? tasks/
[ralph_v7 2026-05-27T19:58:55Z] fixer for V7.4 exit=1
[ralph_v7 2026-05-27T19:58:55Z] check_done.sh
[ralph_v7 2026-05-27T20:00:29Z] check_done.sh exit=1
[ralph_v7 2026-05-27T20:00:30Z] red gates after fixer:      V7.4_deploy_parity_green,V7.6_mp3_input_passes,V7.7_text_transcript_input_passes,V7.8_computer_mic_input_passes,V7.9_external_mic_input_passes,V7.10_real_chrome_user_surface_no_clone,V7.11_100_stranger_successes,V7.14_last_20_interactions_pass,V7.15_3_consecutive_mp3_evals_pass,V7.18_3_clean_room_public_installs
[ralph_v7 2026-05-27T20:00:30Z] ----- cycle 63 end (sleep 30s) -----
[ralph_v7 2026-05-27T20:01:00Z] ----- cycle 64 start -----
[ralph_v7 2026-05-27T20:01:00Z] check_done.sh
[ralph_v7 2026-05-27T20:02:15Z] check_done.sh exit=128
[ralph_v7 2026-05-27T20:02:15Z] red gates after first check: V7.4_deploy_parity_green,V7.6_mp3_input_passes,V7.7_text_transcript_input_passes,V7.8_computer_mic_input_passes,V7.9_external_mic_input_passes,V7.10_real_chrome_user_surface_no_clone,V7.11_100_stranger_successes,V7.14_last_20_interactions_pass,V7.15_3_consecutive_mp3_evals_pass,V7.18_3_clean_room_public_installs
[ralph_v7 2026-05-27T20:02:15Z] first actionable red: V7.4_deploy_parity_green
[ralph_v7 2026-05-27T20:02:15Z] dispatch ship.sh
[ship] working tree is dirty. Commit, revert, or isolate unrelated changes before shipping.
 M state/check_done_v7.json
 M state/last_v6_transcript_audit.json
 M state/ship-build.log
 M state/stranger_breadth.json
 D state/strangers/4d8f669d-b092-48ae-a8a9-7a7ba314b775/audio/uploaded_audio.aiff
 D state/strangers/4d8f669d-b092-48ae-a8a9-7a7ba314b775/audio/uploaded_audio.mp3
 D state/strangers/4d8f669d-b092-48ae-a8a9-7a7ba314b775/baseline.json
 D state/strangers/4d8f669d-b092-48ae-a8a9-7a7ba314b775/listen_status.json
 D state/strangers/4d8f669d-b092-48ae-a8a9-7a7ba314b775/persona.json
 D state/strangers/4d8f669d-b092-48ae-a8a9-7a7ba314b775/run.log
 D state/strangers/4d8f669d-b092-48ae-a8a9-7a7ba314b775/script.json
 D state/strangers/4d8f669d-b092-48ae-a8a9-7a7ba314b775/upload_response.json
 M state/v7/loop.log
 M state/v7/loop.pid
 M state/v7/loop_cycle.txt
 M state/v7/manifest_commit_exception.json
 M state/v7/supervisor/autocommit.log
 M state/v7/supervisor/health.log
 M state/v7/supervisor/ralph_v7.log
 M state/v7/supervisor/strangers.log
 M state/v7/supervisor_status.json
?? desktop/src-tauri/Cargo.lock
?? desktop/src-tauri/bin/anticipy-engine-aarch64-apple-darwin
?? desktop/src-tauri/resources/parakeet-tdt-0.6b-v3/README.md
?? desktop/src-tauri/resources/parakeet-tdt-0.6b-v3/config.json
?? desktop/src-tauri/resources/parakeet-tdt-0.6b-v3/model.safetensors
?? desktop/src-tauri/resources/parakeet-tdt-0.6b-v3/tokenizer.model
?? desktop/src-tauri/resources/parakeet-tdt-0.6b-v3/tokenizer.vocab
?? desktop/src-tauri/resources/parakeet-tdt-0.6b-v3/vocab.txt
?? desktop/target/
?? engine/anticipy-engine.spec
?? state/check_done_v6.json
?? state/ship-r2.log
?? state/strangers/63174430-6c12-45cb-b63c-134a6cc99924/
?? target/
?? tasks/
[ralph_v7 2026-05-27T20:02:16Z] fixer for V7.4 exit=1
[ralph_v7 2026-05-27T20:02:16Z] check_done.sh
[ralph_v7 2026-05-27T20:03:47Z] check_done.sh exit=1
[ralph_v7 2026-05-27T20:03:47Z] red gates after fixer:      V7.4_deploy_parity_green,V7.6_mp3_input_passes,V7.7_text_transcript_input_passes,V7.8_computer_mic_input_passes,V7.9_external_mic_input_passes,V7.10_real_chrome_user_surface_no_clone,V7.11_100_stranger_successes,V7.14_last_20_interactions_pass,V7.15_3_consecutive_mp3_evals_pass,V7.18_3_clean_room_public_installs
[ralph_v7 2026-05-27T20:03:47Z] wrote state/v7/loop_stuck.md
[ralph_v7 2026-05-27T20:04:47Z] ralph_v7 starting (PID 20020). cycle_sleep=30s fixer_max=300s
[ralph_v7 2026-05-27T20:04:48Z] ----- cycle 65 start -----
[ralph_v7 2026-05-27T20:04:48Z] check_done.sh
[ralph_v7 2026-05-27T20:06:22Z] check_done.sh exit=1
[ralph_v7 2026-05-27T20:06:22Z] red gates after first check: V7.4_deploy_parity_green,V7.6_mp3_input_passes,V7.7_text_transcript_input_passes,V7.8_computer_mic_input_passes,V7.9_external_mic_input_passes,V7.10_real_chrome_user_surface_no_clone,V7.11_100_stranger_successes,V7.14_last_20_interactions_pass,V7.15_3_consecutive_mp3_evals_pass,V7.18_3_clean_room_public_installs
[ralph_v7 2026-05-27T20:06:22Z] first actionable red: V7.4_deploy_parity_green
[ralph_v7 2026-05-27T20:06:22Z] dispatch ship.sh
[ship] working tree is dirty. Commit, revert, or isolate unrelated changes before shipping.
 M state/check_done_v7.json
 M state/last_v6_transcript_audit.json
 M state/ship-build.log
 M state/stranger_breadth.json
 D state/strangers/63174430-6c12-45cb-b63c-134a6cc99924/audio/uploaded_audio.aiff
 D state/strangers/63174430-6c12-45cb-b63c-134a6cc99924/audio/uploaded_audio.mp3
 D state/strangers/63174430-6c12-45cb-b63c-134a6cc99924/baseline.json
 D state/strangers/63174430-6c12-45cb-b63c-134a6cc99924/cost_breakdown.json
 D state/strangers/63174430-6c12-45cb-b63c-134a6cc99924/driver_result.json
 D state/strangers/63174430-6c12-45cb-b63c-134a6cc99924/listen_status.json
 D state/strangers/63174430-6c12-45cb-b63c-134a6cc99924/persona.json
 D state/strangers/63174430-6c12-45cb-b63c-134a6cc99924/run.log
 D state/strangers/63174430-6c12-45cb-b63c-134a6cc99924/script.json
 D state/strangers/63174430-6c12-45cb-b63c-134a6cc99924/transcript_quality.json
 D state/strangers/63174430-6c12-45cb-b63c-134a6cc99924/upload_response.json
 M state/v7/loop.log
 M state/v7/loop.pid
 M state/v7/loop_cycle.txt
 M state/v7/manifest_commit_exception.json
 M state/v7/supervisor/autocommit.log
 M state/v7/supervisor/health.log
 M state/v7/supervisor/ralph_v7.log
 M state/v7/supervisor/strangers.log
 M state/v7/supervisor_status.json
?? desktop/src-tauri/Cargo.lock
?? desktop/src-tauri/bin/anticipy-engine-aarch64-apple-darwin
?? desktop/src-tauri/resources/parakeet-tdt-0.6b-v3/README.md
?? desktop/src-tauri/resources/parakeet-tdt-0.6b-v3/config.json
?? desktop/src-tauri/resources/parakeet-tdt-0.6b-v3/model.safetensors
?? desktop/src-tauri/resources/parakeet-tdt-0.6b-v3/tokenizer.model
?? desktop/src-tauri/resources/parakeet-tdt-0.6b-v3/tokenizer.vocab
?? desktop/src-tauri/resources/parakeet-tdt-0.6b-v3/vocab.txt
?? desktop/target/
?? engine/anticipy-engine.spec
?? state/check_done_v6.json
?? state/ship-r2.log
?? state/strangers/58bbebfe-f519-4518-913a-034c44f3b0a9/
?? target/
?? tasks/
[ralph_v7 2026-05-27T20:06:23Z] fixer for V7.4 exit=1
[ralph_v7 2026-05-27T20:06:23Z] check_done.sh
[ralph_v7 2026-05-27T20:07:58Z] check_done.sh exit=1
[ralph_v7 2026-05-27T20:07:58Z] red gates after fixer:      V7.4_deploy_parity_green,V7.6_mp3_input_passes,V7.7_text_transcript_input_passes,V7.8_computer_mic_input_passes,V7.9_external_mic_input_passes,V7.10_real_chrome_user_surface_no_clone,V7.11_100_stranger_successes,V7.14_last_20_interactions_pass,V7.15_3_consecutive_mp3_evals_pass,V7.18_3_clean_room_public_installs
[ralph_v7 2026-05-27T20:07:58Z] ----- cycle 65 end (sleep 30s) -----
[ralph_v7 2026-05-27T20:08:28Z] ----- cycle 66 start -----
[ralph_v7 2026-05-27T20:08:28Z] check_done.sh
[ralph_v7 2026-05-27T20:09:58Z] check_done.sh exit=1
[ralph_v7 2026-05-27T20:09:58Z] red gates after first check: V7.4_deploy_parity_green,V7.6_mp3_input_passes,V7.7_text_transcript_input_passes,V7.8_computer_mic_input_passes,V7.9_external_mic_input_passes,V7.10_real_chrome_user_surface_no_clone,V7.11_100_stranger_successes,V7.14_last_20_interactions_pass,V7.15_3_consecutive_mp3_evals_pass,V7.18_3_clean_room_public_installs
[ralph_v7 2026-05-27T20:09:58Z] first actionable red: V7.4_deploy_parity_green
[ralph_v7 2026-05-27T20:09:58Z] dispatch ship.sh
[ship] working tree is dirty. Commit, revert, or isolate unrelated changes before shipping.
 M state/check_done_v7.json
 M state/last_v6_transcript_audit.json
 M state/ship-build.log
 M state/stranger_breadth.json
 D state/strangers/63174430-6c12-45cb-b63c-134a6cc99924/audio/uploaded_audio.aiff
 D state/strangers/63174430-6c12-45cb-b63c-134a6cc99924/audio/uploaded_audio.mp3
 D state/strangers/63174430-6c12-45cb-b63c-134a6cc99924/baseline.json
 D state/strangers/63174430-6c12-45cb-b63c-134a6cc99924/cost_breakdown.json
 D state/strangers/63174430-6c12-45cb-b63c-134a6cc99924/driver_result.json
 D state/strangers/63174430-6c12-45cb-b63c-134a6cc99924/listen_status.json
 D state/strangers/63174430-6c12-45cb-b63c-134a6cc99924/persona.json
 D state/strangers/63174430-6c12-45cb-b63c-134a6cc99924/run.log
 D state/strangers/63174430-6c12-45cb-b63c-134a6cc99924/script.json
 D state/strangers/63174430-6c12-45cb-b63c-134a6cc99924/transcript_quality.json
 D state/strangers/63174430-6c12-45cb-b63c-134a6cc99924/upload_response.json
 M state/v7/loop.log
 M state/v7/loop.pid
 M state/v7/loop_cycle.txt
 M state/v7/manifest_commit_exception.json
 M state/v7/supervisor/autocommit.log
 M state/v7/supervisor/health.log
 M state/v7/supervisor/ralph_v7.log
 M state/v7/supervisor/strangers.log
 M state/v7/supervisor_status.json
?? desktop/src-tauri/Cargo.lock
?? desktop/src-tauri/bin/anticipy-engine-aarch64-apple-darwin
?? desktop/src-tauri/resources/parakeet-tdt-0.6b-v3/README.md
?? desktop/src-tauri/resources/parakeet-tdt-0.6b-v3/config.json
?? desktop/src-tauri/resources/parakeet-tdt-0.6b-v3/model.safetensors
?? desktop/src-tauri/resources/parakeet-tdt-0.6b-v3/tokenizer.model
?? desktop/src-tauri/resources/parakeet-tdt-0.6b-v3/tokenizer.vocab
?? desktop/src-tauri/resources/parakeet-tdt-0.6b-v3/vocab.txt
?? desktop/target/
?? engine/anticipy-engine.spec
?? state/check_done_v6.json
?? state/ship-r2.log
?? state/strangers/58bbebfe-f519-4518-913a-034c44f3b0a9/
?? target/
?? tasks/
[ralph_v7 2026-05-27T20:09:58Z] fixer for V7.4 exit=1
[ralph_v7 2026-05-27T20:09:58Z] check_done.sh
[ralph_v7 2026-05-27T20:11:32Z] check_done.sh exit=1
[ralph_v7 2026-05-27T20:11:32Z] red gates after fixer:      V7.4_deploy_parity_green,V7.6_mp3_input_passes,V7.7_text_transcript_input_passes,V7.8_computer_mic_input_passes,V7.9_external_mic_input_passes,V7.10_real_chrome_user_surface_no_clone,V7.11_100_stranger_successes,V7.14_last_20_interactions_pass,V7.15_3_consecutive_mp3_evals_pass,V7.18_3_clean_room_public_installs
[ralph_v7 2026-05-27T20:11:32Z] wrote state/v7/loop_stuck.md
[ralph_v7 2026-05-27T20:12:32Z] ralph_v7 starting (PID 29594). cycle_sleep=30s fixer_max=300s
[ralph_v7 2026-05-27T20:12:32Z] ----- cycle 67 start -----
[ralph_v7 2026-05-27T20:12:32Z] check_done.sh
[ralph_v7 2026-05-27T20:14:26Z] check_done.sh exit=1
[ralph_v7 2026-05-27T20:14:27Z] red gates after first check: V7.4_deploy_parity_green,V7.6_mp3_input_passes,V7.7_text_transcript_input_passes,V7.8_computer_mic_input_passes,V7.9_external_mic_input_passes,V7.10_real_chrome_user_surface_no_clone,V7.11_100_stranger_successes,V7.15_3_consecutive_mp3_evals_pass,V7.18_3_clean_room_public_installs
[ralph_v7 2026-05-27T20:14:27Z] first actionable red: V7.4_deploy_parity_green
[ralph_v7 2026-05-27T20:14:28Z] dispatch ship.sh
[ship] working tree is dirty. Commit, revert, or isolate unrelated changes before shipping.
 M state/check_done_v7.json
 M state/last_v6_transcript_audit.json
 M state/ship-build.log
 M state/stranger_breadth.json
 D state/strangers/58bbebfe-f519-4518-913a-034c44f3b0a9/audio/uploaded_audio.aiff
 D state/strangers/58bbebfe-f519-4518-913a-034c44f3b0a9/audio/uploaded_audio.mp3
 D state/strangers/58bbebfe-f519-4518-913a-034c44f3b0a9/baseline.json
 D state/strangers/58bbebfe-f519-4518-913a-034c44f3b0a9/cost_breakdown.json
 D state/strangers/58bbebfe-f519-4518-913a-034c44f3b0a9/driver_result.json
 D state/strangers/58bbebfe-f519-4518-913a-034c44f3b0a9/listen_status.json
 D state/strangers/58bbebfe-f519-4518-913a-034c44f3b0a9/persona.json
 D state/strangers/58bbebfe-f519-4518-913a-034c44f3b0a9/run.log
 D state/strangers/58bbebfe-f519-4518-913a-034c44f3b0a9/script.json
 D state/strangers/58bbebfe-f519-4518-913a-034c44f3b0a9/trace.json
 D state/strangers/58bbebfe-f519-4518-913a-034c44f3b0a9/transcript_quality.json
 D state/strangers/58bbebfe-f519-4518-913a-034c44f3b0a9/upload_response.json
 M state/v7/loop.log
 M state/v7/supervisor/autocommit.log
 M state/v7/supervisor/health.log
 M state/v7/supervisor/ralph_v7.log
 M state/v7/supervisor/strangers.log
 M state/v7/supervisor_status.json
?? desktop/src-tauri/Cargo.lock
?? desktop/src-tauri/bin/anticipy-engine-aarch64-apple-darwin
?? desktop/src-tauri/resources/parakeet-tdt-0.6b-v3/README.md
?? desktop/src-tauri/resources/parakeet-tdt-0.6b-v3/config.json
?? desktop/src-tauri/resources/parakeet-tdt-0.6b-v3/model.safetensors
?? desktop/src-tauri/resources/parakeet-tdt-0.6b-v3/tokenizer.model
?? desktop/src-tauri/resources/parakeet-tdt-0.6b-v3/tokenizer.vocab
?? desktop/src-tauri/resources/parakeet-tdt-0.6b-v3/vocab.txt
?? desktop/target/
?? engine/anticipy-engine.spec
?? state/check_done_v6.json
?? state/ship-r2.log
?? target/
?? tasks/
[ralph_v7 2026-05-27T20:14:29Z] fixer for V7.4 exit=1
[ralph_v7 2026-05-27T20:14:29Z] check_done.sh
[ralph_v7 2026-05-27T20:16:02Z] check_done.sh exit=1
[ralph_v7 2026-05-27T20:16:03Z] red gates after fixer:      V7.4_deploy_parity_green,V7.6_mp3_input_passes,V7.7_text_transcript_input_passes,V7.8_computer_mic_input_passes,V7.9_external_mic_input_passes,V7.10_real_chrome_user_surface_no_clone,V7.11_100_stranger_successes,V7.15_3_consecutive_mp3_evals_pass,V7.18_3_clean_room_public_installs
[ralph_v7 2026-05-27T20:16:03Z] ----- cycle 67 end (sleep 30s) -----
[ralph_v7 2026-05-27T20:16:33Z] ----- cycle 68 start -----
[ralph_v7 2026-05-27T20:16:33Z] check_done.sh
[ralph_v7 2026-05-27T20:18:11Z] check_done.sh exit=1
[ralph_v7 2026-05-27T20:18:11Z] red gates after first check: V7.4_deploy_parity_green,V7.6_mp3_input_passes,V7.7_text_transcript_input_passes,V7.8_computer_mic_input_passes,V7.9_external_mic_input_passes,V7.10_real_chrome_user_surface_no_clone,V7.11_100_stranger_successes,V7.14_last_20_interactions_pass,V7.15_3_consecutive_mp3_evals_pass,V7.18_3_clean_room_public_installs
[ralph_v7 2026-05-27T20:18:11Z] first actionable red: V7.4_deploy_parity_green
[ralph_v7 2026-05-27T20:18:12Z] dispatch ship.sh
[ship] working tree is dirty. Commit, revert, or isolate unrelated changes before shipping.
 M state/check_done_v7.json
 M state/last_v6_transcript_audit.json
 M state/ship-build.log
 M state/stranger_breadth.json
 D state/strangers/58bbebfe-f519-4518-913a-034c44f3b0a9/audio/uploaded_audio.aiff
 D state/strangers/58bbebfe-f519-4518-913a-034c44f3b0a9/audio/uploaded_audio.mp3
 D state/strangers/58bbebfe-f519-4518-913a-034c44f3b0a9/baseline.json
 D state/strangers/58bbebfe-f519-4518-913a-034c44f3b0a9/cost_breakdown.json
 D state/strangers/58bbebfe-f519-4518-913a-034c44f3b0a9/driver_result.json
 D state/strangers/58bbebfe-f519-4518-913a-034c44f3b0a9/listen_status.json
 D state/strangers/58bbebfe-f519-4518-913a-034c44f3b0a9/persona.json
 D state/strangers/58bbebfe-f519-4518-913a-034c44f3b0a9/run.log
 D state/strangers/58bbebfe-f519-4518-913a-034c44f3b0a9/script.json
 D state/strangers/58bbebfe-f519-4518-913a-034c44f3b0a9/trace.json
 D state/strangers/58bbebfe-f519-4518-913a-034c44f3b0a9/transcript_quality.json
 D state/strangers/58bbebfe-f519-4518-913a-034c44f3b0a9/upload_response.json
 M state/v7/loop.log
 M state/v7/loop_cycle.txt
 M state/v7/manifest_commit_exception.json
 M state/v7/supervisor/autocommit.log
 M state/v7/supervisor/health.log
 M state/v7/supervisor/ralph_v7.log
 M state/v7/supervisor/strangers.log
 M state/v7/supervisor_status.json
?? desktop/src-tauri/Cargo.lock
?? desktop/src-tauri/bin/anticipy-engine-aarch64-apple-darwin
?? desktop/src-tauri/resources/parakeet-tdt-0.6b-v3/README.md
?? desktop/src-tauri/resources/parakeet-tdt-0.6b-v3/config.json
?? desktop/src-tauri/resources/parakeet-tdt-0.6b-v3/model.safetensors
?? desktop/src-tauri/resources/parakeet-tdt-0.6b-v3/tokenizer.model
?? desktop/src-tauri/resources/parakeet-tdt-0.6b-v3/tokenizer.vocab
?? desktop/src-tauri/resources/parakeet-tdt-0.6b-v3/vocab.txt
?? desktop/target/
?? engine/anticipy-engine.spec
?? state/check_done_v6.json
?? state/ship-r2.log
?? state/strangers/15b195c2-0409-4708-ae78-6e23b8035342/
?? target/
?? tasks/
[ralph_v7 2026-05-27T20:18:12Z] fixer for V7.4 exit=1
[ralph_v7 2026-05-27T20:18:12Z] check_done.sh
[ralph_v7 2026-05-27T20:19:47Z] check_done.sh exit=1
[ralph_v7 2026-05-27T20:19:47Z] red gates after fixer:      V7.4_deploy_parity_green,V7.6_mp3_input_passes,V7.7_text_transcript_input_passes,V7.8_computer_mic_input_passes,V7.9_external_mic_input_passes,V7.10_real_chrome_user_surface_no_clone,V7.11_100_stranger_successes,V7.14_last_20_interactions_pass,V7.15_3_consecutive_mp3_evals_pass,V7.18_3_clean_room_public_installs
[ralph_v7 2026-05-27T20:19:47Z] ----- cycle 68 end (sleep 30s) -----
[ralph_v7 2026-05-27T20:20:17Z] ----- cycle 69 start -----
[ralph_v7 2026-05-27T20:20:17Z] check_done.sh
[ralph_v7 2026-05-27T20:21:49Z] check_done.sh exit=1
[ralph_v7 2026-05-27T20:21:49Z] red gates after first check: V7.4_deploy_parity_green,V7.6_mp3_input_passes,V7.7_text_transcript_input_passes,V7.8_computer_mic_input_passes,V7.9_external_mic_input_passes,V7.10_real_chrome_user_surface_no_clone,V7.11_100_stranger_successes,V7.14_last_20_interactions_pass,V7.15_3_consecutive_mp3_evals_pass,V7.18_3_clean_room_public_installs
[ralph_v7 2026-05-27T20:21:49Z] first actionable red: V7.4_deploy_parity_green
[ralph_v7 2026-05-27T20:21:49Z] dispatch ship.sh
[ship] working tree is dirty. Commit, revert, or isolate unrelated changes before shipping.
 M state/check_done_v7.json
 M state/last_v6_transcript_audit.json
 M state/ship-build.log
 M state/stranger_breadth.json
 D state/strangers/58bbebfe-f519-4518-913a-034c44f3b0a9/audio/uploaded_audio.aiff
 D state/strangers/58bbebfe-f519-4518-913a-034c44f3b0a9/audio/uploaded_audio.mp3
 D state/strangers/58bbebfe-f519-4518-913a-034c44f3b0a9/baseline.json
 D state/strangers/58bbebfe-f519-4518-913a-034c44f3b0a9/cost_breakdown.json
 D state/strangers/58bbebfe-f519-4518-913a-034c44f3b0a9/driver_result.json
 D state/strangers/58bbebfe-f519-4518-913a-034c44f3b0a9/listen_status.json
 D state/strangers/58bbebfe-f519-4518-913a-034c44f3b0a9/persona.json
 D state/strangers/58bbebfe-f519-4518-913a-034c44f3b0a9/run.log
 D state/strangers/58bbebfe-f519-4518-913a-034c44f3b0a9/script.json
 D state/strangers/58bbebfe-f519-4518-913a-034c44f3b0a9/trace.json
 D state/strangers/58bbebfe-f519-4518-913a-034c44f3b0a9/transcript_quality.json
 D state/strangers/58bbebfe-f519-4518-913a-034c44f3b0a9/upload_response.json
 M state/v7/loop.log
 M state/v7/loop_cycle.txt
 M state/v7/manifest_commit_exception.json
 M state/v7/supervisor/autocommit.log
 M state/v7/supervisor/health.log
 M state/v7/supervisor/ralph_v7.log
 M state/v7/supervisor/strangers.log
 M state/v7/supervisor_status.json
?? desktop/src-tauri/Cargo.lock
?? desktop/src-tauri/bin/anticipy-engine-aarch64-apple-darwin
?? desktop/src-tauri/resources/parakeet-tdt-0.6b-v3/README.md
?? desktop/src-tauri/resources/parakeet-tdt-0.6b-v3/config.json
?? desktop/src-tauri/resources/parakeet-tdt-0.6b-v3/model.safetensors
?? desktop/src-tauri/resources/parakeet-tdt-0.6b-v3/tokenizer.model
?? desktop/src-tauri/resources/parakeet-tdt-0.6b-v3/tokenizer.vocab
?? desktop/src-tauri/resources/parakeet-tdt-0.6b-v3/vocab.txt
?? desktop/target/
?? engine/anticipy-engine.spec
?? state/check_done_v6.json
?? state/ship-r2.log
?? state/strangers/15b195c2-0409-4708-ae78-6e23b8035342/
?? target/
?? tasks/
[ralph_v7 2026-05-27T20:21:50Z] fixer for V7.4 exit=1
[ralph_v7 2026-05-27T20:21:50Z] check_done.sh
[ralph_v7 2026-05-27T20:23:18Z] check_done.sh exit=1
[ralph_v7 2026-05-27T20:23:18Z] red gates after fixer:      V7.4_deploy_parity_green,V7.6_mp3_input_passes,V7.7_text_transcript_input_passes,V7.8_computer_mic_input_passes,V7.9_external_mic_input_passes,V7.10_real_chrome_user_surface_no_clone,V7.11_100_stranger_successes,V7.14_last_20_interactions_pass,V7.15_3_consecutive_mp3_evals_pass,V7.18_3_clean_room_public_installs
[ralph_v7 2026-05-27T20:23:18Z] wrote state/v7/loop_stuck.md
[ralph_v7 2026-05-27T20:24:18Z] ralph_v7 starting (PID 46355). cycle_sleep=30s fixer_max=300s
[ralph_v7 2026-05-27T20:24:18Z] ----- cycle 70 start -----
[ralph_v7 2026-05-27T20:24:18Z] check_done.sh
[ralph_v7 2026-05-27T20:25:52Z] check_done.sh exit=1
tools/ralph_v7.sh: line 108: cannot create temp file for here document: No space left on device
[ralph_v7 2026-05-27T20:25:52Z] red gates after first check: 
[ralph_v7 2026-05-27T20:25:52Z] all gates green; writing COMPLETE.md if not already
tools/ralph_v7.sh: line 267: state/v7/COMPLETE_ENGINEERING.md: No space left on device
[ralph_v7 2026-05-27T20:25:52Z] wrote state/v7/COMPLETE_ENGINEERING.md
tools/ralph_v7.sh: line 83: state/v7/loop.pid: No space left on device
[ralph_v7 2026-05-27T20:26:52Z] ralph_v7 starting (PID 48300). cycle_sleep=30s fixer_max=300s
tools/ralph_v7.sh: line 92: state/v7/loop_cycle.txt: No space left on device
[ralph_v7 2026-05-27T20:26:52Z] ----- cycle 71 start -----
tee: state/v7/loop.log: No space left on device
[ralph_v7 2026-05-27T20:26:52Z] check_done.sh
[ralph_v7 2026-05-27T20:28:23Z] check_done.sh exit=1
[ralph_v7 2026-05-27T20:28:23Z] red gates after first check: V7.1_public_app_loads,V7.4_deploy_parity_green,V7.6_mp3_input_passes,V7.7_text_transcript_input_passes,V7.8_computer_mic_input_passes,V7.9_external_mic_input_passes,V7.10_real_chrome_user_surface_no_clone,V7.11_100_stranger_successes,V7.14_last_20_interactions_pass,V7.15_3_consecutive_mp3_evals_pass,V7.18_3_clean_room_public_installs
[ralph_v7 2026-05-27T20:28:23Z] first actionable red: V7.1_public_app_loads
[ralph_v7 2026-05-27T20:28:23Z] no fixer mapped for gate V7.1; skipping
[ralph_v7 2026-05-27T20:28:23Z] check_done.sh
[ralph_v7 2026-05-27T20:29:47Z] check_done.sh exit=1
tools/ralph_v7.sh: line 108: cannot create temp file for here document: No space left on device
[ralph_v7 2026-05-27T20:29:47Z] red gates after fixer:      
tools/ralph_v7.sh: line 267: state/v7/COMPLETE_ENGINEERING.md: No space left on device
[ralph_v7 2026-05-27T20:29:47Z] wrote state/v7/COMPLETE_ENGINEERING.md
tools/ralph_v7.sh: line 83: state/v7/loop.pid: No space left on device
[ralph_v7 2026-05-27T20:30:48Z] ralph_v7 starting (PID 53046). cycle_sleep=30s fixer_max=300s
tools/ralph_v7.sh: line 92: state/v7/loop_cycle.txt: No space left on device
[ralph_v7 2026-05-27T20:30:48Z] ----- cycle 71 start -----
[ralph_v7 2026-05-27T20:30:48Z] check_done.sh
[ralph_v7 2026-05-27T20:32:11Z] check_done.sh exit=1
tools/ralph_v7.sh: line 108: cannot create temp file for here document: No space left on device
[ralph_v7 2026-05-27T20:32:11Z] red gates after first check: 
[ralph_v7 2026-05-27T20:32:11Z] all gates green; writing COMPLETE.md if not already
tools/ralph_v7.sh: line 267: state/v7/COMPLETE_ENGINEERING.md: No space left on device
[ralph_v7 2026-05-27T20:32:11Z] wrote state/v7/COMPLETE_ENGINEERING.md
[ralph_v7 2026-05-27T20:33:11Z] ralph_v7 starting (PID 55552). cycle_sleep=30s fixer_max=300s
[ralph_v7 2026-05-27T20:33:11Z] ----- cycle 71 start -----
[ralph_v7 2026-05-27T20:33:11Z] check_done.sh
[ralph_v7 2026-05-27T20:34:38Z] check_done.sh exit=1
[ralph_v7 2026-05-27T20:34:38Z] red gates after first check: V7.4_deploy_parity_green,V7.6_mp3_input_passes,V7.7_text_transcript_input_passes,V7.8_computer_mic_input_passes,V7.9_external_mic_input_passes,V7.10_real_chrome_user_surface_no_clone,V7.11_100_stranger_successes,V7.14_last_20_interactions_pass,V7.15_3_consecutive_mp3_evals_pass,V7.18_3_clean_room_public_installs
[ralph_v7 2026-05-27T20:34:38Z] first actionable red: V7.4_deploy_parity_green
[ralph_v7 2026-05-27T20:34:39Z] dispatch ship.sh
[ship] working tree is dirty. Commit, revert, or isolate unrelated changes before shipping.
 M state/check_done_v7.json
 M state/last_v6_transcript_audit.json
 M state/ship-build.log
 M state/stranger_breadth.json
 M state/v7/loop.log
 M state/v7/loop.pid
 M state/v7/loop_cycle.txt
 M state/v7/manifest_commit_exception.json
 M state/v7/supervisor/autocommit.log
 M state/v7/supervisor/health.log
 M state/v7/supervisor/ralph_loop.log
 M state/v7/supervisor/ralph_v7.log
 M state/v7/supervisor/strangers.log
 M state/v7/supervisor/strangers_loop.log
 M state/v7/supervisor_status.json
?? desktop/src-tauri/Cargo.lock
?? desktop/src-tauri/bin/anticipy-engine-aarch64-apple-darwin
?? desktop/src-tauri/resources/parakeet-tdt-0.6b-v3/README.md
?? desktop/src-tauri/resources/parakeet-tdt-0.6b-v3/config.json
?? desktop/src-tauri/resources/parakeet-tdt-0.6b-v3/model.safetensors
?? desktop/src-tauri/resources/parakeet-tdt-0.6b-v3/tokenizer.model
?? desktop/src-tauri/resources/parakeet-tdt-0.6b-v3/tokenizer.vocab
?? desktop/src-tauri/resources/parakeet-tdt-0.6b-v3/vocab.txt
?? desktop/target/
?? engine/anticipy-engine.spec
?? state/check_done_v6.json
?? state/ship-r2.log
?? state/strangers/5d82095a-41eb-49eb-9917-cc908dbc00b3/
?? target/
?? tasks/
[ralph_v7 2026-05-27T20:34:39Z] fixer for V7.4 exit=1
[ralph_v7 2026-05-27T20:34:39Z] check_done.sh
[ralph_v7 2026-05-27T20:36:26Z] check_done.sh exit=1
[ralph_v7 2026-05-27T20:36:26Z] red gates after fixer:      V7.4_deploy_parity_green,V7.6_mp3_input_passes,V7.7_text_transcript_input_passes,V7.8_computer_mic_input_passes,V7.9_external_mic_input_passes,V7.10_real_chrome_user_surface_no_clone,V7.11_100_stranger_successes,V7.14_last_20_interactions_pass,V7.15_3_consecutive_mp3_evals_pass,V7.18_3_clean_room_public_installs
[ralph_v7 2026-05-27T20:36:26Z] ----- cycle 71 end (sleep 30s) -----
[ralph_v7 2026-05-27T20:36:56Z] ----- cycle 72 start -----
[ralph_v7 2026-05-27T20:36:56Z] check_done.sh
[ralph_v7 2026-05-27T20:38:32Z] check_done.sh exit=1
[ralph_v7 2026-05-27T20:38:32Z] red gates after first check: V7.4_deploy_parity_green,V7.6_mp3_input_passes,V7.7_text_transcript_input_passes,V7.8_computer_mic_input_passes,V7.9_external_mic_input_passes,V7.10_real_chrome_user_surface_no_clone,V7.11_100_stranger_successes,V7.14_last_20_interactions_pass,V7.15_3_consecutive_mp3_evals_pass,V7.18_3_clean_room_public_installs
[ralph_v7 2026-05-27T20:38:32Z] first actionable red: V7.4_deploy_parity_green
[ralph_v7 2026-05-27T20:38:33Z] dispatch ship.sh
[ship] working tree is dirty. Commit, revert, or isolate unrelated changes before shipping.
 M state/check_done_v7.json
 M state/last_v6_transcript_audit.json
 M state/ship-build.log
 M state/v7/loop.log
 M state/v7/loop_cycle.txt
 M state/v7/manifest_commit_exception.json
 M state/v7/supervisor/autocommit.log
 M state/v7/supervisor/health.log
 M state/v7/supervisor/ralph_v7.log
 M state/v7/supervisor_status.json
?? desktop/src-tauri/Cargo.lock
?? desktop/src-tauri/bin/anticipy-engine-aarch64-apple-darwin
?? desktop/src-tauri/resources/parakeet-tdt-0.6b-v3/README.md
?? desktop/src-tauri/resources/parakeet-tdt-0.6b-v3/config.json
?? desktop/src-tauri/resources/parakeet-tdt-0.6b-v3/model.safetensors
?? desktop/src-tauri/resources/parakeet-tdt-0.6b-v3/tokenizer.model
?? desktop/src-tauri/resources/parakeet-tdt-0.6b-v3/tokenizer.vocab
?? desktop/src-tauri/resources/parakeet-tdt-0.6b-v3/vocab.txt
?? desktop/target/
?? engine/anticipy-engine.spec
?? state/check_done_v6.json
?? state/ship-r2.log
?? target/
?? tasks/
[ralph_v7 2026-05-27T20:38:34Z] fixer for V7.4 exit=1
[ralph_v7 2026-05-27T20:38:34Z] check_done.sh
[ralph_v7 2026-05-27T20:40:09Z] check_done.sh exit=1
[ralph_v7 2026-05-27T20:40:10Z] red gates after fixer:      V7.4_deploy_parity_green,V7.6_mp3_input_passes,V7.7_text_transcript_input_passes,V7.8_computer_mic_input_passes,V7.9_external_mic_input_passes,V7.10_real_chrome_user_surface_no_clone,V7.11_100_stranger_successes,V7.14_last_20_interactions_pass,V7.15_3_consecutive_mp3_evals_pass,V7.18_3_clean_room_public_installs
[ralph_v7 2026-05-27T20:40:10Z] wrote state/v7/loop_stuck.md
[ralph_v7 2026-05-27T20:41:10Z] ralph_v7 starting (PID 68635). cycle_sleep=30s fixer_max=300s
[ralph_v7 2026-05-27T20:41:10Z] ----- cycle 73 start -----
[ralph_v7 2026-05-27T20:41:10Z] check_done.sh
[ralph_v7 2026-05-27T20:42:45Z] check_done.sh exit=1
[ralph_v7 2026-05-27T20:42:45Z] red gates after first check: V7.4_deploy_parity_green,V7.6_mp3_input_passes,V7.7_text_transcript_input_passes,V7.8_computer_mic_input_passes,V7.9_external_mic_input_passes,V7.10_real_chrome_user_surface_no_clone,V7.11_100_stranger_successes,V7.15_3_consecutive_mp3_evals_pass,V7.18_3_clean_room_public_installs
[ralph_v7 2026-05-27T20:42:45Z] first actionable red: V7.4_deploy_parity_green
[ralph_v7 2026-05-27T20:42:45Z] dispatch ship.sh
[ship] working tree is dirty. Commit, revert, or isolate unrelated changes before shipping.
 M state/check_done_v7.json
 M state/last_v6_transcript_audit.json
 M state/ship-build.log
 M state/stranger_breadth.json
 D state/strangers/5d82095a-41eb-49eb-9917-cc908dbc00b3/audio/uploaded_audio.aiff
 D state/strangers/5d82095a-41eb-49eb-9917-cc908dbc00b3/audio/uploaded_audio.mp3
 D state/strangers/5d82095a-41eb-49eb-9917-cc908dbc00b3/baseline.json
 D state/strangers/5d82095a-41eb-49eb-9917-cc908dbc00b3/listen_status.json
 D state/strangers/5d82095a-41eb-49eb-9917-cc908dbc00b3/persona.json
 D state/strangers/5d82095a-41eb-49eb-9917-cc908dbc00b3/run.log
 D state/strangers/5d82095a-41eb-49eb-9917-cc908dbc00b3/script.json
 D state/strangers/5d82095a-41eb-49eb-9917-cc908dbc00b3/upload_response.json
 M state/v7/loop.log
 M state/v7/loop.pid
 M state/v7/loop_cycle.txt
 M state/v7/loop_stuck.md
 M state/v7/manifest_commit_exception.json
 M state/v7/supervisor/autocommit.log
 M state/v7/supervisor/health.log
 M state/v7/supervisor/ralph_loop.log
 M state/v7/supervisor/ralph_v7.log
 M state/v7/supervisor/strangers.log
 M state/v7/supervisor_status.json
?? desktop/src-tauri/Cargo.lock
?? desktop/src-tauri/bin/anticipy-engine-aarch64-apple-darwin
?? desktop/src-tauri/resources/parakeet-tdt-0.6b-v3/README.md
?? desktop/src-tauri/resources/parakeet-tdt-0.6b-v3/config.json
?? desktop/src-tauri/resources/parakeet-tdt-0.6b-v3/model.safetensors
?? desktop/src-tauri/resources/parakeet-tdt-0.6b-v3/tokenizer.model
?? desktop/src-tauri/resources/parakeet-tdt-0.6b-v3/tokenizer.vocab
?? desktop/src-tauri/resources/parakeet-tdt-0.6b-v3/vocab.txt
?? desktop/target/
?? engine/anticipy-engine.spec
?? state/check_done_v6.json
?? state/ship-r2.log
?? state/strangers/59d7066c-1849-4075-ac6c-5ec9188089a1/
?? target/
?? tasks/
[ralph_v7 2026-05-27T20:42:46Z] fixer for V7.4 exit=1
[ralph_v7 2026-05-27T20:42:46Z] check_done.sh
[ralph_v7 2026-05-27T20:44:01Z] check_done.sh exit=128
[ralph_v7 2026-05-27T20:44:02Z] red gates after fixer:      V7.4_deploy_parity_green,V7.6_mp3_input_passes,V7.7_text_transcript_input_passes,V7.8_computer_mic_input_passes,V7.9_external_mic_input_passes,V7.10_real_chrome_user_surface_no_clone,V7.11_100_stranger_successes,V7.15_3_consecutive_mp3_evals_pass,V7.18_3_clean_room_public_installs
[ralph_v7 2026-05-27T20:44:02Z] ----- cycle 73 end (sleep 30s) -----
[ralph_v7 2026-05-27T20:44:32Z] ----- cycle 74 start -----
[ralph_v7 2026-05-27T20:44:32Z] check_done.sh
[ralph_v7 2026-05-27T20:46:00Z] check_done.sh exit=1
[ralph_v7 2026-05-27T20:46:00Z] red gates after first check: V7.4_deploy_parity_green,V7.6_mp3_input_passes,V7.7_text_transcript_input_passes,V7.8_computer_mic_input_passes,V7.9_external_mic_input_passes,V7.10_real_chrome_user_surface_no_clone,V7.11_100_stranger_successes,V7.14_last_20_interactions_pass,V7.15_3_consecutive_mp3_evals_pass,V7.18_3_clean_room_public_installs
[ralph_v7 2026-05-27T20:46:00Z] first actionable red: V7.4_deploy_parity_green
[ralph_v7 2026-05-27T20:46:01Z] dispatch ship.sh
[ship] working tree is dirty. Commit, revert, or isolate unrelated changes before shipping.
 M state/check_done_v7.json
 M state/last_v6_transcript_audit.json
 M state/ship-build.log
 M state/stranger_breadth.json
 D state/strangers/5d82095a-41eb-49eb-9917-cc908dbc00b3/audio/uploaded_audio.aiff
 D state/strangers/5d82095a-41eb-49eb-9917-cc908dbc00b3/audio/uploaded_audio.mp3
 D state/strangers/5d82095a-41eb-49eb-9917-cc908dbc00b3/baseline.json
 D state/strangers/5d82095a-41eb-49eb-9917-cc908dbc00b3/listen_status.json
 D state/strangers/5d82095a-41eb-49eb-9917-cc908dbc00b3/persona.json
 D state/strangers/5d82095a-41eb-49eb-9917-cc908dbc00b3/run.log
 D state/strangers/5d82095a-41eb-49eb-9917-cc908dbc00b3/script.json
 D state/strangers/5d82095a-41eb-49eb-9917-cc908dbc00b3/upload_response.json
 M state/v7/loop.log
 M state/v7/loop.pid
 M state/v7/loop_cycle.txt
 M state/v7/loop_stuck.md
 M state/v7/manifest_commit_exception.json
 M state/v7/supervisor/autocommit.log
 M state/v7/supervisor/health.log
 M state/v7/supervisor/ralph_loop.log
 M state/v7/supervisor/ralph_v7.log
 M state/v7/supervisor/strangers.log
 M state/v7/supervisor_status.json
?? desktop/src-tauri/Cargo.lock
?? desktop/src-tauri/bin/anticipy-engine-aarch64-apple-darwin
?? desktop/src-tauri/resources/parakeet-tdt-0.6b-v3/README.md
?? desktop/src-tauri/resources/parakeet-tdt-0.6b-v3/config.json
?? desktop/src-tauri/resources/parakeet-tdt-0.6b-v3/model.safetensors
?? desktop/src-tauri/resources/parakeet-tdt-0.6b-v3/tokenizer.model
?? desktop/src-tauri/resources/parakeet-tdt-0.6b-v3/tokenizer.vocab
?? desktop/src-tauri/resources/parakeet-tdt-0.6b-v3/vocab.txt
?? desktop/target/
?? engine/anticipy-engine.spec
?? state/check_done_v6.json
?? state/ship-r2.log
?? state/strangers/59d7066c-1849-4075-ac6c-5ec9188089a1/
?? target/
?? tasks/
[ralph_v7 2026-05-27T20:46:01Z] fixer for V7.4 exit=1
[ralph_v7 2026-05-27T20:46:01Z] check_done.sh
[ralph_v7 2026-05-27T20:47:33Z] check_done.sh exit=1
tools/ralph_v7.sh: line 108: cannot create temp file for here document: No space left on device
[ralph_v7 2026-05-27T20:47:33Z] red gates after fixer:      
tools/ralph_v7.sh: line 267: state/v7/COMPLETE_ENGINEERING.md: No space left on device
[ralph_v7 2026-05-27T20:47:33Z] wrote state/v7/COMPLETE_ENGINEERING.md
tools/ralph_v7.sh: line 83: state/v7/loop.pid: No space left on device
[ralph_v7 2026-05-27T20:48:33Z] ralph_v7 starting (PID 81312). cycle_sleep=30s fixer_max=300s
tools/ralph_v7.sh: line 92: state/v7/loop_cycle.txt: No space left on device
[ralph_v7 2026-05-27T20:48:33Z] ----- cycle 75 start -----
[ralph_v7 2026-05-27T20:48:33Z] check_done.sh
[ralph_v7 2026-05-27T20:50:14Z] check_done.sh exit=1
[ralph_v7 2026-05-27T20:50:15Z] red gates after first check: V7.1_public_app_loads,V7.4_deploy_parity_green,V7.6_mp3_input_passes,V7.7_text_transcript_input_passes,V7.8_computer_mic_input_passes,V7.9_external_mic_input_passes,V7.10_real_chrome_user_surface_no_clone,V7.11_100_stranger_successes,V7.15_3_consecutive_mp3_evals_pass,V7.18_3_clean_room_public_installs
[ralph_v7 2026-05-27T20:50:15Z] first actionable red: V7.1_public_app_loads
[ralph_v7 2026-05-27T20:50:15Z] no fixer mapped for gate V7.1; skipping
[ralph_v7 2026-05-27T20:50:15Z] check_done.sh
[ralph_v7 2026-05-27T20:51:43Z] check_done.sh exit=1
tools/ralph_v7.sh: line 108: cannot create temp file for here document: No space left on device
[ralph_v7 2026-05-27T20:51:43Z] red gates after fixer:      
tools/ralph_v7.sh: line 267: state/v7/COMPLETE_ENGINEERING.md: No space left on device
[ralph_v7 2026-05-27T20:51:43Z] wrote state/v7/COMPLETE_ENGINEERING.md
tools/ralph_v7.sh: line 83: state/v7/loop.pid: No space left on device
[ralph_v7 2026-05-27T20:52:43Z] ralph_v7 starting (PID 85891). cycle_sleep=30s fixer_max=300s
tools/ralph_v7.sh: line 92: state/v7/loop_cycle.txt: No space left on device
[ralph_v7 2026-05-27T20:52:43Z] ----- cycle 75 start -----
[ralph_v7 2026-05-27T20:52:43Z] check_done.sh
[ralph_v7 2026-05-27T20:54:10Z] check_done.sh exit=1
tools/ralph_v7.sh: line 108: cannot create temp file for here document: No space left on device
[ralph_v7 2026-05-27T20:54:10Z] red gates after first check: 
[ralph_v7 2026-05-27T20:54:10Z] all gates green; writing COMPLETE.md if not already
tools/ralph_v7.sh: line 267: state/v7/COMPLETE_ENGINEERING.md: No space left on device
[ralph_v7 2026-05-27T20:54:10Z] wrote state/v7/COMPLETE_ENGINEERING.md
tee: stdout: tee: stdout: [ralph_v7 2026-05-27T21:00:10Z] ralph_v7 starting (PID 504). cycle_sleep=30s fixer_max=300s
[ralph_v7 2026-05-27T21:00:10Z] ----- cycle 75 start -----
[ralph_v7 2026-05-27T21:00:10Z] check_done.sh
[ralph_v7 2026-05-27T21:01:38Z] check_done.sh exit=1
tools/ralph_v7.sh: line 108: cannot create temp file for here document: No space left on device
[ralph_v7 2026-05-27T21:01:38Z] red gates after first check: 
[ralph_v7 2026-05-27T21:01:38Z] all gates green; writing COMPLETE.md if not already
tools/ralph_v7.sh: line 267: state/v7/COMPLETE_ENGINEERING.md: No space left on device
[ralph_v7 2026-05-27T21:01:38Z] wrote state/v7/COMPLETE_ENGINEERING.md
tools/ralph_v7.sh: line 83: state/v7/loop.pid: No space left on device
[ralph_v7 2026-05-27T21:02:38Z] ralph_v7 starting (PID 1550). cycle_sleep=30s fixer_max=300s
tools/ralph_v7.sh: line 92: state/v7/loop_cycle.txt: No space left on device
[ralph_v7 2026-05-27T21:02:38Z] ----- cycle 76 start -----
[ralph_v7 2026-05-27T21:02:38Z] check_done.sh
[ralph_v7 2026-05-27T21:04:17Z] check_done.sh exit=1
tools/ralph_v7.sh: line 108: cannot create temp file for here document: No space left on device
[ralph_v7 2026-05-27T21:04:17Z] red gates after first check: 
[ralph_v7 2026-05-27T21:04:17Z] all gates green; writing COMPLETE.md if not already
tools/ralph_v7.sh: line 267: state/v7/COMPLETE_ENGINEERING.md: No space left on device
[ralph_v7 2026-05-27T21:04:17Z] wrote state/v7/COMPLETE_ENGINEERING.md
tools/ralph_v7.sh: line 83: state/v7/loop.pid: No space left on device
[ralph_v7 2026-05-27T21:05:17Z] ralph_v7 starting (PID 3008). cycle_sleep=30s fixer_max=300s
tools/ralph_v7.sh: line 92: state/v7/loop_cycle.txt: No space left on device
[ralph_v7 2026-05-27T21:05:17Z] ----- cycle 76 start -----
[ralph_v7 2026-05-27T21:05:17Z] check_done.sh
[ralph_v7 2026-05-27T21:06:41Z] check_done.sh exit=1
tools/ralph_v7.sh: line 108: cannot create temp file for here document: No space left on device
[ralph_v7 2026-05-27T21:06:41Z] red gates after first check: 
[ralph_v7 2026-05-27T21:06:41Z] all gates green; writing COMPLETE.md if not already
tools/ralph_v7.sh: line 267: state/v7/COMPLETE_ENGINEERING.md: No space left on device
[ralph_v7 2026-05-27T21:06:41Z] wrote state/v7/COMPLETE_ENGINEERING.md
tools/ralph_v7.sh: line 83: state/v7/loop.pid: No space left on device
[ralph_v7 2026-05-27T21:07:41Z] ralph_v7 starting (PID 5532). cycle_sleep=30s fixer_max=300s
tools/ralph_v7.sh: line 92: state/v7/loop_cycle.txt: No space left on device
[ralph_v7 2026-05-27T21:07:41Z] ----- cycle 76 start -----
[ralph_v7 2026-05-27T21:07:41Z] check_done.sh
[ralph_v7 2026-05-27T21:09:18Z] check_done.sh exit=1
tools/ralph_v7.sh: line 108: cannot create temp file for here document: No space left on device
[ralph_v7 2026-05-27T21:09:18Z] red gates after first check: 
[ralph_v7 2026-05-27T21:09:18Z] all gates green; writing COMPLETE.md if not already
tools/ralph_v7.sh: line 267: state/v7/COMPLETE_ENGINEERING.md: No space left on device
[ralph_v7 2026-05-27T21:09:18Z] wrote state/v7/COMPLETE_ENGINEERING.md
tools/ralph_v7.sh: line 83: state/v7/loop.pid: No space left on device
[ralph_v7 2026-05-27T21:10:19Z] ralph_v7 starting (PID 10675). cycle_sleep=30s fixer_max=300s
tools/ralph_v7.sh: line 92: state/v7/loop_cycle.txt: No space left on device
[ralph_v7 2026-05-27T21:10:19Z] ----- cycle 76 start -----
[ralph_v7 2026-05-27T21:10:19Z] check_done.sh
[ralph_v7 2026-05-27T21:11:54Z] check_done.sh exit=1
tools/ralph_v7.sh: line 108: cannot create temp file for here document: No space left on device
[ralph_v7 2026-05-27T21:11:54Z] red gates after first check: 
[ralph_v7 2026-05-27T21:11:54Z] all gates green; writing COMPLETE.md if not already
tools/ralph_v7.sh: line 267: state/v7/COMPLETE_ENGINEERING.md: No space left on device
[ralph_v7 2026-05-27T21:11:54Z] wrote state/v7/COMPLETE_ENGINEERING.md
tools/ralph_v7.sh: line 83: state/v7/loop.pid: No space left on device
[ralph_v7 2026-05-27T21:12:54Z] ralph_v7 starting (PID 15470). cycle_sleep=30s fixer_max=300s
tools/ralph_v7.sh: line 92: state/v7/loop_cycle.txt: No space left on device
tee: : [ralph_v7 2026-05-27T21:18:03Z] ralph_v7 starting (PID 24060). cycle_sleep=30s fixer_max=300s
[ralph_v7 2026-05-27T21:18:03Z] ----- cycle 76 start -----
[ralph_v7 2026-05-27T21:18:03Z] check_done.sh
[ralph_v7 2026-05-27T21:20:02Z] check_done.sh exit=1
tools/ralph_v7.sh: line 108: cannot create temp file for here document: No space left on device
[ralph_v7 2026-05-27T21:20:02Z] red gates after first check: 
[ralph_v7 2026-05-27T21:20:02Z] all gates green; writing COMPLETE.md if not already
tools/ralph_v7.sh: line 267: state/v7/COMPLETE_ENGINEERING.md: No space left on device
[ralph_v7 2026-05-27T21:20:02Z] wrote state/v7/COMPLETE_ENGINEERING.md
tools/ralph_v7.sh: line 83: state/v7/loop.pid: No space left on device
[ralph_v7 2026-05-27T21:21:02Z] ralph_v7 starting (PID 25943). cycle_sleep=30s fixer_max=300s
tools/ralph_v7.sh: line 92: state/v7/loop_cycle.txt: No space left on device
[ralph_v7 2026-05-27T21:21:02Z] ----- cycle 77 start -----
[ralph_v7 2026-05-27T21:21:02Z] check_done.sh
[ralph_v7 2026-05-27T21:22:40Z] check_done.sh exit=1
tools/ralph_v7.sh: line 108: cannot create temp file for here document: No space left on device
[ralph_v7 2026-05-27T21:22:40Z] red gates after first check: 
tee: state/v7/loop.log: No space left on device
[ralph_v7 2026-05-27T21:22:40Z] all gates green; writing COMPLETE.md if not already
tools/ralph_v7.sh: line 267: state/v7/COMPLETE_ENGINEERING.md: No space left on device
tee: state/v7/loop.log: No space left on device
[ralph_v7 2026-05-27T21:22:40Z] wrote state/v7/COMPLETE_ENGINEERING.md
tools/ralph_v7.sh: line 83: state/v7/loop.pid: No space left on device
tee: state/v7/loop.log: No space left on device
[ralph_v7 2026-05-27T21:23:40Z] ralph_v7 starting (PID 27218). cycle_sleep=30s fixer_max=300s
tools/ralph_v7.sh: line 92: state/v7/loop_cycle.txt: No space left on device
tee: state/v7/loop.log: No space left on device
[ralph_v7 2026-05-27T21:23:41Z] ----- cycle 77 start -----
[ralph_v7 2026-05-27T21:23:41Z] check_done.sh
tee: state/v7/loop.log: No space left on device
[ralph_v7 2026-05-27T21:25:49Z] check_done.sh exit=1
tools/ralph_v7.sh: line 108: cannot create temp file for here document: No space left on device
tee: state/v7/loop.log: No space left on device
[ralph_v7 2026-05-27T21:25:49Z] red gates after first check: 
tee: state/v7/loop.log: No space left on device
[ralph_v7 2026-05-27T21:25:49Z] all gates green; writing COMPLETE.md if not already
tools/ralph_v7.sh: line 267: state/v7/COMPLETE_ENGINEERING.md: No space left on device
tee: state/v7/loop.log: No space left on device
[ralph_v7 2026-05-27T21:25:49Z] wrote state/v7/COMPLETE_ENGINEERING.md
tools/ralph_v7.sh: line 83: state/v7/loop.pid: No space left on device
tee: state/v7/loop.log: No space left on device
[ralph_v7 2026-05-27T21:26:50Z] ralph_v7 starting (PID 29160). cycle_sleep=30s fixer_max=300s
tools/ralph_v7.sh: line 92: state/v7/loop_cycle.txt: No space left on device
tee: state/v7/loop.log: No space left on device
[ralph_v7 2026-05-27T21:26:50Z] ----- cycle 77 start -----
tee: state/v7/loop.log: No space left on device
[ralph_v7 2026-05-27T21:26:50Z] check_done.sh
tee: state/v7/loop.log: No space left on device
[ralph_v7 2026-05-27T21:29:00Z] check_done.sh exit=1
tools/ralph_v7.sh: line 108: cannot create temp file for here document: No space left on device
tee: state/v7/loop.log: No space left on device
[ralph_v7 2026-05-27T21:29:00Z] red gates after first check: 
tee: state/v7/loop.log: No space left on device
[ralph_v7 2026-05-27T21:29:00Z] all gates green; writing COMPLETE.md if not already
tools/ralph_v7.sh: line 267: state/v7/COMPLETE_ENGINEERING.md: No space left on device
tee: state/v7/loop.log: No space left on device
[ralph_v7 2026-05-27T21:29:00Z] wrote state/v7/COMPLETE_ENGINEERING.md
tools/ralph_v7.sh: line 83: state/v7/loop.pid: No space left on device
tee: state/v7/loop.log: No space left on device
[ralph_v7 2026-05-27T21:30:01Z] ralph_v7 starting (PID 31125). cycle_sleep=30s fixer_max=300s
tools/ralph_v7.sh: line 92: state/v7/loop_cycle.txt: No space left on device
tee: state/v7/loop.log: stdout: : 