solid OpenSCAD_Model
  facet normal 0.0605169 -0.922161 0.382043
    outer loop
      vertex 8.06467 -12.2097 7.0403
      vertex 8.06467 -12.435 6.49648
      vertex 8.62086 -12.3985 6.49648
    endloop
  endfacet
  facet normal 0.138077 -0.694308 0.706308
    outer loop
      vertex 9.54184 -10.9464 8.43328
      vertex 9.16119 -11.0221 8.43328
      vertex 9.64957 -11.3484 8.01705
    endloop
  endfacet
  facet normal 0.0923283 -0.701112 0.707049
    outer loop
      vertex 9.16119 -11.0221 8.43328
      vertex 8.50627 -11.5281 8.01705
      vertex 9.21552 -11.4347 8.01705
    endloop
  endfacet
  facet normal 0.0923283 -0.701112 0.707049
    outer loop
      vertex 8.50627 -11.5281 8.01705
      vertex 9.16119 -11.0221 8.43328
      vertex 8.45194 -11.1155 8.43328
    endloop
  endfacet
  facet normal 0.298123 0.945574 0.13043
    outer loop
      vertex 10.6345 12.2629 5.34431
      vertex 11.05 12.0514 5.92791
      vertex 11.05 12.1319 5.34431
    endloop
  endfacet
  facet normal 0.298176 0.945563 0.130388
    outer loop
      vertex 11.05 12.0514 5.92791
      vertex 10.6345 12.2629 5.34431
      vertex 10.6146 12.1887 5.92791
    endloop
  endfacet
  facet normal 0 1 -0
    outer loop
      vertex 7.34999 12.6954 5.15
      vertex -7.34999 12.6954 5.34431
      vertex 7.34999 12.6954 5.34431
    endloop
  endfacet
  facet normal 0 1 0
    outer loop
      vertex -7.34999 12.6954 5.34431
      vertex 7.34999 12.6954 5.15
      vertex -7.34999 12.6954 5.15
    endloop
  endfacet
  facet normal 0.171736 -0.774844 0.608378
    outer loop
      vertex 9.74231 -11.6945 7.55007
      vertex 10.348 -11.1936 8.01705
      vertex 9.64957 -11.3484 8.01705
    endloop
  endfacet
  facet normal 0.171747 -0.774849 0.608369
    outer loop
      vertex 10.348 -11.1936 8.01705
      vertex 9.74231 -11.6945 7.55007
      vertex 10.4407 -11.5397 7.55007
    endloop
  endfacet
  facet normal -0.278539 0.820516 0.49917
    outer loop
      vertex -11.1991 11.6089 7.0403
      vertex -11.699 11.4392 7.0403
      vertex -11.5864 11.1673 7.55007
    endloop
  endfacet
  facet normal 0.103577 -0.78653 0.608804
    outer loop
      vertex 8.55305 -11.8834 7.55007
      vertex 9.21552 -11.4347 8.01705
      vertex 8.50627 -11.5281 8.01705
    endloop
  endfacet
  facet normal 0.103578 -0.786531 0.608803
    outer loop
      vertex 9.21552 -11.4347 8.01705
      vertex 8.55305 -11.8834 7.55007
      vertex 9.26229 -11.79 7.55007
    endloop
  endfacet
  facet normal -0.213015 -0.318753 0.923591
    outer loop
      vertex -12.9339 -7.8696 9.31118
      vertex -13.0485 -8.44568 9.08593
      vertex -12.7766 -7.97472 9.31118
    endloop
  endfacet
  facet normal -0.831484 -0.555549 0
    outer loop
      vertex -17.6295 -7.44187 5.15
      vertex -17.9558 -6.9535 5.34431
      vertex -17.9558 -6.9535 5.15
    endloop
  endfacet
  facet normal -0.831484 -0.555549 0
    outer loop
      vertex -17.9558 -6.9535 5.34431
      vertex -17.6295 -7.44187 5.15
      vertex -17.6295 -7.44187 5.34431
    endloop
  endfacet
  facet normal 0.209031 -0.943082 0.258655
    outer loop
      vertex 9.91622 -12.3436 5.92791
      vertex 10.5752 -12.0416 6.49648
      vertex 9.87679 -12.1964 6.49648
    endloop
  endfacet
  facet normal 0.209177 -0.943094 0.258492
    outer loop
      vertex 10.5752 -12.0416 6.49648
      vertex 9.91622 -12.3436 5.92791
      vertex 10.6146 -12.1887 5.92791
    endloop
  endfacet
  facet normal 0.13805 -0.694329 0.706293
    outer loop
      vertex 9.64957 -11.3484 8.01705
      vertex 9.16119 -11.0221 8.43328
      vertex 9.21552 -11.4347 8.01705
    endloop
  endfacet
  facet normal -0.751824 -0.659364 0
    outer loop
      vertex -16.8067 -8.45102 5.15
      vertex -17.194 -8.00941 5.34431
      vertex -17.194 -8.00941 5.15
    endloop
  endfacet
  facet normal -0.751824 -0.659364 0
    outer loop
      vertex -17.194 -8.00941 5.34431
      vertex -16.8067 -8.45102 5.15
      vertex -16.8067 -8.45102 5.34431
    endloop
  endfacet
  facet normal -0.824394 -0.550812 0.130311
    outer loop
      vertex -17.5685 -7.3951 5.92791
      vertex -17.9558 -6.9535 5.34431
      vertex -17.6295 -7.44187 5.34431
    endloop
  endfacet
  facet normal -0.365309 -0.115175 0.923734
    outer loop
      vertex -16.6678 -2.50168 9.31118
      vertex -16.9779 -3.32468 9.08593
      vertex -16.4527 -3.18393 9.31118
    endloop
  endfacet
  facet normal -0.365241 -0.115207 0.923757
    outer loop
      vertex -16.9779 -3.32468 9.08593
      vertex -16.6678 -2.50168 9.31118
      vertex -17.1931 -2.64243 9.08593
    endloop
  endfacet
  facet normal -0.603579 -0.786541 0.13056
    outer loop
      vertex -14.7869 -10.2845 5.34431
      vertex -15.3076 -9.78805 5.92791
      vertex -15.3544 -9.84901 5.34431
    endloop
  endfacet
  facet normal -0.603539 -0.786562 0.130613
    outer loop
      vertex -15.3076 -9.78805 5.92791
      vertex -14.7869 -10.2845 5.34431
      vertex -14.7401 -10.2235 5.92791
    endloop
  endfacet
  facet normal 0.0461416 -0.706294 0.706413
    outer loop
      vertex 8.06467 -11.1408 8.43328
      vertex 8.06467 -11.5571 8.01705
      vertex 8.45194 -11.1155 8.43328
    endloop
  endfacet
  facet normal -0.130426 -0.991458 0
    outer loop
      vertex -9.36002 -12.5324 5.15
      vertex -8.65078 -12.6257 5.34431
      vertex -9.36002 -12.5324 5.34431
    endloop
  endfacet
  facet normal -0.130426 -0.991458 -0
    outer loop
      vertex -8.65078 -12.6257 5.34431
      vertex -9.36002 -12.5324 5.15
      vertex -8.65078 -12.6257 5.15
    endloop
  endfacet
  facet normal 0 -0.608831 0.7933
    outer loop
      vertex -7.34999 -10.7051 8.79161
      vertex 7.34999 -11.172 8.43328
      vertex 7.34999 -10.7051 8.79161
    endloop
  endfacet
  facet normal 0 -0.608831 0.7933
    outer loop
      vertex 7.34999 -11.172 8.43328
      vertex -7.34999 -10.7051 8.79161
      vertex -7.34999 -11.172 8.43328
    endloop
  endfacet
  facet normal -0.0982975 0.0862978 0.991408
    outer loop
      vertex -14.2523 5.89662 9.46353
      vertex -14.3281 5.81028 9.46353
      vertex -13.8651 5.45502 9.54036
    endloop
  endfacet
  facet normal 0.195108 -0.980782 0
    outer loop
      vertex 9.36002 -12.5324 5.15
      vertex 9.9361 -12.4178 5.34431
      vertex 9.36002 -12.5324 5.34431
    endloop
  endfacet
  facet normal 0.195108 -0.980782 0
    outer loop
      vertex 9.9361 -12.4178 5.34431
      vertex 9.36002 -12.5324 5.15
      vertex 9.9361 -12.4178 5.15
    endloop
  endfacet
  facet normal -0.0748047 0.375996 0.923597
    outer loop
      vertex -9.0337 10.0537 9.08593
      vertex -9.28904 10.0029 9.08593
      vertex -8.96271 9.51452 9.31118
    endloop
  endfacet
  facet normal -0.126109 0.957634 0.258907
    outer loop
      vertex -8.64075 12.5496 5.92791
      vertex -9.33011 12.3051 6.49648
      vertex -8.62086 12.3985 6.49648
    endloop
  endfacet
  facet normal -0.126111 0.957635 0.258905
    outer loop
      vertex -9.33011 12.3051 6.49648
      vertex -8.64075 12.5496 5.92791
      vertex -9.34999 12.4562 5.92791
    endloop
  endfacet
  facet normal -0.213047 0.318745 0.923587
    outer loop
      vertex -13.0485 8.44568 9.08593
      vertex -13.2649 8.30104 9.08593
      vertex -12.9339 7.8696 9.31118
    endloop
  endfacet
  facet normal -0.161009 -0.474235 0.865551
    outer loop
      vertex -10.9162 -9.54926 9.08593
      vertex -11.1113 -10.0202 8.79161
      vertex -10.6697 -9.63295 9.08593
    endloop
  endfacet
  facet normal -0.820507 -0.278489 0.499211
    outer loop
      vertex -18.6696 -3.77796 7.55007
      vertex -18.9539 -3.85413 7.0403
      vertex -18.5123 -4.24141 7.55007
    endloop
  endfacet
  facet normal -0.326725 -0.627538 0.706715
    outer loop
      vertex -12.9335 -9.67595 8.43328
      vertex -12.5071 -10.3667 8.01705
      vertex -12.299 -10.0063 8.43328
    endloop
  endfacet
  facet normal -0.326669 -0.627526 0.706752
    outer loop
      vertex -12.5071 -10.3667 8.01705
      vertex -12.9335 -9.67595 8.43328
      vertex -13.1416 -10.0364 8.01705
    endloop
  endfacet
  facet normal 0.0397049 -0.608287 0.792724
    outer loop
      vertex 8.39099 -10.6525 8.79161
      vertex 8.06467 -10.6738 8.79161
      vertex 8.45194 -11.1155 8.43328
    endloop
  endfacet
  facet normal 0.0250334 -0.38254 0.9236
    outer loop
      vertex 8.06467 -9.62026 9.31118
      vertex 8.06467 -10.1641 9.08593
      vertex 8.32445 -10.1471 9.08593
    endloop
  endfacet
  facet normal -0.571294 -0.651491 0.499182
    outer loop
      vertex -15.2666 -8.93228 7.55007
      vertex -15.4747 -9.14039 7.0403
      vertex -14.8986 -9.25498 7.55007
    endloop
  endfacet
  facet normal -0.0326209 -0.499759 0.86555
    outer loop
      vertex -8.32445 -10.1471 9.08593
      vertex -8.39099 -10.6525 8.79161
      vertex -8.06467 -10.6738 8.79161
    endloop
  endfacet
  facet normal -0.0463894 -0.706398 0.706293
    outer loop
      vertex -8.45194 -11.1155 8.43328
      vertex -8.50627 -11.5281 8.01705
      vertex -8.06467 -11.5571 8.01705
    endloop
  endfacet
  facet normal -0.442304 0.896865 0
    outer loop
      vertex -12.5338 11.5853 5.25
      vertex -13.0606 11.3255 5.34431
      vertex -12.5338 11.5853 5.34431
    endloop
  endfacet
  facet normal -0.442304 0.896865 0
    outer loop
      vertex -13.0606 11.3255 5.34431
      vertex -12.5338 11.5853 5.25
      vertex -13.0606 11.3255 5.25
    endloop
  endfacet
  facet normal -0.972421 0.193444 0.130293
    outer loop
      vertex -19.7628 2.5911 5.34431
      vertex -19.8774 2.01502 5.34431
      vertex -19.8012 2.00499 5.92791
    endloop
  endfacet
  facet normal -0.980782 -0.195108 0
    outer loop
      vertex -19.7628 -2.5911 5.15
      vertex -19.8774 -2.01502 5.34431
      vertex -19.8774 -2.01502 5.15
    endloop
  endfacet
  facet normal -0.980782 -0.195108 0
    outer loop
      vertex -19.8774 -2.01502 5.34431
      vertex -19.7628 -2.5911 5.15
      vertex -19.7628 -2.5911 5.34431
    endloop
  endfacet
  facet normal -0.40864 0.828884 0.382054
    outer loop
      vertex -12.4461 11.3735 6.49648
      vertex -12.9461 11.127 6.49648
      vertex -12.8334 10.9319 7.0403
    endloop
  endfacet
  facet normal 0.0977211 -0.491183 0.865558
    outer loop
      vertex 9.28904 -10.0029 9.08593
      vertex 9.0337 -10.0537 9.08593
      vertex 9.42097 -10.4953 8.79161
    endloop
  endfacet
  facet normal 0.183239 -0.580882 0.793095
    outer loop
      vertex 10.1194 -10.3405 8.79161
      vertex 10.9225 -10.5764 8.43328
      vertex 10.8016 -10.1253 8.79161
    endloop
  endfacet
  facet normal 0.183168 -0.58101 0.793018
    outer loop
      vertex 10.9225 -10.5764 8.43328
      vertex 10.1194 -10.3405 8.79161
      vertex 10.2402 -10.7915 8.43328
    endloop
  endfacet
  facet normal -0.694844 -0.609338 0.381967
    outer loop
      vertex -16.8335 -7.73277 7.0403
      vertex -17.0122 -7.86989 6.49648
      vertex -16.6447 -8.28896 6.49648
    endloop
  endfacet
  facet normal -0.401905 0.458324 0.792724
    outer loop
      vertex -14.1428 8.27 8.79161
      vertex -14.7189 8.38459 8.43328
      vertex -14.3887 8.05437 8.79161
    endloop
  endfacet
  facet normal -0.0419801 -0.12387 0.99141
    outer loop
      vertex -10.2672 -7.98238 9.54036
      vertex -10.3818 -8.55846 9.46353
      vertex -10.2307 -7.99475 9.54036
    endloop
  endfacet
  facet normal 0.150469 -0.477247 0.865791
    outer loop
      vertex 9.98743 -9.84806 9.08593
      vertex 10.8016 -10.1253 8.79161
      vertex 10.6697 -9.63295 9.08593
    endloop
  endfacet
  facet normal 0.150518 -0.477152 0.865835
    outer loop
      vertex 10.8016 -10.1253 8.79161
      vertex 9.98743 -9.84806 9.08593
      vertex 10.1194 -10.3405 8.79161
    endloop
  endfacet
  facet normal -0.466764 0.532188 0.706333
    outer loop
      vertex -14.6805 8.9707 8.01705
      vertex -15.0132 8.6789 8.01705
      vertex -14.7189 8.38459 8.43328
    endloop
  endfacet
  facet normal -0.768378 -0.513419 0.382095
    outer loop
      vertex -17.2689 -7.16523 7.0403
      vertex -17.5622 -6.72628 7.0403
      vertex -17.4477 -7.30236 6.49648
    endloop
  endfacet
  facet normal -0.0266512 -0.608533 0.793081
    outer loop
      vertex -8.06467 -11.1408 8.43328
      vertex -7.34999 -10.7051 8.79161
      vertex -8.06467 -10.6738 8.79161
    endloop
  endfacet
  facet normal -0.0265697 -0.608616 0.79302
    outer loop
      vertex -7.34999 -10.7051 8.79161
      vertex -8.06467 -11.1408 8.43328
      vertex -7.34999 -11.172 8.43328
    endloop
  endfacet
  facet normal -0.0346147 -0.7929 0.608368
    outer loop
      vertex -8.06467 -11.9154 7.55007
      vertex -7.34999 -11.5883 8.01705
      vertex -8.06467 -11.5571 8.01705
    endloop
  endfacet
  facet normal -0.0346147 -0.7929 0.608368
    outer loop
      vertex -7.34999 -11.5883 8.01705
      vertex -8.06467 -11.9154 7.55007
      vertex -7.34999 -11.9466 7.55007
    endloop
  endfacet
  facet normal -0.0603192 0.115887 0.991429
    outer loop
      vertex -11.2544 8.197 9.46353
      vertex -11.5972 7.36128 9.54036
      vertex -10.9626 7.69159 9.54036
    endloop
  endfacet
  facet normal -0.0603312 0.115892 0.991428
    outer loop
      vertex -11.5972 7.36128 9.54036
      vertex -11.2544 8.197 9.46353
      vertex -11.8889 7.86669 9.46353
    endloop
  endfacet
  facet normal -0.232928 -0.562388 0.793388
    outer loop
      vertex -11.7722 -9.74647 8.79161
      vertex -11.29 -10.4517 8.43328
      vertex -11.1113 -10.0202 8.79161
    endloop
  endfacet
  facet normal -0.233 -0.562416 0.793347
    outer loop
      vertex -11.29 -10.4517 8.43328
      vertex -11.7722 -9.74647 8.79161
      vertex -11.9509 -10.1779 8.43328
    endloop
  endfacet
  facet normal -0.449167 -0.221597 0.865531
    outer loop
      vertex -16.5054 -4.46561 9.08593
      vertex -17.0915 -4.42719 8.79161
      vertex -16.9468 -4.72049 8.79161
    endloop
  endfacet
  facet normal 0.0648207 0.989376 0.130126
    outer loop
      vertex 8.65078 12.6257 5.34431
      vertex 8.06467 12.6641 5.34431
      vertex 8.64075 12.5496 5.92791
    endloop
  endfacet
  facet normal -0.188396 0.947493 0.258388
    outer loop
      vertex -9.34999 12.4562 5.92791
      vertex -9.87679 12.1964 6.49648
      vertex -9.33011 12.3051 6.49648
    endloop
  endfacet
  facet normal 0 0.966207 0.257766
    outer loop
      vertex -3.25 12.4786 6.45
      vertex -7.34999 12.4662 6.49648
      vertex -3.24797 12.4662 6.49648
    endloop
  endfacet
  facet normal 1.04765e-05 0.965977 0.258629
    outer loop
      vertex -3.24772 12.4926 6.39771
      vertex -7.34999 12.4662 6.49648
      vertex -3.25 12.4786 6.45
    endloop
  endfacet
  facet normal 1.78333e-05 0.965956 0.258707
    outer loop
      vertex -7.34999 12.6185 5.92791
      vertex -3.24772 12.4926 6.39771
      vertex -3.24088 12.5065 6.34581
    endloop
  endfacet
  facet normal -9.13228e-06 0.965889 0.258955
    outer loop
      vertex -7.34999 12.6185 5.92791
      vertex -3.24088 12.5065 6.34581
      vertex -3.22956 12.5202 6.29471
    endloop
  endfacet
  facet normal -3.64642e-05 0.965813 0.259241
    outer loop
      vertex -7.34999 12.6185 5.92791
      vertex -3.22956 12.5202 6.29471
      vertex -3.21381 12.5336 6.24479
    endloop
  endfacet
  facet normal -6.39969e-05 0.965723 0.259576
    outer loop
      vertex -7.34999 12.6185 5.92791
      vertex -3.21381 12.5336 6.24479
      vertex -3.19378 12.5466 6.19643
    endloop
  endfacet
  facet normal 4.19898e-05 0.966133 0.258046
    outer loop
      vertex -7.34999 12.6185 5.92791
      vertex -3.19378 12.5466 6.19643
      vertex -3.16961 12.559 6.15
    endloop
  endfacet
  facet normal 3.17102e-05 0.966084 0.258226
    outer loop
      vertex -7.34999 12.6185 5.92791
      vertex -3.16961 12.559 6.15
      vertex -3.14149 12.5708 6.10585
    endloop
  endfacet
  facet normal -6.64911e-05 0.965503 0.260393
    outer loop
      vertex -7.34999 12.6185 5.92791
      vertex -3.14149 12.5708 6.10585
      vertex -3.10963 12.582 6.06433
    endloop
  endfacet
  facet normal 1.95516e-05 0.966172 0.257898
    outer loop
      vertex -7.34999 12.6185 5.92791
      vertex -3.10963 12.582 6.06433
      vertex -3.07426 12.5923 6.02574
    endloop
  endfacet
  facet normal -1.67663e-05 0.965776 0.259379
    outer loop
      vertex -7.34999 12.6185 5.92791
      vertex -3.07426 12.5923 6.02574
      vertex -3.03567 12.6018 5.99037
    endloop
  endfacet
  facet normal 7.94776e-06 0.966202 0.257786
    outer loop
      vertex -7.34999 12.6185 5.92791
      vertex -3.03567 12.6018 5.99037
      vertex -2.99415 12.6103 5.95851
    endloop
  endfacet
  facet normal -1.47598e-05 0.965393 0.260801
    outer loop
      vertex -7.34999 12.6185 5.92791
      vertex -2.99415 12.6103 5.95851
      vertex -2.95 12.6179 5.93038
    endloop
  endfacet
  facet normal -0 0.971741 0.23605
    outer loop
      vertex -7.34999 12.6185 5.92791
      vertex -2.95 12.6179 5.93038
      vertex -2.94524 12.6185 5.92791
    endloop
  endfacet
  facet normal 1.34276e-05 0.965946 0.258743
    outer loop
      vertex -3.24772 12.4926 6.39771
      vertex -7.34999 12.6185 5.92791
      vertex -7.34999 12.4662 6.49648
    endloop
  endfacet
  facet normal 0 0.966207 0.257766
    outer loop
      vertex 7.34999 12.4662 6.49648
      vertex -2.05 12.4786 6.45
      vertex -2.05203 12.4662 6.49648
    endloop
  endfacet
  facet normal -4.56826e-06 0.965977 0.258629
    outer loop
      vertex 7.34999 12.4662 6.49648
      vertex -2.05228 12.4926 6.39771
      vertex -2.05 12.4786 6.45
    endloop
  endfacet
  facet normal -5.85854e-06 0.965946 0.258743
    outer loop
      vertex 7.34999 12.6185 5.92791
      vertex -2.05228 12.4926 6.39771
      vertex 7.34999 12.4662 6.49648
    endloop
  endfacet
  facet normal -7.84664e-06 0.965956 0.258706
    outer loop
      vertex -2.05228 12.4926 6.39771
      vertex 7.34999 12.6185 5.92791
      vertex -2.05911 12.5065 6.34581
    endloop
  endfacet
  facet normal 4.0383e-06 0.965889 0.258956
    outer loop
      vertex -2.05911 12.5065 6.34581
      vertex 7.34999 12.6185 5.92791
      vertex -2.07044 12.5202 6.29471
    endloop
  endfacet
  facet normal 1.61982e-05 0.965811 0.259247
    outer loop
      vertex -2.07044 12.5202 6.29471
      vertex 7.34999 12.6185 5.92791
      vertex -2.08618 12.5336 6.24479
    endloop
  endfacet
  facet normal 2.85449e-05 0.965719 0.25959
    outer loop
      vertex -2.08618 12.5336 6.24479
      vertex 7.34999 12.6185 5.92791
      vertex -2.10621 12.5466 6.19643
    endloop
  endfacet
  facet normal -1.87983e-05 0.966136 0.258034
    outer loop
      vertex -2.10621 12.5466 6.19643
      vertex 7.34999 12.6185 5.92791
      vertex -2.13038 12.559 6.15
    endloop
  endfacet
  facet normal -1.42432e-05 0.966087 0.258216
    outer loop
      vertex -2.13038 12.559 6.15
      vertex 7.34999 12.6185 5.92791
      vertex -2.15851 12.5708 6.10585
    endloop
  endfacet
  facet normal 2.99537e-05 0.965496 0.260419
    outer loop
      vertex -2.15851 12.5708 6.10585
      vertex 7.34999 12.6185 5.92791
      vertex -2.19037 12.582 6.06433
    endloop
  endfacet
  facet normal -8.83056e-06 0.966175 0.257888
    outer loop
      vertex -2.19037 12.582 6.06433
      vertex 7.34999 12.6185 5.92791
      vertex -2.22574 12.5923 6.02574
    endloop
  endfacet
  facet normal 7.58871e-06 0.965773 0.259388
    outer loop
      vertex -2.22574 12.5923 6.02574
      vertex 7.34999 12.6185 5.92791
      vertex -2.26433 12.6018 5.99037
    endloop
  endfacet
  facet normal -3.60326e-06 0.966204 0.25778
    outer loop
      vertex -2.26433 12.6018 5.99037
      vertex 7.34999 12.6185 5.92791
      vertex -2.30585 12.6103 5.95851
    endloop
  endfacet
  facet normal 6.69835e-06 0.965389 0.260813
    outer loop
      vertex -2.30585 12.6103 5.95851
      vertex 7.34999 12.6185 5.92791
      vertex -2.35 12.6179 5.93038
    endloop
  endfacet
  facet normal 0 0.971741 0.23605
    outer loop
      vertex -2.35 12.6179 5.93038
      vertex 7.34999 12.6185 5.92791
      vertex -2.35476 12.6185 5.92791
    endloop
  endfacet
  facet normal -0.546703 0.269511 0.792767
    outer loop
      vertex -17.3513 4.95399 8.43328
      vertex -17.5229 4.6059 8.43328
      vertex -16.9468 4.72049 8.79161
    endloop
  endfacet
  facet normal -0.278277 0.416338 0.865578
    outer loop
      vertex -13.0485 8.44568 9.08593
      vertex -13.5753 8.70547 8.79161
      vertex -13.2649 8.30104 9.08593
    endloop
  endfacet
  facet normal -0.0463894 0.706398 0.706293
    outer loop
      vertex -8.06467 11.5571 8.01705
      vertex -8.50627 11.5281 8.01705
      vertex -8.45194 11.1155 8.43328
    endloop
  endfacet
  facet normal -0.130426 0.991458 0
    outer loop
      vertex -8.65078 12.6257 5.15
      vertex -9.36002 12.5324 5.34431
      vertex -8.65078 12.6257 5.34431
    endloop
  endfacet
  facet normal -0.130426 0.991458 0
    outer loop
      vertex -9.36002 12.5324 5.34431
      vertex -8.65078 12.6257 5.15
      vertex -9.36002 12.5324 5.15
    endloop
  endfacet
  facet normal -0.0977058 0.491194 0.865553
    outer loop
      vertex -9.10023 10.5591 8.79161
      vertex -9.42097 10.4953 8.79161
      vertex -9.0337 10.0537 9.08593
    endloop
  endfacet
  facet normal -0.218476 -0.1392 0.965863
    outer loop
      vertex -15.2117 -4.54395 9.46353
      vertex -15.3197 -5.43155 9.31118
      vertex -14.8273 -5.14727 9.46353
    endloop
  endfacet
  facet normal -0.218476 -0.1392 0.965863
    outer loop
      vertex -15.3197 -5.43155 9.31118
      vertex -15.2117 -4.54395 9.46353
      vertex -15.7041 -4.82823 9.31118
    endloop
  endfacet
  facet normal 0.193444 0.972421 0.130293
    outer loop
      vertex 9.36002 12.5324 5.34431
      vertex 9.34999 12.4562 5.92791
      vertex 9.9361 12.4178 5.34431
    endloop
  endfacet
  facet normal 0.0169603 -0.258785 0.965786
    outer loop
      vertex 8.06467 -9.05169 9.46353
      vertex 8.06467 -9.62026 9.31118
      vertex 8.17926 -9.04418 9.46353
    endloop
  endfacet
  facet normal 0.131917 -0.59474 0.793021
    outer loop
      vertex 10.1194 -10.3405 8.79161
      vertex 9.54184 -10.9464 8.43328
      vertex 10.2402 -10.7915 8.43328
    endloop
  endfacet
  facet normal 0.131803 -0.594673 0.79309
    outer loop
      vertex 9.54184 -10.9464 8.43328
      vertex 10.1194 -10.3405 8.79161
      vertex 9.42097 -10.4953 8.79161
    endloop
  endfacet
  facet normal 0.180228 -0.906415 0.382007
    outer loop
      vertex 9.81849 -11.9788 7.0403
      vertex 9.33011 -12.3051 6.49648
      vertex 9.87679 -12.1964 6.49648
    endloop
  endfacet
  facet normal 0.191336 -0.46194 0.866026
    outer loop
      vertex 11.05 -9.49384 9.08593
      vertex 10.9162 -9.54926 9.08593
      vertex 11.05 -9.87226 8.88408
    endloop
  endfacet
  facet normal -0.127552 -0.0282718 0.991429
    outer loop
      vertex -16.2734 -1.65613 9.46353
      vertex -15.5549 -2.20348 9.54036
      vertex -15.7097 -1.50508 9.54036
    endloop
  endfacet
  facet normal -0.127552 -0.0282723 0.991429
    outer loop
      vertex -15.5549 -2.20348 9.54036
      vertex -16.2734 -1.65613 9.46353
      vertex -16.1186 -2.35452 9.46353
    endloop
  endfacet
  facet normal 0.0499611 -0.379389 0.923887
    outer loop
      vertex 8.96271 -9.51452 9.31118
      vertex 8.32445 -10.1471 9.08593
      vertex 9.0337 -10.0537 9.08593
    endloop
  endfacet
  facet normal 0.0499378 -0.379369 0.923897
    outer loop
      vertex 8.32445 -10.1471 9.08593
      vertex 8.96271 -9.51452 9.31118
      vertex 8.25347 -9.60788 9.31118
    endloop
  endfacet
  facet normal -0.118923 0.59786 0.79273
    outer loop
      vertex -9.16119 11.0221 8.43328
      vertex -9.42097 10.4953 8.79161
      vertex -9.10023 10.5591 8.79161
    endloop
  endfacet
  facet normal -0 0.258822 0.965925
    outer loop
      vertex -7.34999 9.65146 9.31118
      vertex 7.34999 9.08289 9.46353
      vertex 7.34999 9.65146 9.31118
    endloop
  endfacet
  facet normal 0 0.258822 0.965925
    outer loop
      vertex 7.34999 9.08289 9.46353
      vertex -7.34999 9.65146 9.31118
      vertex -7.34999 9.08289 9.46353
    endloop
  endfacet
  facet normal -0.195863 0.577224 0.792748
    outer loop
      vertex -10.9225 10.5764 8.43328
      vertex -11.29 10.4517 8.43328
      vertex -10.8016 10.1253 8.79161
    endloop
  endfacet
  facet normal -0.0963293 -0.0882711 0.991428
    outer loop
      vertex -14.2523 -5.89662 9.46353
      vertex -13.3564 -6.01138 9.54036
      vertex -13.8397 -5.48396 9.54036
    endloop
  endfacet
  facet normal -0.0963293 -0.0882711 0.991428
    outer loop
      vertex -13.3564 -6.01138 9.54036
      vertex -14.2523 -5.89662 9.46353
      vertex -13.769 -6.42404 9.46353
    endloop
  endfacet
  facet normal -0.215625 0.144081 0.965788
    outer loop
      vertex -14.7635 5.24275 9.46353
      vertex -15.2146 5.58887 9.31118
      vertex -14.8273 5.14727 9.46353
    endloop
  endfacet
  facet normal -0.199948 -0.902105 0.382397
    outer loop
      vertex -9.87679 -12.1964 6.49648
      vertex -10.5169 -11.824 7.0403
      vertex -10.5752 -12.0416 6.49648
    endloop
  endfacet
  facet normal -0.199948 -0.902105 0.382397
    outer loop
      vertex -10.5169 -11.824 7.0403
      vertex -9.87679 -12.1964 6.49648
      vertex -9.81849 -11.9788 7.0403
    endloop
  endfacet
  facet normal -0.793346 -0.608771 0
    outer loop
      vertex -17.194 -8.00941 5.15
      vertex -17.6295 -7.44187 5.34431
      vertex -17.6295 -7.44187 5.15
    endloop
  endfacet
  facet normal -0.793346 -0.608771 0
    outer loop
      vertex -17.6295 -7.44187 5.34431
      vertex -17.194 -8.00941 5.15
      vertex -17.194 -8.00941 5.34431
    endloop
  endfacet
  facet normal -0.726291 -0.637021 0.258276
    outer loop
      vertex -16.6447 -8.28896 6.49648
      vertex -17.1331 -7.96264 5.92791
      vertex -16.7524 -8.39669 5.92791
    endloop
  endfacet
  facet normal -0.375986 -0.0747997 0.923601
    outer loop
      vertex -16.8595 -1.61771 9.31118
      vertex -17.3987 -1.68869 9.08593
      vertex -17.3479 -1.94404 9.08593
    endloop
  endfacet
  facet normal -0.411526 -0.449086 0.793076
    outer loop
      vertex -14.9161 -7.57108 8.79161
      vertex -14.7189 -8.38459 8.43328
      vertex -14.3887 -8.05437 8.79161
    endloop
  endfacet
  facet normal -0.411534 -0.449086 0.793071
    outer loop
      vertex -14.7189 -8.38459 8.43328
      vertex -14.9161 -7.57108 8.79161
      vertex -15.2463 -7.90129 8.43328
    endloop
  endfacet
  facet normal -0.187445 -0.845694 0.499665
    outer loop
      vertex -9.81849 -11.9788 7.0403
      vertex -10.4407 -11.5397 7.55007
      vertex -10.5169 -11.824 7.0403
    endloop
  endfacet
  facet normal -0.187451 -0.845696 0.49966
    outer loop
      vertex -10.4407 -11.5397 7.55007
      vertex -9.81849 -11.9788 7.0403
      vertex -9.74231 -11.6945 7.55007
    endloop
  endfacet
  facet normal -0.0605169 -0.922161 0.382043
    outer loop
      vertex -8.06467 -12.2097 7.0403
      vertex -8.62086 -12.3985 6.49648
      vertex -8.06467 -12.435 6.49648
    endloop
  endfacet
  facet normal -0.0255137 -0.128286 0.991409
    outer loop
      vertex -8.85008 -8.3647 9.54036
      vertex -9.00113 -8.92841 9.46353
      vertex -8.8885 -8.95081 9.46353
    endloop
  endfacet
  facet normal 0.0377806 -0.865419 0.499623
    outer loop
      vertex 7.34999 -12.2409 7.0403
      vertex 8.06467 -11.9154 7.55007
      vertex 7.34999 -11.9466 7.55007
    endloop
  endfacet
  facet normal 0.0377806 -0.865419 0.499623
    outer loop
      vertex 8.06467 -11.9154 7.55007
      vertex 7.34999 -12.2409 7.0403
      vertex 8.06467 -12.2097 7.0403
    endloop
  endfacet
  facet normal 0.0266512 -0.608533 0.793081
    outer loop
      vertex 7.34999 -10.7051 8.79161
      vertex 8.06467 -11.1408 8.43328
      vertex 8.06467 -10.6738 8.79161
    endloop
  endfacet
  facet normal 0.0265697 -0.608616 0.79302
    outer loop
      vertex 8.06467 -11.1408 8.43328
      vertex 7.34999 -10.7051 8.79161
      vertex 7.34999 -11.172 8.43328
    endloop
  endfacet
  facet normal 0 -0.38266 0.923889
    outer loop
      vertex -7.34999 -9.65146 9.31118
      vertex 7.34999 -10.1953 9.08593
      vertex 7.34999 -9.65146 9.31118
    endloop
  endfacet
  facet normal 0 -0.38266 0.923889
    outer loop
      vertex 7.34999 -10.1953 9.08593
      vertex -7.34999 -9.65146 9.31118
      vertex -7.34999 -10.1953 9.08593
    endloop
  endfacet
  facet normal 0.0346147 -0.7929 0.608368
    outer loop
      vertex 7.34999 -11.9466 7.55007
      vertex 8.06467 -11.5571 8.01705
      vertex 7.34999 -11.5883 8.01705
    endloop
  endfacet
  facet normal 0.0346147 -0.7929 0.608368
    outer loop
      vertex 8.06467 -11.5571 8.01705
      vertex 7.34999 -11.9466 7.55007
      vertex 8.06467 -11.9154 7.55007
    endloop
  endfacet
  facet normal -0.123207 -0.363018 0.9236
    outer loop
      vertex -10.5289 -9.10765 9.31118
      vertex -10.7081 -9.04683 9.31118
      vertex -10.6697 -9.63295 9.08593
    endloop
  endfacet
  facet normal -0.313055 -0.634908 0.70632
    outer loop
      vertex -11.9509 -10.1779 8.43328
      vertex -12.5071 -10.3667 8.01705
      vertex -12.1102 -10.5624 8.01705
    endloop
  endfacet
  facet normal -0.532771 -0.836163 0.130335
    outer loop
      vertex -13.6952 -10.9952 5.34431
      vertex -14.2601 -10.5443 5.92791
      vertex -14.2985 -10.6108 5.34431
    endloop
  endfacet
  facet normal -0.532663 -0.83621 0.130476
    outer loop
      vertex -14.2601 -10.5443 5.92791
      vertex -13.6952 -10.9952 5.34431
      vertex -13.6568 -10.9286 5.92791
    endloop
  endfacet
  facet normal -0.445992 -0.856878 0.258555
    outer loop
      vertex -13.0222 -11.2589 5.92791
      vertex -13.5806 -10.7967 6.49648
      vertex -13.6568 -10.9286 5.92791
    endloop
  endfacet
  facet normal -0.446057 -0.856866 0.258483
    outer loop
      vertex -13.5806 -10.7967 6.49648
      vertex -13.0222 -11.2589 5.92791
      vertex -12.9461 -11.127 6.49648
    endloop
  endfacet
  facet normal -0.66018 -0.440993 0.608019
    outer loop
      vertex -16.997 -6.39995 8.01705
      vertex -17.3074 -6.57912 7.55007
      vertex -16.7512 -6.76792 8.01705
    endloop
  endfacet
  facet normal -0.964011 -0.0632628 0.258225
    outer loop
      vertex -19.78 -0.719666 6.49648
      vertex -19.9323 -0.719666 5.92791
      vertex -19.7435 -1.27586 6.49648
    endloop
  endfacet
  facet normal 0.0308521 -0.706711 0.70683
    outer loop
      vertex 7.34999 -11.5883 8.01705
      vertex 8.06467 -11.1408 8.43328
      vertex 7.34999 -11.172 8.43328
    endloop
  endfacet
  facet normal 0.0308521 -0.706711 0.70683
    outer loop
      vertex 8.06467 -11.1408 8.43328
      vertex 7.34999 -11.5883 8.01705
      vertex 8.06467 -11.5571 8.01705
    endloop
  endfacet
  facet normal -0.297115 -0.875096 0.382007
    outer loop
      vertex -11.1991 -11.6089 7.0403
      vertex -11.7852 -11.6473 6.49648
      vertex -11.2574 -11.8265 6.49648
    endloop
  endfacet
  facet normal -0.144155 -0.215554 0.965793
    outer loop
      vertex -12.5877 -7.41852 9.46353
      vertex -12.9339 -7.8696 9.31118
      vertex -12.4923 -7.48232 9.46353
    endloop
  endfacet
  facet normal -0.399921 -0.768362 0.499684
    outer loop
      vertex -12.8334 -10.9319 7.0403
      vertex -13.3208 -10.3467 7.55007
      vertex -13.468 -10.6016 7.0403
    endloop
  endfacet
  facet normal -0.399986 -0.768365 0.499626
    outer loop
      vertex -13.3208 -10.3467 7.55007
      vertex -12.8334 -10.9319 7.0403
      vertex -12.6863 -10.677 7.55007
    endloop
  endfacet
  facet normal -0.278522 -0.820514 0.499181
    outer loop
      vertex -11.123 -11.3246 7.55007
      vertex -11.5864 -11.1673 7.55007
      vertex -11.1991 -11.6089 7.0403
    endloop
  endfacet
  facet normal -0.369705 0.892396 0.258744
    outer loop
      vertex -11.8435 11.788 5.92791
      vertex -12.4461 11.3735 6.49648
      vertex -11.7852 11.6473 6.49648
    endloop
  endfacet
  facet normal -0.369575 0.892407 0.25889
    outer loop
      vertex -12.4461 11.3735 6.49648
      vertex -11.8435 11.788 5.92791
      vertex -12.5044 11.5143 5.92791
    endloop
  endfacet
  facet normal -0.187451 0.845696 0.49966
    outer loop
      vertex -9.81849 11.9788 7.0403
      vertex -10.4407 11.5397 7.55007
      vertex -9.74231 11.6945 7.55007
    endloop
  endfacet
  facet normal -0.187445 0.845694 0.499665
    outer loop
      vertex -10.4407 11.5397 7.55007
      vertex -9.81849 11.9788 7.0403
      vertex -10.5169 11.824 7.0403
    endloop
  endfacet
  facet normal -0.0566266 0.864647 0.499178
    outer loop
      vertex -8.06467 12.2097 7.0403
      vertex -8.59146 12.1752 7.0403
      vertex -8.06467 11.9154 7.55007
    endloop
  endfacet
  facet normal -0.195108 0.980782 0
    outer loop
      vertex -9.36002 12.5324 5.15
      vertex -9.9361 12.4178 5.34431
      vertex -9.36002 12.5324 5.34431
    endloop
  endfacet
  facet normal -0.195108 0.980782 0
    outer loop
      vertex -9.9361 12.4178 5.34431
      vertex -9.36002 12.5324 5.15
      vertex -9.9361 12.4178 5.15
    endloop
  endfacet
  facet normal -0.214688 0.967941 0.130379
    outer loop
      vertex -9.9361 12.4178 5.34431
      vertex -10.6146 12.1887 5.92791
      vertex -9.91622 12.3436 5.92791
    endloop
  endfacet
  facet normal -0.214682 0.967942 0.130386
    outer loop
      vertex -10.6146 12.1887 5.92791
      vertex -9.9361 12.4178 5.34431
      vertex -10.6345 12.2629 5.34431
    endloop
  endfacet
  facet normal 0.257965 0.751133 0.607662
    outer loop
      vertex 11.05 11.0523 7.91742
      vertex 11.0302 10.9785 8.01705
      vertex 11.05 10.9717 8.01705
    endloop
  endfacet
  facet normal -0.0265697 0.608616 0.79302
    outer loop
      vertex -8.06467 11.1408 8.43328
      vertex -7.34999 10.7051 8.79161
      vertex -7.34999 11.172 8.43328
    endloop
  endfacet
  facet normal -0.0266512 0.608533 0.793081
    outer loop
      vertex -7.34999 10.7051 8.79161
      vertex -8.06467 11.1408 8.43328
      vertex -8.06467 10.6738 8.79161
    endloop
  endfacet
  facet normal 0.0437539 0.999042 -0
    outer loop
      vertex 8.06467 12.6641 5.15
      vertex 7.34999 12.6954 5.34431
      vertex 8.06467 12.6641 5.34431
    endloop
  endfacet
  facet normal 0.0437539 0.999042 0
    outer loop
      vertex 7.34999 12.6954 5.34431
      vertex 8.06467 12.6641 5.15
      vertex 7.34999 12.6954 5.15
    endloop
  endfacet
  facet normal 0.216531 0.976276 -0
    outer loop
      vertex 10.6345 12.2629 5.15
      vertex 9.9361 12.4178 5.34431
      vertex 10.6345 12.2629 5.34431
    endloop
  endfacet
  facet normal 0.216531 0.976276 0
    outer loop
      vertex 9.9361 12.4178 5.34431
      vertex 10.6345 12.2629 5.15
      vertex 9.9361 12.4178 5.15
    endloop
  endfacet
  facet normal 0.118895 -0.597853 0.792739
    outer loop
      vertex 9.42097 -10.4953 8.79161
      vertex 9.16119 -11.0221 8.43328
      vertex 9.54184 -10.9464 8.43328
    endloop
  endfacet
  facet normal 0.161002 -0.474215 0.865562
    outer loop
      vertex 10.6697 -9.63295 9.08593
      vertex 11.05 -9.87226 8.88408
      vertex 10.9162 -9.54926 9.08593
    endloop
  endfacet
  facet normal 0.16097 -0.474255 0.865547
    outer loop
      vertex 11.05 -9.87226 8.88408
      vertex 10.6697 -9.63295 9.08593
      vertex 11.05 -9.96647 8.83246
    endloop
  endfacet
  facet normal 0.154921 -0.778691 0.60798
    outer loop
      vertex 9.74231 -11.6945 7.55007
      vertex 9.21552 -11.4347 8.01705
      vertex 9.26229 -11.79 7.55007
    endloop
  endfacet
  facet normal 0.212696 -0.674674 0.706806
    outer loop
      vertex 10.2402 -10.7915 8.43328
      vertex 11.0302 -10.9785 8.01705
      vertex 10.9225 -10.5764 8.43328
    endloop
  endfacet
  facet normal 0.212717 -0.674642 0.706831
    outer loop
      vertex 11.0302 -10.9785 8.01705
      vertex 10.2402 -10.7915 8.43328
      vertex 10.348 -11.1936 8.01705
    endloop
  endfacet
  facet normal 0.0566532 -0.864634 0.499198
    outer loop
      vertex 8.55305 -11.8834 7.55007
      vertex 8.06467 -11.9154 7.55007
      vertex 8.59146 -12.1752 7.0403
    endloop
  endfacet
  facet normal 0.0326209 -0.499759 0.86555
    outer loop
      vertex 8.32445 -10.1471 9.08593
      vertex 8.06467 -10.6738 8.79161
      vertex 8.39099 -10.6525 8.79161
    endloop
  endfacet
  facet normal 0.0169692 -0.258787 0.965785
    outer loop
      vertex 8.17926 -9.04418 9.46353
      vertex 8.06467 -9.62026 9.31118
      vertex 8.25347 -9.60788 9.31118
    endloop
  endfacet
  facet normal -0.0112984 0.258806 0.965863
    outer loop
      vertex -8.06467 9.62026 9.31118
      vertex -7.34999 9.08289 9.46353
      vertex -7.34999 9.65146 9.31118
    endloop
  endfacet
  facet normal -0.0112984 0.258806 0.965863
    outer loop
      vertex -7.34999 9.08289 9.46353
      vertex -8.06467 9.62026 9.31118
      vertex -8.06467 9.05169 9.46353
    endloop
  endfacet
  facet normal -0.0578485 0.117314 0.991409
    outer loop
      vertex -11.1514 8.24779 9.46353
      vertex -11.2544 8.197 9.46353
      vertex -10.9281 7.70862 9.54036
    endloop
  endfacet
  facet normal -0.288216 -0.252819 0.923588
    outer loop
      vertex -14.6544 -6.29866 9.31118
      vertex -15.2106 -6.48746 9.08593
      vertex -15.0389 -6.6832 9.08593
    endloop
  endfacet
  facet normal -0.0779036 0.247059 0.965864
    outer loop
      vertex -10.5289 9.10765 9.31118
      vertex -9.69952 8.77357 9.46353
      vertex -9.84668 9.32277 9.31118
    endloop
  endfacet
  facet normal -0.0778975 0.247073 0.965861
    outer loop
      vertex -9.69952 8.77357 9.46353
      vertex -10.5289 9.10765 9.31118
      vertex -10.3818 8.55846 9.46353
    endloop
  endfacet
  facet normal -0.0560734 0.252913 0.965863
    outer loop
      vertex -9.14829 9.4776 9.31118
      vertex -9.69952 8.77357 9.46353
      vertex -9.00113 8.92841 9.46353
    endloop
  endfacet
  facet normal -0.0560691 0.25291 0.965864
    outer loop
      vertex -9.69952 8.77357 9.46353
      vertex -9.14829 9.4776 9.31118
      vertex -9.84668 9.32277 9.31118
    endloop
  endfacet
  facet normal -0.00855396 0.130519 0.991409
    outer loop
      vertex -8.06467 9.05169 9.46353
      vertex -8.17926 9.04418 9.46353
      vertex -8.10308 8.46558 9.54036
    endloop
  endfacet
  facet normal -0.0963293 0.0882711 0.991428
    outer loop
      vertex -14.2523 5.89662 9.46353
      vertex -13.3564 6.01138 9.54036
      vertex -13.769 6.42404 9.46353
    endloop
  endfacet
  facet normal -0.0963293 0.0882711 0.991428
    outer loop
      vertex -13.3564 6.01138 9.54036
      vertex -14.2523 5.89662 9.46353
      vertex -13.8397 5.48396 9.54036
    endloop
  endfacet
  facet normal -0.282375 -0.258754 0.923748
    outer loop
      vertex -15.0389 -6.6832 9.08593
      vertex -14.1711 -6.82608 9.31118
      vertex -14.6544 -6.29866 9.31118
    endloop
  endfacet
  facet normal -0.282375 -0.258754 0.923748
    outer loop
      vertex -14.1711 -6.82608 9.31118
      vertex -15.0389 -6.6832 9.08593
      vertex -14.5556 -7.21062 9.08593
    endloop
  endfacet
  facet normal 0.0566266 -0.864647 0.499178
    outer loop
      vertex 8.06467 -11.9154 7.55007
      vertex 8.06467 -12.2097 7.0403
      vertex 8.59146 -12.1752 7.0403
    endloop
  endfacet
  facet normal 0.120627 -0.915989 0.382639
    outer loop
      vertex 8.62086 -12.3985 6.49648
      vertex 9.3007 -12.0818 7.0403
      vertex 8.59146 -12.1752 7.0403
    endloop
  endfacet
  facet normal 0.120625 -0.915989 0.382641
    outer loop
      vertex 9.3007 -12.0818 7.0403
      vertex 8.62086 -12.3985 6.49648
      vertex 9.33011 -12.3051 6.49648
    endloop
  endfacet
  facet normal 0 -0.793375 0.608733
    outer loop
      vertex -7.34999 -11.9466 7.55007
      vertex 7.34999 -11.5883 8.01705
      vertex -7.34999 -11.5883 8.01705
    endloop
  endfacet
  facet normal 0 -0.793375 0.608733
    outer loop
      vertex 7.34999 -11.5883 8.01705
      vertex -7.34999 -11.9466 7.55007
      vertex 7.34999 -11.9466 7.55007
    endloop
  endfacet
  facet normal 0.187451 -0.845696 0.49966
    outer loop
      vertex 9.81849 -11.9788 7.0403
      vertex 10.4407 -11.5397 7.55007
      vertex 9.74231 -11.6945 7.55007
    endloop
  endfacet
  facet normal 0.187445 -0.845694 0.499665
    outer loop
      vertex 10.4407 -11.5397 7.55007
      vertex 9.81849 -11.9788 7.0403
      vertex 10.5169 -11.824 7.0403
    endloop
  endfacet
  facet normal 0.230116 -0.670043 0.705754
    outer loop
      vertex 11.05 -10.9383 8.04876
      vertex 11.0302 -10.9785 8.01705
      vertex 11.05 -10.9717 8.01705
    endloop
  endfacet
  facet normal 0 0.866049 0.499959
    outer loop
      vertex -2.59771 12.2366 7.04772
      vertex -7.34999 11.9466 7.55007
      vertex 7.34999 11.9466 7.55007
    endloop
  endfacet
  facet normal 0.000456091 0.864175 0.503191
    outer loop
      vertex -7.34999 11.9466 7.55007
      vertex -2.59771 12.2366 7.04772
      vertex -2.65 12.2353 7.05
    endloop
  endfacet
  facet normal -0.000236856 0.864011 0.503473
    outer loop
      vertex 7.34999 11.9466 7.55007
      vertex -2.54581 12.2406 7.04088
      vertex -2.59771 12.2366 7.04772
    endloop
  endfacet
  facet normal -0 0.866037 0.49998
    outer loop
      vertex -2.54316 12.2409 7.0403
      vertex 7.34999 11.9466 7.55007
      vertex 7.34999 12.2409 7.0403
    endloop
  endfacet
  facet normal 0.0022152 0.884049 0.467388
    outer loop
      vertex 7.34999 11.9466 7.55007
      vertex -2.54316 12.2409 7.0403
      vertex -2.54581 12.2406 7.04088
    endloop
  endfacet
  facet normal -0.000191517 0.866815 0.498629
    outer loop
      vertex -2.70229 12.2366 7.04772
      vertex -7.34999 11.9466 7.55007
      vertex -2.65 12.2353 7.05
    endloop
  endfacet
  facet normal 0.000385469 0.864501 0.502631
    outer loop
      vertex -2.75419 12.2406 7.04088
      vertex -7.34999 11.9466 7.55007
      vertex -2.70229 12.2366 7.04772
    endloop
  endfacet
  facet normal -0.00390206 0.880853 0.473375
    outer loop
      vertex -2.75683 12.2409 7.0403
      vertex -7.34999 11.9466 7.55007
      vertex -2.75419 12.2406 7.04088
    endloop
  endfacet
  facet normal 0 0.866037 0.49998
    outer loop
      vertex -7.34999 11.9466 7.55007
      vertex -2.75683 12.2409 7.0403
      vertex -7.34999 12.2409 7.0403
    endloop
  endfacet
  facet normal 0.187445 0.845694 0.499665
    outer loop
      vertex 9.81849 11.9788 7.0403
      vertex 10.4407 11.5397 7.55007
      vertex 10.5169 11.824 7.0403
    endloop
  endfacet
  facet normal 0.187451 0.845696 0.49966
    outer loop
      vertex 10.4407 11.5397 7.55007
      vertex 9.81849 11.9788 7.0403
      vertex 9.74231 11.6945 7.55007
    endloop
  endfacet
  facet normal -0.0748024 -0.375998 0.923596
    outer loop
      vertex -9.14829 -9.4776 9.31118
      vertex -9.28904 -10.0029 9.08593
      vertex -8.96271 -9.51452 9.31118
    endloop
  endfacet
  facet normal 0.12325 -0.363019 0.923595
    outer loop
      vertex 10.7081 -9.04683 9.31118
      vertex 10.6697 -9.63295 9.08593
      vertex 10.9162 -9.54926 9.08593
    endloop
  endfacet
  facet normal -0.976276 0.216531 0
    outer loop
      vertex -19.7628 2.5911 5.15
      vertex -19.6079 3.2895 5.34431
      vertex -19.6079 3.2895 5.15
    endloop
  endfacet
  facet normal -0.976276 0.216531 0
    outer loop
      vertex -19.6079 3.2895 5.34431
      vertex -19.7628 2.5911 5.15
      vertex -19.7628 2.5911 5.34431
    endloop
  endfacet
  facet normal -0.537355 -0.843356 0
    outer loop
      vertex -14.2985 -10.6108 5.25
      vertex -13.6952 -10.9952 5.34431
      vertex -14.2985 -10.6108 5.34431
    endloop
  endfacet
  facet normal -0.537355 -0.843356 -0
    outer loop
      vertex -13.6952 -10.9952 5.34431
      vertex -14.2985 -10.6108 5.25
      vertex -13.6952 -10.9952 5.25
    endloop
  endfacet
  facet normal -0.938861 -0.318698 0.130276
    outer loop
      vertex -19.133 -4.49854 5.92791
      vertex -19.3928 -3.97175 5.34431
      vertex -19.204 -4.52794 5.34431
    endloop
  endfacet
  facet normal -0.588598 -0.39325 0.706333
    outer loop
      vertex -16.6366 -6.19184 8.43328
      vertex -16.7512 -6.76792 8.01705
      vertex -16.421 -6.51454 8.43328
    endloop
  endfacet
  facet normal -0.255203 -0.751818 0.607981
    outer loop
      vertex -11.4493 -10.8362 8.01705
      vertex -11.5864 -11.1673 7.55007
      vertex -11.123 -11.3246 7.55007
    endloop
  endfacet
  facet normal -0.193444 -0.972421 0.130293
    outer loop
      vertex -9.34999 -12.4562 5.92791
      vertex -9.9361 -12.4178 5.34431
      vertex -9.36002 -12.5324 5.34431
    endloop
  endfacet
  facet normal 0.051914 -0.792305 0.607912
    outer loop
      vertex 8.06467 -11.5571 8.01705
      vertex 8.06467 -11.9154 7.55007
      vertex 8.55305 -11.8834 7.55007
    endloop
  endfacet
  facet normal -0.0327062 -0.499789 0.865529
    outer loop
      vertex -8.06467 -10.1641 9.08593
      vertex -8.32445 -10.1471 9.08593
      vertex -8.06467 -10.6738 8.79161
    endloop
  endfacet
  facet normal -0.0397376 -0.608268 0.792736
    outer loop
      vertex -8.06467 -10.6738 8.79161
      vertex -8.45194 -11.1155 8.43328
      vertex -8.06467 -11.1408 8.43328
    endloop
  endfacet
  facet normal 0.180308 -0.906426 0.381942
    outer loop
      vertex 9.81849 -11.9788 7.0403
      vertex 9.3007 -12.0818 7.0403
      vertex 9.33011 -12.3051 6.49648
    endloop
  endfacet
  facet normal -0.0603966 -0.922212 0.381938
    outer loop
      vertex -8.59146 -12.1752 7.0403
      vertex -8.62086 -12.3985 6.49648
      vertex -8.06467 -12.2097 7.0403
    endloop
  endfacet
  facet normal -0.477967 -0.521581 0.706754
    outer loop
      vertex -15.2463 -7.90129 8.43328
      vertex -15.0132 -8.6789 8.01705
      vertex -14.7189 -8.38459 8.43328
    endloop
  endfacet
  facet normal -0.477958 -0.521581 0.70676
    outer loop
      vertex -15.0132 -8.6789 8.01705
      vertex -15.2463 -7.90129 8.43328
      vertex -15.5406 -8.19561 8.01705
    endloop
  endfacet
  facet normal -0.157534 -0.205332 0.965931
    outer loop
      vertex -13.1553 -6.98305 9.46353
      vertex -12.9339 -7.8696 9.31118
      vertex -12.5877 -7.41852 9.46353
    endloop
  endfacet
  facet normal -0.157567 -0.20534 0.965924
    outer loop
      vertex -12.9339 -7.8696 9.31118
      vertex -13.1553 -6.98305 9.46353
      vertex -13.5014 -7.43413 9.31118
    endloop
  endfacet
  facet normal -0.0977058 -0.491194 0.865553
    outer loop
      vertex -9.0337 -10.0537 9.08593
      vertex -9.42097 -10.4953 8.79161
      vertex -9.10023 -10.5591 8.79161
    endloop
  endfacet
  facet normal -0.313013 -0.634963 0.706289
    outer loop
      vertex -12.299 -10.0063 8.43328
      vertex -12.5071 -10.3667 8.01705
      vertex -11.9509 -10.1779 8.43328
    endloop
  endfacet
  facet normal 0 -0.258822 0.965925
    outer loop
      vertex -7.34999 -9.08289 9.46353
      vertex 7.34999 -9.65146 9.31118
      vertex 7.34999 -9.08289 9.46353
    endloop
  endfacet
  facet normal 0 -0.258822 0.965925
    outer loop
      vertex 7.34999 -9.65146 9.31118
      vertex -7.34999 -9.08289 9.46353
      vertex -7.34999 -9.65146 9.31118
    endloop
  endfacet
  facet normal 0.0778975 -0.247073 0.965861
    outer loop
      vertex 9.69952 -8.77357 9.46353
      vertex 10.5289 -9.10765 9.31118
      vertex 10.3818 -8.55846 9.46353
    endloop
  endfacet
  facet normal 0.0779036 -0.247059 0.965864
    outer loop
      vertex 10.5289 -9.10765 9.31118
      vertex 9.69952 -8.77357 9.46353
      vertex 9.84668 -9.32277 9.31118
    endloop
  endfacet
  facet normal 0 -0.130524 0.991445
    outer loop
      vertex -7.34999 -8.4993 9.54036
      vertex 7.34999 -9.08289 9.46353
      vertex 7.34999 -8.4993 9.54036
    endloop
  endfacet
  facet normal 0 -0.130524 0.991445
    outer loop
      vertex 7.34999 -9.08289 9.46353
      vertex -7.34999 -8.4993 9.54036
      vertex -7.34999 -9.08289 9.46353
    endloop
  endfacet
  facet normal -0.0748047 -0.375996 0.923597
    outer loop
      vertex -8.96271 -9.51452 9.31118
      vertex -9.28904 -10.0029 9.08593
      vertex -9.0337 -10.0537 9.08593
    endloop
  endfacet
  facet normal -0.726328 -0.636948 0.25835
    outer loop
      vertex -17.0122 -7.86989 6.49648
      vertex -17.1331 -7.96264 5.92791
      vertex -16.6447 -8.28896 6.49648
    endloop
  endfacet
  facet normal -0.585234 -0.638648 0.49963
    outer loop
      vertex -15.4747 -9.14039 7.0403
      vertex -15.794 -8.44899 7.55007
      vertex -16.0021 -8.6571 7.0403
    endloop
  endfacet
  facet normal -0.585234 -0.638648 0.49963
    outer loop
      vertex -15.794 -8.44899 7.55007
      vertex -15.4747 -9.14039 7.0403
      vertex -15.2666 -8.93228 7.55007
    endloop
  endfacet
  facet normal -0.427338 -0.866388 0.25837
    outer loop
      vertex -12.4461 -11.3735 6.49648
      vertex -13.0222 -11.2589 5.92791
      vertex -12.5044 -11.5143 5.92791
    endloop
  endfacet
  facet normal -0.669331 -0.426459 0.608382
    outer loop
      vertex -17.6917 -5.9758 7.55007
      vertex -16.997 -6.39995 8.01705
      vertex -17.3814 -5.79663 8.01705
    endloop
  endfacet
  facet normal -0.669322 -0.426342 0.608474
    outer loop
      vertex -16.997 -6.39995 8.01705
      vertex -17.6917 -5.9758 7.55007
      vertex -17.3074 -6.57912 7.55007
    endloop
  endfacet
  facet normal -0.915999 -0.379345 0.130549
    outer loop
      vertex -19.204 -4.52794 5.34431
      vertex -18.8593 -5.15944 5.92791
      vertex -19.133 -4.49854 5.92791
    endloop
  endfacet
  facet normal -0.916 -0.37934 0.130556
    outer loop
      vertex -18.8593 -5.15944 5.92791
      vertex -19.204 -4.52794 5.34431
      vertex -18.9303 -5.18885 5.34431
    endloop
  endfacet
  facet normal -0.532205 -0.466744 0.706334
    outer loop
      vertex -15.9855 -7.08208 8.43328
      vertex -16.3157 -7.33546 8.01705
      vertex -15.7296 -7.37387 8.43328
    endloop
  endfacet
  facet normal -0.369575 -0.892407 0.25889
    outer loop
      vertex -11.8435 -11.788 5.92791
      vertex -12.4461 -11.3735 6.49648
      vertex -12.5044 -11.5143 5.92791
    endloop
  endfacet
  facet normal -0.369705 -0.892396 0.258744
    outer loop
      vertex -12.4461 -11.3735 6.49648
      vertex -11.8435 -11.788 5.92791
      vertex -11.7852 -11.6473 6.49648
    endloop
  endfacet
  facet normal -0.180228 -0.906415 0.382007
    outer loop
      vertex -9.81849 -11.9788 7.0403
      vertex -9.87679 -12.1964 6.49648
      vertex -9.33011 -12.3051 6.49648
    endloop
  endfacet
  facet normal -0.0377806 -0.865419 0.499623
    outer loop
      vertex -8.06467 -12.2097 7.0403
      vertex -7.34999 -11.9466 7.55007
      vertex -8.06467 -11.9154 7.55007
    endloop
  endfacet
  facet normal -0.0377806 -0.865419 0.499623
    outer loop
      vertex -7.34999 -11.9466 7.55007
      vertex -8.06467 -12.2097 7.0403
      vertex -7.34999 -12.2409 7.0403
    endloop
  endfacet
  facet normal -0.318693 -0.938863 0.130276
    outer loop
      vertex -11.8435 -11.788 5.92791
      vertex -11.8729 -11.859 5.34431
      vertex -11.3167 -12.0478 5.34431
    endloop
  endfacet
  facet normal -0.351115 -0.712097 0.607977
    outer loop
      vertex -12.1102 -10.5624 8.01705
      vertex -12.5071 -10.3667 8.01705
      vertex -12.2473 -10.8935 7.55007
    endloop
  endfacet
  facet normal -0.0653765 0.997861 0
    outer loop
      vertex -8.06467 12.6641 5.15
      vertex -8.65078 12.6257 5.34431
      vertex -8.06467 12.6641 5.34431
    endloop
  endfacet
  facet normal -0.0653765 0.997861 0
    outer loop
      vertex -8.65078 12.6257 5.34431
      vertex -8.06467 12.6641 5.15
      vertex -8.65078 12.6257 5.15
    endloop
  endfacet
  facet normal -0.889185 0.438591 0.130339
    outer loop
      vertex -18.6705 5.71564 5.34431
      vertex -18.8593 5.15944 5.92791
      vertex -18.6039 5.67723 5.92791
    endloop
  endfacet
  facet normal -0.550786 0.824407 0.130339
    outer loop
      vertex -14.2985 10.6108 5.34431
      vertex -14.7869 10.2845 5.34431
      vertex -14.7401 10.2235 5.92791
    endloop
  endfacet
  facet normal -0.103577 0.78653 0.608804
    outer loop
      vertex -8.55305 11.8834 7.55007
      vertex -9.21552 11.4347 8.01705
      vertex -8.50627 11.5281 8.01705
    endloop
  endfacet
  facet normal -0.103578 0.786531 0.608803
    outer loop
      vertex -9.21552 11.4347 8.01705
      vertex -8.55305 11.8834 7.55007
      vertex -9.26229 11.79 7.55007
    endloop
  endfacet
  facet normal -0.351115 0.712097 0.607977
    outer loop
      vertex -12.2473 10.8935 7.55007
      vertex -12.5071 10.3667 8.01705
      vertex -12.1102 10.5624 8.01705
    endloop
  endfacet
  facet normal -0.195881 0.577206 0.792757
    outer loop
      vertex -10.8016 10.1253 8.79161
      vertex -11.29 10.4517 8.43328
      vertex -11.1113 10.0202 8.79161
    endloop
  endfacet
  facet normal -0.669837 0.730973 0.130373
    outer loop
      vertex -15.796 9.46173 5.34431
      vertex -16.2691 8.92411 5.92791
      vertex -15.7417 9.4074 5.92791
    endloop
  endfacet
  facet normal -0.669837 0.730973 0.130373
    outer loop
      vertex -16.2691 8.92411 5.92791
      vertex -15.796 9.46173 5.34431
      vertex -16.3234 8.97844 5.34431
    endloop
  endfacet
  facet normal -0.0603966 0.922212 0.381938
    outer loop
      vertex -8.06467 12.2097 7.0403
      vertex -8.62086 12.3985 6.49648
      vertex -8.59146 12.1752 7.0403
    endloop
  endfacet
  facet normal -0.318693 0.938863 0.130276
    outer loop
      vertex -11.3167 12.0478 5.34431
      vertex -11.8729 11.859 5.34431
      vertex -11.8435 11.788 5.92791
    endloop
  endfacet
  facet normal -0.0647468 0.989372 0.130198
    outer loop
      vertex -8.06467 12.6641 5.34431
      vertex -8.64075 12.5496 5.92791
      vertex -8.06467 12.5873 5.92791
    endloop
  endfacet
  facet normal -0.0432413 0.990503 0.130517
    outer loop
      vertex -7.34999 12.6954 5.34431
      vertex -8.06467 12.5873 5.92791
      vertex -7.34999 12.6185 5.92791
    endloop
  endfacet
  facet normal -0.0433806 0.990519 0.130349
    outer loop
      vertex -8.06467 12.5873 5.92791
      vertex -7.34999 12.6954 5.34431
      vertex -8.06467 12.6641 5.34431
    endloop
  endfacet
  facet normal 0 0.99143 0.130639
    outer loop
      vertex 7.34999 12.6954 5.34431
      vertex -2.35476 12.6185 5.92791
      vertex 7.34999 12.6185 5.92791
    endloop
  endfacet
  facet normal 0.000100045 0.991213 0.132274
    outer loop
      vertex -2.35476 12.6185 5.92791
      vertex 7.34999 12.6954 5.34431
      vertex -2.39643 12.6214 5.90621
    endloop
  endfacet
  facet normal -9.4887e-05 0.991651 0.128951
    outer loop
      vertex -2.39643 12.6214 5.90621
      vertex 7.34999 12.6954 5.34431
      vertex -2.44479 12.624 5.88618
    endloop
  endfacet
  facet normal 7.70759e-05 0.991249 0.132006
    outer loop
      vertex -2.44479 12.624 5.88618
      vertex 7.34999 12.6954 5.34431
      vertex -2.49471 12.6261 5.87044
    endloop
  endfacet
  facet normal 2.88331e-05 0.991367 0.131119
    outer loop
      vertex -2.49471 12.6261 5.87044
      vertex 7.34999 12.6954 5.34431
      vertex -2.54581 12.6276 5.85911
    endloop
  endfacet
  facet normal 2.58617e-06 0.991432 0.130623
    outer loop
      vertex -2.54581 12.6276 5.85911
      vertex 7.34999 12.6954 5.34431
      vertex -2.59771 12.6285 5.85228
    endloop
  endfacet
  facet normal -0 0.991439 0.130573
    outer loop
      vertex -7.34999 12.6954 5.34431
      vertex -2.59771 12.6285 5.85228
      vertex 7.34999 12.6954 5.34431
    endloop
  endfacet
  facet normal -0.000196013 0.991237 0.132093
    outer loop
      vertex -7.34999 12.6954 5.34431
      vertex -2.94524 12.6185 5.92791
      vertex -2.90357 12.6214 5.90621
    endloop
  endfacet
  facet normal 0.000181544 0.991624 0.129156
    outer loop
      vertex -7.34999 12.6954 5.34431
      vertex -2.90357 12.6214 5.90621
      vertex -2.85521 12.624 5.88618
    endloop
  endfacet
  facet normal -0.000142826 0.991276 0.131801
    outer loop
      vertex -7.34999 12.6954 5.34431
      vertex -2.85521 12.624 5.88618
      vertex -2.80529 12.6261 5.87044
    endloop
  endfacet
  facet normal -5.09245e-05 0.99138 0.131021
    outer loop
      vertex -7.34999 12.6954 5.34431
      vertex -2.80529 12.6261 5.87044
      vertex -2.75419 12.6276 5.85911
    endloop
  endfacet
  facet normal -4.19727e-06 0.991434 0.130611
    outer loop
      vertex -7.34999 12.6954 5.34431
      vertex -2.75419 12.6276 5.85911
      vertex -2.70229 12.6285 5.85228
    endloop
  endfacet
  facet normal 3.76209e-06 0.991443 0.130539
    outer loop
      vertex -7.34999 12.6954 5.34431
      vertex -2.70229 12.6285 5.85228
      vertex -2.65 12.6288 5.85
    endloop
  endfacet
  facet normal -8.88887e-06 0.991428 0.130655
    outer loop
      vertex -2.59771 12.6285 5.85228
      vertex -7.34999 12.6954 5.34431
      vertex -2.65 12.6288 5.85
    endloop
  endfacet
  facet normal 0 0.99143 0.130639
    outer loop
      vertex -2.94524 12.6185 5.92791
      vertex -7.34999 12.6954 5.34431
      vertex -7.34999 12.6185 5.92791
    endloop
  endfacet
  facet normal -0.0648207 0.989376 0.130126
    outer loop
      vertex -8.06467 12.6641 5.34431
      vertex -8.65078 12.6257 5.34431
      vertex -8.64075 12.5496 5.92791
    endloop
  endfacet
  facet normal 0.0421318 0.965088 0.258513
    outer loop
      vertex 8.06467 12.5873 5.92791
      vertex 7.34999 12.4662 6.49648
      vertex 8.06467 12.435 6.49648
    endloop
  endfacet
  facet normal 0.0421318 0.965088 0.258513
    outer loop
      vertex 7.34999 12.4662 6.49648
      vertex 8.06467 12.5873 5.92791
      vertex 7.34999 12.6185 5.92791
    endloop
  endfacet
  facet normal 0.063085 0.963979 0.258389
    outer loop
      vertex 8.64075 12.5496 5.92791
      vertex 8.06467 12.5873 5.92791
      vertex 8.62086 12.3985 6.49648
    endloop
  endfacet
  facet normal 0.129309 0.982971 0.130568
    outer loop
      vertex 8.65078 12.6257 5.34431
      vertex 9.34999 12.4562 5.92791
      vertex 9.36002 12.5324 5.34431
    endloop
  endfacet
  facet normal 0.129448 0.982974 0.130402
    outer loop
      vertex 9.34999 12.4562 5.92791
      vertex 8.65078 12.6257 5.34431
      vertex 8.64075 12.5496 5.92791
    endloop
  endfacet
  facet normal -0.0397049 0.608287 0.792724
    outer loop
      vertex -8.06467 10.6738 8.79161
      vertex -8.45194 11.1155 8.43328
      vertex -8.39099 10.6525 8.79161
    endloop
  endfacet
  facet normal -0.0218919 0.499863 0.865828
    outer loop
      vertex -8.06467 10.6738 8.79161
      vertex -7.34999 10.1953 9.08593
      vertex -7.34999 10.7051 8.79161
    endloop
  endfacet
  facet normal -0.0218252 0.499938 0.865786
    outer loop
      vertex -7.34999 10.1953 9.08593
      vertex -8.06467 10.6738 8.79161
      vertex -8.06467 10.1641 9.08593
    endloop
  endfacet
  facet normal 0.118923 -0.59786 0.79273
    outer loop
      vertex 9.42097 -10.4953 8.79161
      vertex 9.10023 -10.5591 8.79161
      vertex 9.16119 -11.0221 8.43328
    endloop
  endfacet
  facet normal 0.154836 -0.778755 0.60792
    outer loop
      vertex 9.64957 -11.3484 8.01705
      vertex 9.21552 -11.4347 8.01705
      vertex 9.74231 -11.6945 7.55007
    endloop
  endfacet
  facet normal 0.153071 -0.690627 0.706826
    outer loop
      vertex 10.2402 -10.7915 8.43328
      vertex 9.64957 -11.3484 8.01705
      vertex 10.348 -11.1936 8.01705
    endloop
  endfacet
  facet normal 0.1532 -0.690694 0.706733
    outer loop
      vertex 9.64957 -11.3484 8.01705
      vertex 10.2402 -10.7915 8.43328
      vertex 9.54184 -10.9464 8.43328
    endloop
  endfacet
  facet normal 0.260462 -0.82613 0.499668
    outer loop
      vertex 10.5169 -11.824 7.0403
      vertex 11.05 -11.3476 7.55007
      vertex 10.4407 -11.5397 7.55007
    endloop
  endfacet
  facet normal 0.260502 -0.826138 0.499634
    outer loop
      vertex 11.05 -11.3476 7.55007
      vertex 10.5169 -11.824 7.0403
      vertex 11.05 -11.6559 7.0403
    endloop
  endfacet
  facet normal 0.0112984 -0.258806 0.965863
    outer loop
      vertex 7.34999 -9.08289 9.46353
      vertex 8.06467 -9.62026 9.31118
      vertex 8.06467 -9.05169 9.46353
    endloop
  endfacet
  facet normal 0.0112984 -0.258806 0.965863
    outer loop
      vertex 8.06467 -9.62026 9.31118
      vertex 7.34999 -9.08289 9.46353
      vertex 7.34999 -9.65146 9.31118
    endloop
  endfacet
  facet normal 0.290525 0.921302 0.258451
    outer loop
      vertex 10.6146 12.1887 5.92791
      vertex 11.05 11.8919 6.49648
      vertex 11.05 12.0514 5.92791
    endloop
  endfacet
  facet normal 0.290479 0.921306 0.258489
    outer loop
      vertex 11.05 11.8919 6.49648
      vertex 10.6146 12.1887 5.92791
      vertex 10.5752 12.0416 6.49648
    endloop
  endfacet
  facet normal -0.427191 0.866512 0.258195
    outer loop
      vertex -12.4461 11.3735 6.49648
      vertex -13.0222 11.2589 5.92791
      vertex -12.9461 11.127 6.49648
    endloop
  endfacet
  facet normal -0.25661 -0.0337927 0.965924
    outer loop
      vertex -16.3892 -0.834255 9.46353
      vertex -16.8595 -1.61771 9.31118
      vertex -16.2958 -1.5435 9.46353
    endloop
  endfacet
  facet normal -0.256609 -0.0337929 0.965924
    outer loop
      vertex -16.8595 -1.61771 9.31118
      vertex -16.3892 -0.834255 9.46353
      vertex -16.9529 -0.908468 9.31118
    endloop
  endfacet
  facet normal -0.0794807 0.603542 0.79336
    outer loop
      vertex -8.45194 11.1155 8.43328
      vertex -9.10023 10.5591 8.79161
      vertex -8.39099 10.6525 8.79161
    endloop
  endfacet
  facet normal -0.0794794 0.603542 0.79336
    outer loop
      vertex -9.10023 10.5591 8.79161
      vertex -8.45194 11.1155 8.43328
      vertex -9.16119 11.0221 8.43328
    endloop
  endfacet
  facet normal -0.0169603 0.258785 0.965786
    outer loop
      vertex -8.06467 9.62026 9.31118
      vertex -8.17926 9.04418 9.46353
      vertex -8.06467 9.05169 9.46353
    endloop
  endfacet
  facet normal -0.0169692 0.258787 0.965785
    outer loop
      vertex -8.06467 9.62026 9.31118
      vertex -8.25347 9.60788 9.31118
      vertex -8.17926 9.04418 9.46353
    endloop
  endfacet
  facet normal -0.123207 0.363018 0.9236
    outer loop
      vertex -10.6697 9.63295 9.08593
      vertex -10.7081 9.04683 9.31118
      vertex -10.5289 9.10765 9.31118
    endloop
  endfacet
  facet normal -0.499938 0.0218253 0.865786
    outer loop
      vertex -18.0188 0.719666 8.79161
      vertex -17.5403 0.00498962 9.08593
      vertex -17.5091 0.719666 9.08593
    endloop
  endfacet
  facet normal -0.499863 0.021892 0.865828
    outer loop
      vertex -17.5403 0.00498962 9.08593
      vertex -18.0188 0.719666 8.79161
      vertex -18.0501 0.00498962 8.79161
    endloop
  endfacet
  facet normal -0.670286 -0.227435 0.706392
    outer loop
      vertex -17.9214 -3.57749 8.43328
      vertex -18.3235 -3.68521 8.01705
      vertex -17.7967 -3.945 8.43328
    endloop
  endfacet
  facet normal -0.245501 -0.0835346 0.96579
    outer loop
      vertex -15.9035 -3.03677 9.46353
      vertex -16.3918 -3.3631 9.31118
      vertex -15.8665 -3.14551 9.46353
    endloop
  endfacet
  facet normal -0.461912 0.191363 0.866036
    outer loop
      vertex -17.0915 4.42719 8.79161
      vertex -16.8943 3.57121 9.08593
      vertex -16.6205 4.23211 9.08593
    endloop
  endfacet
  facet normal -0.462 0.191329 0.865996
    outer loop
      vertex -16.8943 3.57121 9.08593
      vertex -17.0915 4.42719 8.79161
      vertex -17.3652 3.76629 8.79161
    endloop
  endfacet
  facet normal -0.443845 -0.23111 0.865788
    outer loop
      vertex -16.9468 -4.72049 8.79161
      vertex -16.175 -5.10014 9.08593
      vertex -16.5054 -4.46561 9.08593
    endloop
  endfacet
  facet normal -0.443816 -0.231022 0.865827
    outer loop
      vertex -16.175 -5.10014 9.08593
      vertex -16.9468 -4.72049 8.79161
      vertex -16.6165 -5.35503 8.79161
    endloop
  endfacet
  facet normal 0.16905 -0.849828 0.499214
    outer loop
      vertex 9.74231 -11.6945 7.55007
      vertex 9.3007 -12.0818 7.0403
      vertex 9.81849 -11.9788 7.0403
    endloop
  endfacet
  facet normal 0 -0.922313 0.386444
    outer loop
      vertex -2.49471 -12.2454 7.02956
      vertex 7.34999 -12.2409 7.0403
      vertex -2.54316 -12.2409 7.0403
    endloop
  endfacet
  facet normal 6.3272e-06 -0.924367 0.381505
    outer loop
      vertex -2.44479 -12.2519 7.01381
      vertex 7.34999 -12.2409 7.0403
      vertex -2.49471 -12.2454 7.02956
    endloop
  endfacet
  facet normal 2.16605e-06 -0.923824 0.382818
    outer loop
      vertex -2.39643 -12.2602 6.99378
      vertex 7.34999 -12.2409 7.0403
      vertex -2.44479 -12.2519 7.01381
    endloop
  endfacet
  facet normal 4.9791e-06 -0.924032 0.382315
    outer loop
      vertex -2.35 -12.2702 6.96961
      vertex 7.34999 -12.2409 7.0403
      vertex -2.39643 -12.2602 6.99378
    endloop
  endfacet
  facet normal 1.31082e-05 -0.924426 0.381363
    outer loop
      vertex -2.30585 -12.2818 6.94149
      vertex 7.34999 -12.2409 7.0403
      vertex -2.35 -12.2702 6.96961
    endloop
  endfacet
  facet normal -3.6096e-06 -0.923849 0.382758
    outer loop
      vertex -2.26433 -12.295 6.90963
      vertex 7.34999 -12.2409 7.0403
      vertex -2.30585 -12.2818 6.94149
    endloop
  endfacet
  facet normal -1.96192e-05 -0.923432 0.383763
    outer loop
      vertex -2.22574 -12.3097 6.87426
      vertex 7.34999 -12.2409 7.0403
      vertex -2.26433 -12.295 6.90963
    endloop
  endfacet
  facet normal -4.05524e-06 -0.92375 0.382997
    outer loop
      vertex -2.19037 -12.3257 6.83567
      vertex 7.34999 -12.2409 7.0403
      vertex -2.22574 -12.3097 6.87426
    endloop
  endfacet
  facet normal 2.89112e-06 -0.923864 0.382721
    outer loop
      vertex -2.15851 -12.3429 6.79415
      vertex 7.34999 -12.2409 7.0403
      vertex -2.19037 -12.3257 6.83567
    endloop
  endfacet
  facet normal -2.69522e-06 -0.923788 0.382905
    outer loop
      vertex -2.13038 -12.3612 6.75
      vertex 7.34999 -12.2409 7.0403
      vertex -2.15851 -12.3429 6.79415
    endloop
  endfacet
  facet normal 2.43201e-05 -0.9241 0.382152
    outer loop
      vertex -2.10621 -12.3804 6.70357
      vertex 7.34999 -12.2409 7.0403
      vertex -2.13038 -12.3612 6.75
    endloop
  endfacet
  facet normal 2.31397e-05 -0.924088 0.38218
    outer loop
      vertex -2.08618 -12.4004 6.65521
      vertex 7.34999 -12.2409 7.0403
      vertex -2.10621 -12.3804 6.70357
    endloop
  endfacet
  facet normal -1.76629e-05 -0.923735 0.383033
    outer loop
      vertex -2.07044 -12.4211 6.60529
      vertex 7.34999 -12.2409 7.0403
      vertex -2.08618 -12.4004 6.65521
    endloop
  endfacet
  facet normal -2.65754e-05 -0.923666 0.383198
    outer loop
      vertex -2.05911 -12.4423 6.55419
      vertex 7.34999 -12.2409 7.0403
      vertex -2.07044 -12.4211 6.60529
    endloop
  endfacet
  facet normal 2.43344e-06 -0.923865 0.382719
    outer loop
      vertex -2.05228 -12.4638 6.50229
      vertex 7.34999 -12.2409 7.0403
      vertex -2.05911 -12.4423 6.55419
    endloop
  endfacet
  facet normal 0 -0.924249 0.38179
    outer loop
      vertex 7.34999 -12.4662 6.49648
      vertex -2.05228 -12.4638 6.50229
      vertex -2.05203 -12.4662 6.49648
    endloop
  endfacet
  facet normal 6.9111e-07 -0.923854 0.382745
    outer loop
      vertex -2.05228 -12.4638 6.50229
      vertex 7.34999 -12.4662 6.49648
      vertex 7.34999 -12.2409 7.0403
    endloop
  endfacet
  facet normal 0 -0.922313 0.386444
    outer loop
      vertex -7.34999 -12.2409 7.0403
      vertex -2.80529 -12.2454 7.02956
      vertex -2.75683 -12.2409 7.0403
    endloop
  endfacet
  facet normal -1.3651e-05 -0.924359 0.381525
    outer loop
      vertex -7.34999 -12.2409 7.0403
      vertex -2.85521 -12.2519 7.01381
      vertex -2.80529 -12.2454 7.02956
    endloop
  endfacet
  facet normal -4.68429e-06 -0.923822 0.382823
    outer loop
      vertex -7.34999 -12.2409 7.0403
      vertex -2.90357 -12.2602 6.99378
      vertex -2.85521 -12.2519 7.01381
    endloop
  endfacet
  facet normal -1.07971e-05 -0.924028 0.382324
    outer loop
      vertex -7.34999 -12.2409 7.0403
      vertex -2.95 -12.2702 6.96961
      vertex -2.90357 -12.2602 6.99378
    endloop
  endfacet
  facet normal -2.85089e-05 -0.924417 0.381383
    outer loop
      vertex -7.34999 -12.2409 7.0403
      vertex -2.99415 -12.2818 6.94149
      vertex -2.95 -12.2702 6.96961
    endloop
  endfacet
  facet normal 7.87551e-06 -0.923851 0.382753
    outer loop
      vertex -7.34999 -12.2409 7.0403
      vertex -3.03567 -12.295 6.90963
      vertex -2.99415 -12.2818 6.94149
    endloop
  endfacet
  facet normal 4.29502e-05 -0.923441 0.383741
    outer loop
      vertex -7.34999 -12.2409 7.0403
      vertex -3.07426 -12.3097 6.87426
      vertex -3.03567 -12.295 6.90963
    endloop
  endfacet
  facet normal 8.90919e-06 -0.923751 0.382993
    outer loop
      vertex -7.34999 -12.2409 7.0403
      vertex -3.10963 -12.3257 6.83567
      vertex -3.07426 -12.3097 6.87426
    endloop
  endfacet
  facet normal -6.37568e-06 -0.923863 0.382723
    outer loop
      vertex -7.34999 -12.2409 7.0403
      vertex -3.14149 -12.3429 6.79415
      vertex -3.10963 -12.3257 6.83567
    endloop
  endfacet
  facet normal 5.9676e-06 -0.923789 0.382903
    outer loop
      vertex -7.34999 -12.2409 7.0403
      vertex -3.16961 -12.3612 6.75
      vertex -3.14149 -12.3429 6.79415
    endloop
  endfacet
  facet normal -5.40778e-05 -0.924094 0.382165
    outer loop
      vertex -7.34999 -12.2409 7.0403
      vertex -3.19378 -12.3804 6.70357
      vertex -3.16961 -12.3612 6.75
    endloop
  endfacet
  facet normal -5.16891e-05 -0.924084 0.38219
    outer loop
      vertex -7.34999 -12.2409 7.0403
      vertex -3.21381 -12.4004 6.65521
      vertex -3.19378 -12.3804 6.70357
    endloop
  endfacet
  facet normal 3.96496e-05 -0.923737 0.383027
    outer loop
      vertex -7.34999 -12.2409 7.0403
      vertex -3.22956 -12.4211 6.60529
      vertex -3.21381 -12.4004 6.65521
    endloop
  endfacet
  facet normal 5.99781e-05 -0.923669 0.383192
    outer loop
      vertex -7.34999 -12.2409 7.0403
      vertex -3.24088 -12.4423 6.55419
      vertex -3.22956 -12.4211 6.60529
    endloop
  endfacet
  facet normal -5.52388e-06 -0.923865 0.382719
    outer loop
      vertex -7.34999 -12.2409 7.0403
      vertex -3.24772 -12.4638 6.50229
      vertex -3.24088 -12.4423 6.55419
    endloop
  endfacet
  facet normal -1.584e-06 -0.923854 0.382745
    outer loop
      vertex -7.34999 -12.4662 6.49648
      vertex -3.24772 -12.4638 6.50229
      vertex -7.34999 -12.2409 7.0403
    endloop
  endfacet
  facet normal 0 -0.924249 0.38179
    outer loop
      vertex -3.24772 -12.4638 6.50229
      vertex -7.34999 -12.4662 6.49648
      vertex -3.24797 -12.4662 6.49648
    endloop
  endfacet
  facet normal -0.126111 -0.957635 0.258905
    outer loop
      vertex -8.64075 -12.5496 5.92791
      vertex -9.33011 -12.3051 6.49648
      vertex -9.34999 -12.4562 5.92791
    endloop
  endfacet
  facet normal -0.126109 -0.957634 0.258907
    outer loop
      vertex -9.33011 -12.3051 6.49648
      vertex -8.64075 -12.5496 5.92791
      vertex -8.62086 -12.3985 6.49648
    endloop
  endfacet
  facet normal 0.126111 0.957635 0.258905
    outer loop
      vertex 8.64075 12.5496 5.92791
      vertex 9.33011 12.3051 6.49648
      vertex 9.34999 12.4562 5.92791
    endloop
  endfacet
  facet normal 0.126109 0.957634 0.258907
    outer loop
      vertex 9.33011 12.3051 6.49648
      vertex 8.64075 12.5496 5.92791
      vertex 8.62086 12.3985 6.49648
    endloop
  endfacet
  facet normal 0.188396 0.947493 0.258388
    outer loop
      vertex 9.34999 12.4562 5.92791
      vertex 9.33011 12.3051 6.49648
      vertex 9.87679 12.1964 6.49648
    endloop
  endfacet
  facet normal 0.180308 0.906426 0.381942
    outer loop
      vertex 9.33011 12.3051 6.49648
      vertex 9.3007 12.0818 7.0403
      vertex 9.81849 11.9788 7.0403
    endloop
  endfacet
  facet normal -0.114707 -0.232593 0.965786
    outer loop
      vertex -11.2544 -8.197 9.46353
      vertex -11.5387 -8.68939 9.31118
      vertex -11.369 -8.77308 9.31118
    endloop
  endfacet
  facet normal 0.146442 -0.353541 0.923885
    outer loop
      vertex 10.7081 -9.04683 9.31118
      vertex 11.05 -9.49384 9.08593
      vertex 11.05 -8.90521 9.31118
    endloop
  endfacet
  facet normal 0.146438 -0.353544 0.923884
    outer loop
      vertex 11.05 -9.49384 9.08593
      vertex 10.7081 -9.04683 9.31118
      vertex 10.9162 -9.54926 9.08593
    endloop
  endfacet
  facet normal -0.997861 0.0653761 0
    outer loop
      vertex -20.0091 0.719666 5.15
      vertex -19.9707 1.30578 5.34431
      vertex -19.9707 1.30578 5.15
    endloop
  endfacet
  facet normal -0.997861 0.0653761 0
    outer loop
      vertex -19.9707 1.30578 5.34431
      vertex -20.0091 0.719666 5.15
      vertex -20.0091 0.719666 5.34431
    endloop
  endfacet
  facet normal -0.896862 -0.44231 0
    outer loop
      vertex -18.6705 -5.71564 5.15
      vertex -18.9303 -5.18885 5.34431
      vertex -18.9303 -5.18885 5.15
    endloop
  endfacet
  facet normal -0.896862 -0.44231 0
    outer loop
      vertex -18.9303 -5.18885 5.34431
      vertex -18.6705 -5.71564 5.15
      vertex -18.6705 -5.71564 5.34431
    endloop
  endfacet
  facet normal -0.819606 -0.426633 0.3824
    outer loop
      vertex -18.472 -5.60105 6.49648
      vertex -17.9466 -6.12296 7.0403
      vertex -18.2769 -5.48842 7.0403
    endloop
  endfacet
  facet normal -0.819606 -0.426633 0.3824
    outer loop
      vertex -17.9466 -6.12296 7.0403
      vertex -18.472 -5.60105 6.49648
      vertex -18.1417 -6.23559 6.49648
    endloop
  endfacet
  facet normal -0.193379 -0.972443 0.130226
    outer loop
      vertex -9.91622 -12.3436 5.92791
      vertex -9.9361 -12.4178 5.34431
      vertex -9.34999 -12.4562 5.92791
    endloop
  endfacet
  facet normal -0.902103 -0.199951 0.3824
    outer loop
      vertex -19.5414 -2.53179 6.49648
      vertex -19.169 -3.17188 7.0403
      vertex -19.3238 -2.47348 7.0403
    endloop
  endfacet
  facet normal -0.902104 -0.199954 0.382397
    outer loop
      vertex -19.169 -3.17188 7.0403
      vertex -19.5414 -2.53179 6.49648
      vertex -19.3866 -3.23018 6.49648
    endloop
  endfacet
  facet normal -0.546701 -0.269716 0.792699
    outer loop
      vertex -17.0915 -4.42719 8.79161
      vertex -17.5229 -4.6059 8.43328
      vertex -16.9468 -4.72049 8.79161
    endloop
  endfacet
  facet normal -0.922212 0.0603961 0.381938
    outer loop
      vertex -19.5202 1.24646 7.0403
      vertex -19.7435 1.27586 6.49648
      vertex -19.5547 0.719666 7.0403
    endloop
  endfacet
  facet normal -0.858611 -0.113069 0.500003
    outer loop
      vertex -19.5202 -1.24646 7.0403
      vertex -19.135 -1.91729 7.55007
      vertex -19.2284 -1.20804 7.55007
    endloop
  endfacet
  facet normal -0.858611 -0.113071 0.500002
    outer loop
      vertex -19.135 -1.91729 7.55007
      vertex -19.5202 -1.24646 7.0403
      vertex -19.4268 -1.9557 7.0403
    endloop
  endfacet
  facet normal -0.849829 0.169053 0.499212
    outer loop
      vertex -19.3238 2.47348 7.0403
      vertex -19.4268 1.9557 7.0403
      vertex -19.0395 2.39731 7.55007
    endloop
  endfacet
  facet normal -0.864633 -0.0566538 0.499199
    outer loop
      vertex -19.2604 -0.719666 7.55007
      vertex -19.5202 -1.24646 7.0403
      vertex -19.2284 -1.20804 7.55007
    endloop
  endfacet
  facet normal -0.792242 0.0520263 0.607985
    outer loop
      vertex -18.8731 1.16127 8.01705
      vertex -19.2284 1.20804 7.55007
      vertex -18.9021 0.719666 8.01705
    endloop
  endfacet
  facet normal -0.826136 0.260465 0.499657
    outer loop
      vertex -19.169 3.17188 7.0403
      vertex -18.6696 3.77796 7.55007
      vertex -18.9539 3.85413 7.0403
    endloop
  endfacet
  facet normal -0.826135 0.26046 0.499661
    outer loop
      vertex -18.6696 3.77796 7.55007
      vertex -19.169 3.17188 7.0403
      vertex -18.8847 3.0957 7.55007
    endloop
  endfacet
  facet normal -0.39672 -0.304358 0.866013
    outer loop
      vertex -15.646 -5.91993 9.08593
      vertex -15.615 -6.79779 8.79161
      vertex -15.2106 -6.48746 9.08593
    endloop
  endfacet
  facet normal -0.39664 -0.304366 0.866047
    outer loop
      vertex -15.615 -6.79779 8.79161
      vertex -15.646 -5.91993 9.08593
      vertex -16.0505 -6.23026 8.79161
    endloop
  endfacet
  facet normal -0.427191 -0.866512 0.258195
    outer loop
      vertex -12.9461 -11.127 6.49648
      vertex -13.0222 -11.2589 5.92791
      vertex -12.4461 -11.3735 6.49648
    endloop
  endfacet
  facet normal -0.214682 -0.967942 0.130386
    outer loop
      vertex -9.9361 -12.4178 5.34431
      vertex -10.6146 -12.1887 5.92791
      vertex -10.6345 -12.2629 5.34431
    endloop
  endfacet
  facet normal -0.214688 -0.967941 0.130379
    outer loop
      vertex -10.6146 -12.1887 5.92791
      vertex -9.9361 -12.4178 5.34431
      vertex -9.91622 -12.3436 5.92791
    endloop
  endfacet
  facet normal -0.180308 -0.906426 0.381942
    outer loop
      vertex -9.3007 -12.0818 7.0403
      vertex -9.81849 -11.9788 7.0403
      vertex -9.33011 -12.3051 6.49648
    endloop
  endfacet
  facet normal -0.0250826 -0.382519 0.923607
    outer loop
      vertex -8.25347 -9.60788 9.31118
      vertex -8.32445 -10.1471 9.08593
      vertex -8.06467 -9.62026 9.31118
    endloop
  endfacet
  facet normal -0.103578 -0.786531 0.608803
    outer loop
      vertex -8.55305 -11.8834 7.55007
      vertex -9.21552 -11.4347 8.01705
      vertex -9.26229 -11.79 7.55007
    endloop
  endfacet
  facet normal -0.103577 -0.78653 0.608804
    outer loop
      vertex -9.21552 -11.4347 8.01705
      vertex -8.55305 -11.8834 7.55007
      vertex -8.50627 -11.5281 8.01705
    endloop
  endfacet
  facet normal 0.0520267 -0.792241 0.607986
    outer loop
      vertex 8.50627 -11.5281 8.01705
      vertex 8.06467 -11.5571 8.01705
      vertex 8.55305 -11.8834 7.55007
    endloop
  endfacet
  facet normal 0.0463894 -0.706398 0.706293
    outer loop
      vertex 8.45194 -11.1155 8.43328
      vertex 8.06467 -11.5571 8.01705
      vertex 8.50627 -11.5281 8.01705
    endloop
  endfacet
  facet normal 0 -0.707047 0.707166
    outer loop
      vertex -7.34999 -11.5883 8.01705
      vertex 7.34999 -11.172 8.43328
      vertex -7.34999 -11.172 8.43328
    endloop
  endfacet
  facet normal 0 -0.707047 0.707166
    outer loop
      vertex 7.34999 -11.172 8.43328
      vertex -7.34999 -11.5883 8.01705
      vertex 7.34999 -11.5883 8.01705
    endloop
  endfacet
  facet normal -0.303636 -0.732917 0.6088
    outer loop
      vertex -11.5864 -11.1673 7.55007
      vertex -12.1102 -10.5624 8.01705
      vertex -12.2473 -10.8935 7.55007
    endloop
  endfacet
  facet normal -0.303636 -0.732917 0.6088
    outer loop
      vertex -12.1102 -10.5624 8.01705
      vertex -11.5864 -11.1673 7.55007
      vertex -11.4493 -10.8362 8.01705
    endloop
  endfacet
  facet normal -0.466708 -0.532203 0.706359
    outer loop
      vertex -14.4271 -8.64048 8.43328
      vertex -14.7189 -8.38459 8.43328
      vertex -14.6805 -8.9707 8.01705
    endloop
  endfacet
  facet normal -0.571321 -0.651433 0.499226
    outer loop
      vertex -14.8986 -9.25498 7.55007
      vertex -15.4747 -9.14039 7.0403
      vertex -15.0778 -9.48848 7.0403
    endloop
  endfacet
  facet normal -0.527144 -0.687089 0.500028
    outer loop
      vertex -14.5102 -9.92395 7.0403
      vertex -14.8986 -9.25498 7.55007
      vertex -15.0778 -9.48848 7.0403
    endloop
  endfacet
  facet normal -0.527229 -0.68708 0.499951
    outer loop
      vertex -14.8986 -9.25498 7.55007
      vertex -14.5102 -9.92395 7.0403
      vertex -14.3311 -9.69045 7.55007
    endloop
  endfacet
  facet normal -0.536821 -0.803223 0.258179
    outer loop
      vertex -14.6474 -10.1027 6.49648
      vertex -14.7401 -10.2235 5.92791
      vertex -14.2601 -10.5443 5.92791
    endloop
  endfacet
  facet normal -0.195863 -0.577224 0.792748
    outer loop
      vertex -10.8016 -10.1253 8.79161
      vertex -11.29 -10.4517 8.43328
      vertex -10.9225 -10.5764 8.43328
    endloop
  endfacet
  facet normal -0.370623 -0.482993 0.79332
    outer loop
      vertex -14.1428 -8.27 8.79161
      vertex -13.8595 -9.07595 8.43328
      vertex -13.5753 -8.70547 8.79161
    endloop
  endfacet
  facet normal -0.370552 -0.482985 0.793358
    outer loop
      vertex -13.8595 -9.07595 8.43328
      vertex -14.1428 -8.27 8.79161
      vertex -14.4271 -8.64048 8.43328
    endloop
  endfacet
  facet normal -0.00569807 -0.130522 0.991429
    outer loop
      vertex -8.06467 -9.05169 9.46353
      vertex -7.34999 -8.4993 9.54036
      vertex -8.06467 -8.4681 9.54036
    endloop
  endfacet
  facet normal -0.00569807 -0.130522 0.991429
    outer loop
      vertex -7.34999 -8.4993 9.54036
      vertex -8.06467 -9.05169 9.46353
      vertex -7.34999 -9.08289 9.46353
    endloop
  endfacet
  facet normal -0.0652821 -0.495732 0.866019
    outer loop
      vertex -9.0337 -10.0537 9.08593
      vertex -8.39099 -10.6525 8.79161
      vertex -8.32445 -10.1471 9.08593
    endloop
  endfacet
  facet normal -0.0652831 -0.495732 0.866018
    outer loop
      vertex -8.39099 -10.6525 8.79161
      vertex -9.0337 -10.0537 9.08593
      vertex -9.10023 -10.5591 8.79161
    endloop
  endfacet
  facet normal -0.629391 -0.482961 0.608782
    outer loop
      vertex -17.0355 -6.98606 7.55007
      vertex -16.3157 -7.33546 8.01705
      vertex -16.7512 -6.76792 8.01705
    endloop
  endfacet
  facet normal -0.629391 -0.482961 0.608782
    outer loop
      vertex -16.3157 -7.33546 8.01705
      vertex -17.0355 -6.98606 7.55007
      vertex -16.6 -7.5536 7.55007
    endloop
  endfacet
  facet normal -0.0833528 0.245591 0.965783
    outer loop
      vertex -10.5289 9.10765 9.31118
      vertex -10.7081 9.04683 9.31118
      vertex -10.3818 8.55846 9.46353
    endloop
  endfacet
  facet normal -0.252724 0.288254 0.923602
    outer loop
      vertex -13.5014 7.43413 9.31118
      vertex -13.8325 7.86557 9.08593
      vertex -13.6437 7.30937 9.31118
    endloop
  endfacet
  facet normal -0.049952 -0.120592 0.991445
    outer loop
      vertex -10.9281 -7.70862 9.54036
      vertex -10.4905 -8.52154 9.46353
      vertex -10.2672 -7.98238 9.54036
    endloop
  endfacet
  facet normal -0.0499497 -0.120591 0.991445
    outer loop
      vertex -10.4905 -8.52154 9.46353
      vertex -10.9281 -7.70862 9.54036
      vertex -11.1514 -8.24779 9.46353
    endloop
  endfacet
  facet normal -0.60879 -0.793332 0
    outer loop
      vertex -15.3544 -9.84901 5.25
      vertex -14.7869 -10.2845 5.34431
      vertex -15.3544 -9.84901 5.34431
    endloop
  endfacet
  facet normal -0.60879 -0.793332 -0
    outer loop
      vertex -14.7869 -10.2845 5.34431
      vertex -15.3544 -9.84901 5.25
      vertex -14.7869 -10.2845 5.25
    endloop
  endfacet
  facet normal -0.596937 -0.523498 0.60796
    outer loop
      vertex -16.3157 -7.33546 8.01705
      vertex -16.6 -7.5536 7.55007
      vertex -16.2773 -7.92157 7.55007
    endloop
  endfacet
  facet normal -0.653733 -0.745425 0.130288
    outer loop
      vertex -15.3076 -9.78805 5.92791
      vertex -15.796 -9.46173 5.34431
      vertex -15.3544 -9.84901 5.34431
    endloop
  endfacet
  facet normal -0.442304 -0.896865 0
    outer loop
      vertex -13.0606 -11.3255 5.25
      vertex -12.5338 -11.5853 5.34431
      vertex -13.0606 -11.3255 5.34431
    endloop
  endfacet
  facet normal -0.442304 -0.896865 -0
    outer loop
      vertex -12.5338 -11.5853 5.34431
      vertex -13.0606 -11.3255 5.25
      vertex -12.5338 -11.5853 5.25
    endloop
  endfacet
  facet normal -0.828864 -0.40876 0.381968
    outer loop
      vertex -18.5104 -5.01494 7.0403
      vertex -18.7185 -5.10114 6.49648
      vertex -18.2769 -5.48842 7.0403
    endloop
  endfacet
  facet normal -0.745397 -0.653779 0.130217
    outer loop
      vertex -16.7524 -8.39669 5.92791
      vertex -17.1331 -7.96264 5.92791
      vertex -16.8067 -8.45102 5.34431
    endloop
  endfacet
  facet normal -0.636932 -0.726368 0.258278
    outer loop
      vertex -15.634 -9.29967 6.49648
      vertex -15.7417 -9.4074 5.92791
      vertex -15.3076 -9.78805 5.92791
    endloop
  endfacet
  facet normal -0.523496 -0.596983 0.607917
    outer loop
      vertex -14.6805 -8.9707 8.01705
      vertex -15.2666 -8.93228 7.55007
      vertex -14.8986 -9.25498 7.55007
    endloop
  endfacet
  facet normal -0.482944 -0.370592 0.793364
    outer loop
      vertex -16.0505 -6.23026 8.79161
      vertex -15.9855 -7.08208 8.43328
      vertex -15.615 -6.79779 8.79161
    endloop
  endfacet
  facet normal -0.482951 -0.370591 0.79336
    outer loop
      vertex -15.9855 -7.08208 8.43328
      vertex -16.0505 -6.23026 8.79161
      vertex -16.421 -6.51454 8.43328
    endloop
  endfacet
  facet normal 0.000456091 -0.864175 0.503191
    outer loop
      vertex -2.59771 -12.2366 7.04772
      vertex -7.34999 -11.9466 7.55007
      vertex -2.65 -12.2353 7.05
    endloop
  endfacet
  facet normal -0.000191517 -0.866815 0.498629
    outer loop
      vertex -7.34999 -11.9466 7.55007
      vertex -2.70229 -12.2366 7.04772
      vertex -2.65 -12.2353 7.05
    endloop
  endfacet
  facet normal 0.000385469 -0.864501 0.502631
    outer loop
      vertex -7.34999 -11.9466 7.55007
      vertex -2.75419 -12.2406 7.04088
      vertex -2.70229 -12.2366 7.04772
    endloop
  endfacet
  facet normal 0 -0.866037 0.49998
    outer loop
      vertex -2.75683 -12.2409 7.0403
      vertex -7.34999 -11.9466 7.55007
      vertex -7.34999 -12.2409 7.0403
    endloop
  endfacet
  facet normal -0.00390206 -0.880853 0.473375
    outer loop
      vertex -7.34999 -11.9466 7.55007
      vertex -2.75683 -12.2409 7.0403
      vertex -2.75419 -12.2406 7.04088
    endloop
  endfacet
  facet normal 0 -0.866049 0.499959
    outer loop
      vertex -7.34999 -11.9466 7.55007
      vertex -2.59771 -12.2366 7.04772
      vertex 7.34999 -11.9466 7.55007
    endloop
  endfacet
  facet normal -0.000236856 -0.864011 0.503473
    outer loop
      vertex -2.54581 -12.2406 7.04088
      vertex 7.34999 -11.9466 7.55007
      vertex -2.59771 -12.2366 7.04772
    endloop
  endfacet
  facet normal 0.0022152 -0.884049 0.467388
    outer loop
      vertex -2.54316 -12.2409 7.0403
      vertex 7.34999 -11.9466 7.55007
      vertex -2.54581 -12.2406 7.04088
    endloop
  endfacet
  facet normal 0 -0.866037 0.49998
    outer loop
      vertex 7.34999 -11.9466 7.55007
      vertex -2.54316 -12.2409 7.0403
      vertex 7.34999 -12.2409 7.0403
    endloop
  endfacet
  facet normal -0.383255 -0.777132 0.499181
    outer loop
      vertex -12.6863 -10.677 7.55007
      vertex -12.8334 -10.9319 7.0403
      vertex -12.2473 -10.8935 7.55007
    endloop
  endfacet
  facet normal -0.426658 -0.819602 0.38238
    outer loop
      vertex -12.9461 -11.127 6.49648
      vertex -13.468 -10.6016 7.0403
      vertex -13.5806 -10.7967 6.49648
    endloop
  endfacet
  facet normal -0.426593 -0.819606 0.382446
    outer loop
      vertex -13.468 -10.6016 7.0403
      vertex -12.9461 -11.127 6.49648
      vertex -12.8334 -10.9319 7.0403
    endloop
  endfacet
  facet normal -0.669837 -0.730973 0.130373
    outer loop
      vertex -15.796 -9.46173 5.34431
      vertex -16.2691 -8.92411 5.92791
      vertex -16.3234 -8.97844 5.34431
    endloop
  endfacet
  facet normal -0.669837 -0.730973 0.130373
    outer loop
      vertex -16.2691 -8.92411 5.92791
      vertex -15.796 -9.46173 5.34431
      vertex -15.7417 -9.4074 5.92791
    endloop
  endfacet
  facet normal -0.318788 0.938843 0.130182
    outer loop
      vertex -11.3167 12.0478 5.34431
      vertex -11.8435 11.788 5.92791
      vertex -11.2969 11.9736 5.92791
    endloop
  endfacet
  facet normal -0.438534 0.889222 0.130274
    outer loop
      vertex -12.5338 11.5853 5.34431
      vertex -13.0606 11.3255 5.34431
      vertex -12.5044 11.5143 5.92791
    endloop
  endfacet
  facet normal -0.879437 0.457778 0.130498
    outer loop
      vertex -18.6705 5.71564 5.34431
      vertex -18.2736 6.31176 5.92791
      vertex -18.3402 6.35018 5.34431
    endloop
  endfacet
  facet normal -0.879435 0.457784 0.13049
    outer loop
      vertex -18.2736 6.31176 5.92791
      vertex -18.6705 5.71564 5.34431
      vertex -18.6039 5.67723 5.92791
    endloop
  endfacet
  facet normal -0.896862 0.44231 0
    outer loop
      vertex -18.9303 5.18885 5.15
      vertex -18.6705 5.71564 5.34431
      vertex -18.6705 5.71564 5.15
    endloop
  endfacet
  facet normal -0.896862 0.44231 0
    outer loop
      vertex -18.6705 5.71564 5.34431
      vertex -18.9303 5.18885 5.15
      vertex -18.9303 5.18885 5.34431
    endloop
  endfacet
  facet normal -0.737456 0.675396 0
    outer loop
      vertex -16.75 8.51293 5.15
      vertex -16.8067 8.45102 5.15
      vertex -16.75 8.51293 5.25
    endloop
  endfacet
  facet normal -0.737247 0.675624 0
    outer loop
      vertex -16.75 8.51293 5.25
      vertex -16.3234 8.97844 5.34431
      vertex -16.3234 8.97844 5.25
    endloop
  endfacet
  facet normal -0.737271 0.675597 0.000242921
    outer loop
      vertex -16.75 8.51293 5.25
      vertex -16.8067 8.45102 5.34431
      vertex -16.3234 8.97844 5.34431
    endloop
  endfacet
  facet normal -0.737456 0.675396 0
    outer loop
      vertex -16.8067 8.45102 5.34431
      vertex -16.75 8.51293 5.25
      vertex -16.8067 8.45102 5.15
    endloop
  endfacet
  facet normal -0.938861 0.318698 0.130276
    outer loop
      vertex -19.204 4.52794 5.34431
      vertex -19.3928 3.97175 5.34431
      vertex -19.133 4.49854 5.92791
    endloop
  endfacet
  facet normal -0.889218 0.438541 0.130281
    outer loop
      vertex -18.6705 5.71564 5.34431
      vertex -18.9303 5.18885 5.34431
      vertex -18.8593 5.15944 5.92791
    endloop
  endfacet
  facet normal -0.216531 0.976276 0
    outer loop
      vertex -9.9361 12.4178 5.15
      vertex -10.6345 12.2629 5.34431
      vertex -9.9361 12.4178 5.34431
    endloop
  endfacet
  facet normal -0.216531 0.976276 0
    outer loop
      vertex -10.6345 12.2629 5.34431
      vertex -9.9361 12.4178 5.15
      vertex -10.6345 12.2629 5.15
    endloop
  endfacet
  facet normal -0.193444 0.972421 0.130293
    outer loop
      vertex -9.36002 12.5324 5.34431
      vertex -9.9361 12.4178 5.34431
      vertex -9.34999 12.4562 5.92791
    endloop
  endfacet
  facet normal -0.227595 0.670311 0.706317
    outer loop
      vertex -11.0302 10.9785 8.01705
      vertex -11.4493 10.8362 8.01705
      vertex -11.29 10.4517 8.43328
    endloop
  endfacet
  facet normal -0.297077 0.875126 0.381968
    outer loop
      vertex -11.1991 11.6089 7.0403
      vertex -11.7852 11.6473 6.49648
      vertex -11.699 11.4392 7.0403
    endloop
  endfacet
  facet normal -0.313013 0.634963 0.706289
    outer loop
      vertex -11.9509 10.1779 8.43328
      vertex -12.5071 10.3667 8.01705
      vertex -12.299 10.0063 8.43328
    endloop
  endfacet
  facet normal -0.115161 0.365259 0.923755
    outer loop
      vertex -10.6697 9.63295 9.08593
      vertex -9.84668 9.32277 9.31118
      vertex -9.98743 9.84806 9.08593
    endloop
  endfacet
  facet normal -0.115169 0.365242 0.923761
    outer loop
      vertex -9.84668 9.32277 9.31118
      vertex -10.6697 9.63295 9.08593
      vertex -10.5289 9.10765 9.31118
    endloop
  endfacet
  facet normal -0.108306 0.488501 0.865815
    outer loop
      vertex -9.42097 10.4953 8.79161
      vertex -9.98743 9.84806 9.08593
      vertex -9.28904 10.0029 9.08593
    endloop
  endfacet
  facet normal -0.108266 0.488475 0.865835
    outer loop
      vertex -9.98743 9.84806 9.08593
      vertex -9.42097 10.4953 8.79161
      vertex -10.1194 10.3405 8.79161
    endloop
  endfacet
  facet normal -0.0977211 0.491183 0.865558
    outer loop
      vertex -9.0337 10.0537 9.08593
      vertex -9.42097 10.4953 8.79161
      vertex -9.28904 10.0029 9.08593
    endloop
  endfacet
  facet normal -0.277855 0.881232 0.382397
    outer loop
      vertex -10.5752 12.0416 6.49648
      vertex -11.1991 11.6089 7.0403
      vertex -10.5169 11.824 7.0403
    endloop
  endfacet
  facet normal -0.277855 0.881232 0.382397
    outer loop
      vertex -11.1991 11.6089 7.0403
      vertex -10.5752 12.0416 6.49648
      vertex -11.2574 11.8265 6.49648
    endloop
  endfacet
  facet normal -0.310592 0.914789 0.258251
    outer loop
      vertex -11.2969 11.9736 5.92791
      vertex -11.7852 11.6473 6.49648
      vertex -11.2574 11.8265 6.49648
    endloop
  endfacet
  facet normal -0.29049 0.921303 0.258489
    outer loop
      vertex -10.6146 12.1887 5.92791
      vertex -11.2574 11.8265 6.49648
      vertex -10.5752 12.0416 6.49648
    endloop
  endfacet
  facet normal -0.290447 0.921303 0.258537
    outer loop
      vertex -11.2574 11.8265 6.49648
      vertex -10.6146 12.1887 5.92791
      vertex -11.2969 11.9736 5.92791
    endloop
  endfacet
  facet normal -0.321433 0.946932 0
    outer loop
      vertex -11.3167 12.0478 5.15
      vertex -11.8729 11.859 5.34431
      vertex -11.3167 12.0478 5.34431
    endloop
  endfacet
  facet normal -0.321433 0.946932 0
    outer loop
      vertex -11.8729 11.859 5.34431
      vertex -11.3167 12.0478 5.15
      vertex -11.8729 11.859 5.15
    endloop
  endfacet
  facet normal -0.0605169 0.922161 0.382043
    outer loop
      vertex -8.06467 12.435 6.49648
      vertex -8.62086 12.3985 6.49648
      vertex -8.06467 12.2097 7.0403
    endloop
  endfacet
  facet normal -0.063085 0.963979 0.258389
    outer loop
      vertex -8.06467 12.5873 5.92791
      vertex -8.64075 12.5496 5.92791
      vertex -8.62086 12.3985 6.49648
    endloop
  endfacet
  facet normal -0.16905 0.849828 0.499214
    outer loop
      vertex -9.3007 12.0818 7.0403
      vertex -9.81849 11.9788 7.0403
      vertex -9.74231 11.6945 7.55007
    endloop
  endfacet
  facet normal -0.23866 0.756923 0.608366
    outer loop
      vertex -10.4407 11.5397 7.55007
      vertex -11.0302 10.9785 8.01705
      vertex -10.348 11.1936 8.01705
    endloop
  endfacet
  facet normal -0.238621 0.756909 0.608399
    outer loop
      vertex -11.0302 10.9785 8.01705
      vertex -10.4407 11.5397 7.55007
      vertex -11.123 11.3246 7.55007
    endloop
  endfacet
  facet normal 0 0.922313 0.386444
    outer loop
      vertex -2.80529 12.2454 7.02956
      vertex -7.34999 12.2409 7.0403
      vertex -2.75683 12.2409 7.0403
    endloop
  endfacet
  facet normal -1.3651e-05 0.924359 0.381525
    outer loop
      vertex -2.85521 12.2519 7.01381
      vertex -7.34999 12.2409 7.0403
      vertex -2.80529 12.2454 7.02956
    endloop
  endfacet
  facet normal -4.68429e-06 0.923822 0.382823
    outer loop
      vertex -2.90357 12.2602 6.99378
      vertex -7.34999 12.2409 7.0403
      vertex -2.85521 12.2519 7.01381
    endloop
  endfacet
  facet normal -1.07971e-05 0.924028 0.382324
    outer loop
      vertex -2.95 12.2702 6.96961
      vertex -7.34999 12.2409 7.0403
      vertex -2.90357 12.2602 6.99378
    endloop
  endfacet
  facet normal -2.85089e-05 0.924417 0.381383
    outer loop
      vertex -2.99415 12.2818 6.94149
      vertex -7.34999 12.2409 7.0403
      vertex -2.95 12.2702 6.96961
    endloop
  endfacet
  facet normal 7.87551e-06 0.923851 0.382753
    outer loop
      vertex -3.03567 12.295 6.90963
      vertex -7.34999 12.2409 7.0403
      vertex -2.99415 12.2818 6.94149
    endloop
  endfacet
  facet normal 4.29502e-05 0.923441 0.383741
    outer loop
      vertex -3.07426 12.3097 6.87426
      vertex -7.34999 12.2409 7.0403
      vertex -3.03567 12.295 6.90963
    endloop
  endfacet
  facet normal 8.90919e-06 0.923751 0.382993
    outer loop
      vertex -3.10963 12.3257 6.83567
      vertex -7.34999 12.2409 7.0403
      vertex -3.07426 12.3097 6.87426
    endloop
  endfacet
  facet normal -6.37568e-06 0.923863 0.382723
    outer loop
      vertex -3.14149 12.3429 6.79415
      vertex -7.34999 12.2409 7.0403
      vertex -3.10963 12.3257 6.83567
    endloop
  endfacet
  facet normal 5.9676e-06 0.923789 0.382903
    outer loop
      vertex -3.16961 12.3612 6.75
      vertex -7.34999 12.2409 7.0403
      vertex -3.14149 12.3429 6.79415
    endloop
  endfacet
  facet normal -5.40778e-05 0.924094 0.382165
    outer loop
      vertex -3.19378 12.3804 6.70357
      vertex -7.34999 12.2409 7.0403
      vertex -3.16961 12.3612 6.75
    endloop
  endfacet
  facet normal -5.16891e-05 0.924084 0.38219
    outer loop
      vertex -3.21381 12.4004 6.65521
      vertex -7.34999 12.2409 7.0403
      vertex -3.19378 12.3804 6.70357
    endloop
  endfacet
  facet normal 3.96496e-05 0.923737 0.383027
    outer loop
      vertex -3.22956 12.4211 6.60529
      vertex -7.34999 12.2409 7.0403
      vertex -3.21381 12.4004 6.65521
    endloop
  endfacet
  facet normal 5.99781e-05 0.923669 0.383192
    outer loop
      vertex -3.24088 12.4423 6.55419
      vertex -7.34999 12.2409 7.0403
      vertex -3.22956 12.4211 6.60529
    endloop
  endfacet
  facet normal -5.52388e-06 0.923865 0.382719
    outer loop
      vertex -3.24772 12.4638 6.50229
      vertex -7.34999 12.2409 7.0403
      vertex -3.24088 12.4423 6.55419
    endloop
  endfacet
  facet normal -0 0.924249 0.38179
    outer loop
      vertex -7.34999 12.4662 6.49648
      vertex -3.24772 12.4638 6.50229
      vertex -3.24797 12.4662 6.49648
    endloop
  endfacet
  facet normal -1.584e-06 0.923854 0.382745
    outer loop
      vertex -3.24772 12.4638 6.50229
      vertex -7.34999 12.4662 6.49648
      vertex -7.34999 12.2409 7.0403
    endloop
  endfacet
  facet normal 0 0.922313 0.386444
    outer loop
      vertex 7.34999 12.2409 7.0403
      vertex -2.49471 12.2454 7.02956
      vertex -2.54316 12.2409 7.0403
    endloop
  endfacet
  facet normal 6.3272e-06 0.924367 0.381505
    outer loop
      vertex 7.34999 12.2409 7.0403
      vertex -2.44479 12.2519 7.01381
      vertex -2.49471 12.2454 7.02956
    endloop
  endfacet
  facet normal 2.16605e-06 0.923824 0.382818
    outer loop
      vertex 7.34999 12.2409 7.0403
      vertex -2.39643 12.2602 6.99378
      vertex -2.44479 12.2519 7.01381
    endloop
  endfacet
  facet normal 4.9791e-06 0.924032 0.382315
    outer loop
      vertex 7.34999 12.2409 7.0403
      vertex -2.35 12.2702 6.96961
      vertex -2.39643 12.2602 6.99378
    endloop
  endfacet
  facet normal 1.31082e-05 0.924426 0.381363
    outer loop
      vertex 7.34999 12.2409 7.0403
      vertex -2.30585 12.2818 6.94149
      vertex -2.35 12.2702 6.96961
    endloop
  endfacet
  facet normal -3.6096e-06 0.923849 0.382758
    outer loop
      vertex 7.34999 12.2409 7.0403
      vertex -2.26433 12.295 6.90963
      vertex -2.30585 12.2818 6.94149
    endloop
  endfacet
  facet normal -1.96192e-05 0.923432 0.383763
    outer loop
      vertex 7.34999 12.2409 7.0403
      vertex -2.22574 12.3097 6.87426
      vertex -2.26433 12.295 6.90963
    endloop
  endfacet
  facet normal -4.05524e-06 0.92375 0.382997
    outer loop
      vertex 7.34999 12.2409 7.0403
      vertex -2.19037 12.3257 6.83567
      vertex -2.22574 12.3097 6.87426
    endloop
  endfacet
  facet normal 2.89112e-06 0.923864 0.382721
    outer loop
      vertex 7.34999 12.2409 7.0403
      vertex -2.15851 12.3429 6.79415
      vertex -2.19037 12.3257 6.83567
    endloop
  endfacet
  facet normal -2.69522e-06 0.923788 0.382905
    outer loop
      vertex 7.34999 12.2409 7.0403
      vertex -2.13038 12.3612 6.75
      vertex -2.15851 12.3429 6.79415
    endloop
  endfacet
  facet normal 2.43201e-05 0.9241 0.382152
    outer loop
      vertex 7.34999 12.2409 7.0403
      vertex -2.10621 12.3804 6.70357
      vertex -2.13038 12.3612 6.75
    endloop
  endfacet
  facet normal 2.31397e-05 0.924088 0.38218
    outer loop
      vertex 7.34999 12.2409 7.0403
      vertex -2.08618 12.4004 6.65521
      vertex -2.10621 12.3804 6.70357
    endloop
  endfacet
  facet normal -1.76629e-05 0.923735 0.383033
    outer loop
      vertex 7.34999 12.2409 7.0403
      vertex -2.07044 12.4211 6.60529
      vertex -2.08618 12.4004 6.65521
    endloop
  endfacet
  facet normal -2.65754e-05 0.923666 0.383198
    outer loop
      vertex 7.34999 12.2409 7.0403
      vertex -2.05911 12.4423 6.55419
      vertex -2.07044 12.4211 6.60529
    endloop
  endfacet
  facet normal 2.43344e-06 0.923865 0.382719
    outer loop
      vertex 7.34999 12.2409 7.0403
      vertex -2.05228 12.4638 6.50229
      vertex -2.05911 12.4423 6.55419
    endloop
  endfacet
  facet normal 6.9111e-07 0.923854 0.382745
    outer loop
      vertex 7.34999 12.4662 6.49648
      vertex -2.05228 12.4638 6.50229
      vertex 7.34999 12.2409 7.0403
    endloop
  endfacet
  facet normal 0 0.924249 0.38179
    outer loop
      vertex -2.05228 12.4638 6.50229
      vertex 7.34999 12.4662 6.49648
      vertex -2.05203 12.4662 6.49648
    endloop
  endfacet
  facet normal -0.0632633 0.964011 0.258225
    outer loop
      vertex -8.06467 12.5873 5.92791
      vertex -8.62086 12.3985 6.49648
      vertex -8.06467 12.435 6.49648
    endloop
  endfacet
  facet normal -0.138077 0.694308 0.706308
    outer loop
      vertex -9.16119 11.0221 8.43328
      vertex -9.64957 11.3484 8.01705
      vertex -9.54184 10.9464 8.43328
    endloop
  endfacet
  facet normal 0.0794794 0.603542 0.79336
    outer loop
      vertex 8.45194 11.1155 8.43328
      vertex 9.10023 10.5591 8.79161
      vertex 9.16119 11.0221 8.43328
    endloop
  endfacet
  facet normal 0.0794807 0.603542 0.79336
    outer loop
      vertex 9.10023 10.5591 8.79161
      vertex 8.45194 11.1155 8.43328
      vertex 8.39099 10.6525 8.79161
    endloop
  endfacet
  facet normal -0.0437539 0.999042 0
    outer loop
      vertex -7.34999 12.6954 5.15
      vertex -8.06467 12.6641 5.34431
      vertex -7.34999 12.6954 5.34431
    endloop
  endfacet
  facet normal -0.0437539 0.999042 0
    outer loop
      vertex -8.06467 12.6641 5.34431
      vertex -7.34999 12.6954 5.15
      vertex -8.06467 12.6641 5.15
    endloop
  endfacet
  facet normal -0.129448 0.982974 0.130402
    outer loop
      vertex -8.65078 12.6257 5.34431
      vertex -9.34999 12.4562 5.92791
      vertex -8.64075 12.5496 5.92791
    endloop
  endfacet
  facet normal -0.129309 0.982971 0.130568
    outer loop
      vertex -9.34999 12.4562 5.92791
      vertex -8.65078 12.6257 5.34431
      vertex -9.36002 12.5324 5.34431
    endloop
  endfacet
  facet normal -0.0421318 0.965088 0.258513
    outer loop
      vertex -7.34999 12.6185 5.92791
      vertex -8.06467 12.435 6.49648
      vertex -7.34999 12.4662 6.49648
    endloop
  endfacet
  facet normal -0.0421318 0.965088 0.258513
    outer loop
      vertex -8.06467 12.435 6.49648
      vertex -7.34999 12.6185 5.92791
      vertex -8.06467 12.5873 5.92791
    endloop
  endfacet
  facet normal -0.0327062 0.499789 0.865529
    outer loop
      vertex -8.06467 10.6738 8.79161
      vertex -8.32445 10.1471 9.08593
      vertex -8.06467 10.1641 9.08593
    endloop
  endfacet
  facet normal 0.0346147 0.7929 0.608368
    outer loop
      vertex 8.06467 11.9154 7.55007
      vertex 7.34999 11.5883 8.01705
      vertex 8.06467 11.5571 8.01705
    endloop
  endfacet
  facet normal 0.0346147 0.7929 0.608368
    outer loop
      vertex 7.34999 11.5883 8.01705
      vertex 8.06467 11.9154 7.55007
      vertex 7.34999 11.9466 7.55007
    endloop
  endfacet
  facet normal -0.0397376 0.608268 0.792736
    outer loop
      vertex -8.06467 11.1408 8.43328
      vertex -8.45194 11.1155 8.43328
      vertex -8.06467 10.6738 8.79161
    endloop
  endfacet
  facet normal 0.209177 0.943094 0.258492
    outer loop
      vertex 9.91622 12.3436 5.92791
      vertex 10.5752 12.0416 6.49648
      vertex 10.6146 12.1887 5.92791
    endloop
  endfacet
  facet normal 0.209031 0.943082 0.258655
    outer loop
      vertex 10.5752 12.0416 6.49648
      vertex 9.91622 12.3436 5.92791
      vertex 9.87679 12.1964 6.49648
    endloop
  endfacet
  facet normal 0.214682 0.967942 0.130386
    outer loop
      vertex 9.9361 12.4178 5.34431
      vertex 10.6146 12.1887 5.92791
      vertex 10.6345 12.2629 5.34431
    endloop
  endfacet
  facet normal 0.214688 0.967941 0.130379
    outer loop
      vertex 10.6146 12.1887 5.92791
      vertex 9.9361 12.4178 5.34431
      vertex 9.91622 12.3436 5.92791
    endloop
  endfacet
  facet normal 0.0250826 -0.382519 0.923607
    outer loop
      vertex 8.25347 -9.60788 9.31118
      vertex 8.06467 -9.62026 9.31118
      vertex 8.32445 -10.1471 9.08593
    endloop
  endfacet
  facet normal 0.277873 -0.881226 0.382396
    outer loop
      vertex 10.5752 -12.0416 6.49648
      vertex 11.05 -11.6559 7.0403
      vertex 10.5169 -11.824 7.0403
    endloop
  endfacet
  facet normal 0.277842 -0.881225 0.382423
    outer loop
      vertex 11.05 -11.6559 7.0403
      vertex 10.5752 -12.0416 6.49648
      vertex 11.05 -11.8919 6.49648
    endloop
  endfacet
  facet normal 0.199948 -0.902105 0.382397
    outer loop
      vertex 9.87679 -12.1964 6.49648
      vertex 10.5169 -11.824 7.0403
      vertex 9.81849 -11.9788 7.0403
    endloop
  endfacet
  facet normal 0.199948 -0.902105 0.382397
    outer loop
      vertex 10.5169 -11.824 7.0403
      vertex 9.87679 -12.1964 6.49648
      vertex 10.5752 -12.0416 6.49648
    endloop
  endfacet
  facet normal 0.195885 -0.577199 0.792761
    outer loop
      vertex 11.05 -10.041 8.79161
      vertex 10.8016 -10.1253 8.79161
      vertex 11.05 -10.2913 8.60937
    endloop
  endfacet
  facet normal 0.196043 -0.577263 0.792675
    outer loop
      vertex 11.05 -10.2913 8.60937
      vertex 10.9225 -10.5764 8.43328
      vertex 11.05 -10.5331 8.43328
    endloop
  endfacet
  facet normal 0.195858 -0.577225 0.792749
    outer loop
      vertex 10.9225 -10.5764 8.43328
      vertex 11.05 -10.2913 8.60937
      vertex 10.8016 -10.1253 8.79161
    endloop
  endfacet
  facet normal 0.298176 -0.945563 0.130388
    outer loop
      vertex 10.6345 -12.2629 5.34431
      vertex 11.05 -12.0514 5.92791
      vertex 10.6146 -12.1887 5.92791
    endloop
  endfacet
  facet normal 0.298123 -0.945574 0.13043
    outer loop
      vertex 11.05 -12.0514 5.92791
      vertex 10.6345 -12.2629 5.34431
      vertex 11.05 -12.1319 5.34431
    endloop
  endfacet
  facet normal 0.057873 -0.117241 0.991416
    outer loop
      vertex 10.9281 -7.70862 9.54036
      vertex 11.05 -7.84294 9.51736
      vertex 10.9626 -7.69159 9.54036
    endloop
  endfacet
  facet normal 0.0576836 -0.117412 0.991407
    outer loop
      vertex 11.05 -7.84294 9.51736
      vertex 10.9281 -7.70862 9.54036
      vertex 11.05 -7.89107 9.51166
    endloop
  endfacet
  facet normal 0.0420666 -0.123853 0.991409
    outer loop
      vertex 10.4905 -8.52154 9.46353
      vertex 10.2672 -7.98238 9.54036
      vertex 10.3818 -8.55846 9.46353
    endloop
  endfacet
  facet normal -0.0794665 0.103558 0.991444
    outer loop
      vertex -12.5877 7.41852 9.46353
      vertex -12.8 6.52005 9.54036
      vertex -12.2325 6.95553 9.54036
    endloop
  endfacet
  facet normal -0.0794474 0.103553 0.991446
    outer loop
      vertex -12.8 6.52005 9.54036
      vertex -12.5877 7.41852 9.46353
      vertex -13.1553 6.98305 9.46353
    endloop
  endfacet
  facet normal -0.254358 -0.0505871 0.965786
    outer loop
      vertex -16.2958 -1.5435 9.46353
      vertex -16.8226 -1.80328 9.31118
      vertex -16.2734 -1.65613 9.46353
    endloop
  endfacet
  facet normal 0.0828982 -0.373904 0.923755
    outer loop
      vertex 9.84668 -9.32277 9.31118
      vertex 9.28904 -10.0029 9.08593
      vertex 9.98743 -9.84806 9.08593
    endloop
  endfacet
  facet normal 0.0828919 -0.373899 0.923758
    outer loop
      vertex 9.28904 -10.0029 9.08593
      vertex 9.84668 -9.32277 9.31118
      vertex 9.14829 -9.4776 9.31118
    endloop
  endfacet
  facet normal 0.0560691 -0.25291 0.965864
    outer loop
      vertex 9.69952 -8.77357 9.46353
      vertex 9.14829 -9.4776 9.31118
      vertex 9.84668 -9.32277 9.31118
    endloop
  endfacet
  facet normal 0.0560734 -0.252913 0.965863
    outer loop
      vertex 9.14829 -9.4776 9.31118
      vertex 9.69952 -8.77357 9.46353
      vertex 9.00113 -8.92841 9.46353
    endloop
  endfacet
  facet normal 0.00855396 -0.130519 0.991409
    outer loop
      vertex 8.10308 -8.46558 9.54036
      vertex 8.06467 -9.05169 9.46353
      vertex 8.17926 -9.04418 9.46353
    endloop
  endfacet
  facet normal -0.0255137 0.128286 0.991409
    outer loop
      vertex -8.8885 8.95081 9.46353
      vertex -9.00113 8.92841 9.46353
      vertex -8.85008 8.3647 9.54036
    endloop
  endfacet
  facet normal -0.0748024 0.375998 0.923596
    outer loop
      vertex -8.96271 9.51452 9.31118
      vertex -9.28904 10.0029 9.08593
      vertex -9.14829 9.4776 9.31118
    endloop
  endfacet
  facet normal -0.0726632 0.108757 0.991409
    outer loop
      vertex -12.2005 6.97691 9.54036
      vertex -12.4923 7.48232 9.46353
      vertex -12.2325 6.95553 9.54036
    endloop
  endfacet
  facet normal 0.00856312 -0.13052 0.991409
    outer loop
      vertex 8.06467 -8.4681 9.54036
      vertex 8.06467 -9.05169 9.46353
      vertex 8.10308 -8.46558 9.54036
    endloop
  endfacet
  facet normal -0.866384 -0.427344 0.258369
    outer loop
      vertex -18.7185 -5.10114 6.49648
      vertex -18.8593 -5.15944 5.92791
      vertex -18.6039 -5.67723 5.92791
    endloop
  endfacet
  facet normal -0.59786 0.118923 0.79273
    outer loop
      vertex -17.8403 2.07597 8.79161
      vertex -18.3671 1.81619 8.43328
      vertex -17.9041 1.75523 8.79161
    endloop
  endfacet
  facet normal -0.491192 0.0977055 0.865554
    outer loop
      vertex -17.8403 2.07597 8.79161
      vertex -17.9041 1.75523 8.79161
      vertex -17.3987 1.68869 9.08593
    endloop
  endfacet
  facet normal -0.379378 0.0499602 0.923892
    outer loop
      vertex -17.3987 1.68869 9.08593
      vertex -16.9529 0.908468 9.31118
      vertex -16.8595 1.61771 9.31118
    endloop
  endfacet
  facet normal -0.379378 0.0499604 0.923892
    outer loop
      vertex -16.9529 0.908468 9.31118
      vertex -17.3987 1.68869 9.08593
      vertex -17.4921 0.979451 9.08593
    endloop
  endfacet
  facet normal -0.707047 0 0.707166
    outer loop
      vertex -18.9333 -0.00498962 8.01705
      vertex -18.517 0.00498962 8.43328
      vertex -18.9333 0.00498962 8.01705
    endloop
  endfacet
  facet normal -0.707047 0 0.707166
    outer loop
      vertex -18.517 0.00498962 8.43328
      vertex -18.9333 -0.00498962 8.01705
      vertex -18.517 -0.00498962 8.43328
    endloop
  endfacet
  facet normal -0.190978 -0.175002 0.965868
    outer loop
      vertex -14.6544 -6.29866 9.31118
      vertex -13.769 -6.42404 9.46353
      vertex -14.2523 -5.89662 9.46353
    endloop
  endfacet
  facet normal -0.190978 -0.175002 0.965868
    outer loop
      vertex -13.769 -6.42404 9.46353
      vertex -14.6544 -6.29866 9.31118
      vertex -14.1711 -6.82608 9.31118
    endloop
  endfacet
  facet normal -0.580893 -0.183229 0.793089
    outer loop
      vertex -17.6855 -2.77437 8.79161
      vertex -17.9214 -3.57749 8.43328
      vertex -17.4703 -3.45662 8.79161
    endloop
  endfacet
  facet normal -0.580993 -0.183173 0.793029
    outer loop
      vertex -17.9214 -3.57749 8.43328
      vertex -17.6855 -2.77437 8.79161
      vertex -18.1365 -2.89523 8.43328
    endloop
  endfacet
  facet normal -0.477188 -0.150518 0.865815
    outer loop
      vertex -17.1931 -2.64243 9.08593
      vertex -17.4703 -3.45662 8.79161
      vertex -16.9779 -3.32468 9.08593
    endloop
  endfacet
  facet normal -0.477188 -0.150518 0.865815
    outer loop
      vertex -17.4703 -3.45662 8.79161
      vertex -17.1931 -2.64243 9.08593
      vertex -17.6855 -2.77437 8.79161
    endloop
  endfacet
  facet normal -0.373902 -0.0828753 0.923758
    outer loop
      vertex -17.3479 -1.94404 9.08593
      vertex -16.6678 -2.50168 9.31118
      vertex -16.8226 -1.80328 9.31118
    endloop
  endfacet
  facet normal -0.373903 -0.0828767 0.923757
    outer loop
      vertex -16.6678 -2.50168 9.31118
      vertex -17.3479 -1.94404 9.08593
      vertex -17.1931 -2.64243 9.08593
    endloop
  endfacet
  facet normal -0.577197 -0.195897 0.792759
    outer loop
      vertex -17.4703 -3.45662 8.79161
      vertex -17.7967 -3.945 8.43328
      vertex -17.3652 -3.76629 8.79161
    endloop
  endfacet
  facet normal -0.229783 -0.11961 0.965864
    outer loop
      vertex -16.0344 -4.1937 9.31118
      vertex -15.2117 -4.54395 9.46353
      vertex -15.542 -3.90941 9.46353
    endloop
  endfacet
  facet normal -0.229784 -0.119613 0.965863
    outer loop
      vertex -15.2117 -4.54395 9.46353
      vertex -16.0344 -4.1937 9.31118
      vertex -15.7041 -4.82823 9.31118
    endloop
  endfacet
  facet normal -0.258755 -0.282372 0.923749
    outer loop
      vertex -14.1711 -6.82608 9.31118
      vertex -14.0282 -7.69391 9.08593
      vertex -13.6437 -7.30937 9.31118
    endloop
  endfacet
  facet normal -0.258755 -0.282372 0.923749
    outer loop
      vertex -14.0282 -7.69391 9.08593
      vertex -14.1711 -6.82608 9.31118
      vertex -14.5556 -7.21062 9.08593
    endloop
  endfacet
  facet normal -0.0982975 -0.0862978 0.991408
    outer loop
      vertex -13.8651 -5.45502 9.54036
      vertex -14.3281 -5.81028 9.46353
      vertex -14.2523 -5.89662 9.46353
    endloop
  endfacet
  facet normal 0.169074 -0.849833 0.499197
    outer loop
      vertex 9.74231 -11.6945 7.55007
      vertex 9.26229 -11.79 7.55007
      vertex 9.3007 -12.0818 7.0403
    endloop
  endfacet
  facet normal 0.0603966 -0.922212 0.381938
    outer loop
      vertex 8.59146 -12.1752 7.0403
      vertex 8.06467 -12.2097 7.0403
      vertex 8.62086 -12.3985 6.49648
    endloop
  endfacet
  facet normal -0.0402989 -0.923104 0.382434
    outer loop
      vertex -8.06467 -12.435 6.49648
      vertex -7.34999 -12.2409 7.0403
      vertex -8.06467 -12.2097 7.0403
    endloop
  endfacet
  facet normal -0.0402989 -0.923104 0.382434
    outer loop
      vertex -7.34999 -12.2409 7.0403
      vertex -8.06467 -12.435 6.49648
      vertex -7.34999 -12.4662 6.49648
    endloop
  endfacet
  facet normal 0.216531 -0.976276 0
    outer loop
      vertex 9.9361 -12.4178 5.15
      vertex 10.6345 -12.2629 5.34431
      vertex 9.9361 -12.4178 5.34431
    endloop
  endfacet
  facet normal 0.216531 -0.976276 0
    outer loop
      vertex 10.6345 -12.2629 5.34431
      vertex 9.9361 -12.4178 5.15
      vertex 10.6345 -12.2629 5.15
    endloop
  endfacet
  facet normal 0.0647468 -0.989372 0.130198
    outer loop
      vertex 8.06467 -12.5873 5.92791
      vertex 8.06467 -12.6641 5.34431
      vertex 8.64075 -12.5496 5.92791
    endloop
  endfacet
  facet normal -0.0647468 -0.989372 0.130198
    outer loop
      vertex -8.06467 -12.5873 5.92791
      vertex -8.64075 -12.5496 5.92791
      vertex -8.06467 -12.6641 5.34431
    endloop
  endfacet
  facet normal -0.0648207 -0.989376 0.130126
    outer loop
      vertex -8.64075 -12.5496 5.92791
      vertex -8.65078 -12.6257 5.34431
      vertex -8.06467 -12.6641 5.34431
    endloop
  endfacet
  facet normal 0.193379 -0.972443 0.130226
    outer loop
      vertex 9.91622 -12.3436 5.92791
      vertex 9.34999 -12.4562 5.92791
      vertex 9.9361 -12.4178 5.34431
    endloop
  endfacet
  facet normal 0.193444 -0.972421 0.130293
    outer loop
      vertex 9.9361 -12.4178 5.34431
      vertex 9.34999 -12.4562 5.92791
      vertex 9.36002 -12.5324 5.34431
    endloop
  endfacet
  facet normal 0.0402989 -0.923104 0.382434
    outer loop
      vertex 7.34999 -12.4662 6.49648
      vertex 8.06467 -12.2097 7.0403
      vertex 7.34999 -12.2409 7.0403
    endloop
  endfacet
  facet normal 0.0402989 -0.923104 0.382434
    outer loop
      vertex 8.06467 -12.2097 7.0403
      vertex 7.34999 -12.4662 6.49648
      vertex 8.06467 -12.435 6.49648
    endloop
  endfacet
  facet normal 0.123207 0.363018 0.9236
    outer loop
      vertex 10.6697 9.63295 9.08593
      vertex 10.5289 9.10765 9.31118
      vertex 10.7081 9.04683 9.31118
    endloop
  endfacet
  facet normal 0.188418 0.947494 0.258368
    outer loop
      vertex 9.91622 12.3436 5.92791
      vertex 9.34999 12.4562 5.92791
      vertex 9.87679 12.1964 6.49648
    endloop
  endfacet
  facet normal 0.0632633 0.964011 0.258225
    outer loop
      vertex 8.06467 12.5873 5.92791
      vertex 8.06467 12.435 6.49648
      vertex 8.62086 12.3985 6.49648
    endloop
  endfacet
  facet normal 0.0605169 0.922161 0.382043
    outer loop
      vertex 8.06467 12.435 6.49648
      vertex 8.06467 12.2097 7.0403
      vertex 8.62086 12.3985 6.49648
    endloop
  endfacet
  facet normal -0.0282765 0.127548 0.991429
    outer loop
      vertex -9.00113 8.92841 9.46353
      vertex -9.54848 8.20987 9.54036
      vertex -8.85008 8.3647 9.54036
    endloop
  endfacet
  facet normal -0.0282792 0.12755 0.991429
    outer loop
      vertex -9.54848 8.20987 9.54036
      vertex -9.00113 8.92841 9.46353
      vertex -9.69952 8.77357 9.46353
    endloop
  endfacet
  facet normal -0.0983113 -0.0862856 0.991408
    outer loop
      vertex -13.8651 -5.45502 9.54036
      vertex -14.2523 -5.89662 9.46353
      vertex -13.8397 -5.48396 9.54036
    endloop
  endfacet
  facet normal -0.889218 -0.438541 0.130281
    outer loop
      vertex -18.8593 -5.15944 5.92791
      vertex -18.9303 -5.18885 5.34431
      vertex -18.6705 -5.71564 5.34431
    endloop
  endfacet
  facet normal -0.562464 -0.232934 0.793332
    outer loop
      vertex -17.3652 -3.76629 8.79161
      vertex -17.5229 -4.6059 8.43328
      vertex -17.0915 -4.42719 8.79161
    endloop
  endfacet
  facet normal -0.562364 -0.232978 0.79339
    outer loop
      vertex -17.5229 -4.6059 8.43328
      vertex -17.3652 -3.76629 8.79161
      vertex -17.7967 -3.945 8.43328
    endloop
  endfacet
  facet normal -0.634921 -0.313045 0.706313
    outer loop
      vertex -17.5229 -4.6059 8.43328
      vertex -17.9074 -4.76518 8.01705
      vertex -17.7117 -5.1621 8.01705
    endloop
  endfacet
  facet normal -0.991458 -0.130426 0
    outer loop
      vertex -19.8774 -2.01502 5.15
      vertex -19.9707 -1.30578 5.34431
      vertex -19.9707 -1.30578 5.15
    endloop
  endfacet
  facet normal -0.991458 -0.130426 0
    outer loop
      vertex -19.9707 -1.30578 5.34431
      vertex -19.8774 -2.01502 5.15
      vertex -19.8774 -2.01502 5.34431
    endloop
  endfacet
  facet normal -0.991458 0.130426 0
    outer loop
      vertex -19.9707 1.30578 5.15
      vertex -19.8774 2.01502 5.34431
      vertex -19.8774 2.01502 5.15
    endloop
  endfacet
  facet normal -0.991458 0.130426 0
    outer loop
      vertex -19.8774 2.01502 5.34431
      vertex -19.9707 1.30578 5.15
      vertex -19.9707 1.30578 5.34431
    endloop
  endfacet
  facet normal -0.906414 0.180228 0.38201
    outer loop
      vertex -19.5414 2.53179 6.49648
      vertex -19.6501 1.98511 6.49648
      vertex -19.3238 2.47348 7.0403
    endloop
  endfacet
  facet normal -0.945581 0.298123 0.130383
    outer loop
      vertex -19.6079 3.2895 5.34431
      vertex -19.3186 3.95186 5.92791
      vertex -19.3928 3.97175 5.34431
    endloop
  endfacet
  facet normal -0.945581 0.298123 0.130383
    outer loop
      vertex -19.3186 3.95186 5.92791
      vertex -19.6079 3.2895 5.34431
      vertex -19.5337 3.26961 5.92791
    endloop
  endfacet
  facet normal -0.967942 0.214682 0.130383
    outer loop
      vertex -19.7628 2.5911 5.34431
      vertex -19.5337 3.26961 5.92791
      vertex -19.6079 3.2895 5.34431
    endloop
  endfacet
  facet normal -0.967942 0.214685 0.130379
    outer loop
      vertex -19.5337 3.26961 5.92791
      vertex -19.7628 2.5911 5.34431
      vertex -19.6886 2.57122 5.92791
    endloop
  endfacet
  facet normal -0.972443 0.193379 0.130226
    outer loop
      vertex -19.7628 2.5911 5.34431
      vertex -19.8012 2.00499 5.92791
      vertex -19.6886 2.57122 5.92791
    endloop
  endfacet
  facet normal -0.902104 0.199954 0.382397
    outer loop
      vertex -19.5414 2.53179 6.49648
      vertex -19.169 3.17188 7.0403
      vertex -19.3866 3.23018 6.49648
    endloop
  endfacet
  facet normal -0.902103 0.199951 0.3824
    outer loop
      vertex -19.169 3.17188 7.0403
      vertex -19.5414 2.53179 6.49648
      vertex -19.3238 2.47348 7.0403
    endloop
  endfacet
  facet normal -0.458333 -0.401906 0.792719
    outer loop
      vertex -15.615 -6.79779 8.79161
      vertex -15.7296 -7.37387 8.43328
      vertex -15.3994 -7.04366 8.79161
    endloop
  endfacet
  facet normal -0.338034 -0.368886 0.865827
    outer loop
      vertex -14.5556 -7.21062 9.08593
      vertex -14.3887 -8.05437 8.79161
      vertex -14.0282 -7.69391 9.08593
    endloop
  endfacet
  facet normal -0.338034 -0.368886 0.865827
    outer loop
      vertex -14.3887 -8.05437 8.79161
      vertex -14.5556 -7.21062 9.08593
      vertex -14.9161 -7.57108 8.79161
    endloop
  endfacet
  facet normal -0.330255 -0.376506 0.865549
    outer loop
      vertex -14.0282 -7.69391 9.08593
      vertex -14.1428 -8.27 8.79161
      vertex -13.8325 -7.86557 9.08593
    endloop
  endfacet
  facet normal -0.368888 -0.33803 0.865828
    outer loop
      vertex -15.3994 -7.04366 8.79161
      vertex -14.5556 -7.21062 9.08593
      vertex -15.0389 -6.6832 9.08593
    endloop
  endfacet
  facet normal -0.368888 -0.33803 0.865828
    outer loop
      vertex -14.5556 -7.21062 9.08593
      vertex -15.3994 -7.04366 8.79161
      vertex -14.9161 -7.57108 8.79161
    endloop
  endfacet
  facet normal -0.30071 -0.953716 0
    outer loop
      vertex -11.3167 -12.0478 5.15
      vertex -10.6345 -12.2629 5.34431
      vertex -11.3167 -12.0478 5.34431
    endloop
  endfacet
  facet normal -0.30071 -0.953716 -0
    outer loop
      vertex -10.6345 -12.2629 5.34431
      vertex -11.3167 -12.0478 5.15
      vertex -10.6345 -12.2629 5.15
    endloop
  endfacet
  facet normal -0.188396 -0.947493 0.258388
    outer loop
      vertex -9.33011 -12.3051 6.49648
      vertex -9.87679 -12.1964 6.49648
      vertex -9.34999 -12.4562 5.92791
    endloop
  endfacet
  facet normal -0.188418 -0.947494 0.258368
    outer loop
      vertex -9.87679 -12.1964 6.49648
      vertex -9.91622 -12.3436 5.92791
      vertex -9.34999 -12.4562 5.92791
    endloop
  endfacet
  facet normal -0.171747 -0.774849 0.608369
    outer loop
      vertex -9.74231 -11.6945 7.55007
      vertex -10.348 -11.1936 8.01705
      vertex -10.4407 -11.5397 7.55007
    endloop
  endfacet
  facet normal -0.171736 -0.774844 0.608378
    outer loop
      vertex -10.348 -11.1936 8.01705
      vertex -9.74231 -11.6945 7.55007
      vertex -9.64957 -11.3484 8.01705
    endloop
  endfacet
  facet normal -0.13805 -0.694329 0.706293
    outer loop
      vertex -9.16119 -11.0221 8.43328
      vertex -9.64957 -11.3484 8.01705
      vertex -9.21552 -11.4347 8.01705
    endloop
  endfacet
  facet normal 0 -0.99143 0.130639
    outer loop
      vertex -7.34999 -12.6954 5.34431
      vertex -2.94524 -12.6185 5.92791
      vertex -7.34999 -12.6185 5.92791
    endloop
  endfacet
  facet normal -0.000196013 -0.991237 0.132093
    outer loop
      vertex -2.94524 -12.6185 5.92791
      vertex -7.34999 -12.6954 5.34431
      vertex -2.90357 -12.6214 5.90621
    endloop
  endfacet
  facet normal 0.000181544 -0.991624 0.129156
    outer loop
      vertex -2.90357 -12.6214 5.90621
      vertex -7.34999 -12.6954 5.34431
      vertex -2.85521 -12.624 5.88618
    endloop
  endfacet
  facet normal -0.000142826 -0.991276 0.131801
    outer loop
      vertex -2.85521 -12.624 5.88618
      vertex -7.34999 -12.6954 5.34431
      vertex -2.80529 -12.6261 5.87044
    endloop
  endfacet
  facet normal -5.09245e-05 -0.99138 0.131021
    outer loop
      vertex -2.80529 -12.6261 5.87044
      vertex -7.34999 -12.6954 5.34431
      vertex -2.75419 -12.6276 5.85911
    endloop
  endfacet
  facet normal -4.19727e-06 -0.991434 0.130611
    outer loop
      vertex -2.75419 -12.6276 5.85911
      vertex -7.34999 -12.6954 5.34431
      vertex -2.70229 -12.6285 5.85228
    endloop
  endfacet
  facet normal 3.76209e-06 -0.991443 0.130539
    outer loop
      vertex -2.70229 -12.6285 5.85228
      vertex -7.34999 -12.6954 5.34431
      vertex -2.65 -12.6288 5.85
    endloop
  endfacet
  facet normal 0.000100045 -0.991213 0.132274
    outer loop
      vertex 7.34999 -12.6954 5.34431
      vertex -2.35476 -12.6185 5.92791
      vertex -2.39643 -12.6214 5.90621
    endloop
  endfacet
  facet normal -9.4887e-05 -0.991651 0.128951
    outer loop
      vertex 7.34999 -12.6954 5.34431
      vertex -2.39643 -12.6214 5.90621
      vertex -2.44479 -12.624 5.88618
    endloop
  endfacet
  facet normal 7.70759e-05 -0.991249 0.132006
    outer loop
      vertex 7.34999 -12.6954 5.34431
      vertex -2.44479 -12.624 5.88618
      vertex -2.49471 -12.6261 5.87044
    endloop
  endfacet
  facet normal 2.88331e-05 -0.991367 0.131119
    outer loop
      vertex 7.34999 -12.6954 5.34431
      vertex -2.49471 -12.6261 5.87044
      vertex -2.54581 -12.6276 5.85911
    endloop
  endfacet
  facet normal 2.58617e-06 -0.991432 0.130623
    outer loop
      vertex 7.34999 -12.6954 5.34431
      vertex -2.54581 -12.6276 5.85911
      vertex -2.59771 -12.6285 5.85228
    endloop
  endfacet
  facet normal -8.88887e-06 -0.991428 0.130655
    outer loop
      vertex -7.34999 -12.6954 5.34431
      vertex -2.59771 -12.6285 5.85228
      vertex -2.65 -12.6288 5.85
    endloop
  endfacet
  facet normal 0 -0.991439 0.130573
    outer loop
      vertex -2.59771 -12.6285 5.85228
      vertex -7.34999 -12.6954 5.34431
      vertex 7.34999 -12.6954 5.34431
    endloop
  endfacet
  facet normal 0 -0.99143 0.130639
    outer loop
      vertex -2.35476 -12.6185 5.92791
      vertex 7.34999 -12.6954 5.34431
      vertex 7.34999 -12.6185 5.92791
    endloop
  endfacet
  facet normal 0 -0.966207 0.257766
    outer loop
      vertex -7.34999 -12.4662 6.49648
      vertex -3.25 -12.4786 6.45
      vertex -3.24797 -12.4662 6.49648
    endloop
  endfacet
  facet normal 1.04765e-05 -0.965977 0.258629
    outer loop
      vertex -7.34999 -12.4662 6.49648
      vertex -3.24772 -12.4926 6.39771
      vertex -3.25 -12.4786 6.45
    endloop
  endfacet
  facet normal 1.34276e-05 -0.965946 0.258743
    outer loop
      vertex -7.34999 -12.6185 5.92791
      vertex -3.24772 -12.4926 6.39771
      vertex -7.34999 -12.4662 6.49648
    endloop
  endfacet
  facet normal 1.78333e-05 -0.965956 0.258707
    outer loop
      vertex -3.24772 -12.4926 6.39771
      vertex -7.34999 -12.6185 5.92791
      vertex -3.24088 -12.5065 6.34581
    endloop
  endfacet
  facet normal -9.13228e-06 -0.965889 0.258955
    outer loop
      vertex -3.24088 -12.5065 6.34581
      vertex -7.34999 -12.6185 5.92791
      vertex -3.22956 -12.5202 6.29471
    endloop
  endfacet
  facet normal -3.64642e-05 -0.965813 0.259241
    outer loop
      vertex -3.22956 -12.5202 6.29471
      vertex -7.34999 -12.6185 5.92791
      vertex -3.21381 -12.5336 6.24479
    endloop
  endfacet
  facet normal -6.39969e-05 -0.965723 0.259576
    outer loop
      vertex -3.21381 -12.5336 6.24479
      vertex -7.34999 -12.6185 5.92791
      vertex -3.19378 -12.5466 6.19643
    endloop
  endfacet
  facet normal 4.19898e-05 -0.966133 0.258046
    outer loop
      vertex -3.19378 -12.5466 6.19643
      vertex -7.34999 -12.6185 5.92791
      vertex -3.16961 -12.559 6.15
    endloop
  endfacet
  facet normal 3.17102e-05 -0.966084 0.258226
    outer loop
      vertex -3.16961 -12.559 6.15
      vertex -7.34999 -12.6185 5.92791
      vertex -3.14149 -12.5708 6.10585
    endloop
  endfacet
  facet normal -6.64911e-05 -0.965503 0.260393
    outer loop
      vertex -3.14149 -12.5708 6.10585
      vertex -7.34999 -12.6185 5.92791
      vertex -3.10963 -12.582 6.06433
    endloop
  endfacet
  facet normal 1.95516e-05 -0.966172 0.257898
    outer loop
      vertex -3.10963 -12.582 6.06433
      vertex -7.34999 -12.6185 5.92791
      vertex -3.07426 -12.5923 6.02574
    endloop
  endfacet
  facet normal -1.67663e-05 -0.965776 0.259379
    outer loop
      vertex -3.07426 -12.5923 6.02574
      vertex -7.34999 -12.6185 5.92791
      vertex -3.03567 -12.6018 5.99037
    endloop
  endfacet
  facet normal 7.94776e-06 -0.966202 0.257786
    outer loop
      vertex -3.03567 -12.6018 5.99037
      vertex -7.34999 -12.6185 5.92791
      vertex -2.99415 -12.6103 5.95851
    endloop
  endfacet
  facet normal -1.47598e-05 -0.965393 0.260801
    outer loop
      vertex -2.99415 -12.6103 5.95851
      vertex -7.34999 -12.6185 5.92791
      vertex -2.95 -12.6179 5.93038
    endloop
  endfacet
  facet normal 0 -0.971741 0.23605
    outer loop
      vertex -2.95 -12.6179 5.93038
      vertex -7.34999 -12.6185 5.92791
      vertex -2.94524 -12.6185 5.92791
    endloop
  endfacet
  facet normal 0 -0.966207 0.257766
    outer loop
      vertex -2.05 -12.4786 6.45
      vertex 7.34999 -12.4662 6.49648
      vertex -2.05203 -12.4662 6.49648
    endloop
  endfacet
  facet normal -4.56826e-06 -0.965977 0.258629
    outer loop
      vertex -2.05228 -12.4926 6.39771
      vertex 7.34999 -12.4662 6.49648
      vertex -2.05 -12.4786 6.45
    endloop
  endfacet
  facet normal -7.84664e-06 -0.965956 0.258706
    outer loop
      vertex 7.34999 -12.6185 5.92791
      vertex -2.05228 -12.4926 6.39771
      vertex -2.05911 -12.5065 6.34581
    endloop
  endfacet
  facet normal 4.0383e-06 -0.965889 0.258956
    outer loop
      vertex 7.34999 -12.6185 5.92791
      vertex -2.05911 -12.5065 6.34581
      vertex -2.07044 -12.5202 6.29471
    endloop
  endfacet
  facet normal 1.61982e-05 -0.965811 0.259247
    outer loop
      vertex 7.34999 -12.6185 5.92791
      vertex -2.07044 -12.5202 6.29471
      vertex -2.08618 -12.5336 6.24479
    endloop
  endfacet
  facet normal 2.85449e-05 -0.965719 0.25959
    outer loop
      vertex 7.34999 -12.6185 5.92791
      vertex -2.08618 -12.5336 6.24479
      vertex -2.10621 -12.5466 6.19643
    endloop
  endfacet
  facet normal -1.87983e-05 -0.966136 0.258034
    outer loop
      vertex 7.34999 -12.6185 5.92791
      vertex -2.10621 -12.5466 6.19643
      vertex -2.13038 -12.559 6.15
    endloop
  endfacet
  facet normal -1.42432e-05 -0.966087 0.258216
    outer loop
      vertex 7.34999 -12.6185 5.92791
      vertex -2.13038 -12.559 6.15
      vertex -2.15851 -12.5708 6.10585
    endloop
  endfacet
  facet normal 2.99537e-05 -0.965496 0.260419
    outer loop
      vertex 7.34999 -12.6185 5.92791
      vertex -2.15851 -12.5708 6.10585
      vertex -2.19037 -12.582 6.06433
    endloop
  endfacet
  facet normal -8.83056e-06 -0.966175 0.257888
    outer loop
      vertex 7.34999 -12.6185 5.92791
      vertex -2.19037 -12.582 6.06433
      vertex -2.22574 -12.5923 6.02574
    endloop
  endfacet
  facet normal 7.58871e-06 -0.965773 0.259388
    outer loop
      vertex 7.34999 -12.6185 5.92791
      vertex -2.22574 -12.5923 6.02574
      vertex -2.26433 -12.6018 5.99037
    endloop
  endfacet
  facet normal -3.60326e-06 -0.966204 0.25778
    outer loop
      vertex 7.34999 -12.6185 5.92791
      vertex -2.26433 -12.6018 5.99037
      vertex -2.30585 -12.6103 5.95851
    endloop
  endfacet
  facet normal 6.69835e-06 -0.965389 0.260813
    outer loop
      vertex 7.34999 -12.6185 5.92791
      vertex -2.30585 -12.6103 5.95851
      vertex -2.35 -12.6179 5.93038
    endloop
  endfacet
  facet normal 0 -0.971741 0.23605
    outer loop
      vertex 7.34999 -12.6185 5.92791
      vertex -2.35 -12.6179 5.93038
      vertex -2.35476 -12.6185 5.92791
    endloop
  endfacet
  facet normal -5.85854e-06 -0.965946 0.258743
    outer loop
      vertex -2.05228 -12.4926 6.39771
      vertex 7.34999 -12.6185 5.92791
      vertex 7.34999 -12.4662 6.49648
    endloop
  endfacet
  facet normal -0.0308521 -0.706711 0.70683
    outer loop
      vertex -8.06467 -11.5571 8.01705
      vertex -7.34999 -11.172 8.43328
      vertex -8.06467 -11.1408 8.43328
    endloop
  endfacet
  facet normal -0.0308521 -0.706711 0.70683
    outer loop
      vertex -7.34999 -11.172 8.43328
      vertex -8.06467 -11.5571 8.01705
      vertex -7.34999 -11.5883 8.01705
    endloop
  endfacet
  facet normal -0.1532 -0.690694 0.706733
    outer loop
      vertex -10.2402 -10.7915 8.43328
      vertex -9.64957 -11.3484 8.01705
      vertex -9.54184 -10.9464 8.43328
    endloop
  endfacet
  facet normal -0.153071 -0.690627 0.706826
    outer loop
      vertex -9.64957 -11.3484 8.01705
      vertex -10.2402 -10.7915 8.43328
      vertex -10.348 -11.1936 8.01705
    endloop
  endfacet
  facet normal -0.150469 -0.477247 0.865791
    outer loop
      vertex -10.8016 -10.1253 8.79161
      vertex -9.98743 -9.84806 9.08593
      vertex -10.6697 -9.63295 9.08593
    endloop
  endfacet
  facet normal -0.150518 -0.477152 0.865835
    outer loop
      vertex -9.98743 -9.84806 9.08593
      vertex -10.8016 -10.1253 8.79161
      vertex -10.1194 -10.3405 8.79161
    endloop
  endfacet
  facet normal -0.327294 -0.513714 0.79308
    outer loop
      vertex -13.5368 -9.29158 8.43328
      vertex -12.7 -9.27152 8.79161
      vertex -13.3033 -8.88715 8.79161
    endloop
  endfacet
  facet normal -0.327294 -0.513714 0.79308
    outer loop
      vertex -12.7 -9.27152 8.79161
      vertex -13.5368 -9.29158 8.43328
      vertex -12.9335 -9.67595 8.43328
    endloop
  endfacet
  facet normal -0.170959 -0.194994 0.96579
    outer loop
      vertex -13.2416 -6.90733 9.46353
      vertex -13.6437 -7.30937 9.31118
      vertex -13.5014 -7.43413 9.31118
    endloop
  endfacet
  facet normal -0.380109 -0.596611 0.706804
    outer loop
      vertex -13.745 -9.65204 8.01705
      vertex -12.9335 -9.67595 8.43328
      vertex -13.5368 -9.29158 8.43328
    endloop
  endfacet
  facet normal -0.380084 -0.596688 0.706753
    outer loop
      vertex -12.9335 -9.67595 8.43328
      vertex -13.745 -9.65204 8.01705
      vertex -13.1416 -10.0364 8.01705
    endloop
  endfacet
  facet normal -0.338575 -0.506893 0.792733
    outer loop
      vertex -13.3033 -8.88715 8.79161
      vertex -13.5753 -8.70547 8.79161
      vertex -13.5368 -9.29158 8.43328
    endloop
  endfacet
  facet normal -0.449094 -0.411526 0.79307
    outer loop
      vertex -15.7296 -7.37387 8.43328
      vertex -14.9161 -7.57108 8.79161
      vertex -15.3994 -7.04366 8.79161
    endloop
  endfacet
  facet normal -0.449094 -0.411526 0.79307
    outer loop
      vertex -14.9161 -7.57108 8.79161
      vertex -15.7296 -7.37387 8.43328
      vertex -15.2463 -7.90129 8.43328
    endloop
  endfacet
  facet normal -0.466764 -0.532188 0.706333
    outer loop
      vertex -14.7189 -8.38459 8.43328
      vertex -15.0132 -8.6789 8.01705
      vertex -14.6805 -8.9707 8.01705
    endloop
  endfacet
  facet normal -0.458293 -0.401923 0.792733
    outer loop
      vertex -15.615 -6.79779 8.79161
      vertex -15.9855 -7.08208 8.43328
      vertex -15.7296 -7.37387 8.43328
    endloop
  endfacet
  facet normal -0.58511 -0.536164 0.60842
    outer loop
      vertex -16.2773 -7.92157 7.55007
      vertex -15.5406 -8.19561 8.01705
      vertex -16.0239 -7.66819 8.01705
    endloop
  endfacet
  facet normal -0.58511 -0.536164 0.60842
    outer loop
      vertex -15.5406 -8.19561 8.01705
      vertex -16.2773 -7.92157 7.55007
      vertex -15.794 -8.44899 7.55007
    endloop
  endfacet
  facet normal -0.609334 -0.694852 0.381959
    outer loop
      vertex -15.0778 -9.48848 7.0403
      vertex -15.634 -9.29967 6.49648
      vertex -15.2149 -9.66719 6.49648
    endloop
  endfacet
  facet normal -0.60936 -0.694806 0.382001
    outer loop
      vertex -15.4747 -9.14039 7.0403
      vertex -15.634 -9.29967 6.49648
      vertex -15.0778 -9.48848 7.0403
    endloop
  endfacet
  facet normal -0.33018 -0.37653 0.865567
    outer loop
      vertex -14.0282 -7.69391 9.08593
      vertex -14.3887 -8.05437 8.79161
      vertex -14.1428 -8.27 8.79161
    endloop
  endfacet
  facet normal -0.118923 -0.59786 0.79273
    outer loop
      vertex -9.10023 -10.5591 8.79161
      vertex -9.42097 -10.4953 8.79161
      vertex -9.16119 -11.0221 8.43328
    endloop
  endfacet
  facet normal -0.0778975 -0.247073 0.965861
    outer loop
      vertex -10.5289 -9.10765 9.31118
      vertex -9.69952 -8.77357 9.46353
      vertex -10.3818 -8.55846 9.46353
    endloop
  endfacet
  facet normal -0.0779036 -0.247059 0.965864
    outer loop
      vertex -9.69952 -8.77357 9.46353
      vertex -10.5289 -9.10765 9.31118
      vertex -9.84668 -9.32277 9.31118
    endloop
  endfacet
  facet normal -0.169552 -0.343846 0.923592
    outer loop
      vertex -11.369 -8.77308 9.31118
      vertex -11.8106 -9.16036 9.08593
      vertex -11.5771 -9.2755 9.08593
    endloop
  endfacet
  facet normal 0.0337782 0.256607 0.965925
    outer loop
      vertex 8.25347 9.60788 9.31118
      vertex 8.8885 8.95081 9.46353
      vertex 8.96271 9.51452 9.31118
    endloop
  endfacet
  facet normal 0.0337823 0.256611 0.965924
    outer loop
      vertex 8.8885 8.95081 9.46353
      vertex 8.25347 9.60788 9.31118
      vertex 8.17926 9.04418 9.46353
    endloop
  endfacet
  facet normal -0.0505878 0.254362 0.965785
    outer loop
      vertex -8.8885 8.95081 9.46353
      vertex -9.14829 9.4776 9.31118
      vertex -9.00113 8.92841 9.46353
    endloop
  endfacet
  facet normal 0.0255137 -0.128286 0.991409
    outer loop
      vertex 9.00113 -8.92841 9.46353
      vertex 8.85008 -8.3647 9.54036
      vertex 8.8885 -8.95081 9.46353
    endloop
  endfacet
  facet normal -0.745427 -0.653753 0.130179
    outer loop
      vertex -17.1331 -7.96264 5.92791
      vertex -17.194 -8.00941 5.34431
      vertex -16.8067 -8.45102 5.34431
    endloop
  endfacet
  facet normal -0.58802 -0.766336 0.25877
    outer loop
      vertex -14.7401 -10.2235 5.92791
      vertex -15.2149 -9.66719 6.49648
      vertex -15.3076 -9.78805 5.92791
    endloop
  endfacet
  facet normal -0.588083 -0.766313 0.258694
    outer loop
      vertex -15.2149 -9.66719 6.49648
      vertex -14.7401 -10.2235 5.92791
      vertex -14.6474 -10.1027 6.49648
    endloop
  endfacet
  facet normal -0.382582 -0.923922 0
    outer loop
      vertex -12.4983 -11.6 5.25
      vertex -12.5338 -11.5853 5.34431
      vertex -12.5338 -11.5853 5.25
    endloop
  endfacet
  facet normal -0.382619 -0.923906 -1.66017e-05
    outer loop
      vertex -12.5338 -11.5853 5.34431
      vertex -12.4983 -11.6 5.25
      vertex -11.8729 -11.859 5.34431
    endloop
  endfacet
  facet normal -0.382621 -0.923905 0
    outer loop
      vertex -11.8729 -11.859 5.15
      vertex -12.4983 -11.6 5.25
      vertex -12.4983 -11.6 5.15
    endloop
  endfacet
  facet normal -0.382621 -0.923905 0
    outer loop
      vertex -12.4983 -11.6 5.25
      vertex -11.8729 -11.859 5.15
      vertex -11.8729 -11.859 5.34431
    endloop
  endfacet
  facet normal -0.694804 -0.609361 0.382004
    outer loop
      vertex -16.4854 -8.12968 7.0403
      vertex -16.8335 -7.73277 7.0403
      vertex -16.6447 -8.28896 6.49648
    endloop
  endfacet
  facet normal -0.7122 -0.652623 0.258563
    outer loop
      vertex -16.7524 -8.39669 5.92791
      vertex -16.1614 -8.81638 6.49648
      vertex -16.6447 -8.28896 6.49648
    endloop
  endfacet
  facet normal -0.7122 -0.652623 0.258563
    outer loop
      vertex -16.1614 -8.81638 6.49648
      vertex -16.7524 -8.39669 5.92791
      vertex -16.2691 -8.92411 5.92791
    endloop
  endfacet
  facet normal -0.687102 -0.527245 0.499904
    outer loop
      vertex -17.2689 -7.16523 7.0403
      vertex -16.6 -7.5536 7.55007
      vertex -17.0355 -6.98606 7.55007
    endloop
  endfacet
  facet normal -0.687114 -0.527133 0.500005
    outer loop
      vertex -16.6 -7.5536 7.55007
      vertex -17.2689 -7.16523 7.0403
      vertex -16.8335 -7.73277 7.0403
    endloop
  endfacet
  facet normal -0.523528 -0.596908 0.607963
    outer loop
      vertex -15.0132 -8.6789 8.01705
      vertex -15.2666 -8.93228 7.55007
      vertex -14.6805 -8.9707 8.01705
    endloop
  endfacet
  facet normal -0.481394 -0.720491 0.499151
    outer loop
      vertex -14.3311 -9.69045 7.55007
      vertex -14.5102 -9.92395 7.0403
      vertex -14.0713 -10.2172 7.0403
    endloop
  endfacet
  facet normal -0.536169 -0.585106 0.608419
    outer loop
      vertex -15.5406 -8.19561 8.01705
      vertex -15.2666 -8.93228 7.55007
      vertex -15.0132 -8.6789 8.01705
    endloop
  endfacet
  facet normal -0.536169 -0.585106 0.608419
    outer loop
      vertex -15.2666 -8.93228 7.55007
      vertex -15.5406 -8.19561 8.01705
      vertex -15.794 -8.44899 7.55007
    endloop
  endfacet
  facet normal -0.051914 -0.792305 0.607912
    outer loop
      vertex -8.06467 -11.5571 8.01705
      vertex -8.55305 -11.8834 7.55007
      vertex -8.06467 -11.9154 7.55007
    endloop
  endfacet
  facet normal -0.0520267 -0.792241 0.607986
    outer loop
      vertex -8.50627 -11.5281 8.01705
      vertex -8.55305 -11.8834 7.55007
      vertex -8.06467 -11.5571 8.01705
    endloop
  endfacet
  facet normal -0.351182 -0.712096 0.607939
    outer loop
      vertex -12.5071 -10.3667 8.01705
      vertex -12.6863 -10.677 7.55007
      vertex -12.2473 -10.8935 7.55007
    endloop
  endfacet
  facet normal -0.481353 -0.720499 0.49918
    outer loop
      vertex -13.9241 -9.96236 7.55007
      vertex -14.3311 -9.69045 7.55007
      vertex -14.0713 -10.2172 7.0403
    endloop
  endfacet
  facet normal 0.300692 0.953721 -0
    outer loop
      vertex 11.05 12.1319 5.15
      vertex 10.6345 12.2629 5.34431
      vertex 11.05 12.1319 5.34431
    endloop
  endfacet
  facet normal 0.300692 0.953721 0
    outer loop
      vertex 10.6345 12.2629 5.34431
      vertex 11.05 12.1319 5.15
      vertex 10.6345 12.2629 5.15
    endloop
  endfacet
  facet normal -0.603539 0.786562 0.130613
    outer loop
      vertex -14.7869 10.2845 5.34431
      vertex -15.3076 9.78805 5.92791
      vertex -14.7401 10.2235 5.92791
    endloop
  endfacet
  facet normal -0.603579 0.786541 0.13056
    outer loop
      vertex -15.3076 9.78805 5.92791
      vertex -14.7869 10.2845 5.34431
      vertex -15.3544 9.84901 5.34431
    endloop
  endfacet
  facet normal -0.726328 0.636948 0.25835
    outer loop
      vertex -16.6447 8.28896 6.49648
      vertex -17.1331 7.96264 5.92791
      vertex -17.0122 7.86989 6.49648
    endloop
  endfacet
  facet normal -0.675603 0.737266 0
    outer loop
      vertex -15.796 9.46173 5.25
      vertex -16.3234 8.97844 5.34431
      vertex -15.796 9.46173 5.34431
    endloop
  endfacet
  facet normal -0.675603 0.737266 0
    outer loop
      vertex -16.3234 8.97844 5.34431
      vertex -15.796 9.46173 5.25
      vertex -16.3234 8.97844 5.25
    endloop
  endfacet
  facet normal -0.659353 0.751834 0
    outer loop
      vertex -15.3544 9.84901 5.25
      vertex -15.796 9.46173 5.34431
      vertex -15.3544 9.84901 5.34431
    endloop
  endfacet
  facet normal -0.659353 0.751834 0
    outer loop
      vertex -15.796 9.46173 5.34431
      vertex -15.3544 9.84901 5.25
      vertex -15.796 9.46173 5.25
    endloop
  endfacet
  facet normal -0.820511 0.278531 0.499182
    outer loop
      vertex -18.7842 4.35404 7.0403
      vertex -18.9539 3.85413 7.0403
      vertex -18.5123 4.24141 7.55007
    endloop
  endfacet
  facet normal -0.588657 0.393217 0.706303
    outer loop
      vertex -16.7512 6.76792 8.01705
      vertex -16.997 6.39995 8.01705
      vertex -16.6366 6.19184 8.43328
    endloop
  endfacet
  facet normal -0.427338 0.866388 0.25837
    outer loop
      vertex -12.5044 11.5143 5.92791
      vertex -13.0222 11.2589 5.92791
      vertex -12.4461 11.3735 6.49648
    endloop
  endfacet
  facet normal -0.438584 0.889189 0.130332
    outer loop
      vertex -12.5044 11.5143 5.92791
      vertex -13.0606 11.3255 5.34431
      vertex -13.0222 11.2589 5.92791
    endloop
  endfacet
  facet normal -0.828871 0.408707 0.382011
    outer loop
      vertex -18.472 5.60105 6.49648
      vertex -18.7185 5.10114 6.49648
      vertex -18.2769 5.48842 7.0403
    endloop
  endfacet
  facet normal -0.108753 0.0726692 0.991409
    outer loop
      vertex -14.7635 5.24275 9.46353
      vertex -14.8273 5.14727 9.46353
      vertex -14.3005 4.88748 9.54036
    endloop
  endfacet
  facet normal -0.814722 0.518958 0.258671
    outer loop
      vertex -18.2736 6.31176 5.92791
      vertex -17.7573 6.83891 6.49648
      vertex -17.8893 6.91508 5.92791
    endloop
  endfacet
  facet normal -0.814691 0.519073 0.258536
    outer loop
      vertex -17.7573 6.83891 6.49648
      vertex -18.2736 6.31176 5.92791
      vertex -18.1417 6.23559 6.49648
    endloop
  endfacet
  facet normal -0.914801 0.310578 0.258225
    outer loop
      vertex -19.133 4.49854 5.92791
      vertex -19.3186 3.95186 5.92791
      vertex -18.9923 4.44024 6.49648
    endloop
  endfacet
  facet normal -0.938852 0.318744 0.130231
    outer loop
      vertex -19.133 4.49854 5.92791
      vertex -19.3928 3.97175 5.34431
      vertex -19.3186 3.95186 5.92791
    endloop
  endfacet
  facet normal -0.353607 0.853538 0.382668
    outer loop
      vertex -11.7852 11.6473 6.49648
      vertex -12.3599 11.1654 7.0403
      vertex -11.699 11.4392 7.0403
    endloop
  endfacet
  facet normal -0.353607 0.853538 0.382668
    outer loop
      vertex -12.3599 11.1654 7.0403
      vertex -11.7852 11.6473 6.49648
      vertex -12.4461 11.3735 6.49648
    endloop
  endfacet
  facet normal -0.408746 0.828871 0.381968
    outer loop
      vertex -12.4461 11.3735 6.49648
      vertex -12.8334 10.9319 7.0403
      vertex -12.3599 11.1654 7.0403
    endloop
  endfacet
  facet normal -0.687114 0.527133 0.500005
    outer loop
      vertex -17.2689 7.16523 7.0403
      vertex -16.6 7.5536 7.55007
      vertex -16.8335 7.73277 7.0403
    endloop
  endfacet
  facet normal -0.687102 0.527245 0.499904
    outer loop
      vertex -16.6 7.5536 7.55007
      vertex -17.2689 7.16523 7.0403
      vertex -17.0355 6.98606 7.55007
    endloop
  endfacet
  facet normal -0.60879 0.793332 0
    outer loop
      vertex -14.7869 10.2845 5.25
      vertex -15.3544 9.84901 5.34431
      vertex -14.7869 10.2845 5.34431
    endloop
  endfacet
  facet normal -0.60879 0.793332 0
    outer loop
      vertex -15.3544 9.84901 5.34431
      vertex -14.7869 10.2845 5.25
      vertex -15.3544 9.84901 5.25
    endloop
  endfacet
  facet normal -0.150518 0.477152 0.865835
    outer loop
      vertex -10.8016 10.1253 8.79161
      vertex -9.98743 9.84806 9.08593
      vertex -10.1194 10.3405 8.79161
    endloop
  endfacet
  facet normal -0.150469 0.477247 0.865791
    outer loop
      vertex -9.98743 9.84806 9.08593
      vertex -10.8016 10.1253 8.79161
      vertex -10.6697 9.63295 9.08593
    endloop
  endfacet
  facet normal -0.0834038 0.245558 0.965787
    outer loop
      vertex -10.3818 8.55846 9.46353
      vertex -10.7081 9.04683 9.31118
      vertex -10.4905 8.52154 9.46353
    endloop
  endfacet
  facet normal -0.160954 0.474285 0.865533
    outer loop
      vertex -10.8016 10.1253 8.79161
      vertex -11.1113 10.0202 8.79161
      vertex -10.6697 9.63295 9.08593
    endloop
  endfacet
  facet normal -0.30071 0.953716 0
    outer loop
      vertex -10.6345 12.2629 5.15
      vertex -11.3167 12.0478 5.34431
      vertex -10.6345 12.2629 5.34431
    endloop
  endfacet
  facet normal -0.30071 0.953716 0
    outer loop
      vertex -11.3167 12.0478 5.34431
      vertex -10.6345 12.2629 5.15
      vertex -11.3167 12.0478 5.15
    endloop
  endfacet
  facet normal -0.310619 0.914787 0.258226
    outer loop
      vertex -11.2969 11.9736 5.92791
      vertex -11.8435 11.788 5.92791
      vertex -11.7852 11.6473 6.49648
    endloop
  endfacet
  facet normal -0.169074 0.849833 0.499197
    outer loop
      vertex -9.3007 12.0818 7.0403
      vertex -9.74231 11.6945 7.55007
      vertex -9.26229 11.79 7.55007
    endloop
  endfacet
  facet normal -0.260445 0.826135 0.499669
    outer loop
      vertex -10.5169 11.824 7.0403
      vertex -11.123 11.3246 7.55007
      vertex -10.4407 11.5397 7.55007
    endloop
  endfacet
  facet normal -0.260487 0.826146 0.49963
    outer loop
      vertex -11.123 11.3246 7.55007
      vertex -10.5169 11.824 7.0403
      vertex -11.1991 11.6089 7.0403
    endloop
  endfacet
  facet normal -0.278522 0.820514 0.499181
    outer loop
      vertex -11.1991 11.6089 7.0403
      vertex -11.5864 11.1673 7.55007
      vertex -11.123 11.3246 7.55007
    endloop
  endfacet
  facet normal -0.180308 0.906426 0.381942
    outer loop
      vertex -9.33011 12.3051 6.49648
      vertex -9.81849 11.9788 7.0403
      vertex -9.3007 12.0818 7.0403
    endloop
  endfacet
  facet normal -0.193379 0.972443 0.130226
    outer loop
      vertex -9.34999 12.4562 5.92791
      vertex -9.9361 12.4178 5.34431
      vertex -9.91622 12.3436 5.92791
    endloop
  endfacet
  facet normal -0.303636 0.732917 0.6088
    outer loop
      vertex -11.5864 11.1673 7.55007
      vertex -12.1102 10.5624 8.01705
      vertex -11.4493 10.8362 8.01705
    endloop
  endfacet
  facet normal -0.303636 0.732917 0.6088
    outer loop
      vertex -12.1102 10.5624 8.01705
      vertex -11.5864 11.1673 7.55007
      vertex -12.2473 10.8935 7.55007
    endloop
  endfacet
  facet normal -0.227443 0.67029 0.706386
    outer loop
      vertex -11.0302 10.9785 8.01705
      vertex -11.29 10.4517 8.43328
      vertex -10.9225 10.5764 8.43328
    endloop
  endfacet
  facet normal -0.131803 0.594673 0.79309
    outer loop
      vertex -9.54184 10.9464 8.43328
      vertex -10.1194 10.3405 8.79161
      vertex -9.42097 10.4953 8.79161
    endloop
  endfacet
  facet normal -0.131917 0.59474 0.793021
    outer loop
      vertex -10.1194 10.3405 8.79161
      vertex -9.54184 10.9464 8.43328
      vertex -10.2402 10.7915 8.43328
    endloop
  endfacet
  facet normal -0.113071 0.858611 0.500002
    outer loop
      vertex -8.59146 12.1752 7.0403
      vertex -9.26229 11.79 7.55007
      vertex -8.55305 11.8834 7.55007
    endloop
  endfacet
  facet normal -0.113071 0.858611 0.500002
    outer loop
      vertex -9.26229 11.79 7.55007
      vertex -8.59146 12.1752 7.0403
      vertex -9.3007 12.0818 7.0403
    endloop
  endfacet
  facet normal -0.0377806 0.865419 0.499623
    outer loop
      vertex -7.34999 12.2409 7.0403
      vertex -8.06467 11.9154 7.55007
      vertex -7.34999 11.9466 7.55007
    endloop
  endfacet
  facet normal -0.0377806 0.865419 0.499623
    outer loop
      vertex -8.06467 11.9154 7.55007
      vertex -7.34999 12.2409 7.0403
      vertex -8.06467 12.2097 7.0403
    endloop
  endfacet
  facet normal -0.0402989 0.923104 0.382434
    outer loop
      vertex -7.34999 12.4662 6.49648
      vertex -8.06467 12.2097 7.0403
      vertex -7.34999 12.2409 7.0403
    endloop
  endfacet
  facet normal -0.0402989 0.923104 0.382434
    outer loop
      vertex -8.06467 12.2097 7.0403
      vertex -7.34999 12.4662 6.49648
      vertex -8.06467 12.435 6.49648
    endloop
  endfacet
  facet normal -0.0566532 0.864634 0.499198
    outer loop
      vertex -8.06467 11.9154 7.55007
      vertex -8.59146 12.1752 7.0403
      vertex -8.55305 11.8834 7.55007
    endloop
  endfacet
  facet normal -0.0346147 0.7929 0.608368
    outer loop
      vertex -7.34999 11.9466 7.55007
      vertex -8.06467 11.5571 8.01705
      vertex -7.34999 11.5883 8.01705
    endloop
  endfacet
  facet normal -0.0346147 0.7929 0.608368
    outer loop
      vertex -8.06467 11.5571 8.01705
      vertex -7.34999 11.9466 7.55007
      vertex -8.06467 11.9154 7.55007
    endloop
  endfacet
  facet normal -0.0326209 0.499759 0.86555
    outer loop
      vertex -8.06467 10.6738 8.79161
      vertex -8.39099 10.6525 8.79161
      vertex -8.32445 10.1471 9.08593
    endloop
  endfacet
  facet normal -0.0652821 0.495732 0.866019
    outer loop
      vertex -8.39099 10.6525 8.79161
      vertex -9.0337 10.0537 9.08593
      vertex -8.32445 10.1471 9.08593
    endloop
  endfacet
  facet normal -0.0652831 0.495732 0.866018
    outer loop
      vertex -9.0337 10.0537 9.08593
      vertex -8.39099 10.6525 8.79161
      vertex -9.10023 10.5591 8.79161
    endloop
  endfacet
  facet normal -0.0308521 0.706711 0.70683
    outer loop
      vertex -7.34999 11.5883 8.01705
      vertex -8.06467 11.1408 8.43328
      vertex -7.34999 11.172 8.43328
    endloop
  endfacet
  facet normal -0.0308521 0.706711 0.70683
    outer loop
      vertex -8.06467 11.1408 8.43328
      vertex -7.34999 11.5883 8.01705
      vertex -8.06467 11.5571 8.01705
    endloop
  endfacet
  facet normal -0.0461416 0.706294 0.706413
    outer loop
      vertex -8.06467 11.5571 8.01705
      vertex -8.45194 11.1155 8.43328
      vertex -8.06467 11.1408 8.43328
    endloop
  endfacet
  facet normal 0.0505878 -0.254362 0.965785
    outer loop
      vertex 9.00113 -8.92841 9.46353
      vertex 8.8885 -8.95081 9.46353
      vertex 9.14829 -9.4776 9.31118
    endloop
  endfacet
  facet normal 0.0794794 -0.603542 0.79336
    outer loop
      vertex 9.10023 -10.5591 8.79161
      vertex 8.45194 -11.1155 8.43328
      vertex 9.16119 -11.0221 8.43328
    endloop
  endfacet
  facet normal 0.0794807 -0.603542 0.79336
    outer loop
      vertex 8.45194 -11.1155 8.43328
      vertex 9.10023 -10.5591 8.79161
      vertex 8.39099 -10.6525 8.79161
    endloop
  endfacet
  facet normal 0 -0.499983 0.866035
    outer loop
      vertex -7.34999 -10.1953 9.08593
      vertex 7.34999 -10.7051 8.79161
      vertex 7.34999 -10.1953 9.08593
    endloop
  endfacet
  facet normal 0 -0.499983 0.866035
    outer loop
      vertex 7.34999 -10.7051 8.79161
      vertex -7.34999 -10.1953 9.08593
      vertex -7.34999 -10.7051 8.79161
    endloop
  endfacet
  facet normal 0.290479 -0.921306 0.258489
    outer loop
      vertex 10.6146 -12.1887 5.92791
      vertex 11.05 -11.8919 6.49648
      vertex 10.5752 -12.0416 6.49648
    endloop
  endfacet
  facet normal 0.290525 -0.921302 0.258451
    outer loop
      vertex 11.05 -11.8919 6.49648
      vertex 10.6146 -12.1887 5.92791
      vertex 11.05 -12.0514 5.92791
    endloop
  endfacet
  facet normal 0.257965 -0.751133 0.607662
    outer loop
      vertex 11.05 -10.9717 8.01705
      vertex 11.0302 -10.9785 8.01705
      vertex 11.05 -11.0523 7.91742
    endloop
  endfacet
  facet normal 0.227633 -0.670283 0.706331
    outer loop
      vertex 10.9225 -10.5764 8.43328
      vertex 11.05 -10.9383 8.04876
      vertex 11.05 -10.5331 8.43328
    endloop
  endfacet
  facet normal 0.228827 -0.669869 0.706338
    outer loop
      vertex 11.05 -10.9383 8.04876
      vertex 10.9225 -10.5764 8.43328
      vertex 11.0302 -10.9785 8.01705
    endloop
  endfacet
  facet normal 0.160988 -0.474371 0.86548
    outer loop
      vertex 11.05 -9.96647 8.83246
      vertex 10.8016 -10.1253 8.79161
      vertex 11.05 -10.041 8.79161
    endloop
  endfacet
  facet normal 0.160929 -0.474292 0.865534
    outer loop
      vertex 10.8016 -10.1253 8.79161
      vertex 11.05 -9.96647 8.83246
      vertex 10.6697 -9.63295 9.08593
    endloop
  endfacet
  facet normal 0.0392876 -0.124595 0.99143
    outer loop
      vertex 9.54848 -8.20987 9.54036
      vertex 10.3818 -8.55846 9.46353
      vertex 10.2307 -7.99475 9.54036
    endloop
  endfacet
  facet normal 0.0392845 -0.124602 0.991429
    outer loop
      vertex 10.3818 -8.55846 9.46353
      vertex 9.54848 -8.20987 9.54036
      vertex 9.69952 -8.77357 9.46353
    endloop
  endfacet
  facet normal 0.0327062 -0.499789 0.865529
    outer loop
      vertex 8.06467 -10.1641 9.08593
      vertex 8.06467 -10.6738 8.79161
      vertex 8.32445 -10.1471 9.08593
    endloop
  endfacet
  facet normal -0.245501 0.0835346 0.96579
    outer loop
      vertex -15.8665 3.14551 9.46353
      vertex -16.3918 3.3631 9.31118
      vertex -15.9035 3.03677 9.46353
    endloop
  endfacet
  facet normal 0.00569807 -0.130522 0.991429
    outer loop
      vertex 7.34999 -8.4993 9.54036
      vertex 8.06467 -9.05169 9.46353
      vertex 8.06467 -8.4681 9.54036
    endloop
  endfacet
  facet normal 0.00569807 -0.130522 0.991429
    outer loop
      vertex 8.06467 -9.05169 9.46353
      vertex 7.34999 -8.4993 9.54036
      vertex 7.34999 -9.08289 9.46353
    endloop
  endfacet
  facet normal -0.00856312 0.13052 0.991409
    outer loop
      vertex -8.06467 9.05169 9.46353
      vertex -8.10308 8.46558 9.54036
      vertex -8.06467 8.4681 9.54036
    endloop
  endfacet
  facet normal -0.382564 0.0250345 0.92359
    outer loop
      vertex -17.4921 0.979451 9.08593
      vertex -17.5091 0.719666 9.08593
      vertex -16.9653 0.719666 9.31118
    endloop
  endfacet
  facet normal -0.0169692 -0.258787 0.965785
    outer loop
      vertex -8.17926 -9.04418 9.46353
      vertex -8.25347 -9.60788 9.31118
      vertex -8.06467 -9.62026 9.31118
    endloop
  endfacet
  facet normal -0.258793 0.0112979 0.965867
    outer loop
      vertex -16.9653 0.719666 9.31118
      vertex -16.4279 0.00498962 9.46353
      vertex -16.3967 0.719666 9.46353
    endloop
  endfacet
  facet normal -0.258793 0.0112979 0.965867
    outer loop
      vertex -16.4279 0.00498962 9.46353
      vertex -16.9653 0.719666 9.31118
      vertex -16.9965 0.00498962 9.31118
    endloop
  endfacet
  facet normal -0.441189 0.660159 0.6079
    outer loop
      vertex -13.9241 9.96236 7.55007
      vertex -14.1129 9.40617 8.01705
      vertex -13.745 9.65204 8.01705
    endloop
  endfacet
  facet normal -0.0250334 0.38254 0.9236
    outer loop
      vertex -8.06467 10.1641 9.08593
      vertex -8.32445 10.1471 9.08593
      vertex -8.06467 9.62026 9.31118
    endloop
  endfacet
  facet normal -0.0167031 0.382607 0.92376
    outer loop
      vertex -8.06467 10.1641 9.08593
      vertex -7.34999 9.65146 9.31118
      vertex -7.34999 10.1953 9.08593
    endloop
  endfacet
  facet normal -0.0167031 0.382607 0.92376
    outer loop
      vertex -7.34999 9.65146 9.31118
      vertex -8.06467 10.1641 9.08593
      vertex -8.06467 9.62026 9.31118
    endloop
  endfacet
  facet normal -0.0250826 0.382519 0.923607
    outer loop
      vertex -8.06467 9.62026 9.31118
      vertex -8.32445 10.1471 9.08593
      vertex -8.25347 9.60788 9.31118
    endloop
  endfacet
  facet normal -0.0499378 0.379369 0.923897
    outer loop
      vertex -8.32445 10.1471 9.08593
      vertex -8.96271 9.51452 9.31118
      vertex -8.25347 9.60788 9.31118
    endloop
  endfacet
  facet normal -0.0499611 0.379389 0.923887
    outer loop
      vertex -8.96271 9.51452 9.31118
      vertex -8.32445 10.1471 9.08593
      vertex -9.0337 10.0537 9.08593
    endloop
  endfacet
  facet normal -0.0506023 0.254355 0.965786
    outer loop
      vertex -8.96271 9.51452 9.31118
      vertex -9.14829 9.4776 9.31118
      vertex -8.8885 8.95081 9.46353
    endloop
  endfacet
  facet normal -0.239125 -0.0990278 0.965926
    outer loop
      vertex -15.8665 -3.14551 9.46353
      vertex -16.1181 -4.024 9.31118
      vertex -15.5928 -3.80642 9.46353
    endloop
  endfacet
  facet normal -0.239123 -0.0990285 0.965926
    outer loop
      vertex -16.1181 -4.024 9.31118
      vertex -15.8665 -3.14551 9.46353
      vertex -16.3918 -3.3631 9.31118
    endloop
  endfacet
  facet normal -0.303571 -0.232944 0.923895
    outer loop
      vertex -15.2146 -5.58887 9.31118
      vertex -15.2106 -6.48746 9.08593
      vertex -14.7791 -6.15641 9.31118
    endloop
  endfacet
  facet normal -0.30363 -0.23294 0.923876
    outer loop
      vertex -15.2106 -6.48746 9.08593
      vertex -15.2146 -5.58887 9.31118
      vertex -15.646 -5.91993 9.08593
    endloop
  endfacet
  facet normal -0.114694 0.232596 0.965787
    outer loop
      vertex -11.1514 8.24779 9.46353
      vertex -11.369 8.77308 9.31118
      vertex -11.2544 8.197 9.46353
    endloop
  endfacet
  facet normal -0.144155 0.215554 0.965793
    outer loop
      vertex -12.4923 7.48232 9.46353
      vertex -12.9339 7.8696 9.31118
      vertex -12.5877 7.41852 9.46353
    endloop
  endfacet
  facet normal -0.858611 0.113071 0.500002
    outer loop
      vertex -19.5202 1.24646 7.0403
      vertex -19.135 1.91729 7.55007
      vertex -19.4268 1.9557 7.0403
    endloop
  endfacet
  facet normal -0.858611 0.113069 0.500003
    outer loop
      vertex -19.135 1.91729 7.55007
      vertex -19.5202 1.24646 7.0403
      vertex -19.2284 1.20804 7.55007
    endloop
  endfacet
  facet normal -0.778691 -0.154921 0.60798
    outer loop
      vertex -18.7797 -1.87052 8.01705
      vertex -19.135 -1.91729 7.55007
      vertex -19.0395 -2.39731 7.55007
    endloop
  endfacet
  facet normal -0.792305 -0.0519146 0.607912
    outer loop
      vertex -18.9021 -0.719666 8.01705
      vertex -19.2604 -0.719666 7.55007
      vertex -19.2284 -1.20804 7.55007
    endloop
  endfacet
  facet normal -0.608287 0.0397044 0.792724
    outer loop
      vertex -17.9975 1.04599 8.79161
      vertex -18.4605 1.10694 8.43328
      vertex -18.0188 0.719666 8.79161
    endloop
  endfacet
  facet normal -0.130521 0.00854274 0.991409
    outer loop
      vertex -16.3892 0.834255 9.46353
      vertex -16.3967 0.719666 9.46353
      vertex -15.8106 0.75808 9.54036
    endloop
  endfacet
  facet normal -0.706398 -0.046389 0.706293
    outer loop
      vertex -18.4605 -1.10694 8.43328
      vertex -18.9021 -0.719666 8.01705
      vertex -18.8731 -1.16127 8.01705
    endloop
  endfacet
  facet normal -0.0882713 0.0963279 0.991428
    outer loop
      vertex -13.2416 6.90733 9.46353
      vertex -13.3564 6.01138 9.54036
      vertex -12.829 6.49467 9.54036
    endloop
  endfacet
  facet normal -0.0882713 0.0963279 0.991428
    outer loop
      vertex -13.3564 6.01138 9.54036
      vertex -13.2416 6.90733 9.46353
      vertex -13.769 6.42404 9.46353
    endloop
  endfacet
  facet normal -0.00855396 -0.130519 0.991409
    outer loop
      vertex -8.10308 -8.46558 9.54036
      vertex -8.17926 -9.04418 9.46353
      vertex -8.06467 -9.05169 9.46353
    endloop
  endfacet
  facet normal -0.694308 -0.138077 0.706308
    outer loop
      vertex -18.3671 -1.81619 8.43328
      vertex -18.6934 -2.30457 8.01705
      vertex -18.2914 -2.19684 8.43328
    endloop
  endfacet
  facet normal -0.792242 -0.0520263 0.607985
    outer loop
      vertex -18.9021 -0.719666 8.01705
      vertex -19.2284 -1.20804 7.55007
      vertex -18.8731 -1.16127 8.01705
    endloop
  endfacet
  facet normal -0.343874 -0.169507 0.92359
    outer loop
      vertex -16.1181 -4.024 9.31118
      vertex -16.6205 -4.23211 9.08593
      vertex -16.5054 -4.46561 9.08593
    endloop
  endfacet
  facet normal -0.379378 -0.0499602 0.923892
    outer loop
      vertex -16.9529 -0.908468 9.31118
      vertex -17.3987 -1.68869 9.08593
      vertex -16.8595 -1.61771 9.31118
    endloop
  endfacet
  facet normal -0.379378 -0.0499604 0.923892
    outer loop
      vertex -17.3987 -1.68869 9.08593
      vertex -16.9529 -0.908468 9.31118
      vertex -17.4921 -0.979451 9.08593
    endloop
  endfacet
  facet normal -0.474333 -0.160849 0.865526
    outer loop
      vertex -16.9779 -3.32468 9.08593
      vertex -17.3652 -3.76629 8.79161
      vertex -16.8943 -3.57121 9.08593
    endloop
  endfacet
  facet normal -0.778755 -0.154836 0.60792
    outer loop
      vertex -18.7797 -1.87052 8.01705
      vertex -19.0395 -2.39731 7.55007
      vertex -18.6934 -2.30457 8.01705
    endloop
  endfacet
  facet normal -0.245548 -0.083462 0.965785
    outer loop
      vertex -15.9035 -3.03677 9.46353
      vertex -16.4527 -3.18393 9.31118
      vertex -16.3918 -3.3631 9.31118
    endloop
  endfacet
  facet normal -0.422003 -0.268806 0.865827
    outer loop
      vertex -16.175 -5.10014 9.08593
      vertex -16.2322 -5.95835 8.79161
      vertex -15.7907 -5.70346 9.08593
    endloop
  endfacet
  facet normal -0.422003 -0.268806 0.865827
    outer loop
      vertex -16.2322 -5.95835 8.79161
      vertex -16.175 -5.10014 9.08593
      vertex -16.6165 -5.35503 8.79161
    endloop
  endfacet
  facet normal -0.322979 -0.205783 0.923763
    outer loop
      vertex -15.7041 -4.82823 9.31118
      vertex -15.7907 -5.70346 9.08593
      vertex -15.3197 -5.43155 9.31118
    endloop
  endfacet
  facet normal -0.323045 -0.205771 0.923743
    outer loop
      vertex -15.7907 -5.70346 9.08593
      vertex -15.7041 -4.82823 9.31118
      vertex -16.175 -5.10014 9.08593
    endloop
  endfacet
  facet normal -0.215644 -0.144064 0.965786
    outer loop
      vertex -14.8273 -5.14727 9.46353
      vertex -15.3197 -5.43155 9.31118
      vertex -15.2146 -5.58887 9.31118
    endloop
  endfacet
  facet normal -0.0255212 0.128286 0.991409
    outer loop
      vertex -8.81233 8.37221 9.54036
      vertex -8.8885 8.95081 9.46353
      vertex -8.85008 8.3647 9.54036
    endloop
  endfacet
  facet normal 0.113071 -0.858611 0.500002
    outer loop
      vertex 8.59146 -12.1752 7.0403
      vertex 9.26229 -11.79 7.55007
      vertex 8.55305 -11.8834 7.55007
    endloop
  endfacet
  facet normal 0.113071 -0.858611 0.500002
    outer loop
      vertex 9.26229 -11.79 7.55007
      vertex 8.59146 -12.1752 7.0403
      vertex 9.3007 -12.0818 7.0403
    endloop
  endfacet
  facet normal 0.063085 -0.963979 0.258389
    outer loop
      vertex 8.62086 -12.3985 6.49648
      vertex 8.06467 -12.5873 5.92791
      vertex 8.64075 -12.5496 5.92791
    endloop
  endfacet
  facet normal 0.130426 -0.991458 0
    outer loop
      vertex 8.65078 -12.6257 5.15
      vertex 9.36002 -12.5324 5.34431
      vertex 8.65078 -12.6257 5.34431
    endloop
  endfacet
  facet normal 0.130426 -0.991458 0
    outer loop
      vertex 9.36002 -12.5324 5.34431
      vertex 8.65078 -12.6257 5.15
      vertex 9.36002 -12.5324 5.15
    endloop
  endfacet
  facet normal 0 -1 0
    outer loop
      vertex -7.34999 -12.6954 5.15
      vertex 7.34999 -12.6954 5.34431
      vertex -7.34999 -12.6954 5.34431
    endloop
  endfacet
  facet normal 0 -1 -0
    outer loop
      vertex 7.34999 -12.6954 5.34431
      vertex -7.34999 -12.6954 5.15
      vertex 7.34999 -12.6954 5.15
    endloop
  endfacet
  facet normal 0.0648207 -0.989376 0.130126
    outer loop
      vertex 8.64075 -12.5496 5.92791
      vertex 8.06467 -12.6641 5.34431
      vertex 8.65078 -12.6257 5.34431
    endloop
  endfacet
  facet normal -0.0432422 -0.990525 0.13035
    outer loop
      vertex -8.06467 -12.6641 5.34431
      vertex -7.34999 -12.6185 5.92791
      vertex -8.06467 -12.5873 5.92791
    endloop
  endfacet
  facet normal -0.0433796 -0.990497 0.130516
    outer loop
      vertex -7.34999 -12.6185 5.92791
      vertex -8.06467 -12.6641 5.34431
      vertex -7.34999 -12.6954 5.34431
    endloop
  endfacet
  facet normal 0.214688 -0.967941 0.130379
    outer loop
      vertex 9.9361 -12.4178 5.34431
      vertex 10.6146 -12.1887 5.92791
      vertex 9.91622 -12.3436 5.92791
    endloop
  endfacet
  facet normal 0.214682 -0.967942 0.130386
    outer loop
      vertex 10.6146 -12.1887 5.92791
      vertex 9.9361 -12.4178 5.34431
      vertex 10.6345 -12.2629 5.34431
    endloop
  endfacet
  facet normal 0.0632633 -0.964011 0.258225
    outer loop
      vertex 8.06467 -12.435 6.49648
      vertex 8.06467 -12.5873 5.92791
      vertex 8.62086 -12.3985 6.49648
    endloop
  endfacet
  facet normal 0.0647468 0.989372 0.130198
    outer loop
      vertex 8.06467 12.6641 5.34431
      vertex 8.06467 12.5873 5.92791
      vertex 8.64075 12.5496 5.92791
    endloop
  endfacet
  facet normal 0.193379 0.972443 0.130226
    outer loop
      vertex 9.9361 12.4178 5.34431
      vertex 9.34999 12.4562 5.92791
      vertex 9.91622 12.3436 5.92791
    endloop
  endfacet
  facet normal 0.0653765 0.997861 -0
    outer loop
      vertex 8.65078 12.6257 5.15
      vertex 8.06467 12.6641 5.34431
      vertex 8.65078 12.6257 5.34431
    endloop
  endfacet
  facet normal 0.0653765 0.997861 0
    outer loop
      vertex 8.06467 12.6641 5.34431
      vertex 8.65078 12.6257 5.15
      vertex 8.06467 12.6641 5.15
    endloop
  endfacet
  facet normal 0.0432422 0.990525 0.13035
    outer loop
      vertex 8.06467 12.6641 5.34431
      vertex 7.34999 12.6185 5.92791
      vertex 8.06467 12.5873 5.92791
    endloop
  endfacet
  facet normal 0.0433796 0.990497 0.130516
    outer loop
      vertex 7.34999 12.6185 5.92791
      vertex 8.06467 12.6641 5.34431
      vertex 7.34999 12.6954 5.34431
    endloop
  endfacet
  facet normal 0.0112984 0.258806 0.965863
    outer loop
      vertex 7.34999 9.08289 9.46353
      vertex 8.06467 9.62026 9.31118
      vertex 7.34999 9.65146 9.31118
    endloop
  endfacet
  facet normal 0.0112984 0.258806 0.965863
    outer loop
      vertex 8.06467 9.62026 9.31118
      vertex 7.34999 9.08289 9.46353
      vertex 8.06467 9.05169 9.46353
    endloop
  endfacet
  facet normal 0.180228 0.906415 0.382007
    outer loop
      vertex 9.87679 12.1964 6.49648
      vertex 9.33011 12.3051 6.49648
      vertex 9.81849 11.9788 7.0403
    endloop
  endfacet
  facet normal 0.277842 0.881225 0.382423
    outer loop
      vertex 10.5752 12.0416 6.49648
      vertex 11.05 11.6559 7.0403
      vertex 11.05 11.8919 6.49648
    endloop
  endfacet
  facet normal 0.277873 0.881226 0.382396
    outer loop
      vertex 11.05 11.6559 7.0403
      vertex 10.5752 12.0416 6.49648
      vertex 10.5169 11.824 7.0403
    endloop
  endfacet
  facet normal -0.0392845 0.124602 0.991429
    outer loop
      vertex -10.3818 8.55846 9.46353
      vertex -9.54848 8.20987 9.54036
      vertex -9.69952 8.77357 9.46353
    endloop
  endfacet
  facet normal -0.0392876 0.124595 0.99143
    outer loop
      vertex -9.54848 8.20987 9.54036
      vertex -10.3818 8.55846 9.46353
      vertex -10.2307 7.99475 9.54036
    endloop
  endfacet
  facet normal -0.0862634 0.0983166 0.991409
    outer loop
      vertex -13.1553 6.98305 9.46353
      vertex -13.2416 6.90733 9.46353
      vertex -12.8 6.52005 9.54036
    endloop
  endfacet
  facet normal 0.0748024 -0.375998 0.923596
    outer loop
      vertex 9.14829 -9.4776 9.31118
      vertex 8.96271 -9.51452 9.31118
      vertex 9.28904 -10.0029 9.08593
    endloop
  endfacet
  facet normal -0.115887 -0.0603243 0.991429
    outer loop
      vertex -15.542 -3.90941 9.46353
      vertex -14.7063 -4.25215 9.54036
      vertex -15.0366 -3.61762 9.54036
    endloop
  endfacet
  facet normal -0.115887 -0.0603231 0.991429
    outer loop
      vertex -14.7063 -4.25215 9.54036
      vertex -15.542 -3.90941 9.46353
      vertex -15.2117 -4.54395 9.46353
    endloop
  endfacet
  facet normal -0.946931 0.321438 0
    outer loop
      vertex -19.3928 3.97175 5.15
      vertex -19.204 4.52794 5.34431
      vertex -19.204 4.52794 5.15
    endloop
  endfacet
  facet normal -0.946931 0.321438 0
    outer loop
      vertex -19.204 4.52794 5.34431
      vertex -19.3928 3.97175 5.15
      vertex -19.3928 3.97175 5.34431
    endloop
  endfacet
  facet normal -0.78662 -0.603471 0.130583
    outer loop
      vertex -17.6295 -7.44187 5.34431
      vertex -17.1331 -7.96264 5.92791
      vertex -17.5685 -7.3951 5.92791
    endloop
  endfacet
  facet normal -0.786566 -0.603569 0.13045
    outer loop
      vertex -17.1331 -7.96264 5.92791
      vertex -17.6295 -7.44187 5.34431
      vertex -17.194 -8.00941 5.34431
    endloop
  endfacet
  facet normal -0.803289 -0.536624 0.258383
    outer loop
      vertex -17.7573 -6.83891 6.49648
      vertex -17.8893 -6.91508 5.92791
      vertex -17.4477 -7.30236 6.49648
    endloop
  endfacet
  facet normal -0.659353 -0.751834 0
    outer loop
      vertex -15.796 -9.46173 5.25
      vertex -15.3544 -9.84901 5.34431
      vertex -15.796 -9.46173 5.34431
    endloop
  endfacet
  facet normal -0.659353 -0.751834 -0
    outer loop
      vertex -15.3544 -9.84901 5.34431
      vertex -15.796 -9.46173 5.25
      vertex -15.3544 -9.84901 5.25
    endloop
  endfacet
  facet normal -0.76846 -0.513357 0.382012
    outer loop
      vertex -17.5622 -6.72628 7.0403
      vertex -17.7573 -6.83891 6.49648
      vertex -17.4477 -7.30236 6.49648
    endloop
  endfacet
  facet normal -0.923908 -0.382614 0
    outer loop
      vertex -18.9303 -5.18885 5.15
      vertex -19.204 -4.52794 5.34431
      vertex -19.204 -4.52794 5.15
    endloop
  endfacet
  facet normal -0.923908 -0.382614 0
    outer loop
      vertex -19.204 -4.52794 5.34431
      vertex -18.9303 -5.18885 5.15
      vertex -18.9303 -5.18885 5.34431
    endloop
  endfacet
  facet normal -0.777096 -0.383281 0.499216
    outer loop
      vertex -18.2385 -4.90231 7.55007
      vertex -18.2769 -5.48842 7.0403
      vertex -18.022 -5.34126 7.55007
    endloop
  endfacet
  facet normal -0.67031 -0.227612 0.706312
    outer loop
      vertex -17.7967 -3.945 8.43328
      vertex -18.3235 -3.68521 8.01705
      vertex -18.1812 -4.10428 8.01705
    endloop
  endfacet
  facet normal -0.976276 -0.216531 0
    outer loop
      vertex -19.6079 -3.2895 5.15
      vertex -19.7628 -2.5911 5.34431
      vertex -19.7628 -2.5911 5.15
    endloop
  endfacet
  facet normal -0.976276 -0.216531 0
    outer loop
      vertex -19.7628 -2.5911 5.34431
      vertex -19.6079 -3.2895 5.15
      vertex -19.6079 -3.2895 5.34431
    endloop
  endfacet
  facet normal -0.967942 -0.214685 0.130379
    outer loop
      vertex -19.7628 -2.5911 5.34431
      vertex -19.5337 -3.26961 5.92791
      vertex -19.6886 -2.57122 5.92791
    endloop
  endfacet
  facet normal -0.967942 -0.214682 0.130383
    outer loop
      vertex -19.5337 -3.26961 5.92791
      vertex -19.7628 -2.5911 5.34431
      vertex -19.6079 -3.2895 5.34431
    endloop
  endfacet
  facet normal -0.989376 -0.0648202 0.130126
    outer loop
      vertex -19.8946 -1.29575 5.92791
      vertex -20.0091 -0.719666 5.34431
      vertex -19.9707 -1.30578 5.34431
    endloop
  endfacet
  facet normal -0.982971 0.129309 0.130568
    outer loop
      vertex -19.9707 1.30578 5.34431
      vertex -19.8012 2.00499 5.92791
      vertex -19.8774 2.01502 5.34431
    endloop
  endfacet
  facet normal -0.982974 0.129448 0.130402
    outer loop
      vertex -19.8012 2.00499 5.92791
      vertex -19.9707 1.30578 5.34431
      vertex -19.8946 1.29575 5.92791
    endloop
  endfacet
  facet normal -0.881237 0.277837 0.382397
    outer loop
      vertex -19.3866 3.23018 6.49648
      vertex -18.9539 3.85413 7.0403
      vertex -19.1715 3.91243 6.49648
    endloop
  endfacet
  facet normal -0.881237 0.277837 0.382397
    outer loop
      vertex -18.9539 3.85413 7.0403
      vertex -19.3866 3.23018 6.49648
      vertex -19.169 3.17188 7.0403
    endloop
  endfacet
  facet normal -0.281252 0.540263 0.793103
    outer loop
      vertex -12.299 10.0063 8.43328
      vertex -12.7 9.27152 8.79161
      vertex -12.0655 9.60183 8.79161
    endloop
  endfacet
  facet normal -0.281292 0.540275 0.793082
    outer loop
      vertex -12.7 9.27152 8.79161
      vertex -12.299 10.0063 8.43328
      vertex -12.9335 9.67595 8.43328
    endloop
  endfacet
  facet normal -0.957635 0.126111 0.258905
    outer loop
      vertex -19.8946 1.29575 5.92791
      vertex -19.6501 1.98511 6.49648
      vertex -19.8012 2.00499 5.92791
    endloop
  endfacet
  facet normal -0.957634 0.126109 0.258907
    outer loop
      vertex -19.6501 1.98511 6.49648
      vertex -19.8946 1.29575 5.92791
      vertex -19.7435 1.27586 6.49648
    endloop
  endfacet
  facet normal -0.980782 0.195108 0
    outer loop
      vertex -19.8774 2.01502 5.15
      vertex -19.7628 2.5911 5.34431
      vertex -19.7628 2.5911 5.15
    endloop
  endfacet
  facet normal -0.980782 0.195108 0
    outer loop
      vertex -19.7628 2.5911 5.34431
      vertex -19.8774 2.01502 5.15
      vertex -19.8774 2.01502 5.34431
    endloop
  endfacet
  facet normal -0.215625 -0.144081 0.965788
    outer loop
      vertex -14.8273 -5.14727 9.46353
      vertex -15.2146 -5.58887 9.31118
      vertex -14.7635 -5.24275 9.46353
    endloop
  endfacet
  facet normal -0.288264 -0.2527 0.923605
    outer loop
      vertex -14.7791 -6.15641 9.31118
      vertex -15.2106 -6.48746 9.08593
      vertex -14.6544 -6.29866 9.31118
    endloop
  endfacet
  facet normal -0.310592 -0.914789 0.258251
    outer loop
      vertex -11.2574 -11.8265 6.49648
      vertex -11.7852 -11.6473 6.49648
      vertex -11.2969 -11.9736 5.92791
    endloop
  endfacet
  facet normal -0.216531 -0.976276 0
    outer loop
      vertex -10.6345 -12.2629 5.15
      vertex -9.9361 -12.4178 5.34431
      vertex -10.6345 -12.2629 5.34431
    endloop
  endfacet
  facet normal -0.216531 -0.976276 -0
    outer loop
      vertex -9.9361 -12.4178 5.34431
      vertex -10.6345 -12.2629 5.15
      vertex -9.9361 -12.4178 5.15
    endloop
  endfacet
  facet normal -0.0632633 -0.964011 0.258225
    outer loop
      vertex -8.06467 -12.435 6.49648
      vertex -8.62086 -12.3985 6.49648
      vertex -8.06467 -12.5873 5.92791
    endloop
  endfacet
  facet normal -0.169074 -0.849833 0.499197
    outer loop
      vertex -9.26229 -11.79 7.55007
      vertex -9.74231 -11.6945 7.55007
      vertex -9.3007 -12.0818 7.0403
    endloop
  endfacet
  facet normal -0.120625 -0.915989 0.382641
    outer loop
      vertex -8.62086 -12.3985 6.49648
      vertex -9.3007 -12.0818 7.0403
      vertex -9.33011 -12.3051 6.49648
    endloop
  endfacet
  facet normal -0.120627 -0.915989 0.382639
    outer loop
      vertex -9.3007 -12.0818 7.0403
      vertex -8.62086 -12.3985 6.49648
      vertex -8.59146 -12.1752 7.0403
    endloop
  endfacet
  facet normal -0.278539 -0.820516 0.49917
    outer loop
      vertex -11.5864 -11.1673 7.55007
      vertex -11.699 -11.4392 7.0403
      vertex -11.1991 -11.6089 7.0403
    endloop
  endfacet
  facet normal -0.108306 -0.488501 0.865815
    outer loop
      vertex -9.98743 -9.84806 9.08593
      vertex -9.42097 -10.4953 8.79161
      vertex -9.28904 -10.0029 9.08593
    endloop
  endfacet
  facet normal -0.108266 -0.488475 0.865835
    outer loop
      vertex -9.42097 -10.4953 8.79161
      vertex -9.98743 -9.84806 9.08593
      vertex -10.1194 -10.3405 8.79161
    endloop
  endfacet
  facet normal -0.227443 -0.67029 0.706386
    outer loop
      vertex -10.9225 -10.5764 8.43328
      vertex -11.29 -10.4517 8.43328
      vertex -11.0302 -10.9785 8.01705
    endloop
  endfacet
  facet normal -0.0794807 -0.603542 0.79336
    outer loop
      vertex -9.10023 -10.5591 8.79161
      vertex -8.45194 -11.1155 8.43328
      vertex -8.39099 -10.6525 8.79161
    endloop
  endfacet
  facet normal -0.0794794 -0.603542 0.79336
    outer loop
      vertex -8.45194 -11.1155 8.43328
      vertex -9.10023 -10.5591 8.79161
      vertex -9.16119 -11.0221 8.43328
    endloop
  endfacet
  facet normal -0.0218252 -0.499938 0.865786
    outer loop
      vertex -8.06467 -10.6738 8.79161
      vertex -7.34999 -10.1953 9.08593
      vertex -8.06467 -10.1641 9.08593
    endloop
  endfacet
  facet normal -0.0218919 -0.499863 0.865828
    outer loop
      vertex -7.34999 -10.1953 9.08593
      vertex -8.06467 -10.6738 8.79161
      vertex -7.34999 -10.7051 8.79161
    endloop
  endfacet
  facet normal -0.393274 -0.588552 0.706358
    outer loop
      vertex -13.8595 -9.07595 8.43328
      vertex -14.1129 -9.40617 8.01705
      vertex -13.5368 -9.29158 8.43328
    endloop
  endfacet
  facet normal -0.40191 -0.458312 0.792729
    outer loop
      vertex -14.1428 -8.27 8.79161
      vertex -14.7189 -8.38459 8.43328
      vertex -14.4271 -8.64048 8.43328
    endloop
  endfacet
  facet normal -0.401905 -0.458324 0.792724
    outer loop
      vertex -14.3887 -8.05437 8.79161
      vertex -14.7189 -8.38459 8.43328
      vertex -14.1428 -8.27 8.79161
    endloop
  endfacet
  facet normal -0.338698 -0.506876 0.792692
    outer loop
      vertex -13.5753 -8.70547 8.79161
      vertex -13.8595 -9.07595 8.43328
      vertex -13.5368 -9.29158 8.43328
    endloop
  endfacet
  facet normal -0.441189 -0.660159 0.6079
    outer loop
      vertex -13.745 -9.65204 8.01705
      vertex -14.1129 -9.40617 8.01705
      vertex -13.9241 -9.96236 7.55007
    endloop
  endfacet
  facet normal -0.5134 -0.768393 0.382091
    outer loop
      vertex -14.5102 -9.92395 7.0403
      vertex -14.6474 -10.1027 6.49648
      vertex -14.0713 -10.2172 7.0403
    endloop
  endfacet
  facet normal -0.441054 -0.660178 0.607977
    outer loop
      vertex -14.1129 -9.40617 8.01705
      vertex -14.3311 -9.69045 7.55007
      vertex -13.9241 -9.96236 7.55007
    endloop
  endfacet
  facet normal -0.550786 -0.824407 0.130339
    outer loop
      vertex -14.7401 -10.2235 5.92791
      vertex -14.7869 -10.2845 5.34431
      vertex -14.2985 -10.6108 5.34431
    endloop
  endfacet
  facet normal -0.144094 -0.215621 0.965787
    outer loop
      vertex -12.4923 -7.48232 9.46353
      vertex -12.9339 -7.8696 9.31118
      vertex -12.7766 -7.97472 9.31118
    endloop
  endfacet
  facet normal -0.205764 -0.323017 0.923754
    outer loop
      vertex -13.0485 -8.44568 9.08593
      vertex -12.1732 -8.35909 9.31118
      vertex -12.7766 -7.97472 9.31118
    endloop
  endfacet
  facet normal -0.205764 -0.323017 0.923754
    outer loop
      vertex -12.1732 -8.35909 9.31118
      vertex -13.0485 -8.44568 9.08593
      vertex -12.4451 -8.83005 9.08593
    endloop
  endfacet
  facet normal -0.304335 -0.396676 0.866042
    outer loop
      vertex -13.8325 -7.86557 9.08593
      vertex -13.5753 -8.70547 8.79161
      vertex -13.2649 -8.30104 9.08593
    endloop
  endfacet
  facet normal -0.304396 -0.396686 0.866016
    outer loop
      vertex -13.5753 -8.70547 8.79161
      vertex -13.8325 -7.86557 9.08593
      vertex -14.1428 -8.27 8.79161
    endloop
  endfacet
  facet normal -0.0727153 -0.108731 0.991408
    outer loop
      vertex -12.2325 -6.95553 9.54036
      vertex -12.5877 -7.41852 9.46353
      vertex -12.4923 -7.48232 9.46353
    endloop
  endfacet
  facet normal -0.268844 -0.422043 0.865796
    outer loop
      vertex -13.3033 -8.88715 8.79161
      vertex -12.4451 -8.83005 9.08593
      vertex -13.0485 -8.44568 9.08593
    endloop
  endfacet
  facet normal -0.268856 -0.421991 0.865818
    outer loop
      vertex -12.4451 -8.83005 9.08593
      vertex -13.3033 -8.88715 8.79161
      vertex -12.7 -9.27152 8.79161
    endloop
  endfacet
  facet normal -0.0977211 -0.491183 0.865558
    outer loop
      vertex -9.28904 -10.0029 9.08593
      vertex -9.42097 -10.4953 8.79161
      vertex -9.0337 -10.0537 9.08593
    endloop
  endfacet
  facet normal -0.138077 -0.694308 0.706308
    outer loop
      vertex -9.54184 -10.9464 8.43328
      vertex -9.64957 -11.3484 8.01705
      vertex -9.16119 -11.0221 8.43328
    endloop
  endfacet
  facet normal -0.118895 -0.597853 0.792739
    outer loop
      vertex -9.42097 -10.4953 8.79161
      vertex -9.54184 -10.9464 8.43328
      vertex -9.16119 -11.0221 8.43328
    endloop
  endfacet
  facet normal -0.183239 -0.580882 0.793095
    outer loop
      vertex -10.9225 -10.5764 8.43328
      vertex -10.1194 -10.3405 8.79161
      vertex -10.8016 -10.1253 8.79161
    endloop
  endfacet
  facet normal -0.183168 -0.58101 0.793018
    outer loop
      vertex -10.1194 -10.3405 8.79161
      vertex -10.9225 -10.5764 8.43328
      vertex -10.2402 -10.7915 8.43328
    endloop
  endfacet
  facet normal -0.231046 -0.443821 0.865818
    outer loop
      vertex -12.4451 -8.83005 9.08593
      vertex -12.0655 -9.60183 8.79161
      vertex -11.8106 -9.16036 9.08593
    endloop
  endfacet
  facet normal -0.231046 -0.443821 0.865818
    outer loop
      vertex -12.0655 -9.60183 8.79161
      vertex -12.4451 -8.83005 9.08593
      vertex -12.7 -9.27152 8.79161
    endloop
  endfacet
  facet normal -0.115169 -0.365242 0.923761
    outer loop
      vertex -10.6697 -9.63295 9.08593
      vertex -9.84668 -9.32277 9.31118
      vertex -10.5289 -9.10765 9.31118
    endloop
  endfacet
  facet normal -0.115161 -0.365259 0.923755
    outer loop
      vertex -9.84668 -9.32277 9.31118
      vertex -10.6697 -9.63295 9.08593
      vertex -9.98743 -9.84806 9.08593
    endloop
  endfacet
  facet normal -0.0578941 0.117284 0.991409
    outer loop
      vertex -10.9281 7.70862 9.54036
      vertex -11.2544 8.197 9.46353
      vertex -10.9626 7.69159 9.54036
    endloop
  endfacet
  facet normal -0.0420666 -0.123853 0.991409
    outer loop
      vertex -10.2672 -7.98238 9.54036
      vertex -10.4905 -8.52154 9.46353
      vertex -10.3818 -8.55846 9.46353
    endloop
  endfacet
  facet normal -0.730979 -0.669831 0.13037
    outer loop
      vertex -16.8067 -8.45102 5.34431
      vertex -16.2691 -8.92411 5.92791
      vertex -16.7524 -8.39669 5.92791
    endloop
  endfacet
  facet normal -0.730979 -0.669831 0.13037
    outer loop
      vertex -16.2691 -8.92411 5.92791
      vertex -16.8067 -8.45102 5.34431
      vertex -16.3234 -8.97844 5.34431
    endloop
  endfacet
  facet normal -0.636959 -0.726354 0.25825
    outer loop
      vertex -15.2149 -9.66719 6.49648
      vertex -15.634 -9.29967 6.49648
      vertex -15.3076 -9.78805 5.92791
    endloop
  endfacet
  facet normal -0.766326 -0.588048 0.258733
    outer loop
      vertex -17.5685 -7.3951 5.92791
      vertex -17.0122 -7.86989 6.49648
      vertex -17.4477 -7.30236 6.49648
    endloop
  endfacet
  facet normal -0.766368 -0.587935 0.258868
    outer loop
      vertex -17.0122 -7.86989 6.49648
      vertex -17.5685 -7.3951 5.92791
      vertex -17.1331 -7.96264 5.92791
    endloop
  endfacet
  facet normal -0.521586 -0.477954 0.706759
    outer loop
      vertex -16.0239 -7.66819 8.01705
      vertex -15.2463 -7.90129 8.43328
      vertex -15.7296 -7.37387 8.43328
    endloop
  endfacet
  facet normal -0.521586 -0.477954 0.706759
    outer loop
      vertex -15.2463 -7.90129 8.43328
      vertex -16.0239 -7.66819 8.01705
      vertex -15.5406 -8.19561 8.01705
    endloop
  endfacet
  facet normal -0.624258 -0.681234 0.38239
    outer loop
      vertex -15.634 -9.29967 6.49648
      vertex -16.0021 -8.6571 7.0403
      vertex -16.1614 -8.81638 6.49648
    endloop
  endfacet
  facet normal -0.624258 -0.681234 0.38239
    outer loop
      vertex -16.0021 -8.6571 7.0403
      vertex -15.634 -9.29967 6.49648
      vertex -15.4747 -9.14039 7.0403
    endloop
  endfacet
  facet normal -0.651443 -0.571332 0.499201
    outer loop
      vertex -16.6 -7.5536 7.55007
      vertex -16.8335 -7.73277 7.0403
      vertex -16.4854 -8.12968 7.0403
    endloop
  endfacet
  facet normal -0.532206 -0.466738 0.706337
    outer loop
      vertex -15.7296 -7.37387 8.43328
      vertex -16.3157 -7.33546 8.01705
      vertex -16.0239 -7.66819 8.01705
    endloop
  endfacet
  facet normal -0.660166 -0.441095 0.607961
    outer loop
      vertex -16.7512 -6.76792 8.01705
      vertex -17.3074 -6.57912 7.55007
      vertex -17.0355 -6.98606 7.55007
    endloop
  endfacet
  facet normal -0.366459 -0.703961 0.608396
    outer loop
      vertex -12.6863 -10.677 7.55007
      vertex -13.1416 -10.0364 8.01705
      vertex -13.3208 -10.3467 7.55007
    endloop
  endfacet
  facet normal -0.366459 -0.703961 0.608396
    outer loop
      vertex -13.1416 -10.0364 8.01705
      vertex -12.6863 -10.677 7.55007
      vertex -12.5071 -10.3667 8.01705
    endloop
  endfacet
  facet normal -0.49652 -0.779267 0.382375
    outer loop
      vertex -13.5806 -10.7967 6.49648
      vertex -14.0713 -10.2172 7.0403
      vertex -14.1839 -10.4123 6.49648
    endloop
  endfacet
  facet normal -0.49652 -0.779267 0.382375
    outer loop
      vertex -14.0713 -10.2172 7.0403
      vertex -13.5806 -10.7967 6.49648
      vertex -13.468 -10.6016 7.0403
    endloop
  endfacet
  facet normal -0.513324 -0.768494 0.381989
    outer loop
      vertex -14.0713 -10.2172 7.0403
      vertex -14.6474 -10.1027 6.49648
      vertex -14.1839 -10.4123 6.49648
    endloop
  endfacet
  facet normal -0.461692 0.887041 0
    outer loop
      vertex -13.0606 11.3255 5.25
      vertex -13.6952 10.9952 5.34431
      vertex -13.0606 11.3255 5.34431
    endloop
  endfacet
  facet normal -0.461692 0.887041 0
    outer loop
      vertex -13.6952 10.9952 5.34431
      vertex -13.0606 11.3255 5.25
      vertex -13.6952 10.9952 5.25
    endloop
  endfacet
  facet normal -0.446057 0.856866 0.258483
    outer loop
      vertex -13.0222 11.2589 5.92791
      vertex -13.5806 10.7967 6.49648
      vertex -12.9461 11.127 6.49648
    endloop
  endfacet
  facet normal -0.445992 0.856878 0.258555
    outer loop
      vertex -13.5806 10.7967 6.49648
      vertex -13.0222 11.2589 5.92791
      vertex -13.6568 10.9286 5.92791
    endloop
  endfacet
  facet normal -0.537355 0.843356 0
    outer loop
      vertex -13.6952 10.9952 5.25
      vertex -14.2985 10.6108 5.34431
      vertex -13.6952 10.9952 5.34431
    endloop
  endfacet
  facet normal -0.537355 0.843356 0
    outer loop
      vertex -14.2985 10.6108 5.34431
      vertex -13.6952 10.9952 5.25
      vertex -14.2985 10.6108 5.25
    endloop
  endfacet
  facet normal -0.379345 0.915999 0.130549
    outer loop
      vertex -11.8729 11.859 5.34431
      vertex -12.5044 11.5143 5.92791
      vertex -11.8435 11.788 5.92791
    endloop
  endfacet
  facet normal -0.379345 0.915999 0.130549
    outer loop
      vertex -12.5044 11.5143 5.92791
      vertex -11.8729 11.859 5.34431
      vertex -12.5338 11.5853 5.34431
    endloop
  endfacet
  facet normal -0.330255 0.376506 0.865549
    outer loop
      vertex -13.8325 7.86557 9.08593
      vertex -14.1428 8.27 8.79161
      vertex -14.0282 7.69391 9.08593
    endloop
  endfacet
  facet normal -0.768378 0.513419 0.382095
    outer loop
      vertex -17.4477 7.30236 6.49648
      vertex -17.5622 6.72628 7.0403
      vertex -17.2689 7.16523 7.0403
    endloop
  endfacet
  facet normal -0.76846 0.513357 0.382012
    outer loop
      vertex -17.4477 7.30236 6.49648
      vertex -17.7573 6.83891 6.49648
      vertex -17.5622 6.72628 7.0403
    endloop
  endfacet
  facet normal -0.803226 0.5368 0.258214
    outer loop
      vertex -17.5685 7.3951 5.92791
      vertex -17.8893 6.91508 5.92791
      vertex -17.4477 7.30236 6.49648
    endloop
  endfacet
  facet normal -0.866468 0.427246 0.258253
    outer loop
      vertex -18.6039 5.67723 5.92791
      vertex -18.7185 5.10114 6.49648
      vertex -18.472 5.60105 6.49648
    endloop
  endfacet
  facet normal -0.819606 0.426633 0.3824
    outer loop
      vertex -18.472 5.60105 6.49648
      vertex -17.9466 6.12296 7.0403
      vertex -18.1417 6.23559 6.49648
    endloop
  endfacet
  facet normal -0.819606 0.426633 0.3824
    outer loop
      vertex -17.9466 6.12296 7.0403
      vertex -18.472 5.60105 6.49648
      vertex -18.2769 5.48842 7.0403
    endloop
  endfacet
  facet normal -0.7122 0.652623 0.258563
    outer loop
      vertex -16.7524 8.39669 5.92791
      vertex -16.1614 8.81638 6.49648
      vertex -16.2691 8.92411 5.92791
    endloop
  endfacet
  facet normal -0.7122 0.652623 0.258563
    outer loop
      vertex -16.1614 8.81638 6.49648
      vertex -16.7524 8.39669 5.92791
      vertex -16.6447 8.28896 6.49648
    endloop
  endfacet
  facet normal -0.215644 0.144064 0.965786
    outer loop
      vertex -15.2146 5.58887 9.31118
      vertex -15.3197 5.43155 9.31118
      vertex -14.8273 5.14727 9.46353
    endloop
  endfacet
  facet normal -0.674666 0.212706 0.706811
    outer loop
      vertex -18.3235 3.68521 8.01705
      vertex -18.1365 2.89523 8.43328
      vertex -17.9214 3.57749 8.43328
    endloop
  endfacet
  facet normal -0.674663 0.212708 0.706813
    outer loop
      vertex -18.1365 2.89523 8.43328
      vertex -18.3235 3.68521 8.01705
      vertex -18.5386 3.00296 8.01705
    endloop
  endfacet
  facet normal -0.831484 0.555549 0
    outer loop
      vertex -17.9558 6.9535 5.15
      vertex -17.6295 7.44187 5.34431
      vertex -17.6295 7.44187 5.15
    endloop
  endfacet
  facet normal -0.831484 0.555549 0
    outer loop
      vertex -17.6295 7.44187 5.34431
      vertex -17.9558 6.9535 5.15
      vertex -17.9558 6.9535 5.34431
    endloop
  endfacet
  facet normal -0.921305 0.290469 0.258503
    outer loop
      vertex -19.5337 3.26961 5.92791
      vertex -19.1715 3.91243 6.49648
      vertex -19.3186 3.95186 5.92791
    endloop
  endfacet
  facet normal -0.921305 0.290469 0.258503
    outer loop
      vertex -19.1715 3.91243 6.49648
      vertex -19.5337 3.26961 5.92791
      vertex -19.3866 3.23018 6.49648
    endloop
  endfacet
  facet normal -0.9148 0.310589 0.258216
    outer loop
      vertex -18.9923 4.44024 6.49648
      vertex -19.3186 3.95186 5.92791
      vertex -19.1715 3.91243 6.49648
    endloop
  endfacet
  facet normal -0.382619 0.923906 -1.66017e-05
    outer loop
      vertex -11.8729 11.859 5.34431
      vertex -12.4983 11.6 5.25
      vertex -12.5338 11.5853 5.34431
    endloop
  endfacet
  facet normal -0.382621 0.923905 0
    outer loop
      vertex -11.8729 11.859 5.15
      vertex -12.4983 11.6 5.25
      vertex -11.8729 11.859 5.34431
    endloop
  endfacet
  facet normal -0.382621 0.923905 0
    outer loop
      vertex -12.4983 11.6 5.25
      vertex -11.8729 11.859 5.15
      vertex -12.4983 11.6 5.15
    endloop
  endfacet
  facet normal -0.382582 0.923922 0
    outer loop
      vertex -12.5338 11.5853 5.34431
      vertex -12.4983 11.6 5.25
      vertex -12.5338 11.5853 5.25
    endloop
  endfacet
  facet normal -0.331468 0.800099 0.499971
    outer loop
      vertex -11.699 11.4392 7.0403
      vertex -12.2473 10.8935 7.55007
      vertex -11.5864 11.1673 7.55007
    endloop
  endfacet
  facet normal -0.331468 0.800099 0.499971
    outer loop
      vertex -12.2473 10.8935 7.55007
      vertex -11.699 11.4392 7.0403
      vertex -12.3599 11.1654 7.0403
    endloop
  endfacet
  facet normal -0.38324 0.777149 0.499166
    outer loop
      vertex -12.3599 11.1654 7.0403
      vertex -12.8334 10.9319 7.0403
      vertex -12.2473 10.8935 7.55007
    endloop
  endfacet
  facet normal -0.629391 0.482961 0.608782
    outer loop
      vertex -17.0355 6.98606 7.55007
      vertex -16.3157 7.33546 8.01705
      vertex -16.6 7.5536 7.55007
    endloop
  endfacet
  facet normal -0.629391 0.482961 0.608782
    outer loop
      vertex -16.3157 7.33546 8.01705
      vertex -17.0355 6.98606 7.55007
      vertex -16.7512 6.76792 8.01705
    endloop
  endfacet
  facet normal -0.465408 0.730553 0.499688
    outer loop
      vertex -13.468 10.6016 7.0403
      vertex -13.9241 9.96236 7.55007
      vertex -13.3208 10.3467 7.55007
    endloop
  endfacet
  facet normal -0.46548 0.730552 0.499622
    outer loop
      vertex -13.9241 9.96236 7.55007
      vertex -13.468 10.6016 7.0403
      vertex -14.0713 10.2172 7.0403
    endloop
  endfacet
  facet normal -0.0828919 0.373899 0.923758
    outer loop
      vertex -9.28904 10.0029 9.08593
      vertex -9.84668 9.32277 9.31118
      vertex -9.14829 9.4776 9.31118
    endloop
  endfacet
  facet normal -0.0828982 0.373904 0.923755
    outer loop
      vertex -9.84668 9.32277 9.31118
      vertex -9.28904 10.0029 9.08593
      vertex -9.98743 9.84806 9.08593
    endloop
  endfacet
  facet normal -0.118895 0.597853 0.792739
    outer loop
      vertex -9.16119 11.0221 8.43328
      vertex -9.54184 10.9464 8.43328
      vertex -9.42097 10.4953 8.79161
    endloop
  endfacet
  facet normal -0.297115 0.875096 0.382007
    outer loop
      vertex -11.2574 11.8265 6.49648
      vertex -11.7852 11.6473 6.49648
      vertex -11.1991 11.6089 7.0403
    endloop
  endfacet
  facet normal -0.188418 0.947494 0.258368
    outer loop
      vertex -9.34999 12.4562 5.92791
      vertex -9.91622 12.3436 5.92791
      vertex -9.87679 12.1964 6.49648
    endloop
  endfacet
  facet normal -0.120627 0.915989 0.382639
    outer loop
      vertex -8.62086 12.3985 6.49648
      vertex -9.3007 12.0818 7.0403
      vertex -8.59146 12.1752 7.0403
    endloop
  endfacet
  facet normal -0.120625 0.915989 0.382641
    outer loop
      vertex -9.3007 12.0818 7.0403
      vertex -8.62086 12.3985 6.49648
      vertex -9.33011 12.3051 6.49648
    endloop
  endfacet
  facet normal -0.154836 0.778755 0.60792
    outer loop
      vertex -9.21552 11.4347 8.01705
      vertex -9.74231 11.6945 7.55007
      vertex -9.64957 11.3484 8.01705
    endloop
  endfacet
  facet normal -0.298103 0.945586 0.130389
    outer loop
      vertex -10.6345 12.2629 5.34431
      vertex -11.2969 11.9736 5.92791
      vertex -10.6146 12.1887 5.92791
    endloop
  endfacet
  facet normal -0.298145 0.94558 0.130338
    outer loop
      vertex -11.2969 11.9736 5.92791
      vertex -10.6345 12.2629 5.34431
      vertex -11.3167 12.0478 5.34431
    endloop
  endfacet
  facet normal -0.209031 0.943082 0.258655
    outer loop
      vertex -9.91622 12.3436 5.92791
      vertex -10.5752 12.0416 6.49648
      vertex -9.87679 12.1964 6.49648
    endloop
  endfacet
  facet normal -0.209177 0.943094 0.258492
    outer loop
      vertex -10.5752 12.0416 6.49648
      vertex -9.91622 12.3436 5.92791
      vertex -10.6146 12.1887 5.92791
    endloop
  endfacet
  facet normal -0.180228 0.906415 0.382007
    outer loop
      vertex -9.33011 12.3051 6.49648
      vertex -9.87679 12.1964 6.49648
      vertex -9.81849 11.9788 7.0403
    endloop
  endfacet
  facet normal -0.13805 0.694329 0.706293
    outer loop
      vertex -9.21552 11.4347 8.01705
      vertex -9.64957 11.3484 8.01705
      vertex -9.16119 11.0221 8.43328
    endloop
  endfacet
  facet normal -0.154921 0.778691 0.60798
    outer loop
      vertex -9.26229 11.79 7.55007
      vertex -9.74231 11.6945 7.55007
      vertex -9.21552 11.4347 8.01705
    endloop
  endfacet
  facet normal -0.255273 0.751826 0.607941
    outer loop
      vertex -11.123 11.3246 7.55007
      vertex -11.4493 10.8362 8.01705
      vertex -11.0302 10.9785 8.01705
    endloop
  endfacet
  facet normal -0.255203 0.751818 0.607981
    outer loop
      vertex -11.123 11.3246 7.55007
      vertex -11.5864 11.1673 7.55007
      vertex -11.4493 10.8362 8.01705
    endloop
  endfacet
  facet normal -0.051914 0.792305 0.607912
    outer loop
      vertex -8.06467 11.9154 7.55007
      vertex -8.55305 11.8834 7.55007
      vertex -8.06467 11.5571 8.01705
    endloop
  endfacet
  facet normal -0.0520267 0.792241 0.607986
    outer loop
      vertex -8.06467 11.5571 8.01705
      vertex -8.55305 11.8834 7.55007
      vertex -8.50627 11.5281 8.01705
    endloop
  endfacet
  facet normal 0.0977058 -0.491194 0.865553
    outer loop
      vertex 9.42097 -10.4953 8.79161
      vertex 9.0337 -10.0537 9.08593
      vertex 9.10023 -10.5591 8.79161
    endloop
  endfacet
  facet normal 0.0748047 -0.375996 0.923597
    outer loop
      vertex 9.28904 -10.0029 9.08593
      vertex 8.96271 -9.51452 9.31118
      vertex 9.0337 -10.0537 9.08593
    endloop
  endfacet
  facet normal 0.0397376 -0.608268 0.792736
    outer loop
      vertex 8.06467 -10.6738 8.79161
      vertex 8.06467 -11.1408 8.43328
      vertex 8.45194 -11.1155 8.43328
    endloop
  endfacet
  facet normal 0.123207 -0.363018 0.9236
    outer loop
      vertex 10.7081 -9.04683 9.31118
      vertex 10.5289 -9.10765 9.31118
      vertex 10.6697 -9.63295 9.08593
    endloop
  endfacet
  facet normal -0 0.130524 0.991445
    outer loop
      vertex -7.34999 9.08289 9.46353
      vertex 7.34999 8.4993 9.54036
      vertex 7.34999 9.08289 9.46353
    endloop
  endfacet
  facet normal 0 0.130524 0.991445
    outer loop
      vertex 7.34999 8.4993 9.54036
      vertex -7.34999 9.08289 9.46353
      vertex -7.34999 8.4993 9.54036
    endloop
  endfacet
  facet normal 0.0602953 -0.115845 0.991435
    outer loop
      vertex 11.05 -7.6461 9.54036
      vertex 10.9626 -7.69159 9.54036
      vertex 11.05 -7.84294 9.51736
    endloop
  endfacet
  facet normal 0.0833528 -0.245591 0.965783
    outer loop
      vertex 10.7081 -9.04683 9.31118
      vertex 10.3818 -8.55846 9.46353
      vertex 10.5289 -9.10765 9.31118
    endloop
  endfacet
  facet normal 0.0834038 -0.245558 0.965787
    outer loop
      vertex 10.4905 -8.52154 9.46353
      vertex 10.3818 -8.55846 9.46353
      vertex 10.7081 -9.04683 9.31118
    endloop
  endfacet
  facet normal -0.049952 0.120592 0.991445
    outer loop
      vertex -10.4905 8.52154 9.46353
      vertex -10.9281 7.70862 9.54036
      vertex -10.2672 7.98238 9.54036
    endloop
  endfacet
  facet normal -0.0499497 0.120591 0.991445
    outer loop
      vertex -10.9281 7.70862 9.54036
      vertex -10.4905 8.52154 9.46353
      vertex -11.1514 8.24779 9.46353
    endloop
  endfacet
  facet normal -0.0392876 -0.124595 0.99143
    outer loop
      vertex -10.3818 -8.55846 9.46353
      vertex -9.54848 -8.20987 9.54036
      vertex -10.2307 -7.99475 9.54036
    endloop
  endfacet
  facet normal -0.0392845 -0.124602 0.991429
    outer loop
      vertex -9.54848 -8.20987 9.54036
      vertex -10.3818 -8.55846 9.46353
      vertex -9.69952 -8.77357 9.46353
    endloop
  endfacet
  facet normal -0.0420666 0.123853 0.991409
    outer loop
      vertex -10.3818 8.55846 9.46353
      vertex -10.4905 8.52154 9.46353
      vertex -10.2672 7.98238 9.54036
    endloop
  endfacet
  facet normal -0.128288 0.0255141 0.991409
    outer loop
      vertex -16.2734 1.65613 9.46353
      vertex -16.2958 1.5435 9.46353
      vertex -15.7097 1.50508 9.54036
    endloop
  endfacet
  facet normal -0.363035 0.123396 0.923569
    outer loop
      vertex -16.3918 3.3631 9.31118
      vertex -16.9779 3.32468 9.08593
      vertex -16.4527 3.18393 9.31118
    endloop
  endfacet
  facet normal -0.288264 0.2527 0.923605
    outer loop
      vertex -14.6544 6.29866 9.31118
      vertex -15.2106 6.48746 9.08593
      vertex -14.7791 6.15641 9.31118
    endloop
  endfacet
  facet normal -0.205764 0.323017 0.923754
    outer loop
      vertex -13.0485 8.44568 9.08593
      vertex -12.1732 8.35909 9.31118
      vertex -12.4451 8.83005 9.08593
    endloop
  endfacet
  facet normal -0.205764 0.323017 0.923754
    outer loop
      vertex -12.1732 8.35909 9.31118
      vertex -13.0485 8.44568 9.08593
      vertex -12.7766 7.97472 9.31118
    endloop
  endfacet
  facet normal -0.232928 0.562388 0.793388
    outer loop
      vertex -11.29 10.4517 8.43328
      vertex -11.7722 9.74647 8.79161
      vertex -11.1113 10.0202 8.79161
    endloop
  endfacet
  facet normal -0.233 0.562416 0.793347
    outer loop
      vertex -11.7722 9.74647 8.79161
      vertex -11.29 10.4517 8.43328
      vertex -11.9509 10.1779 8.43328
    endloop
  endfacet
  facet normal -0.562342 0.732967 0.382794
    outer loop
      vertex -14.6474 10.1027 6.49648
      vertex -15.0778 9.48848 7.0403
      vertex -14.5102 9.92395 7.0403
    endloop
  endfacet
  facet normal -0.56247 0.732938 0.38266
    outer loop
      vertex -15.0778 9.48848 7.0403
      vertex -14.6474 10.1027 6.49648
      vertex -15.2149 9.66719 6.49648
    endloop
  endfacet
  facet normal 0.0255212 0.128286 0.991409
    outer loop
      vertex 8.8885 8.95081 9.46353
      vertex 8.81233 8.37221 9.54036
      vertex 8.85008 8.3647 9.54036
    endloop
  endfacet
  facet normal -0.0255212 -0.128286 0.991409
    outer loop
      vertex -8.85008 -8.3647 9.54036
      vertex -8.8885 -8.95081 9.46353
      vertex -8.81233 -8.37221 9.54036
    endloop
  endfacet
  facet normal -0.0337823 0.256611 0.965924
    outer loop
      vertex -8.25347 9.60788 9.31118
      vertex -8.8885 8.95081 9.46353
      vertex -8.17926 9.04418 9.46353
    endloop
  endfacet
  facet normal -0.0337782 0.256607 0.965925
    outer loop
      vertex -8.8885 8.95081 9.46353
      vertex -8.25347 9.60788 9.31118
      vertex -8.96271 9.51452 9.31118
    endloop
  endfacet
  facet normal 0.0282792 0.12755 0.991429
    outer loop
      vertex 9.00113 8.92841 9.46353
      vertex 9.54848 8.20987 9.54036
      vertex 9.69952 8.77357 9.46353
    endloop
  endfacet
  facet normal 0.0282765 0.127548 0.991429
    outer loop
      vertex 9.54848 8.20987 9.54036
      vertex 9.00113 8.92841 9.46353
      vertex 8.85008 8.3647 9.54036
    endloop
  endfacet
  facet normal 0.0833528 0.245591 0.965783
    outer loop
      vertex 10.5289 9.10765 9.31118
      vertex 10.3818 8.55846 9.46353
      vertex 10.7081 9.04683 9.31118
    endloop
  endfacet
  facet normal 0.0834038 0.245558 0.965787
    outer loop
      vertex 10.7081 9.04683 9.31118
      vertex 10.3818 8.55846 9.46353
      vertex 10.4905 8.52154 9.46353
    endloop
  endfacet
  facet normal -0.114707 0.232593 0.965786
    outer loop
      vertex -11.369 8.77308 9.31118
      vertex -11.5387 8.68939 9.31118
      vertex -11.2544 8.197 9.46353
    endloop
  endfacet
  facet normal -0.169566 0.343832 0.923594
    outer loop
      vertex -11.369 8.77308 9.31118
      vertex -11.8106 9.16036 9.08593
      vertex -11.5387 8.68939 9.31118
    endloop
  endfacet
  facet normal 0.0990426 -0.239123 0.965925
    outer loop
      vertex 10.4905 -8.52154 9.46353
      vertex 11.05 -8.90521 9.31118
      vertex 11.05 -8.2898 9.46353
    endloop
  endfacet
  facet normal 0.0990462 -0.239118 0.965926
    outer loop
      vertex 11.05 -8.90521 9.31118
      vertex 10.4905 -8.52154 9.46353
      vertex 10.7081 -9.04683 9.31118
    endloop
  endfacet
  facet normal -0.239125 0.0990278 0.965926
    outer loop
      vertex -16.1181 4.024 9.31118
      vertex -15.8665 3.14551 9.46353
      vertex -15.5928 3.80642 9.46353
    endloop
  endfacet
  facet normal -0.239123 0.0990285 0.965926
    outer loop
      vertex -15.8665 3.14551 9.46353
      vertex -16.1181 4.024 9.31118
      vertex -16.3918 3.3631 9.31118
    endloop
  endfacet
  facet normal -0.0834038 -0.245558 0.965787
    outer loop
      vertex -10.4905 -8.52154 9.46353
      vertex -10.7081 -9.04683 9.31118
      vertex -10.3818 -8.55846 9.46353
    endloop
  endfacet
  facet normal -0.922161 -0.0605164 0.382043
    outer loop
      vertex -19.5547 -0.719666 7.0403
      vertex -19.78 -0.719666 6.49648
      vertex -19.7435 -1.27586 6.49648
    endloop
  endfacet
  facet normal -0.7929 -0.0346149 0.608368
    outer loop
      vertex -19.2604 -0.719666 7.55007
      vertex -18.9333 -0.00498962 8.01705
      vertex -19.2916 -0.00498962 7.55007
    endloop
  endfacet
  facet normal -0.7929 -0.0346149 0.608368
    outer loop
      vertex -18.9333 -0.00498962 8.01705
      vertex -19.2604 -0.719666 7.55007
      vertex -18.9021 -0.719666 8.01705
    endloop
  endfacet
  facet normal -0.786531 0.103577 0.608803
    outer loop
      vertex -19.2284 1.20804 7.55007
      vertex -18.7797 1.87052 8.01705
      vertex -19.135 1.91729 7.55007
    endloop
  endfacet
  facet normal -0.786531 0.103577 0.608803
    outer loop
      vertex -18.7797 1.87052 8.01705
      vertex -19.2284 1.20804 7.55007
      vertex -18.8731 1.16127 8.01705
    endloop
  endfacet
  facet normal -0.792305 0.0519146 0.607912
    outer loop
      vertex -19.2284 1.20804 7.55007
      vertex -19.2604 0.719666 7.55007
      vertex -18.9021 0.719666 8.01705
    endloop
  endfacet
  facet normal -0.853538 -0.353607 0.382668
    outer loop
      vertex -18.9923 -4.44024 6.49648
      vertex -18.5104 -5.01494 7.0403
      vertex -18.7842 -4.35404 7.0403
    endloop
  endfacet
  facet normal -0.853538 -0.353607 0.382668
    outer loop
      vertex -18.5104 -5.01494 7.0403
      vertex -18.9923 -4.44024 6.49648
      vertex -18.7185 -5.10114 6.49648
    endloop
  endfacet
  facet normal -0.774842 0.171746 0.608378
    outer loop
      vertex -19.0395 2.39731 7.55007
      vertex -18.5386 3.00296 8.01705
      vertex -18.8847 3.0957 7.55007
    endloop
  endfacet
  facet normal -0.774842 0.171746 0.608378
    outer loop
      vertex -18.5386 3.00296 8.01705
      vertex -19.0395 2.39731 7.55007
      vertex -18.6934 2.30457 8.01705
    endloop
  endfacet
  facet normal -0.580893 0.183229 0.793089
    outer loop
      vertex -17.9214 3.57749 8.43328
      vertex -17.6855 2.77437 8.79161
      vertex -17.4703 3.45662 8.79161
    endloop
  endfacet
  facet normal -0.580993 0.183173 0.793029
    outer loop
      vertex -17.6855 2.77437 8.79161
      vertex -17.9214 3.57749 8.43328
      vertex -18.1365 2.89523 8.43328
    endloop
  endfacet
  facet normal -0.130521 -0.00854274 0.991409
    outer loop
      vertex -15.8106 -0.75808 9.54036
      vertex -16.3967 -0.719666 9.46353
      vertex -16.3892 -0.834255 9.46353
    endloop
  endfacet
  facet normal -0.254362 -0.0505791 0.965786
    outer loop
      vertex -16.2958 -1.5435 9.46353
      vertex -16.8595 -1.61771 9.31118
      vertex -16.8226 -1.80328 9.31118
    endloop
  endfacet
  facet normal -0.12829 0.0254814 0.991409
    outer loop
      vertex -15.7097 1.50508 9.54036
      vertex -16.2958 1.5435 9.46353
      vertex -15.7172 1.46732 9.54036
    endloop
  endfacet
  facet normal 0.0255212 -0.128286 0.991409
    outer loop
      vertex 8.85008 -8.3647 9.54036
      vertex 8.81233 -8.37221 9.54036
      vertex 8.8885 -8.95081 9.46353
    endloop
  endfacet
  facet normal -0.13052 0.005698 0.991429
    outer loop
      vertex -16.3967 0.719666 9.46353
      vertex -15.8443 0.00498962 9.54036
      vertex -15.8131 0.719666 9.54036
    endloop
  endfacet
  facet normal -0.13052 0.005698 0.991429
    outer loop
      vertex -15.8443 0.00498962 9.54036
      vertex -16.3967 0.719666 9.46353
      vertex -16.4279 0.00498962 9.46353
    endloop
  endfacet
  facet normal -0.845698 -0.187451 0.499657
    outer loop
      vertex -19.3238 -2.47348 7.0403
      vertex -18.8847 -3.0957 7.55007
      vertex -19.0395 -2.39731 7.55007
    endloop
  endfacet
  facet normal -0.845697 -0.187448 0.49966
    outer loop
      vertex -18.8847 -3.0957 7.55007
      vertex -19.3238 -2.47348 7.0403
      vertex -19.169 -3.17188 7.0403
    endloop
  endfacet
  facet normal -0.774842 -0.171746 0.608378
    outer loop
      vertex -19.0395 -2.39731 7.55007
      vertex -18.5386 -3.00296 8.01705
      vertex -18.6934 -2.30457 8.01705
    endloop
  endfacet
  facet normal -0.774842 -0.171746 0.608378
    outer loop
      vertex -18.5386 -3.00296 8.01705
      vertex -19.0395 -2.39731 7.55007
      vertex -18.8847 -3.0957 7.55007
    endloop
  endfacet
  facet normal -0.603541 -0.0794805 0.79336
    outer loop
      vertex -17.9975 -1.04599 8.79161
      vertex -18.3671 -1.81619 8.43328
      vertex -17.9041 -1.75523 8.79161
    endloop
  endfacet
  facet normal -0.603543 -0.0794796 0.79336
    outer loop
      vertex -18.3671 -1.81619 8.43328
      vertex -17.9975 -1.04599 8.79161
      vertex -18.4605 -1.10694 8.43328
    endloop
  endfacet
  facet normal -0.6533 -0.270652 0.707069
    outer loop
      vertex -17.7967 -3.945 8.43328
      vertex -17.9074 -4.76518 8.01705
      vertex -17.5229 -4.6059 8.43328
    endloop
  endfacet
  facet normal -0.6533 -0.270652 0.707069
    outer loop
      vertex -17.9074 -4.76518 8.01705
      vertex -17.7967 -3.945 8.43328
      vertex -18.1812 -4.10428 8.01705
    endloop
  endfacet
  facet normal -0.513766 -0.327256 0.793062
    outer loop
      vertex -16.6165 -5.35503 8.79161
      vertex -16.6366 -6.19184 8.43328
      vertex -16.2322 -5.95835 8.79161
    endloop
  endfacet
  facet normal -0.513766 -0.327256 0.793062
    outer loop
      vertex -16.6366 -6.19184 8.43328
      vertex -16.6165 -5.35503 8.79161
      vertex -17.0209 -5.58852 8.43328
    endloop
  endfacet
  facet normal -0.363031 -0.123106 0.923609
    outer loop
      vertex -16.3918 -3.3631 9.31118
      vertex -16.9779 -3.32468 9.08593
      vertex -16.8943 -3.57121 9.08593
    endloop
  endfacet
  facet normal -0.353566 -0.146423 0.923878
    outer loop
      vertex -16.3918 -3.3631 9.31118
      vertex -16.6205 -4.23211 9.08593
      vertex -16.1181 -4.024 9.31118
    endloop
  endfacet
  facet normal -0.353496 -0.146447 0.923901
    outer loop
      vertex -16.6205 -4.23211 9.08593
      vertex -16.3918 -3.3631 9.31118
      vertex -16.8943 -3.57121 9.08593
    endloop
  endfacet
  facet normal -0.694329 -0.13805 0.706293
    outer loop
      vertex -18.3671 -1.81619 8.43328
      vertex -18.7797 -1.87052 8.01705
      vertex -18.6934 -2.30457 8.01705
    endloop
  endfacet
  facet normal -0.674666 -0.212706 0.706811
    outer loop
      vertex -18.1365 -2.89523 8.43328
      vertex -18.3235 -3.68521 8.01705
      vertex -17.9214 -3.57749 8.43328
    endloop
  endfacet
  facet normal -0.674663 -0.212708 0.706813
    outer loop
      vertex -18.3235 -3.68521 8.01705
      vertex -18.1365 -2.89523 8.43328
      vertex -18.5386 -3.00296 8.01705
    endloop
  endfacet
  facet normal -0.690696 -0.153193 0.706733
    outer loop
      vertex -18.6934 -2.30457 8.01705
      vertex -18.1365 -2.89523 8.43328
      vertex -18.2914 -2.19684 8.43328
    endloop
  endfacet
  facet normal -0.690638 -0.153082 0.706813
    outer loop
      vertex -18.1365 -2.89523 8.43328
      vertex -18.6934 -2.30457 8.01705
      vertex -18.5386 -3.00296 8.01705
    endloop
  endfacet
  facet normal -0.491184 -0.0977174 0.865557
    outer loop
      vertex -17.3987 -1.68869 9.08593
      vertex -17.8403 -2.07597 8.79161
      vertex -17.3479 -1.94404 9.08593
    endloop
  endfacet
  facet normal -0.175005 -0.190977 0.965868
    outer loop
      vertex -13.769 -6.42404 9.46353
      vertex -13.6437 -7.30937 9.31118
      vertex -13.2416 -6.90733 9.46353
    endloop
  endfacet
  facet normal -0.175005 -0.190977 0.965868
    outer loop
      vertex -13.6437 -7.30937 9.31118
      vertex -13.769 -6.42404 9.46353
      vertex -14.1711 -6.82608 9.31118
    endloop
  endfacet
  facet normal -0.232584 -0.114722 0.965786
    outer loop
      vertex -15.5928 -3.80642 9.46353
      vertex -16.1181 -4.024 9.31118
      vertex -15.542 -3.90941 9.46353
    endloop
  endfacet
  facet normal -0.416382 -0.278242 0.865568
    outer loop
      vertex -15.7907 -5.70346 9.08593
      vertex -16.2322 -5.95835 8.79161
      vertex -16.0505 -6.23026 8.79161
    endloop
  endfacet
  facet normal -0.416314 -0.278286 0.865586
    outer loop
      vertex -15.7907 -5.70346 9.08593
      vertex -16.0505 -6.23026 8.79161
      vertex -15.646 -5.91993 9.08593
    endloop
  endfacet
  facet normal 0.188396 -0.947493 0.258388
    outer loop
      vertex 9.87679 -12.1964 6.49648
      vertex 9.33011 -12.3051 6.49648
      vertex 9.34999 -12.4562 5.92791
    endloop
  endfacet
  facet normal 0.188418 -0.947494 0.258368
    outer loop
      vertex 9.87679 -12.1964 6.49648
      vertex 9.34999 -12.4562 5.92791
      vertex 9.91622 -12.3436 5.92791
    endloop
  endfacet
  facet normal -0.129309 -0.982971 0.130568
    outer loop
      vertex -8.65078 -12.6257 5.34431
      vertex -9.34999 -12.4562 5.92791
      vertex -9.36002 -12.5324 5.34431
    endloop
  endfacet
  facet normal -0.129448 -0.982974 0.130402
    outer loop
      vertex -9.34999 -12.4562 5.92791
      vertex -8.65078 -12.6257 5.34431
      vertex -8.64075 -12.5496 5.92791
    endloop
  endfacet
  facet normal 0.0421318 -0.965088 0.258513
    outer loop
      vertex 7.34999 -12.6185 5.92791
      vertex 8.06467 -12.435 6.49648
      vertex 7.34999 -12.4662 6.49648
    endloop
  endfacet
  facet normal 0.0421318 -0.965088 0.258513
    outer loop
      vertex 8.06467 -12.435 6.49648
      vertex 7.34999 -12.6185 5.92791
      vertex 8.06467 -12.5873 5.92791
    endloop
  endfacet
  facet normal 0.126109 -0.957634 0.258907
    outer loop
      vertex 8.64075 -12.5496 5.92791
      vertex 9.33011 -12.3051 6.49648
      vertex 8.62086 -12.3985 6.49648
    endloop
  endfacet
  facet normal 0.126111 -0.957635 0.258905
    outer loop
      vertex 9.33011 -12.3051 6.49648
      vertex 8.64075 -12.5496 5.92791
      vertex 9.34999 -12.4562 5.92791
    endloop
  endfacet
  facet normal 0.120625 0.915989 0.382641
    outer loop
      vertex 8.62086 12.3985 6.49648
      vertex 9.3007 12.0818 7.0403
      vertex 9.33011 12.3051 6.49648
    endloop
  endfacet
  facet normal 0.120627 0.915989 0.382639
    outer loop
      vertex 9.3007 12.0818 7.0403
      vertex 8.62086 12.3985 6.49648
      vertex 8.59146 12.1752 7.0403
    endloop
  endfacet
  facet normal 0.130426 0.991458 -0
    outer loop
      vertex 9.36002 12.5324 5.15
      vertex 8.65078 12.6257 5.34431
      vertex 9.36002 12.5324 5.34431
    endloop
  endfacet
  facet normal 0.130426 0.991458 0
    outer loop
      vertex 8.65078 12.6257 5.34431
      vertex 9.36002 12.5324 5.15
      vertex 8.65078 12.6257 5.15
    endloop
  endfacet
  facet normal 0.0402989 0.923104 0.382434
    outer loop
      vertex 8.06467 12.435 6.49648
      vertex 7.34999 12.2409 7.0403
      vertex 8.06467 12.2097 7.0403
    endloop
  endfacet
  facet normal 0.0402989 0.923104 0.382434
    outer loop
      vertex 7.34999 12.2409 7.0403
      vertex 8.06467 12.435 6.49648
      vertex 7.34999 12.4662 6.49648
    endloop
  endfacet
  facet normal 0.0419801 -0.12387 0.99141
    outer loop
      vertex 10.2672 -7.98238 9.54036
      vertex 10.2307 -7.99475 9.54036
      vertex 10.3818 -8.55846 9.46353
    endloop
  endfacet
  facet normal 0.0566266 0.864647 0.499178
    outer loop
      vertex 8.06467 12.2097 7.0403
      vertex 8.06467 11.9154 7.55007
      vertex 8.59146 12.1752 7.0403
    endloop
  endfacet
  facet normal 0.051914 0.792305 0.607912
    outer loop
      vertex 8.06467 11.9154 7.55007
      vertex 8.06467 11.5571 8.01705
      vertex 8.55305 11.8834 7.55007
    endloop
  endfacet
  facet normal -0 0.499983 0.866035
    outer loop
      vertex -7.34999 10.7051 8.79161
      vertex 7.34999 10.1953 9.08593
      vertex 7.34999 10.7051 8.79161
    endloop
  endfacet
  facet normal 0 0.499983 0.866035
    outer loop
      vertex 7.34999 10.1953 9.08593
      vertex -7.34999 10.7051 8.79161
      vertex -7.34999 10.1953 9.08593
    endloop
  endfacet
  facet normal 0.199948 0.902105 0.382397
    outer loop
      vertex 9.87679 12.1964 6.49648
      vertex 10.5169 11.824 7.0403
      vertex 10.5752 12.0416 6.49648
    endloop
  endfacet
  facet normal 0.199948 0.902105 0.382397
    outer loop
      vertex 10.5169 11.824 7.0403
      vertex 9.87679 12.1964 6.49648
      vertex 9.81849 11.9788 7.0403
    endloop
  endfacet
  facet normal 0.113071 0.858611 0.500002
    outer loop
      vertex 8.59146 12.1752 7.0403
      vertex 9.26229 11.79 7.55007
      vertex 9.3007 12.0818 7.0403
    endloop
  endfacet
  facet normal 0.113071 0.858611 0.500002
    outer loop
      vertex 9.26229 11.79 7.55007
      vertex 8.59146 12.1752 7.0403
      vertex 8.55305 11.8834 7.55007
    endloop
  endfacet
  facet normal -0.194914 0.17112 0.965778
    outer loop
      vertex -14.2523 5.89662 9.46353
      vertex -14.7791 6.15641 9.31118
      vertex -14.3281 5.81028 9.46353
    endloop
  endfacet
  facet normal -0.232584 0.114722 0.965786
    outer loop
      vertex -15.542 3.90941 9.46353
      vertex -16.1181 4.024 9.31118
      vertex -15.5928 3.80642 9.46353
    endloop
  endfacet
  facet normal 0.00855396 0.130519 0.991409
    outer loop
      vertex 8.17926 9.04418 9.46353
      vertex 8.06467 9.05169 9.46353
      vertex 8.10308 8.46558 9.54036
    endloop
  endfacet
  facet normal -0.0505878 -0.254362 0.965785
    outer loop
      vertex -9.00113 -8.92841 9.46353
      vertex -9.14829 -9.4776 9.31118
      vertex -8.8885 -8.95081 9.46353
    endloop
  endfacet
  facet normal -0.990519 0.0433808 0.130349
    outer loop
      vertex -20.0404 0.00498962 5.34431
      vertex -19.9323 0.719666 5.92791
      vertex -20.0091 0.719666 5.34431
    endloop
  endfacet
  facet normal -0.990503 0.0432415 0.130517
    outer loop
      vertex -19.9323 0.719666 5.92791
      vertex -20.0404 0.00498962 5.34431
      vertex -19.9635 0.00498962 5.92791
    endloop
  endfacet
  facet normal -0.923908 0.382614 0
    outer loop
      vertex -19.204 4.52794 5.15
      vertex -18.9303 5.18885 5.34431
      vertex -18.9303 5.18885 5.15
    endloop
  endfacet
  facet normal -0.923908 0.382614 0
    outer loop
      vertex -18.9303 5.18885 5.34431
      vertex -19.204 4.52794 5.15
      vertex -19.204 4.52794 5.34431
    endloop
  endfacet
  facet normal -0.953722 0.30069 0
    outer loop
      vertex -19.6079 3.2895 5.15
      vertex -19.3928 3.97175 5.34431
      vertex -19.3928 3.97175 5.15
    endloop
  endfacet
  facet normal -0.953722 0.30069 0
    outer loop
      vertex -19.3928 3.97175 5.34431
      vertex -19.6079 3.2895 5.15
      vertex -19.6079 3.2895 5.34431
    endloop
  endfacet
  facet normal -0.879435 -0.457784 0.13049
    outer loop
      vertex -18.6705 -5.71564 5.34431
      vertex -18.2736 -6.31176 5.92791
      vertex -18.6039 -5.67723 5.92791
    endloop
  endfacet
  facet normal -0.879437 -0.457778 0.130498
    outer loop
      vertex -18.2736 -6.31176 5.92791
      vertex -18.6705 -5.71564 5.34431
      vertex -18.3402 -6.35018 5.34431
    endloop
  endfacet
  facet normal -0.777134 -0.383249 0.499182
    outer loop
      vertex -18.2385 -4.90231 7.55007
      vertex -18.5104 -5.01494 7.0403
      vertex -18.2769 -5.48842 7.0403
    endloop
  endfacet
  facet normal -0.712093 -0.35122 0.607921
    outer loop
      vertex -17.7117 -5.1621 8.01705
      vertex -18.2385 -4.90231 7.55007
      vertex -18.022 -5.34126 7.55007
    endloop
  endfacet
  facet normal -0.720505 -0.481431 0.499096
    outer loop
      vertex -17.0355 -6.98606 7.55007
      vertex -17.5622 -6.72628 7.0403
      vertex -17.2689 -7.16523 7.0403
    endloop
  endfacet
  facet normal -0.720509 -0.481413 0.499108
    outer loop
      vertex -17.3074 -6.57912 7.55007
      vertex -17.5622 -6.72628 7.0403
      vertex -17.0355 -6.98606 7.55007
    endloop
  endfacet
  facet normal -0.887023 -0.461726 0
    outer loop
      vertex -18.3402 -6.35018 5.15
      vertex -18.6705 -5.71564 5.34431
      vertex -18.6705 -5.71564 5.15
    endloop
  endfacet
  facet normal -0.887023 -0.461726 0
    outer loop
      vertex -18.6705 -5.71564 5.34431
      vertex -18.3402 -6.35018 5.15
      vertex -18.3402 -6.35018 5.34431
    endloop
  endfacet
  facet normal -0.800091 -0.331465 0.499986
    outer loop
      vertex -18.7842 -4.35404 7.0403
      vertex -18.2385 -4.90231 7.55007
      vertex -18.5123 -4.24141 7.55007
    endloop
  endfacet
  facet normal -0.800091 -0.331465 0.499986
    outer loop
      vertex -18.2385 -4.90231 7.55007
      vertex -18.7842 -4.35404 7.0403
      vertex -18.5104 -5.01494 7.0403
    endloop
  endfacet
  facet normal -0.62752 -0.32675 0.70672
    outer loop
      vertex -17.7117 -5.1621 8.01705
      vertex -17.0209 -5.58852 8.43328
      vertex -17.3513 -4.95399 8.43328
    endloop
  endfacet
  facet normal -0.627495 -0.326638 0.706794
    outer loop
      vertex -17.0209 -5.58852 8.43328
      vertex -17.7117 -5.1621 8.01705
      vertex -17.3814 -5.79663 8.01705
    endloop
  endfacet
  facet normal -0.588657 -0.393217 0.706303
    outer loop
      vertex -16.6366 -6.19184 8.43328
      vertex -16.997 -6.39995 8.01705
      vertex -16.7512 -6.76792 8.01705
    endloop
  endfacet
  facet normal -0.768358 -0.399957 0.499661
    outer loop
      vertex -18.2769 -5.48842 7.0403
      vertex -17.6917 -5.9758 7.55007
      vertex -18.022 -5.34126 7.55007
    endloop
  endfacet
  facet normal -0.768358 -0.399957 0.499661
    outer loop
      vertex -17.6917 -5.9758 7.55007
      vertex -18.2769 -5.48842 7.0403
      vertex -17.9466 -6.12296 7.0403
    endloop
  endfacet
  facet normal -0.596718 -0.380095 0.706722
    outer loop
      vertex -17.0209 -5.58852 8.43328
      vertex -16.997 -6.39995 8.01705
      vertex -16.6366 -6.19184 8.43328
    endloop
  endfacet
  facet normal -0.596614 -0.380128 0.706792
    outer loop
      vertex -16.997 -6.39995 8.01705
      vertex -17.0209 -5.58852 8.43328
      vertex -17.3814 -5.79663 8.01705
    endloop
  endfacet
  facet normal -0.703982 -0.366453 0.608376
    outer loop
      vertex -18.022 -5.34126 7.55007
      vertex -17.3814 -5.79663 8.01705
      vertex -17.7117 -5.1621 8.01705
    endloop
  endfacet
  facet normal -0.703981 -0.366447 0.608381
    outer loop
      vertex -17.3814 -5.79663 8.01705
      vertex -18.022 -5.34126 7.55007
      vertex -17.6917 -5.9758 7.55007
    endloop
  endfacet
  facet normal -0.965088 -0.042132 0.258513
    outer loop
      vertex -19.9323 -0.719666 5.92791
      vertex -19.8112 -0.00498962 6.49648
      vertex -19.9635 -0.00498962 5.92791
    endloop
  endfacet
  facet normal -0.965088 -0.042132 0.258513
    outer loop
      vertex -19.8112 -0.00498962 6.49648
      vertex -19.9323 -0.719666 5.92791
      vertex -19.78 -0.719666 6.49648
    endloop
  endfacet
  facet normal -0.915989 0.120625 0.382641
    outer loop
      vertex -19.7435 1.27586 6.49648
      vertex -19.4268 1.9557 7.0403
      vertex -19.6501 1.98511 6.49648
    endloop
  endfacet
  facet normal -0.915989 0.120627 0.382639
    outer loop
      vertex -19.4268 1.9557 7.0403
      vertex -19.7435 1.27586 6.49648
      vertex -19.5202 1.24646 7.0403
    endloop
  endfacet
  facet normal -0.989372 -0.0647463 0.130198
    outer loop
      vertex -19.9323 -0.719666 5.92791
      vertex -20.0091 -0.719666 5.34431
      vertex -19.8946 -1.29575 5.92791
    endloop
  endfacet
  facet normal -0.947493 -0.188396 0.258388
    outer loop
      vertex -19.6501 -1.98511 6.49648
      vertex -19.8012 -2.00499 5.92791
      vertex -19.5414 -2.53179 6.49648
    endloop
  endfacet
  facet normal -0.943092 0.209174 0.258502
    outer loop
      vertex -19.6886 2.57122 5.92791
      vertex -19.3866 3.23018 6.49648
      vertex -19.5337 3.26961 5.92791
    endloop
  endfacet
  facet normal -0.943081 0.209036 0.258656
    outer loop
      vertex -19.3866 3.23018 6.49648
      vertex -19.6886 2.57122 5.92791
      vertex -19.5414 2.53179 6.49648
    endloop
  endfacet
  facet normal -0.947494 0.188418 0.258368
    outer loop
      vertex -19.6886 2.57122 5.92791
      vertex -19.8012 2.00499 5.92791
      vertex -19.5414 2.53179 6.49648
    endloop
  endfacet
  facet normal -0.777096 0.383281 0.499216
    outer loop
      vertex -18.022 5.34126 7.55007
      vertex -18.2769 5.48842 7.0403
      vertex -18.2385 4.90231 7.55007
    endloop
  endfacet
  facet normal -0.875128 0.297072 0.381968
    outer loop
      vertex -18.7842 4.35404 7.0403
      vertex -18.9923 4.44024 6.49648
      vertex -18.9539 3.85413 7.0403
    endloop
  endfacet
  facet normal -0.963979 0.0630846 0.258389
    outer loop
      vertex -19.8946 1.29575 5.92791
      vertex -19.9323 0.719666 5.92791
      vertex -19.7435 1.27586 6.49648
    endloop
  endfacet
  facet normal -0.989372 0.0647463 0.130198
    outer loop
      vertex -19.8946 1.29575 5.92791
      vertex -20.0091 0.719666 5.34431
      vertex -19.9323 0.719666 5.92791
    endloop
  endfacet
  facet normal -0.865419 0.0377808 0.499623
    outer loop
      vertex -19.5859 0.00498962 7.0403
      vertex -19.2604 0.719666 7.55007
      vertex -19.5547 0.719666 7.0403
    endloop
  endfacet
  facet normal -0.865419 0.0377808 0.499623
    outer loop
      vertex -19.2604 0.719666 7.55007
      vertex -19.5859 0.00498962 7.0403
      vertex -19.2916 0.00498962 7.55007
    endloop
  endfacet
  facet normal -0.376503 -0.330262 0.865548
    outer loop
      vertex -15.2106 -6.48746 9.08593
      vertex -15.615 -6.79779 8.79161
      vertex -15.0389 -6.6832 9.08593
    endloop
  endfacet
  facet normal -0.376531 -0.330175 0.865569
    outer loop
      vertex -15.0389 -6.6832 9.08593
      vertex -15.615 -6.79779 8.79161
      vertex -15.3994 -7.04366 8.79161
    endloop
  endfacet
  facet normal -0.205371 -0.157557 0.965918
    outer loop
      vertex -14.7635 -5.24275 9.46353
      vertex -14.7791 -6.15641 9.31118
      vertex -14.3281 -5.81028 9.46353
    endloop
  endfacet
  facet normal -0.20533 -0.157559 0.965927
    outer loop
      vertex -14.7791 -6.15641 9.31118
      vertex -14.7635 -5.24275 9.46353
      vertex -15.2146 -5.58887 9.31118
    endloop
  endfacet
  facet normal -0.321433 -0.946932 0
    outer loop
      vertex -11.8729 -11.859 5.15
      vertex -11.3167 -12.0478 5.34431
      vertex -11.8729 -11.859 5.34431
    endloop
  endfacet
  facet normal -0.321433 -0.946932 -0
    outer loop
      vertex -11.3167 -12.0478 5.34431
      vertex -11.8729 -11.859 5.15
      vertex -11.3167 -12.0478 5.15
    endloop
  endfacet
  facet normal -0.195108 -0.980782 0
    outer loop
      vertex -9.9361 -12.4178 5.15
      vertex -9.36002 -12.5324 5.34431
      vertex -9.9361 -12.4178 5.34431
    endloop
  endfacet
  facet normal -0.195108 -0.980782 -0
    outer loop
      vertex -9.36002 -12.5324 5.34431
      vertex -9.9361 -12.4178 5.15
      vertex -9.36002 -12.5324 5.15
    endloop
  endfacet
  facet normal -0.0653765 -0.997861 0
    outer loop
      vertex -8.65078 -12.6257 5.15
      vertex -8.06467 -12.6641 5.34431
      vertex -8.65078 -12.6257 5.34431
    endloop
  endfacet
  facet normal -0.0653765 -0.997861 -0
    outer loop
      vertex -8.06467 -12.6641 5.34431
      vertex -8.65078 -12.6257 5.15
      vertex -8.06467 -12.6641 5.15
    endloop
  endfacet
  facet normal -0.063085 -0.963979 0.258389
    outer loop
      vertex -8.62086 -12.3985 6.49648
      vertex -8.64075 -12.5496 5.92791
      vertex -8.06467 -12.5873 5.92791
    endloop
  endfacet
  facet normal -0.0566266 -0.864647 0.499178
    outer loop
      vertex -8.06467 -11.9154 7.55007
      vertex -8.59146 -12.1752 7.0403
      vertex -8.06467 -12.2097 7.0403
    endloop
  endfacet
  facet normal -0.0566532 -0.864634 0.499198
    outer loop
      vertex -8.55305 -11.8834 7.55007
      vertex -8.59146 -12.1752 7.0403
      vertex -8.06467 -11.9154 7.55007
    endloop
  endfacet
  facet normal -0.331468 -0.800099 0.499971
    outer loop
      vertex -11.699 -11.4392 7.0403
      vertex -12.2473 -10.8935 7.55007
      vertex -12.3599 -11.1654 7.0403
    endloop
  endfacet
  facet normal -0.331468 -0.800099 0.499971
    outer loop
      vertex -12.2473 -10.8935 7.55007
      vertex -11.699 -11.4392 7.0403
      vertex -11.5864 -11.1673 7.55007
    endloop
  endfacet
  facet normal -0.297077 -0.875126 0.381968
    outer loop
      vertex -11.699 -11.4392 7.0403
      vertex -11.7852 -11.6473 6.49648
      vertex -11.1991 -11.6089 7.0403
    endloop
  endfacet
  facet normal -0.38324 -0.777149 0.499166
    outer loop
      vertex -12.2473 -10.8935 7.55007
      vertex -12.8334 -10.9319 7.0403
      vertex -12.3599 -11.1654 7.0403
    endloop
  endfacet
  facet normal -0.353607 -0.853538 0.382668
    outer loop
      vertex -11.7852 -11.6473 6.49648
      vertex -12.3599 -11.1654 7.0403
      vertex -12.4461 -11.3735 6.49648
    endloop
  endfacet
  facet normal -0.353607 -0.853538 0.382668
    outer loop
      vertex -12.3599 -11.1654 7.0403
      vertex -11.7852 -11.6473 6.49648
      vertex -11.699 -11.4392 7.0403
    endloop
  endfacet
  facet normal -0.379345 -0.915999 0.130549
    outer loop
      vertex -11.8729 -11.859 5.34431
      vertex -12.5044 -11.5143 5.92791
      vertex -12.5338 -11.5853 5.34431
    endloop
  endfacet
  facet normal -0.379345 -0.915999 0.130549
    outer loop
      vertex -12.5044 -11.5143 5.92791
      vertex -11.8729 -11.859 5.34431
      vertex -11.8435 -11.788 5.92791
    endloop
  endfacet
  facet normal -0.227595 -0.670311 0.706317
    outer loop
      vertex -11.29 -10.4517 8.43328
      vertex -11.4493 -10.8362 8.01705
      vertex -11.0302 -10.9785 8.01705
    endloop
  endfacet
  facet normal -0.255273 -0.751826 0.607941
    outer loop
      vertex -11.0302 -10.9785 8.01705
      vertex -11.4493 -10.8362 8.01705
      vertex -11.123 -11.3246 7.55007
    endloop
  endfacet
  facet normal -0.278185 -0.416481 0.865539
    outer loop
      vertex -13.0485 -8.44568 9.08593
      vertex -13.5753 -8.70547 8.79161
      vertex -13.3033 -8.88715 8.79161
    endloop
  endfacet
  facet normal -0.278277 -0.416338 0.865578
    outer loop
      vertex -13.2649 -8.30104 9.08593
      vertex -13.5753 -8.70547 8.79161
      vertex -13.0485 -8.44568 9.08593
    endloop
  endfacet
  facet normal -0.430413 -0.561009 0.707116
    outer loop
      vertex -14.4271 -8.64048 8.43328
      vertex -14.1129 -9.40617 8.01705
      vertex -13.8595 -9.07595 8.43328
    endloop
  endfacet
  facet normal -0.430413 -0.561009 0.707116
    outer loop
      vertex -14.1129 -9.40617 8.01705
      vertex -14.4271 -8.64048 8.43328
      vertex -14.6805 -8.9707 8.01705
    endloop
  endfacet
  facet normal -0.393301 -0.588504 0.706383
    outer loop
      vertex -13.5368 -9.29158 8.43328
      vertex -14.1129 -9.40617 8.01705
      vertex -13.745 -9.65204 8.01705
    endloop
  endfacet
  facet normal -0.269515 -0.546726 0.79275
    outer loop
      vertex -12.0655 -9.60183 8.79161
      vertex -12.299 -10.0063 8.43328
      vertex -11.9509 -10.1779 8.43328
    endloop
  endfacet
  facet normal -0.46548 -0.730552 0.499622
    outer loop
      vertex -13.468 -10.6016 7.0403
      vertex -13.9241 -9.96236 7.55007
      vertex -14.0713 -10.2172 7.0403
    endloop
  endfacet
  facet normal -0.465408 -0.730553 0.499688
    outer loop
      vertex -13.9241 -9.96236 7.55007
      vertex -13.468 -10.6016 7.0403
      vertex -13.3208 -10.3467 7.55007
    endloop
  endfacet
  facet normal -0.482982 -0.629417 0.608739
    outer loop
      vertex -14.3311 -9.69045 7.55007
      vertex -14.6805 -8.9707 8.01705
      vertex -14.8986 -9.25498 7.55007
    endloop
  endfacet
  facet normal -0.482898 -0.629418 0.608804
    outer loop
      vertex -14.6805 -8.9707 8.01705
      vertex -14.3311 -9.69045 7.55007
      vertex -14.1129 -9.40617 8.01705
    endloop
  endfacet
  facet normal -0.56247 -0.732938 0.38266
    outer loop
      vertex -14.6474 -10.1027 6.49648
      vertex -15.0778 -9.48848 7.0403
      vertex -15.2149 -9.66719 6.49648
    endloop
  endfacet
  facet normal -0.562342 -0.732967 0.382794
    outer loop
      vertex -15.0778 -9.48848 7.0403
      vertex -14.6474 -10.1027 6.49648
      vertex -14.5102 -9.92395 7.0403
    endloop
  endfacet
  facet normal -0.169566 -0.343832 0.923594
    outer loop
      vertex -11.5387 -8.68939 9.31118
      vertex -11.8106 -9.16036 9.08593
      vertex -11.369 -8.77308 9.31118
    endloop
  endfacet
  facet normal -0.213047 -0.318745 0.923587
    outer loop
      vertex -12.9339 -7.8696 9.31118
      vertex -13.2649 -8.30104 9.08593
      vertex -13.0485 -8.44568 9.08593
    endloop
  endfacet
  facet normal -0.252724 -0.288254 0.923602
    outer loop
      vertex -13.6437 -7.30937 9.31118
      vertex -13.8325 -7.86557 9.08593
      vertex -13.5014 -7.43413 9.31118
    endloop
  endfacet
  facet normal -0.252813 -0.288218 0.923588
    outer loop
      vertex -13.6437 -7.30937 9.31118
      vertex -14.0282 -7.69391 9.08593
      vertex -13.8325 -7.86557 9.08593
    endloop
  endfacet
  facet normal -0.0923283 -0.701112 0.707049
    outer loop
      vertex -9.16119 -11.0221 8.43328
      vertex -8.50627 -11.5281 8.01705
      vertex -8.45194 -11.1155 8.43328
    endloop
  endfacet
  facet normal -0.0923283 -0.701112 0.707049
    outer loop
      vertex -8.50627 -11.5281 8.01705
      vertex -9.16119 -11.0221 8.43328
      vertex -9.21552 -11.4347 8.01705
    endloop
  endfacet
  facet normal -0.0461416 -0.706294 0.706413
    outer loop
      vertex -8.06467 -11.1408 8.43328
      vertex -8.45194 -11.1155 8.43328
      vertex -8.06467 -11.5571 8.01705
    endloop
  endfacet
  facet normal -0.131803 -0.594673 0.79309
    outer loop
      vertex -10.1194 -10.3405 8.79161
      vertex -9.54184 -10.9464 8.43328
      vertex -9.42097 -10.4953 8.79161
    endloop
  endfacet
  facet normal -0.131917 -0.59474 0.793021
    outer loop
      vertex -9.54184 -10.9464 8.43328
      vertex -10.1194 -10.3405 8.79161
      vertex -10.2402 -10.7915 8.43328
    endloop
  endfacet
  facet normal -0.176841 -0.339709 0.923756
    outer loop
      vertex -12.1732 -8.35909 9.31118
      vertex -11.8106 -9.16036 9.08593
      vertex -11.5387 -8.68939 9.31118
    endloop
  endfacet
  facet normal -0.176848 -0.339711 0.923754
    outer loop
      vertex -11.8106 -9.16036 9.08593
      vertex -12.1732 -8.35909 9.31118
      vertex -12.4451 -8.83005 9.08593
    endloop
  endfacet
  facet normal -0.221483 -0.449161 0.865563
    outer loop
      vertex -11.5771 -9.2755 9.08593
      vertex -11.8106 -9.16036 9.08593
      vertex -11.7722 -9.74647 8.79161
    endloop
  endfacet
  facet normal -0.0828919 -0.373899 0.923758
    outer loop
      vertex -9.84668 -9.32277 9.31118
      vertex -9.28904 -10.0029 9.08593
      vertex -9.14829 -9.4776 9.31118
    endloop
  endfacet
  facet normal -0.0828982 -0.373904 0.923755
    outer loop
      vertex -9.28904 -10.0029 9.08593
      vertex -9.84668 -9.32277 9.31118
      vertex -9.98743 -9.84806 9.08593
    endloop
  endfacet
  facet normal -0.0833528 -0.245591 0.965783
    outer loop
      vertex -10.3818 -8.55846 9.46353
      vertex -10.7081 -9.04683 9.31118
      vertex -10.5289 -9.10765 9.31118
    endloop
  endfacet
  facet normal -0.139176 -0.218484 0.965865
    outer loop
      vertex -12.7766 -7.97472 9.31118
      vertex -11.8889 -7.86669 9.46353
      vertex -12.4923 -7.48232 9.46353
    endloop
  endfacet
  facet normal -0.139176 -0.218484 0.965865
    outer loop
      vertex -11.8889 -7.86669 9.46353
      vertex -12.7766 -7.97472 9.31118
      vertex -12.1732 -8.35909 9.31118
    endloop
  endfacet
  facet normal -0.12058 -0.0499535 0.991446
    outer loop
      vertex -15.3274 -2.92218 9.54036
      vertex -15.5928 -3.80642 9.46353
      vertex -15.0536 -3.58309 9.54036
    endloop
  endfacet
  facet normal -0.120605 -0.0499457 0.991443
    outer loop
      vertex -15.5928 -3.80642 9.46353
      vertex -15.3274 -2.92218 9.54036
      vertex -15.8665 -3.14551 9.46353
    endloop
  endfacet
  facet normal -0.0170359 -0.129407 0.991445
    outer loop
      vertex -8.81233 -8.37221 9.54036
      vertex -8.17926 -9.04418 9.46353
      vertex -8.10308 -8.46558 9.54036
    endloop
  endfacet
  facet normal -0.0170362 -0.129407 0.991445
    outer loop
      vertex -8.17926 -9.04418 9.46353
      vertex -8.81233 -8.37221 9.54036
      vertex -8.8885 -8.95081 9.46353
    endloop
  endfacet
  facet normal -0.0499378 -0.379369 0.923897
    outer loop
      vertex -8.96271 -9.51452 9.31118
      vertex -8.32445 -10.1471 9.08593
      vertex -8.25347 -9.60788 9.31118
    endloop
  endfacet
  facet normal -0.0499611 -0.379389 0.923887
    outer loop
      vertex -8.32445 -10.1471 9.08593
      vertex -8.96271 -9.51452 9.31118
      vertex -9.0337 -10.0537 9.08593
    endloop
  endfacet
  facet normal -0.0419801 0.12387 0.99141
    outer loop
      vertex -10.2307 7.99475 9.54036
      vertex -10.3818 8.55846 9.46353
      vertex -10.2672 7.98238 9.54036
    endloop
  endfacet
  facet normal -0.737456 -0.675396 -0
    outer loop
      vertex -16.75 -8.51293 5.25
      vertex -16.8067 -8.45102 5.15
      vertex -16.75 -8.51293 5.15
    endloop
  endfacet
  facet normal -0.737456 -0.675396 0
    outer loop
      vertex -16.8067 -8.45102 5.15
      vertex -16.75 -8.51293 5.25
      vertex -16.8067 -8.45102 5.34431
    endloop
  endfacet
  facet normal -0.737247 -0.675624 -0
    outer loop
      vertex -16.3234 -8.97844 5.34431
      vertex -16.75 -8.51293 5.25
      vertex -16.3234 -8.97844 5.25
    endloop
  endfacet
  facet normal -0.737271 -0.675597 0.000242921
    outer loop
      vertex -16.75 -8.51293 5.25
      vertex -16.3234 -8.97844 5.34431
      vertex -16.8067 -8.45102 5.34431
    endloop
  endfacet
  facet normal -0.461692 -0.887041 0
    outer loop
      vertex -13.6952 -10.9952 5.25
      vertex -13.0606 -11.3255 5.34431
      vertex -13.6952 -10.9952 5.34431
    endloop
  endfacet
  facet normal -0.461692 -0.887041 -0
    outer loop
      vertex -13.0606 -11.3255 5.34431
      vertex -13.6952 -10.9952 5.25
      vertex -13.0606 -11.3255 5.25
    endloop
  endfacet
  facet normal -0.681239 -0.624252 0.382392
    outer loop
      vertex -16.6447 -8.28896 6.49648
      vertex -16.0021 -8.6571 7.0403
      vertex -16.4854 -8.12968 7.0403
    endloop
  endfacet
  facet normal -0.681239 -0.624252 0.382392
    outer loop
      vertex -16.0021 -8.6571 7.0403
      vertex -16.6447 -8.28896 6.49648
      vertex -16.1614 -8.81638 6.49648
    endloop
  endfacet
  facet normal -0.732983 -0.562323 0.38279
    outer loop
      vertex -17.4477 -7.30236 6.49648
      vertex -16.8335 -7.73277 7.0403
      vertex -17.2689 -7.16523 7.0403
    endloop
  endfacet
  facet normal -0.732957 -0.562442 0.382666
    outer loop
      vertex -16.8335 -7.73277 7.0403
      vertex -17.4477 -7.30236 6.49648
      vertex -17.0122 -7.86989 6.49648
    endloop
  endfacet
  facet normal -0.596931 -0.523501 0.607964
    outer loop
      vertex -16.0239 -7.66819 8.01705
      vertex -16.3157 -7.33546 8.01705
      vertex -16.2773 -7.92157 7.55007
    endloop
  endfacet
  facet normal -0.269616 -0.546725 0.792716
    outer loop
      vertex -11.7722 -9.74647 8.79161
      vertex -12.0655 -9.60183 8.79161
      vertex -11.9509 -10.1779 8.43328
    endloop
  endfacet
  facet normal -0.42643 -0.669369 0.608361
    outer loop
      vertex -13.3208 -10.3467 7.55007
      vertex -13.745 -9.65204 8.01705
      vertex -13.9241 -9.96236 7.55007
    endloop
  endfacet
  facet normal -0.426379 -0.669365 0.608401
    outer loop
      vertex -13.745 -9.65204 8.01705
      vertex -13.3208 -10.3467 7.55007
      vertex -13.1416 -10.0364 8.01705
    endloop
  endfacet
  facet normal -0.745397 0.653779 0.130217
    outer loop
      vertex -16.8067 8.45102 5.34431
      vertex -17.1331 7.96264 5.92791
      vertex -16.7524 8.39669 5.92791
    endloop
  endfacet
  facet normal -0.481394 0.720491 0.499151
    outer loop
      vertex -14.0713 10.2172 7.0403
      vertex -14.5102 9.92395 7.0403
      vertex -14.3311 9.69045 7.55007
    endloop
  endfacet
  facet normal -0.786566 0.603569 0.13045
    outer loop
      vertex -17.6295 7.44187 5.34431
      vertex -17.1331 7.96264 5.92791
      vertex -17.194 8.00941 5.34431
    endloop
  endfacet
  facet normal -0.78662 0.603471 0.130583
    outer loop
      vertex -17.1331 7.96264 5.92791
      vertex -17.6295 7.44187 5.34431
      vertex -17.5685 7.3951 5.92791
    endloop
  endfacet
  facet normal -0.853538 0.353607 0.382668
    outer loop
      vertex -18.9923 4.44024 6.49648
      vertex -18.5104 5.01494 7.0403
      vertex -18.7185 5.10114 6.49648
    endloop
  endfacet
  facet normal -0.853538 0.353607 0.382668
    outer loop
      vertex -18.5104 5.01494 7.0403
      vertex -18.9923 4.44024 6.49648
      vertex -18.7842 4.35404 7.0403
    endloop
  endfacet
  facet normal -0.777134 0.383249 0.499182
    outer loop
      vertex -18.2769 5.48842 7.0403
      vertex -18.5104 5.01494 7.0403
      vertex -18.2385 4.90231 7.55007
    endloop
  endfacet
  facet normal -0.824394 0.550812 0.130311
    outer loop
      vertex -17.6295 7.44187 5.34431
      vertex -17.9558 6.9535 5.34431
      vertex -17.5685 7.3951 5.92791
    endloop
  endfacet
  facet normal -0.766368 0.587935 0.258868
    outer loop
      vertex -17.5685 7.3951 5.92791
      vertex -17.0122 7.86989 6.49648
      vertex -17.1331 7.96264 5.92791
    endloop
  endfacet
  facet normal -0.766326 0.588048 0.258733
    outer loop
      vertex -17.0122 7.86989 6.49648
      vertex -17.5685 7.3951 5.92791
      vertex -17.4477 7.30236 6.49648
    endloop
  endfacet
  facet normal -0.866384 0.427344 0.258369
    outer loop
      vertex -18.6039 5.67723 5.92791
      vertex -18.8593 5.15944 5.92791
      vertex -18.7185 5.10114 6.49648
    endloop
  endfacet
  facet normal -0.205371 0.157557 0.965918
    outer loop
      vertex -14.7791 6.15641 9.31118
      vertex -14.7635 5.24275 9.46353
      vertex -14.3281 5.81028 9.46353
    endloop
  endfacet
  facet normal -0.20533 0.157559 0.965927
    outer loop
      vertex -14.7635 5.24275 9.46353
      vertex -14.7791 6.15641 9.31118
      vertex -15.2146 5.58887 9.31118
    endloop
  endfacet
  facet normal -0.373903 0.0828767 0.923757
    outer loop
      vertex -17.3479 1.94404 9.08593
      vertex -16.6678 2.50168 9.31118
      vertex -17.1931 2.64243 9.08593
    endloop
  endfacet
  facet normal -0.373902 0.0828753 0.923758
    outer loop
      vertex -16.6678 2.50168 9.31118
      vertex -17.3479 1.94404 9.08593
      vertex -16.8226 1.80328 9.31118
    endloop
  endfacet
  facet normal -0.474333 0.160849 0.865526
    outer loop
      vertex -16.8943 3.57121 9.08593
      vertex -17.3652 3.76629 8.79161
      vertex -16.9779 3.32468 9.08593
    endloop
  endfacet
  facet normal -0.627495 0.326638 0.706794
    outer loop
      vertex -17.7117 5.1621 8.01705
      vertex -17.0209 5.58852 8.43328
      vertex -17.3814 5.79663 8.01705
    endloop
  endfacet
  facet normal -0.62752 0.32675 0.70672
    outer loop
      vertex -17.0209 5.58852 8.43328
      vertex -17.7117 5.1621 8.01705
      vertex -17.3513 4.95399 8.43328
    endloop
  endfacet
  facet normal -0.887023 0.461726 0
    outer loop
      vertex -18.6705 5.71564 5.15
      vertex -18.3402 6.35018 5.34431
      vertex -18.3402 6.35018 5.15
    endloop
  endfacet
  facet normal -0.887023 0.461726 0
    outer loop
      vertex -18.3402 6.35018 5.34431
      vertex -18.6705 5.71564 5.15
      vertex -18.6705 5.71564 5.34431
    endloop
  endfacet
  facet normal -0.875098 0.29711 0.382007
    outer loop
      vertex -18.9923 4.44024 6.49648
      vertex -19.1715 3.91243 6.49648
      vertex -18.9539 3.85413 7.0403
    endloop
  endfacet
  facet normal -0.53658 0.80331 0.25841
    outer loop
      vertex -14.2601 10.5443 5.92791
      vertex -14.6474 10.1027 6.49648
      vertex -14.1839 10.4123 6.49648
    endloop
  endfacet
  facet normal -0.588083 0.766313 0.258694
    outer loop
      vertex -14.7401 10.2235 5.92791
      vertex -15.2149 9.66719 6.49648
      vertex -14.6474 10.1027 6.49648
    endloop
  endfacet
  facet normal -0.58802 0.766336 0.25877
    outer loop
      vertex -15.2149 9.66719 6.49648
      vertex -14.7401 10.2235 5.92791
      vertex -15.3076 9.78805 5.92791
    endloop
  endfacet
  facet normal -0.653733 0.745425 0.130288
    outer loop
      vertex -15.3544 9.84901 5.34431
      vertex -15.796 9.46173 5.34431
      vertex -15.3076 9.78805 5.92791
    endloop
  endfacet
  facet normal -0.326725 0.627538 0.706715
    outer loop
      vertex -12.5071 10.3667 8.01705
      vertex -12.9335 9.67595 8.43328
      vertex -12.299 10.0063 8.43328
    endloop
  endfacet
  facet normal -0.326669 0.627526 0.706752
    outer loop
      vertex -12.9335 9.67595 8.43328
      vertex -12.5071 10.3667 8.01705
      vertex -13.1416 10.0364 8.01705
    endloop
  endfacet
  facet normal -0.351182 0.712096 0.607939
    outer loop
      vertex -12.2473 10.8935 7.55007
      vertex -12.6863 10.677 7.55007
      vertex -12.5071 10.3667 8.01705
    endloop
  endfacet
  facet normal -0.383255 0.777132 0.499181
    outer loop
      vertex -12.2473 10.8935 7.55007
      vertex -12.8334 10.9319 7.0403
      vertex -12.6863 10.677 7.55007
    endloop
  endfacet
  facet normal -0.171736 0.774844 0.608378
    outer loop
      vertex -9.74231 11.6945 7.55007
      vertex -10.348 11.1936 8.01705
      vertex -9.64957 11.3484 8.01705
    endloop
  endfacet
  facet normal -0.171747 0.774849 0.608369
    outer loop
      vertex -10.348 11.1936 8.01705
      vertex -9.74231 11.6945 7.55007
      vertex -10.4407 11.5397 7.55007
    endloop
  endfacet
  facet normal -0.199948 0.902105 0.382397
    outer loop
      vertex -9.87679 12.1964 6.49648
      vertex -10.5169 11.824 7.0403
      vertex -9.81849 11.9788 7.0403
    endloop
  endfacet
  facet normal -0.199948 0.902105 0.382397
    outer loop
      vertex -10.5169 11.824 7.0403
      vertex -9.87679 12.1964 6.49648
      vertex -10.5752 12.0416 6.49648
    endloop
  endfacet
  facet normal -0.0923283 0.701112 0.707049
    outer loop
      vertex -8.50627 11.5281 8.01705
      vertex -9.16119 11.0221 8.43328
      vertex -8.45194 11.1155 8.43328
    endloop
  endfacet
  facet normal -0.0923283 0.701112 0.707049
    outer loop
      vertex -9.16119 11.0221 8.43328
      vertex -8.50627 11.5281 8.01705
      vertex -9.21552 11.4347 8.01705
    endloop
  endfacet
  facet normal -0.212717 0.674642 0.706831
    outer loop
      vertex -11.0302 10.9785 8.01705
      vertex -10.2402 10.7915 8.43328
      vertex -10.348 11.1936 8.01705
    endloop
  endfacet
  facet normal -0.212696 0.674674 0.706806
    outer loop
      vertex -10.2402 10.7915 8.43328
      vertex -11.0302 10.9785 8.01705
      vertex -10.9225 10.5764 8.43328
    endloop
  endfacet
  facet normal 0.0652831 -0.495732 0.866018
    outer loop
      vertex 9.0337 -10.0537 9.08593
      vertex 8.39099 -10.6525 8.79161
      vertex 9.10023 -10.5591 8.79161
    endloop
  endfacet
  facet normal 0.0652821 -0.495732 0.866019
    outer loop
      vertex 8.39099 -10.6525 8.79161
      vertex 9.0337 -10.0537 9.08593
      vertex 8.32445 -10.1471 9.08593
    endloop
  endfacet
  facet normal 0.0506023 -0.254355 0.965786
    outer loop
      vertex 9.14829 -9.4776 9.31118
      vertex 8.8885 -8.95081 9.46353
      vertex 8.96271 -9.51452 9.31118
    endloop
  endfacet
  facet normal 0.238697 -0.757039 0.608207
    outer loop
      vertex 10.348 -11.1936 8.01705
      vertex 11.05 -11.0523 7.91742
      vertex 11.0302 -10.9785 8.01705
    endloop
  endfacet
  facet normal 0.238694 -0.756913 0.608365
    outer loop
      vertex 10.4407 -11.5397 7.55007
      vertex 11.05 -11.0523 7.91742
      vertex 10.348 -11.1936 8.01705
    endloop
  endfacet
  facet normal 0.238629 -0.756881 0.60843
    outer loop
      vertex 11.05 -11.0523 7.91742
      vertex 10.4407 -11.5397 7.55007
      vertex 11.05 -11.3476 7.55007
    endloop
  endfacet
  facet normal 0.115169 -0.365242 0.923761
    outer loop
      vertex 9.84668 -9.32277 9.31118
      vertex 10.6697 -9.63295 9.08593
      vertex 10.5289 -9.10765 9.31118
    endloop
  endfacet
  facet normal 0.115161 -0.365259 0.923755
    outer loop
      vertex 10.6697 -9.63295 9.08593
      vertex 9.84668 -9.32277 9.31118
      vertex 9.98743 -9.84806 9.08593
    endloop
  endfacet
  facet normal -0.0983113 0.0862856 0.991408
    outer loop
      vertex -13.8397 5.48396 9.54036
      vertex -14.2523 5.89662 9.46353
      vertex -13.8651 5.45502 9.54036
    endloop
  endfacet
  facet normal -0.00569807 0.130522 0.991429
    outer loop
      vertex -8.06467 9.05169 9.46353
      vertex -7.34999 8.4993 9.54036
      vertex -7.34999 9.08289 9.46353
    endloop
  endfacet
  facet normal -0.00569807 0.130522 0.991429
    outer loop
      vertex -7.34999 8.4993 9.54036
      vertex -8.06467 9.05169 9.46353
      vertex -8.06467 8.4681 9.54036
    endloop
  endfacet
  facet normal 0.0282792 -0.12755 0.991429
    outer loop
      vertex 9.54848 -8.20987 9.54036
      vertex 9.00113 -8.92841 9.46353
      vertex 9.69952 -8.77357 9.46353
    endloop
  endfacet
  facet normal 0.0282765 -0.127548 0.991429
    outer loop
      vertex 9.00113 -8.92841 9.46353
      vertex 9.54848 -8.20987 9.54036
      vertex 8.85008 -8.3647 9.54036
    endloop
  endfacet
  facet normal 0.0337782 -0.256607 0.965925
    outer loop
      vertex 8.8885 -8.95081 9.46353
      vertex 8.25347 -9.60788 9.31118
      vertex 8.96271 -9.51452 9.31118
    endloop
  endfacet
  facet normal 0.0337823 -0.256611 0.965924
    outer loop
      vertex 8.25347 -9.60788 9.31118
      vertex 8.8885 -8.95081 9.46353
      vertex 8.17926 -9.04418 9.46353
    endloop
  endfacet
  facet normal 0.108266 -0.488475 0.865835
    outer loop
      vertex 9.98743 -9.84806 9.08593
      vertex 9.42097 -10.4953 8.79161
      vertex 10.1194 -10.3405 8.79161
    endloop
  endfacet
  facet normal 0.108306 -0.488501 0.865815
    outer loop
      vertex 9.42097 -10.4953 8.79161
      vertex 9.98743 -9.84806 9.08593
      vertex 9.28904 -10.0029 9.08593
    endloop
  endfacet
  facet normal 0.0576836 0.117412 0.991407
    outer loop
      vertex 10.9281 7.70862 9.54036
      vertex 11.05 7.84294 9.51736
      vertex 11.05 7.89107 9.51166
    endloop
  endfacet
  facet normal 0.057873 0.117241 0.991416
    outer loop
      vertex 11.05 7.84294 9.51736
      vertex 10.9281 7.70862 9.54036
      vertex 10.9626 7.69159 9.54036
    endloop
  endfacet
  facet normal -0.0861533 0.0984416 0.991407
    outer loop
      vertex -12.8 6.52005 9.54036
      vertex -13.2416 6.90733 9.46353
      vertex -12.829 6.49467 9.54036
    endloop
  endfacet
  facet normal -0.190978 0.175002 0.965868
    outer loop
      vertex -14.6544 6.29866 9.31118
      vertex -13.769 6.42404 9.46353
      vertex -14.1711 6.82608 9.31118
    endloop
  endfacet
  facet normal -0.190978 0.175002 0.965868
    outer loop
      vertex -13.769 6.42404 9.46353
      vertex -14.6544 6.29866 9.31118
      vertex -14.2523 5.89662 9.46353
    endloop
  endfacet
  facet normal -0.123835 0.0421363 0.991408
    outer loop
      vertex -15.8665 3.14551 9.46353
      vertex -15.9035 3.03677 9.46353
      vertex -15.3274 2.92218 9.54036
    endloop
  endfacet
  facet normal 0.0170362 -0.129407 0.991445
    outer loop
      vertex 8.81233 -8.37221 9.54036
      vertex 8.17926 -9.04418 9.46353
      vertex 8.8885 -8.95081 9.46353
    endloop
  endfacet
  facet normal 0.0170359 -0.129407 0.991445
    outer loop
      vertex 8.17926 -9.04418 9.46353
      vertex 8.81233 -8.37221 9.54036
      vertex 8.10308 -8.46558 9.54036
    endloop
  endfacet
  facet normal -0.0282765 -0.127548 0.991429
    outer loop
      vertex -9.54848 -8.20987 9.54036
      vertex -9.00113 -8.92841 9.46353
      vertex -8.85008 -8.3647 9.54036
    endloop
  endfacet
  facet normal -0.0282792 -0.12755 0.991429
    outer loop
      vertex -9.00113 -8.92841 9.46353
      vertex -9.54848 -8.20987 9.54036
      vertex -9.69952 -8.77357 9.46353
    endloop
  endfacet
  facet normal 0.0577832 -0.117345 0.991409
    outer loop
      vertex 11.05 -7.89107 9.51166
      vertex 10.9281 -7.70862 9.54036
      vertex 11.05 -8.00293 9.49842
    endloop
  endfacet
  facet normal -0.10356 -0.0794479 0.991445
    outer loop
      vertex -14.3005 -4.88748 9.54036
      vertex -14.3281 -5.81028 9.46353
      vertex -13.8651 -5.45502 9.54036
    endloop
  endfacet
  facet normal -0.103558 -0.0794479 0.991445
    outer loop
      vertex -14.3281 -5.81028 9.46353
      vertex -14.3005 -4.88748 9.54036
      vertex -14.7635 -5.24275 9.46353
    endloop
  endfacet
  facet normal -0.0170359 0.129407 0.991445
    outer loop
      vertex -8.17926 9.04418 9.46353
      vertex -8.81233 8.37221 9.54036
      vertex -8.10308 8.46558 9.54036
    endloop
  endfacet
  facet normal -0.0170362 0.129407 0.991445
    outer loop
      vertex -8.81233 8.37221 9.54036
      vertex -8.17926 9.04418 9.46353
      vertex -8.8885 8.95081 9.46353
    endloop
  endfacet
  facet normal -0.477188 0.150518 0.865815
    outer loop
      vertex -17.4703 3.45662 8.79161
      vertex -17.1931 2.64243 9.08593
      vertex -16.9779 3.32468 9.08593
    endloop
  endfacet
  facet normal -0.477188 0.150518 0.865815
    outer loop
      vertex -17.1931 2.64243 9.08593
      vertex -17.4703 3.45662 8.79161
      vertex -17.6855 2.77437 8.79161
    endloop
  endfacet
  facet normal -0.488507 0.108277 0.865816
    outer loop
      vertex -17.8403 2.07597 8.79161
      vertex -17.1931 2.64243 9.08593
      vertex -17.6855 2.77437 8.79161
    endloop
  endfacet
  facet normal -0.488508 0.108279 0.865815
    outer loop
      vertex -17.1931 2.64243 9.08593
      vertex -17.8403 2.07597 8.79161
      vertex -17.3479 1.94404 9.08593
    endloop
  endfacet
  facet normal -0.0990448 0.239119 0.965926
    outer loop
      vertex -10.7081 9.04683 9.31118
      vertex -11.1514 8.24779 9.46353
      vertex -10.4905 8.52154 9.46353
    endloop
  endfacet
  facet normal -0.0990448 0.239119 0.965926
    outer loop
      vertex -11.1514 8.24779 9.46353
      vertex -10.7081 9.04683 9.31118
      vertex -11.369 8.77308 9.31118
    endloop
  endfacet
  facet normal -0.0727153 0.108731 0.991408
    outer loop
      vertex -12.4923 7.48232 9.46353
      vertex -12.5877 7.41852 9.46353
      vertex -12.2325 6.95553 9.54036
    endloop
  endfacet
  facet normal -0.269515 0.546726 0.79275
    outer loop
      vertex -11.9509 10.1779 8.43328
      vertex -12.299 10.0063 8.43328
      vertex -12.0655 9.60183 8.79161
    endloop
  endfacet
  facet normal -0.221502 0.44916 0.865559
    outer loop
      vertex -11.7722 9.74647 8.79161
      vertex -12.0655 9.60183 8.79161
      vertex -11.8106 9.16036 9.08593
    endloop
  endfacet
  facet normal -0.338698 0.506876 0.792692
    outer loop
      vertex -13.5368 9.29158 8.43328
      vertex -13.8595 9.07595 8.43328
      vertex -13.5753 8.70547 8.79161
    endloop
  endfacet
  facet normal -0.585234 0.638648 0.49963
    outer loop
      vertex -15.4747 9.14039 7.0403
      vertex -15.794 8.44899 7.55007
      vertex -15.2666 8.93228 7.55007
    endloop
  endfacet
  facet normal -0.585234 0.638648 0.49963
    outer loop
      vertex -15.794 8.44899 7.55007
      vertex -15.4747 9.14039 7.0403
      vertex -16.0021 8.6571 7.0403
    endloop
  endfacet
  facet normal -0.596937 0.523498 0.60796
    outer loop
      vertex -16.2773 7.92157 7.55007
      vertex -16.6 7.5536 7.55007
      vertex -16.3157 7.33546 8.01705
    endloop
  endfacet
  facet normal -0.506857 0.338638 0.792729
    outer loop
      vertex -16.421 6.51454 8.43328
      vertex -16.6366 6.19184 8.43328
      vertex -16.0505 6.23026 8.79161
    endloop
  endfacet
  facet normal -0.0861533 -0.0984416 0.991407
    outer loop
      vertex -12.829 -6.49467 9.54036
      vertex -13.2416 -6.90733 9.46353
      vertex -12.8 -6.52005 9.54036
    endloop
  endfacet
  facet normal -0.0882713 -0.0963279 0.991428
    outer loop
      vertex -13.3564 -6.01138 9.54036
      vertex -13.2416 -6.90733 9.46353
      vertex -12.829 -6.49467 9.54036
    endloop
  endfacet
  facet normal -0.0882713 -0.0963279 0.991428
    outer loop
      vertex -13.2416 -6.90733 9.46353
      vertex -13.3564 -6.01138 9.54036
      vertex -13.769 -6.42404 9.46353
    endloop
  endfacet
  facet normal 0.0506023 0.254355 0.965786
    outer loop
      vertex 8.96271 9.51452 9.31118
      vertex 8.8885 8.95081 9.46353
      vertex 9.14829 9.4776 9.31118
    endloop
  endfacet
  facet normal -0.915989 -0.120627 0.382639
    outer loop
      vertex -19.7435 -1.27586 6.49648
      vertex -19.4268 -1.9557 7.0403
      vertex -19.5202 -1.24646 7.0403
    endloop
  endfacet
  facet normal -0.915989 -0.120625 0.382641
    outer loop
      vertex -19.4268 -1.9557 7.0403
      vertex -19.7435 -1.27586 6.49648
      vertex -19.6501 -1.98511 6.49648
    endloop
  endfacet
  facet normal -0.922161 0.0605164 0.382043
    outer loop
      vertex -19.7435 1.27586 6.49648
      vertex -19.78 0.719666 6.49648
      vertex -19.5547 0.719666 7.0403
    endloop
  endfacet
  facet normal -0.7929 0.0346149 0.608368
    outer loop
      vertex -19.2916 0.00498962 7.55007
      vertex -18.9021 0.719666 8.01705
      vertex -19.2604 0.719666 7.55007
    endloop
  endfacet
  facet normal -0.7929 0.0346149 0.608368
    outer loop
      vertex -18.9021 0.719666 8.01705
      vertex -19.2916 0.00498962 7.55007
      vertex -18.9333 0.00498962 8.01705
    endloop
  endfacet
  facet normal -0.603541 0.0794805 0.79336
    outer loop
      vertex -18.3671 1.81619 8.43328
      vertex -17.9975 1.04599 8.79161
      vertex -17.9041 1.75523 8.79161
    endloop
  endfacet
  facet normal -0.603543 0.0794796 0.79336
    outer loop
      vertex -17.9975 1.04599 8.79161
      vertex -18.3671 1.81619 8.43328
      vertex -18.4605 1.10694 8.43328
    endloop
  endfacet
  facet normal -0.865419 -0.0377808 0.499623
    outer loop
      vertex -19.5547 -0.719666 7.0403
      vertex -19.2916 -0.00498962 7.55007
      vertex -19.5859 -0.00498962 7.0403
    endloop
  endfacet
  facet normal -0.865419 -0.0377808 0.499623
    outer loop
      vertex -19.2916 -0.00498962 7.55007
      vertex -19.5547 -0.719666 7.0403
      vertex -19.2604 -0.719666 7.55007
    endloop
  endfacet
  facet normal -0.972443 -0.193379 0.130226
    outer loop
      vertex -19.6886 -2.57122 5.92791
      vertex -19.8012 -2.00499 5.92791
      vertex -19.7628 -2.5911 5.34431
    endloop
  endfacet
  facet normal -0.921305 -0.290469 0.258503
    outer loop
      vertex -19.5337 -3.26961 5.92791
      vertex -19.1715 -3.91243 6.49648
      vertex -19.3866 -3.23018 6.49648
    endloop
  endfacet
  facet normal -0.921305 -0.290469 0.258503
    outer loop
      vertex -19.1715 -3.91243 6.49648
      vertex -19.5337 -3.26961 5.92791
      vertex -19.3186 -3.95186 5.92791
    endloop
  endfacet
  facet normal -0.751819 0.255176 0.607991
    outer loop
      vertex -18.5123 4.24141 7.55007
      vertex -18.6696 3.77796 7.55007
      vertex -18.1812 4.10428 8.01705
    endloop
  endfacet
  facet normal -0.820507 0.278489 0.499211
    outer loop
      vertex -18.5123 4.24141 7.55007
      vertex -18.9539 3.85413 7.0403
      vertex -18.6696 3.77796 7.55007
    endloop
  endfacet
  facet normal -0.849833 0.169074 0.499197
    outer loop
      vertex -19.0395 2.39731 7.55007
      vertex -19.4268 1.9557 7.0403
      vertex -19.135 1.91729 7.55007
    endloop
  endfacet
  facet normal -0.67031 0.227612 0.706312
    outer loop
      vertex -18.1812 4.10428 8.01705
      vertex -18.3235 3.68521 8.01705
      vertex -17.7967 3.945 8.43328
    endloop
  endfacet
  facet normal -0.694308 0.138077 0.706308
    outer loop
      vertex -18.2914 2.19684 8.43328
      vertex -18.6934 2.30457 8.01705
      vertex -18.3671 1.81619 8.43328
    endloop
  endfacet
  facet normal -0.258773 0.016937 0.96579
    outer loop
      vertex -16.3892 0.834255 9.46353
      vertex -16.9653 0.719666 9.31118
      vertex -16.3967 0.719666 9.46353
    endloop
  endfacet
  facet normal -0.701112 0.0923283 0.707049
    outer loop
      vertex -18.7797 1.87052 8.01705
      vertex -18.4605 1.10694 8.43328
      vertex -18.3671 1.81619 8.43328
    endloop
  endfacet
  facet normal -0.701112 0.0923283 0.707049
    outer loop
      vertex -18.4605 1.10694 8.43328
      vertex -18.7797 1.87052 8.01705
      vertex -18.8731 1.16127 8.01705
    endloop
  endfacet
  facet normal -0.495731 0.0652831 0.866019
    outer loop
      vertex -17.9041 1.75523 8.79161
      vertex -17.4921 0.979451 9.08593
      vertex -17.3987 1.68869 9.08593
    endloop
  endfacet
  facet normal -0.495732 0.065283 0.866019
    outer loop
      vertex -17.4921 0.979451 9.08593
      vertex -17.9041 1.75523 8.79161
      vertex -17.9975 1.04599 8.79161
    endloop
  endfacet
  facet normal -0.495731 -0.0652831 0.866019
    outer loop
      vertex -17.4921 -0.979451 9.08593
      vertex -17.9041 -1.75523 8.79161
      vertex -17.3987 -1.68869 9.08593
    endloop
  endfacet
  facet normal -0.495732 -0.065283 0.866019
    outer loop
      vertex -17.9041 -1.75523 8.79161
      vertex -17.4921 -0.979451 9.08593
      vertex -17.9975 -1.04599 8.79161
    endloop
  endfacet
  facet normal -0.376006 -0.0747675 0.923596
    outer loop
      vertex -16.8595 -1.61771 9.31118
      vertex -17.3479 -1.94404 9.08593
      vertex -16.8226 -1.80328 9.31118
    endloop
  endfacet
  facet normal -0.258773 -0.016937 0.96579
    outer loop
      vertex -16.3967 -0.719666 9.46353
      vertex -16.9653 -0.719666 9.31118
      vertex -16.3892 -0.834255 9.46353
    endloop
  endfacet
  facet normal -0.608287 -0.0397044 0.792724
    outer loop
      vertex -18.0188 -0.719666 8.79161
      vertex -18.4605 -1.10694 8.43328
      vertex -17.9975 -1.04599 8.79161
    endloop
  endfacet
  facet normal -0.382526 0.0251233 0.923603
    outer loop
      vertex -16.9529 0.908468 9.31118
      vertex -17.4921 0.979451 9.08593
      vertex -16.9653 0.719666 9.31118
    endloop
  endfacet
  facet normal -0.875128 -0.297072 0.381968
    outer loop
      vertex -18.9539 -3.85413 7.0403
      vertex -18.9923 -4.44024 6.49648
      vertex -18.7842 -4.35404 7.0403
    endloop
  endfacet
  facet normal -0.826135 -0.26046 0.499661
    outer loop
      vertex -19.169 -3.17188 7.0403
      vertex -18.6696 -3.77796 7.55007
      vertex -18.8847 -3.0957 7.55007
    endloop
  endfacet
  facet normal -0.826136 -0.260465 0.499657
    outer loop
      vertex -18.6696 -3.77796 7.55007
      vertex -19.169 -3.17188 7.0403
      vertex -18.9539 -3.85413 7.0403
    endloop
  endfacet
  facet normal -0.786531 -0.103577 0.608803
    outer loop
      vertex -19.2284 -1.20804 7.55007
      vertex -18.7797 -1.87052 8.01705
      vertex -18.8731 -1.16127 8.01705
    endloop
  endfacet
  facet normal -0.786531 -0.103577 0.608803
    outer loop
      vertex -18.7797 -1.87052 8.01705
      vertex -19.2284 -1.20804 7.55007
      vertex -19.135 -1.91729 7.55007
    endloop
  endfacet
  facet normal -0.461912 -0.191363 0.866036
    outer loop
      vertex -16.8943 -3.57121 9.08593
      vertex -17.0915 -4.42719 8.79161
      vertex -16.6205 -4.23211 9.08593
    endloop
  endfacet
  facet normal -0.462 -0.191329 0.865996
    outer loop
      vertex -17.0915 -4.42719 8.79161
      vertex -16.8943 -3.57121 9.08593
      vertex -17.3652 -3.76629 8.79161
    endloop
  endfacet
  facet normal -0.449176 -0.221414 0.865573
    outer loop
      vertex -16.6205 -4.23211 9.08593
      vertex -17.0915 -4.42719 8.79161
      vertex -16.5054 -4.46561 9.08593
    endloop
  endfacet
  facet normal -0.474238 -0.160953 0.865559
    outer loop
      vertex -16.9779 -3.32468 9.08593
      vertex -17.4703 -3.45662 8.79161
      vertex -17.3652 -3.76629 8.79161
    endloop
  endfacet
  facet normal -0.363035 -0.123396 0.923569
    outer loop
      vertex -16.4527 -3.18393 9.31118
      vertex -16.9779 -3.32468 9.08593
      vertex -16.3918 -3.3631 9.31118
    endloop
  endfacet
  facet normal -0.577233 -0.195861 0.792743
    outer loop
      vertex -17.4703 -3.45662 8.79161
      vertex -17.9214 -3.57749 8.43328
      vertex -17.7967 -3.945 8.43328
    endloop
  endfacet
  facet normal -0.499759 -0.0326205 0.86555
    outer loop
      vertex -17.4921 -0.979451 9.08593
      vertex -18.0188 -0.719666 8.79161
      vertex -17.9975 -1.04599 8.79161
    endloop
  endfacet
  facet normal -0.499789 -0.0327056 0.865529
    outer loop
      vertex -17.5091 -0.719666 9.08593
      vertex -18.0188 -0.719666 8.79161
      vertex -17.4921 -0.979451 9.08593
    endloop
  endfacet
  facet normal -0.123835 -0.0421363 0.991408
    outer loop
      vertex -15.3274 -2.92218 9.54036
      vertex -15.9035 -3.03677 9.46353
      vertex -15.8665 -3.14551 9.46353
    endloop
  endfacet
  facet normal -0.123837 -0.0421283 0.991408
    outer loop
      vertex -15.3398 -2.88573 9.54036
      vertex -15.9035 -3.03677 9.46353
      vertex -15.3274 -2.92218 9.54036
    endloop
  endfacet
  facet normal -0.339696 -0.176826 0.923763
    outer loop
      vertex -16.5054 -4.46561 9.08593
      vertex -15.7041 -4.82823 9.31118
      vertex -16.0344 -4.1937 9.31118
    endloop
  endfacet
  facet normal -0.33972 -0.176892 0.923742
    outer loop
      vertex -15.7041 -4.82823 9.31118
      vertex -16.5054 -4.46561 9.08593
      vertex -16.175 -5.10014 9.08593
    endloop
  endfacet
  facet normal -0.194914 -0.17112 0.965778
    outer loop
      vertex -14.3281 -5.81028 9.46353
      vertex -14.7791 -6.15641 9.31118
      vertex -14.2523 -5.89662 9.46353
    endloop
  endfacet
  facet normal -0.195004 -0.170946 0.96579
    outer loop
      vertex -14.2523 -5.89662 9.46353
      vertex -14.7791 -6.15641 9.31118
      vertex -14.6544 -6.29866 9.31118
    endloop
  endfacet
  facet normal 0.300692 -0.953721 0
    outer loop
      vertex 10.6345 -12.2629 5.15
      vertex 11.05 -12.1319 5.34431
      vertex 10.6345 -12.2629 5.34431
    endloop
  endfacet
  facet normal 0.300692 -0.953721 0
    outer loop
      vertex 11.05 -12.1319 5.34431
      vertex 10.6345 -12.2629 5.15
      vertex 11.05 -12.1319 5.15
    endloop
  endfacet
  facet normal -0.0437539 -0.999042 0
    outer loop
      vertex -8.06467 -12.6641 5.15
      vertex -7.34999 -12.6954 5.34431
      vertex -8.06467 -12.6641 5.34431
    endloop
  endfacet
  facet normal -0.0437539 -0.999042 -0
    outer loop
      vertex -7.34999 -12.6954 5.34431
      vertex -8.06467 -12.6641 5.15
      vertex -7.34999 -12.6954 5.15
    endloop
  endfacet
  facet normal 0.195108 0.980782 -0
    outer loop
      vertex 9.9361 12.4178 5.15
      vertex 9.36002 12.5324 5.34431
      vertex 9.9361 12.4178 5.34431
    endloop
  endfacet
  facet normal 0.195108 0.980782 0
    outer loop
      vertex 9.36002 12.5324 5.34431
      vertex 9.9361 12.4178 5.15
      vertex 9.36002 12.5324 5.15
    endloop
  endfacet
  facet normal 0.0250334 0.38254 0.9236
    outer loop
      vertex 8.06467 10.1641 9.08593
      vertex 8.06467 9.62026 9.31118
      vertex 8.32445 10.1471 9.08593
    endloop
  endfacet
  facet normal 0.0169692 0.258787 0.965785
    outer loop
      vertex 8.25347 9.60788 9.31118
      vertex 8.06467 9.62026 9.31118
      vertex 8.17926 9.04418 9.46353
    endloop
  endfacet
  facet normal -0.10874 -0.0726969 0.991409
    outer loop
      vertex -14.3219 -4.85547 9.54036
      vertex -14.8273 -5.14727 9.46353
      vertex -14.3005 -4.88748 9.54036
    endloop
  endfacet
  facet normal 0.0265697 0.608616 0.79302
    outer loop
      vertex 7.34999 10.7051 8.79161
      vertex 8.06467 11.1408 8.43328
      vertex 7.34999 11.172 8.43328
    endloop
  endfacet
  facet normal 0.0266512 0.608533 0.793081
    outer loop
      vertex 8.06467 11.1408 8.43328
      vertex 7.34999 10.7051 8.79161
      vertex 8.06467 10.6738 8.79161
    endloop
  endfacet
  facet normal 0.0377806 0.865419 0.499623
    outer loop
      vertex 8.06467 12.2097 7.0403
      vertex 7.34999 11.9466 7.55007
      vertex 8.06467 11.9154 7.55007
    endloop
  endfacet
  facet normal 0.0377806 0.865419 0.499623
    outer loop
      vertex 7.34999 11.9466 7.55007
      vertex 8.06467 12.2097 7.0403
      vertex 7.34999 12.2409 7.0403
    endloop
  endfacet
  facet normal 0.0566532 0.864634 0.499198
    outer loop
      vertex 8.59146 12.1752 7.0403
      vertex 8.06467 11.9154 7.55007
      vertex 8.55305 11.8834 7.55007
    endloop
  endfacet
  facet normal 0.0218919 0.499863 0.865828
    outer loop
      vertex 7.34999 10.1953 9.08593
      vertex 8.06467 10.6738 8.79161
      vertex 7.34999 10.7051 8.79161
    endloop
  endfacet
  facet normal 0.0218252 0.499938 0.865786
    outer loop
      vertex 8.06467 10.6738 8.79161
      vertex 7.34999 10.1953 9.08593
      vertex 8.06467 10.1641 9.08593
    endloop
  endfacet
  facet normal -0 0.38266 0.923889
    outer loop
      vertex -7.34999 10.1953 9.08593
      vertex 7.34999 9.65146 9.31118
      vertex 7.34999 10.1953 9.08593
    endloop
  endfacet
  facet normal 0 0.38266 0.923889
    outer loop
      vertex 7.34999 9.65146 9.31118
      vertex -7.34999 10.1953 9.08593
      vertex -7.34999 9.65146 9.31118
    endloop
  endfacet
  facet normal 0.00569807 0.130522 0.991429
    outer loop
      vertex 7.34999 8.4993 9.54036
      vertex 8.06467 9.05169 9.46353
      vertex 7.34999 9.08289 9.46353
    endloop
  endfacet
  facet normal 0.00569807 0.130522 0.991429
    outer loop
      vertex 8.06467 9.05169 9.46353
      vertex 7.34999 8.4993 9.54036
      vertex 8.06467 8.4681 9.54036
    endloop
  endfacet
  facet normal -0.110183 0.0702021 0.991429
    outer loop
      vertex -14.8273 5.14727 9.46353
      vertex -14.7063 4.25215 9.54036
      vertex -14.3219 4.85547 9.54036
    endloop
  endfacet
  facet normal -0.110183 0.0702021 0.991429
    outer loop
      vertex -14.7063 4.25215 9.54036
      vertex -14.8273 5.14727 9.46353
      vertex -15.2117 4.54395 9.46353
    endloop
  endfacet
  facet normal 0.0499527 -0.120594 0.991444
    outer loop
      vertex 10.2672 -7.98238 9.54036
      vertex 11.05 -8.00293 9.49842
      vertex 10.9281 -7.70862 9.54036
    endloop
  endfacet
  facet normal 0.0499528 -0.120592 0.991445
    outer loop
      vertex 10.4905 -8.52154 9.46353
      vertex 11.05 -8.00293 9.49842
      vertex 10.2672 -7.98238 9.54036
    endloop
  endfacet
  facet normal 0.0499443 -0.120583 0.991446
    outer loop
      vertex 11.05 -8.00293 9.49842
      vertex 10.4905 -8.52154 9.46353
      vertex 11.05 -8.2898 9.46353
    endloop
  endfacet
  facet normal -0.0726632 -0.108757 0.991409
    outer loop
      vertex -12.2325 -6.95553 9.54036
      vertex -12.4923 -7.48232 9.46353
      vertex -12.2005 -6.97691 9.54036
    endloop
  endfacet
  facet normal -0.875098 -0.29711 0.382007
    outer loop
      vertex -18.9539 -3.85413 7.0403
      vertex -19.1715 -3.91243 6.49648
      vertex -18.9923 -4.44024 6.49648
    endloop
  endfacet
  facet normal -0.712094 -0.351095 0.607992
    outer loop
      vertex -17.9074 -4.76518 8.01705
      vertex -18.2385 -4.90231 7.55007
      vertex -17.7117 -5.1621 8.01705
    endloop
  endfacet
  facet normal -0.889185 -0.438591 0.130339
    outer loop
      vertex -18.6039 -5.67723 5.92791
      vertex -18.8593 -5.15944 5.92791
      vertex -18.6705 -5.71564 5.34431
    endloop
  endfacet
  facet normal -0.779267 -0.496503 0.382399
    outer loop
      vertex -18.1417 -6.23559 6.49648
      vertex -17.5622 -6.72628 7.0403
      vertex -17.9466 -6.12296 7.0403
    endloop
  endfacet
  facet normal -0.779267 -0.496503 0.382399
    outer loop
      vertex -17.5622 -6.72628 7.0403
      vertex -18.1417 -6.23559 6.49648
      vertex -17.7573 -6.83891 6.49648
    endloop
  endfacet
  facet normal -0.843364 -0.537342 0
    outer loop
      vertex -17.9558 -6.9535 5.15
      vertex -18.3402 -6.35018 5.34431
      vertex -18.3402 -6.35018 5.15
    endloop
  endfacet
  facet normal -0.843364 -0.537342 0
    outer loop
      vertex -18.3402 -6.35018 5.34431
      vertex -17.9558 -6.9535 5.15
      vertex -17.9558 -6.9535 5.34431
    endloop
  endfacet
  facet normal -0.546703 -0.269511 0.792767
    outer loop
      vertex -16.9468 -4.72049 8.79161
      vertex -17.5229 -4.6059 8.43328
      vertex -17.3513 -4.95399 8.43328
    endloop
  endfacet
  facet normal -0.634956 -0.313018 0.706293
    outer loop
      vertex -17.5229 -4.6059 8.43328
      vertex -17.7117 -5.1621 8.01705
      vertex -17.3513 -4.95399 8.43328
    endloop
  endfacet
  facet normal -0.730595 -0.465371 0.499662
    outer loop
      vertex -17.9466 -6.12296 7.0403
      vertex -17.3074 -6.57912 7.55007
      vertex -17.6917 -5.9758 7.55007
    endloop
  endfacet
  facet normal -0.730593 -0.465491 0.499552
    outer loop
      vertex -17.3074 -6.57912 7.55007
      vertex -17.9466 -6.12296 7.0403
      vertex -17.5622 -6.72628 7.0403
    endloop
  endfacet
  facet normal -0.732909 -0.303632 0.608812
    outer loop
      vertex -18.5123 -4.24141 7.55007
      vertex -17.9074 -4.76518 8.01705
      vertex -18.1812 -4.10428 8.01705
    endloop
  endfacet
  facet normal -0.732909 -0.303632 0.608812
    outer loop
      vertex -17.9074 -4.76518 8.01705
      vertex -18.5123 -4.24141 7.55007
      vertex -18.2385 -4.90231 7.55007
    endloop
  endfacet
  facet normal -0.506857 -0.338638 0.792729
    outer loop
      vertex -16.0505 -6.23026 8.79161
      vertex -16.6366 -6.19184 8.43328
      vertex -16.421 -6.51454 8.43328
    endloop
  endfacet
  facet normal -0.506849 -0.338695 0.79271
    outer loop
      vertex -16.2322 -5.95835 8.79161
      vertex -16.6366 -6.19184 8.43328
      vertex -16.0505 -6.23026 8.79161
    endloop
  endfacet
  facet normal -0.999042 -0.0437541 0
    outer loop
      vertex -20.0091 -0.719666 5.15
      vertex -20.0404 -0.00498962 5.34431
      vertex -20.0404 -0.00498962 5.15
    endloop
  endfacet
  facet normal -0.999042 -0.0437541 0
    outer loop
      vertex -20.0404 -0.00498962 5.34431
      vertex -20.0091 -0.719666 5.15
      vertex -20.0091 -0.719666 5.34431
    endloop
  endfacet
  facet normal -0.997861 -0.0653761 0
    outer loop
      vertex -19.9707 -1.30578 5.15
      vertex -20.0091 -0.719666 5.34431
      vertex -20.0091 -0.719666 5.15
    endloop
  endfacet
  facet normal -0.997861 -0.0653761 0
    outer loop
      vertex -20.0091 -0.719666 5.34431
      vertex -19.9707 -1.30578 5.15
      vertex -19.9707 -1.30578 5.34431
    endloop
  endfacet
  facet normal -0.923104 0.0402991 0.382434
    outer loop
      vertex -19.8112 0.00498962 6.49648
      vertex -19.5547 0.719666 7.0403
      vertex -19.78 0.719666 6.49648
    endloop
  endfacet
  facet normal -0.923104 0.0402991 0.382434
    outer loop
      vertex -19.5547 0.719666 7.0403
      vertex -19.8112 0.00498962 6.49648
      vertex -19.5859 0.00498962 7.0403
    endloop
  endfacet
  facet normal -0.964011 0.0632628 0.258225
    outer loop
      vertex -19.7435 1.27586 6.49648
      vertex -19.9323 0.719666 5.92791
      vertex -19.78 0.719666 6.49648
    endloop
  endfacet
  facet normal -0.972421 -0.193444 0.130293
    outer loop
      vertex -19.8012 -2.00499 5.92791
      vertex -19.8774 -2.01502 5.34431
      vertex -19.7628 -2.5911 5.34431
    endloop
  endfacet
  facet normal -0.963979 -0.0630846 0.258389
    outer loop
      vertex -19.7435 -1.27586 6.49648
      vertex -19.9323 -0.719666 5.92791
      vertex -19.8946 -1.29575 5.92791
    endloop
  endfacet
  facet normal -0.906426 0.180312 0.381942
    outer loop
      vertex -19.3238 2.47348 7.0403
      vertex -19.6501 1.98511 6.49648
      vertex -19.4268 1.9557 7.0403
    endloop
  endfacet
  facet normal -0.947493 0.188396 0.258388
    outer loop
      vertex -19.5414 2.53179 6.49648
      vertex -19.8012 2.00499 5.92791
      vertex -19.6501 1.98511 6.49648
    endloop
  endfacet
  facet normal -0.0421318 -0.965088 0.258513
    outer loop
      vertex -8.06467 -12.5873 5.92791
      vertex -7.34999 -12.4662 6.49648
      vertex -8.06467 -12.435 6.49648
    endloop
  endfacet
  facet normal -0.0421318 -0.965088 0.258513
    outer loop
      vertex -7.34999 -12.4662 6.49648
      vertex -8.06467 -12.5873 5.92791
      vertex -7.34999 -12.6185 5.92791
    endloop
  endfacet
  facet normal -0.290447 -0.921303 0.258537
    outer loop
      vertex -10.6146 -12.1887 5.92791
      vertex -11.2574 -11.8265 6.49648
      vertex -11.2969 -11.9736 5.92791
    endloop
  endfacet
  facet normal -0.29049 -0.921303 0.258489
    outer loop
      vertex -11.2574 -11.8265 6.49648
      vertex -10.6146 -12.1887 5.92791
      vertex -10.5752 -12.0416 6.49648
    endloop
  endfacet
  facet normal -0.310619 -0.914787 0.258226
    outer loop
      vertex -11.7852 -11.6473 6.49648
      vertex -11.8435 -11.788 5.92791
      vertex -11.2969 -11.9736 5.92791
    endloop
  endfacet
  facet normal -0.438584 -0.889189 0.130332
    outer loop
      vertex -13.0222 -11.2589 5.92791
      vertex -13.0606 -11.3255 5.34431
      vertex -12.5044 -11.5143 5.92791
    endloop
  endfacet
  facet normal -0.438534 -0.889222 0.130274
    outer loop
      vertex -12.5044 -11.5143 5.92791
      vertex -13.0606 -11.3255 5.34431
      vertex -12.5338 -11.5853 5.34431
    endloop
  endfacet
  facet normal -0.212696 -0.674674 0.706806
    outer loop
      vertex -11.0302 -10.9785 8.01705
      vertex -10.2402 -10.7915 8.43328
      vertex -10.9225 -10.5764 8.43328
    endloop
  endfacet
  facet normal -0.212717 -0.674642 0.706831
    outer loop
      vertex -10.2402 -10.7915 8.43328
      vertex -11.0302 -10.9785 8.01705
      vertex -10.348 -11.1936 8.01705
    endloop
  endfacet
  facet normal -0.238621 -0.756909 0.608399
    outer loop
      vertex -10.4407 -11.5397 7.55007
      vertex -11.0302 -10.9785 8.01705
      vertex -11.123 -11.3246 7.55007
    endloop
  endfacet
  facet normal -0.23866 -0.756923 0.608366
    outer loop
      vertex -11.0302 -10.9785 8.01705
      vertex -10.4407 -11.5397 7.55007
      vertex -10.348 -11.1936 8.01705
    endloop
  endfacet
  facet normal -0.16905 -0.849828 0.499214
    outer loop
      vertex -9.74231 -11.6945 7.55007
      vertex -9.81849 -11.9788 7.0403
      vertex -9.3007 -12.0818 7.0403
    endloop
  endfacet
  facet normal -0.154921 -0.778691 0.60798
    outer loop
      vertex -9.21552 -11.4347 8.01705
      vertex -9.74231 -11.6945 7.55007
      vertex -9.26229 -11.79 7.55007
    endloop
  endfacet
  facet normal -0.11962 -0.22978 0.965863
    outer loop
      vertex -11.8889 -7.86669 9.46353
      vertex -11.5387 -8.68939 9.31118
      vertex -11.2544 -8.197 9.46353
    endloop
  endfacet
  facet normal -0.119615 -0.229778 0.965864
    outer loop
      vertex -11.5387 -8.68939 9.31118
      vertex -11.8889 -7.86669 9.46353
      vertex -12.1732 -8.35909 9.31118
    endloop
  endfacet
  facet normal -0.0794665 -0.103558 0.991444
    outer loop
      vertex -12.8 -6.52005 9.54036
      vertex -12.5877 -7.41852 9.46353
      vertex -12.2325 -6.95553 9.54036
    endloop
  endfacet
  facet normal -0.0794474 -0.103553 0.991446
    outer loop
      vertex -12.5877 -7.41852 9.46353
      vertex -12.8 -6.52005 9.54036
      vertex -13.1553 -6.98305 9.46353
    endloop
  endfacet
  facet normal -0.0862634 -0.0983166 0.991409
    outer loop
      vertex -12.8 -6.52005 9.54036
      vertex -13.2416 -6.90733 9.46353
      vertex -13.1553 -6.98305 9.46353
    endloop
  endfacet
  facet normal -0.0701988 -0.110183 0.991429
    outer loop
      vertex -12.4923 -7.48232 9.46353
      vertex -11.5972 -7.36128 9.54036
      vertex -12.2005 -6.97691 9.54036
    endloop
  endfacet
  facet normal -0.0701967 -0.110198 0.991428
    outer loop
      vertex -11.5972 -7.36128 9.54036
      vertex -12.4923 -7.48232 9.46353
      vertex -11.8889 -7.86669 9.46353
    endloop
  endfacet
  facet normal -0.171048 -0.194948 0.965783
    outer loop
      vertex -13.2416 -6.90733 9.46353
      vertex -13.5014 -7.43413 9.31118
      vertex -13.1553 -6.98305 9.46353
    endloop
  endfacet
  facet normal -0.154836 -0.778755 0.60792
    outer loop
      vertex -9.64957 -11.3484 8.01705
      vertex -9.74231 -11.6945 7.55007
      vertex -9.21552 -11.4347 8.01705
    endloop
  endfacet
  facet normal -0.0397049 -0.608287 0.792724
    outer loop
      vertex -8.39099 -10.6525 8.79161
      vertex -8.45194 -11.1155 8.43328
      vertex -8.06467 -10.6738 8.79161
    endloop
  endfacet
  facet normal -0.221502 -0.44916 0.865559
    outer loop
      vertex -11.8106 -9.16036 9.08593
      vertex -12.0655 -9.60183 8.79161
      vertex -11.7722 -9.74647 8.79161
    endloop
  endfacet
  facet normal -0.160954 -0.474285 0.865533
    outer loop
      vertex -10.6697 -9.63295 9.08593
      vertex -11.1113 -10.0202 8.79161
      vertex -10.8016 -10.1253 8.79161
    endloop
  endfacet
  facet normal -0.195881 -0.577206 0.792757
    outer loop
      vertex -11.1113 -10.0202 8.79161
      vertex -11.29 -10.4517 8.43328
      vertex -10.8016 -10.1253 8.79161
    endloop
  endfacet
  facet normal -0.12325 -0.363019 0.923595
    outer loop
      vertex -10.7081 -9.04683 9.31118
      vertex -10.9162 -9.54926 9.08593
      vertex -10.6697 -9.63295 9.08593
    endloop
  endfacet
  facet normal -0.191352 -0.461954 0.866015
    outer loop
      vertex -11.5771 -9.2755 9.08593
      vertex -11.1113 -10.0202 8.79161
      vertex -10.9162 -9.54926 9.08593
    endloop
  endfacet
  facet normal -0.191326 -0.461943 0.866027
    outer loop
      vertex -11.1113 -10.0202 8.79161
      vertex -11.5771 -9.2755 9.08593
      vertex -11.7722 -9.74647 8.79161
    endloop
  endfacet
  facet normal -0.0337823 -0.256611 0.965924
    outer loop
      vertex -8.8885 -8.95081 9.46353
      vertex -8.25347 -9.60788 9.31118
      vertex -8.17926 -9.04418 9.46353
    endloop
  endfacet
  facet normal -0.0337782 -0.256607 0.965925
    outer loop
      vertex -8.25347 -9.60788 9.31118
      vertex -8.8885 -8.95081 9.46353
      vertex -8.96271 -9.51452 9.31118
    endloop
  endfacet
  facet normal -0.0506023 -0.254355 0.965786
    outer loop
      vertex -8.8885 -8.95081 9.46353
      vertex -9.14829 -9.4776 9.31118
      vertex -8.96271 -9.51452 9.31118
    endloop
  endfacet
  facet normal -0.0250334 -0.38254 0.9236
    outer loop
      vertex -8.06467 -9.62026 9.31118
      vertex -8.32445 -10.1471 9.08593
      vertex -8.06467 -10.1641 9.08593
    endloop
  endfacet
  facet normal -0.0167031 -0.382607 0.92376
    outer loop
      vertex -8.06467 -10.1641 9.08593
      vertex -7.34999 -9.65146 9.31118
      vertex -8.06467 -9.62026 9.31118
    endloop
  endfacet
  facet normal -0.0167031 -0.382607 0.92376
    outer loop
      vertex -7.34999 -9.65146 9.31118
      vertex -8.06467 -10.1641 9.08593
      vertex -7.34999 -10.1953 9.08593
    endloop
  endfacet
  facet normal -0.518967 -0.814709 0.258696
    outer loop
      vertex -13.6568 -10.9286 5.92791
      vertex -14.1839 -10.4123 6.49648
      vertex -14.2601 -10.5443 5.92791
    endloop
  endfacet
  facet normal -0.519082 -0.814678 0.258561
    outer loop
      vertex -14.1839 -10.4123 6.49648
      vertex -13.6568 -10.9286 5.92791
      vertex -13.5806 -10.7967 6.49648
    endloop
  endfacet
  facet normal -0.53658 -0.80331 0.25841
    outer loop
      vertex -14.1839 -10.4123 6.49648
      vertex -14.6474 -10.1027 6.49648
      vertex -14.2601 -10.5443 5.92791
    endloop
  endfacet
  facet normal -0.457744 -0.879457 0.130482
    outer loop
      vertex -13.0606 -11.3255 5.34431
      vertex -13.6568 -10.9286 5.92791
      vertex -13.6952 -10.9952 5.34431
    endloop
  endfacet
  facet normal -0.457744 -0.879457 0.130482
    outer loop
      vertex -13.6568 -10.9286 5.92791
      vertex -13.0606 -11.3255 5.34431
      vertex -13.0222 -11.2589 5.92791
    endloop
  endfacet
  facet normal -0.550931 -0.824335 0.130182
    outer loop
      vertex -14.2601 -10.5443 5.92791
      vertex -14.7401 -10.2235 5.92791
      vertex -14.2985 -10.6108 5.34431
    endloop
  endfacet
  facet normal -0.560991 -0.430475 0.707093
    outer loop
      vertex -16.421 -6.51454 8.43328
      vertex -16.3157 -7.33546 8.01705
      vertex -15.9855 -7.08208 8.43328
    endloop
  endfacet
  facet normal -0.560991 -0.430475 0.707093
    outer loop
      vertex -16.3157 -7.33546 8.01705
      vertex -16.421 -6.51454 8.43328
      vertex -16.7512 -6.76792 8.01705
    endloop
  endfacet
  facet normal -0.270649 -0.653294 0.707075
    outer loop
      vertex -11.9509 -10.1779 8.43328
      vertex -11.4493 -10.8362 8.01705
      vertex -11.29 -10.4517 8.43328
    endloop
  endfacet
  facet normal -0.270649 -0.653294 0.707075
    outer loop
      vertex -11.4493 -10.8362 8.01705
      vertex -11.9509 -10.1779 8.43328
      vertex -12.1102 -10.5624 8.01705
    endloop
  endfacet
  facet normal -0.751824 0.659364 0
    outer loop
      vertex -17.194 8.00941 5.15
      vertex -16.8067 8.45102 5.34431
      vertex -16.8067 8.45102 5.15
    endloop
  endfacet
  facet normal -0.751824 0.659364 0
    outer loop
      vertex -16.8067 8.45102 5.34431
      vertex -17.194 8.00941 5.15
      vertex -17.194 8.00941 5.34431
    endloop
  endfacet
  facet normal -0.5134 0.768393 0.382091
    outer loop
      vertex -14.0713 10.2172 7.0403
      vertex -14.6474 10.1027 6.49648
      vertex -14.5102 9.92395 7.0403
    endloop
  endfacet
  facet normal -0.596718 0.380095 0.706722
    outer loop
      vertex -16.997 6.39995 8.01705
      vertex -17.0209 5.58852 8.43328
      vertex -16.6366 6.19184 8.43328
    endloop
  endfacet
  facet normal -0.596614 0.380128 0.706792
    outer loop
      vertex -17.0209 5.58852 8.43328
      vertex -16.997 6.39995 8.01705
      vertex -17.3814 5.79663 8.01705
    endloop
  endfacet
  facet normal -0.66018 0.440993 0.608019
    outer loop
      vertex -16.7512 6.76792 8.01705
      vertex -17.3074 6.57912 7.55007
      vertex -16.997 6.39995 8.01705
    endloop
  endfacet
  facet normal -0.828864 0.40876 0.381968
    outer loop
      vertex -18.2769 5.48842 7.0403
      vertex -18.7185 5.10114 6.49648
      vertex -18.5104 5.01494 7.0403
    endloop
  endfacet
  facet normal -0.856863 0.446034 0.258534
    outer loop
      vertex -18.6039 5.67723 5.92791
      vertex -18.1417 6.23559 6.49648
      vertex -18.2736 6.31176 5.92791
    endloop
  endfacet
  facet normal -0.856864 0.446027 0.258541
    outer loop
      vertex -18.1417 6.23559 6.49648
      vertex -18.6039 5.67723 5.92791
      vertex -18.472 5.60105 6.49648
    endloop
  endfacet
  facet normal -0.694844 0.609338 0.381967
    outer loop
      vertex -16.6447 8.28896 6.49648
      vertex -17.0122 7.86989 6.49648
      vertex -16.8335 7.73277 7.0403
    endloop
  endfacet
  facet normal -0.730979 0.669831 0.13037
    outer loop
      vertex -16.8067 8.45102 5.34431
      vertex -16.2691 8.92411 5.92791
      vertex -16.3234 8.97844 5.34431
    endloop
  endfacet
  facet normal -0.730979 0.669831 0.13037
    outer loop
      vertex -16.2691 8.92411 5.92791
      vertex -16.8067 8.45102 5.34431
      vertex -16.7524 8.39669 5.92791
    endloop
  endfacet
  facet normal -0.745427 0.653753 0.130179
    outer loop
      vertex -16.8067 8.45102 5.34431
      vertex -17.194 8.00941 5.34431
      vertex -17.1331 7.96264 5.92791
    endloop
  endfacet
  facet normal -0.843364 0.537342 0
    outer loop
      vertex -18.3402 6.35018 5.15
      vertex -17.9558 6.9535 5.34431
      vertex -17.9558 6.9535 5.15
    endloop
  endfacet
  facet normal -0.843364 0.537342 0
    outer loop
      vertex -17.9558 6.9535 5.34431
      vertex -18.3402 6.35018 5.15
      vertex -18.3402 6.35018 5.34431
    endloop
  endfacet
  facet normal -0.916 0.37934 0.130556
    outer loop
      vertex -19.204 4.52794 5.34431
      vertex -18.8593 5.15944 5.92791
      vertex -18.9303 5.18885 5.34431
    endloop
  endfacet
  facet normal -0.915999 0.379345 0.130549
    outer loop
      vertex -18.8593 5.15944 5.92791
      vertex -19.204 4.52794 5.34431
      vertex -19.133 4.49854 5.92791
    endloop
  endfacet
  facet normal -0.892407 0.369575 0.25889
    outer loop
      vertex -19.133 4.49854 5.92791
      vertex -18.7185 5.10114 6.49648
      vertex -18.8593 5.15944 5.92791
    endloop
  endfacet
  facet normal -0.892396 0.369705 0.258744
    outer loop
      vertex -18.7185 5.10114 6.49648
      vertex -19.133 4.49854 5.92791
      vertex -18.9923 4.44024 6.49648
    endloop
  endfacet
  facet normal -0.170959 0.194994 0.96579
    outer loop
      vertex -13.5014 7.43413 9.31118
      vertex -13.6437 7.30937 9.31118
      vertex -13.2416 6.90733 9.46353
    endloop
  endfacet
  facet normal -0.171048 0.194948 0.965783
    outer loop
      vertex -13.1553 6.98305 9.46353
      vertex -13.5014 7.43413 9.31118
      vertex -13.2416 6.90733 9.46353
    endloop
  endfacet
  facet normal -0.449167 0.221597 0.865531
    outer loop
      vertex -16.9468 4.72049 8.79161
      vertex -17.0915 4.42719 8.79161
      vertex -16.5054 4.46561 9.08593
    endloop
  endfacet
  facet normal -0.353566 0.146423 0.923878
    outer loop
      vertex -16.6205 4.23211 9.08593
      vertex -16.3918 3.3631 9.31118
      vertex -16.1181 4.024 9.31118
    endloop
  endfacet
  facet normal -0.353496 0.146447 0.923901
    outer loop
      vertex -16.3918 3.3631 9.31118
      vertex -16.6205 4.23211 9.08593
      vertex -16.8943 3.57121 9.08593
    endloop
  endfacet
  facet normal -0.245548 0.083462 0.965785
    outer loop
      vertex -16.3918 3.3631 9.31118
      vertex -16.4527 3.18393 9.31118
      vertex -15.9035 3.03677 9.46353
    endloop
  endfacet
  facet normal -0.363031 0.123106 0.923609
    outer loop
      vertex -16.8943 3.57121 9.08593
      vertex -16.9779 3.32468 9.08593
      vertex -16.3918 3.3631 9.31118
    endloop
  endfacet
  facet normal -0.6533 0.270652 0.707069
    outer loop
      vertex -17.9074 4.76518 8.01705
      vertex -17.7967 3.945 8.43328
      vertex -17.5229 4.6059 8.43328
    endloop
  endfacet
  facet normal -0.6533 0.270652 0.707069
    outer loop
      vertex -17.7967 3.945 8.43328
      vertex -17.9074 4.76518 8.01705
      vertex -18.1812 4.10428 8.01705
    endloop
  endfacet
  facet normal -0.634956 0.313018 0.706293
    outer loop
      vertex -17.3513 4.95399 8.43328
      vertex -17.7117 5.1621 8.01705
      vertex -17.5229 4.6059 8.43328
    endloop
  endfacet
  facet normal -0.303571 0.232944 0.923895
    outer loop
      vertex -15.2106 6.48746 9.08593
      vertex -15.2146 5.58887 9.31118
      vertex -14.7791 6.15641 9.31118
    endloop
  endfacet
  facet normal -0.30363 0.23294 0.923876
    outer loop
      vertex -15.2146 5.58887 9.31118
      vertex -15.2106 6.48746 9.08593
      vertex -15.646 5.91993 9.08593
    endloop
  endfacet
  facet normal -0.482944 0.370592 0.793364
    outer loop
      vertex -15.9855 7.08208 8.43328
      vertex -16.0505 6.23026 8.79161
      vertex -15.615 6.79779 8.79161
    endloop
  endfacet
  facet normal -0.482951 0.370591 0.79336
    outer loop
      vertex -16.0505 6.23026 8.79161
      vertex -15.9855 7.08208 8.43328
      vertex -16.421 6.51454 8.43328
    endloop
  endfacet
  facet normal -0.793346 0.608771 0
    outer loop
      vertex -17.6295 7.44187 5.15
      vertex -17.194 8.00941 5.34431
      vertex -17.194 8.00941 5.15
    endloop
  endfacet
  facet normal -0.793346 0.608771 0
    outer loop
      vertex -17.194 8.00941 5.34431
      vertex -17.6295 7.44187 5.15
      vertex -17.6295 7.44187 5.34431
    endloop
  endfacet
  facet normal -0.513324 0.768494 0.381989
    outer loop
      vertex -14.1839 10.4123 6.49648
      vertex -14.6474 10.1027 6.49648
      vertex -14.0713 10.2172 7.0403
    endloop
  endfacet
  facet normal -0.457744 0.879457 0.130482
    outer loop
      vertex -13.0606 11.3255 5.34431
      vertex -13.6568 10.9286 5.92791
      vertex -13.0222 11.2589 5.92791
    endloop
  endfacet
  facet normal -0.457744 0.879457 0.130482
    outer loop
      vertex -13.6568 10.9286 5.92791
      vertex -13.0606 11.3255 5.34431
      vertex -13.6952 10.9952 5.34431
    endloop
  endfacet
  facet normal -0.519082 0.814678 0.258561
    outer loop
      vertex -13.6568 10.9286 5.92791
      vertex -14.1839 10.4123 6.49648
      vertex -13.5806 10.7967 6.49648
    endloop
  endfacet
  facet normal -0.518967 0.814709 0.258696
    outer loop
      vertex -14.1839 10.4123 6.49648
      vertex -13.6568 10.9286 5.92791
      vertex -14.2601 10.5443 5.92791
    endloop
  endfacet
  facet normal -0.653687 0.745477 0.130221
    outer loop
      vertex -15.3076 9.78805 5.92791
      vertex -15.796 9.46173 5.34431
      vertex -15.7417 9.4074 5.92791
    endloop
  endfacet
  facet normal -0.40191 0.458312 0.792729
    outer loop
      vertex -14.4271 8.64048 8.43328
      vertex -14.7189 8.38459 8.43328
      vertex -14.1428 8.27 8.79161
    endloop
  endfacet
  facet normal -0.481353 0.720499 0.49918
    outer loop
      vertex -14.0713 10.2172 7.0403
      vertex -14.3311 9.69045 7.55007
      vertex -13.9241 9.96236 7.55007
    endloop
  endfacet
  facet normal -0.49652 0.779267 0.382375
    outer loop
      vertex -13.5806 10.7967 6.49648
      vertex -14.0713 10.2172 7.0403
      vertex -13.468 10.6016 7.0403
    endloop
  endfacet
  facet normal -0.49652 0.779267 0.382375
    outer loop
      vertex -14.0713 10.2172 7.0403
      vertex -13.5806 10.7967 6.49648
      vertex -14.1839 10.4123 6.49648
    endloop
  endfacet
  facet normal -0.183168 0.58101 0.793018
    outer loop
      vertex -10.9225 10.5764 8.43328
      vertex -10.1194 10.3405 8.79161
      vertex -10.2402 10.7915 8.43328
    endloop
  endfacet
  facet normal -0.183239 0.580882 0.793095
    outer loop
      vertex -10.1194 10.3405 8.79161
      vertex -10.9225 10.5764 8.43328
      vertex -10.8016 10.1253 8.79161
    endloop
  endfacet
  facet normal -0.1532 0.690694 0.706733
    outer loop
      vertex -9.64957 11.3484 8.01705
      vertex -10.2402 10.7915 8.43328
      vertex -9.54184 10.9464 8.43328
    endloop
  endfacet
  facet normal -0.153071 0.690627 0.706826
    outer loop
      vertex -10.2402 10.7915 8.43328
      vertex -9.64957 11.3484 8.01705
      vertex -10.348 11.1936 8.01705
    endloop
  endfacet
  facet normal 0.0167031 -0.382607 0.92376
    outer loop
      vertex 7.34999 -9.65146 9.31118
      vertex 8.06467 -10.1641 9.08593
      vertex 8.06467 -9.62026 9.31118
    endloop
  endfacet
  facet normal 0.0167031 -0.382607 0.92376
    outer loop
      vertex 8.06467 -10.1641 9.08593
      vertex 7.34999 -9.65146 9.31118
      vertex 7.34999 -10.1953 9.08593
    endloop
  endfacet
  facet normal 0.0218252 -0.499938 0.865786
    outer loop
      vertex 7.34999 -10.1953 9.08593
      vertex 8.06467 -10.6738 8.79161
      vertex 8.06467 -10.1641 9.08593
    endloop
  endfacet
  facet normal 0.0218919 -0.499863 0.865828
    outer loop
      vertex 8.06467 -10.6738 8.79161
      vertex 7.34999 -10.1953 9.08593
      vertex 7.34999 -10.7051 8.79161
    endloop
  endfacet
  facet normal -0.124602 0.0392845 0.991429
    outer loop
      vertex -15.9035 3.03677 9.46353
      vertex -15.5549 2.20348 9.54036
      vertex -15.3398 2.88573 9.54036
    endloop
  endfacet
  facet normal -0.124602 0.0392845 0.991429
    outer loop
      vertex -15.5549 2.20348 9.54036
      vertex -15.9035 3.03677 9.46353
      vertex -16.1186 2.35452 9.46353
    endloop
  endfacet
  facet normal 0.16097 0.474255 0.865547
    outer loop
      vertex 10.6697 9.63295 9.08593
      vertex 11.05 9.87226 8.88408
      vertex 11.05 9.96647 8.83246
    endloop
  endfacet
  facet normal 0.161002 0.474215 0.865562
    outer loop
      vertex 11.05 9.87226 8.88408
      vertex 10.6697 9.63295 9.08593
      vertex 10.9162 9.54926 9.08593
    endloop
  endfacet
  facet normal -0.218476 0.1392 0.965863
    outer loop
      vertex -15.3197 5.43155 9.31118
      vertex -15.2117 4.54395 9.46353
      vertex -14.8273 5.14727 9.46353
    endloop
  endfacet
  facet normal -0.218476 0.1392 0.965863
    outer loop
      vertex -15.2117 4.54395 9.46353
      vertex -15.3197 5.43155 9.31118
      vertex -15.7041 4.82823 9.31118
    endloop
  endfacet
  facet normal -0.115887 0.0603231 0.991429
    outer loop
      vertex -15.542 3.90941 9.46353
      vertex -14.7063 4.25215 9.54036
      vertex -15.2117 4.54395 9.46353
    endloop
  endfacet
  facet normal -0.115887 0.0603243 0.991429
    outer loop
      vertex -14.7063 4.25215 9.54036
      vertex -15.542 3.90941 9.46353
      vertex -15.0366 3.61762 9.54036
    endloop
  endfacet
  facet normal -0.128288 -0.0255141 0.991409
    outer loop
      vertex -15.7097 -1.50508 9.54036
      vertex -16.2958 -1.5435 9.46353
      vertex -16.2734 -1.65613 9.46353
    endloop
  endfacet
  facet normal 0 0 1
    outer loop
      vertex 10.2307 7.99475 9.54036
      vertex 11.05 7.6461 9.54036
      vertex 10.9626 7.69159 9.54036
    endloop
  endfacet
  facet normal 0 0 1
    outer loop
      vertex 11.05 7.6461 9.54036
      vertex 10.2307 7.99475 9.54036
      vertex 11.05 -7.6461 9.54036
    endloop
  endfacet
  facet normal 0 0 1
    outer loop
      vertex 10.2307 7.99475 9.54036
      vertex 10.9626 7.69159 9.54036
      vertex 10.9281 7.70862 9.54036
    endloop
  endfacet
  facet normal 0 0 1
    outer loop
      vertex 10.2307 -7.99475 9.54036
      vertex 11.05 -7.6461 9.54036
      vertex 10.2307 7.99475 9.54036
    endloop
  endfacet
  facet normal 0 0 1
    outer loop
      vertex 10.2307 7.99475 9.54036
      vertex 10.9281 7.70862 9.54036
      vertex 10.2672 7.98238 9.54036
    endloop
  endfacet
  facet normal 0 0 1
    outer loop
      vertex 11.05 -7.6461 9.54036
      vertex 10.2307 -7.99475 9.54036
      vertex 10.9626 -7.69159 9.54036
    endloop
  endfacet
  facet normal 0 0 1
    outer loop
      vertex 10.9626 -7.69159 9.54036
      vertex 10.2307 -7.99475 9.54036
      vertex 10.9281 -7.70862 9.54036
    endloop
  endfacet
  facet normal 0 0 1
    outer loop
      vertex 10.9281 -7.70862 9.54036
      vertex 10.2307 -7.99475 9.54036
      vertex 10.2672 -7.98238 9.54036
    endloop
  endfacet
  facet normal 0 0 1
    outer loop
      vertex 9.54848 8.20987 9.54036
      vertex 10.2307 -7.99475 9.54036
      vertex 10.2307 7.99475 9.54036
    endloop
  endfacet
  facet normal 0 0 1
    outer loop
      vertex 9.54848 8.20987 9.54036
      vertex 9.54848 -8.20987 9.54036
      vertex 10.2307 -7.99475 9.54036
    endloop
  endfacet
  facet normal 0 0 1
    outer loop
      vertex 8.85008 8.3647 9.54036
      vertex 9.54848 -8.20987 9.54036
      vertex 9.54848 8.20987 9.54036
    endloop
  endfacet
  facet normal 0 0 1
    outer loop
      vertex 8.85008 8.3647 9.54036
      vertex 8.85008 -8.3647 9.54036
      vertex 9.54848 -8.20987 9.54036
    endloop
  endfacet
  facet normal 0 0 1
    outer loop
      vertex 8.06467 8.4681 9.54036
      vertex 8.85008 8.3647 9.54036
      vertex 8.81233 8.37221 9.54036
    endloop
  endfacet
  facet normal 0 0 1
    outer loop
      vertex 8.85008 8.3647 9.54036
      vertex 8.06467 8.4681 9.54036
      vertex 8.85008 -8.3647 9.54036
    endloop
  endfacet
  facet normal 0 0 1
    outer loop
      vertex 8.06467 8.4681 9.54036
      vertex 8.81233 8.37221 9.54036
      vertex 8.10308 8.46558 9.54036
    endloop
  endfacet
  facet normal 0 0 1
    outer loop
      vertex 8.06467 -8.4681 9.54036
      vertex 8.85008 -8.3647 9.54036
      vertex 8.06467 8.4681 9.54036
    endloop
  endfacet
  facet normal 0 0 1
    outer loop
      vertex 8.85008 -8.3647 9.54036
      vertex 8.06467 -8.4681 9.54036
      vertex 8.81233 -8.37221 9.54036
    endloop
  endfacet
  facet normal 0 0 1
    outer loop
      vertex 8.81233 -8.37221 9.54036
      vertex 8.06467 -8.4681 9.54036
      vertex 8.10308 -8.46558 9.54036
    endloop
  endfacet
  facet normal 0 0 1
    outer loop
      vertex 7.34999 8.4993 9.54036
      vertex 8.06467 -8.4681 9.54036
      vertex 8.06467 8.4681 9.54036
    endloop
  endfacet
  facet normal 0 0 1
    outer loop
      vertex 7.34999 8.4993 9.54036
      vertex 7.34999 -8.4993 9.54036
      vertex 8.06467 -8.4681 9.54036
    endloop
  endfacet
  facet normal -0 0 1
    outer loop
      vertex -7.34999 8.4993 9.54036
      vertex 7.34999 -8.4993 9.54036
      vertex 7.34999 8.4993 9.54036
    endloop
  endfacet
  facet normal 0 0 1
    outer loop
      vertex -7.34999 8.4993 9.54036
      vertex -7.34999 -8.4993 9.54036
      vertex 7.34999 -8.4993 9.54036
    endloop
  endfacet
  facet normal -0 0 1
    outer loop
      vertex -8.06467 8.4681 9.54036
      vertex -7.34999 -8.4993 9.54036
      vertex -7.34999 8.4993 9.54036
    endloop
  endfacet
  facet normal 0 0 1
    outer loop
      vertex -8.06467 8.4681 9.54036
      vertex -8.06467 -8.4681 9.54036
      vertex -7.34999 -8.4993 9.54036
    endloop
  endfacet
  facet normal 0 0 1
    outer loop
      vertex -8.85008 8.3647 9.54036
      vertex -8.06467 8.4681 9.54036
      vertex -8.10308 8.46558 9.54036
    endloop
  endfacet
  facet normal 0 0 1
    outer loop
      vertex -8.06467 8.4681 9.54036
      vertex -8.85008 8.3647 9.54036
      vertex -8.06467 -8.4681 9.54036
    endloop
  endfacet
  facet normal 0 0 1
    outer loop
      vertex -8.85008 8.3647 9.54036
      vertex -8.10308 8.46558 9.54036
      vertex -8.81233 8.37221 9.54036
    endloop
  endfacet
  facet normal -0 0 1
    outer loop
      vertex -8.85008 -8.3647 9.54036
      vertex -8.06467 -8.4681 9.54036
      vertex -8.85008 8.3647 9.54036
    endloop
  endfacet
  facet normal 0 0 1
    outer loop
      vertex -8.06467 -8.4681 9.54036
      vertex -8.85008 -8.3647 9.54036
      vertex -8.10308 -8.46558 9.54036
    endloop
  endfacet
  facet normal 0 0 1
    outer loop
      vertex -8.10308 -8.46558 9.54036
      vertex -8.85008 -8.3647 9.54036
      vertex -8.81233 -8.37221 9.54036
    endloop
  endfacet
  facet normal -0 0 1
    outer loop
      vertex -9.54848 8.20987 9.54036
      vertex -8.85008 -8.3647 9.54036
      vertex -8.85008 8.3647 9.54036
    endloop
  endfacet
  facet normal 0 0 1
    outer loop
      vertex -9.54848 8.20987 9.54036
      vertex -9.54848 -8.20987 9.54036
      vertex -8.85008 -8.3647 9.54036
    endloop
  endfacet
  facet normal -0 0 1
    outer loop
      vertex -10.2307 7.99475 9.54036
      vertex -9.54848 -8.20987 9.54036
      vertex -9.54848 8.20987 9.54036
    endloop
  endfacet
  facet normal 0 0 1
    outer loop
      vertex -10.2307 7.99475 9.54036
      vertex -10.2307 -7.99475 9.54036
      vertex -9.54848 -8.20987 9.54036
    endloop
  endfacet
  facet normal 0 0 1
    outer loop
      vertex -10.9626 7.69159 9.54036
      vertex -10.2307 7.99475 9.54036
      vertex -10.2672 7.98238 9.54036
    endloop
  endfacet
  facet normal 0 0 1
    outer loop
      vertex -10.2307 7.99475 9.54036
      vertex -10.9626 7.69159 9.54036
      vertex -10.2307 -7.99475 9.54036
    endloop
  endfacet
  facet normal 0 0 1
    outer loop
      vertex -10.9626 7.69159 9.54036
      vertex -10.2672 7.98238 9.54036
      vertex -10.9281 7.70862 9.54036
    endloop
  endfacet
  facet normal -0 0 1
    outer loop
      vertex -10.9626 -7.69159 9.54036
      vertex -10.2307 -7.99475 9.54036
      vertex -10.9626 7.69159 9.54036
    endloop
  endfacet
  facet normal 0 0 1
    outer loop
      vertex -10.2307 -7.99475 9.54036
      vertex -10.9626 -7.69159 9.54036
      vertex -10.2672 -7.98238 9.54036
    endloop
  endfacet
  facet normal 0 0 1
    outer loop
      vertex -10.2672 -7.98238 9.54036
      vertex -10.9626 -7.69159 9.54036
      vertex -10.9281 -7.70862 9.54036
    endloop
  endfacet
  facet normal -0 0 1
    outer loop
      vertex -11.5972 7.36128 9.54036
      vertex -10.9626 -7.69159 9.54036
      vertex -10.9626 7.69159 9.54036
    endloop
  endfacet
  facet normal 0 0 1
    outer loop
      vertex -11.5972 7.36128 9.54036
      vertex -11.5972 -7.36128 9.54036
      vertex -10.9626 -7.69159 9.54036
    endloop
  endfacet
  facet normal -0 0 1
    outer loop
      vertex -12.2005 6.97691 9.54036
      vertex -11.5972 -7.36128 9.54036
      vertex -11.5972 7.36128 9.54036
    endloop
  endfacet
  facet normal 0 0 1
    outer loop
      vertex -12.2005 6.97691 9.54036
      vertex -12.2005 -6.97691 9.54036
      vertex -11.5972 -7.36128 9.54036
    endloop
  endfacet
  facet normal 0 0 1
    outer loop
      vertex -12.829 6.49467 9.54036
      vertex -12.2005 6.97691 9.54036
      vertex -12.2325 6.95553 9.54036
    endloop
  endfacet
  facet normal 0 0 1
    outer loop
      vertex -12.2005 6.97691 9.54036
      vertex -12.829 6.49467 9.54036
      vertex -12.2005 -6.97691 9.54036
    endloop
  endfacet
  facet normal 0 0 1
    outer loop
      vertex -12.829 6.49467 9.54036
      vertex -12.2325 6.95553 9.54036
      vertex -12.8 6.52005 9.54036
    endloop
  endfacet
  facet normal -0 0 1
    outer loop
      vertex -12.829 -6.49467 9.54036
      vertex -12.2005 -6.97691 9.54036
      vertex -12.829 6.49467 9.54036
    endloop
  endfacet
  facet normal 0 0 1
    outer loop
      vertex -12.2005 -6.97691 9.54036
      vertex -12.829 -6.49467 9.54036
      vertex -12.2325 -6.95553 9.54036
    endloop
  endfacet
  facet normal 0 0 1
    outer loop
      vertex -12.2325 -6.95553 9.54036
      vertex -12.829 -6.49467 9.54036
      vertex -12.8 -6.52005 9.54036
    endloop
  endfacet
  facet normal -0 0 1
    outer loop
      vertex -13.3564 6.01138 9.54036
      vertex -12.829 -6.49467 9.54036
      vertex -12.829 6.49467 9.54036
    endloop
  endfacet
  facet normal 0 0 1
    outer loop
      vertex -13.3564 6.01138 9.54036
      vertex -13.3564 -6.01138 9.54036
      vertex -12.829 -6.49467 9.54036
    endloop
  endfacet
  facet normal -0 0 1
    outer loop
      vertex -13.8397 5.48396 9.54036
      vertex -13.3564 -6.01138 9.54036
      vertex -13.3564 6.01138 9.54036
    endloop
  endfacet
  facet normal 0 0 1
    outer loop
      vertex -13.8397 5.48396 9.54036
      vertex -13.8397 -5.48396 9.54036
      vertex -13.3564 -6.01138 9.54036
    endloop
  endfacet
  facet normal 0 0 1
    outer loop
      vertex -14.3219 4.85547 9.54036
      vertex -13.8397 5.48396 9.54036
      vertex -13.8651 5.45502 9.54036
    endloop
  endfacet
  facet normal 0 0 1
    outer loop
      vertex -13.8397 5.48396 9.54036
      vertex -14.3219 4.85547 9.54036
      vertex -13.8397 -5.48396 9.54036
    endloop
  endfacet
  facet normal 0 0 1
    outer loop
      vertex -14.3219 4.85547 9.54036
      vertex -13.8651 5.45502 9.54036
      vertex -14.3005 4.88748 9.54036
    endloop
  endfacet
  facet normal -0 0 1
    outer loop
      vertex -14.3219 -4.85547 9.54036
      vertex -13.8397 -5.48396 9.54036
      vertex -14.3219 4.85547 9.54036
    endloop
  endfacet
  facet normal 0 0 1
    outer loop
      vertex -13.8397 -5.48396 9.54036
      vertex -14.3219 -4.85547 9.54036
      vertex -13.8651 -5.45502 9.54036
    endloop
  endfacet
  facet normal 0 0 1
    outer loop
      vertex -13.8651 -5.45502 9.54036
      vertex -14.3219 -4.85547 9.54036
      vertex -14.3005 -4.88748 9.54036
    endloop
  endfacet
  facet normal -0 0 1
    outer loop
      vertex -14.7063 4.25215 9.54036
      vertex -14.3219 -4.85547 9.54036
      vertex -14.3219 4.85547 9.54036
    endloop
  endfacet
  facet normal 0 0 1
    outer loop
      vertex -14.7063 4.25215 9.54036
      vertex -14.7063 -4.25215 9.54036
      vertex -14.3219 -4.85547 9.54036
    endloop
  endfacet
  facet normal -0 0 1
    outer loop
      vertex -15.0366 3.61762 9.54036
      vertex -14.7063 -4.25215 9.54036
      vertex -14.7063 4.25215 9.54036
    endloop
  endfacet
  facet normal 0 0 1
    outer loop
      vertex -15.0366 3.61762 9.54036
      vertex -15.0366 -3.61762 9.54036
      vertex -14.7063 -4.25215 9.54036
    endloop
  endfacet
  facet normal 0 0 1
    outer loop
      vertex -15.3398 2.88573 9.54036
      vertex -15.0366 3.61762 9.54036
      vertex -15.0536 3.58309 9.54036
    endloop
  endfacet
  facet normal 0 0 1
    outer loop
      vertex -15.0366 3.61762 9.54036
      vertex -15.3398 2.88573 9.54036
      vertex -15.0366 -3.61762 9.54036
    endloop
  endfacet
  facet normal 0 0 1
    outer loop
      vertex -15.3398 2.88573 9.54036
      vertex -15.0536 3.58309 9.54036
      vertex -15.3274 2.92218 9.54036
    endloop
  endfacet
  facet normal -0 0 1
    outer loop
      vertex -15.3398 -2.88573 9.54036
      vertex -15.0366 -3.61762 9.54036
      vertex -15.3398 2.88573 9.54036
    endloop
  endfacet
  facet normal 0 0 1
    outer loop
      vertex -15.0366 -3.61762 9.54036
      vertex -15.3398 -2.88573 9.54036
      vertex -15.0536 -3.58309 9.54036
    endloop
  endfacet
  facet normal 0 0 1
    outer loop
      vertex -15.0536 -3.58309 9.54036
      vertex -15.3398 -2.88573 9.54036
      vertex -15.3274 -2.92218 9.54036
    endloop
  endfacet
  facet normal -0 0 1
    outer loop
      vertex -15.5549 2.20348 9.54036
      vertex -15.3398 -2.88573 9.54036
      vertex -15.3398 2.88573 9.54036
    endloop
  endfacet
  facet normal 0 0 1
    outer loop
      vertex -15.5549 2.20348 9.54036
      vertex -15.5549 -2.20348 9.54036
      vertex -15.3398 -2.88573 9.54036
    endloop
  endfacet
  facet normal -0 0 1
    outer loop
      vertex -15.7097 1.50508 9.54036
      vertex -15.5549 -2.20348 9.54036
      vertex -15.5549 2.20348 9.54036
    endloop
  endfacet
  facet normal 0 0 1
    outer loop
      vertex -15.7097 1.50508 9.54036
      vertex -15.7097 -1.50508 9.54036
      vertex -15.5549 -2.20348 9.54036
    endloop
  endfacet
  facet normal 0 0 1
    outer loop
      vertex -15.8131 0.719666 9.54036
      vertex -15.7097 1.50508 9.54036
      vertex -15.7172 1.46732 9.54036
    endloop
  endfacet
  facet normal 0 0 1
    outer loop
      vertex -15.7097 1.50508 9.54036
      vertex -15.8131 0.719666 9.54036
      vertex -15.7097 -1.50508 9.54036
    endloop
  endfacet
  facet normal 0 0 1
    outer loop
      vertex -15.8131 0.719666 9.54036
      vertex -15.7172 1.46732 9.54036
      vertex -15.8106 0.75808 9.54036
    endloop
  endfacet
  facet normal -0 0 1
    outer loop
      vertex -15.8131 -0.719666 9.54036
      vertex -15.7097 -1.50508 9.54036
      vertex -15.8131 0.719666 9.54036
    endloop
  endfacet
  facet normal 0 0 1
    outer loop
      vertex -15.7097 -1.50508 9.54036
      vertex -15.8131 -0.719666 9.54036
      vertex -15.7172 -1.46732 9.54036
    endloop
  endfacet
  facet normal 0 0 1
    outer loop
      vertex -15.7172 -1.46732 9.54036
      vertex -15.8131 -0.719666 9.54036
      vertex -15.8106 -0.75808 9.54036
    endloop
  endfacet
  facet normal -0 0 1
    outer loop
      vertex -15.8443 0.00498962 9.54036
      vertex -15.8131 -0.719666 9.54036
      vertex -15.8131 0.719666 9.54036
    endloop
  endfacet
  facet normal 0 0 1
    outer loop
      vertex -15.8131 -0.719666 9.54036
      vertex -15.8443 0.00498962 9.54036
      vertex -15.8443 -0.00498962 9.54036
    endloop
  endfacet
  facet normal -0.12829 -0.0254814 0.991409
    outer loop
      vertex -15.7172 -1.46732 9.54036
      vertex -16.2958 -1.5435 9.46353
      vertex -15.7097 -1.50508 9.54036
    endloop
  endfacet
  facet normal -0.258783 -0.0169962 0.965786
    outer loop
      vertex -16.3892 -0.834255 9.46353
      vertex -16.9653 -0.719666 9.31118
      vertex -16.9529 -0.908468 9.31118
    endloop
  endfacet
  facet normal 0.0170362 0.129407 0.991445
    outer loop
      vertex 8.17926 9.04418 9.46353
      vertex 8.81233 8.37221 9.54036
      vertex 8.8885 8.95081 9.46353
    endloop
  endfacet
  facet normal 0.0170359 0.129407 0.991445
    outer loop
      vertex 8.81233 8.37221 9.54036
      vertex 8.17926 9.04418 9.46353
      vertex 8.10308 8.46558 9.54036
    endloop
  endfacet
  facet normal -0.108753 -0.0726692 0.991409
    outer loop
      vertex -14.3005 -4.88748 9.54036
      vertex -14.8273 -5.14727 9.46353
      vertex -14.7635 -5.24275 9.46353
    endloop
  endfacet
  facet normal -0.0701967 0.110198 0.991428
    outer loop
      vertex -12.4923 7.48232 9.46353
      vertex -11.5972 7.36128 9.54036
      vertex -11.8889 7.86669 9.46353
    endloop
  endfacet
  facet normal -0.0701988 0.110183 0.991429
    outer loop
      vertex -11.5972 7.36128 9.54036
      vertex -12.4923 7.48232 9.46353
      vertex -12.2005 6.97691 9.54036
    endloop
  endfacet
  facet normal -0.270649 0.653294 0.707075
    outer loop
      vertex -11.4493 10.8362 8.01705
      vertex -11.9509 10.1779 8.43328
      vertex -11.29 10.4517 8.43328
    endloop
  endfacet
  facet normal -0.270649 0.653294 0.707075
    outer loop
      vertex -11.9509 10.1779 8.43328
      vertex -11.4493 10.8362 8.01705
      vertex -12.1102 10.5624 8.01705
    endloop
  endfacet
  facet normal -0.313055 0.634908 0.70632
    outer loop
      vertex -12.1102 10.5624 8.01705
      vertex -12.5071 10.3667 8.01705
      vertex -11.9509 10.1779 8.43328
    endloop
  endfacet
  facet normal -0.588598 0.39325 0.706333
    outer loop
      vertex -16.421 6.51454 8.43328
      vertex -16.7512 6.76792 8.01705
      vertex -16.6366 6.19184 8.43328
    endloop
  endfacet
  facet normal -0.624258 0.681234 0.38239
    outer loop
      vertex -15.634 9.29967 6.49648
      vertex -16.0021 8.6571 7.0403
      vertex -15.4747 9.14039 7.0403
    endloop
  endfacet
  facet normal -0.624258 0.681234 0.38239
    outer loop
      vertex -16.0021 8.6571 7.0403
      vertex -15.634 9.29967 6.49648
      vertex -16.1614 8.81638 6.49648
    endloop
  endfacet
  facet normal -0.560991 0.430475 0.707093
    outer loop
      vertex -16.3157 7.33546 8.01705
      vertex -16.421 6.51454 8.43328
      vertex -15.9855 7.08208 8.43328
    endloop
  endfacet
  facet normal -0.560991 0.430475 0.707093
    outer loop
      vertex -16.421 6.51454 8.43328
      vertex -16.3157 7.33546 8.01705
      vertex -16.7512 6.76792 8.01705
    endloop
  endfacet
  facet normal -0.60936 0.694806 0.382001
    outer loop
      vertex -15.0778 9.48848 7.0403
      vertex -15.634 9.29967 6.49648
      vertex -15.4747 9.14039 7.0403
    endloop
  endfacet
  facet normal -0.694804 0.609361 0.382004
    outer loop
      vertex -16.6447 8.28896 6.49648
      vertex -16.8335 7.73277 7.0403
      vertex -16.4854 8.12968 7.0403
    endloop
  endfacet
  facet normal -0.176841 0.339709 0.923756
    outer loop
      vertex -11.8106 9.16036 9.08593
      vertex -12.1732 8.35909 9.31118
      vertex -11.5387 8.68939 9.31118
    endloop
  endfacet
  facet normal -0.176848 0.339711 0.923754
    outer loop
      vertex -12.1732 8.35909 9.31118
      vertex -11.8106 9.16036 9.08593
      vertex -12.4451 8.83005 9.08593
    endloop
  endfacet
  facet normal -0.923854 0 0.382745
    outer loop
      vertex -19.8112 -0.00498962 6.49648
      vertex -19.5859 0.00498962 7.0403
      vertex -19.8112 0.00498962 6.49648
    endloop
  endfacet
  facet normal -0.923854 0 0.382745
    outer loop
      vertex -19.5859 0.00498962 7.0403
      vertex -19.8112 -0.00498962 6.49648
      vertex -19.5859 -0.00498962 7.0403
    endloop
  endfacet
  facet normal -0.864633 0.0566538 0.499199
    outer loop
      vertex -19.2284 1.20804 7.55007
      vertex -19.5202 1.24646 7.0403
      vertex -19.2604 0.719666 7.55007
    endloop
  endfacet
  facet normal -0.864647 0.0566262 0.499178
    outer loop
      vertex -19.5202 1.24646 7.0403
      vertex -19.5547 0.719666 7.0403
      vertex -19.2604 0.719666 7.55007
    endloop
  endfacet
  facet normal -0.706294 0.0461411 0.706413
    outer loop
      vertex -18.4605 1.10694 8.43328
      vertex -18.9021 0.719666 8.01705
      vertex -18.4858 0.719666 8.43328
    endloop
  endfacet
  facet normal -0.866037 0 0.49998
    outer loop
      vertex -19.5859 -0.00498962 7.0403
      vertex -19.2916 0.00498962 7.55007
      vertex -19.5859 0.00498962 7.0403
    endloop
  endfacet
  facet normal -0.866037 0 0.49998
    outer loop
      vertex -19.2916 0.00498962 7.55007
      vertex -19.5859 -0.00498962 7.0403
      vertex -19.2916 -0.00498962 7.55007
    endloop
  endfacet
  facet normal -0.706294 -0.0461411 0.706413
    outer loop
      vertex -18.4858 -0.719666 8.43328
      vertex -18.9021 -0.719666 8.01705
      vertex -18.4605 -1.10694 8.43328
    endloop
  endfacet
  facet normal -0.953722 -0.30069 0
    outer loop
      vertex -19.3928 -3.97175 5.15
      vertex -19.6079 -3.2895 5.34431
      vertex -19.6079 -3.2895 5.15
    endloop
  endfacet
  facet normal -0.953722 -0.30069 0
    outer loop
      vertex -19.6079 -3.2895 5.34431
      vertex -19.3928 -3.97175 5.15
      vertex -19.3928 -3.97175 5.34431
    endloop
  endfacet
  facet normal -0.800091 0.331465 0.499986
    outer loop
      vertex -18.7842 4.35404 7.0403
      vertex -18.2385 4.90231 7.55007
      vertex -18.5104 5.01494 7.0403
    endloop
  endfacet
  facet normal -0.800091 0.331465 0.499986
    outer loop
      vertex -18.2385 4.90231 7.55007
      vertex -18.7842 4.35404 7.0403
      vertex -18.5123 4.24141 7.55007
    endloop
  endfacet
  facet normal -0.712094 0.351095 0.607992
    outer loop
      vertex -17.7117 5.1621 8.01705
      vertex -18.2385 4.90231 7.55007
      vertex -17.9074 4.76518 8.01705
    endloop
  endfacet
  facet normal -0.756917 0.238637 0.608383
    outer loop
      vertex -18.8847 3.0957 7.55007
      vertex -18.3235 3.68521 8.01705
      vertex -18.6696 3.77796 7.55007
    endloop
  endfacet
  facet normal -0.756918 0.238641 0.608379
    outer loop
      vertex -18.3235 3.68521 8.01705
      vertex -18.8847 3.0957 7.55007
      vertex -18.5386 3.00296 8.01705
    endloop
  endfacet
  facet normal -0.751834 0.255294 0.607924
    outer loop
      vertex -18.1812 4.10428 8.01705
      vertex -18.6696 3.77796 7.55007
      vertex -18.3235 3.68521 8.01705
    endloop
  endfacet
  facet normal -0.845697 0.187448 0.49966
    outer loop
      vertex -19.3238 2.47348 7.0403
      vertex -18.8847 3.0957 7.55007
      vertex -19.169 3.17188 7.0403
    endloop
  endfacet
  facet normal -0.845698 0.187451 0.499657
    outer loop
      vertex -18.8847 3.0957 7.55007
      vertex -19.3238 2.47348 7.0403
      vertex -19.0395 2.39731 7.55007
    endloop
  endfacet
  facet normal -0.499789 0.0327056 0.865529
    outer loop
      vertex -17.4921 0.979451 9.08593
      vertex -18.0188 0.719666 8.79161
      vertex -17.5091 0.719666 9.08593
    endloop
  endfacet
  facet normal -0.130522 0 0.991445
    outer loop
      vertex -16.4279 0.00498962 9.46353
      vertex -15.8443 -0.00498962 9.54036
      vertex -15.8443 0.00498962 9.54036
    endloop
  endfacet
  facet normal -0.130522 0 0.991445
    outer loop
      vertex -15.8443 -0.00498962 9.54036
      vertex -16.4279 0.00498962 9.46353
      vertex -16.4279 -0.00498962 9.46353
    endloop
  endfacet
  facet normal -0.706398 0.046389 0.706293
    outer loop
      vertex -18.8731 1.16127 8.01705
      vertex -18.9021 0.719666 8.01705
      vertex -18.4605 1.10694 8.43328
    endloop
  endfacet
  facet normal -0.608268 0.0397372 0.792736
    outer loop
      vertex -18.4605 1.10694 8.43328
      vertex -18.4858 0.719666 8.43328
      vertex -18.0188 0.719666 8.79161
    endloop
  endfacet
  facet normal -0.376006 0.0747675 0.923596
    outer loop
      vertex -16.8226 1.80328 9.31118
      vertex -17.3479 1.94404 9.08593
      vertex -16.8595 1.61771 9.31118
    endloop
  endfacet
  facet normal -0.382564 -0.0250345 0.92359
    outer loop
      vertex -16.9653 -0.719666 9.31118
      vertex -17.5091 -0.719666 9.08593
      vertex -17.4921 -0.979451 9.08593
    endloop
  endfacet
  facet normal -0.382526 -0.0251233 0.923603
    outer loop
      vertex -16.9653 -0.719666 9.31118
      vertex -17.4921 -0.979451 9.08593
      vertex -16.9529 -0.908468 9.31118
    endloop
  endfacet
  facet normal -0.258783 0.0169962 0.965786
    outer loop
      vertex -16.9529 0.908468 9.31118
      vertex -16.9653 0.719666 9.31118
      vertex -16.3892 0.834255 9.46353
    endloop
  endfacet
  facet normal -0.25661 0.0337927 0.965924
    outer loop
      vertex -16.8595 1.61771 9.31118
      vertex -16.3892 0.834255 9.46353
      vertex -16.2958 1.5435 9.46353
    endloop
  endfacet
  facet normal -0.256609 0.0337929 0.965924
    outer loop
      vertex -16.3892 0.834255 9.46353
      vertex -16.8595 1.61771 9.31118
      vertex -16.9529 0.908468 9.31118
    endloop
  endfacet
  facet normal -0.252914 -0.056059 0.965863
    outer loop
      vertex -16.8226 -1.80328 9.31118
      vertex -16.1186 -2.35452 9.46353
      vertex -16.2734 -1.65613 9.46353
    endloop
  endfacet
  facet normal -0.252913 -0.056058 0.965864
    outer loop
      vertex -16.1186 -2.35452 9.46353
      vertex -16.8226 -1.80328 9.31118
      vertex -16.6678 -2.50168 9.31118
    endloop
  endfacet
  facet normal -0.1173 -0.0578587 0.99141
    outer loop
      vertex -15.0536 -3.58309 9.54036
      vertex -15.5928 -3.80642 9.46353
      vertex -15.542 -3.90941 9.46353
    endloop
  endfacet
  facet normal -0.117355 -0.0577768 0.991408
    outer loop
      vertex -15.0536 -3.58309 9.54036
      vertex -15.542 -3.90941 9.46353
      vertex -15.0366 -3.61762 9.54036
    endloop
  endfacet
  facet normal -0.318762 -0.212954 0.923602
    outer loop
      vertex -15.3197 -5.43155 9.31118
      vertex -15.7907 -5.70346 9.08593
      vertex -15.2146 -5.58887 9.31118
    endloop
  endfacet
  facet normal -0.318735 -0.21306 0.923587
    outer loop
      vertex -15.2146 -5.58887 9.31118
      vertex -15.7907 -5.70346 9.08593
      vertex -15.646 -5.91993 9.08593
    endloop
  endfacet
  facet normal -0.881237 -0.277837 0.382397
    outer loop
      vertex -19.3866 -3.23018 6.49648
      vertex -18.9539 -3.85413 7.0403
      vertex -19.169 -3.17188 7.0403
    endloop
  endfacet
  facet normal -0.881237 -0.277837 0.382397
    outer loop
      vertex -18.9539 -3.85413 7.0403
      vertex -19.3866 -3.23018 6.49648
      vertex -19.1715 -3.91243 6.49648
    endloop
  endfacet
  facet normal -0.756918 -0.238641 0.608379
    outer loop
      vertex -18.8847 -3.0957 7.55007
      vertex -18.3235 -3.68521 8.01705
      vertex -18.5386 -3.00296 8.01705
    endloop
  endfacet
  facet normal -0.756917 -0.238637 0.608383
    outer loop
      vertex -18.3235 -3.68521 8.01705
      vertex -18.8847 -3.0957 7.55007
      vertex -18.6696 -3.77796 7.55007
    endloop
  endfacet
  facet normal -0.864647 -0.0566262 0.499178
    outer loop
      vertex -19.2604 -0.719666 7.55007
      vertex -19.5547 -0.719666 7.0403
      vertex -19.5202 -1.24646 7.0403
    endloop
  endfacet
  facet normal -0.597853 -0.118895 0.792739
    outer loop
      vertex -17.8403 -2.07597 8.79161
      vertex -18.3671 -1.81619 8.43328
      vertex -18.2914 -2.19684 8.43328
    endloop
  endfacet
  facet normal -0.706711 -0.0308523 0.70683
    outer loop
      vertex -18.9021 -0.719666 8.01705
      vertex -18.517 -0.00498962 8.43328
      vertex -18.9333 -0.00498962 8.01705
    endloop
  endfacet
  facet normal -0.706711 -0.0308523 0.70683
    outer loop
      vertex -18.517 -0.00498962 8.43328
      vertex -18.9021 -0.719666 8.01705
      vertex -18.4858 -0.719666 8.43328
    endloop
  endfacet
  facet normal -0.232585 -0.114716 0.965787
    outer loop
      vertex -15.542 -3.90941 9.46353
      vertex -16.1181 -4.024 9.31118
      vertex -16.0344 -4.1937 9.31118
    endloop
  endfacet
  facet normal -0.343806 -0.169573 0.923603
    outer loop
      vertex -16.1181 -4.024 9.31118
      vertex -16.5054 -4.46561 9.08593
      vertex -16.0344 -4.1937 9.31118
    endloop
  endfacet
  facet normal -0.110183 -0.0702021 0.991429
    outer loop
      vertex -14.7063 -4.25215 9.54036
      vertex -14.8273 -5.14727 9.46353
      vertex -14.3219 -4.85547 9.54036
    endloop
  endfacet
  facet normal -0.110183 -0.0702021 0.991429
    outer loop
      vertex -14.8273 -5.14727 9.46353
      vertex -14.7063 -4.25215 9.54036
      vertex -15.2117 -4.54395 9.46353
    endloop
  endfacet
  facet normal 0.0653765 -0.997861 0
    outer loop
      vertex 8.06467 -12.6641 5.15
      vertex 8.65078 -12.6257 5.34431
      vertex 8.06467 -12.6641 5.34431
    endloop
  endfacet
  facet normal 0.0653765 -0.997861 0
    outer loop
      vertex 8.65078 -12.6257 5.34431
      vertex 8.06467 -12.6641 5.15
      vertex 8.65078 -12.6257 5.15
    endloop
  endfacet
  facet normal 0.129448 -0.982974 0.130402
    outer loop
      vertex 8.65078 -12.6257 5.34431
      vertex 9.34999 -12.4562 5.92791
      vertex 8.64075 -12.5496 5.92791
    endloop
  endfacet
  facet normal 0.129309 -0.982971 0.130568
    outer loop
      vertex 9.34999 -12.4562 5.92791
      vertex 8.65078 -12.6257 5.34431
      vertex 9.36002 -12.5324 5.34431
    endloop
  endfacet
  facet normal 0.0420666 0.123853 0.991409
    outer loop
      vertex 10.3818 8.55846 9.46353
      vertex 10.2672 7.98238 9.54036
      vertex 10.4905 8.52154 9.46353
    endloop
  endfacet
  facet normal 0.00856312 0.13052 0.991409
    outer loop
      vertex 8.06467 9.05169 9.46353
      vertex 8.06467 8.4681 9.54036
      vertex 8.10308 8.46558 9.54036
    endloop
  endfacet
  facet normal -0.254358 0.0505871 0.965786
    outer loop
      vertex -16.2734 1.65613 9.46353
      vertex -16.8226 1.80328 9.31118
      vertex -16.2958 1.5435 9.46353
    endloop
  endfacet
  facet normal -0.0578941 -0.117284 0.991409
    outer loop
      vertex -10.9626 -7.69159 9.54036
      vertex -11.2544 -8.197 9.46353
      vertex -10.9281 -7.70862 9.54036
    endloop
  endfacet
  facet normal 0.0577832 0.117345 0.991409
    outer loop
      vertex 11.05 8.00293 9.49842
      vertex 10.9281 7.70862 9.54036
      vertex 11.05 7.89107 9.51166
    endloop
  endfacet
  facet normal 0 0.793375 0.608733
    outer loop
      vertex 7.34999 11.9466 7.55007
      vertex -7.34999 11.5883 8.01705
      vertex 7.34999 11.5883 8.01705
    endloop
  endfacet
  facet normal 0 0.793375 0.608733
    outer loop
      vertex -7.34999 11.5883 8.01705
      vertex 7.34999 11.9466 7.55007
      vertex -7.34999 11.9466 7.55007
    endloop
  endfacet
  facet normal 0 0.707047 0.707166
    outer loop
      vertex 7.34999 11.5883 8.01705
      vertex -7.34999 11.172 8.43328
      vertex 7.34999 11.172 8.43328
    endloop
  endfacet
  facet normal 0 0.707047 0.707166
    outer loop
      vertex -7.34999 11.172 8.43328
      vertex 7.34999 11.5883 8.01705
      vertex -7.34999 11.5883 8.01705
    endloop
  endfacet
  facet normal 0.0603966 0.922212 0.381938
    outer loop
      vertex 8.62086 12.3985 6.49648
      vertex 8.06467 12.2097 7.0403
      vertex 8.59146 12.1752 7.0403
    endloop
  endfacet
  facet normal 0.171747 0.774849 0.608369
    outer loop
      vertex 9.74231 11.6945 7.55007
      vertex 10.348 11.1936 8.01705
      vertex 10.4407 11.5397 7.55007
    endloop
  endfacet
  facet normal 0.171736 0.774844 0.608378
    outer loop
      vertex 10.348 11.1936 8.01705
      vertex 9.74231 11.6945 7.55007
      vertex 9.64957 11.3484 8.01705
    endloop
  endfacet
  facet normal 0.0326209 0.499759 0.86555
    outer loop
      vertex 8.39099 10.6525 8.79161
      vertex 8.06467 10.6738 8.79161
      vertex 8.32445 10.1471 9.08593
    endloop
  endfacet
  facet normal 0.154836 0.778755 0.60792
    outer loop
      vertex 9.74231 11.6945 7.55007
      vertex 9.21552 11.4347 8.01705
      vertex 9.64957 11.3484 8.01705
    endloop
  endfacet
  facet normal 0.0977058 0.491194 0.865553
    outer loop
      vertex 9.10023 10.5591 8.79161
      vertex 9.0337 10.0537 9.08593
      vertex 9.42097 10.4953 8.79161
    endloop
  endfacet
  facet normal 0.238697 0.757039 0.608207
    outer loop
      vertex 11.05 11.0523 7.91742
      vertex 10.348 11.1936 8.01705
      vertex 11.0302 10.9785 8.01705
    endloop
  endfacet
  facet normal 0.238629 0.756881 0.60843
    outer loop
      vertex 10.4407 11.5397 7.55007
      vertex 11.05 11.0523 7.91742
      vertex 11.05 11.3476 7.55007
    endloop
  endfacet
  facet normal 0.238694 0.756913 0.608365
    outer loop
      vertex 11.05 11.0523 7.91742
      vertex 10.4407 11.5397 7.55007
      vertex 10.348 11.1936 8.01705
    endloop
  endfacet
  facet normal 0.16905 0.849828 0.499214
    outer loop
      vertex 9.81849 11.9788 7.0403
      vertex 9.3007 12.0818 7.0403
      vertex 9.74231 11.6945 7.55007
    endloop
  endfacet
  facet normal -0.814691 -0.519073 0.258536
    outer loop
      vertex -18.2736 -6.31176 5.92791
      vertex -17.7573 -6.83891 6.49648
      vertex -18.1417 -6.23559 6.49648
    endloop
  endfacet
  facet normal -0.814722 -0.518958 0.258671
    outer loop
      vertex -17.7573 -6.83891 6.49648
      vertex -18.2736 -6.31176 5.92791
      vertex -17.8893 -6.91508 5.92791
    endloop
  endfacet
  facet normal -0.836216 -0.532649 0.130494
    outer loop
      vertex -18.3402 -6.35018 5.34431
      vertex -17.8893 -6.91508 5.92791
      vertex -18.2736 -6.31176 5.92791
    endloop
  endfacet
  facet normal -0.836169 -0.532757 0.130353
    outer loop
      vertex -17.8893 -6.91508 5.92791
      vertex -18.3402 -6.35018 5.34431
      vertex -17.9558 -6.9535 5.34431
    endloop
  endfacet
  facet normal -0.828871 -0.408707 0.382011
    outer loop
      vertex -18.2769 -5.48842 7.0403
      vertex -18.7185 -5.10114 6.49648
      vertex -18.472 -5.60105 6.49648
    endloop
  endfacet
  facet normal -0.938852 -0.318744 0.130231
    outer loop
      vertex -19.3186 -3.95186 5.92791
      vertex -19.3928 -3.97175 5.34431
      vertex -19.133 -4.49854 5.92791
    endloop
  endfacet
  facet normal -0.914801 -0.310578 0.258225
    outer loop
      vertex -18.9923 -4.44024 6.49648
      vertex -19.3186 -3.95186 5.92791
      vertex -19.133 -4.49854 5.92791
    endloop
  endfacet
  facet normal -0.856864 -0.446027 0.258541
    outer loop
      vertex -18.6039 -5.67723 5.92791
      vertex -18.1417 -6.23559 6.49648
      vertex -18.472 -5.60105 6.49648
    endloop
  endfacet
  facet normal -0.856863 -0.446034 0.258534
    outer loop
      vertex -18.1417 -6.23559 6.49648
      vertex -18.6039 -5.67723 5.92791
      vertex -18.2736 -6.31176 5.92791
    endloop
  endfacet
  facet normal -0.866468 -0.427246 0.258253
    outer loop
      vertex -18.472 -5.60105 6.49648
      vertex -18.7185 -5.10114 6.49648
      vertex -18.6039 -5.67723 5.92791
    endloop
  endfacet
  facet normal -0.824344 -0.550913 0.1302
    outer loop
      vertex -17.8893 -6.91508 5.92791
      vertex -17.9558 -6.9535 5.34431
      vertex -17.5685 -7.3951 5.92791
    endloop
  endfacet
  facet normal -0.803226 -0.5368 0.258214
    outer loop
      vertex -17.4477 -7.30236 6.49648
      vertex -17.8893 -6.91508 5.92791
      vertex -17.5685 -7.3951 5.92791
    endloop
  endfacet
  facet normal -0.540255 -0.281222 0.79312
    outer loop
      vertex -17.3513 -4.95399 8.43328
      vertex -16.6165 -5.35503 8.79161
      vertex -16.9468 -4.72049 8.79161
    endloop
  endfacet
  facet normal -0.540285 -0.281326 0.793062
    outer loop
      vertex -16.6165 -5.35503 8.79161
      vertex -17.3513 -4.95399 8.43328
      vertex -17.0209 -5.58852 8.43328
    endloop
  endfacet
  facet normal -0.990497 -0.0433798 0.130516
    outer loop
      vertex -20.0091 -0.719666 5.34431
      vertex -19.9635 -0.00498962 5.92791
      vertex -20.0404 -0.00498962 5.34431
    endloop
  endfacet
  facet normal -0.990525 -0.0432425 0.13035
    outer loop
      vertex -19.9635 -0.00498962 5.92791
      vertex -20.0091 -0.719666 5.34431
      vertex -19.9323 -0.719666 5.92791
    endloop
  endfacet
  facet normal -0.989376 0.0648202 0.130126
    outer loop
      vertex -19.9707 1.30578 5.34431
      vertex -20.0091 0.719666 5.34431
      vertex -19.8946 1.29575 5.92791
    endloop
  endfacet
  facet normal -0.99143 0 0.130639
    outer loop
      vertex -20.0404 -0.00498962 5.34431
      vertex -19.9635 0.00498962 5.92791
      vertex -20.0404 0.00498962 5.34431
    endloop
  endfacet
  facet normal -0.99143 0 0.130639
    outer loop
      vertex -19.9635 0.00498962 5.92791
      vertex -20.0404 -0.00498962 5.34431
      vertex -19.9635 -0.00498962 5.92791
    endloop
  endfacet
  facet normal -0.965088 0.042132 0.258513
    outer loop
      vertex -19.9635 0.00498962 5.92791
      vertex -19.78 0.719666 6.49648
      vertex -19.9323 0.719666 5.92791
    endloop
  endfacet
  facet normal -0.965088 0.042132 0.258513
    outer loop
      vertex -19.78 0.719666 6.49648
      vertex -19.9635 0.00498962 5.92791
      vertex -19.8112 0.00498962 6.49648
    endloop
  endfacet
  facet normal -0.922212 -0.0603961 0.381938
    outer loop
      vertex -19.5547 -0.719666 7.0403
      vertex -19.7435 -1.27586 6.49648
      vertex -19.5202 -1.24646 7.0403
    endloop
  endfacet
  facet normal -0.957634 -0.126109 0.258907
    outer loop
      vertex -19.8946 -1.29575 5.92791
      vertex -19.6501 -1.98511 6.49648
      vertex -19.7435 -1.27586 6.49648
    endloop
  endfacet
  facet normal -0.957635 -0.126111 0.258905
    outer loop
      vertex -19.6501 -1.98511 6.49648
      vertex -19.8946 -1.29575 5.92791
      vertex -19.8012 -2.00499 5.92791
    endloop
  endfacet
  facet normal -0.982974 -0.129448 0.130402
    outer loop
      vertex -19.9707 -1.30578 5.34431
      vertex -19.8012 -2.00499 5.92791
      vertex -19.8946 -1.29575 5.92791
    endloop
  endfacet
  facet normal -0.982971 -0.129309 0.130568
    outer loop
      vertex -19.8012 -2.00499 5.92791
      vertex -19.9707 -1.30578 5.34431
      vertex -19.8774 -2.01502 5.34431
    endloop
  endfacet
  facet normal -0.260487 -0.826146 0.49963
    outer loop
      vertex -10.5169 -11.824 7.0403
      vertex -11.123 -11.3246 7.55007
      vertex -11.1991 -11.6089 7.0403
    endloop
  endfacet
  facet normal -0.260445 -0.826135 0.499669
    outer loop
      vertex -11.123 -11.3246 7.55007
      vertex -10.5169 -11.824 7.0403
      vertex -10.4407 -11.5397 7.55007
    endloop
  endfacet
  facet normal -0.209177 -0.943094 0.258492
    outer loop
      vertex -9.91622 -12.3436 5.92791
      vertex -10.5752 -12.0416 6.49648
      vertex -10.6146 -12.1887 5.92791
    endloop
  endfacet
  facet normal -0.209031 -0.943082 0.258655
    outer loop
      vertex -10.5752 -12.0416 6.49648
      vertex -9.91622 -12.3436 5.92791
      vertex -9.87679 -12.1964 6.49648
    endloop
  endfacet
  facet normal -0.318788 -0.938843 0.130182
    outer loop
      vertex -11.2969 -11.9736 5.92791
      vertex -11.8435 -11.788 5.92791
      vertex -11.3167 -12.0478 5.34431
    endloop
  endfacet
  facet normal -0.298145 -0.94558 0.130338
    outer loop
      vertex -10.6345 -12.2629 5.34431
      vertex -11.2969 -11.9736 5.92791
      vertex -11.3167 -12.0478 5.34431
    endloop
  endfacet
  facet normal -0.298103 -0.945586 0.130389
    outer loop
      vertex -11.2969 -11.9736 5.92791
      vertex -10.6345 -12.2629 5.34431
      vertex -10.6146 -12.1887 5.92791
    endloop
  endfacet
  facet normal -0.408746 -0.828871 0.381968
    outer loop
      vertex -12.3599 -11.1654 7.0403
      vertex -12.8334 -10.9319 7.0403
      vertex -12.4461 -11.3735 6.49648
    endloop
  endfacet
  facet normal -0.40864 -0.828884 0.382054
    outer loop
      vertex -12.8334 -10.9319 7.0403
      vertex -12.9461 -11.127 6.49648
      vertex -12.4461 -11.3735 6.49648
    endloop
  endfacet
  facet normal -0.0990448 -0.239119 0.965926
    outer loop
      vertex -11.1514 -8.24779 9.46353
      vertex -10.7081 -9.04683 9.31118
      vertex -10.4905 -8.52154 9.46353
    endloop
  endfacet
  facet normal -0.0990448 -0.239119 0.965926
    outer loop
      vertex -10.7081 -9.04683 9.31118
      vertex -11.1514 -8.24779 9.46353
      vertex -11.369 -8.77308 9.31118
    endloop
  endfacet
  facet normal -0.0603192 -0.115887 0.991429
    outer loop
      vertex -11.5972 -7.36128 9.54036
      vertex -11.2544 -8.197 9.46353
      vertex -10.9626 -7.69159 9.54036
    endloop
  endfacet
  facet normal -0.0603312 -0.115892 0.991428
    outer loop
      vertex -11.2544 -8.197 9.46353
      vertex -11.5972 -7.36128 9.54036
      vertex -11.8889 -7.86669 9.46353
    endloop
  endfacet
  facet normal -0.232973 -0.303608 0.923875
    outer loop
      vertex -13.5014 -7.43413 9.31118
      vertex -13.2649 -8.30104 9.08593
      vertex -12.9339 -7.8696 9.31118
    endloop
  endfacet
  facet normal -0.232925 -0.303599 0.92389
    outer loop
      vertex -13.2649 -8.30104 9.08593
      vertex -13.5014 -7.43413 9.31118
      vertex -13.8325 -7.86557 9.08593
    endloop
  endfacet
  facet normal -0.113071 -0.858611 0.500002
    outer loop
      vertex -8.59146 -12.1752 7.0403
      vertex -9.26229 -11.79 7.55007
      vertex -9.3007 -12.0818 7.0403
    endloop
  endfacet
  facet normal -0.113071 -0.858611 0.500002
    outer loop
      vertex -9.26229 -11.79 7.55007
      vertex -8.59146 -12.1752 7.0403
      vertex -8.55305 -11.8834 7.55007
    endloop
  endfacet
  facet normal -0.14644 -0.353543 0.923884
    outer loop
      vertex -11.369 -8.77308 9.31118
      vertex -10.9162 -9.54926 9.08593
      vertex -10.7081 -9.04683 9.31118
    endloop
  endfacet
  facet normal -0.146447 -0.353546 0.923882
    outer loop
      vertex -10.9162 -9.54926 9.08593
      vertex -11.369 -8.77308 9.31118
      vertex -11.5771 -9.2755 9.08593
    endloop
  endfacet
  facet normal -0.00856312 -0.13052 0.991409
    outer loop
      vertex -8.06467 -8.4681 9.54036
      vertex -8.10308 -8.46558 9.54036
      vertex -8.06467 -9.05169 9.46353
    endloop
  endfacet
  facet normal -0.0560734 -0.252913 0.965863
    outer loop
      vertex -9.69952 -8.77357 9.46353
      vertex -9.14829 -9.4776 9.31118
      vertex -9.00113 -8.92841 9.46353
    endloop
  endfacet
  facet normal -0.0560691 -0.25291 0.965864
    outer loop
      vertex -9.14829 -9.4776 9.31118
      vertex -9.69952 -8.77357 9.46353
      vertex -9.84668 -9.32277 9.31118
    endloop
  endfacet
  facet normal -0.652628 -0.712194 0.258566
    outer loop
      vertex -15.7417 -9.4074 5.92791
      vertex -16.1614 -8.81638 6.49648
      vertex -16.2691 -8.92411 5.92791
    endloop
  endfacet
  facet normal -0.652628 -0.712194 0.258566
    outer loop
      vertex -16.1614 -8.81638 6.49648
      vertex -15.7417 -9.4074 5.92791
      vertex -15.634 -9.29967 6.49648
    endloop
  endfacet
  facet normal -0.555525 -0.8315 0
    outer loop
      vertex -14.7869 -10.2845 5.25
      vertex -14.2985 -10.6108 5.34431
      vertex -14.7869 -10.2845 5.34431
    endloop
  endfacet
  facet normal -0.555525 -0.8315 -0
    outer loop
      vertex -14.2985 -10.6108 5.34431
      vertex -14.7869 -10.2845 5.25
      vertex -14.2985 -10.6108 5.25
    endloop
  endfacet
  facet normal -0.675603 -0.737266 0
    outer loop
      vertex -16.3234 -8.97844 5.25
      vertex -15.796 -9.46173 5.34431
      vertex -16.3234 -8.97844 5.34431
    endloop
  endfacet
  facet normal -0.675603 -0.737266 -0
    outer loop
      vertex -15.796 -9.46173 5.34431
      vertex -16.3234 -8.97844 5.25
      vertex -15.796 -9.46173 5.25
    endloop
  endfacet
  facet normal -0.651468 -0.57132 0.499182
    outer loop
      vertex -16.2773 -7.92157 7.55007
      vertex -16.6 -7.5536 7.55007
      vertex -16.4854 -8.12968 7.0403
    endloop
  endfacet
  facet normal -0.638654 -0.585229 0.499629
    outer loop
      vertex -16.4854 -8.12968 7.0403
      vertex -15.794 -8.44899 7.55007
      vertex -16.2773 -7.92157 7.55007
    endloop
  endfacet
  facet normal -0.638654 -0.585229 0.499629
    outer loop
      vertex -15.794 -8.44899 7.55007
      vertex -16.4854 -8.12968 7.0403
      vertex -16.0021 -8.6571 7.0403
    endloop
  endfacet
  facet normal -0.281252 -0.540263 0.793103
    outer loop
      vertex -12.7 -9.27152 8.79161
      vertex -12.299 -10.0063 8.43328
      vertex -12.0655 -9.60183 8.79161
    endloop
  endfacet
  facet normal -0.281292 -0.540275 0.793082
    outer loop
      vertex -12.299 -10.0063 8.43328
      vertex -12.7 -9.27152 8.79161
      vertex -12.9335 -9.67595 8.43328
    endloop
  endfacet
  facet normal -0.636959 0.726354 0.25825
    outer loop
      vertex -15.3076 9.78805 5.92791
      vertex -15.634 9.29967 6.49648
      vertex -15.2149 9.66719 6.49648
    endloop
  endfacet
  facet normal -0.681239 0.624252 0.382392
    outer loop
      vertex -16.6447 8.28896 6.49648
      vertex -16.0021 8.6571 7.0403
      vertex -16.1614 8.81638 6.49648
    endloop
  endfacet
  facet normal -0.681239 0.624252 0.382392
    outer loop
      vertex -16.0021 8.6571 7.0403
      vertex -16.6447 8.28896 6.49648
      vertex -16.4854 8.12968 7.0403
    endloop
  endfacet
  facet normal -0.803289 0.536624 0.258383
    outer loop
      vertex -17.4477 7.30236 6.49648
      vertex -17.8893 6.91508 5.92791
      vertex -17.7573 6.83891 6.49648
    endloop
  endfacet
  facet normal -0.732957 0.562442 0.382666
    outer loop
      vertex -17.4477 7.30236 6.49648
      vertex -16.8335 7.73277 7.0403
      vertex -17.0122 7.86989 6.49648
    endloop
  endfacet
  facet normal -0.732983 0.562323 0.38279
    outer loop
      vertex -16.8335 7.73277 7.0403
      vertex -17.4477 7.30236 6.49648
      vertex -17.2689 7.16523 7.0403
    endloop
  endfacet
  facet normal -0.726291 0.637021 0.258276
    outer loop
      vertex -16.7524 8.39669 5.92791
      vertex -17.1331 7.96264 5.92791
      vertex -16.6447 8.28896 6.49648
    endloop
  endfacet
  facet normal -0.536169 0.585106 0.608419
    outer loop
      vertex -15.2666 8.93228 7.55007
      vertex -15.5406 8.19561 8.01705
      vertex -15.0132 8.6789 8.01705
    endloop
  endfacet
  facet normal -0.536169 0.585106 0.608419
    outer loop
      vertex -15.5406 8.19561 8.01705
      vertex -15.2666 8.93228 7.55007
      vertex -15.794 8.44899 7.55007
    endloop
  endfacet
  facet normal -0.157534 0.205332 0.965931
    outer loop
      vertex -12.9339 7.8696 9.31118
      vertex -13.1553 6.98305 9.46353
      vertex -12.5877 7.41852 9.46353
    endloop
  endfacet
  facet normal -0.157567 0.20534 0.965924
    outer loop
      vertex -13.1553 6.98305 9.46353
      vertex -12.9339 7.8696 9.31118
      vertex -13.5014 7.43413 9.31118
    endloop
  endfacet
  facet normal -0.232973 0.303608 0.923875
    outer loop
      vertex -13.2649 8.30104 9.08593
      vertex -13.5014 7.43413 9.31118
      vertex -12.9339 7.8696 9.31118
    endloop
  endfacet
  facet normal -0.232925 0.303599 0.92389
    outer loop
      vertex -13.5014 7.43413 9.31118
      vertex -13.2649 8.30104 9.08593
      vertex -13.8325 7.86557 9.08593
    endloop
  endfacet
  facet normal -0.195004 0.170946 0.96579
    outer loop
      vertex -14.6544 6.29866 9.31118
      vertex -14.7791 6.15641 9.31118
      vertex -14.2523 5.89662 9.46353
    endloop
  endfacet
  facet normal -0.449176 0.221414 0.865573
    outer loop
      vertex -16.5054 4.46561 9.08593
      vertex -17.0915 4.42719 8.79161
      vertex -16.6205 4.23211 9.08593
    endloop
  endfacet
  facet normal -0.343874 0.169507 0.92359
    outer loop
      vertex -16.5054 4.46561 9.08593
      vertex -16.6205 4.23211 9.08593
      vertex -16.1181 4.024 9.31118
    endloop
  endfacet
  facet normal -0.474238 0.160953 0.865559
    outer loop
      vertex -17.3652 3.76629 8.79161
      vertex -17.4703 3.45662 8.79161
      vertex -16.9779 3.32468 9.08593
    endloop
  endfacet
  facet normal -0.670286 0.227435 0.706392
    outer loop
      vertex -17.7967 3.945 8.43328
      vertex -18.3235 3.68521 8.01705
      vertex -17.9214 3.57749 8.43328
    endloop
  endfacet
  facet normal -0.577233 0.195861 0.792743
    outer loop
      vertex -17.7967 3.945 8.43328
      vertex -17.9214 3.57749 8.43328
      vertex -17.4703 3.45662 8.79161
    endloop
  endfacet
  facet normal -0.768358 0.399957 0.499661
    outer loop
      vertex -18.2769 5.48842 7.0403
      vertex -17.6917 5.9758 7.55007
      vertex -17.9466 6.12296 7.0403
    endloop
  endfacet
  facet normal -0.768358 0.399957 0.499661
    outer loop
      vertex -17.6917 5.9758 7.55007
      vertex -18.2769 5.48842 7.0403
      vertex -18.022 5.34126 7.55007
    endloop
  endfacet
  facet normal -0.540285 0.281326 0.793062
    outer loop
      vertex -17.3513 4.95399 8.43328
      vertex -16.6165 5.35503 8.79161
      vertex -17.0209 5.58852 8.43328
    endloop
  endfacet
  facet normal -0.540255 0.281222 0.79312
    outer loop
      vertex -16.6165 5.35503 8.79161
      vertex -17.3513 4.95399 8.43328
      vertex -16.9468 4.72049 8.79161
    endloop
  endfacet
  facet normal -0.546701 0.269716 0.792699
    outer loop
      vertex -16.9468 4.72049 8.79161
      vertex -17.5229 4.6059 8.43328
      vertex -17.0915 4.42719 8.79161
    endloop
  endfacet
  facet normal -0.577197 0.195897 0.792759
    outer loop
      vertex -17.3652 3.76629 8.79161
      vertex -17.7967 3.945 8.43328
      vertex -17.4703 3.45662 8.79161
    endloop
  endfacet
  facet normal -0.376503 0.330262 0.865548
    outer loop
      vertex -15.0389 6.6832 9.08593
      vertex -15.615 6.79779 8.79161
      vertex -15.2106 6.48746 9.08593
    endloop
  endfacet
  facet normal -0.513766 0.327256 0.793062
    outer loop
      vertex -16.6366 6.19184 8.43328
      vertex -16.6165 5.35503 8.79161
      vertex -16.2322 5.95835 8.79161
    endloop
  endfacet
  facet normal -0.513766 0.327256 0.793062
    outer loop
      vertex -16.6165 5.35503 8.79161
      vertex -16.6366 6.19184 8.43328
      vertex -17.0209 5.58852 8.43328
    endloop
  endfacet
  facet normal -0.416314 0.278286 0.865586
    outer loop
      vertex -15.646 5.91993 9.08593
      vertex -16.0505 6.23026 8.79161
      vertex -15.7907 5.70346 9.08593
    endloop
  endfacet
  facet normal -0.416382 0.278242 0.865568
    outer loop
      vertex -16.0505 6.23026 8.79161
      vertex -16.2322 5.95835 8.79161
      vertex -15.7907 5.70346 9.08593
    endloop
  endfacet
  facet normal -0.426593 0.819606 0.382446
    outer loop
      vertex -12.9461 11.127 6.49648
      vertex -13.468 10.6016 7.0403
      vertex -12.8334 10.9319 7.0403
    endloop
  endfacet
  facet normal -0.426658 0.819602 0.38238
    outer loop
      vertex -13.468 10.6016 7.0403
      vertex -12.9461 11.127 6.49648
      vertex -13.5806 10.7967 6.49648
    endloop
  endfacet
  facet normal -0.550931 0.824335 0.130182
    outer loop
      vertex -14.2985 10.6108 5.34431
      vertex -14.7401 10.2235 5.92791
      vertex -14.2601 10.5443 5.92791
    endloop
  endfacet
  facet normal -0.536821 0.803223 0.258179
    outer loop
      vertex -14.2601 10.5443 5.92791
      vertex -14.7401 10.2235 5.92791
      vertex -14.6474 10.1027 6.49648
    endloop
  endfacet
  facet normal -0.268856 0.421991 0.865818
    outer loop
      vertex -13.3033 8.88715 8.79161
      vertex -12.4451 8.83005 9.08593
      vertex -12.7 9.27152 8.79161
    endloop
  endfacet
  facet normal -0.268844 0.422043 0.865796
    outer loop
      vertex -12.4451 8.83005 9.08593
      vertex -13.3033 8.88715 8.79161
      vertex -13.0485 8.44568 9.08593
    endloop
  endfacet
  facet normal -0.366459 0.703961 0.608396
    outer loop
      vertex -12.6863 10.677 7.55007
      vertex -13.1416 10.0364 8.01705
      vertex -12.5071 10.3667 8.01705
    endloop
  endfacet
  facet normal -0.366459 0.703961 0.608396
    outer loop
      vertex -13.1416 10.0364 8.01705
      vertex -12.6863 10.677 7.55007
      vertex -13.3208 10.3467 7.55007
    endloop
  endfacet
  facet normal -0.532206 0.466738 0.706337
    outer loop
      vertex -16.0239 7.66819 8.01705
      vertex -16.3157 7.33546 8.01705
      vertex -15.7296 7.37387 8.43328
    endloop
  endfacet
  facet normal -0.399986 0.768365 0.499626
    outer loop
      vertex -12.8334 10.9319 7.0403
      vertex -13.3208 10.3467 7.55007
      vertex -12.6863 10.677 7.55007
    endloop
  endfacet
  facet normal -0.399921 0.768362 0.499684
    outer loop
      vertex -13.3208 10.3467 7.55007
      vertex -12.8334 10.9319 7.0403
      vertex -13.468 10.6016 7.0403
    endloop
  endfacet
  facet normal -0.527229 0.68708 0.499951
    outer loop
      vertex -14.5102 9.92395 7.0403
      vertex -14.8986 9.25498 7.55007
      vertex -14.3311 9.69045 7.55007
    endloop
  endfacet
  facet normal -0.527144 0.687089 0.500028
    outer loop
      vertex -14.8986 9.25498 7.55007
      vertex -14.5102 9.92395 7.0403
      vertex -15.0778 9.48848 7.0403
    endloop
  endfacet
  facet normal -0.269616 0.546725 0.792716
    outer loop
      vertex -11.9509 10.1779 8.43328
      vertex -12.0655 9.60183 8.79161
      vertex -11.7722 9.74647 8.79161
    endloop
  endfacet
  facet normal -0.161009 0.474235 0.865551
    outer loop
      vertex -10.6697 9.63295 9.08593
      vertex -11.1113 10.0202 8.79161
      vertex -10.9162 9.54926 9.08593
    endloop
  endfacet
  facet normal -0.1173 0.0578587 0.99141
    outer loop
      vertex -15.542 3.90941 9.46353
      vertex -15.5928 3.80642 9.46353
      vertex -15.0536 3.58309 9.54036
    endloop
  endfacet
  facet normal -0.117355 0.0577768 0.991408
    outer loop
      vertex -15.0366 3.61762 9.54036
      vertex -15.542 3.90941 9.46353
      vertex -15.0536 3.58309 9.54036
    endloop
  endfacet
  facet normal -0.318762 0.212954 0.923602
    outer loop
      vertex -15.2146 5.58887 9.31118
      vertex -15.7907 5.70346 9.08593
      vertex -15.3197 5.43155 9.31118
    endloop
  endfacet
  facet normal -0.229784 0.119613 0.965863
    outer loop
      vertex -16.0344 4.1937 9.31118
      vertex -15.2117 4.54395 9.46353
      vertex -15.7041 4.82823 9.31118
    endloop
  endfacet
  facet normal -0.229783 0.11961 0.965864
    outer loop
      vertex -15.2117 4.54395 9.46353
      vertex -16.0344 4.1937 9.31118
      vertex -15.542 3.90941 9.46353
    endloop
  endfacet
  facet normal -0.231046 0.443821 0.865818
    outer loop
      vertex -12.0655 9.60183 8.79161
      vertex -12.4451 8.83005 9.08593
      vertex -11.8106 9.16036 9.08593
    endloop
  endfacet
  facet normal -0.231046 0.443821 0.865818
    outer loop
      vertex -12.4451 8.83005 9.08593
      vertex -12.0655 9.60183 8.79161
      vertex -12.7 9.27152 8.79161
    endloop
  endfacet
  facet normal -0.11962 0.22978 0.965863
    outer loop
      vertex -11.5387 8.68939 9.31118
      vertex -11.8889 7.86669 9.46353
      vertex -11.2544 8.197 9.46353
    endloop
  endfacet
  facet normal -0.119615 0.229778 0.965864
    outer loop
      vertex -11.8889 7.86669 9.46353
      vertex -11.5387 8.68939 9.31118
      vertex -12.1732 8.35909 9.31118
    endloop
  endfacet
  facet normal -0.720505 0.481431 0.499096
    outer loop
      vertex -17.2689 7.16523 7.0403
      vertex -17.5622 6.72628 7.0403
      vertex -17.0355 6.98606 7.55007
    endloop
  endfacet
  facet normal -0.638654 0.585229 0.499629
    outer loop
      vertex -16.4854 8.12968 7.0403
      vertex -15.794 8.44899 7.55007
      vertex -16.0021 8.6571 7.0403
    endloop
  endfacet
  facet normal -0.638654 0.585229 0.499629
    outer loop
      vertex -15.794 8.44899 7.55007
      vertex -16.4854 8.12968 7.0403
      vertex -16.2773 7.92157 7.55007
    endloop
  endfacet
  facet normal -0.720509 0.481413 0.499108
    outer loop
      vertex -17.0355 6.98606 7.55007
      vertex -17.5622 6.72628 7.0403
      vertex -17.3074 6.57912 7.55007
    endloop
  endfacet
  facet normal -0.730593 0.465491 0.499552
    outer loop
      vertex -17.9466 6.12296 7.0403
      vertex -17.3074 6.57912 7.55007
      vertex -17.5622 6.72628 7.0403
    endloop
  endfacet
  facet normal -0.730595 0.465371 0.499662
    outer loop
      vertex -17.3074 6.57912 7.55007
      vertex -17.9466 6.12296 7.0403
      vertex -17.6917 5.9758 7.55007
    endloop
  endfacet
  facet normal -0.506849 0.338695 0.79271
    outer loop
      vertex -16.0505 6.23026 8.79161
      vertex -16.6366 6.19184 8.43328
      vertex -16.2322 5.95835 8.79161
    endloop
  endfacet
  facet normal -0.393274 0.588552 0.706358
    outer loop
      vertex -13.5368 9.29158 8.43328
      vertex -14.1129 9.40617 8.01705
      vertex -13.8595 9.07595 8.43328
    endloop
  endfacet
  facet normal -0.213015 0.318753 0.923591
    outer loop
      vertex -12.7766 7.97472 9.31118
      vertex -13.0485 8.44568 9.08593
      vertex -12.9339 7.8696 9.31118
    endloop
  endfacet
  facet normal -0.965946 0 0.258743
    outer loop
      vertex -19.9635 -0.00498962 5.92791
      vertex -19.8112 0.00498962 6.49648
      vertex -19.9635 0.00498962 5.92791
    endloop
  endfacet
  facet normal -0.965946 0 0.258743
    outer loop
      vertex -19.8112 0.00498962 6.49648
      vertex -19.9635 -0.00498962 5.92791
      vertex -19.8112 -0.00498962 6.49648
    endloop
  endfacet
  facet normal -0.793375 0 0.608733
    outer loop
      vertex -19.2916 -0.00498962 7.55007
      vertex -18.9333 0.00498962 8.01705
      vertex -19.2916 0.00498962 7.55007
    endloop
  endfacet
  facet normal -0.793375 0 0.608733
    outer loop
      vertex -18.9333 0.00498962 8.01705
      vertex -19.2916 -0.00498962 7.55007
      vertex -18.9333 -0.00498962 8.01705
    endloop
  endfacet
  facet normal -0.712093 0.35122 0.607921
    outer loop
      vertex -18.022 5.34126 7.55007
      vertex -18.2385 4.90231 7.55007
      vertex -17.7117 5.1621 8.01705
    endloop
  endfacet
  facet normal -0.694329 0.13805 0.706293
    outer loop
      vertex -18.6934 2.30457 8.01705
      vertex -18.7797 1.87052 8.01705
      vertex -18.3671 1.81619 8.43328
    endloop
  endfacet
  facet normal -0.499938 -0.0218253 0.865786
    outer loop
      vertex -17.5403 -0.00498962 9.08593
      vertex -18.0188 -0.719666 8.79161
      vertex -17.5091 -0.719666 9.08593
    endloop
  endfacet
  facet normal -0.499863 -0.021892 0.865828
    outer loop
      vertex -18.0188 -0.719666 8.79161
      vertex -17.5403 -0.00498962 9.08593
      vertex -18.0501 -0.00498962 8.79161
    endloop
  endfacet
  facet normal -0.499983 0 0.866035
    outer loop
      vertex -18.0501 0.00498962 8.79161
      vertex -17.5403 -0.00498962 9.08593
      vertex -17.5403 0.00498962 9.08593
    endloop
  endfacet
  facet normal -0.499983 0 0.866035
    outer loop
      vertex -17.5403 -0.00498962 9.08593
      vertex -18.0501 0.00498962 8.79161
      vertex -18.0501 -0.00498962 8.79161
    endloop
  endfacet
  facet normal -0.706711 0.0308523 0.70683
    outer loop
      vertex -18.9333 0.00498962 8.01705
      vertex -18.4858 0.719666 8.43328
      vertex -18.9021 0.719666 8.01705
    endloop
  endfacet
  facet normal -0.706711 0.0308523 0.70683
    outer loop
      vertex -18.4858 0.719666 8.43328
      vertex -18.9333 0.00498962 8.01705
      vertex -18.517 0.00498962 8.43328
    endloop
  endfacet
  facet normal -0.499759 0.0326205 0.86555
    outer loop
      vertex -17.9975 1.04599 8.79161
      vertex -18.0188 0.719666 8.79161
      vertex -17.4921 0.979451 9.08593
    endloop
  endfacet
  facet normal -0.778755 0.154836 0.60792
    outer loop
      vertex -18.6934 2.30457 8.01705
      vertex -19.0395 2.39731 7.55007
      vertex -18.7797 1.87052 8.01705
    endloop
  endfacet
  facet normal -0.778691 0.154921 0.60798
    outer loop
      vertex -19.0395 2.39731 7.55007
      vertex -19.135 1.91729 7.55007
      vertex -18.7797 1.87052 8.01705
    endloop
  endfacet
  facet normal -0.690638 0.153082 0.706813
    outer loop
      vertex -18.6934 2.30457 8.01705
      vertex -18.1365 2.89523 8.43328
      vertex -18.5386 3.00296 8.01705
    endloop
  endfacet
  facet normal -0.690696 0.153193 0.706733
    outer loop
      vertex -18.1365 2.89523 8.43328
      vertex -18.6934 2.30457 8.01705
      vertex -18.2914 2.19684 8.43328
    endloop
  endfacet
  facet normal -0.491184 0.0977174 0.865557
    outer loop
      vertex -17.3479 1.94404 9.08593
      vertex -17.8403 2.07597 8.79161
      vertex -17.3987 1.68869 9.08593
    endloop
  endfacet
  facet normal -0.375986 0.0747997 0.923601
    outer loop
      vertex -17.3479 1.94404 9.08593
      vertex -17.3987 1.68869 9.08593
      vertex -16.8595 1.61771 9.31118
    endloop
  endfacet
  facet normal -0.382631 -0.0167042 0.92375
    outer loop
      vertex -16.9965 -0.00498962 9.31118
      vertex -17.5091 -0.719666 9.08593
      vertex -16.9653 -0.719666 9.31118
    endloop
  endfacet
  facet normal -0.382631 -0.0167042 0.92375
    outer loop
      vertex -17.5091 -0.719666 9.08593
      vertex -16.9965 -0.00498962 9.31118
      vertex -17.5403 -0.00498962 9.08593
    endloop
  endfacet
  facet normal -0.252913 0.056058 0.965864
    outer loop
      vertex -16.8226 1.80328 9.31118
      vertex -16.1186 2.35452 9.46353
      vertex -16.6678 2.50168 9.31118
    endloop
  endfacet
  facet normal -0.252914 0.056059 0.965863
    outer loop
      vertex -16.1186 2.35452 9.46353
      vertex -16.8226 1.80328 9.31118
      vertex -16.2734 1.65613 9.46353
    endloop
  endfacet
  facet normal -0.254362 0.0505791 0.965786
    outer loop
      vertex -16.8226 1.80328 9.31118
      vertex -16.8595 1.61771 9.31118
      vertex -16.2958 1.5435 9.46353
    endloop
  endfacet
  facet normal -0.124602 -0.0392845 0.991429
    outer loop
      vertex -15.5549 -2.20348 9.54036
      vertex -15.9035 -3.03677 9.46353
      vertex -15.3398 -2.88573 9.54036
    endloop
  endfacet
  facet normal -0.124602 -0.0392845 0.991429
    outer loop
      vertex -15.9035 -3.03677 9.46353
      vertex -15.5549 -2.20348 9.54036
      vertex -16.1186 -2.35452 9.46353
    endloop
  endfacet
  facet normal -0.247062 -0.0778938 0.965864
    outer loop
      vertex -16.1186 -2.35452 9.46353
      vertex -16.4527 -3.18393 9.31118
      vertex -15.9035 -3.03677 9.46353
    endloop
  endfacet
  facet normal -0.247062 -0.0778938 0.965864
    outer loop
      vertex -16.4527 -3.18393 9.31118
      vertex -16.1186 -2.35452 9.46353
      vertex -16.6678 -2.50168 9.31118
    endloop
  endfacet
  facet normal 0.0602953 0.115845 0.991435
    outer loop
      vertex 11.05 7.84294 9.51736
      vertex 10.9626 7.69159 9.54036
      vertex 11.05 7.6461 9.54036
    endloop
  endfacet
  facet normal -0.9148 -0.310589 0.258216
    outer loop
      vertex -19.1715 -3.91243 6.49648
      vertex -19.3186 -3.95186 5.92791
      vertex -18.9923 -4.44024 6.49648
    endloop
  endfacet
  facet normal -0.820511 -0.278531 0.499182
    outer loop
      vertex -18.5123 -4.24141 7.55007
      vertex -18.9539 -3.85413 7.0403
      vertex -18.7842 -4.35404 7.0403
    endloop
  endfacet
  facet normal -0.849833 -0.169074 0.499197
    outer loop
      vertex -19.135 -1.91729 7.55007
      vertex -19.4268 -1.9557 7.0403
      vertex -19.0395 -2.39731 7.55007
    endloop
  endfacet
  facet normal -0.608268 -0.0397372 0.792736
    outer loop
      vertex -18.0188 -0.719666 8.79161
      vertex -18.4858 -0.719666 8.43328
      vertex -18.4605 -1.10694 8.43328
    endloop
  endfacet
  facet normal -0.701112 -0.0923283 0.707049
    outer loop
      vertex -18.4605 -1.10694 8.43328
      vertex -18.7797 -1.87052 8.01705
      vertex -18.3671 -1.81619 8.43328
    endloop
  endfacet
  facet normal -0.701112 -0.0923283 0.707049
    outer loop
      vertex -18.7797 -1.87052 8.01705
      vertex -18.4605 -1.10694 8.43328
      vertex -18.8731 -1.16127 8.01705
    endloop
  endfacet
  facet normal 0.0432413 -0.990503 0.130517
    outer loop
      vertex 7.34999 -12.6954 5.34431
      vertex 8.06467 -12.5873 5.92791
      vertex 7.34999 -12.6185 5.92791
    endloop
  endfacet
  facet normal 0.0433806 -0.990519 0.130349
    outer loop
      vertex 8.06467 -12.5873 5.92791
      vertex 7.34999 -12.6954 5.34431
      vertex 8.06467 -12.6641 5.34431
    endloop
  endfacet
  facet normal 0.0437539 -0.999042 0
    outer loop
      vertex 7.34999 -12.6954 5.15
      vertex 8.06467 -12.6641 5.34431
      vertex 7.34999 -12.6954 5.34431
    endloop
  endfacet
  facet normal 0.0437539 -0.999042 0
    outer loop
      vertex 8.06467 -12.6641 5.34431
      vertex 7.34999 -12.6954 5.15
      vertex 8.06467 -12.6641 5.15
    endloop
  endfacet
  facet normal 0.146438 0.353544 0.923884
    outer loop
      vertex 10.7081 9.04683 9.31118
      vertex 11.05 9.49384 9.08593
      vertex 10.9162 9.54926 9.08593
    endloop
  endfacet
  facet normal 0.146442 0.353541 0.923885
    outer loop
      vertex 11.05 9.49384 9.08593
      vertex 10.7081 9.04683 9.31118
      vertex 11.05 8.90521 9.31118
    endloop
  endfacet
  facet normal -0.13052 -0.005698 0.991429
    outer loop
      vertex -15.8443 -0.00498962 9.54036
      vertex -16.3967 -0.719666 9.46353
      vertex -15.8131 -0.719666 9.54036
    endloop
  endfacet
  facet normal -0.13052 -0.005698 0.991429
    outer loop
      vertex -16.3967 -0.719666 9.46353
      vertex -15.8443 -0.00498962 9.54036
      vertex -16.4279 -0.00498962 9.46353
    endloop
  endfacet
  facet normal -0.130517 -0.00849413 0.99141
    outer loop
      vertex -15.8131 -0.719666 9.54036
      vertex -16.3967 -0.719666 9.46353
      vertex -15.8106 -0.75808 9.54036
    endloop
  endfacet
  facet normal -0 0.608831 0.7933
    outer loop
      vertex -7.34999 11.172 8.43328
      vertex 7.34999 10.7051 8.79161
      vertex 7.34999 11.172 8.43328
    endloop
  endfacet
  facet normal 0 0.608831 0.7933
    outer loop
      vertex 7.34999 10.7051 8.79161
      vertex -7.34999 11.172 8.43328
      vertex -7.34999 10.7051 8.79161
    endloop
  endfacet
  facet normal 0.0167031 0.382607 0.92376
    outer loop
      vertex 7.34999 9.65146 9.31118
      vertex 8.06467 10.1641 9.08593
      vertex 7.34999 10.1953 9.08593
    endloop
  endfacet
  facet normal 0.0167031 0.382607 0.92376
    outer loop
      vertex 8.06467 10.1641 9.08593
      vertex 7.34999 9.65146 9.31118
      vertex 8.06467 9.62026 9.31118
    endloop
  endfacet
  facet normal 0.191336 0.46194 0.866026
    outer loop
      vertex 11.05 9.87226 8.88408
      vertex 10.9162 9.54926 9.08593
      vertex 11.05 9.49384 9.08593
    endloop
  endfacet
  facet normal 0.13805 0.694329 0.706293
    outer loop
      vertex 9.21552 11.4347 8.01705
      vertex 9.16119 11.0221 8.43328
      vertex 9.64957 11.3484 8.01705
    endloop
  endfacet
  facet normal 0.0308521 0.706711 0.70683
    outer loop
      vertex 8.06467 11.5571 8.01705
      vertex 7.34999 11.172 8.43328
      vertex 8.06467 11.1408 8.43328
    endloop
  endfacet
  facet normal 0.0308521 0.706711 0.70683
    outer loop
      vertex 7.34999 11.172 8.43328
      vertex 8.06467 11.5571 8.01705
      vertex 7.34999 11.5883 8.01705
    endloop
  endfacet
  facet normal 0.260502 0.826138 0.499634
    outer loop
      vertex 10.5169 11.824 7.0403
      vertex 11.05 11.3476 7.55007
      vertex 11.05 11.6559 7.0403
    endloop
  endfacet
  facet normal 0.260462 0.82613 0.499668
    outer loop
      vertex 11.05 11.3476 7.55007
      vertex 10.5169 11.824 7.0403
      vertex 10.4407 11.5397 7.55007
    endloop
  endfacet
  facet normal 0.103578 0.786531 0.608803
    outer loop
      vertex 8.55305 11.8834 7.55007
      vertex 9.21552 11.4347 8.01705
      vertex 9.26229 11.79 7.55007
    endloop
  endfacet
  facet normal 0.103577 0.78653 0.608804
    outer loop
      vertex 9.21552 11.4347 8.01705
      vertex 8.55305 11.8834 7.55007
      vertex 8.50627 11.5281 8.01705
    endloop
  endfacet
  facet normal 0.0520267 0.792241 0.607986
    outer loop
      vertex 8.55305 11.8834 7.55007
      vertex 8.06467 11.5571 8.01705
      vertex 8.50627 11.5281 8.01705
    endloop
  endfacet
  facet normal 0.138077 0.694308 0.706308
    outer loop
      vertex 9.64957 11.3484 8.01705
      vertex 9.16119 11.0221 8.43328
      vertex 9.54184 10.9464 8.43328
    endloop
  endfacet
  facet normal 0.183168 0.58101 0.793018
    outer loop
      vertex 10.1194 10.3405 8.79161
      vertex 10.9225 10.5764 8.43328
      vertex 10.2402 10.7915 8.43328
    endloop
  endfacet
  facet normal 0.183239 0.580882 0.793095
    outer loop
      vertex 10.9225 10.5764 8.43328
      vertex 10.1194 10.3405 8.79161
      vertex 10.8016 10.1253 8.79161
    endloop
  endfacet
  facet normal -1 0 0
    outer loop
      vertex -20.0404 -0.00498962 5.15
      vertex -20.0404 0.00498962 5.34431
      vertex -20.0404 0.00498962 5.15
    endloop
  endfacet
  facet normal -1 -0 0
    outer loop
      vertex -20.0404 0.00498962 5.34431
      vertex -20.0404 -0.00498962 5.15
      vertex -20.0404 -0.00498962 5.34431
    endloop
  endfacet
  facet normal -0.946931 -0.321438 0
    outer loop
      vertex -19.204 -4.52794 5.15
      vertex -19.3928 -3.97175 5.34431
      vertex -19.3928 -3.97175 5.15
    endloop
  endfacet
  facet normal -0.946931 -0.321438 0
    outer loop
      vertex -19.3928 -3.97175 5.34431
      vertex -19.204 -4.52794 5.15
      vertex -19.204 -4.52794 5.34431
    endloop
  endfacet
  facet normal -0.892396 -0.369705 0.258744
    outer loop
      vertex -19.133 -4.49854 5.92791
      vertex -18.7185 -5.10114 6.49648
      vertex -18.9923 -4.44024 6.49648
    endloop
  endfacet
  facet normal -0.892407 -0.369575 0.25889
    outer loop
      vertex -18.7185 -5.10114 6.49648
      vertex -19.133 -4.49854 5.92791
      vertex -18.8593 -5.15944 5.92791
    endloop
  endfacet
  facet normal -0.945581 -0.298123 0.130383
    outer loop
      vertex -19.6079 -3.2895 5.34431
      vertex -19.3186 -3.95186 5.92791
      vertex -19.5337 -3.26961 5.92791
    endloop
  endfacet
  facet normal -0.945581 -0.298123 0.130383
    outer loop
      vertex -19.3186 -3.95186 5.92791
      vertex -19.6079 -3.2895 5.34431
      vertex -19.3928 -3.97175 5.34431
    endloop
  endfacet
  facet normal -0.923104 -0.0402991 0.382434
    outer loop
      vertex -19.78 -0.719666 6.49648
      vertex -19.5859 -0.00498962 7.0403
      vertex -19.8112 -0.00498962 6.49648
    endloop
  endfacet
  facet normal -0.923104 -0.0402991 0.382434
    outer loop
      vertex -19.5859 -0.00498962 7.0403
      vertex -19.78 -0.719666 6.49648
      vertex -19.5547 -0.719666 7.0403
    endloop
  endfacet
  facet normal -0.943081 -0.209036 0.258656
    outer loop
      vertex -19.6886 -2.57122 5.92791
      vertex -19.3866 -3.23018 6.49648
      vertex -19.5414 -2.53179 6.49648
    endloop
  endfacet
  facet normal -0.943092 -0.209174 0.258502
    outer loop
      vertex -19.3866 -3.23018 6.49648
      vertex -19.6886 -2.57122 5.92791
      vertex -19.5337 -3.26961 5.92791
    endloop
  endfacet
  facet normal -0.947494 -0.188418 0.258368
    outer loop
      vertex -19.5414 -2.53179 6.49648
      vertex -19.8012 -2.00499 5.92791
      vertex -19.6886 -2.57122 5.92791
    endloop
  endfacet
  facet normal -0.277855 -0.881232 0.382397
    outer loop
      vertex -10.5752 -12.0416 6.49648
      vertex -11.1991 -11.6089 7.0403
      vertex -11.2574 -11.8265 6.49648
    endloop
  endfacet
  facet normal -0.277855 -0.881232 0.382397
    outer loop
      vertex -11.1991 -11.6089 7.0403
      vertex -10.5752 -12.0416 6.49648
      vertex -10.5169 -11.824 7.0403
    endloop
  endfacet
  facet normal -0.0578485 -0.117314 0.991409
    outer loop
      vertex -10.9281 -7.70862 9.54036
      vertex -11.2544 -8.197 9.46353
      vertex -11.1514 -8.24779 9.46353
    endloop
  endfacet
  facet normal -0.114694 -0.232596 0.965787
    outer loop
      vertex -11.2544 -8.197 9.46353
      vertex -11.369 -8.77308 9.31118
      vertex -11.1514 -8.24779 9.46353
    endloop
  endfacet
  facet normal -0.0169603 -0.258785 0.965786
    outer loop
      vertex -8.06467 -9.05169 9.46353
      vertex -8.17926 -9.04418 9.46353
      vertex -8.06467 -9.62026 9.31118
    endloop
  endfacet
  facet normal -0.0112984 -0.258806 0.965863
    outer loop
      vertex -8.06467 -9.62026 9.31118
      vertex -7.34999 -9.08289 9.46353
      vertex -8.06467 -9.05169 9.46353
    endloop
  endfacet
  facet normal -0.0112984 -0.258806 0.965863
    outer loop
      vertex -7.34999 -9.08289 9.46353
      vertex -8.06467 -9.62026 9.31118
      vertex -7.34999 -9.65146 9.31118
    endloop
  endfacet
  facet normal -0.653687 -0.745477 0.130221
    outer loop
      vertex -15.7417 -9.4074 5.92791
      vertex -15.796 -9.46173 5.34431
      vertex -15.3076 -9.78805 5.92791
    endloop
  endfacet
  facet normal -0.571321 0.651433 0.499226
    outer loop
      vertex -15.0778 9.48848 7.0403
      vertex -15.4747 9.14039 7.0403
      vertex -14.8986 9.25498 7.55007
    endloop
  endfacet
  facet normal -0.609334 0.694852 0.381959
    outer loop
      vertex -15.2149 9.66719 6.49648
      vertex -15.634 9.29967 6.49648
      vertex -15.0778 9.48848 7.0403
    endloop
  endfacet
  facet normal -0.824344 0.550913 0.1302
    outer loop
      vertex -17.5685 7.3951 5.92791
      vertex -17.9558 6.9535 5.34431
      vertex -17.8893 6.91508 5.92791
    endloop
  endfacet
  facet normal -0.836169 0.532757 0.130353
    outer loop
      vertex -18.3402 6.35018 5.34431
      vertex -17.8893 6.91508 5.92791
      vertex -17.9558 6.9535 5.34431
    endloop
  endfacet
  facet normal -0.836216 0.532649 0.130494
    outer loop
      vertex -17.8893 6.91508 5.92791
      vertex -18.3402 6.35018 5.34431
      vertex -18.2736 6.31176 5.92791
    endloop
  endfacet
  facet normal -0.144094 0.215621 0.965787
    outer loop
      vertex -12.7766 7.97472 9.31118
      vertex -12.9339 7.8696 9.31118
      vertex -12.4923 7.48232 9.46353
    endloop
  endfacet
  facet normal -0.139176 0.218484 0.965865
    outer loop
      vertex -12.7766 7.97472 9.31118
      vertex -11.8889 7.86669 9.46353
      vertex -12.1732 8.35909 9.31118
    endloop
  endfacet
  facet normal -0.139176 0.218484 0.965865
    outer loop
      vertex -11.8889 7.86669 9.46353
      vertex -12.7766 7.97472 9.31118
      vertex -12.4923 7.48232 9.46353
    endloop
  endfacet
  facet normal -0.304335 0.396676 0.866042
    outer loop
      vertex -13.5753 8.70547 8.79161
      vertex -13.8325 7.86557 9.08593
      vertex -13.2649 8.30104 9.08593
    endloop
  endfacet
  facet normal -0.304396 0.396686 0.866016
    outer loop
      vertex -13.8325 7.86557 9.08593
      vertex -13.5753 8.70547 8.79161
      vertex -14.1428 8.27 8.79161
    endloop
  endfacet
  facet normal -0.380084 0.596688 0.706753
    outer loop
      vertex -13.745 9.65204 8.01705
      vertex -12.9335 9.67595 8.43328
      vertex -13.1416 10.0364 8.01705
    endloop
  endfacet
  facet normal -0.380109 0.596611 0.706804
    outer loop
      vertex -12.9335 9.67595 8.43328
      vertex -13.745 9.65204 8.01705
      vertex -13.5368 9.29158 8.43328
    endloop
  endfacet
  facet normal -0.175005 0.190977 0.965868
    outer loop
      vertex -13.6437 7.30937 9.31118
      vertex -13.769 6.42404 9.46353
      vertex -13.2416 6.90733 9.46353
    endloop
  endfacet
  facet normal -0.175005 0.190977 0.965868
    outer loop
      vertex -13.769 6.42404 9.46353
      vertex -13.6437 7.30937 9.31118
      vertex -14.1711 6.82608 9.31118
    endloop
  endfacet
  facet normal -0.365309 0.115175 0.923734
    outer loop
      vertex -16.9779 3.32468 9.08593
      vertex -16.6678 2.50168 9.31118
      vertex -16.4527 3.18393 9.31118
    endloop
  endfacet
  facet normal -0.365241 0.115207 0.923757
    outer loop
      vertex -16.6678 2.50168 9.31118
      vertex -16.9779 3.32468 9.08593
      vertex -17.1931 2.64243 9.08593
    endloop
  endfacet
  facet normal -0.247062 0.0778938 0.965864
    outer loop
      vertex -16.4527 3.18393 9.31118
      vertex -16.1186 2.35452 9.46353
      vertex -15.9035 3.03677 9.46353
    endloop
  endfacet
  facet normal -0.247062 0.0778938 0.965864
    outer loop
      vertex -16.1186 2.35452 9.46353
      vertex -16.4527 3.18393 9.31118
      vertex -16.6678 2.50168 9.31118
    endloop
  endfacet
  facet normal -0.562464 0.232934 0.793332
    outer loop
      vertex -17.5229 4.6059 8.43328
      vertex -17.3652 3.76629 8.79161
      vertex -17.0915 4.42719 8.79161
    endloop
  endfacet
  facet normal -0.562364 0.232978 0.79339
    outer loop
      vertex -17.3652 3.76629 8.79161
      vertex -17.5229 4.6059 8.43328
      vertex -17.7967 3.945 8.43328
    endloop
  endfacet
  facet normal -0.634921 0.313045 0.706313
    outer loop
      vertex -17.7117 5.1621 8.01705
      vertex -17.9074 4.76518 8.01705
      vertex -17.5229 4.6059 8.43328
    endloop
  endfacet
  facet normal -0.732909 0.303632 0.608812
    outer loop
      vertex -18.5123 4.24141 7.55007
      vertex -17.9074 4.76518 8.01705
      vertex -18.2385 4.90231 7.55007
    endloop
  endfacet
  facet normal -0.732909 0.303632 0.608812
    outer loop
      vertex -17.9074 4.76518 8.01705
      vertex -18.5123 4.24141 7.55007
      vertex -18.1812 4.10428 8.01705
    endloop
  endfacet
  facet normal -0.703981 0.366447 0.608381
    outer loop
      vertex -18.022 5.34126 7.55007
      vertex -17.3814 5.79663 8.01705
      vertex -17.6917 5.9758 7.55007
    endloop
  endfacet
  facet normal -0.703982 0.366453 0.608376
    outer loop
      vertex -17.3814 5.79663 8.01705
      vertex -18.022 5.34126 7.55007
      vertex -17.7117 5.1621 8.01705
    endloop
  endfacet
  facet normal -0.318735 0.21306 0.923587
    outer loop
      vertex -15.646 5.91993 9.08593
      vertex -15.7907 5.70346 9.08593
      vertex -15.2146 5.58887 9.31118
    endloop
  endfacet
  facet normal -0.288216 0.252819 0.923588
    outer loop
      vertex -15.0389 6.6832 9.08593
      vertex -15.2106 6.48746 9.08593
      vertex -14.6544 6.29866 9.31118
    endloop
  endfacet
  facet normal -0.252813 0.288218 0.923588
    outer loop
      vertex -13.8325 7.86557 9.08593
      vertex -14.0282 7.69391 9.08593
      vertex -13.6437 7.30937 9.31118
    endloop
  endfacet
  facet normal -0.458293 0.401923 0.792733
    outer loop
      vertex -15.7296 7.37387 8.43328
      vertex -15.9855 7.08208 8.43328
      vertex -15.615 6.79779 8.79161
    endloop
  endfacet
  facet normal -0.532205 0.466744 0.706334
    outer loop
      vertex -15.7296 7.37387 8.43328
      vertex -16.3157 7.33546 8.01705
      vertex -15.9855 7.08208 8.43328
    endloop
  endfacet
  facet normal -0.443816 0.231022 0.865827
    outer loop
      vertex -16.9468 4.72049 8.79161
      vertex -16.175 5.10014 9.08593
      vertex -16.6165 5.35503 8.79161
    endloop
  endfacet
  facet normal -0.443845 0.23111 0.865788
    outer loop
      vertex -16.175 5.10014 9.08593
      vertex -16.9468 4.72049 8.79161
      vertex -16.5054 4.46561 9.08593
    endloop
  endfacet
  facet normal -0.555525 0.8315 0
    outer loop
      vertex -14.2985 10.6108 5.25
      vertex -14.7869 10.2845 5.34431
      vertex -14.2985 10.6108 5.34431
    endloop
  endfacet
  facet normal -0.555525 0.8315 0
    outer loop
      vertex -14.7869 10.2845 5.34431
      vertex -14.2985 10.6108 5.25
      vertex -14.7869 10.2845 5.25
    endloop
  endfacet
  facet normal -0.532663 0.83621 0.130476
    outer loop
      vertex -13.6952 10.9952 5.34431
      vertex -14.2601 10.5443 5.92791
      vertex -13.6568 10.9286 5.92791
    endloop
  endfacet
  facet normal -0.532771 0.836163 0.130335
    outer loop
      vertex -14.2601 10.5443 5.92791
      vertex -13.6952 10.9952 5.34431
      vertex -14.2985 10.6108 5.34431
    endloop
  endfacet
  facet normal -0.338575 0.506893 0.792733
    outer loop
      vertex -13.5368 9.29158 8.43328
      vertex -13.5753 8.70547 8.79161
      vertex -13.3033 8.88715 8.79161
    endloop
  endfacet
  facet normal -0.327294 0.513714 0.79308
    outer loop
      vertex -13.5368 9.29158 8.43328
      vertex -12.7 9.27152 8.79161
      vertex -12.9335 9.67595 8.43328
    endloop
  endfacet
  facet normal -0.327294 0.513714 0.79308
    outer loop
      vertex -12.7 9.27152 8.79161
      vertex -13.5368 9.29158 8.43328
      vertex -13.3033 8.88715 8.79161
    endloop
  endfacet
  facet normal -0.426379 0.669365 0.608401
    outer loop
      vertex -13.3208 10.3467 7.55007
      vertex -13.745 9.65204 8.01705
      vertex -13.1416 10.0364 8.01705
    endloop
  endfacet
  facet normal -0.42643 0.669369 0.608361
    outer loop
      vertex -13.745 9.65204 8.01705
      vertex -13.3208 10.3467 7.55007
      vertex -13.9241 9.96236 7.55007
    endloop
  endfacet
  facet normal -0.441054 0.660178 0.607977
    outer loop
      vertex -13.9241 9.96236 7.55007
      vertex -14.3311 9.69045 7.55007
      vertex -14.1129 9.40617 8.01705
    endloop
  endfacet
  facet normal -0.482898 0.629418 0.608804
    outer loop
      vertex -14.3311 9.69045 7.55007
      vertex -14.6805 8.9707 8.01705
      vertex -14.1129 9.40617 8.01705
    endloop
  endfacet
  facet normal -0.482982 0.629417 0.608739
    outer loop
      vertex -14.6805 8.9707 8.01705
      vertex -14.3311 9.69045 7.55007
      vertex -14.8986 9.25498 7.55007
    endloop
  endfacet
  facet normal -0.393301 0.588504 0.706383
    outer loop
      vertex -13.745 9.65204 8.01705
      vertex -14.1129 9.40617 8.01705
      vertex -13.5368 9.29158 8.43328
    endloop
  endfacet
  facet normal -0.278185 0.416481 0.865539
    outer loop
      vertex -13.3033 8.88715 8.79161
      vertex -13.5753 8.70547 8.79161
      vertex -13.0485 8.44568 9.08593
    endloop
  endfacet
  facet normal -0.651468 0.57132 0.499182
    outer loop
      vertex -16.4854 8.12968 7.0403
      vertex -16.6 7.5536 7.55007
      vertex -16.2773 7.92157 7.55007
    endloop
  endfacet
  facet normal -0.651443 0.571332 0.499201
    outer loop
      vertex -16.4854 8.12968 7.0403
      vertex -16.8335 7.73277 7.0403
      vertex -16.6 7.5536 7.55007
    endloop
  endfacet
  facet normal -0.521586 0.477954 0.706759
    outer loop
      vertex -16.0239 7.66819 8.01705
      vertex -15.2463 7.90129 8.43328
      vertex -15.5406 8.19561 8.01705
    endloop
  endfacet
  facet normal -0.521586 0.477954 0.706759
    outer loop
      vertex -15.2463 7.90129 8.43328
      vertex -16.0239 7.66819 8.01705
      vertex -15.7296 7.37387 8.43328
    endloop
  endfacet
  facet normal -0.411526 0.449086 0.793076
    outer loop
      vertex -14.7189 8.38459 8.43328
      vertex -14.9161 7.57108 8.79161
      vertex -14.3887 8.05437 8.79161
    endloop
  endfacet
  facet normal -0.411534 0.449086 0.793071
    outer loop
      vertex -14.9161 7.57108 8.79161
      vertex -14.7189 8.38459 8.43328
      vertex -15.2463 7.90129 8.43328
    endloop
  endfacet
  facet normal -0.523528 0.596908 0.607963
    outer loop
      vertex -14.6805 8.9707 8.01705
      vertex -15.2666 8.93228 7.55007
      vertex -15.0132 8.6789 8.01705
    endloop
  endfacet
  facet normal -0.523496 0.596983 0.607917
    outer loop
      vertex -14.8986 9.25498 7.55007
      vertex -15.2666 8.93228 7.55007
      vertex -14.6805 8.9707 8.01705
    endloop
  endfacet
  facet normal -0.191352 0.461954 0.866015
    outer loop
      vertex -11.1113 10.0202 8.79161
      vertex -11.5771 9.2755 9.08593
      vertex -10.9162 9.54926 9.08593
    endloop
  endfacet
  facet normal -0.191326 0.461943 0.866027
    outer loop
      vertex -11.5771 9.2755 9.08593
      vertex -11.1113 10.0202 8.79161
      vertex -11.7722 9.74647 8.79161
    endloop
  endfacet
  facet normal -0.221483 0.449161 0.865563
    outer loop
      vertex -11.7722 9.74647 8.79161
      vertex -11.8106 9.16036 9.08593
      vertex -11.5771 9.2755 9.08593
    endloop
  endfacet
  facet normal -0.12325 0.363019 0.923595
    outer loop
      vertex -10.6697 9.63295 9.08593
      vertex -10.9162 9.54926 9.08593
      vertex -10.7081 9.04683 9.31118
    endloop
  endfacet
  facet normal -0.12058 0.0499535 0.991446
    outer loop
      vertex -15.5928 3.80642 9.46353
      vertex -15.3274 2.92218 9.54036
      vertex -15.0536 3.58309 9.54036
    endloop
  endfacet
  facet normal -0.120605 0.0499457 0.991443
    outer loop
      vertex -15.3274 2.92218 9.54036
      vertex -15.5928 3.80642 9.46353
      vertex -15.8665 3.14551 9.46353
    endloop
  endfacet
  facet normal -0.232585 0.114716 0.965787
    outer loop
      vertex -16.0344 4.1937 9.31118
      vertex -16.1181 4.024 9.31118
      vertex -15.542 3.90941 9.46353
    endloop
  endfacet
  facet normal 0.0419801 0.12387 0.99141
    outer loop
      vertex 10.3818 8.55846 9.46353
      vertex 10.2307 7.99475 9.54036
      vertex 10.2672 7.98238 9.54036
    endloop
  endfacet
  facet normal 0.0499443 0.120583 0.991446
    outer loop
      vertex 10.4905 8.52154 9.46353
      vertex 11.05 8.00293 9.49842
      vertex 11.05 8.2898 9.46353
    endloop
  endfacet
  facet normal 0.0499528 0.120592 0.991445
    outer loop
      vertex 11.05 8.00293 9.49842
      vertex 10.4905 8.52154 9.46353
      vertex 10.2672 7.98238 9.54036
    endloop
  endfacet
  facet normal 0.0499527 0.120594 0.991444
    outer loop
      vertex 11.05 8.00293 9.49842
      vertex 10.2672 7.98238 9.54036
      vertex 10.9281 7.70862 9.54036
    endloop
  endfacet
  facet normal -0.10356 0.0794479 0.991445
    outer loop
      vertex -14.3281 5.81028 9.46353
      vertex -14.3005 4.88748 9.54036
      vertex -13.8651 5.45502 9.54036
    endloop
  endfacet
  facet normal -0.103558 0.0794479 0.991445
    outer loop
      vertex -14.3005 4.88748 9.54036
      vertex -14.3281 5.81028 9.46353
      vertex -14.7635 5.24275 9.46353
    endloop
  endfacet
  facet normal -0.322979 0.205783 0.923763
    outer loop
      vertex -15.7907 5.70346 9.08593
      vertex -15.7041 4.82823 9.31118
      vertex -15.3197 5.43155 9.31118
    endloop
  endfacet
  facet normal -0.323045 0.205771 0.923743
    outer loop
      vertex -15.7041 4.82823 9.31118
      vertex -15.7907 5.70346 9.08593
      vertex -16.175 5.10014 9.08593
    endloop
  endfacet
  facet normal -0.660166 0.441095 0.607961
    outer loop
      vertex -17.0355 6.98606 7.55007
      vertex -17.3074 6.57912 7.55007
      vertex -16.7512 6.76792 8.01705
    endloop
  endfacet
  facet normal -0.382631 0.0167042 0.92375
    outer loop
      vertex -17.5091 0.719666 9.08593
      vertex -16.9965 0.00498962 9.31118
      vertex -16.9653 0.719666 9.31118
    endloop
  endfacet
  facet normal -0.382631 0.0167042 0.92375
    outer loop
      vertex -16.9965 0.00498962 9.31118
      vertex -17.5091 0.719666 9.08593
      vertex -17.5403 0.00498962 9.08593
    endloop
  endfacet
  facet normal -0.382684 0 0.923879
    outer loop
      vertex -17.5403 0.00498962 9.08593
      vertex -16.9965 -0.00498962 9.31118
      vertex -16.9965 0.00498962 9.31118
    endloop
  endfacet
  facet normal -0.382684 0 0.923879
    outer loop
      vertex -16.9965 -0.00498962 9.31118
      vertex -17.5403 0.00498962 9.08593
      vertex -17.5403 -0.00498962 9.08593
    endloop
  endfacet
  facet normal -0.594731 0.131909 0.793029
    outer loop
      vertex -18.2914 2.19684 8.43328
      vertex -17.6855 2.77437 8.79161
      vertex -18.1365 2.89523 8.43328
    endloop
  endfacet
  facet normal -0.594672 0.131809 0.79309
    outer loop
      vertex -17.6855 2.77437 8.79161
      vertex -18.2914 2.19684 8.43328
      vertex -17.8403 2.07597 8.79161
    endloop
  endfacet
  facet normal -0.608533 0.0266513 0.793081
    outer loop
      vertex -18.4858 0.719666 8.43328
      vertex -18.0501 0.00498962 8.79161
      vertex -18.0188 0.719666 8.79161
    endloop
  endfacet
  facet normal -0.608616 0.0265698 0.79302
    outer loop
      vertex -18.0501 0.00498962 8.79161
      vertex -18.4858 0.719666 8.43328
      vertex -18.517 0.00498962 8.43328
    endloop
  endfacet
  facet normal -0.129406 -0.0170416 0.991445
    outer loop
      vertex -15.8106 -0.75808 9.54036
      vertex -16.2958 -1.5435 9.46353
      vertex -15.7172 -1.46732 9.54036
    endloop
  endfacet
  facet normal -0.129406 -0.0170415 0.991445
    outer loop
      vertex -16.2958 -1.5435 9.46353
      vertex -15.8106 -0.75808 9.54036
      vertex -16.3892 -0.834255 9.46353
    endloop
  endfacet
  facet normal -0.129406 0.0170416 0.991445
    outer loop
      vertex -16.2958 1.5435 9.46353
      vertex -15.8106 0.75808 9.54036
      vertex -15.7172 1.46732 9.54036
    endloop
  endfacet
  facet normal -0.129406 0.0170415 0.991445
    outer loop
      vertex -15.8106 0.75808 9.54036
      vertex -16.2958 1.5435 9.46353
      vertex -16.3892 0.834255 9.46353
    endloop
  endfacet
  facet normal -0.127552 0.0282723 0.991429
    outer loop
      vertex -16.2734 1.65613 9.46353
      vertex -15.5549 2.20348 9.54036
      vertex -16.1186 2.35452 9.46353
    endloop
  endfacet
  facet normal -0.127552 0.0282718 0.991429
    outer loop
      vertex -15.5549 2.20348 9.54036
      vertex -16.2734 1.65613 9.46353
      vertex -15.7097 1.50508 9.54036
    endloop
  endfacet
  facet normal -0.751819 -0.255176 0.607991
    outer loop
      vertex -18.1812 -4.10428 8.01705
      vertex -18.6696 -3.77796 7.55007
      vertex -18.5123 -4.24141 7.55007
    endloop
  endfacet
  facet normal -0.751834 -0.255294 0.607924
    outer loop
      vertex -18.3235 -3.68521 8.01705
      vertex -18.6696 -3.77796 7.55007
      vertex -18.1812 -4.10428 8.01705
    endloop
  endfacet
  facet normal -0.849829 -0.169053 0.499212
    outer loop
      vertex -19.0395 -2.39731 7.55007
      vertex -19.4268 -1.9557 7.0403
      vertex -19.3238 -2.47348 7.0403
    endloop
  endfacet
  facet normal -0.906426 -0.180312 0.381942
    outer loop
      vertex -19.4268 -1.9557 7.0403
      vertex -19.6501 -1.98511 6.49648
      vertex -19.3238 -2.47348 7.0403
    endloop
  endfacet
  facet normal -0.608831 0 0.7933
    outer loop
      vertex -18.517 0.00498962 8.43328
      vertex -18.0501 -0.00498962 8.79161
      vertex -18.0501 0.00498962 8.79161
    endloop
  endfacet
  facet normal -0.608831 0 0.7933
    outer loop
      vertex -18.0501 -0.00498962 8.79161
      vertex -18.517 0.00498962 8.43328
      vertex -18.517 -0.00498962 8.43328
    endloop
  endfacet
  facet normal -0.608533 -0.0266513 0.793081
    outer loop
      vertex -18.0501 -0.00498962 8.79161
      vertex -18.4858 -0.719666 8.43328
      vertex -18.0188 -0.719666 8.79161
    endloop
  endfacet
  facet normal -0.608616 -0.0265698 0.79302
    outer loop
      vertex -18.4858 -0.719666 8.43328
      vertex -18.0501 -0.00498962 8.79161
      vertex -18.517 -0.00498962 8.43328
    endloop
  endfacet
  facet normal -0.488508 -0.108279 0.865815
    outer loop
      vertex -17.8403 -2.07597 8.79161
      vertex -17.1931 -2.64243 9.08593
      vertex -17.3479 -1.94404 9.08593
    endloop
  endfacet
  facet normal -0.488507 -0.108277 0.865816
    outer loop
      vertex -17.1931 -2.64243 9.08593
      vertex -17.8403 -2.07597 8.79161
      vertex -17.6855 -2.77437 8.79161
    endloop
  endfacet
  facet normal 0.0255137 0.128286 0.991409
    outer loop
      vertex 8.8885 8.95081 9.46353
      vertex 8.85008 8.3647 9.54036
      vertex 9.00113 8.92841 9.46353
    endloop
  endfacet
  facet normal 0.0560691 0.25291 0.965864
    outer loop
      vertex 9.14829 9.4776 9.31118
      vertex 9.69952 8.77357 9.46353
      vertex 9.84668 9.32277 9.31118
    endloop
  endfacet
  facet normal 0.0560734 0.252913 0.965863
    outer loop
      vertex 9.69952 8.77357 9.46353
      vertex 9.14829 9.4776 9.31118
      vertex 9.00113 8.92841 9.46353
    endloop
  endfacet
  facet normal 0.0505878 0.254362 0.965785
    outer loop
      vertex 9.14829 9.4776 9.31118
      vertex 8.8885 8.95081 9.46353
      vertex 9.00113 8.92841 9.46353
    endloop
  endfacet
  facet normal 0.115161 0.365259 0.923755
    outer loop
      vertex 9.84668 9.32277 9.31118
      vertex 10.6697 9.63295 9.08593
      vertex 9.98743 9.84806 9.08593
    endloop
  endfacet
  facet normal 0.115169 0.365242 0.923761
    outer loop
      vertex 10.6697 9.63295 9.08593
      vertex 9.84668 9.32277 9.31118
      vertex 10.5289 9.10765 9.31118
    endloop
  endfacet
  facet normal 0.0397049 0.608287 0.792724
    outer loop
      vertex 8.45194 11.1155 8.43328
      vertex 8.06467 10.6738 8.79161
      vertex 8.39099 10.6525 8.79161
    endloop
  endfacet
  facet normal 0.0327062 0.499789 0.865529
    outer loop
      vertex 8.06467 10.6738 8.79161
      vertex 8.06467 10.1641 9.08593
      vertex 8.32445 10.1471 9.08593
    endloop
  endfacet
  facet normal 0.118895 0.597853 0.792739
    outer loop
      vertex 9.54184 10.9464 8.43328
      vertex 9.16119 11.0221 8.43328
      vertex 9.42097 10.4953 8.79161
    endloop
  endfacet
  facet normal 0.108266 0.488475 0.865835
    outer loop
      vertex 9.42097 10.4953 8.79161
      vertex 9.98743 9.84806 9.08593
      vertex 10.1194 10.3405 8.79161
    endloop
  endfacet
  facet normal 0.108306 0.488501 0.865815
    outer loop
      vertex 9.98743 9.84806 9.08593
      vertex 9.42097 10.4953 8.79161
      vertex 9.28904 10.0029 9.08593
    endloop
  endfacet
  facet normal 0.0463894 0.706398 0.706293
    outer loop
      vertex 8.50627 11.5281 8.01705
      vertex 8.06467 11.5571 8.01705
      vertex 8.45194 11.1155 8.43328
    endloop
  endfacet
  facet normal -0.999042 0.0437541 0
    outer loop
      vertex -20.0404 0.00498962 5.15
      vertex -20.0091 0.719666 5.34431
      vertex -20.0091 0.719666 5.15
    endloop
  endfacet
  facet normal -0.999042 0.0437541 0
    outer loop
      vertex -20.0091 0.719666 5.34431
      vertex -20.0404 0.00498962 5.15
      vertex -20.0404 0.00498962 5.34431
    endloop
  endfacet
  facet normal -0.906414 -0.180228 0.38201
    outer loop
      vertex -19.3238 -2.47348 7.0403
      vertex -19.6501 -1.98511 6.49648
      vertex -19.5414 -2.53179 6.49648
    endloop
  endfacet
  facet normal -0.636932 0.726368 0.258278
    outer loop
      vertex -15.3076 9.78805 5.92791
      vertex -15.7417 9.4074 5.92791
      vertex -15.634 9.29967 6.49648
    endloop
  endfacet
  facet normal -0.652628 0.712194 0.258566
    outer loop
      vertex -15.7417 9.4074 5.92791
      vertex -16.1614 8.81638 6.49648
      vertex -15.634 9.29967 6.49648
    endloop
  endfacet
  facet normal -0.652628 0.712194 0.258566
    outer loop
      vertex -16.1614 8.81638 6.49648
      vertex -15.7417 9.4074 5.92791
      vertex -16.2691 8.92411 5.92791
    endloop
  endfacet
  facet normal -0.779267 0.496503 0.382399
    outer loop
      vertex -18.1417 6.23559 6.49648
      vertex -17.5622 6.72628 7.0403
      vertex -17.7573 6.83891 6.49648
    endloop
  endfacet
  facet normal -0.779267 0.496503 0.382399
    outer loop
      vertex -17.5622 6.72628 7.0403
      vertex -18.1417 6.23559 6.49648
      vertex -17.9466 6.12296 7.0403
    endloop
  endfacet
  facet normal -0.368888 0.33803 0.865828
    outer loop
      vertex -15.3994 7.04366 8.79161
      vertex -14.5556 7.21062 9.08593
      vertex -14.9161 7.57108 8.79161
    endloop
  endfacet
  facet normal -0.368888 0.33803 0.865828
    outer loop
      vertex -14.5556 7.21062 9.08593
      vertex -15.3994 7.04366 8.79161
      vertex -15.0389 6.6832 9.08593
    endloop
  endfacet
  facet normal -0.376531 0.330175 0.865569
    outer loop
      vertex -15.3994 7.04366 8.79161
      vertex -15.615 6.79779 8.79161
      vertex -15.0389 6.6832 9.08593
    endloop
  endfacet
  facet normal -0.338034 0.368886 0.865827
    outer loop
      vertex -14.3887 8.05437 8.79161
      vertex -14.5556 7.21062 9.08593
      vertex -14.0282 7.69391 9.08593
    endloop
  endfacet
  facet normal -0.338034 0.368886 0.865827
    outer loop
      vertex -14.5556 7.21062 9.08593
      vertex -14.3887 8.05437 8.79161
      vertex -14.9161 7.57108 8.79161
    endloop
  endfacet
  facet normal -0.39672 0.304358 0.866013
    outer loop
      vertex -15.615 6.79779 8.79161
      vertex -15.646 5.91993 9.08593
      vertex -15.2106 6.48746 9.08593
    endloop
  endfacet
  facet normal -0.39664 0.304366 0.866047
    outer loop
      vertex -15.646 5.91993 9.08593
      vertex -15.615 6.79779 8.79161
      vertex -16.0505 6.23026 8.79161
    endloop
  endfacet
  facet normal -0.282375 0.258754 0.923748
    outer loop
      vertex -15.0389 6.6832 9.08593
      vertex -14.1711 6.82608 9.31118
      vertex -14.5556 7.21062 9.08593
    endloop
  endfacet
  facet normal -0.282375 0.258754 0.923748
    outer loop
      vertex -14.1711 6.82608 9.31118
      vertex -15.0389 6.6832 9.08593
      vertex -14.6544 6.29866 9.31118
    endloop
  endfacet
  facet normal -0.370623 0.482993 0.79332
    outer loop
      vertex -13.8595 9.07595 8.43328
      vertex -14.1428 8.27 8.79161
      vertex -13.5753 8.70547 8.79161
    endloop
  endfacet
  facet normal -0.370552 0.482985 0.793358
    outer loop
      vertex -14.1428 8.27 8.79161
      vertex -13.8595 9.07595 8.43328
      vertex -14.4271 8.64048 8.43328
    endloop
  endfacet
  facet normal -0.477967 0.521581 0.706754
    outer loop
      vertex -15.0132 8.6789 8.01705
      vertex -15.2463 7.90129 8.43328
      vertex -14.7189 8.38459 8.43328
    endloop
  endfacet
  facet normal -0.477958 0.521581 0.70676
    outer loop
      vertex -15.2463 7.90129 8.43328
      vertex -15.0132 8.6789 8.01705
      vertex -15.5406 8.19561 8.01705
    endloop
  endfacet
  facet normal -0.169552 0.343846 0.923592
    outer loop
      vertex -11.5771 9.2755 9.08593
      vertex -11.8106 9.16036 9.08593
      vertex -11.369 8.77308 9.31118
    endloop
  endfacet
  facet normal -0.14644 0.353543 0.923884
    outer loop
      vertex -10.9162 9.54926 9.08593
      vertex -11.369 8.77308 9.31118
      vertex -10.7081 9.04683 9.31118
    endloop
  endfacet
  facet normal -0.146447 0.353546 0.923882
    outer loop
      vertex -11.369 8.77308 9.31118
      vertex -10.9162 9.54926 9.08593
      vertex -11.5771 9.2755 9.08593
    endloop
  endfacet
  facet normal -0.123837 0.0421283 0.991408
    outer loop
      vertex -15.3274 2.92218 9.54036
      vertex -15.9035 3.03677 9.46353
      vertex -15.3398 2.88573 9.54036
    endloop
  endfacet
  facet normal -0.33972 0.176892 0.923742
    outer loop
      vertex -16.5054 4.46561 9.08593
      vertex -15.7041 4.82823 9.31118
      vertex -16.175 5.10014 9.08593
    endloop
  endfacet
  facet normal -0.339696 0.176826 0.923763
    outer loop
      vertex -15.7041 4.82823 9.31118
      vertex -16.5054 4.46561 9.08593
      vertex -16.0344 4.1937 9.31118
    endloop
  endfacet
  facet normal -0.343806 0.169573 0.923603
    outer loop
      vertex -16.0344 4.1937 9.31118
      vertex -16.5054 4.46561 9.08593
      vertex -16.1181 4.024 9.31118
    endloop
  endfacet
  facet normal -0.10874 0.0726969 0.991409
    outer loop
      vertex -14.3005 4.88748 9.54036
      vertex -14.8273 5.14727 9.46353
      vertex -14.3219 4.85547 9.54036
    endloop
  endfacet
  facet normal -0.422003 0.268806 0.865827
    outer loop
      vertex -16.2322 5.95835 8.79161
      vertex -16.175 5.10014 9.08593
      vertex -15.7907 5.70346 9.08593
    endloop
  endfacet
  facet normal -0.422003 0.268806 0.865827
    outer loop
      vertex -16.175 5.10014 9.08593
      vertex -16.2322 5.95835 8.79161
      vertex -16.6165 5.35503 8.79161
    endloop
  endfacet
  facet normal -0.669322 0.426342 0.608474
    outer loop
      vertex -17.6917 5.9758 7.55007
      vertex -16.997 6.39995 8.01705
      vertex -17.3074 6.57912 7.55007
    endloop
  endfacet
  facet normal -0.669331 0.426459 0.608382
    outer loop
      vertex -16.997 6.39995 8.01705
      vertex -17.6917 5.9758 7.55007
      vertex -17.3814 5.79663 8.01705
    endloop
  endfacet
  facet normal -0.597853 0.118895 0.792739
    outer loop
      vertex -18.2914 2.19684 8.43328
      vertex -18.3671 1.81619 8.43328
      vertex -17.8403 2.07597 8.79161
    endloop
  endfacet
  facet normal -0.258793 -0.0112979 0.965867
    outer loop
      vertex -16.4279 -0.00498962 9.46353
      vertex -16.9653 -0.719666 9.31118
      vertex -16.3967 -0.719666 9.46353
    endloop
  endfacet
  facet normal -0.258793 -0.0112979 0.965867
    outer loop
      vertex -16.9653 -0.719666 9.31118
      vertex -16.4279 -0.00498962 9.46353
      vertex -16.9965 -0.00498962 9.31118
    endloop
  endfacet
  facet normal -0.130517 0.00849413 0.99141
    outer loop
      vertex -15.8106 0.75808 9.54036
      vertex -16.3967 0.719666 9.46353
      vertex -15.8131 0.719666 9.54036
    endloop
  endfacet
  facet normal -0.594672 -0.131809 0.79309
    outer loop
      vertex -18.2914 -2.19684 8.43328
      vertex -17.6855 -2.77437 8.79161
      vertex -17.8403 -2.07597 8.79161
    endloop
  endfacet
  facet normal -0.594731 -0.131909 0.793029
    outer loop
      vertex -17.6855 -2.77437 8.79161
      vertex -18.2914 -2.19684 8.43328
      vertex -18.1365 -2.89523 8.43328
    endloop
  endfacet
  facet normal 0.0169603 0.258785 0.965786
    outer loop
      vertex 8.06467 9.62026 9.31118
      vertex 8.06467 9.05169 9.46353
      vertex 8.17926 9.04418 9.46353
    endloop
  endfacet
  facet normal 0.0748024 0.375998 0.923596
    outer loop
      vertex 9.28904 10.0029 9.08593
      vertex 8.96271 9.51452 9.31118
      vertex 9.14829 9.4776 9.31118
    endloop
  endfacet
  facet normal 0.0828982 0.373904 0.923755
    outer loop
      vertex 9.28904 10.0029 9.08593
      vertex 9.84668 9.32277 9.31118
      vertex 9.98743 9.84806 9.08593
    endloop
  endfacet
  facet normal 0.0828919 0.373899 0.923758
    outer loop
      vertex 9.84668 9.32277 9.31118
      vertex 9.28904 10.0029 9.08593
      vertex 9.14829 9.4776 9.31118
    endloop
  endfacet
  facet normal 0.12325 0.363019 0.923595
    outer loop
      vertex 10.9162 9.54926 9.08593
      vertex 10.6697 9.63295 9.08593
      vertex 10.7081 9.04683 9.31118
    endloop
  endfacet
  facet normal 0.0392845 0.124602 0.991429
    outer loop
      vertex 9.54848 8.20987 9.54036
      vertex 10.3818 8.55846 9.46353
      vertex 9.69952 8.77357 9.46353
    endloop
  endfacet
  facet normal 0.0392876 0.124595 0.99143
    outer loop
      vertex 10.3818 8.55846 9.46353
      vertex 9.54848 8.20987 9.54036
      vertex 10.2307 7.99475 9.54036
    endloop
  endfacet
  facet normal 0.0250826 0.382519 0.923607
    outer loop
      vertex 8.32445 10.1471 9.08593
      vertex 8.06467 9.62026 9.31118
      vertex 8.25347 9.60788 9.31118
    endloop
  endfacet
  facet normal 0.0499611 0.379389 0.923887
    outer loop
      vertex 8.32445 10.1471 9.08593
      vertex 8.96271 9.51452 9.31118
      vertex 9.0337 10.0537 9.08593
    endloop
  endfacet
  facet normal 0.0499378 0.379369 0.923897
    outer loop
      vertex 8.96271 9.51452 9.31118
      vertex 8.32445 10.1471 9.08593
      vertex 8.25347 9.60788 9.31118
    endloop
  endfacet
  facet normal 0.160988 0.474371 0.86548
    outer loop
      vertex 10.8016 10.1253 8.79161
      vertex 11.05 9.96647 8.83246
      vertex 11.05 10.041 8.79161
    endloop
  endfacet
  facet normal 0.160929 0.474292 0.865534
    outer loop
      vertex 11.05 9.96647 8.83246
      vertex 10.8016 10.1253 8.79161
      vertex 10.6697 9.63295 9.08593
    endloop
  endfacet
  facet normal 0.0923283 0.701112 0.707049
    outer loop
      vertex 8.50627 11.5281 8.01705
      vertex 9.16119 11.0221 8.43328
      vertex 9.21552 11.4347 8.01705
    endloop
  endfacet
  facet normal 0.0923283 0.701112 0.707049
    outer loop
      vertex 9.16119 11.0221 8.43328
      vertex 8.50627 11.5281 8.01705
      vertex 8.45194 11.1155 8.43328
    endloop
  endfacet
  facet normal 0.169074 0.849833 0.499197
    outer loop
      vertex 9.3007 12.0818 7.0403
      vertex 9.26229 11.79 7.55007
      vertex 9.74231 11.6945 7.55007
    endloop
  endfacet
  facet normal 0.0397376 0.608268 0.792736
    outer loop
      vertex 8.06467 11.1408 8.43328
      vertex 8.06467 10.6738 8.79161
      vertex 8.45194 11.1155 8.43328
    endloop
  endfacet
  facet normal 0.0461416 0.706294 0.706413
    outer loop
      vertex 8.06467 11.5571 8.01705
      vertex 8.06467 11.1408 8.43328
      vertex 8.45194 11.1155 8.43328
    endloop
  endfacet
  facet normal 0.0652831 0.495732 0.866018
    outer loop
      vertex 8.39099 10.6525 8.79161
      vertex 9.0337 10.0537 9.08593
      vertex 9.10023 10.5591 8.79161
    endloop
  endfacet
  facet normal 0.0652821 0.495732 0.866019
    outer loop
      vertex 9.0337 10.0537 9.08593
      vertex 8.39099 10.6525 8.79161
      vertex 8.32445 10.1471 9.08593
    endloop
  endfacet
  facet normal 0.118923 0.59786 0.79273
    outer loop
      vertex 9.16119 11.0221 8.43328
      vertex 9.10023 10.5591 8.79161
      vertex 9.42097 10.4953 8.79161
    endloop
  endfacet
  facet normal 0.153071 0.690627 0.706826
    outer loop
      vertex 9.64957 11.3484 8.01705
      vertex 10.2402 10.7915 8.43328
      vertex 10.348 11.1936 8.01705
    endloop
  endfacet
  facet normal 0.1532 0.690694 0.706733
    outer loop
      vertex 10.2402 10.7915 8.43328
      vertex 9.64957 11.3484 8.01705
      vertex 9.54184 10.9464 8.43328
    endloop
  endfacet
  facet normal -0.571294 0.651491 0.499182
    outer loop
      vertex -14.8986 9.25498 7.55007
      vertex -15.4747 9.14039 7.0403
      vertex -15.2666 8.93228 7.55007
    endloop
  endfacet
  facet normal -0.33018 0.37653 0.865567
    outer loop
      vertex -14.1428 8.27 8.79161
      vertex -14.3887 8.05437 8.79161
      vertex -14.0282 7.69391 9.08593
    endloop
  endfacet
  facet normal -0.258755 0.282372 0.923749
    outer loop
      vertex -14.0282 7.69391 9.08593
      vertex -14.1711 6.82608 9.31118
      vertex -13.6437 7.30937 9.31118
    endloop
  endfacet
  facet normal -0.258755 0.282372 0.923749
    outer loop
      vertex -14.1711 6.82608 9.31118
      vertex -14.0282 7.69391 9.08593
      vertex -14.5556 7.21062 9.08593
    endloop
  endfacet
  facet normal -0.430413 0.561009 0.707116
    outer loop
      vertex -14.1129 9.40617 8.01705
      vertex -14.4271 8.64048 8.43328
      vertex -13.8595 9.07595 8.43328
    endloop
  endfacet
  facet normal -0.430413 0.561009 0.707116
    outer loop
      vertex -14.4271 8.64048 8.43328
      vertex -14.1129 9.40617 8.01705
      vertex -14.6805 8.9707 8.01705
    endloop
  endfacet
  facet normal -0.466708 0.532203 0.706359
    outer loop
      vertex -14.6805 8.9707 8.01705
      vertex -14.7189 8.38459 8.43328
      vertex -14.4271 8.64048 8.43328
    endloop
  endfacet
  facet normal -0.58511 0.536164 0.60842
    outer loop
      vertex -16.2773 7.92157 7.55007
      vertex -15.5406 8.19561 8.01705
      vertex -15.794 8.44899 7.55007
    endloop
  endfacet
  facet normal -0.58511 0.536164 0.60842
    outer loop
      vertex -15.5406 8.19561 8.01705
      vertex -16.2773 7.92157 7.55007
      vertex -16.0239 7.66819 8.01705
    endloop
  endfacet
  facet normal -0.596931 0.523501 0.607964
    outer loop
      vertex -16.2773 7.92157 7.55007
      vertex -16.3157 7.33546 8.01705
      vertex -16.0239 7.66819 8.01705
    endloop
  endfacet
  facet normal -0.25881 0 0.965928
    outer loop
      vertex -16.9965 0.00498962 9.31118
      vertex -16.4279 -0.00498962 9.46353
      vertex -16.4279 0.00498962 9.46353
    endloop
  endfacet
  facet normal -0.25881 0 0.965928
    outer loop
      vertex -16.4279 -0.00498962 9.46353
      vertex -16.9965 0.00498962 9.31118
      vertex -16.9965 -0.00498962 9.31118
    endloop
  endfacet
  facet normal -0.59786 -0.118923 0.79273
    outer loop
      vertex -17.9041 -1.75523 8.79161
      vertex -18.3671 -1.81619 8.43328
      vertex -17.8403 -2.07597 8.79161
    endloop
  endfacet
  facet normal -0.491192 -0.0977055 0.865554
    outer loop
      vertex -17.3987 -1.68869 9.08593
      vertex -17.9041 -1.75523 8.79161
      vertex -17.8403 -2.07597 8.79161
    endloop
  endfacet
  facet normal 0.0977211 0.491183 0.865558
    outer loop
      vertex 9.42097 10.4953 8.79161
      vertex 9.0337 10.0537 9.08593
      vertex 9.28904 10.0029 9.08593
    endloop
  endfacet
  facet normal 0.0748047 0.375996 0.923597
    outer loop
      vertex 9.0337 10.0537 9.08593
      vertex 8.96271 9.51452 9.31118
      vertex 9.28904 10.0029 9.08593
    endloop
  endfacet
  facet normal 0.0779036 0.247059 0.965864
    outer loop
      vertex 9.69952 8.77357 9.46353
      vertex 10.5289 9.10765 9.31118
      vertex 9.84668 9.32277 9.31118
    endloop
  endfacet
  facet normal 0.0778975 0.247073 0.965861
    outer loop
      vertex 10.5289 9.10765 9.31118
      vertex 9.69952 8.77357 9.46353
      vertex 10.3818 8.55846 9.46353
    endloop
  endfacet
  facet normal 0.150518 0.477152 0.865835
    outer loop
      vertex 9.98743 9.84806 9.08593
      vertex 10.8016 10.1253 8.79161
      vertex 10.1194 10.3405 8.79161
    endloop
  endfacet
  facet normal 0.150469 0.477247 0.865791
    outer loop
      vertex 10.8016 10.1253 8.79161
      vertex 9.98743 9.84806 9.08593
      vertex 10.6697 9.63295 9.08593
    endloop
  endfacet
  facet normal 0.195885 0.577199 0.792761
    outer loop
      vertex 11.05 10.2913 8.60937
      vertex 10.8016 10.1253 8.79161
      vertex 11.05 10.041 8.79161
    endloop
  endfacet
  facet normal 0.212717 0.674642 0.706831
    outer loop
      vertex 10.2402 10.7915 8.43328
      vertex 11.0302 10.9785 8.01705
      vertex 10.348 11.1936 8.01705
    endloop
  endfacet
  facet normal 0.212696 0.674674 0.706806
    outer loop
      vertex 11.0302 10.9785 8.01705
      vertex 10.2402 10.7915 8.43328
      vertex 10.9225 10.5764 8.43328
    endloop
  endfacet
  facet normal 0.154921 0.778691 0.60798
    outer loop
      vertex 9.26229 11.79 7.55007
      vertex 9.21552 11.4347 8.01705
      vertex 9.74231 11.6945 7.55007
    endloop
  endfacet
  facet normal 0.131917 0.59474 0.793021
    outer loop
      vertex 9.54184 10.9464 8.43328
      vertex 10.1194 10.3405 8.79161
      vertex 10.2402 10.7915 8.43328
    endloop
  endfacet
  facet normal 0.131803 0.594673 0.79309
    outer loop
      vertex 10.1194 10.3405 8.79161
      vertex 9.54184 10.9464 8.43328
      vertex 9.42097 10.4953 8.79161
    endloop
  endfacet
  facet normal -0.449094 0.411526 0.79307
    outer loop
      vertex -15.7296 7.37387 8.43328
      vertex -14.9161 7.57108 8.79161
      vertex -15.2463 7.90129 8.43328
    endloop
  endfacet
  facet normal -0.449094 0.411526 0.79307
    outer loop
      vertex -14.9161 7.57108 8.79161
      vertex -15.7296 7.37387 8.43328
      vertex -15.3994 7.04366 8.79161
    endloop
  endfacet
  facet normal -0.458333 0.401906 0.792719
    outer loop
      vertex -15.3994 7.04366 8.79161
      vertex -15.7296 7.37387 8.43328
      vertex -15.615 6.79779 8.79161
    endloop
  endfacet
  facet normal 0.0990462 0.239118 0.965926
    outer loop
      vertex 10.4905 8.52154 9.46353
      vertex 11.05 8.90521 9.31118
      vertex 10.7081 9.04683 9.31118
    endloop
  endfacet
  facet normal 0.0990426 0.239123 0.965925
    outer loop
      vertex 11.05 8.90521 9.31118
      vertex 10.4905 8.52154 9.46353
      vertex 11.05 8.2898 9.46353
    endloop
  endfacet
  facet normal 0.230116 0.670043 0.705754
    outer loop
      vertex 11.05 10.9717 8.01705
      vertex 11.0302 10.9785 8.01705
      vertex 11.05 10.9383 8.04876
    endloop
  endfacet
  facet normal 0.196043 0.577263 0.792675
    outer loop
      vertex 10.9225 10.5764 8.43328
      vertex 11.05 10.2913 8.60937
      vertex 11.05 10.5331 8.43328
    endloop
  endfacet
  facet normal 0.195858 0.577225 0.792749
    outer loop
      vertex 11.05 10.2913 8.60937
      vertex 10.9225 10.5764 8.43328
      vertex 10.8016 10.1253 8.79161
    endloop
  endfacet
  facet normal 0.228827 0.669869 0.706338
    outer loop
      vertex 10.9225 10.5764 8.43328
      vertex 11.05 10.9383 8.04876
      vertex 11.0302 10.9785 8.01705
    endloop
  endfacet
  facet normal 0.227633 0.670283 0.706331
    outer loop
      vertex 11.05 10.9383 8.04876
      vertex 10.9225 10.5764 8.43328
      vertex 11.05 10.5331 8.43328
    endloop
  endfacet
  facet normal 1 0 0
    outer loop
      vertex 11.05 9.96647 8.83246
      vertex 11.05 10.2913 8.60937
      vertex 11.05 10.041 8.79161
    endloop
  endfacet
  facet normal 1 0 0
    outer loop
      vertex 11.05 10.2913 8.60937
      vertex 11.05 9.96647 8.83246
      vertex 11.05 10.0963 5.25
    endloop
  endfacet
  facet normal 1 0 0
    outer loop
      vertex 11.05 9.87226 8.88408
      vertex 11.05 10.0963 5.25
      vertex 11.05 9.96647 8.83246
    endloop
  endfacet
  facet normal 1 0 0
    outer loop
      vertex 11.05 9.49384 9.08593
      vertex 11.05 10.0963 5.25
      vertex 11.05 9.87226 8.88408
    endloop
  endfacet
  facet normal 1 0 0
    outer loop
      vertex 11.05 8.90521 9.31118
      vertex 11.05 10.0963 5.25
      vertex 11.05 9.49384 9.08593
    endloop
  endfacet
  facet normal 1 0 0
    outer loop
      vertex 11.05 8.2898 9.46353
      vertex 11.05 10.0963 5.25
      vertex 11.05 8.90521 9.31118
    endloop
  endfacet
  facet normal 1 0 0
    outer loop
      vertex 11.05 8.00293 9.49842
      vertex 11.05 10.0963 5.25
      vertex 11.05 8.2898 9.46353
    endloop
  endfacet
  facet normal 1 0 0
    outer loop
      vertex 11.05 7.89107 9.51166
      vertex 11.05 10.0963 5.25
      vertex 11.05 8.00293 9.49842
    endloop
  endfacet
  facet normal 1 0 0
    outer loop
      vertex 11.05 7.84294 9.51736
      vertex 11.05 10.0963 5.25
      vertex 11.05 7.89107 9.51166
    endloop
  endfacet
  facet normal 1 0 0
    outer loop
      vertex 11.05 7.6461 9.54036
      vertex 11.05 10.0963 5.25
      vertex 11.05 7.84294 9.51736
    endloop
  endfacet
  facet normal 1 -0 0
    outer loop
      vertex 11.05 -7.6461 9.54036
      vertex 11.05 10.0963 5.25
      vertex 11.05 7.6461 9.54036
    endloop
  endfacet
  facet normal 1 0 0
    outer loop
      vertex 11.05 -10.0963 5.25
      vertex 11.05 -7.6461 9.54036
      vertex 11.05 -7.84294 9.51736
    endloop
  endfacet
  facet normal 1 0 0
    outer loop
      vertex 11.05 -10.0963 5.25
      vertex 11.05 -7.84294 9.51736
      vertex 11.05 -7.89107 9.51166
    endloop
  endfacet
  facet normal 1 0 0
    outer loop
      vertex 11.05 -10.0963 5.25
      vertex 11.05 -7.89107 9.51166
      vertex 11.05 -8.00293 9.49842
    endloop
  endfacet
  facet normal 1 0 0
    outer loop
      vertex 11.05 -10.0963 5.25
      vertex 11.05 -8.00293 9.49842
      vertex 11.05 -8.2898 9.46353
    endloop
  endfacet
  facet normal 1 0 0
    outer loop
      vertex 11.05 -10.0963 5.25
      vertex 11.05 -8.2898 9.46353
      vertex 11.05 -8.90521 9.31118
    endloop
  endfacet
  facet normal 1 0 0
    outer loop
      vertex 11.05 -10.0963 5.25
      vertex 11.05 -8.90521 9.31118
      vertex 11.05 -9.49384 9.08593
    endloop
  endfacet
  facet normal 1 0 0
    outer loop
      vertex 11.05 -10.0963 5.25
      vertex 11.05 -9.49384 9.08593
      vertex 11.05 -9.87226 8.88408
    endloop
  endfacet
  facet normal 1 0 0
    outer loop
      vertex 11.05 -10.0963 5.25
      vertex 11.05 -9.87226 8.88408
      vertex 11.05 -9.96647 8.83246
    endloop
  endfacet
  facet normal 1 0 0
    outer loop
      vertex 11.05 -10.2913 8.60937
      vertex 11.05 -9.96647 8.83246
      vertex 11.05 -10.041 8.79161
    endloop
  endfacet
  facet normal 1 0 0
    outer loop
      vertex 11.05 -7.6461 9.54036
      vertex 11.05 -10.0963 5.25
      vertex 11.05 10.0963 5.25
    endloop
  endfacet
  facet normal 1 0 0
    outer loop
      vertex 11.05 -9.96647 8.83246
      vertex 11.05 -10.2913 8.60937
      vertex 11.05 -10.0963 5.25
    endloop
  endfacet
  facet normal 1 -0 0
    outer loop
      vertex 11.05 -10.5331 8.43328
      vertex 11.05 -10.0963 5.25
      vertex 11.05 -10.2913 8.60937
    endloop
  endfacet
  facet normal 1 -0 0
    outer loop
      vertex 11.05 -10.9383 8.04876
      vertex 11.05 -10.0963 5.25
      vertex 11.05 -10.5331 8.43328
    endloop
  endfacet
  facet normal 1 -0 0
    outer loop
      vertex 11.05 -11.0523 7.91742
      vertex 11.05 -10.0963 5.25
      vertex 11.05 -10.9383 8.04876
    endloop
  endfacet
  facet normal 1 0 0
    outer loop
      vertex 11.05 -11.0523 7.91742
      vertex 11.05 -10.9383 8.04876
      vertex 11.05 -10.9717 8.01705
    endloop
  endfacet
  facet normal 1 -0 0
    outer loop
      vertex 11.05 -11.3476 7.55007
      vertex 11.05 -10.0963 5.25
      vertex 11.05 -11.0523 7.91742
    endloop
  endfacet
  facet normal 1 -0 0
    outer loop
      vertex 11.05 -11.6559 7.0403
      vertex 11.05 -10.0963 5.25
      vertex 11.05 -11.3476 7.55007
    endloop
  endfacet
  facet normal 1 -0 0
    outer loop
      vertex 11.05 -11.8919 6.49648
      vertex 11.05 -10.0963 5.25
      vertex 11.05 -11.6559 7.0403
    endloop
  endfacet
  facet normal 1 -0 0
    outer loop
      vertex 11.05 -12.0514 5.92791
      vertex 11.05 -10.0963 5.25
      vertex 11.05 -11.8919 6.49648
    endloop
  endfacet
  facet normal 1 -0 0
    outer loop
      vertex 11.05 -12.1319 5.34431
      vertex 11.05 -10.0963 5.25
      vertex 11.05 -12.0514 5.92791
    endloop
  endfacet
  facet normal 1 0 0
    outer loop
      vertex 11.05 -12.1319 5.15
      vertex 11.05 -10.0963 5.25
      vertex 11.05 -12.1319 5.34431
    endloop
  endfacet
  facet normal 1 0 0
    outer loop
      vertex 11.05 -10.0963 5.25
      vertex 11.05 -12.1319 5.15
      vertex 11.05 -10.0963 5.15
    endloop
  endfacet
  facet normal 1 0 0
    outer loop
      vertex 11.05 10.0963 5.25
      vertex 11.05 12.1319 5.34431
      vertex 11.05 12.0514 5.92791
    endloop
  endfacet
  facet normal 1 0 0
    outer loop
      vertex 11.05 10.0963 5.25
      vertex 11.05 12.0514 5.92791
      vertex 11.05 11.8919 6.49648
    endloop
  endfacet
  facet normal 1 0 0
    outer loop
      vertex 11.05 10.0963 5.25
      vertex 11.05 11.8919 6.49648
      vertex 11.05 11.6559 7.0403
    endloop
  endfacet
  facet normal 1 0 0
    outer loop
      vertex 11.05 10.0963 5.25
      vertex 11.05 11.6559 7.0403
      vertex 11.05 11.3476 7.55007
    endloop
  endfacet
  facet normal 1 0 0
    outer loop
      vertex 11.05 10.0963 5.25
      vertex 11.05 11.3476 7.55007
      vertex 11.05 11.0523 7.91742
    endloop
  endfacet
  facet normal 1 0 0
    outer loop
      vertex 11.05 10.9383 8.04876
      vertex 11.05 11.0523 7.91742
      vertex 11.05 10.9717 8.01705
    endloop
  endfacet
  facet normal 1 0 0
    outer loop
      vertex 11.05 11.0523 7.91742
      vertex 11.05 10.9383 8.04876
      vertex 11.05 10.0963 5.25
    endloop
  endfacet
  facet normal 1 0 0
    outer loop
      vertex 11.05 10.0963 5.25
      vertex 11.05 10.9383 8.04876
      vertex 11.05 10.5331 8.43328
    endloop
  endfacet
  facet normal 1 0 0
    outer loop
      vertex 11.05 10.0963 5.25
      vertex 11.05 10.5331 8.43328
      vertex 11.05 10.2913 8.60937
    endloop
  endfacet
  facet normal 1 0 0
    outer loop
      vertex 11.05 12.1319 5.34431
      vertex 11.05 10.0963 5.25
      vertex 11.05 12.1319 5.15
    endloop
  endfacet
  facet normal 1 0 0
    outer loop
      vertex 11.05 12.1319 5.15
      vertex 11.05 10.0963 5.25
      vertex 11.05 10.0963 5.15
    endloop
  endfacet
  facet normal 0 0 -1
    outer loop
      vertex -16.8067 -8.45102 5.15
      vertex -16.75 8.51293 5.15
      vertex -16.75 -8.51293 5.15
    endloop
  endfacet
  facet normal 0 0 -1
    outer loop
      vertex -16.8067 -8.45102 5.15
      vertex -16.8067 8.45102 5.15
      vertex -16.75 8.51293 5.15
    endloop
  endfacet
  facet normal 0 0 -1
    outer loop
      vertex -17.9558 -6.9535 5.15
      vertex -16.8067 -8.45102 5.15
      vertex -17.194 -8.00941 5.15
    endloop
  endfacet
  facet normal 0 0 -1
    outer loop
      vertex -16.8067 -8.45102 5.15
      vertex -17.9558 -6.9535 5.15
      vertex -16.8067 8.45102 5.15
    endloop
  endfacet
  facet normal 0 0 -1
    outer loop
      vertex -17.9558 -6.9535 5.15
      vertex -17.194 -8.00941 5.15
      vertex -17.6295 -7.44187 5.15
    endloop
  endfacet
  facet normal 0 0 -1
    outer loop
      vertex -17.9558 6.9535 5.15
      vertex -16.8067 8.45102 5.15
      vertex -17.9558 -6.9535 5.15
    endloop
  endfacet
  facet normal 0 0 -1
    outer loop
      vertex -16.8067 8.45102 5.15
      vertex -17.9558 6.9535 5.15
      vertex -17.194 8.00941 5.15
    endloop
  endfacet
  facet normal 0 0 -1
    outer loop
      vertex -17.194 8.00941 5.15
      vertex -17.9558 6.9535 5.15
      vertex -17.6295 7.44187 5.15
    endloop
  endfacet
  facet normal 0 0 -1
    outer loop
      vertex -18.6705 -5.71564 5.15
      vertex -17.9558 -6.9535 5.15
      vertex -18.3402 -6.35018 5.15
    endloop
  endfacet
  facet normal 0 0 -1
    outer loop
      vertex -17.9558 -6.9535 5.15
      vertex -18.6705 -5.71564 5.15
      vertex -17.9558 6.9535 5.15
    endloop
  endfacet
  facet normal 0 0 -1
    outer loop
      vertex -18.6705 5.71564 5.15
      vertex -17.9558 6.9535 5.15
      vertex -18.6705 -5.71564 5.15
    endloop
  endfacet
  facet normal 0 0 -1
    outer loop
      vertex -17.9558 6.9535 5.15
      vertex -18.6705 5.71564 5.15
      vertex -18.3402 6.35018 5.15
    endloop
  endfacet
  facet normal 0 0 -1
    outer loop
      vertex -19.3928 -3.97175 5.15
      vertex -18.6705 -5.71564 5.15
      vertex -18.9303 -5.18885 5.15
    endloop
  endfacet
  facet normal 0 0 -1
    outer loop
      vertex -18.6705 -5.71564 5.15
      vertex -19.3928 -3.97175 5.15
      vertex -18.6705 5.71564 5.15
    endloop
  endfacet
  facet normal 0 0 -1
    outer loop
      vertex -19.3928 -3.97175 5.15
      vertex -18.9303 -5.18885 5.15
      vertex -19.204 -4.52794 5.15
    endloop
  endfacet
  facet normal 0 0 -1
    outer loop
      vertex -19.3928 3.97175 5.15
      vertex -18.6705 5.71564 5.15
      vertex -19.3928 -3.97175 5.15
    endloop
  endfacet
  facet normal 0 0 -1
    outer loop
      vertex -18.6705 5.71564 5.15
      vertex -19.3928 3.97175 5.15
      vertex -18.9303 5.18885 5.15
    endloop
  endfacet
  facet normal 0 0 -1
    outer loop
      vertex -18.9303 5.18885 5.15
      vertex -19.3928 3.97175 5.15
      vertex -19.204 4.52794 5.15
    endloop
  endfacet
  facet normal 0 0 -1
    outer loop
      vertex -19.7628 -2.5911 5.15
      vertex -19.3928 -3.97175 5.15
      vertex -19.6079 -3.2895 5.15
    endloop
  endfacet
  facet normal 0 0 -1
    outer loop
      vertex -19.3928 -3.97175 5.15
      vertex -19.7628 -2.5911 5.15
      vertex -19.3928 3.97175 5.15
    endloop
  endfacet
  facet normal 0 0 -1
    outer loop
      vertex -19.7628 2.5911 5.15
      vertex -19.3928 3.97175 5.15
      vertex -19.7628 -2.5911 5.15
    endloop
  endfacet
  facet normal 0 0 -1
    outer loop
      vertex -19.3928 3.97175 5.15
      vertex -19.7628 2.5911 5.15
      vertex -19.6079 3.2895 5.15
    endloop
  endfacet
  facet normal 0 0 -1
    outer loop
      vertex -20.0091 -0.719666 5.15
      vertex -19.7628 -2.5911 5.15
      vertex -19.8774 -2.01502 5.15
    endloop
  endfacet
  facet normal 0 0 -1
    outer loop
      vertex -19.7628 -2.5911 5.15
      vertex -20.0091 -0.719666 5.15
      vertex -19.7628 2.5911 5.15
    endloop
  endfacet
  facet normal 0 0 -1
    outer loop
      vertex -20.0091 -0.719666 5.15
      vertex -19.8774 -2.01502 5.15
      vertex -19.9707 -1.30578 5.15
    endloop
  endfacet
  facet normal 0 0 -1
    outer loop
      vertex -20.0091 0.719666 5.15
      vertex -19.7628 2.5911 5.15
      vertex -20.0091 -0.719666 5.15
    endloop
  endfacet
  facet normal 0 0 -1
    outer loop
      vertex -19.7628 2.5911 5.15
      vertex -20.0091 0.719666 5.15
      vertex -19.8774 2.01502 5.15
    endloop
  endfacet
  facet normal 0 0 -1
    outer loop
      vertex -19.8774 2.01502 5.15
      vertex -20.0091 0.719666 5.15
      vertex -19.9707 1.30578 5.15
    endloop
  endfacet
  facet normal 0 0 -1
    outer loop
      vertex -20.0404 -0.00498962 5.15
      vertex -20.0091 0.719666 5.15
      vertex -20.0091 -0.719666 5.15
    endloop
  endfacet
  facet normal 0 0 -1
    outer loop
      vertex -20.0091 0.719666 5.15
      vertex -20.0404 -0.00498962 5.15
      vertex -20.0404 0.00498962 5.15
    endloop
  endfacet
  facet normal 0 0 -1
    outer loop
      vertex 11.05 -12.1319 5.15
      vertex 11.0481 -10.1 5.15
      vertex 11.05 -10.0963 5.15
    endloop
  endfacet
  facet normal 0 0 -1
    outer loop
      vertex 11.05 -12.1319 5.15
      vertex 10.9074 -10.3207 5.15
      vertex 11.0481 -10.1 5.15
    endloop
  endfacet
  facet normal 0 0 -1
    outer loop
      vertex 11.05 -12.1319 5.15
      vertex 10.7481 -10.5284 5.15
      vertex 10.9074 -10.3207 5.15
    endloop
  endfacet
  facet normal 0 0 -1
    outer loop
      vertex 10.1707 -11.0574 5.15
      vertex 11.05 -12.1319 5.15
      vertex 10.6345 -12.2629 5.15
    endloop
  endfacet
  facet normal 0 0 -1
    outer loop
      vertex 11.05 -12.1319 5.15
      vertex 10.5713 -10.7213 5.15
      vertex 10.7481 -10.5284 5.15
    endloop
  endfacet
  facet normal 0 0 -1
    outer loop
      vertex 11.05 -12.1319 5.15
      vertex 10.3784 -10.8981 5.15
      vertex 10.5713 -10.7213 5.15
    endloop
  endfacet
  facet normal 0 0 -1
    outer loop
      vertex 11.05 -12.1319 5.15
      vertex 10.1707 -11.0574 5.15
      vertex 10.3784 -10.8981 5.15
    endloop
  endfacet
  facet normal 0 0 -1
    outer loop
      vertex 10.6345 -12.2629 5.15
      vertex 9.94999 -11.1981 5.15
      vertex 10.1707 -11.0574 5.15
    endloop
  endfacet
  facet normal 0 0 -1
    outer loop
      vertex 9.9361 -12.4178 5.15
      vertex 9.94999 -11.1981 5.15
      vertex 10.6345 -12.2629 5.15
    endloop
  endfacet
  facet normal 0 0 -1
    outer loop
      vertex 9.9361 -12.4178 5.15
      vertex 9.71784 -11.3189 5.15
      vertex 9.94999 -11.1981 5.15
    endloop
  endfacet
  facet normal 0 0 -1
    outer loop
      vertex 9.9361 -12.4178 5.15
      vertex 9.47605 -11.4191 5.15
      vertex 9.71784 -11.3189 5.15
    endloop
  endfacet
  facet normal 0 0 -1
    outer loop
      vertex 9.36002 -12.5324 5.15
      vertex 9.47605 -11.4191 5.15
      vertex 9.9361 -12.4178 5.15
    endloop
  endfacet
  facet normal 0 0 -1
    outer loop
      vertex 9.36002 -12.5324 5.15
      vertex 9.22645 -11.4978 5.15
      vertex 9.47605 -11.4191 5.15
    endloop
  endfacet
  facet normal 0 0 -1
    outer loop
      vertex 9.36002 -12.5324 5.15
      vertex 8.97094 -11.5544 5.15
      vertex 9.22645 -11.4978 5.15
    endloop
  endfacet
  facet normal 0 0 -1
    outer loop
      vertex 8.65078 -12.6257 5.15
      vertex 8.97094 -11.5544 5.15
      vertex 9.36002 -12.5324 5.15
    endloop
  endfacet
  facet normal 0 0 -1
    outer loop
      vertex 8.97094 -11.5544 5.15
      vertex 8.65078 -12.6257 5.15
      vertex 8.71146 -11.5886 5.15
    endloop
  endfacet
  facet normal 0 0 -1
    outer loop
      vertex 8.65078 -12.6257 5.15
      vertex 8.44999 -11.6 5.15
      vertex 8.71146 -11.5886 5.15
    endloop
  endfacet
  facet normal 0 0 -1
    outer loop
      vertex 8.06467 -12.6641 5.15
      vertex 8.44999 -11.6 5.15
      vertex 8.65078 -12.6257 5.15
    endloop
  endfacet
  facet normal 0 0 -1
    outer loop
      vertex 7.34999 -12.6954 5.15
      vertex 8.44999 -11.6 5.15
      vertex 8.06467 -12.6641 5.15
    endloop
  endfacet
  facet normal 0 0 -1
    outer loop
      vertex -7.34999 -12.6954 5.15
      vertex 8.44999 -11.6 5.15
      vertex 7.34999 -12.6954 5.15
    endloop
  endfacet
  facet normal 0 0 -1
    outer loop
      vertex -12.4983 -11.6 5.15
      vertex -7.34999 -12.6954 5.15
      vertex -8.06467 -12.6641 5.15
    endloop
  endfacet
  facet normal 0 0 -1
    outer loop
      vertex -9.9361 -12.4178 5.15
      vertex -8.06467 -12.6641 5.15
      vertex -8.65078 -12.6257 5.15
    endloop
  endfacet
  facet normal 0 0 -1
    outer loop
      vertex -9.9361 -12.4178 5.15
      vertex -8.65078 -12.6257 5.15
      vertex -9.36002 -12.5324 5.15
    endloop
  endfacet
  facet normal 0 0 -1
    outer loop
      vertex -8.06467 -12.6641 5.15
      vertex -9.9361 -12.4178 5.15
      vertex -12.4983 -11.6 5.15
    endloop
  endfacet
  facet normal 0 0 -1
    outer loop
      vertex -11.3167 -12.0478 5.15
      vertex -9.9361 -12.4178 5.15
      vertex -10.6345 -12.2629 5.15
    endloop
  endfacet
  facet normal 0 0 -1
    outer loop
      vertex -9.9361 -12.4178 5.15
      vertex -11.3167 -12.0478 5.15
      vertex -12.4983 -11.6 5.15
    endloop
  endfacet
  facet normal 0 0 -1
    outer loop
      vertex -12.4983 -11.6 5.15
      vertex -11.3167 -12.0478 5.15
      vertex -11.8729 -11.859 5.15
    endloop
  endfacet
  facet normal 0 0 -1
    outer loop
      vertex -7.34999 -12.6954 5.15
      vertex -12.4983 -11.6 5.15
      vertex 8.44999 -11.6 5.15
    endloop
  endfacet
  facet normal 0 0 -1
    outer loop
      vertex 11.0481 10.1 5.15
      vertex 11.05 12.1319 5.15
      vertex 11.05 10.0963 5.15
    endloop
  endfacet
  facet normal 0 0 -1
    outer loop
      vertex 10.9074 10.3207 5.15
      vertex 11.05 12.1319 5.15
      vertex 11.0481 10.1 5.15
    endloop
  endfacet
  facet normal 0 0 -1
    outer loop
      vertex 10.7481 10.5284 5.15
      vertex 11.05 12.1319 5.15
      vertex 10.9074 10.3207 5.15
    endloop
  endfacet
  facet normal 0 0 -1
    outer loop
      vertex 10.5713 10.7213 5.15
      vertex 11.05 12.1319 5.15
      vertex 10.7481 10.5284 5.15
    endloop
  endfacet
  facet normal 0 0 -1
    outer loop
      vertex 10.3784 10.8981 5.15
      vertex 11.05 12.1319 5.15
      vertex 10.5713 10.7213 5.15
    endloop
  endfacet
  facet normal 0 0 -1
    outer loop
      vertex 10.1707 11.0574 5.15
      vertex 11.05 12.1319 5.15
      vertex 10.3784 10.8981 5.15
    endloop
  endfacet
  facet normal -0 0 -1
    outer loop
      vertex 11.05 12.1319 5.15
      vertex 10.1707 11.0574 5.15
      vertex 10.6345 12.2629 5.15
    endloop
  endfacet
  facet normal 0 0 -1
    outer loop
      vertex 9.94999 11.1981 5.15
      vertex 10.6345 12.2629 5.15
      vertex 10.1707 11.0574 5.15
    endloop
  endfacet
  facet normal 0 0 -1
    outer loop
      vertex 9.94999 11.1981 5.15
      vertex 9.9361 12.4178 5.15
      vertex 10.6345 12.2629 5.15
    endloop
  endfacet
  facet normal 0 0 -1
    outer loop
      vertex 9.71784 11.3189 5.15
      vertex 9.9361 12.4178 5.15
      vertex 9.94999 11.1981 5.15
    endloop
  endfacet
  facet normal 0 0 -1
    outer loop
      vertex 9.47605 11.4191 5.15
      vertex 9.9361 12.4178 5.15
      vertex 9.71784 11.3189 5.15
    endloop
  endfacet
  facet normal 0 0 -1
    outer loop
      vertex 9.47605 11.4191 5.15
      vertex 9.36002 12.5324 5.15
      vertex 9.9361 12.4178 5.15
    endloop
  endfacet
  facet normal 0 0 -1
    outer loop
      vertex 9.22645 11.4978 5.15
      vertex 9.36002 12.5324 5.15
      vertex 9.47605 11.4191 5.15
    endloop
  endfacet
  facet normal 0 0 -1
    outer loop
      vertex 8.97094 11.5544 5.15
      vertex 9.36002 12.5324 5.15
      vertex 9.22645 11.4978 5.15
    endloop
  endfacet
  facet normal 0 0 -1
    outer loop
      vertex 8.65078 12.6257 5.15
      vertex 8.97094 11.5544 5.15
      vertex 8.71146 11.5886 5.15
    endloop
  endfacet
  facet normal 0 0 -1
    outer loop
      vertex 8.97094 11.5544 5.15
      vertex 8.65078 12.6257 5.15
      vertex 9.36002 12.5324 5.15
    endloop
  endfacet
  facet normal 0 0 -1
    outer loop
      vertex 8.44999 11.6 5.15
      vertex 8.65078 12.6257 5.15
      vertex 8.71146 11.5886 5.15
    endloop
  endfacet
  facet normal 0 0 -1
    outer loop
      vertex 8.44999 11.6 5.15
      vertex 8.06467 12.6641 5.15
      vertex 8.65078 12.6257 5.15
    endloop
  endfacet
  facet normal 0 0 -1
    outer loop
      vertex 8.44999 11.6 5.15
      vertex 7.34999 12.6954 5.15
      vertex 8.06467 12.6641 5.15
    endloop
  endfacet
  facet normal 0 0 -1
    outer loop
      vertex 8.44999 11.6 5.15
      vertex -7.34999 12.6954 5.15
      vertex 7.34999 12.6954 5.15
    endloop
  endfacet
  facet normal 0 0 -1
    outer loop
      vertex -12.4983 11.6 5.15
      vertex -7.34999 12.6954 5.15
      vertex 8.44999 11.6 5.15
    endloop
  endfacet
  facet normal 0 0 -1
    outer loop
      vertex -7.34999 12.6954 5.15
      vertex -12.4983 11.6 5.15
      vertex -8.06467 12.6641 5.15
    endloop
  endfacet
  facet normal 0 -0 -1
    outer loop
      vertex -9.9361 12.4178 5.15
      vertex -8.06467 12.6641 5.15
      vertex -12.4983 11.6 5.15
    endloop
  endfacet
  facet normal 0 0 -1
    outer loop
      vertex -8.06467 12.6641 5.15
      vertex -9.9361 12.4178 5.15
      vertex -8.65078 12.6257 5.15
    endloop
  endfacet
  facet normal 0 0 -1
    outer loop
      vertex -8.65078 12.6257 5.15
      vertex -9.9361 12.4178 5.15
      vertex -9.36002 12.5324 5.15
    endloop
  endfacet
  facet normal 0 -0 -1
    outer loop
      vertex -11.3167 12.0478 5.15
      vertex -9.9361 12.4178 5.15
      vertex -12.4983 11.6 5.15
    endloop
  endfacet
  facet normal 0 0 -1
    outer loop
      vertex -9.9361 12.4178 5.15
      vertex -11.3167 12.0478 5.15
      vertex -10.6345 12.2629 5.15
    endloop
  endfacet
  facet normal 0 0 -1
    outer loop
      vertex -11.3167 12.0478 5.15
      vertex -12.4983 11.6 5.15
      vertex -11.8729 11.859 5.15
    endloop
  endfacet
  facet normal 0 0 -1
    outer loop
      vertex 6.24999 -9.39999 5.15
      vertex 9.24999 -6.39999 5.15
      vertex 9.23858 -6.66147 5.15
    endloop
  endfacet
  facet normal -0 0 -1
    outer loop
      vertex 9.24999 -6.39999 5.15
      vertex 6.24999 -9.39999 5.15
      vertex 9.24999 6.39999 5.15
    endloop
  endfacet
  facet normal 0 0 -1
    outer loop
      vertex 6.24999 -9.39999 5.15
      vertex 9.23858 -6.66147 5.15
      vertex 9.20442 -6.92094 5.15
    endloop
  endfacet
  facet normal 0 0 -1
    outer loop
      vertex 6.24999 9.39999 5.15
      vertex 9.24999 6.39999 5.15
      vertex 6.24999 -9.39999 5.15
    endloop
  endfacet
  facet normal 0 0 -1
    outer loop
      vertex 6.24999 -9.39999 5.15
      vertex 9.20442 -6.92094 5.15
      vertex 9.14777 -7.17645 5.15
    endloop
  endfacet
  facet normal 0 0 -1
    outer loop
      vertex 9.24999 6.39999 5.15
      vertex 6.24999 9.39999 5.15
      vertex 9.23858 6.66147 5.15
    endloop
  endfacet
  facet normal 0 0 -1
    outer loop
      vertex 6.24999 -9.39999 5.15
      vertex 9.14777 -7.17645 5.15
      vertex 9.06907 -7.42606 5.15
    endloop
  endfacet
  facet normal 0 0 -1
    outer loop
      vertex 9.23858 6.66147 5.15
      vertex 6.24999 9.39999 5.15
      vertex 9.20442 6.92094 5.15
    endloop
  endfacet
  facet normal 0 0 -1
    outer loop
      vertex 6.24999 -9.39999 5.15
      vertex 9.06907 -7.42606 5.15
      vertex 8.96891 -7.66785 5.15
    endloop
  endfacet
  facet normal 0 0 -1
    outer loop
      vertex 9.20442 6.92094 5.15
      vertex 6.24999 9.39999 5.15
      vertex 9.14777 7.17645 5.15
    endloop
  endfacet
  facet normal 0 0 -1
    outer loop
      vertex 6.24999 -9.39999 5.15
      vertex 8.96891 -7.66785 5.15
      vertex 8.84808 -7.89999 5.15
    endloop
  endfacet
  facet normal 0 0 -1
    outer loop
      vertex 9.14777 7.17645 5.15
      vertex 6.24999 9.39999 5.15
      vertex 9.06907 7.42606 5.15
    endloop
  endfacet
  facet normal 0 0 -1
    outer loop
      vertex 6.24999 -9.39999 5.15
      vertex 8.84808 -7.89999 5.15
      vertex 8.70745 -8.12073 5.15
    endloop
  endfacet
  facet normal 0 0 -1
    outer loop
      vertex 9.06907 7.42606 5.15
      vertex 6.24999 9.39999 5.15
      vertex 8.96891 7.66785 5.15
    endloop
  endfacet
  facet normal 0 0 -1
    outer loop
      vertex 6.24999 -9.39999 5.15
      vertex 8.70745 -8.12073 5.15
      vertex 8.54812 -8.32835 5.15
    endloop
  endfacet
  facet normal 0 0 -1
    outer loop
      vertex 8.96891 7.66785 5.15
      vertex 6.24999 9.39999 5.15
      vertex 8.84808 7.89999 5.15
    endloop
  endfacet
  facet normal 0 0 -1
    outer loop
      vertex 6.24999 -9.39999 5.15
      vertex 8.54812 -8.32835 5.15
      vertex 8.37132 -8.52132 5.15
    endloop
  endfacet
  facet normal 0 0 -1
    outer loop
      vertex 8.84808 7.89999 5.15
      vertex 6.24999 9.39999 5.15
      vertex 8.70745 8.12073 5.15
    endloop
  endfacet
  facet normal 0 0 -1
    outer loop
      vertex 6.24999 -9.39999 5.15
      vertex 8.37132 -8.52132 5.15
      vertex 8.17835 -8.69812 5.15
    endloop
  endfacet
  facet normal 0 0 -1
    outer loop
      vertex 8.70745 8.12073 5.15
      vertex 6.24999 9.39999 5.15
      vertex 8.54812 8.32835 5.15
    endloop
  endfacet
  facet normal 0 0 -1
    outer loop
      vertex 6.24999 -9.39999 5.15
      vertex 8.17835 -8.69812 5.15
      vertex 7.97073 -8.85745 5.15
    endloop
  endfacet
  facet normal 0 0 -1
    outer loop
      vertex 8.54812 8.32835 5.15
      vertex 6.24999 9.39999 5.15
      vertex 8.37132 8.52132 5.15
    endloop
  endfacet
  facet normal 0 0 -1
    outer loop
      vertex 6.24999 -9.39999 5.15
      vertex 7.97073 -8.85745 5.15
      vertex 7.74999 -8.99808 5.15
    endloop
  endfacet
  facet normal 0 0 -1
    outer loop
      vertex 8.37132 8.52132 5.15
      vertex 6.24999 9.39999 5.15
      vertex 8.17835 8.69812 5.15
    endloop
  endfacet
  facet normal 0 0 -1
    outer loop
      vertex 6.24999 -9.39999 5.15
      vertex 7.74999 -8.99808 5.15
      vertex 7.51785 -9.11891 5.15
    endloop
  endfacet
  facet normal 0 0 -1
    outer loop
      vertex 8.17835 8.69812 5.15
      vertex 6.24999 9.39999 5.15
      vertex 7.97073 8.85745 5.15
    endloop
  endfacet
  facet normal 0 0 -1
    outer loop
      vertex 6.24999 -9.39999 5.15
      vertex 7.51785 -9.11891 5.15
      vertex 7.27606 -9.21907 5.15
    endloop
  endfacet
  facet normal 0 0 -1
    outer loop
      vertex 7.97073 8.85745 5.15
      vertex 6.24999 9.39999 5.15
      vertex 7.74999 8.99808 5.15
    endloop
  endfacet
  facet normal 0 0 -1
    outer loop
      vertex 6.24999 -9.39999 5.15
      vertex 7.27606 -9.21907 5.15
      vertex 7.02645 -9.29778 5.15
    endloop
  endfacet
  facet normal 0 0 -1
    outer loop
      vertex 7.74999 8.99808 5.15
      vertex 6.24999 9.39999 5.15
      vertex 7.51785 9.11891 5.15
    endloop
  endfacet
  facet normal 0 0 -1
    outer loop
      vertex 6.24999 -9.39999 5.15
      vertex 7.02645 -9.29778 5.15
      vertex 6.77094 -9.35442 5.15
    endloop
  endfacet
  facet normal 0 0 -1
    outer loop
      vertex 7.51785 9.11891 5.15
      vertex 6.24999 9.39999 5.15
      vertex 7.27606 9.21907 5.15
    endloop
  endfacet
  facet normal 0 0 -1
    outer loop
      vertex 6.24999 -9.39999 5.15
      vertex 6.77094 -9.35442 5.15
      vertex 6.51147 -9.38858 5.15
    endloop
  endfacet
  facet normal 0 0 -1
    outer loop
      vertex 7.27606 9.21907 5.15
      vertex 6.24999 9.39999 5.15
      vertex 7.02645 9.29778 5.15
    endloop
  endfacet
  facet normal 0 0 -1
    outer loop
      vertex 7.02645 9.29778 5.15
      vertex 6.24999 9.39999 5.15
      vertex 6.77094 9.35442 5.15
    endloop
  endfacet
  facet normal 0 0 -1
    outer loop
      vertex 6.77094 9.35442 5.15
      vertex 6.24999 9.39999 5.15
      vertex 6.51147 9.38858 5.15
    endloop
  endfacet
  facet normal 0 0 -1
    outer loop
      vertex -11.55 -9.39999 5.15
      vertex 6.24999 9.39999 5.15
      vertex 6.24999 -9.39999 5.15
    endloop
  endfacet
  facet normal 0 0 -1
    outer loop
      vertex -11.55 -9.39999 5.15
      vertex -11.55 9.39999 5.15
      vertex 6.24999 9.39999 5.15
    endloop
  endfacet
  facet normal 0 0 -1
    outer loop
      vertex -14.55 -6.39999 5.15
      vertex -11.55 -9.39999 5.15
      vertex -11.8115 -9.38858 5.15
    endloop
  endfacet
  facet normal 0 0 -1
    outer loop
      vertex -11.55 -9.39999 5.15
      vertex -14.55 -6.39999 5.15
      vertex -11.55 9.39999 5.15
    endloop
  endfacet
  facet normal 0 0 -1
    outer loop
      vertex -14.55 -6.39999 5.15
      vertex -11.8115 -9.38858 5.15
      vertex -12.0709 -9.35442 5.15
    endloop
  endfacet
  facet normal 0 0 -1
    outer loop
      vertex -14.55 6.39999 5.15
      vertex -11.55 9.39999 5.15
      vertex -14.55 -6.39999 5.15
    endloop
  endfacet
  facet normal 0 0 -1
    outer loop
      vertex -14.55 -6.39999 5.15
      vertex -12.0709 -9.35442 5.15
      vertex -12.3265 -9.29778 5.15
    endloop
  endfacet
  facet normal 0 0 -1
    outer loop
      vertex -11.55 9.39999 5.15
      vertex -14.55 6.39999 5.15
      vertex -11.8115 9.38858 5.15
    endloop
  endfacet
  facet normal 0 0 -1
    outer loop
      vertex -14.55 -6.39999 5.15
      vertex -12.3265 -9.29778 5.15
      vertex -12.5761 -9.21907 5.15
    endloop
  endfacet
  facet normal 0 0 -1
    outer loop
      vertex -11.8115 9.38858 5.15
      vertex -14.55 6.39999 5.15
      vertex -12.0709 9.35442 5.15
    endloop
  endfacet
  facet normal 0 0 -1
    outer loop
      vertex -14.55 -6.39999 5.15
      vertex -12.5761 -9.21907 5.15
      vertex -12.8178 -9.11891 5.15
    endloop
  endfacet
  facet normal 0 0 -1
    outer loop
      vertex -12.0709 9.35442 5.15
      vertex -14.55 6.39999 5.15
      vertex -12.3265 9.29778 5.15
    endloop
  endfacet
  facet normal 0 0 -1
    outer loop
      vertex -14.55 -6.39999 5.15
      vertex -12.8178 -9.11891 5.15
      vertex -13.05 -8.99808 5.15
    endloop
  endfacet
  facet normal 0 0 -1
    outer loop
      vertex -12.3265 9.29778 5.15
      vertex -14.55 6.39999 5.15
      vertex -12.5761 9.21907 5.15
    endloop
  endfacet
  facet normal 0 0 -1
    outer loop
      vertex -14.55 -6.39999 5.15
      vertex -13.05 -8.99808 5.15
      vertex -13.2707 -8.85745 5.15
    endloop
  endfacet
  facet normal 0 0 -1
    outer loop
      vertex -12.5761 9.21907 5.15
      vertex -14.55 6.39999 5.15
      vertex -12.8178 9.11891 5.15
    endloop
  endfacet
  facet normal 0 0 -1
    outer loop
      vertex -14.55 -6.39999 5.15
      vertex -13.2707 -8.85745 5.15
      vertex -13.4784 -8.69812 5.15
    endloop
  endfacet
  facet normal 0 0 -1
    outer loop
      vertex -12.8178 9.11891 5.15
      vertex -14.55 6.39999 5.15
      vertex -13.05 8.99808 5.15
    endloop
  endfacet
  facet normal 0 0 -1
    outer loop
      vertex -14.55 -6.39999 5.15
      vertex -13.4784 -8.69812 5.15
      vertex -13.6713 -8.52132 5.15
    endloop
  endfacet
  facet normal 0 0 -1
    outer loop
      vertex -13.05 8.99808 5.15
      vertex -14.55 6.39999 5.15
      vertex -13.2707 8.85745 5.15
    endloop
  endfacet
  facet normal 0 0 -1
    outer loop
      vertex -14.55 -6.39999 5.15
      vertex -13.6713 -8.52132 5.15
      vertex -13.8481 -8.32835 5.15
    endloop
  endfacet
  facet normal 0 0 -1
    outer loop
      vertex -13.2707 8.85745 5.15
      vertex -14.55 6.39999 5.15
      vertex -13.4784 8.69812 5.15
    endloop
  endfacet
  facet normal 0 0 -1
    outer loop
      vertex -14.55 -6.39999 5.15
      vertex -13.8481 -8.32835 5.15
      vertex -14.0075 -8.12073 5.15
    endloop
  endfacet
  facet normal 0 0 -1
    outer loop
      vertex -13.4784 8.69812 5.15
      vertex -14.55 6.39999 5.15
      vertex -13.6713 8.52132 5.15
    endloop
  endfacet
  facet normal 0 0 -1
    outer loop
      vertex -14.55 -6.39999 5.15
      vertex -14.0075 -8.12073 5.15
      vertex -14.1481 -7.89999 5.15
    endloop
  endfacet
  facet normal 0 0 -1
    outer loop
      vertex -13.6713 8.52132 5.15
      vertex -14.55 6.39999 5.15
      vertex -13.8481 8.32835 5.15
    endloop
  endfacet
  facet normal 0 0 -1
    outer loop
      vertex -14.55 -6.39999 5.15
      vertex -14.1481 -7.89999 5.15
      vertex -14.2689 -7.66785 5.15
    endloop
  endfacet
  facet normal 0 0 -1
    outer loop
      vertex -13.8481 8.32835 5.15
      vertex -14.55 6.39999 5.15
      vertex -14.0075 8.12073 5.15
    endloop
  endfacet
  facet normal 0 0 -1
    outer loop
      vertex -14.55 -6.39999 5.15
      vertex -14.2689 -7.66785 5.15
      vertex -14.3691 -7.42606 5.15
    endloop
  endfacet
  facet normal 0 0 -1
    outer loop
      vertex -14.0075 8.12073 5.15
      vertex -14.55 6.39999 5.15
      vertex -14.1481 7.89999 5.15
    endloop
  endfacet
  facet normal 0 0 -1
    outer loop
      vertex -14.55 -6.39999 5.15
      vertex -14.3691 -7.42606 5.15
      vertex -14.4478 -7.17645 5.15
    endloop
  endfacet
  facet normal 0 0 -1
    outer loop
      vertex -14.1481 7.89999 5.15
      vertex -14.55 6.39999 5.15
      vertex -14.2689 7.66785 5.15
    endloop
  endfacet
  facet normal 0 0 -1
    outer loop
      vertex -14.55 -6.39999 5.15
      vertex -14.4478 -7.17645 5.15
      vertex -14.5044 -6.92094 5.15
    endloop
  endfacet
  facet normal 0 0 -1
    outer loop
      vertex -14.2689 7.66785 5.15
      vertex -14.55 6.39999 5.15
      vertex -14.3691 7.42606 5.15
    endloop
  endfacet
  facet normal 0 0 -1
    outer loop
      vertex -14.55 -6.39999 5.15
      vertex -14.5044 -6.92094 5.15
      vertex -14.5386 -6.66147 5.15
    endloop
  endfacet
  facet normal 0 0 -1
    outer loop
      vertex -14.3691 7.42606 5.15
      vertex -14.55 6.39999 5.15
      vertex -14.4478 7.17645 5.15
    endloop
  endfacet
  facet normal 0 0 -1
    outer loop
      vertex -14.4478 7.17645 5.15
      vertex -14.55 6.39999 5.15
      vertex -14.5044 6.92094 5.15
    endloop
  endfacet
  facet normal 0 0 -1
    outer loop
      vertex -14.5044 6.92094 5.15
      vertex -14.55 6.39999 5.15
      vertex -14.5386 6.66147 5.15
    endloop
  endfacet
  facet normal 0 0 -1
    outer loop
      vertex 8.84808 -7.89999 2.55
      vertex 11.45 -8.59999 2.55
      vertex 11.4386 -8.86147 2.55
    endloop
  endfacet
  facet normal 0 0 -1
    outer loop
      vertex 11.45 -8.59999 2.55
      vertex 9.24999 -6.39999 2.55
      vertex 11.45 8.59999 2.55
    endloop
  endfacet
  facet normal 0 0 -1
    outer loop
      vertex 8.70745 -8.12073 2.55
      vertex 11.4386 -8.86147 2.55
      vertex 11.4044 -9.12094 2.55
    endloop
  endfacet
  facet normal 0 0 -1
    outer loop
      vertex 9.24999 6.39999 2.55
      vertex 11.45 8.59999 2.55
      vertex 9.24999 -6.39999 2.55
    endloop
  endfacet
  facet normal 0 0 -1
    outer loop
      vertex 8.70745 -8.12073 2.55
      vertex 11.4044 -9.12094 2.55
      vertex 11.3478 -9.37645 2.55
    endloop
  endfacet
  facet normal 0 0 -1
    outer loop
      vertex 9.23858 6.66147 2.55
      vertex 11.45 8.59999 2.55
      vertex 9.24999 6.39999 2.55
    endloop
  endfacet
  facet normal 0 0 -1
    outer loop
      vertex 8.70745 -8.12073 2.55
      vertex 11.3478 -9.37645 2.55
      vertex 11.2691 -9.62605 2.55
    endloop
  endfacet
  facet normal 0 0 -1
    outer loop
      vertex 9.20442 6.92094 2.55
      vertex 11.45 8.59999 2.55
      vertex 9.23858 6.66147 2.55
    endloop
  endfacet
  facet normal 0 0 -1
    outer loop
      vertex 8.54812 -8.32835 2.55
      vertex 11.2691 -9.62605 2.55
      vertex 11.1689 -9.86784 2.55
    endloop
  endfacet
  facet normal 0 0 -1
    outer loop
      vertex 9.14777 7.17645 2.55
      vertex 11.45 8.59999 2.55
      vertex 9.20442 6.92094 2.55
    endloop
  endfacet
  facet normal 0 0 -1
    outer loop
      vertex 8.54812 -8.32835 2.55
      vertex 11.1689 -9.86784 2.55
      vertex 11.0481 -10.1 2.55
    endloop
  endfacet
  facet normal 0 0 -1
    outer loop
      vertex 9.06907 7.42606 2.55
      vertex 11.45 8.59999 2.55
      vertex 9.14777 7.17645 2.55
    endloop
  endfacet
  facet normal 0 0 -1
    outer loop
      vertex 8.54812 -8.32835 2.55
      vertex 11.0481 -10.1 2.55
      vertex 10.9074 -10.3207 2.55
    endloop
  endfacet
  facet normal 0 0 -1
    outer loop
      vertex 8.96891 7.66785 2.55
      vertex 11.45 8.59999 2.55
      vertex 9.06907 7.42606 2.55
    endloop
  endfacet
  facet normal 0 0 -1
    outer loop
      vertex 8.54812 -8.32835 2.55
      vertex 10.9074 -10.3207 2.55
      vertex 10.7481 -10.5284 2.55
    endloop
  endfacet
  facet normal 0 0 -1
    outer loop
      vertex 8.84808 7.89999 2.55
      vertex 11.45 8.59999 2.55
      vertex 8.96891 7.66785 2.55
    endloop
  endfacet
  facet normal 0 0 -1
    outer loop
      vertex 8.37132 -8.52132 2.55
      vertex 10.7481 -10.5284 2.55
      vertex 10.5713 -10.7213 2.55
    endloop
  endfacet
  facet normal -0 0 -1
    outer loop
      vertex 11.45 8.59999 2.55
      vertex 8.84808 7.89999 2.55
      vertex 11.4386 8.86147 2.55
    endloop
  endfacet
  facet normal 0 0 -1
    outer loop
      vertex 8.37132 -8.52132 2.55
      vertex 10.5713 -10.7213 2.55
      vertex 10.3784 -10.8981 2.55
    endloop
  endfacet
  facet normal 0 0 -1
    outer loop
      vertex 8.70745 8.12073 2.55
      vertex 11.4386 8.86147 2.55
      vertex 8.84808 7.89999 2.55
    endloop
  endfacet
  facet normal 0 0 -1
    outer loop
      vertex 8.37132 -8.52132 2.55
      vertex 10.3784 -10.8981 2.55
      vertex 10.1707 -11.0574 2.55
    endloop
  endfacet
  facet normal -0 0 -1
    outer loop
      vertex 11.4386 8.86147 2.55
      vertex 8.70745 8.12073 2.55
      vertex 11.4044 9.12094 2.55
    endloop
  endfacet
  facet normal 0 0 -1
    outer loop
      vertex 8.17835 -8.69812 2.55
      vertex 10.1707 -11.0574 2.55
      vertex 9.94999 -11.1981 2.55
    endloop
  endfacet
  facet normal -0 0 -1
    outer loop
      vertex 11.4044 9.12094 2.55
      vertex 8.70745 8.12073 2.55
      vertex 11.3478 9.37645 2.55
    endloop
  endfacet
  facet normal 0 0 -1
    outer loop
      vertex 8.17835 -8.69812 2.55
      vertex 9.94999 -11.1981 2.55
      vertex 9.71784 -11.3189 2.55
    endloop
  endfacet
  facet normal -0 0 -1
    outer loop
      vertex 11.3478 9.37645 2.55
      vertex 8.70745 8.12073 2.55
      vertex 11.2691 9.62605 2.55
    endloop
  endfacet
  facet normal 0 0 -1
    outer loop
      vertex 8.17835 -8.69812 2.55
      vertex 9.71784 -11.3189 2.55
      vertex 9.47605 -11.4191 2.55
    endloop
  endfacet
  facet normal 0 0 -1
    outer loop
      vertex 8.54812 8.32835 2.55
      vertex 11.2691 9.62605 2.55
      vertex 8.70745 8.12073 2.55
    endloop
  endfacet
  facet normal -0 0 -1
    outer loop
      vertex 11.2691 9.62605 2.55
      vertex 8.54812 8.32835 2.55
      vertex 11.1689 9.86784 2.55
    endloop
  endfacet
  facet normal 0 0 -1
    outer loop
      vertex 11.45 -8.59999 2.55
      vertex 9.23858 -6.66147 2.55
      vertex 9.24999 -6.39999 2.55
    endloop
  endfacet
  facet normal 0 0 -1
    outer loop
      vertex 7.97073 -8.85745 2.55
      vertex 9.47605 -11.4191 2.55
      vertex 9.22645 -11.4978 2.55
    endloop
  endfacet
  facet normal 0 0 -1
    outer loop
      vertex 11.45 -8.59999 2.55
      vertex 9.20442 -6.92094 2.55
      vertex 9.23858 -6.66147 2.55
    endloop
  endfacet
  facet normal 0 0 -1
    outer loop
      vertex 11.45 -8.59999 2.55
      vertex 9.14777 -7.17645 2.55
      vertex 9.20442 -6.92094 2.55
    endloop
  endfacet
  facet normal 0 0 -1
    outer loop
      vertex 11.45 -8.59999 2.55
      vertex 9.06907 -7.42606 2.55
      vertex 9.14777 -7.17645 2.55
    endloop
  endfacet
  facet normal 0 0 -1
    outer loop
      vertex 7.97073 -8.85745 2.55
      vertex 9.22645 -11.4978 2.55
      vertex 8.97094 -11.5544 2.55
    endloop
  endfacet
  facet normal 0 0 -1
    outer loop
      vertex 11.45 -8.59999 2.55
      vertex 8.96891 -7.66785 2.55
      vertex 9.06907 -7.42606 2.55
    endloop
  endfacet
  facet normal 0 0 -1
    outer loop
      vertex 11.45 -8.59999 2.55
      vertex 8.84808 -7.89999 2.55
      vertex 8.96891 -7.66785 2.55
    endloop
  endfacet
  facet normal 0 0 -1
    outer loop
      vertex 7.97073 -8.85745 2.55
      vertex 8.97094 -11.5544 2.55
      vertex 8.71146 -11.5886 2.55
    endloop
  endfacet
  facet normal 0 0 -1
    outer loop
      vertex 11.4386 -8.86147 2.55
      vertex 8.70745 -8.12073 2.55
      vertex 8.84808 -7.89999 2.55
    endloop
  endfacet
  facet normal 0 0 -1
    outer loop
      vertex 11.2691 -9.62605 2.55
      vertex 8.54812 -8.32835 2.55
      vertex 8.70745 -8.12073 2.55
    endloop
  endfacet
  facet normal 0 0 -1
    outer loop
      vertex 7.74999 -8.99808 2.55
      vertex 8.71146 -11.5886 2.55
      vertex 8.44999 -11.6 2.55
    endloop
  endfacet
  facet normal 0 0 -1
    outer loop
      vertex 10.7481 -10.5284 2.55
      vertex 8.37132 -8.52132 2.55
      vertex 8.54812 -8.32835 2.55
    endloop
  endfacet
  facet normal 0 0 -1
    outer loop
      vertex 10.1707 -11.0574 2.55
      vertex 8.17835 -8.69812 2.55
      vertex 8.37132 -8.52132 2.55
    endloop
  endfacet
  facet normal 0 0 -1
    outer loop
      vertex 9.47605 -11.4191 2.55
      vertex 7.97073 -8.85745 2.55
      vertex 8.17835 -8.69812 2.55
    endloop
  endfacet
  facet normal 0 0 -1
    outer loop
      vertex 8.71146 -11.5886 2.55
      vertex 7.74999 -8.99808 2.55
      vertex 7.97073 -8.85745 2.55
    endloop
  endfacet
  facet normal 0 0 -1
    outer loop
      vertex 8.44999 -11.6 2.55
      vertex 7.51785 -9.11891 2.55
      vertex 7.74999 -8.99808 2.55
    endloop
  endfacet
  facet normal 0 0 -1
    outer loop
      vertex 8.44999 -11.6 2.55
      vertex 7.27606 -9.21907 2.55
      vertex 7.51785 -9.11891 2.55
    endloop
  endfacet
  facet normal 0 0 -1
    outer loop
      vertex 8.44999 -11.6 2.55
      vertex 7.02645 -9.29778 2.55
      vertex 7.27606 -9.21907 2.55
    endloop
  endfacet
  facet normal 0 0 -1
    outer loop
      vertex 8.44999 -11.6 2.55
      vertex 6.77094 -9.35442 2.55
      vertex 7.02645 -9.29778 2.55
    endloop
  endfacet
  facet normal 0 0 -1
    outer loop
      vertex 8.44999 -11.6 2.55
      vertex 6.51147 -9.38858 2.55
      vertex 6.77094 -9.35442 2.55
    endloop
  endfacet
  facet normal 0 0 -1
    outer loop
      vertex 8.44999 -11.6 2.55
      vertex 6.24999 -9.39999 2.55
      vertex 6.51147 -9.38858 2.55
    endloop
  endfacet
  facet normal 0 0 -1
    outer loop
      vertex 8.44999 -11.6 2.55
      vertex -11.55 -9.39999 2.55
      vertex 6.24999 -9.39999 2.55
    endloop
  endfacet
  facet normal 0 0 -1
    outer loop
      vertex -13.75 -11.6 2.55
      vertex -11.55 -9.39999 2.55
      vertex 8.44999 -11.6 2.55
    endloop
  endfacet
  facet normal -0 0 -1
    outer loop
      vertex -11.55 -9.39999 2.55
      vertex -13.75 -11.6 2.55
      vertex -11.8115 -9.38858 2.55
    endloop
  endfacet
  facet normal 0 0 -1
    outer loop
      vertex -13.75 -11.6 2.55
      vertex -12.0709 -9.35442 2.55
      vertex -11.8115 -9.38858 2.55
    endloop
  endfacet
  facet normal 0 0 -1
    outer loop
      vertex -13.75 -11.6 2.55
      vertex -12.3265 -9.29778 2.55
      vertex -12.0709 -9.35442 2.55
    endloop
  endfacet
  facet normal 0 0 -1
    outer loop
      vertex -13.75 -11.6 2.55
      vertex -12.5761 -9.21907 2.55
      vertex -12.3265 -9.29778 2.55
    endloop
  endfacet
  facet normal 0 0 -1
    outer loop
      vertex -13.75 -11.6 2.55
      vertex -12.8178 -9.11891 2.55
      vertex -12.5761 -9.21907 2.55
    endloop
  endfacet
  facet normal 0 0 -1
    outer loop
      vertex -13.75 -11.6 2.55
      vertex -13.05 -8.99808 2.55
      vertex -12.8178 -9.11891 2.55
    endloop
  endfacet
  facet normal 0 0 -1
    outer loop
      vertex -14.0115 -11.5886 2.55
      vertex -13.05 -8.99808 2.55
      vertex -13.75 -11.6 2.55
    endloop
  endfacet
  facet normal -0 0 -1
    outer loop
      vertex -13.05 -8.99808 2.55
      vertex -14.0115 -11.5886 2.55
      vertex -13.2707 -8.85745 2.55
    endloop
  endfacet
  facet normal 0 0 -1
    outer loop
      vertex -14.2709 -11.5544 2.55
      vertex -13.2707 -8.85745 2.55
      vertex -14.0115 -11.5886 2.55
    endloop
  endfacet
  facet normal 0 0 -1
    outer loop
      vertex -14.5264 -11.4978 2.55
      vertex -13.2707 -8.85745 2.55
      vertex -14.2709 -11.5544 2.55
    endloop
  endfacet
  facet normal 0 0 -1
    outer loop
      vertex -14.7761 -11.4191 2.55
      vertex -13.2707 -8.85745 2.55
      vertex -14.5264 -11.4978 2.55
    endloop
  endfacet
  facet normal -0 0 -1
    outer loop
      vertex -13.2707 -8.85745 2.55
      vertex -14.7761 -11.4191 2.55
      vertex -13.4784 -8.69812 2.55
    endloop
  endfacet
  facet normal 0 0 -1
    outer loop
      vertex -15.0178 -11.3189 2.55
      vertex -13.4784 -8.69812 2.55
      vertex -14.7761 -11.4191 2.55
    endloop
  endfacet
  facet normal 0 0 -1
    outer loop
      vertex -15.25 -11.1981 2.55
      vertex -13.4784 -8.69812 2.55
      vertex -15.0178 -11.3189 2.55
    endloop
  endfacet
  facet normal 0 0 -1
    outer loop
      vertex -15.4707 -11.0574 2.55
      vertex -13.4784 -8.69812 2.55
      vertex -15.25 -11.1981 2.55
    endloop
  endfacet
  facet normal -0 0 -1
    outer loop
      vertex -13.4784 -8.69812 2.55
      vertex -15.4707 -11.0574 2.55
      vertex -13.6713 -8.52132 2.55
    endloop
  endfacet
  facet normal 0 0 -1
    outer loop
      vertex -15.6784 -10.8981 2.55
      vertex -13.6713 -8.52132 2.55
      vertex -15.4707 -11.0574 2.55
    endloop
  endfacet
  facet normal 0 0 -1
    outer loop
      vertex -15.8713 -10.7213 2.55
      vertex -13.6713 -8.52132 2.55
      vertex -15.6784 -10.8981 2.55
    endloop
  endfacet
  facet normal 0 0 -1
    outer loop
      vertex -16.0481 -10.5284 2.55
      vertex -13.6713 -8.52132 2.55
      vertex -15.8713 -10.7213 2.55
    endloop
  endfacet
  facet normal -0 0 -1
    outer loop
      vertex -13.6713 -8.52132 2.55
      vertex -16.0481 -10.5284 2.55
      vertex -13.8481 -8.32835 2.55
    endloop
  endfacet
  facet normal 0 0 -1
    outer loop
      vertex -16.2074 -10.3207 2.55
      vertex -13.8481 -8.32835 2.55
      vertex -16.0481 -10.5284 2.55
    endloop
  endfacet
  facet normal 0 0 -1
    outer loop
      vertex -16.4689 -9.86784 2.55
      vertex -13.8481 -8.32835 2.55
      vertex -16.3481 -10.1 2.55
    endloop
  endfacet
  facet normal 0 0 -1
    outer loop
      vertex -16.3481 -10.1 2.55
      vertex -13.8481 -8.32835 2.55
      vertex -16.2074 -10.3207 2.55
    endloop
  endfacet
  facet normal -0 0 -1
    outer loop
      vertex 11.1689 9.86784 2.55
      vertex 8.54812 8.32835 2.55
      vertex 11.0481 10.1 2.55
    endloop
  endfacet
  facet normal -0 0 -1
    outer loop
      vertex 11.0481 10.1 2.55
      vertex 8.54812 8.32835 2.55
      vertex 10.9074 10.3207 2.55
    endloop
  endfacet
  facet normal -0 0 -1
    outer loop
      vertex 10.9074 10.3207 2.55
      vertex 8.54812 8.32835 2.55
      vertex 10.7481 10.5284 2.55
    endloop
  endfacet
  facet normal 0 0 -1
    outer loop
      vertex 8.37132 8.52132 2.55
      vertex 10.7481 10.5284 2.55
      vertex 8.54812 8.32835 2.55
    endloop
  endfacet
  facet normal -0 0 -1
    outer loop
      vertex 10.7481 10.5284 2.55
      vertex 8.37132 8.52132 2.55
      vertex 10.5713 10.7213 2.55
    endloop
  endfacet
  facet normal -0 0 -1
    outer loop
      vertex 10.5713 10.7213 2.55
      vertex 8.37132 8.52132 2.55
      vertex 10.3784 10.8981 2.55
    endloop
  endfacet
  facet normal -0 0 -1
    outer loop
      vertex 10.3784 10.8981 2.55
      vertex 8.37132 8.52132 2.55
      vertex 10.1707 11.0574 2.55
    endloop
  endfacet
  facet normal 0 0 -1
    outer loop
      vertex 8.17835 8.69812 2.55
      vertex 10.1707 11.0574 2.55
      vertex 8.37132 8.52132 2.55
    endloop
  endfacet
  facet normal -0 0 -1
    outer loop
      vertex 10.1707 11.0574 2.55
      vertex 8.17835 8.69812 2.55
      vertex 9.94999 11.1981 2.55
    endloop
  endfacet
  facet normal -0 0 -1
    outer loop
      vertex 9.94999 11.1981 2.55
      vertex 8.17835 8.69812 2.55
      vertex 9.71784 11.3189 2.55
    endloop
  endfacet
  facet normal -0 0 -1
    outer loop
      vertex 9.71784 11.3189 2.55
      vertex 8.17835 8.69812 2.55
      vertex 9.47605 11.4191 2.55
    endloop
  endfacet
  facet normal 0 0 -1
    outer loop
      vertex 7.97073 8.85745 2.55
      vertex 9.47605 11.4191 2.55
      vertex 8.17835 8.69812 2.55
    endloop
  endfacet
  facet normal -0 0 -1
    outer loop
      vertex 9.47605 11.4191 2.55
      vertex 7.97073 8.85745 2.55
      vertex 9.22645 11.4978 2.55
    endloop
  endfacet
  facet normal -0 0 -1
    outer loop
      vertex 9.22645 11.4978 2.55
      vertex 7.97073 8.85745 2.55
      vertex 8.97094 11.5544 2.55
    endloop
  endfacet
  facet normal -0 0 -1
    outer loop
      vertex 8.97094 11.5544 2.55
      vertex 7.97073 8.85745 2.55
      vertex 8.71146 11.5886 2.55
    endloop
  endfacet
  facet normal 0 0 -1
    outer loop
      vertex 7.74999 8.99808 2.55
      vertex 8.71146 11.5886 2.55
      vertex 7.97073 8.85745 2.55
    endloop
  endfacet
  facet normal -0 0 -1
    outer loop
      vertex 8.71146 11.5886 2.55
      vertex 7.74999 8.99808 2.55
      vertex 8.44999 11.6 2.55
    endloop
  endfacet
  facet normal 0 0 -1
    outer loop
      vertex 7.51785 9.11891 2.55
      vertex 8.44999 11.6 2.55
      vertex 7.74999 8.99808 2.55
    endloop
  endfacet
  facet normal 0 0 -1
    outer loop
      vertex 7.27606 9.21907 2.55
      vertex 8.44999 11.6 2.55
      vertex 7.51785 9.11891 2.55
    endloop
  endfacet
  facet normal 0 0 -1
    outer loop
      vertex 7.02645 9.29778 2.55
      vertex 8.44999 11.6 2.55
      vertex 7.27606 9.21907 2.55
    endloop
  endfacet
  facet normal 0 0 -1
    outer loop
      vertex 6.77094 9.35442 2.55
      vertex 8.44999 11.6 2.55
      vertex 7.02645 9.29778 2.55
    endloop
  endfacet
  facet normal 0 0 -1
    outer loop
      vertex 6.51147 9.38858 2.55
      vertex 8.44999 11.6 2.55
      vertex 6.77094 9.35442 2.55
    endloop
  endfacet
  facet normal 0 0 -1
    outer loop
      vertex 6.24999 9.39999 2.55
      vertex 8.44999 11.6 2.55
      vertex 6.51147 9.38858 2.55
    endloop
  endfacet
  facet normal 0 0 -1
    outer loop
      vertex -11.55 9.39999 2.55
      vertex 8.44999 11.6 2.55
      vertex 6.24999 9.39999 2.55
    endloop
  endfacet
  facet normal 0 0 -1
    outer loop
      vertex -13.75 11.6 2.55
      vertex -11.55 9.39999 2.55
      vertex -11.8115 9.38858 2.55
    endloop
  endfacet
  facet normal 0 0 -1
    outer loop
      vertex -11.55 9.39999 2.55
      vertex -13.75 11.6 2.55
      vertex 8.44999 11.6 2.55
    endloop
  endfacet
  facet normal 0 0 -1
    outer loop
      vertex -12.0709 9.35442 2.55
      vertex -13.75 11.6 2.55
      vertex -11.8115 9.38858 2.55
    endloop
  endfacet
  facet normal 0 0 -1
    outer loop
      vertex -12.3265 9.29778 2.55
      vertex -13.75 11.6 2.55
      vertex -12.0709 9.35442 2.55
    endloop
  endfacet
  facet normal 0 0 -1
    outer loop
      vertex -12.5761 9.21907 2.55
      vertex -13.75 11.6 2.55
      vertex -12.3265 9.29778 2.55
    endloop
  endfacet
  facet normal 0 0 -1
    outer loop
      vertex -12.8178 9.11891 2.55
      vertex -13.75 11.6 2.55
      vertex -12.5761 9.21907 2.55
    endloop
  endfacet
  facet normal 0 0 -1
    outer loop
      vertex -13.05 8.99808 2.55
      vertex -13.75 11.6 2.55
      vertex -12.8178 9.11891 2.55
    endloop
  endfacet
  facet normal 0 0 -1
    outer loop
      vertex -14.0115 11.5886 2.55
      vertex -13.05 8.99808 2.55
      vertex -13.2707 8.85745 2.55
    endloop
  endfacet
  facet normal 0 0 -1
    outer loop
      vertex -14.7761 11.4191 2.55
      vertex -13.2707 8.85745 2.55
      vertex -13.4784 8.69812 2.55
    endloop
  endfacet
  facet normal 0 0 -1
    outer loop
      vertex -15.4707 11.0574 2.55
      vertex -13.4784 8.69812 2.55
      vertex -13.6713 8.52132 2.55
    endloop
  endfacet
  facet normal 0 0 -1
    outer loop
      vertex -16.0481 10.5284 2.55
      vertex -13.6713 8.52132 2.55
      vertex -13.8481 8.32835 2.55
    endloop
  endfacet
  facet normal 0 0 -1
    outer loop
      vertex -16.5691 9.62605 2.55
      vertex -13.8481 8.32835 2.55
      vertex -14.0075 8.12073 2.55
    endloop
  endfacet
  facet normal 0 0 -1
    outer loop
      vertex -13.05 8.99808 2.55
      vertex -14.0115 11.5886 2.55
      vertex -13.75 11.6 2.55
    endloop
  endfacet
  facet normal 0 0 -1
    outer loop
      vertex -16.7386 8.86147 2.55
      vertex -14.0075 8.12073 2.55
      vertex -14.1481 7.89999 2.55
    endloop
  endfacet
  facet normal 0 0 -1
    outer loop
      vertex -16.75 8.59999 2.55
      vertex -14.1481 7.89999 2.55
      vertex -14.2689 7.66785 2.55
    endloop
  endfacet
  facet normal 0 0 -1
    outer loop
      vertex -13.2707 8.85745 2.55
      vertex -14.2709 11.5544 2.55
      vertex -14.0115 11.5886 2.55
    endloop
  endfacet
  facet normal 0 0 -1
    outer loop
      vertex -16.75 8.59999 2.55
      vertex -14.2689 7.66785 2.55
      vertex -14.3691 7.42606 2.55
    endloop
  endfacet
  facet normal 0 0 -1
    outer loop
      vertex -16.75 8.59999 2.55
      vertex -14.3691 7.42606 2.55
      vertex -14.4478 7.17645 2.55
    endloop
  endfacet
  facet normal 0 0 -1
    outer loop
      vertex -16.75 8.59999 2.55
      vertex -14.4478 7.17645 2.55
      vertex -14.5044 6.92094 2.55
    endloop
  endfacet
  facet normal 0 0 -1
    outer loop
      vertex -13.2707 8.85745 2.55
      vertex -14.5264 11.4978 2.55
      vertex -14.2709 11.5544 2.55
    endloop
  endfacet
  facet normal 0 0 -1
    outer loop
      vertex -16.75 8.59999 2.55
      vertex -14.5044 6.92094 2.55
      vertex -14.5386 6.66147 2.55
    endloop
  endfacet
  facet normal 0 0 -1
    outer loop
      vertex -16.75 8.59999 2.55
      vertex -14.5386 6.66147 2.55
      vertex -14.55 6.39999 2.55
    endloop
  endfacet
  facet normal -0 0 -1
    outer loop
      vertex -14.55 -6.39999 2.55
      vertex -16.75 -8.59999 2.55
      vertex -14.55 6.39999 2.55
    endloop
  endfacet
  facet normal 0 0 -1
    outer loop
      vertex -16.75 8.59999 2.55
      vertex -14.55 6.39999 2.55
      vertex -16.75 -8.59999 2.55
    endloop
  endfacet
  facet normal 0 0 -1
    outer loop
      vertex -16.5691 -9.62605 2.55
      vertex -13.8481 -8.32835 2.55
      vertex -16.4689 -9.86784 2.55
    endloop
  endfacet
  facet normal 0 0 -1
    outer loop
      vertex -14.1481 7.89999 2.55
      vertex -16.75 8.59999 2.55
      vertex -16.7386 8.86147 2.55
    endloop
  endfacet
  facet normal -0 0 -1
    outer loop
      vertex -13.8481 -8.32835 2.55
      vertex -16.5691 -9.62605 2.55
      vertex -14.0075 -8.12073 2.55
    endloop
  endfacet
  facet normal 0 0 -1
    outer loop
      vertex -13.2707 8.85745 2.55
      vertex -14.7761 11.4191 2.55
      vertex -14.5264 11.4978 2.55
    endloop
  endfacet
  facet normal 0 0 -1
    outer loop
      vertex -16.6478 -9.37645 2.55
      vertex -14.0075 -8.12073 2.55
      vertex -16.5691 -9.62605 2.55
    endloop
  endfacet
  facet normal 0 0 -1
    outer loop
      vertex -13.4784 8.69812 2.55
      vertex -15.0178 11.3189 2.55
      vertex -14.7761 11.4191 2.55
    endloop
  endfacet
  facet normal 0 0 -1
    outer loop
      vertex -16.7044 -9.12094 2.55
      vertex -14.0075 -8.12073 2.55
      vertex -16.6478 -9.37645 2.55
    endloop
  endfacet
  facet normal 0 0 -1
    outer loop
      vertex -13.4784 8.69812 2.55
      vertex -15.25 11.1981 2.55
      vertex -15.0178 11.3189 2.55
    endloop
  endfacet
  facet normal 0 0 -1
    outer loop
      vertex -16.7386 -8.86147 2.55
      vertex -14.0075 -8.12073 2.55
      vertex -16.7044 -9.12094 2.55
    endloop
  endfacet
  facet normal 0 0 -1
    outer loop
      vertex -13.4784 8.69812 2.55
      vertex -15.4707 11.0574 2.55
      vertex -15.25 11.1981 2.55
    endloop
  endfacet
  facet normal -0 0 -1
    outer loop
      vertex -14.0075 -8.12073 2.55
      vertex -16.7386 -8.86147 2.55
      vertex -14.1481 -7.89999 2.55
    endloop
  endfacet
  facet normal 0 0 -1
    outer loop
      vertex -13.6713 8.52132 2.55
      vertex -15.6784 10.8981 2.55
      vertex -15.4707 11.0574 2.55
    endloop
  endfacet
  facet normal 0 0 -1
    outer loop
      vertex -16.75 -8.59999 2.55
      vertex -14.1481 -7.89999 2.55
      vertex -16.7386 -8.86147 2.55
    endloop
  endfacet
  facet normal 0 0 -1
    outer loop
      vertex -13.6713 8.52132 2.55
      vertex -15.8713 10.7213 2.55
      vertex -15.6784 10.8981 2.55
    endloop
  endfacet
  facet normal -0 0 -1
    outer loop
      vertex -14.1481 -7.89999 2.55
      vertex -16.75 -8.59999 2.55
      vertex -14.2689 -7.66785 2.55
    endloop
  endfacet
  facet normal 0 0 -1
    outer loop
      vertex -13.6713 8.52132 2.55
      vertex -16.0481 10.5284 2.55
      vertex -15.8713 10.7213 2.55
    endloop
  endfacet
  facet normal -0 0 -1
    outer loop
      vertex -14.2689 -7.66785 2.55
      vertex -16.75 -8.59999 2.55
      vertex -14.3691 -7.42606 2.55
    endloop
  endfacet
  facet normal 0 0 -1
    outer loop
      vertex -13.8481 8.32835 2.55
      vertex -16.2074 10.3207 2.55
      vertex -16.0481 10.5284 2.55
    endloop
  endfacet
  facet normal -0 0 -1
    outer loop
      vertex -14.3691 -7.42606 2.55
      vertex -16.75 -8.59999 2.55
      vertex -14.4478 -7.17645 2.55
    endloop
  endfacet
  facet normal 0 0 -1
    outer loop
      vertex -13.8481 8.32835 2.55
      vertex -16.3481 10.1 2.55
      vertex -16.2074 10.3207 2.55
    endloop
  endfacet
  facet normal -0 0 -1
    outer loop
      vertex -14.4478 -7.17645 2.55
      vertex -16.75 -8.59999 2.55
      vertex -14.5044 -6.92094 2.55
    endloop
  endfacet
  facet normal 0 0 -1
    outer loop
      vertex -13.8481 8.32835 2.55
      vertex -16.4689 9.86784 2.55
      vertex -16.3481 10.1 2.55
    endloop
  endfacet
  facet normal -0 0 -1
    outer loop
      vertex -14.5044 -6.92094 2.55
      vertex -16.75 -8.59999 2.55
      vertex -14.5386 -6.66147 2.55
    endloop
  endfacet
  facet normal 0 0 -1
    outer loop
      vertex -13.8481 8.32835 2.55
      vertex -16.5691 9.62605 2.55
      vertex -16.4689 9.86784 2.55
    endloop
  endfacet
  facet normal -0 0 -1
    outer loop
      vertex -14.5386 -6.66147 2.55
      vertex -16.75 -8.59999 2.55
      vertex -14.55 -6.39999 2.55
    endloop
  endfacet
  facet normal 0 0 -1
    outer loop
      vertex -14.0075 8.12073 2.55
      vertex -16.6478 9.37645 2.55
      vertex -16.5691 9.62605 2.55
    endloop
  endfacet
  facet normal 0 0 -1
    outer loop
      vertex -14.0075 8.12073 2.55
      vertex -16.7044 9.12094 2.55
      vertex -16.6478 9.37645 2.55
    endloop
  endfacet
  facet normal 0 0 -1
    outer loop
      vertex -14.0075 8.12073 2.55
      vertex -16.7386 8.86147 2.55
      vertex -16.7044 9.12094 2.55
    endloop
  endfacet
  facet normal 0 0 1
    outer loop
      vertex 11.05 10.0963 5.25
      vertex 11.45 8.59999 5.25
      vertex 11.4386 8.86147 5.25
    endloop
  endfacet
  facet normal 0 0 1
    outer loop
      vertex 11.45 8.59999 5.25
      vertex 11.05 10.0963 5.25
      vertex 11.45 -8.59999 5.25
    endloop
  endfacet
  facet normal 0 0 1
    outer loop
      vertex 11.05 10.0963 5.25
      vertex 11.4386 8.86147 5.25
      vertex 11.4044 9.12094 5.25
    endloop
  endfacet
  facet normal 0 0 1
    outer loop
      vertex 11.05 -10.0963 5.25
      vertex 11.45 -8.59999 5.25
      vertex 11.05 10.0963 5.25
    endloop
  endfacet
  facet normal 0 0 1
    outer loop
      vertex 11.05 10.0963 5.25
      vertex 11.4044 9.12094 5.25
      vertex 11.3478 9.37645 5.25
    endloop
  endfacet
  facet normal 0 0 1
    outer loop
      vertex 11.45 -8.59999 5.25
      vertex 11.05 -10.0963 5.25
      vertex 11.4386 -8.86147 5.25
    endloop
  endfacet
  facet normal 0 0 1
    outer loop
      vertex 11.05 10.0963 5.25
      vertex 11.3478 9.37645 5.25
      vertex 11.2691 9.62605 5.25
    endloop
  endfacet
  facet normal 0 0 1
    outer loop
      vertex 11.4386 -8.86147 5.25
      vertex 11.05 -10.0963 5.25
      vertex 11.4044 -9.12094 5.25
    endloop
  endfacet
  facet normal 0 0 1
    outer loop
      vertex 11.05 10.0963 5.25
      vertex 11.2691 9.62605 5.25
      vertex 11.1689 9.86784 5.25
    endloop
  endfacet
  facet normal 0 0 1
    outer loop
      vertex 11.4044 -9.12094 5.25
      vertex 11.05 -10.0963 5.25
      vertex 11.3478 -9.37645 5.25
    endloop
  endfacet
  facet normal 0 0 1
    outer loop
      vertex 11.3478 -9.37645 5.25
      vertex 11.05 -10.0963 5.25
      vertex 11.2691 -9.62605 5.25
    endloop
  endfacet
  facet normal 0 0 1
    outer loop
      vertex 11.2691 -9.62605 5.25
      vertex 11.05 -10.0963 5.25
      vertex 11.1689 -9.86784 5.25
    endloop
  endfacet
  facet normal -0 0 1
    outer loop
      vertex -13.75 11.6 5.25
      vertex -12.5338 11.5853 5.25
      vertex -12.4983 11.6 5.25
    endloop
  endfacet
  facet normal 0 0 1
    outer loop
      vertex -13.75 11.6 5.25
      vertex -13.0606 11.3255 5.25
      vertex -12.5338 11.5853 5.25
    endloop
  endfacet
  facet normal 0 0 1
    outer loop
      vertex -13.75 11.6 5.25
      vertex -13.6952 10.9952 5.25
      vertex -13.0606 11.3255 5.25
    endloop
  endfacet
  facet normal -0 0 1
    outer loop
      vertex -14.0115 11.5886 5.25
      vertex -13.6952 10.9952 5.25
      vertex -13.75 11.6 5.25
    endloop
  endfacet
  facet normal -0 0 1
    outer loop
      vertex -14.2709 11.5544 5.25
      vertex -13.6952 10.9952 5.25
      vertex -14.0115 11.5886 5.25
    endloop
  endfacet
  facet normal 0 0 1
    outer loop
      vertex -14.2709 11.5544 5.25
      vertex -14.2985 10.6108 5.25
      vertex -13.6952 10.9952 5.25
    endloop
  endfacet
  facet normal -0 0 1
    outer loop
      vertex -14.5264 11.4978 5.25
      vertex -14.2985 10.6108 5.25
      vertex -14.2709 11.5544 5.25
    endloop
  endfacet
  facet normal -0 0 1
    outer loop
      vertex -14.7761 11.4191 5.25
      vertex -14.2985 10.6108 5.25
      vertex -14.5264 11.4978 5.25
    endloop
  endfacet
  facet normal -0 0 1
    outer loop
      vertex -15.0178 11.3189 5.25
      vertex -14.2985 10.6108 5.25
      vertex -14.7761 11.4191 5.25
    endloop
  endfacet
  facet normal 0 0 1
    outer loop
      vertex -14.2985 10.6108 5.25
      vertex -15.0178 11.3189 5.25
      vertex -14.7869 10.2845 5.25
    endloop
  endfacet
  facet normal -0 0 1
    outer loop
      vertex -15.25 11.1981 5.25
      vertex -14.7869 10.2845 5.25
      vertex -15.0178 11.3189 5.25
    endloop
  endfacet
  facet normal -0 0 1
    outer loop
      vertex -15.4707 11.0574 5.25
      vertex -14.7869 10.2845 5.25
      vertex -15.25 11.1981 5.25
    endloop
  endfacet
  facet normal -0 0 1
    outer loop
      vertex -15.6784 10.8981 5.25
      vertex -14.7869 10.2845 5.25
      vertex -15.4707 11.0574 5.25
    endloop
  endfacet
  facet normal 0 0 1
    outer loop
      vertex -14.7869 10.2845 5.25
      vertex -15.6784 10.8981 5.25
      vertex -15.3544 9.84901 5.25
    endloop
  endfacet
  facet normal -0 0 1
    outer loop
      vertex -15.8713 10.7213 5.25
      vertex -15.3544 9.84901 5.25
      vertex -15.6784 10.8981 5.25
    endloop
  endfacet
  facet normal -0 0 1
    outer loop
      vertex -16.0481 10.5284 5.25
      vertex -15.3544 9.84901 5.25
      vertex -15.8713 10.7213 5.25
    endloop
  endfacet
  facet normal -0 0 1
    outer loop
      vertex -16.2074 10.3207 5.25
      vertex -15.3544 9.84901 5.25
      vertex -16.0481 10.5284 5.25
    endloop
  endfacet
  facet normal 0 0 1
    outer loop
      vertex -15.3544 9.84901 5.25
      vertex -16.2074 10.3207 5.25
      vertex -15.796 9.46173 5.25
    endloop
  endfacet
  facet normal -0 0 1
    outer loop
      vertex -16.3481 10.1 5.25
      vertex -15.796 9.46173 5.25
      vertex -16.2074 10.3207 5.25
    endloop
  endfacet
  facet normal -0 0 1
    outer loop
      vertex -16.4689 9.86784 5.25
      vertex -15.796 9.46173 5.25
      vertex -16.3481 10.1 5.25
    endloop
  endfacet
  facet normal -0 0 1
    outer loop
      vertex -16.5691 9.62605 5.25
      vertex -15.796 9.46173 5.25
      vertex -16.4689 9.86784 5.25
    endloop
  endfacet
  facet normal 0 0 1
    outer loop
      vertex -15.796 9.46173 5.25
      vertex -16.5691 9.62605 5.25
      vertex -16.3234 8.97844 5.25
    endloop
  endfacet
  facet normal -0 0 1
    outer loop
      vertex -16.6478 9.37645 5.25
      vertex -16.3234 8.97844 5.25
      vertex -16.5691 9.62605 5.25
    endloop
  endfacet
  facet normal -0 0 1
    outer loop
      vertex -16.7044 9.12094 5.25
      vertex -16.3234 8.97844 5.25
      vertex -16.6478 9.37645 5.25
    endloop
  endfacet
  facet normal 0 0 1
    outer loop
      vertex -16.7386 8.86147 5.25
      vertex -16.3234 8.97844 5.25
      vertex -16.7044 9.12094 5.25
    endloop
  endfacet
  facet normal 0 0 1
    outer loop
      vertex -16.75 8.59999 5.25
      vertex -16.3234 8.97844 5.25
      vertex -16.7386 8.86147 5.25
    endloop
  endfacet
  facet normal 0 0 1
    outer loop
      vertex -16.3234 8.97844 5.25
      vertex -16.75 8.59999 5.25
      vertex -16.75 8.51293 5.25
    endloop
  endfacet
  facet normal 0 0 1
    outer loop
      vertex -12.5338 -11.5853 5.25
      vertex -13.75 -11.6 5.25
      vertex -12.4983 -11.6 5.25
    endloop
  endfacet
  facet normal 0 0 1
    outer loop
      vertex -13.0606 -11.3255 5.25
      vertex -13.75 -11.6 5.25
      vertex -12.5338 -11.5853 5.25
    endloop
  endfacet
  facet normal 0 0 1
    outer loop
      vertex -13.6952 -10.9952 5.25
      vertex -13.75 -11.6 5.25
      vertex -13.0606 -11.3255 5.25
    endloop
  endfacet
  facet normal 0 0 1
    outer loop
      vertex -13.6952 -10.9952 5.25
      vertex -14.0115 -11.5886 5.25
      vertex -13.75 -11.6 5.25
    endloop
  endfacet
  facet normal 0 0 1
    outer loop
      vertex -13.6952 -10.9952 5.25
      vertex -14.2709 -11.5544 5.25
      vertex -14.0115 -11.5886 5.25
    endloop
  endfacet
  facet normal 0 0 1
    outer loop
      vertex -14.2985 -10.6108 5.25
      vertex -14.2709 -11.5544 5.25
      vertex -13.6952 -10.9952 5.25
    endloop
  endfacet
  facet normal 0 0 1
    outer loop
      vertex -14.2985 -10.6108 5.25
      vertex -14.5264 -11.4978 5.25
      vertex -14.2709 -11.5544 5.25
    endloop
  endfacet
  facet normal 0 0 1
    outer loop
      vertex -14.2985 -10.6108 5.25
      vertex -14.7761 -11.4191 5.25
      vertex -14.5264 -11.4978 5.25
    endloop
  endfacet
  facet normal 0 0 1
    outer loop
      vertex -15.0178 -11.3189 5.25
      vertex -14.2985 -10.6108 5.25
      vertex -14.7869 -10.2845 5.25
    endloop
  endfacet
  facet normal 0 0 1
    outer loop
      vertex -14.2985 -10.6108 5.25
      vertex -15.0178 -11.3189 5.25
      vertex -14.7761 -11.4191 5.25
    endloop
  endfacet
  facet normal 0 0 1
    outer loop
      vertex -14.7869 -10.2845 5.25
      vertex -15.25 -11.1981 5.25
      vertex -15.0178 -11.3189 5.25
    endloop
  endfacet
  facet normal 0 0 1
    outer loop
      vertex -15.6784 -10.8981 5.25
      vertex -14.7869 -10.2845 5.25
      vertex -15.3544 -9.84901 5.25
    endloop
  endfacet
  facet normal 0 0 1
    outer loop
      vertex -14.7869 -10.2845 5.25
      vertex -15.4707 -11.0574 5.25
      vertex -15.25 -11.1981 5.25
    endloop
  endfacet
  facet normal 0 0 1
    outer loop
      vertex -14.7869 -10.2845 5.25
      vertex -15.6784 -10.8981 5.25
      vertex -15.4707 -11.0574 5.25
    endloop
  endfacet
  facet normal 0 0 1
    outer loop
      vertex -16.2074 -10.3207 5.25
      vertex -15.3544 -9.84901 5.25
      vertex -15.796 -9.46173 5.25
    endloop
  endfacet
  facet normal 0 0 1
    outer loop
      vertex -15.3544 -9.84901 5.25
      vertex -15.8713 -10.7213 5.25
      vertex -15.6784 -10.8981 5.25
    endloop
  endfacet
  facet normal 0 0 1
    outer loop
      vertex -15.3544 -9.84901 5.25
      vertex -16.0481 -10.5284 5.25
      vertex -15.8713 -10.7213 5.25
    endloop
  endfacet
  facet normal 0 0 1
    outer loop
      vertex -15.3544 -9.84901 5.25
      vertex -16.2074 -10.3207 5.25
      vertex -16.0481 -10.5284 5.25
    endloop
  endfacet
  facet normal 0 0 1
    outer loop
      vertex -16.5691 -9.62605 5.25
      vertex -15.796 -9.46173 5.25
      vertex -16.3234 -8.97844 5.25
    endloop
  endfacet
  facet normal 0 0 1
    outer loop
      vertex -15.796 -9.46173 5.25
      vertex -16.3481 -10.1 5.25
      vertex -16.2074 -10.3207 5.25
    endloop
  endfacet
  facet normal 0 0 1
    outer loop
      vertex -15.796 -9.46173 5.25
      vertex -16.4689 -9.86784 5.25
      vertex -16.3481 -10.1 5.25
    endloop
  endfacet
  facet normal 0 0 1
    outer loop
      vertex -15.796 -9.46173 5.25
      vertex -16.5691 -9.62605 5.25
      vertex -16.4689 -9.86784 5.25
    endloop
  endfacet
  facet normal 0 0 1
    outer loop
      vertex -16.3234 -8.97844 5.25
      vertex -16.6478 -9.37645 5.25
      vertex -16.5691 -9.62605 5.25
    endloop
  endfacet
  facet normal 0 0 1
    outer loop
      vertex -16.3234 -8.97844 5.25
      vertex -16.7044 -9.12094 5.25
      vertex -16.6478 -9.37645 5.25
    endloop
  endfacet
  facet normal 0 0 1
    outer loop
      vertex -16.3234 -8.97844 5.25
      vertex -16.7386 -8.86147 5.25
      vertex -16.7044 -9.12094 5.25
    endloop
  endfacet
  facet normal -0 0 1
    outer loop
      vertex -16.75 -8.59999 5.25
      vertex -16.3234 -8.97844 5.25
      vertex -16.75 -8.51293 5.25
    endloop
  endfacet
  facet normal 0 0 1
    outer loop
      vertex -16.3234 -8.97844 5.25
      vertex -16.75 -8.59999 5.25
      vertex -16.7386 -8.86147 5.25
    endloop
  endfacet
  facet normal 0.130672 -0.991426 0
    outer loop
      vertex 8.71146 -11.5886 2.55
      vertex 8.97094 -11.5544 5.15
      vertex 8.71146 -11.5886 5.15
    endloop
  endfacet
  facet normal 0.130672 -0.991426 0
    outer loop
      vertex 8.97094 -11.5544 5.15
      vertex 8.71146 -11.5886 2.55
      vertex 8.97094 -11.5544 2.55
    endloop
  endfacet
  facet normal 0.216275 -0.976332 0
    outer loop
      vertex 8.97094 -11.5544 2.55
      vertex 9.22645 -11.4978 5.15
      vertex 8.97094 -11.5544 5.15
    endloop
  endfacet
  facet normal 0.216275 -0.976332 0
    outer loop
      vertex 9.22645 -11.4978 5.15
      vertex 8.97094 -11.5544 2.55
      vertex 9.22645 -11.4978 2.55
    endloop
  endfacet
  facet normal 0.300711 -0.953715 0
    outer loop
      vertex 9.22645 -11.4978 2.55
      vertex 9.47605 -11.4191 5.15
      vertex 9.22645 -11.4978 5.15
    endloop
  endfacet
  facet normal 0.300711 -0.953715 0
    outer loop
      vertex 9.47605 -11.4191 5.15
      vertex 9.22645 -11.4978 2.55
      vertex 9.47605 -11.4191 2.55
    endloop
  endfacet
  facet normal 0.382838 -0.923816 0
    outer loop
      vertex 9.47605 -11.4191 2.55
      vertex 9.71784 -11.3189 5.15
      vertex 9.47605 -11.4191 5.15
    endloop
  endfacet
  facet normal 0.382838 -0.923816 0
    outer loop
      vertex 9.71784 -11.3189 5.15
      vertex 9.47605 -11.4191 2.55
      vertex 9.71784 -11.3189 2.55
    endloop
  endfacet
  facet normal 0.461599 -0.887089 0
    outer loop
      vertex 9.71784 -11.3189 2.55
      vertex 9.94999 -11.1981 5.15
      vertex 9.71784 -11.3189 5.15
    endloop
  endfacet
  facet normal 0.461599 -0.887089 0
    outer loop
      vertex 9.94999 -11.1981 5.15
      vertex 9.71784 -11.3189 2.55
      vertex 9.94999 -11.1981 2.55
    endloop
  endfacet
  facet normal 0.53755 -0.843232 0
    outer loop
      vertex 9.94999 -11.1981 2.55
      vertex 10.1707 -11.0574 5.15
      vertex 9.94999 -11.1981 5.15
    endloop
  endfacet
  facet normal 0.53755 -0.843232 0
    outer loop
      vertex 10.1707 -11.0574 5.15
      vertex 9.94999 -11.1981 2.55
      vertex 10.1707 -11.0574 2.55
    endloop
  endfacet
  facet normal 0.608584 -0.79349 0
    outer loop
      vertex 10.1707 -11.0574 2.55
      vertex 10.3784 -10.8981 5.15
      vertex 10.1707 -11.0574 5.15
    endloop
  endfacet
  facet normal 0.608584 -0.79349 0
    outer loop
      vertex 10.3784 -10.8981 5.15
      vertex 10.1707 -11.0574 2.55
      vertex 10.3784 -10.8981 2.55
    endloop
  endfacet
  facet normal 0.675673 -0.737202 0
    outer loop
      vertex 10.3784 -10.8981 2.55
      vertex 10.5713 -10.7213 5.15
      vertex 10.3784 -10.8981 5.15
    endloop
  endfacet
  facet normal 0.675673 -0.737202 0
    outer loop
      vertex 10.5713 -10.7213 5.15
      vertex 10.3784 -10.8981 2.55
      vertex 10.5713 -10.7213 2.55
    endloop
  endfacet
  facet normal 0.737202 -0.675673 0
    outer loop
      vertex 10.5713 -10.7213 5.15
      vertex 10.7481 -10.5284 2.55
      vertex 10.7481 -10.5284 5.15
    endloop
  endfacet
  facet normal 0.737202 -0.675673 0
    outer loop
      vertex 10.7481 -10.5284 2.55
      vertex 10.5713 -10.7213 5.15
      vertex 10.5713 -10.7213 2.55
    endloop
  endfacet
  facet normal 0.79349 -0.608584 0
    outer loop
      vertex 10.7481 -10.5284 5.15
      vertex 10.9074 -10.3207 2.55
      vertex 10.9074 -10.3207 5.15
    endloop
  endfacet
  facet normal 0.79349 -0.608584 0
    outer loop
      vertex 10.9074 -10.3207 2.55
      vertex 10.7481 -10.5284 5.15
      vertex 10.7481 -10.5284 2.55
    endloop
  endfacet
  facet normal 0.843221 -0.537568 0
    outer loop
      vertex 10.9074 -10.3207 5.15
      vertex 11.0481 -10.1 2.55
      vertex 11.0481 -10.1 5.15
    endloop
  endfacet
  facet normal 0.843221 -0.537568 0
    outer loop
      vertex 11.0481 -10.1 2.55
      vertex 10.9074 -10.3207 5.15
      vertex 10.9074 -10.3207 2.55
    endloop
  endfacet
  facet normal 0.887057 -0.461661 0
    outer loop
      vertex 11.05 -10.0963 5.15
      vertex 11.1689 -9.86784 5.25
      vertex 11.05 -10.0963 5.25
    endloop
  endfacet
  facet normal 0.887057 -0.461661 0
    outer loop
      vertex 11.1689 -9.86784 5.25
      vertex 11.05 -10.0963 5.15
      vertex 11.1689 -9.86784 2.55
    endloop
  endfacet
  facet normal 0.889567 -0.456805 0
    outer loop
      vertex 11.0481 -10.1 2.55
      vertex 11.05 -10.0963 5.15
      vertex 11.0481 -10.1 5.15
    endloop
  endfacet
  facet normal 0.887097 -0.461584 8.6062e-06
    outer loop
      vertex 11.05 -10.0963 5.15
      vertex 11.0481 -10.1 2.55
      vertex 11.1689 -9.86784 2.55
    endloop
  endfacet
  facet normal 0.923816 -0.382838 0
    outer loop
      vertex 11.1689 -9.86784 5.25
      vertex 11.2691 -9.62605 2.55
      vertex 11.2691 -9.62605 5.25
    endloop
  endfacet
  facet normal 0.923816 -0.382838 0
    outer loop
      vertex 11.2691 -9.62605 2.55
      vertex 11.1689 -9.86784 5.25
      vertex 11.1689 -9.86784 2.55
    endloop
  endfacet
  facet normal 0.953715 -0.300711 0
    outer loop
      vertex 11.2691 -9.62605 5.25
      vertex 11.3478 -9.37645 2.55
      vertex 11.3478 -9.37645 5.25
    endloop
  endfacet
  facet normal 0.953715 -0.300711 0
    outer loop
      vertex 11.3478 -9.37645 2.55
      vertex 11.2691 -9.62605 5.25
      vertex 11.2691 -9.62605 2.55
    endloop
  endfacet
  facet normal 0.976332 -0.216275 0
    outer loop
      vertex 11.3478 -9.37645 5.25
      vertex 11.4044 -9.12094 2.55
      vertex 11.4044 -9.12094 5.25
    endloop
  endfacet
  facet normal 0.976332 -0.216275 0
    outer loop
      vertex 11.4044 -9.12094 2.55
      vertex 11.3478 -9.37645 5.25
      vertex 11.3478 -9.37645 2.55
    endloop
  endfacet
  facet normal 0.991425 -0.130677 0
    outer loop
      vertex 11.4044 -9.12094 5.25
      vertex 11.4386 -8.86147 2.55
      vertex 11.4386 -8.86147 5.25
    endloop
  endfacet
  facet normal 0.991425 -0.130677 0
    outer loop
      vertex 11.4386 -8.86147 2.55
      vertex 11.4044 -9.12094 5.25
      vertex 11.4044 -9.12094 2.55
    endloop
  endfacet
  facet normal 0.999051 -0.0435566 0
    outer loop
      vertex 11.4386 -8.86147 5.25
      vertex 11.45 -8.59999 2.55
      vertex 11.45 -8.59999 5.25
    endloop
  endfacet
  facet normal 0.999051 -0.0435566 0
    outer loop
      vertex 11.45 -8.59999 2.55
      vertex 11.4386 -8.86147 5.25
      vertex 11.4386 -8.86147 2.55
    endloop
  endfacet
  facet normal 1 -0 0
    outer loop
      vertex 11.45 -8.59999 5.25
      vertex 11.45 8.59999 2.55
      vertex 11.45 8.59999 5.25
    endloop
  endfacet
  facet normal 1 0 0
    outer loop
      vertex 11.45 8.59999 2.55
      vertex 11.45 -8.59999 5.25
      vertex 11.45 -8.59999 2.55
    endloop
  endfacet
  facet normal 0.999051 0.0435566 0
    outer loop
      vertex 11.45 8.59999 5.25
      vertex 11.4386 8.86147 2.55
      vertex 11.4386 8.86147 5.25
    endloop
  endfacet
  facet normal 0.999051 0.0435566 0
    outer loop
      vertex 11.4386 8.86147 2.55
      vertex 11.45 8.59999 5.25
      vertex 11.45 8.59999 2.55
    endloop
  endfacet
  facet normal 0.991425 0.130677 0
    outer loop
      vertex 11.4386 8.86147 5.25
      vertex 11.4044 9.12094 2.55
      vertex 11.4044 9.12094 5.25
    endloop
  endfacet
  facet normal 0.991425 0.130677 0
    outer loop
      vertex 11.4044 9.12094 2.55
      vertex 11.4386 8.86147 5.25
      vertex 11.4386 8.86147 2.55
    endloop
  endfacet
  facet normal 0.976332 0.216275 0
    outer loop
      vertex 11.4044 9.12094 5.25
      vertex 11.3478 9.37645 2.55
      vertex 11.3478 9.37645 5.25
    endloop
  endfacet
  facet normal 0.976332 0.216275 0
    outer loop
      vertex 11.3478 9.37645 2.55
      vertex 11.4044 9.12094 5.25
      vertex 11.4044 9.12094 2.55
    endloop
  endfacet
  facet normal 0.953715 0.300711 0
    outer loop
      vertex 11.3478 9.37645 5.25
      vertex 11.2691 9.62605 2.55
      vertex 11.2691 9.62605 5.25
    endloop
  endfacet
  facet normal 0.953715 0.300711 0
    outer loop
      vertex 11.2691 9.62605 2.55
      vertex 11.3478 9.37645 5.25
      vertex 11.3478 9.37645 2.55
    endloop
  endfacet
  facet normal 0.923816 0.382838 0
    outer loop
      vertex 11.2691 9.62605 5.25
      vertex 11.1689 9.86784 2.55
      vertex 11.1689 9.86784 5.25
    endloop
  endfacet
  facet normal 0.923816 0.382838 0
    outer loop
      vertex 11.1689 9.86784 2.55
      vertex 11.2691 9.62605 5.25
      vertex 11.2691 9.62605 2.55
    endloop
  endfacet
  facet normal 0.887057 0.461661 0
    outer loop
      vertex 11.05 10.0963 5.25
      vertex 11.1689 9.86784 5.25
      vertex 11.05 10.0963 5.15
    endloop
  endfacet
  facet normal 0.889567 0.456805 0
    outer loop
      vertex 11.05 10.0963 5.15
      vertex 11.0481 10.1 2.55
      vertex 11.0481 10.1 5.15
    endloop
  endfacet
  facet normal 0.887057 0.461661 -0
    outer loop
      vertex 11.1689 9.86784 2.55
      vertex 11.05 10.0963 5.15
      vertex 11.1689 9.86784 5.25
    endloop
  endfacet
  facet normal 0.887097 0.461584 8.6062e-06
    outer loop
      vertex 11.05 10.0963 5.15
      vertex 11.1689 9.86784 2.55
      vertex 11.0481 10.1 2.55
    endloop
  endfacet
  facet normal 0.843221 0.537568 0
    outer loop
      vertex 11.0481 10.1 5.15
      vertex 10.9074 10.3207 2.55
      vertex 10.9074 10.3207 5.15
    endloop
  endfacet
  facet normal 0.843221 0.537568 0
    outer loop
      vertex 10.9074 10.3207 2.55
      vertex 11.0481 10.1 5.15
      vertex 11.0481 10.1 2.55
    endloop
  endfacet
  facet normal 0.79349 0.608584 0
    outer loop
      vertex 10.9074 10.3207 5.15
      vertex 10.7481 10.5284 2.55
      vertex 10.7481 10.5284 5.15
    endloop
  endfacet
  facet normal 0.79349 0.608584 0
    outer loop
      vertex 10.7481 10.5284 2.55
      vertex 10.9074 10.3207 5.15
      vertex 10.9074 10.3207 2.55
    endloop
  endfacet
  facet normal 0.737202 0.675673 0
    outer loop
      vertex 10.7481 10.5284 5.15
      vertex 10.5713 10.7213 2.55
      vertex 10.5713 10.7213 5.15
    endloop
  endfacet
  facet normal 0.737202 0.675673 0
    outer loop
      vertex 10.5713 10.7213 2.55
      vertex 10.7481 10.5284 5.15
      vertex 10.7481 10.5284 2.55
    endloop
  endfacet
  facet normal 0.675673 0.737202 -0
    outer loop
      vertex 10.5713 10.7213 2.55
      vertex 10.3784 10.8981 5.15
      vertex 10.5713 10.7213 5.15
    endloop
  endfacet
  facet normal 0.675673 0.737202 0
    outer loop
      vertex 10.3784 10.8981 5.15
      vertex 10.5713 10.7213 2.55
      vertex 10.3784 10.8981 2.55
    endloop
  endfacet
  facet normal 0.608584 0.79349 -0
    outer loop
      vertex 10.3784 10.8981 2.55
      vertex 10.1707 11.0574 5.15
      vertex 10.3784 10.8981 5.15
    endloop
  endfacet
  facet normal 0.608584 0.79349 0
    outer loop
      vertex 10.1707 11.0574 5.15
      vertex 10.3784 10.8981 2.55
      vertex 10.1707 11.0574 2.55
    endloop
  endfacet
  facet normal 0.53755 0.843232 -0
    outer loop
      vertex 10.1707 11.0574 2.55
      vertex 9.94999 11.1981 5.15
      vertex 10.1707 11.0574 5.15
    endloop
  endfacet
  facet normal 0.53755 0.843232 0
    outer loop
      vertex 9.94999 11.1981 5.15
      vertex 10.1707 11.0574 2.55
      vertex 9.94999 11.1981 2.55
    endloop
  endfacet
  facet normal 0.461599 0.887089 -0
    outer loop
      vertex 9.94999 11.1981 2.55
      vertex 9.71784 11.3189 5.15
      vertex 9.94999 11.1981 5.15
    endloop
  endfacet
  facet normal 0.461599 0.887089 0
    outer loop
      vertex 9.71784 11.3189 5.15
      vertex 9.94999 11.1981 2.55
      vertex 9.71784 11.3189 2.55
    endloop
  endfacet
  facet normal 0.382838 0.923816 -0
    outer loop
      vertex 9.71784 11.3189 2.55
      vertex 9.47605 11.4191 5.15
      vertex 9.71784 11.3189 5.15
    endloop
  endfacet
  facet normal 0.382838 0.923816 0
    outer loop
      vertex 9.47605 11.4191 5.15
      vertex 9.71784 11.3189 2.55
      vertex 9.47605 11.4191 2.55
    endloop
  endfacet
  facet normal 0.300711 0.953715 -0
    outer loop
      vertex 9.47605 11.4191 2.55
      vertex 9.22645 11.4978 5.15
      vertex 9.47605 11.4191 5.15
    endloop
  endfacet
  facet normal 0.300711 0.953715 0
    outer loop
      vertex 9.22645 11.4978 5.15
      vertex 9.47605 11.4191 2.55
      vertex 9.22645 11.4978 2.55
    endloop
  endfacet
  facet normal 0.216275 0.976332 -0
    outer loop
      vertex 9.22645 11.4978 2.55
      vertex 8.97094 11.5544 5.15
      vertex 9.22645 11.4978 5.15
    endloop
  endfacet
  facet normal 0.216275 0.976332 0
    outer loop
      vertex 8.97094 11.5544 5.15
      vertex 9.22645 11.4978 2.55
      vertex 8.97094 11.5544 2.55
    endloop
  endfacet
  facet normal 0.130672 0.991426 -0
    outer loop
      vertex 8.97094 11.5544 2.55
      vertex 8.71146 11.5886 5.15
      vertex 8.97094 11.5544 5.15
    endloop
  endfacet
  facet normal 0.130672 0.991426 0
    outer loop
      vertex 8.71146 11.5886 5.15
      vertex 8.97094 11.5544 2.55
      vertex 8.71146 11.5886 2.55
    endloop
  endfacet
  facet normal 0.0435583 0.999051 -0
    outer loop
      vertex 8.71146 11.5886 2.55
      vertex 8.44999 11.6 5.15
      vertex 8.71146 11.5886 5.15
    endloop
  endfacet
  facet normal 0.0435583 0.999051 0
    outer loop
      vertex 8.44999 11.6 5.15
      vertex 8.71146 11.5886 2.55
      vertex 8.44999 11.6 2.55
    endloop
  endfacet
  facet normal 0 1 0
    outer loop
      vertex 8.44999 11.6 5.15
      vertex 8.44999 11.6 2.55
      vertex -12.4983 11.6 5.15
    endloop
  endfacet
  facet normal 0 1 -0
    outer loop
      vertex -12.4983 11.6 5.15
      vertex -13.75 11.6 5.25
      vertex -12.4983 11.6 5.25
    endloop
  endfacet
  facet normal 0 1 0
    outer loop
      vertex -13.75 11.6 2.55
      vertex -12.4983 11.6 5.15
      vertex 8.44999 11.6 2.55
    endloop
  endfacet
  facet normal 0 1 0
    outer loop
      vertex -12.4983 11.6 5.15
      vertex -13.75 11.6 2.55
      vertex -13.75 11.6 5.25
    endloop
  endfacet
  facet normal -0.0435533 0.999051 0
    outer loop
      vertex -13.75 11.6 2.55
      vertex -14.0115 11.5886 5.25
      vertex -13.75 11.6 5.25
    endloop
  endfacet
  facet normal -0.0435533 0.999051 0
    outer loop
      vertex -14.0115 11.5886 5.25
      vertex -13.75 11.6 2.55
      vertex -14.0115 11.5886 2.55
    endloop
  endfacet
  facet normal -0.130712 0.99142 0
    outer loop
      vertex -14.0115 11.5886 2.55
      vertex -14.2709 11.5544 5.25
      vertex -14.0115 11.5886 5.25
    endloop
  endfacet
  facet normal -0.130712 0.99142 0
    outer loop
      vertex -14.2709 11.5544 5.25
      vertex -14.0115 11.5886 2.55
      vertex -14.2709 11.5544 2.55
    endloop
  endfacet
  facet normal -0.216283 0.976331 0
    outer loop
      vertex -14.2709 11.5544 2.55
      vertex -14.5264 11.4978 5.25
      vertex -14.2709 11.5544 5.25
    endloop
  endfacet
  facet normal -0.216283 0.976331 0
    outer loop
      vertex -14.5264 11.4978 5.25
      vertex -14.2709 11.5544 2.55
      vertex -14.5264 11.4978 2.55
    endloop
  endfacet
  facet normal -0.300601 0.95375 0
    outer loop
      vertex -14.5264 11.4978 2.55
      vertex -14.7761 11.4191 5.25
      vertex -14.5264 11.4978 5.25
    endloop
  endfacet
  facet normal -0.300601 0.95375 0
    outer loop
      vertex -14.7761 11.4191 5.25
      vertex -14.5264 11.4978 2.55
      vertex -14.7761 11.4191 2.55
    endloop
  endfacet
  facet normal -0.382959 0.923765 0
    outer loop
      vertex -14.7761 11.4191 2.55
      vertex -15.0178 11.3189 5.25
      vertex -14.7761 11.4191 5.25
    endloop
  endfacet
  facet normal -0.382959 0.923765 0
    outer loop
      vertex -15.0178 11.3189 5.25
      vertex -14.7761 11.4191 2.55
      vertex -15.0178 11.3189 2.55
    endloop
  endfacet
  facet normal -0.461521 0.887129 0
    outer loop
      vertex -15.0178 11.3189 2.55
      vertex -15.25 11.1981 5.25
      vertex -15.0178 11.3189 5.25
    endloop
  endfacet
  facet normal -0.461521 0.887129 0
    outer loop
      vertex -15.25 11.1981 5.25
      vertex -15.0178 11.3189 2.55
      vertex -15.25 11.1981 2.55
    endloop
  endfacet
  facet normal -0.537568 0.843221 0
    outer loop
      vertex -15.25 11.1981 2.55
      vertex -15.4707 11.0574 5.25
      vertex -15.25 11.1981 5.25
    endloop
  endfacet
  facet normal -0.537568 0.843221 0
    outer loop
      vertex -15.4707 11.0574 5.25
      vertex -15.25 11.1981 2.55
      vertex -15.4707 11.0574 2.55
    endloop
  endfacet
  facet normal -0.608584 0.79349 0
    outer loop
      vertex -15.4707 11.0574 2.55
      vertex -15.6784 10.8981 5.25
      vertex -15.4707 11.0574 5.25
    endloop
  endfacet
  facet normal -0.608584 0.79349 0
    outer loop
      vertex -15.6784 10.8981 5.25
      vertex -15.4707 11.0574 2.55
      vertex -15.6784 10.8981 2.55
    endloop
  endfacet
  facet normal -0.675673 0.737202 0
    outer loop
      vertex -15.6784 10.8981 2.55
      vertex -15.8713 10.7213 5.25
      vertex -15.6784 10.8981 5.25
    endloop
  endfacet
  facet normal -0.675673 0.737202 0
    outer loop
      vertex -15.8713 10.7213 5.25
      vertex -15.6784 10.8981 2.55
      vertex -15.8713 10.7213 2.55
    endloop
  endfacet
  facet normal -0.737202 0.675673 0
    outer loop
      vertex -16.0481 10.5284 2.55
      vertex -15.8713 10.7213 5.25
      vertex -15.8713 10.7213 2.55
    endloop
  endfacet
  facet normal -0.737202 0.675673 0
    outer loop
      vertex -15.8713 10.7213 5.25
      vertex -16.0481 10.5284 2.55
      vertex -16.0481 10.5284 5.25
    endloop
  endfacet
  facet normal -0.79349 0.608584 0
    outer loop
      vertex -16.2074 10.3207 2.55
      vertex -16.0481 10.5284 5.25
      vertex -16.0481 10.5284 2.55
    endloop
  endfacet
  facet normal -0.79349 0.608584 0
    outer loop
      vertex -16.0481 10.5284 5.25
      vertex -16.2074 10.3207 2.55
      vertex -16.2074 10.3207 5.25
    endloop
  endfacet
  facet normal -0.843221 0.537568 0
    outer loop
      vertex -16.3481 10.1 2.55
      vertex -16.2074 10.3207 5.25
      vertex -16.2074 10.3207 2.55
    endloop
  endfacet
  facet normal -0.843221 0.537568 0
    outer loop
      vertex -16.2074 10.3207 5.25
      vertex -16.3481 10.1 2.55
      vertex -16.3481 10.1 5.25
    endloop
  endfacet
  facet normal -0.887097 0.461584 0
    outer loop
      vertex -16.4689 9.86784 2.55
      vertex -16.3481 10.1 5.25
      vertex -16.3481 10.1 2.55
    endloop
  endfacet
  facet normal -0.887097 0.461584 0
    outer loop
      vertex -16.3481 10.1 5.25
      vertex -16.4689 9.86784 2.55
      vertex -16.4689 9.86784 5.25
    endloop
  endfacet
  facet normal -0.923816 0.382838 0
    outer loop
      vertex -16.5691 9.62605 2.55
      vertex -16.4689 9.86784 5.25
      vertex -16.4689 9.86784 2.55
    endloop
  endfacet
  facet normal -0.923816 0.382838 0
    outer loop
      vertex -16.4689 9.86784 5.25
      vertex -16.5691 9.62605 2.55
      vertex -16.5691 9.62605 5.25
    endloop
  endfacet
  facet normal -0.953715 0.300711 0
    outer loop
      vertex -16.6478 9.37645 2.55
      vertex -16.5691 9.62605 5.25
      vertex -16.5691 9.62605 2.55
    endloop
  endfacet
  facet normal -0.953715 0.300711 0
    outer loop
      vertex -16.5691 9.62605 5.25
      vertex -16.6478 9.37645 2.55
      vertex -16.6478 9.37645 5.25
    endloop
  endfacet
  facet normal -0.976332 0.216275 0
    outer loop
      vertex -16.7044 9.12094 2.55
      vertex -16.6478 9.37645 5.25
      vertex -16.6478 9.37645 2.55
    endloop
  endfacet
  facet normal -0.976332 0.216275 0
    outer loop
      vertex -16.6478 9.37645 5.25
      vertex -16.7044 9.12094 2.55
      vertex -16.7044 9.12094 5.25
    endloop
  endfacet
  facet normal -0.991425 0.130677 0
    outer loop
      vertex -16.7386 8.86147 2.55
      vertex -16.7044 9.12094 5.25
      vertex -16.7044 9.12094 2.55
    endloop
  endfacet
  facet normal -0.991425 0.130677 0
    outer loop
      vertex -16.7044 9.12094 5.25
      vertex -16.7386 8.86147 2.55
      vertex -16.7386 8.86147 5.25
    endloop
  endfacet
  facet normal -0.999051 0.0435566 0
    outer loop
      vertex -16.75 8.59999 2.55
      vertex -16.7386 8.86147 5.25
      vertex -16.7386 8.86147 2.55
    endloop
  endfacet
  facet normal -0.999051 0.0435566 0
    outer loop
      vertex -16.7386 8.86147 5.25
      vertex -16.75 8.59999 2.55
      vertex -16.75 8.59999 5.25
    endloop
  endfacet
  facet normal -1 0 0
    outer loop
      vertex -16.75 8.59999 2.55
      vertex -16.75 8.51293 5.15
      vertex -16.75 8.59999 5.25
    endloop
  endfacet
  facet normal -1 0 0
    outer loop
      vertex -16.75 8.59999 2.55
      vertex -16.75 -8.51293 5.15
      vertex -16.75 8.51293 5.15
    endloop
  endfacet
  facet normal -1 0 0
    outer loop
      vertex -16.75 -8.59999 2.55
      vertex -16.75 -8.51293 5.15
      vertex -16.75 8.59999 2.55
    endloop
  endfacet
  facet normal -1 0 0
    outer loop
      vertex -16.75 -8.59999 5.25
      vertex -16.75 -8.51293 5.15
      vertex -16.75 -8.59999 2.55
    endloop
  endfacet
  facet normal -1 0 0
    outer loop
      vertex -16.75 -8.51293 5.15
      vertex -16.75 -8.59999 5.25
      vertex -16.75 -8.51293 5.25
    endloop
  endfacet
  facet normal -1 -0 0
    outer loop
      vertex -16.75 8.59999 5.25
      vertex -16.75 8.51293 5.15
      vertex -16.75 8.51293 5.25
    endloop
  endfacet
  facet normal -0.999051 -0.0435566 0
    outer loop
      vertex -16.7386 -8.86147 2.55
      vertex -16.75 -8.59999 5.25
      vertex -16.75 -8.59999 2.55
    endloop
  endfacet
  facet normal -0.999051 -0.0435566 0
    outer loop
      vertex -16.75 -8.59999 5.25
      vertex -16.7386 -8.86147 2.55
      vertex -16.7386 -8.86147 5.25
    endloop
  endfacet
  facet normal -0.991425 -0.130677 0
    outer loop
      vertex -16.7044 -9.12094 2.55
      vertex -16.7386 -8.86147 5.25
      vertex -16.7386 -8.86147 2.55
    endloop
  endfacet
  facet normal -0.991425 -0.130677 0
    outer loop
      vertex -16.7386 -8.86147 5.25
      vertex -16.7044 -9.12094 2.55
      vertex -16.7044 -9.12094 5.25
    endloop
  endfacet
  facet normal -0.976332 -0.216275 0
    outer loop
      vertex -16.6478 -9.37645 2.55
      vertex -16.7044 -9.12094 5.25
      vertex -16.7044 -9.12094 2.55
    endloop
  endfacet
  facet normal -0.976332 -0.216275 0
    outer loop
      vertex -16.7044 -9.12094 5.25
      vertex -16.6478 -9.37645 2.55
      vertex -16.6478 -9.37645 5.25
    endloop
  endfacet
  facet normal -0.953715 -0.300711 0
    outer loop
      vertex -16.5691 -9.62605 2.55
      vertex -16.6478 -9.37645 5.25
      vertex -16.6478 -9.37645 2.55
    endloop
  endfacet
  facet normal -0.953715 -0.300711 0
    outer loop
      vertex -16.6478 -9.37645 5.25
      vertex -16.5691 -9.62605 2.55
      vertex -16.5691 -9.62605 5.25
    endloop
  endfacet
  facet normal -0.923816 -0.382838 0
    outer loop
      vertex -16.4689 -9.86784 2.55
      vertex -16.5691 -9.62605 5.25
      vertex -16.5691 -9.62605 2.55
    endloop
  endfacet
  facet normal -0.923816 -0.382838 0
    outer loop
      vertex -16.5691 -9.62605 5.25
      vertex -16.4689 -9.86784 2.55
      vertex -16.4689 -9.86784 5.25
    endloop
  endfacet
  facet normal -0.887097 -0.461584 0
    outer loop
      vertex -16.3481 -10.1 2.55
      vertex -16.4689 -9.86784 5.25
      vertex -16.4689 -9.86784 2.55
    endloop
  endfacet
  facet normal -0.887097 -0.461584 0
    outer loop
      vertex -16.4689 -9.86784 5.25
      vertex -16.3481 -10.1 2.55
      vertex -16.3481 -10.1 5.25
    endloop
  endfacet
  facet normal -0.843221 -0.537568 0
    outer loop
      vertex -16.2074 -10.3207 2.55
      vertex -16.3481 -10.1 5.25
      vertex -16.3481 -10.1 2.55
    endloop
  endfacet
  facet normal -0.843221 -0.537568 0
    outer loop
      vertex -16.3481 -10.1 5.25
      vertex -16.2074 -10.3207 2.55
      vertex -16.2074 -10.3207 5.25
    endloop
  endfacet
  facet normal -0.79349 -0.608584 0
    outer loop
      vertex -16.0481 -10.5284 2.55
      vertex -16.2074 -10.3207 5.25
      vertex -16.2074 -10.3207 2.55
    endloop
  endfacet
  facet normal -0.79349 -0.608584 0
    outer loop
      vertex -16.2074 -10.3207 5.25
      vertex -16.0481 -10.5284 2.55
      vertex -16.0481 -10.5284 5.25
    endloop
  endfacet
  facet normal -0.737202 -0.675673 0
    outer loop
      vertex -15.8713 -10.7213 2.55
      vertex -16.0481 -10.5284 5.25
      vertex -16.0481 -10.5284 2.55
    endloop
  endfacet
  facet normal -0.737202 -0.675673 0
    outer loop
      vertex -16.0481 -10.5284 5.25
      vertex -15.8713 -10.7213 2.55
      vertex -15.8713 -10.7213 5.25
    endloop
  endfacet
  facet normal -0.675673 -0.737202 0
    outer loop
      vertex -15.8713 -10.7213 2.55
      vertex -15.6784 -10.8981 5.25
      vertex -15.8713 -10.7213 5.25
    endloop
  endfacet
  facet normal -0.675673 -0.737202 -0
    outer loop
      vertex -15.6784 -10.8981 5.25
      vertex -15.8713 -10.7213 2.55
      vertex -15.6784 -10.8981 2.55
    endloop
  endfacet
  facet normal -0.608584 -0.79349 0
    outer loop
      vertex -15.6784 -10.8981 2.55
      vertex -15.4707 -11.0574 5.25
      vertex -15.6784 -10.8981 5.25
    endloop
  endfacet
  facet normal -0.608584 -0.79349 -0
    outer loop
      vertex -15.4707 -11.0574 5.25
      vertex -15.6784 -10.8981 2.55
      vertex -15.4707 -11.0574 2.55
    endloop
  endfacet
  facet normal -0.537568 -0.843221 0
    outer loop
      vertex -15.4707 -11.0574 2.55
      vertex -15.25 -11.1981 5.25
      vertex -15.4707 -11.0574 5.25
    endloop
  endfacet
  facet normal -0.537568 -0.843221 -0
    outer loop
      vertex -15.25 -11.1981 5.25
      vertex -15.4707 -11.0574 2.55
      vertex -15.25 -11.1981 2.55
    endloop
  endfacet
  facet normal -0.461521 -0.887129 0
    outer loop
      vertex -15.25 -11.1981 2.55
      vertex -15.0178 -11.3189 5.25
      vertex -15.25 -11.1981 5.25
    endloop
  endfacet
  facet normal -0.461521 -0.887129 -0
    outer loop
      vertex -15.0178 -11.3189 5.25
      vertex -15.25 -11.1981 2.55
      vertex -15.0178 -11.3189 2.55
    endloop
  endfacet
  facet normal -0.382959 -0.923765 0
    outer loop
      vertex -15.0178 -11.3189 2.55
      vertex -14.7761 -11.4191 5.25
      vertex -15.0178 -11.3189 5.25
    endloop
  endfacet
  facet normal -0.382959 -0.923765 -0
    outer loop
      vertex -14.7761 -11.4191 5.25
      vertex -15.0178 -11.3189 2.55
      vertex -14.7761 -11.4191 2.55
    endloop
  endfacet
  facet normal -0.300601 -0.95375 0
    outer loop
      vertex -14.7761 -11.4191 2.55
      vertex -14.5264 -11.4978 5.25
      vertex -14.7761 -11.4191 5.25
    endloop
  endfacet
  facet normal -0.300601 -0.95375 -0
    outer loop
      vertex -14.5264 -11.4978 5.25
      vertex -14.7761 -11.4191 2.55
      vertex -14.5264 -11.4978 2.55
    endloop
  endfacet
  facet normal -0.216283 -0.976331 0
    outer loop
      vertex -14.5264 -11.4978 2.55
      vertex -14.2709 -11.5544 5.25
      vertex -14.5264 -11.4978 5.25
    endloop
  endfacet
  facet normal -0.216283 -0.976331 -0
    outer loop
      vertex -14.2709 -11.5544 5.25
      vertex -14.5264 -11.4978 2.55
      vertex -14.2709 -11.5544 2.55
    endloop
  endfacet
  facet normal -0.130712 -0.99142 0
    outer loop
      vertex -14.2709 -11.5544 2.55
      vertex -14.0115 -11.5886 5.25
      vertex -14.2709 -11.5544 5.25
    endloop
  endfacet
  facet normal -0.130712 -0.99142 -0
    outer loop
      vertex -14.0115 -11.5886 5.25
      vertex -14.2709 -11.5544 2.55
      vertex -14.0115 -11.5886 2.55
    endloop
  endfacet
  facet normal -0.0435533 -0.999051 0
    outer loop
      vertex -14.0115 -11.5886 2.55
      vertex -13.75 -11.6 5.25
      vertex -14.0115 -11.5886 5.25
    endloop
  endfacet
  facet normal -0.0435533 -0.999051 -0
    outer loop
      vertex -13.75 -11.6 5.25
      vertex -14.0115 -11.5886 2.55
      vertex -13.75 -11.6 2.55
    endloop
  endfacet
  facet normal 0 -1 0
    outer loop
      vertex -13.75 -11.6 5.25
      vertex -12.4983 -11.6 5.15
      vertex -12.4983 -11.6 5.25
    endloop
  endfacet
  facet normal 0 -1 0
    outer loop
      vertex -13.75 -11.6 2.55
      vertex -12.4983 -11.6 5.15
      vertex -13.75 -11.6 5.25
    endloop
  endfacet
  facet normal 0 -1 0
    outer loop
      vertex 8.44999 -11.6 2.55
      vertex -12.4983 -11.6 5.15
      vertex -13.75 -11.6 2.55
    endloop
  endfacet
  facet normal 0 -1 0
    outer loop
      vertex -12.4983 -11.6 5.15
      vertex 8.44999 -11.6 2.55
      vertex 8.44999 -11.6 5.15
    endloop
  endfacet
  facet normal 0.0435583 -0.999051 0
    outer loop
      vertex 8.44999 -11.6 2.55
      vertex 8.71146 -11.5886 5.15
      vertex 8.44999 -11.6 5.15
    endloop
  endfacet
  facet normal 0.0435583 -0.999051 0
    outer loop
      vertex 8.71146 -11.5886 5.15
      vertex 8.44999 -11.6 2.55
      vertex 8.71146 -11.5886 2.55
    endloop
  endfacet
  facet normal 0.0435914 0.999049 -0
    outer loop
      vertex -11.55 -9.39999 2.55
      vertex -11.8115 -9.38858 5.15
      vertex -11.55 -9.39999 5.15
    endloop
  endfacet
  facet normal 0.0435914 0.999049 0
    outer loop
      vertex -11.8115 -9.38858 5.15
      vertex -11.55 -9.39999 2.55
      vertex -11.8115 -9.38858 2.55
    endloop
  endfacet
  facet normal 0.130561 0.99144 -0
    outer loop
      vertex -11.8115 -9.38858 2.55
      vertex -12.0709 -9.35442 5.15
      vertex -11.8115 -9.38858 5.15
    endloop
  endfacet
  facet normal 0.130561 0.99144 0
    outer loop
      vertex -12.0709 -9.35442 5.15
      vertex -11.8115 -9.38858 2.55
      vertex -12.0709 -9.35442 2.55
    endloop
  endfacet
  facet normal 0.216348 0.976316 -0
    outer loop
      vertex -12.0709 -9.35442 2.55
      vertex -12.3265 -9.29778 5.15
      vertex -12.0709 -9.35442 5.15
    endloop
  endfacet
  facet normal 0.216348 0.976316 0
    outer loop
      vertex -12.3265 -9.29778 5.15
      vertex -12.0709 -9.35442 2.55
      vertex -12.3265 -9.29778 2.55
    endloop
  endfacet
  facet normal 0.300745 0.953704 -0
    outer loop
      vertex -12.3265 -9.29778 2.55
      vertex -12.5761 -9.21907 5.15
      vertex -12.3265 -9.29778 5.15
    endloop
  endfacet
  facet normal 0.300745 0.953704 0
    outer loop
      vertex -12.5761 -9.21907 5.15
      vertex -12.3265 -9.29778 2.55
      vertex -12.5761 -9.21907 2.55
    endloop
  endfacet
  facet normal 0.382829 0.923819 -0
    outer loop
      vertex -12.5761 -9.21907 2.55
      vertex -12.8178 -9.11891 5.15
      vertex -12.5761 -9.21907 5.15
    endloop
  endfacet
  facet normal 0.382829 0.923819 0
    outer loop
      vertex -12.8178 -9.11891 5.15
      vertex -12.5761 -9.21907 2.55
      vertex -12.8178 -9.11891 2.55
    endloop
  endfacet
  facet normal 0.461611 0.887082 -0
    outer loop
      vertex -12.8178 -9.11891 2.55
      vertex -13.05 -8.99808 5.15
      vertex -12.8178 -9.11891 5.15
    endloop
  endfacet
  facet normal 0.461611 0.887082 0
    outer loop
      vertex -13.05 -8.99808 5.15
      vertex -12.8178 -9.11891 2.55
      vertex -13.05 -8.99808 2.55
    endloop
  endfacet
  facet normal 0.537377 0.843342 -0
    outer loop
      vertex -13.05 -8.99808 2.55
      vertex -13.2707 -8.85745 5.15
      vertex -13.05 -8.99808 5.15
    endloop
  endfacet
  facet normal 0.537377 0.843342 0
    outer loop
      vertex -13.2707 -8.85745 5.15
      vertex -13.05 -8.99808 2.55
      vertex -13.2707 -8.85745 2.55
    endloop
  endfacet
  facet normal 0.608656 0.793434 -0
    outer loop
      vertex -13.2707 -8.85745 2.55
      vertex -13.4784 -8.69812 5.15
      vertex -13.2707 -8.85745 5.15
    endloop
  endfacet
  facet normal 0.608656 0.793434 0
    outer loop
      vertex -13.4784 -8.69812 5.15
      vertex -13.2707 -8.85745 2.55
      vertex -13.4784 -8.69812 2.55
    endloop
  endfacet
  facet normal 0.675673 0.737202 -0
    outer loop
      vertex -13.4784 -8.69812 2.55
      vertex -13.6713 -8.52132 5.15
      vertex -13.4784 -8.69812 5.15
    endloop
  endfacet
  facet normal 0.675673 0.737202 0
    outer loop
      vertex -13.6713 -8.52132 5.15
      vertex -13.4784 -8.69812 2.55
      vertex -13.6713 -8.52132 2.55
    endloop
  endfacet
  facet normal 0.737324 0.675539 0
    outer loop
      vertex -13.6713 -8.52132 5.15
      vertex -13.8481 -8.32835 2.55
      vertex -13.8481 -8.32835 5.15
    endloop
  endfacet
  facet normal 0.737324 0.675539 0
    outer loop
      vertex -13.8481 -8.32835 2.55
      vertex -13.6713 -8.52132 5.15
      vertex -13.6713 -8.52132 2.55
    endloop
  endfacet
  facet normal 0.793192 0.608972 0
    outer loop
      vertex -13.8481 -8.32835 5.15
      vertex -14.0075 -8.12073 2.55
      vertex -14.0075 -8.12073 5.15
    endloop
  endfacet
  facet normal 0.793192 0.608972 0
    outer loop
      vertex -14.0075 -8.12073 2.55
      vertex -13.8481 -8.32835 5.15
      vertex -13.8481 -8.32835 2.55
    endloop
  endfacet
  facet normal 0.843438 0.537227 0
    outer loop
      vertex -14.0075 -8.12073 5.15
      vertex -14.1481 -7.89999 2.55
      vertex -14.1481 -7.89999 5.15
    endloop
  endfacet
  facet normal 0.843438 0.537227 0
    outer loop
      vertex -14.1481 -7.89999 2.55
      vertex -14.0075 -8.12073 5.15
      vertex -14.0075 -8.12073 2.55
    endloop
  endfacet
  facet normal 0.88708 0.461615 0
    outer loop
      vertex -14.1481 -7.89999 5.15
      vertex -14.2689 -7.66785 2.55
      vertex -14.2689 -7.66785 5.15
    endloop
  endfacet
  facet normal 0.88708 0.461615 0
    outer loop
      vertex -14.2689 -7.66785 2.55
      vertex -14.1481 -7.89999 5.15
      vertex -14.1481 -7.89999 2.55
    endloop
  endfacet
  facet normal 0.923816 0.382838 0
    outer loop
      vertex -14.2689 -7.66785 5.15
      vertex -14.3691 -7.42606 2.55
      vertex -14.3691 -7.42606 5.15
    endloop
  endfacet
  facet normal 0.923816 0.382838 0
    outer loop
      vertex -14.3691 -7.42606 2.55
      vertex -14.2689 -7.66785 5.15
      vertex -14.2689 -7.66785 2.55
    endloop
  endfacet
  facet normal 0.953719 0.3007 0
    outer loop
      vertex -14.3691 -7.42606 5.15
      vertex -14.4478 -7.17645 2.55
      vertex -14.4478 -7.17645 5.15
    endloop
  endfacet
  facet normal 0.953719 0.3007 0
    outer loop
      vertex -14.4478 -7.17645 2.55
      vertex -14.3691 -7.42606 5.15
      vertex -14.3691 -7.42606 2.55
    endloop
  endfacet
  facet normal 0.976332 0.216275 0
    outer loop
      vertex -14.4478 -7.17645 5.15
      vertex -14.5044 -6.92094 2.55
      vertex -14.5044 -6.92094 5.15
    endloop
  endfacet
  facet normal 0.976332 0.216275 0
    outer loop
      vertex -14.5044 -6.92094 2.55
      vertex -14.4478 -7.17645 5.15
      vertex -14.4478 -7.17645 2.55
    endloop
  endfacet
  facet normal 0.991425 0.130677 0
    outer loop
      vertex -14.5044 -6.92094 5.15
      vertex -14.5386 -6.66147 2.55
      vertex -14.5386 -6.66147 5.15
    endloop
  endfacet
  facet normal 0.991425 0.130677 0
    outer loop
      vertex -14.5386 -6.66147 2.55
      vertex -14.5044 -6.92094 5.15
      vertex -14.5044 -6.92094 2.55
    endloop
  endfacet
  facet normal 0.999051 0.0435566 0
    outer loop
      vertex -14.5386 -6.66147 5.15
      vertex -14.55 -6.39999 2.55
      vertex -14.55 -6.39999 5.15
    endloop
  endfacet
  facet normal 0.999051 0.0435566 0
    outer loop
      vertex -14.55 -6.39999 2.55
      vertex -14.5386 -6.66147 5.15
      vertex -14.5386 -6.66147 2.55
    endloop
  endfacet
  facet normal 1 -0 0
    outer loop
      vertex -14.55 -6.39999 5.15
      vertex -14.55 6.39999 2.55
      vertex -14.55 6.39999 5.15
    endloop
  endfacet
  facet normal 1 0 0
    outer loop
      vertex -14.55 6.39999 2.55
      vertex -14.55 -6.39999 5.15
      vertex -14.55 -6.39999 2.55
    endloop
  endfacet
  facet normal 0.999051 -0.0435566 0
    outer loop
      vertex -14.55 6.39999 5.15
      vertex -14.5386 6.66147 2.55
      vertex -14.5386 6.66147 5.15
    endloop
  endfacet
  facet normal 0.999051 -0.0435566 0
    outer loop
      vertex -14.5386 6.66147 2.55
      vertex -14.55 6.39999 5.15
      vertex -14.55 6.39999 2.55
    endloop
  endfacet
  facet normal 0.991425 -0.130677 0
    outer loop
      vertex -14.5386 6.66147 5.15
      vertex -14.5044 6.92094 2.55
      vertex -14.5044 6.92094 5.15
    endloop
  endfacet
  facet normal 0.991425 -0.130677 0
    outer loop
      vertex -14.5044 6.92094 2.55
      vertex -14.5386 6.66147 5.15
      vertex -14.5386 6.66147 2.55
    endloop
  endfacet
  facet normal 0.976332 -0.216275 0
    outer loop
      vertex -14.5044 6.92094 5.15
      vertex -14.4478 7.17645 2.55
      vertex -14.4478 7.17645 5.15
    endloop
  endfacet
  facet normal 0.976332 -0.216275 0
    outer loop
      vertex -14.4478 7.17645 2.55
      vertex -14.5044 6.92094 5.15
      vertex -14.5044 6.92094 2.55
    endloop
  endfacet
  facet normal 0.953719 -0.3007 0
    outer loop
      vertex -14.4478 7.17645 5.15
      vertex -14.3691 7.42606 2.55
      vertex -14.3691 7.42606 5.15
    endloop
  endfacet
  facet normal 0.953719 -0.3007 0
    outer loop
      vertex -14.3691 7.42606 2.55
      vertex -14.4478 7.17645 5.15
      vertex -14.4478 7.17645 2.55
    endloop
  endfacet
  facet normal 0.923816 -0.382838 0
    outer loop
      vertex -14.3691 7.42606 5.15
      vertex -14.2689 7.66785 2.55
      vertex -14.2689 7.66785 5.15
    endloop
  endfacet
  facet normal 0.923816 -0.382838 0
    outer loop
      vertex -14.2689 7.66785 2.55
      vertex -14.3691 7.42606 5.15
      vertex -14.3691 7.42606 2.55
    endloop
  endfacet
  facet normal 0.88708 -0.461615 0
    outer loop
      vertex -14.2689 7.66785 5.15
      vertex -14.1481 7.89999 2.55
      vertex -14.1481 7.89999 5.15
    endloop
  endfacet
  facet normal 0.88708 -0.461615 0
    outer loop
      vertex -14.1481 7.89999 2.55
      vertex -14.2689 7.66785 5.15
      vertex -14.2689 7.66785 2.55
    endloop
  endfacet
  facet normal 0.843438 -0.537227 0
    outer loop
      vertex -14.1481 7.89999 5.15
      vertex -14.0075 8.12073 2.55
      vertex -14.0075 8.12073 5.15
    endloop
  endfacet
  facet normal 0.843438 -0.537227 0
    outer loop
      vertex -14.0075 8.12073 2.55
      vertex -14.1481 7.89999 5.15
      vertex -14.1481 7.89999 2.55
    endloop
  endfacet
  facet normal 0.793192 -0.608972 0
    outer loop
      vertex -14.0075 8.12073 5.15
      vertex -13.8481 8.32835 2.55
      vertex -13.8481 8.32835 5.15
    endloop
  endfacet
  facet normal 0.793192 -0.608972 0
    outer loop
      vertex -13.8481 8.32835 2.55
      vertex -14.0075 8.12073 5.15
      vertex -14.0075 8.12073 2.55
    endloop
  endfacet
  facet normal 0.737324 -0.675539 0
    outer loop
      vertex -13.8481 8.32835 5.15
      vertex -13.6713 8.52132 2.55
      vertex -13.6713 8.52132 5.15
    endloop
  endfacet
  facet normal 0.737324 -0.675539 0
    outer loop
      vertex -13.6713 8.52132 2.55
      vertex -13.8481 8.32835 5.15
      vertex -13.8481 8.32835 2.55
    endloop
  endfacet
  facet normal 0.675673 -0.737202 0
    outer loop
      vertex -13.6713 8.52132 2.55
      vertex -13.4784 8.69812 5.15
      vertex -13.6713 8.52132 5.15
    endloop
  endfacet
  facet normal 0.675673 -0.737202 0
    outer loop
      vertex -13.4784 8.69812 5.15
      vertex -13.6713 8.52132 2.55
      vertex -13.4784 8.69812 2.55
    endloop
  endfacet
  facet normal 0.608656 -0.793434 0
    outer loop
      vertex -13.4784 8.69812 2.55
      vertex -13.2707 8.85745 5.15
      vertex -13.4784 8.69812 5.15
    endloop
  endfacet
  facet normal 0.608656 -0.793434 0
    outer loop
      vertex -13.2707 8.85745 5.15
      vertex -13.4784 8.69812 2.55
      vertex -13.2707 8.85745 2.55
    endloop
  endfacet
  facet normal 0.537377 -0.843342 0
    outer loop
      vertex -13.2707 8.85745 2.55
      vertex -13.05 8.99808 5.15
      vertex -13.2707 8.85745 5.15
    endloop
  endfacet
  facet normal 0.537377 -0.843342 0
    outer loop
      vertex -13.05 8.99808 5.15
      vertex -13.2707 8.85745 2.55
      vertex -13.05 8.99808 2.55
    endloop
  endfacet
  facet normal 0.461611 -0.887082 0
    outer loop
      vertex -13.05 8.99808 2.55
      vertex -12.8178 9.11891 5.15
      vertex -13.05 8.99808 5.15
    endloop
  endfacet
  facet normal 0.461611 -0.887082 0
    outer loop
      vertex -12.8178 9.11891 5.15
      vertex -13.05 8.99808 2.55
      vertex -12.8178 9.11891 2.55
    endloop
  endfacet
  facet normal 0.382829 -0.923819 0
    outer loop
      vertex -12.8178 9.11891 2.55
      vertex -12.5761 9.21907 5.15
      vertex -12.8178 9.11891 5.15
    endloop
  endfacet
  facet normal 0.382829 -0.923819 0
    outer loop
      vertex -12.5761 9.21907 5.15
      vertex -12.8178 9.11891 2.55
      vertex -12.5761 9.21907 2.55
    endloop
  endfacet
  facet normal 0.300745 -0.953704 0
    outer loop
      vertex -12.5761 9.21907 2.55
      vertex -12.3265 9.29778 5.15
      vertex -12.5761 9.21907 5.15
    endloop
  endfacet
  facet normal 0.300745 -0.953704 0
    outer loop
      vertex -12.3265 9.29778 5.15
      vertex -12.5761 9.21907 2.55
      vertex -12.3265 9.29778 2.55
    endloop
  endfacet
  facet normal 0.216348 -0.976316 0
    outer loop
      vertex -12.3265 9.29778 2.55
      vertex -12.0709 9.35442 5.15
      vertex -12.3265 9.29778 5.15
    endloop
  endfacet
  facet normal 0.216348 -0.976316 0
    outer loop
      vertex -12.0709 9.35442 5.15
      vertex -12.3265 9.29778 2.55
      vertex -12.0709 9.35442 2.55
    endloop
  endfacet
  facet normal 0.130561 -0.99144 0
    outer loop
      vertex -12.0709 9.35442 2.55
      vertex -11.8115 9.38858 5.15
      vertex -12.0709 9.35442 5.15
    endloop
  endfacet
  facet normal 0.130561 -0.99144 0
    outer loop
      vertex -11.8115 9.38858 5.15
      vertex -12.0709 9.35442 2.55
      vertex -11.8115 9.38858 2.55
    endloop
  endfacet
  facet normal 0.0435914 -0.999049 0
    outer loop
      vertex -11.8115 9.38858 2.55
      vertex -11.55 9.39999 5.15
      vertex -11.8115 9.38858 5.15
    endloop
  endfacet
  facet normal 0.0435914 -0.999049 0
    outer loop
      vertex -11.55 9.39999 5.15
      vertex -11.8115 9.38858 2.55
      vertex -11.55 9.39999 2.55
    endloop
  endfacet
  facet normal 0 -1 0
    outer loop
      vertex -11.55 9.39999 2.55
      vertex 6.24999 9.39999 5.15
      vertex -11.55 9.39999 5.15
    endloop
  endfacet
  facet normal 0 -1 -0
    outer loop
      vertex 6.24999 9.39999 5.15
      vertex -11.55 9.39999 2.55
      vertex 6.24999 9.39999 2.55
    endloop
  endfacet
  facet normal -0.0435947 -0.999049 0
    outer loop
      vertex 6.24999 9.39999 2.55
      vertex 6.51147 9.38858 5.15
      vertex 6.24999 9.39999 5.15
    endloop
  endfacet
  facet normal -0.0435947 -0.999049 -0
    outer loop
      vertex 6.51147 9.38858 5.15
      vertex 6.24999 9.39999 2.55
      vertex 6.51147 9.38858 2.55
    endloop
  endfacet
  facet normal -0.130527 -0.991445 0
    outer loop
      vertex 6.51147 9.38858 2.55
      vertex 6.77094 9.35442 5.15
      vertex 6.51147 9.38858 5.15
    endloop
  endfacet
  facet normal -0.130527 -0.991445 -0
    outer loop
      vertex 6.77094 9.35442 5.15
      vertex 6.51147 9.38858 2.55
      vertex 6.77094 9.35442 2.55
    endloop
  endfacet
  facet normal -0.216421 -0.9763 0
    outer loop
      vertex 6.77094 9.35442 2.55
      vertex 7.02645 9.29778 5.15
      vertex 6.77094 9.35442 5.15
    endloop
  endfacet
  facet normal -0.216421 -0.9763 -0
    outer loop
      vertex 7.02645 9.29778 5.15
      vertex 6.77094 9.35442 2.55
      vertex 7.02645 9.29778 2.55
    endloop
  endfacet
  facet normal -0.300735 -0.953708 0
    outer loop
      vertex 7.02645 9.29778 2.55
      vertex 7.27606 9.21907 5.15
      vertex 7.02645 9.29778 5.15
    endloop
  endfacet
  facet normal -0.300735 -0.953708 -0
    outer loop
      vertex 7.27606 9.21907 5.15
      vertex 7.02645 9.29778 2.55
      vertex 7.27606 9.21907 2.55
    endloop
  endfacet
  facet normal -0.382707 -0.92387 0
    outer loop
      vertex 7.27606 9.21907 2.55
      vertex 7.51785 9.11891 5.15
      vertex 7.27606 9.21907 5.15
    endloop
  endfacet
  facet normal -0.382707 -0.92387 -0
    outer loop
      vertex 7.51785 9.11891 5.15
      vertex 7.27606 9.21907 2.55
      vertex 7.51785 9.11891 2.55
    endloop
  endfacet
  facet normal -0.461705 -0.887033 0
    outer loop
      vertex 7.51785 9.11891 2.55
      vertex 7.74999 8.99808 5.15
      vertex 7.51785 9.11891 5.15
    endloop
  endfacet
  facet normal -0.461705 -0.887033 -0
    outer loop
      vertex 7.74999 8.99808 5.15
      vertex 7.51785 9.11891 2.55
      vertex 7.74999 8.99808 2.55
    endloop
  endfacet
  facet normal -0.537308 -0.843386 0
    outer loop
      vertex 7.74999 8.99808 2.55
      vertex 7.97073 8.85745 5.15
      vertex 7.74999 8.99808 5.15
    endloop
  endfacet
  facet normal -0.537308 -0.843386 -0
    outer loop
      vertex 7.97073 8.85745 5.15
      vertex 7.74999 8.99808 2.55
      vertex 7.97073 8.85745 2.55
    endloop
  endfacet
  facet normal -0.608804 -0.793321 0
    outer loop
      vertex 7.97073 8.85745 2.55
      vertex 8.17835 8.69812 5.15
      vertex 7.97073 8.85745 5.15
    endloop
  endfacet
  facet normal -0.608804 -0.793321 -0
    outer loop
      vertex 8.17835 8.69812 5.15
      vertex 7.97073 8.85745 2.55
      vertex 8.17835 8.69812 2.55
    endloop
  endfacet
  facet normal -0.675539 -0.737324 0
    outer loop
      vertex 8.17835 8.69812 2.55
      vertex 8.37132 8.52132 5.15
      vertex 8.17835 8.69812 5.15
    endloop
  endfacet
  facet normal -0.675539 -0.737324 -0
    outer loop
      vertex 8.37132 8.52132 5.15
      vertex 8.17835 8.69812 2.55
      vertex 8.37132 8.52132 2.55
    endloop
  endfacet
  facet normal -0.737324 -0.675539 0
    outer loop
      vertex 8.54812 8.32835 2.55
      vertex 8.37132 8.52132 5.15
      vertex 8.37132 8.52132 2.55
    endloop
  endfacet
  facet normal -0.737324 -0.675539 0
    outer loop
      vertex 8.37132 8.52132 5.15
      vertex 8.54812 8.32835 2.55
      vertex 8.54812 8.32835 5.15
    endloop
  endfacet
  facet normal -0.793321 -0.608804 0
    outer loop
      vertex 8.70745 8.12073 2.55
      vertex 8.54812 8.32835 5.15
      vertex 8.54812 8.32835 2.55
    endloop
  endfacet
  facet normal -0.793321 -0.608804 0
    outer loop
      vertex 8.54812 8.32835 5.15
      vertex 8.70745 8.12073 2.55
      vertex 8.70745 8.12073 5.15
    endloop
  endfacet
  facet normal -0.843386 -0.537308 0
    outer loop
      vertex 8.84808 7.89999 2.55
      vertex 8.70745 8.12073 5.15
      vertex 8.70745 8.12073 2.55
    endloop
  endfacet
  facet normal -0.843386 -0.537308 0
    outer loop
      vertex 8.70745 8.12073 5.15
      vertex 8.84808 7.89999 2.55
      vertex 8.84808 7.89999 5.15
    endloop
  endfacet
  facet normal -0.887033 -0.461705 0
    outer loop
      vertex 8.96891 7.66785 2.55
      vertex 8.84808 7.89999 5.15
      vertex 8.84808 7.89999 2.55
    endloop
  endfacet
  facet normal -0.887033 -0.461705 0
    outer loop
      vertex 8.84808 7.89999 5.15
      vertex 8.96891 7.66785 2.55
      vertex 8.96891 7.66785 5.15
    endloop
  endfacet
  facet normal -0.92387 -0.382707 0
    outer loop
      vertex 9.06907 7.42606 2.55
      vertex 8.96891 7.66785 5.15
      vertex 8.96891 7.66785 2.55
    endloop
  endfacet
  facet normal -0.92387 -0.382707 0
    outer loop
      vertex 8.96891 7.66785 5.15
      vertex 9.06907 7.42606 2.55
      vertex 9.06907 7.42606 5.15
    endloop
  endfacet
  facet normal -0.953719 -0.3007 0
    outer loop
      vertex 9.14777 7.17645 2.55
      vertex 9.06907 7.42606 5.15
      vertex 9.06907 7.42606 2.55
    endloop
  endfacet
  facet normal -0.953719 -0.3007 0
    outer loop
      vertex 9.06907 7.42606 5.15
      vertex 9.14777 7.17645 2.55
      vertex 9.14777 7.17645 5.15
    endloop
  endfacet
  facet normal -0.976292 -0.216457 0
    outer loop
      vertex 9.20442 6.92094 2.55
      vertex 9.14777 7.17645 5.15
      vertex 9.14777 7.17645 2.55
    endloop
  endfacet
  facet normal -0.976292 -0.216457 0
    outer loop
      vertex 9.14777 7.17645 5.15
      vertex 9.20442 6.92094 2.55
      vertex 9.20442 6.92094 5.15
    endloop
  endfacet
  facet normal -0.991445 -0.130527 0
    outer loop
      vertex 9.23858 6.66147 2.55
      vertex 9.20442 6.92094 5.15
      vertex 9.20442 6.92094 2.55
    endloop
  endfacet
  facet normal -0.991445 -0.130527 0
    outer loop
      vertex 9.20442 6.92094 5.15
      vertex 9.23858 6.66147 2.55
      vertex 9.23858 6.66147 5.15
    endloop
  endfacet
  facet normal -0.999049 -0.0435947 0
    outer loop
      vertex 9.24999 6.39999 2.55
      vertex 9.23858 6.66147 5.15
      vertex 9.23858 6.66147 2.55
    endloop
  endfacet
  facet normal -0.999049 -0.0435947 0
    outer loop
      vertex 9.23858 6.66147 5.15
      vertex 9.24999 6.39999 2.55
      vertex 9.24999 6.39999 5.15
    endloop
  endfacet
  facet normal -1 0 0
    outer loop
      vertex 9.24999 -6.39999 2.55
      vertex 9.24999 6.39999 5.15
      vertex 9.24999 6.39999 2.55
    endloop
  endfacet
  facet normal -1 -0 0
    outer loop
      vertex 9.24999 6.39999 5.15
      vertex 9.24999 -6.39999 2.55
      vertex 9.24999 -6.39999 5.15
    endloop
  endfacet
  facet normal -0.999049 0.0435947 0
    outer loop
      vertex 9.23858 -6.66147 2.55
      vertex 9.24999 -6.39999 5.15
      vertex 9.24999 -6.39999 2.55
    endloop
  endfacet
  facet normal -0.999049 0.0435947 0
    outer loop
      vertex 9.24999 -6.39999 5.15
      vertex 9.23858 -6.66147 2.55
      vertex 9.23858 -6.66147 5.15
    endloop
  endfacet
  facet normal -0.991445 0.130527 0
    outer loop
      vertex 9.20442 -6.92094 2.55
      vertex 9.23858 -6.66147 5.15
      vertex 9.23858 -6.66147 2.55
    endloop
  endfacet
  facet normal -0.991445 0.130527 0
    outer loop
      vertex 9.23858 -6.66147 5.15
      vertex 9.20442 -6.92094 2.55
      vertex 9.20442 -6.92094 5.15
    endloop
  endfacet
  facet normal -0.976292 0.216457 0
    outer loop
      vertex 9.14777 -7.17645 2.55
      vertex 9.20442 -6.92094 5.15
      vertex 9.20442 -6.92094 2.55
    endloop
  endfacet
  facet normal -0.976292 0.216457 0
    outer loop
      vertex 9.20442 -6.92094 5.15
      vertex 9.14777 -7.17645 2.55
      vertex 9.14777 -7.17645 5.15
    endloop
  endfacet
  facet normal -0.953719 0.3007 0
    outer loop
      vertex 9.06907 -7.42606 2.55
      vertex 9.14777 -7.17645 5.15
      vertex 9.14777 -7.17645 2.55
    endloop
  endfacet
  facet normal -0.953719 0.3007 0
    outer loop
      vertex 9.14777 -7.17645 5.15
      vertex 9.06907 -7.42606 2.55
      vertex 9.06907 -7.42606 5.15
    endloop
  endfacet
  facet normal -0.92387 0.382707 0
    outer loop
      vertex 8.96891 -7.66785 2.55
      vertex 9.06907 -7.42606 5.15
      vertex 9.06907 -7.42606 2.55
    endloop
  endfacet
  facet normal -0.92387 0.382707 0
    outer loop
      vertex 9.06907 -7.42606 5.15
      vertex 8.96891 -7.66785 2.55
      vertex 8.96891 -7.66785 5.15
    endloop
  endfacet
  facet normal -0.887033 0.461705 0
    outer loop
      vertex 8.84808 -7.89999 2.55
      vertex 8.96891 -7.66785 5.15
      vertex 8.96891 -7.66785 2.55
    endloop
  endfacet
  facet normal -0.887033 0.461705 0
    outer loop
      vertex 8.96891 -7.66785 5.15
      vertex 8.84808 -7.89999 2.55
      vertex 8.84808 -7.89999 5.15
    endloop
  endfacet
  facet normal -0.843386 0.537308 0
    outer loop
      vertex 8.70745 -8.12073 2.55
      vertex 8.84808 -7.89999 5.15
      vertex 8.84808 -7.89999 2.55
    endloop
  endfacet
  facet normal -0.843386 0.537308 0
    outer loop
      vertex 8.84808 -7.89999 5.15
      vertex 8.70745 -8.12073 2.55
      vertex 8.70745 -8.12073 5.15
    endloop
  endfacet
  facet normal -0.793321 0.608804 0
    outer loop
      vertex 8.54812 -8.32835 2.55
      vertex 8.70745 -8.12073 5.15
      vertex 8.70745 -8.12073 2.55
    endloop
  endfacet
  facet normal -0.793321 0.608804 0
    outer loop
      vertex 8.70745 -8.12073 5.15
      vertex 8.54812 -8.32835 2.55
      vertex 8.54812 -8.32835 5.15
    endloop
  endfacet
  facet normal -0.737324 0.675539 0
    outer loop
      vertex 8.37132 -8.52132 2.55
      vertex 8.54812 -8.32835 5.15
      vertex 8.54812 -8.32835 2.55
    endloop
  endfacet
  facet normal -0.737324 0.675539 0
    outer loop
      vertex 8.54812 -8.32835 5.15
      vertex 8.37132 -8.52132 2.55
      vertex 8.37132 -8.52132 5.15
    endloop
  endfacet
  facet normal -0.675539 0.737324 0
    outer loop
      vertex 8.37132 -8.52132 2.55
      vertex 8.17835 -8.69812 5.15
      vertex 8.37132 -8.52132 5.15
    endloop
  endfacet
  facet normal -0.675539 0.737324 0
    outer loop
      vertex 8.17835 -8.69812 5.15
      vertex 8.37132 -8.52132 2.55
      vertex 8.17835 -8.69812 2.55
    endloop
  endfacet
  facet normal -0.608804 0.793321 0
    outer loop
      vertex 8.17835 -8.69812 2.55
      vertex 7.97073 -8.85745 5.15
      vertex 8.17835 -8.69812 5.15
    endloop
  endfacet
  facet normal -0.608804 0.793321 0
    outer loop
      vertex 7.97073 -8.85745 5.15
      vertex 8.17835 -8.69812 2.55
      vertex 7.97073 -8.85745 2.55
    endloop
  endfacet
  facet normal -0.537308 0.843386 0
    outer loop
      vertex 7.97073 -8.85745 2.55
      vertex 7.74999 -8.99808 5.15
      vertex 7.97073 -8.85745 5.15
    endloop
  endfacet
  facet normal -0.537308 0.843386 0
    outer loop
      vertex 7.74999 -8.99808 5.15
      vertex 7.97073 -8.85745 2.55
      vertex 7.74999 -8.99808 2.55
    endloop
  endfacet
  facet normal -0.461705 0.887033 0
    outer loop
      vertex 7.74999 -8.99808 2.55
      vertex 7.51785 -9.11891 5.15
      vertex 7.74999 -8.99808 5.15
    endloop
  endfacet
  facet normal -0.461705 0.887033 0
    outer loop
      vertex 7.51785 -9.11891 5.15
      vertex 7.74999 -8.99808 2.55
      vertex 7.51785 -9.11891 2.55
    endloop
  endfacet
  facet normal -0.382707 0.92387 0
    outer loop
      vertex 7.51785 -9.11891 2.55
      vertex 7.27606 -9.21907 5.15
      vertex 7.51785 -9.11891 5.15
    endloop
  endfacet
  facet normal -0.382707 0.92387 0
    outer loop
      vertex 7.27606 -9.21907 5.15
      vertex 7.51785 -9.11891 2.55
      vertex 7.27606 -9.21907 2.55
    endloop
  endfacet
  facet normal -0.300735 0.953708 0
    outer loop
      vertex 7.27606 -9.21907 2.55
      vertex 7.02645 -9.29778 5.15
      vertex 7.27606 -9.21907 5.15
    endloop
  endfacet
  facet normal -0.300735 0.953708 0
    outer loop
      vertex 7.02645 -9.29778 5.15
      vertex 7.27606 -9.21907 2.55
      vertex 7.02645 -9.29778 2.55
    endloop
  endfacet
  facet normal -0.216421 0.9763 0
    outer loop
      vertex 7.02645 -9.29778 2.55
      vertex 6.77094 -9.35442 5.15
      vertex 7.02645 -9.29778 5.15
    endloop
  endfacet
  facet normal -0.216421 0.9763 0
    outer loop
      vertex 6.77094 -9.35442 5.15
      vertex 7.02645 -9.29778 2.55
      vertex 6.77094 -9.35442 2.55
    endloop
  endfacet
  facet normal -0.130527 0.991445 0
    outer loop
      vertex 6.77094 -9.35442 2.55
      vertex 6.51147 -9.38858 5.15
      vertex 6.77094 -9.35442 5.15
    endloop
  endfacet
  facet normal -0.130527 0.991445 0
    outer loop
      vertex 6.51147 -9.38858 5.15
      vertex 6.77094 -9.35442 2.55
      vertex 6.51147 -9.38858 2.55
    endloop
  endfacet
  facet normal -0.0435947 0.999049 0
    outer loop
      vertex 6.51147 -9.38858 2.55
      vertex 6.24999 -9.39999 5.15
      vertex 6.51147 -9.38858 5.15
    endloop
  endfacet
  facet normal -0.0435947 0.999049 0
    outer loop
      vertex 6.24999 -9.39999 5.15
      vertex 6.51147 -9.38858 2.55
      vertex 6.24999 -9.39999 2.55
    endloop
  endfacet
  facet normal 0 1 -0
    outer loop
      vertex 6.24999 -9.39999 2.55
      vertex -11.55 -9.39999 5.15
      vertex 6.24999 -9.39999 5.15
    endloop
  endfacet
  facet normal 0 1 0
    outer loop
      vertex -11.55 -9.39999 5.15
      vertex 6.24999 -9.39999 2.55
      vertex -11.55 -9.39999 2.55
    endloop
  endfacet
  facet normal -0.998986 -0.00440729 -0.0448062
    outer loop
      vertex -2.05 12.4786 6.45
      vertex -2.05228 12.4638 6.50229
      vertex -2.05203 12.4662 6.49648
    endloop
  endfacet
  facet normal -0.999051 0 -0.0435616
    outer loop
      vertex -2.05 5.21127 6.45
      vertex -2.05228 12.4638 6.50229
      vertex -2.05 12.4786 6.45
    endloop
  endfacet
  facet normal -0.999051 -0 -0.0435616
    outer loop
      vertex -2.05228 12.4638 6.50229
      vertex -2.05 5.21127 6.45
      vertex -2.05228 5.21157 6.50229
    endloop
  endfacet
  facet normal -0.999051 0 -0.0435616
    outer loop
      vertex -2.05 -5.21127 6.45
      vertex -2.05228 -12.4638 6.50229
      vertex -2.05228 -5.21157 6.50229
    endloop
  endfacet
  facet normal -0.999051 0 -0.0435616
    outer loop
      vertex -2.05 -12.4786 6.45
      vertex -2.05228 -12.4638 6.50229
      vertex -2.05 -5.21127 6.45
    endloop
  endfacet
  facet normal -0.998986 0.00440729 -0.0448062
    outer loop
      vertex -2.05228 -12.4638 6.50229
      vertex -2.05 -12.4786 6.45
      vertex -2.05203 -12.4662 6.49648
    endloop
  endfacet
  facet normal 0.300885 0 -0.953661
    outer loop
      vertex -2.85521 -5.24104 7.01381
      vertex -2.80529 -12.2454 7.02956
      vertex -2.85521 -12.2519 7.01381
    endloop
  endfacet
  facet normal 0.300885 0 -0.953661
    outer loop
      vertex -2.80529 -12.2454 7.02956
      vertex -2.85521 -5.24104 7.01381
      vertex -2.80529 -5.24322 7.02956
    endloop
  endfacet
  facet normal 0.300885 0 -0.953661
    outer loop
      vertex -2.85521 5.24104 7.01381
      vertex -2.80529 12.2454 7.02956
      vertex -2.80529 5.24322 7.02956
    endloop
  endfacet
  facet normal 0.300885 0 -0.953661
    outer loop
      vertex -2.80529 12.2454 7.02956
      vertex -2.85521 5.24104 7.01381
      vertex -2.85521 12.2519 7.01381
    endloop
  endfacet
  facet normal 0.216283 0 -0.976331
    outer loop
      vertex -2.80529 5.24322 7.02956
      vertex -2.75419 12.2406 7.04088
      vertex -2.75419 5.24545 7.04088
    endloop
  endfacet
  facet normal 0.216283 0 -0.976331
    outer loop
      vertex -2.80529 12.2454 7.02956
      vertex -2.75419 12.2406 7.04088
      vertex -2.80529 5.24322 7.02956
    endloop
  endfacet
  facet normal 0.223465 0.0901161 -0.970537
    outer loop
      vertex -2.75419 12.2406 7.04088
      vertex -2.80529 12.2454 7.02956
      vertex -2.75683 12.2409 7.0403
    endloop
  endfacet
  facet normal 0.223465 -0.0901161 -0.970537
    outer loop
      vertex -2.80529 -12.2454 7.02956
      vertex -2.75419 -12.2406 7.04088
      vertex -2.75683 -12.2409 7.0403
    endloop
  endfacet
  facet normal 0.216283 0 -0.976331
    outer loop
      vertex -2.75419 -12.2406 7.04088
      vertex -2.80529 -12.2454 7.02956
      vertex -2.80529 -5.24322 7.02956
    endloop
  endfacet
  facet normal 0.216283 0 -0.976331
    outer loop
      vertex -2.75419 -12.2406 7.04088
      vertex -2.80529 -5.24322 7.02956
      vertex -2.75419 -5.24545 7.04088
    endloop
  endfacet
  facet normal -0.382661 0 0.923889
    outer loop
      vertex -2.44479 5.24104 5.88618
      vertex -2.39643 12.6214 5.90621
      vertex -2.44479 12.624 5.88618
    endloop
  endfacet
  facet normal -0.382661 0 0.923889
    outer loop
      vertex -2.39643 12.6214 5.90621
      vertex -2.44479 5.24104 5.88618
      vertex -2.39643 5.23893 5.90621
    endloop
  endfacet
  facet normal -0.382661 0 0.923889
    outer loop
      vertex -2.44479 -5.24104 5.88618
      vertex -2.39643 -12.6214 5.90621
      vertex -2.39643 -5.23893 5.90621
    endloop
  endfacet
  facet normal -0.382661 0 0.923889
    outer loop
      vertex -2.39643 -12.6214 5.90621
      vertex -2.44479 -5.24104 5.88618
      vertex -2.44479 -12.624 5.88618
    endloop
  endfacet
  facet normal -0.88701 0 -0.46175
    outer loop
      vertex -2.10621 -5.21867 6.70357
      vertex -2.13038 -12.3612 6.75
      vertex -2.13038 -5.22185 6.75
    endloop
  endfacet
  facet normal -0.88701 0 -0.46175
    outer loop
      vertex -2.13038 -12.3612 6.75
      vertex -2.10621 -5.21867 6.70357
      vertex -2.10621 -12.3804 6.70357
    endloop
  endfacet
  facet normal -0.88701 0 -0.46175
    outer loop
      vertex -2.10621 5.21867 6.70357
      vertex -2.13038 12.3612 6.75
      vertex -2.10621 12.3804 6.70357
    endloop
  endfacet
  facet normal -0.88701 -0 -0.46175
    outer loop
      vertex -2.13038 12.3612 6.75
      vertex -2.10621 5.21867 6.70357
      vertex -2.13038 5.22185 6.75
    endloop
  endfacet
  facet normal 0.300711 0 0.953715
    outer loop
      vertex -2.85521 12.624 5.88618
      vertex -2.80529 5.24322 5.87044
      vertex -2.80529 12.6261 5.87044
    endloop
  endfacet
  facet normal 0.300711 0 0.953715
    outer loop
      vertex -2.80529 5.24322 5.87044
      vertex -2.85521 12.624 5.88618
      vertex -2.85521 5.24104 5.88618
    endloop
  endfacet
  facet normal 0.300711 -0 0.953715
    outer loop
      vertex -2.85521 -12.624 5.88618
      vertex -2.80529 -5.24322 5.87044
      vertex -2.85521 -5.24104 5.88618
    endloop
  endfacet
  facet normal 0.300711 0 0.953715
    outer loop
      vertex -2.80529 -5.24322 5.87044
      vertex -2.85521 -12.624 5.88618
      vertex -2.80529 -12.6261 5.87044
    endloop
  endfacet
  facet normal -0.991452 0 -0.130474
    outer loop
      vertex -2.05228 -5.21157 6.50229
      vertex -2.05911 -12.4423 6.55419
      vertex -2.05911 -5.21247 6.55419
    endloop
  endfacet
  facet normal -0.991452 0 -0.130474
    outer loop
      vertex -2.05911 -12.4423 6.55419
      vertex -2.05228 -5.21157 6.50229
      vertex -2.05228 -12.4638 6.50229
    endloop
  endfacet
  facet normal -0.991452 0 -0.130474
    outer loop
      vertex -2.05228 5.21157 6.50229
      vertex -2.05911 12.4423 6.55419
      vertex -2.05228 12.4638 6.50229
    endloop
  endfacet
  facet normal -0.991452 -0 -0.130474
    outer loop
      vertex -2.05911 12.4423 6.55419
      vertex -2.05228 5.21157 6.50229
      vertex -2.05911 5.21247 6.55419
    endloop
  endfacet
  facet normal -0.843362 0 -0.537345
    outer loop
      vertex -2.13038 -5.22185 6.75
      vertex -2.15851 -12.3429 6.79415
      vertex -2.15851 -5.22556 6.79415
    endloop
  endfacet
  facet normal -0.843362 0 -0.537345
    outer loop
      vertex -2.15851 -12.3429 6.79415
      vertex -2.13038 -5.22185 6.75
      vertex -2.13038 -12.3612 6.75
    endloop
  endfacet
  facet normal -0.843362 0 -0.537345
    outer loop
      vertex -2.13038 5.22185 6.75
      vertex -2.15851 12.3429 6.79415
      vertex -2.13038 12.3612 6.75
    endloop
  endfacet
  facet normal -0.843362 -0 -0.537345
    outer loop
      vertex -2.15851 12.3429 6.79415
      vertex -2.13038 5.22185 6.75
      vertex -2.15851 5.22556 6.79415
    endloop
  endfacet
  facet normal -0.999051 0 0.0435616
    outer loop
      vertex -2.05228 -5.21157 6.39771
      vertex -2.05 -12.4786 6.45
      vertex -2.05 -5.21127 6.45
    endloop
  endfacet
  facet normal -0.999051 0 0.0435616
    outer loop
      vertex -2.05 -12.4786 6.45
      vertex -2.05228 -5.21157 6.39771
      vertex -2.05228 -12.4926 6.39771
    endloop
  endfacet
  facet normal -0.999051 0 0.0435616
    outer loop
      vertex -2.05228 5.21157 6.39771
      vertex -2.05 12.4786 6.45
      vertex -2.05228 12.4926 6.39771
    endloop
  endfacet
  facet normal -0.999051 0 0.0435616
    outer loop
      vertex -2.05 12.4786 6.45
      vertex -2.05228 5.21157 6.39771
      vertex -2.05 5.21127 6.45
    endloop
  endfacet
  facet normal -0.0435616 0 0.999051
    outer loop
      vertex -2.65 5.25 5.85
      vertex -2.59771 12.6285 5.85228
      vertex -2.65 12.6288 5.85
    endloop
  endfacet
  facet normal -0.0435616 0 0.999051
    outer loop
      vertex -2.59771 12.6285 5.85228
      vertex -2.65 5.25 5.85
      vertex -2.59771 5.24772 5.85228
    endloop
  endfacet
  facet normal -0.0435616 0 0.999051
    outer loop
      vertex -2.65 -5.25 5.85
      vertex -2.59771 -12.6285 5.85228
      vertex -2.59771 -5.24772 5.85228
    endloop
  endfacet
  facet normal -0.0435616 0 0.999051
    outer loop
      vertex -2.59771 -12.6285 5.85228
      vertex -2.65 -5.25 5.85
      vertex -2.65 -12.6288 5.85
    endloop
  endfacet
  facet normal -0.216465 0 0.97629
    outer loop
      vertex -2.54581 5.24545 5.85911
      vertex -2.49471 12.6261 5.87044
      vertex -2.54581 12.6276 5.85911
    endloop
  endfacet
  facet normal -0.216465 0 0.97629
    outer loop
      vertex -2.49471 12.6261 5.87044
      vertex -2.54581 5.24545 5.85911
      vertex -2.49471 5.24322 5.87044
    endloop
  endfacet
  facet normal -0.216465 0 0.97629
    outer loop
      vertex -2.54581 -5.24545 5.85911
      vertex -2.49471 -12.6261 5.87044
      vertex -2.49471 -5.24322 5.87044
    endloop
  endfacet
  facet normal -0.216465 0 0.97629
    outer loop
      vertex -2.49471 -12.6261 5.87044
      vertex -2.54581 -5.24545 5.85911
      vertex -2.54581 -12.6276 5.85911
    endloop
  endfacet
  facet normal 0.953661 0 -0.300885
    outer loop
      vertex -3.21381 -12.4004 6.65521
      vertex -3.22956 -5.21396 6.60529
      vertex -3.21381 -5.21603 6.65521
    endloop
  endfacet
  facet normal 0.953661 0 -0.300885
    outer loop
      vertex -3.22956 -5.21396 6.60529
      vertex -3.21381 -12.4004 6.65521
      vertex -3.22956 -12.4211 6.60529
    endloop
  endfacet
  facet normal 0.953661 0 -0.300885
    outer loop
      vertex -3.22956 5.21396 6.60529
      vertex -3.21381 12.4004 6.65521
      vertex -3.21381 5.21603 6.65521
    endloop
  endfacet
  facet normal 0.953661 0 -0.300885
    outer loop
      vertex -3.21381 12.4004 6.65521
      vertex -3.22956 5.21396 6.60529
      vertex -3.22956 12.4211 6.60529
    endloop
  endfacet
  facet normal 0.923889 -0 0.382661
    outer loop
      vertex -3.21381 -12.5336 6.24479
      vertex -3.19378 -5.21867 6.19643
      vertex -3.21381 -5.21603 6.24479
    endloop
  endfacet
  facet normal 0.923889 0 0.382661
    outer loop
      vertex -3.19378 -5.21867 6.19643
      vertex -3.21381 -12.5336 6.24479
      vertex -3.19378 -12.5466 6.19643
    endloop
  endfacet
  facet normal 0.923889 0 0.382661
    outer loop
      vertex -3.21381 12.5336 6.24479
      vertex -3.19378 5.21867 6.19643
      vertex -3.19378 12.5466 6.19643
    endloop
  endfacet
  facet normal 0.923889 0 0.382661
    outer loop
      vertex -3.19378 5.21867 6.19643
      vertex -3.21381 12.5336 6.24479
      vertex -3.21381 5.21603 6.24479
    endloop
  endfacet
  facet normal 0.88701 0 -0.46175
    outer loop
      vertex -3.16961 -12.3612 6.75
      vertex -3.19378 -5.21867 6.70357
      vertex -3.16961 -5.22185 6.75
    endloop
  endfacet
  facet normal 0.88701 0 -0.46175
    outer loop
      vertex -3.19378 -5.21867 6.70357
      vertex -3.16961 -12.3612 6.75
      vertex -3.19378 -12.3804 6.70357
    endloop
  endfacet
  facet normal 0.88701 0 -0.46175
    outer loop
      vertex -3.19378 5.21867 6.70357
      vertex -3.16961 12.3612 6.75
      vertex -3.16961 5.22185 6.75
    endloop
  endfacet
  facet normal 0.88701 0 -0.46175
    outer loop
      vertex -3.16961 12.3612 6.75
      vertex -3.19378 5.21867 6.70357
      vertex -3.19378 12.3804 6.70357
    endloop
  endfacet
  facet normal -0.737562 0 0.675279
    outer loop
      vertex -2.19243 -5.23002 6.06208
      vertex -2.19037 -12.582 6.06433
      vertex -2.19037 -5.22975 6.06433
    endloop
  endfacet
  facet normal -0.737171 2.40321e-07 0.675706
    outer loop
      vertex -2.22574 -5.23148 6.02574
      vertex -2.19037 -12.582 6.06433
      vertex -2.19243 -5.23002 6.06208
    endloop
  endfacet
  facet normal -0.737194 0 0.675681
    outer loop
      vertex -2.19037 -12.582 6.06433
      vertex -2.22574 -5.23148 6.02574
      vertex -2.22574 -12.5923 6.02574
    endloop
  endfacet
  facet normal -0.737194 0 0.675681
    outer loop
      vertex -2.22574 5.23148 6.02574
      vertex -2.19037 12.582 6.06433
      vertex -2.22574 12.5923 6.02574
    endloop
  endfacet
  facet normal -0.737171 -2.40321e-07 0.675706
    outer loop
      vertex -2.19243 5.23002 6.06208
      vertex -2.19037 12.582 6.06433
      vertex -2.22574 5.23148 6.02574
    endloop
  endfacet
  facet normal -0.737562 0 0.675279
    outer loop
      vertex -2.19037 12.582 6.06433
      vertex -2.19243 5.23002 6.06208
      vertex -2.19037 5.22975 6.06433
    endloop
  endfacet
  facet normal -0.793348 0 0.608768
    outer loop
      vertex -2.19037 -5.22975 6.06433
      vertex -2.15851 -12.5708 6.10585
      vertex -2.15851 -5.22556 6.10585
    endloop
  endfacet
  facet normal -0.793348 0 0.608768
    outer loop
      vertex -2.15851 -12.5708 6.10585
      vertex -2.19037 -5.22975 6.06433
      vertex -2.19037 -12.582 6.06433
    endloop
  endfacet
  facet normal -0.793348 0 0.608768
    outer loop
      vertex -2.19037 5.22975 6.06433
      vertex -2.15851 12.5708 6.10585
      vertex -2.19037 12.582 6.06433
    endloop
  endfacet
  facet normal -0.793348 0 0.608768
    outer loop
      vertex -2.15851 12.5708 6.10585
      vertex -2.19037 5.22975 6.06433
      vertex -2.15851 5.22556 6.10585
    endloop
  endfacet
  facet normal -0.675681 0 -0.737194
    outer loop
      vertex -2.26433 -12.295 6.90963
      vertex -2.22574 -5.23148 6.87426
      vertex -2.22574 -12.3097 6.87426
    endloop
  endfacet
  facet normal -0.675681 0 -0.737194
    outer loop
      vertex -2.22574 -5.23148 6.87426
      vertex -2.26433 -12.295 6.90963
      vertex -2.26433 -5.23316 6.90963
    endloop
  endfacet
  facet normal -0.675681 -0 -0.737194
    outer loop
      vertex -2.26433 12.295 6.90963
      vertex -2.22574 5.23148 6.87426
      vertex -2.26433 5.23316 6.90963
    endloop
  endfacet
  facet normal -0.675681 0 -0.737194
    outer loop
      vertex -2.22574 5.23148 6.87426
      vertex -2.26433 12.295 6.90963
      vertex -2.22574 12.3097 6.87426
    endloop
  endfacet
  facet normal 0.953661 -0 0.300885
    outer loop
      vertex -3.22956 -12.5202 6.29471
      vertex -3.21381 -5.21603 6.24479
      vertex -3.22956 -5.21396 6.29471
    endloop
  endfacet
  facet normal 0.953661 0 0.300885
    outer loop
      vertex -3.21381 -5.21603 6.24479
      vertex -3.22956 -12.5202 6.29471
      vertex -3.21381 -12.5336 6.24479
    endloop
  endfacet
  facet normal 0.953661 0 0.300885
    outer loop
      vertex -3.22956 12.5202 6.29471
      vertex -3.21381 5.21603 6.24479
      vertex -3.21381 12.5336 6.24479
    endloop
  endfacet
  facet normal 0.953661 0 0.300885
    outer loop
      vertex -3.21381 5.21603 6.24479
      vertex -3.22956 12.5202 6.29471
      vertex -3.22956 5.21396 6.29471
    endloop
  endfacet
  facet normal 0.675681 0 -0.737194
    outer loop
      vertex -3.07426 -5.23148 6.87426
      vertex -3.03567 -12.295 6.90963
      vertex -3.07426 -12.3097 6.87426
    endloop
  endfacet
  facet normal 0.675681 0 -0.737194
    outer loop
      vertex -3.03567 -12.295 6.90963
      vertex -3.07426 -5.23148 6.87426
      vertex -3.03567 -5.23316 6.90963
    endloop
  endfacet
  facet normal 0.675681 0 -0.737194
    outer loop
      vertex -3.07426 5.23148 6.87426
      vertex -3.03567 12.295 6.90963
      vertex -3.03567 5.23316 6.90963
    endloop
  endfacet
  facet normal 0.675681 0 -0.737194
    outer loop
      vertex -3.03567 12.295 6.90963
      vertex -3.07426 5.23148 6.87426
      vertex -3.07426 12.3097 6.87426
    endloop
  endfacet
  facet normal -0.953715 0 -0.300711
    outer loop
      vertex -2.07044 -5.21396 6.60529
      vertex -2.08618 -12.4004 6.65521
      vertex -2.08618 -5.21603 6.65521
    endloop
  endfacet
  facet normal -0.953715 0 -0.300711
    outer loop
      vertex -2.08618 -12.4004 6.65521
      vertex -2.07044 -5.21396 6.60529
      vertex -2.07044 -12.4211 6.60529
    endloop
  endfacet
  facet normal -0.953715 0 -0.300711
    outer loop
      vertex -2.07044 5.21396 6.60529
      vertex -2.08618 12.4004 6.65521
      vertex -2.07044 12.4211 6.60529
    endloop
  endfacet
  facet normal -0.953715 -0 -0.300711
    outer loop
      vertex -2.08618 12.4004 6.65521
      vertex -2.07044 5.21396 6.60529
      vertex -2.08618 5.21603 6.65521
    endloop
  endfacet
  facet normal -0.97629 0 -0.216465
    outer loop
      vertex -2.05911 -5.21247 6.55419
      vertex -2.07044 -12.4211 6.60529
      vertex -2.07044 -5.21396 6.60529
    endloop
  endfacet
  facet normal -0.97629 0 -0.216465
    outer loop
      vertex -2.07044 -12.4211 6.60529
      vertex -2.05911 -5.21247 6.55419
      vertex -2.05911 -12.4423 6.55419
    endloop
  endfacet
  facet normal -0.97629 0 -0.216465
    outer loop
      vertex -2.05911 5.21247 6.55419
      vertex -2.07044 12.4211 6.60529
      vertex -2.05911 12.4423 6.55419
    endloop
  endfacet
  facet normal -0.97629 -0 -0.216465
    outer loop
      vertex -2.07044 12.4211 6.60529
      vertex -2.05911 5.21247 6.55419
      vertex -2.07044 5.21396 6.60529
    endloop
  endfacet
  facet normal 0.991427 -0 0.130662
    outer loop
      vertex -3.24772 -12.4926 6.39771
      vertex -3.24088 -5.21247 6.34581
      vertex -3.24772 -5.21157 6.39771
    endloop
  endfacet
  facet normal 0.991427 0 0.130662
    outer loop
      vertex -3.24088 -5.21247 6.34581
      vertex -3.24772 -12.4926 6.39771
      vertex -3.24088 -12.5065 6.34581
    endloop
  endfacet
  facet normal 0.991427 0 0.130662
    outer loop
      vertex -3.24772 12.4926 6.39771
      vertex -3.24088 5.21247 6.34581
      vertex -3.24088 12.5065 6.34581
    endloop
  endfacet
  facet normal 0.991427 0 0.130662
    outer loop
      vertex -3.24088 5.21247 6.34581
      vertex -3.24772 12.4926 6.39771
      vertex -3.24772 5.21157 6.39771
    endloop
  endfacet
  facet normal -0.737171 0 -0.675706
    outer loop
      vertex -2.19243 -5.23002 6.83792
      vertex -2.22574 -12.3097 6.87426
      vertex -2.22574 -5.23148 6.87426
    endloop
  endfacet
  facet normal -0.737562 4.03542e-06 -0.675279
    outer loop
      vertex -2.19037 -5.22975 6.83567
      vertex -2.22574 -12.3097 6.87426
      vertex -2.19243 -5.23002 6.83792
    endloop
  endfacet
  facet normal -0.737194 0 -0.675681
    outer loop
      vertex -2.22574 -12.3097 6.87426
      vertex -2.19037 -5.22975 6.83567
      vertex -2.19037 -12.3257 6.83567
    endloop
  endfacet
  facet normal -0.737194 0 -0.675681
    outer loop
      vertex -2.19037 5.22975 6.83567
      vertex -2.22574 12.3097 6.87426
      vertex -2.19037 12.3257 6.83567
    endloop
  endfacet
  facet normal -0.737171 -0 -0.675706
    outer loop
      vertex -2.22574 12.3097 6.87426
      vertex -2.19243 5.23002 6.83792
      vertex -2.22574 5.23148 6.87426
    endloop
  endfacet
  facet normal -0.737562 -4.03542e-06 -0.675279
    outer loop
      vertex -2.22574 12.3097 6.87426
      vertex -2.19037 5.22975 6.83567
      vertex -2.19243 5.23002 6.83792
    endloop
  endfacet
  facet normal 0.537209 0 -0.843449
    outer loop
      vertex -2.99415 -5.23497 6.94149
      vertex -2.95 -12.2702 6.96961
      vertex -2.99415 -12.2818 6.94149
    endloop
  endfacet
  facet normal 0.537209 0 -0.843449
    outer loop
      vertex -2.95 -12.2702 6.96961
      vertex -2.99415 -5.23497 6.94149
      vertex -2.95 -5.2369 6.96961
    endloop
  endfacet
  facet normal 0.537209 0 -0.843449
    outer loop
      vertex -2.99415 5.23497 6.94149
      vertex -2.95 12.2702 6.96961
      vertex -2.95 5.2369 6.96961
    endloop
  endfacet
  facet normal 0.537209 0 -0.843449
    outer loop
      vertex -2.95 12.2702 6.96961
      vertex -2.99415 5.23497 6.94149
      vertex -2.99415 12.2818 6.94149
    endloop
  endfacet
  facet normal -0.300885 0 -0.953661
    outer loop
      vertex -2.49471 -12.2454 7.02956
      vertex -2.44479 -5.24104 7.01381
      vertex -2.44479 -12.2519 7.01381
    endloop
  endfacet
  facet normal -0.300885 0 -0.953661
    outer loop
      vertex -2.44479 -5.24104 7.01381
      vertex -2.49471 -12.2454 7.02956
      vertex -2.49471 -5.24322 7.02956
    endloop
  endfacet
  facet normal -0.300885 -0 -0.953661
    outer loop
      vertex -2.49471 12.2454 7.02956
      vertex -2.44479 5.24104 7.01381
      vertex -2.49471 5.24322 7.02956
    endloop
  endfacet
  facet normal -0.300885 0 -0.953661
    outer loop
      vertex -2.44479 5.24104 7.01381
      vertex -2.49471 12.2454 7.02956
      vertex -2.44479 12.2519 7.01381
    endloop
  endfacet
  facet normal 0.0435616 0 0.999051
    outer loop
      vertex -2.70229 12.6285 5.85228
      vertex -2.65 5.25 5.85
      vertex -2.65 12.6288 5.85
    endloop
  endfacet
  facet normal 0.0435616 0 0.999051
    outer loop
      vertex -2.65 5.25 5.85
      vertex -2.70229 12.6285 5.85228
      vertex -2.70229 5.24772 5.85228
    endloop
  endfacet
  facet normal 0.0435616 -0 0.999051
    outer loop
      vertex -2.70229 -12.6285 5.85228
      vertex -2.65 -5.25 5.85
      vertex -2.70229 -5.24772 5.85228
    endloop
  endfacet
  facet normal 0.0435616 0 0.999051
    outer loop
      vertex -2.65 -5.25 5.85
      vertex -2.70229 -12.6285 5.85228
      vertex -2.65 -12.6288 5.85
    endloop
  endfacet
  facet normal -0.843362 0 0.537345
    outer loop
      vertex -2.15851 -5.22556 6.10585
      vertex -2.13038 -12.559 6.15
      vertex -2.13038 -5.22185 6.15
    endloop
  endfacet
  facet normal -0.843362 0 0.537345
    outer loop
      vertex -2.13038 -12.559 6.15
      vertex -2.15851 -5.22556 6.10585
      vertex -2.15851 -12.5708 6.10585
    endloop
  endfacet
  facet normal -0.843362 0 0.537345
    outer loop
      vertex -2.15851 5.22556 6.10585
      vertex -2.13038 12.559 6.15
      vertex -2.15851 12.5708 6.10585
    endloop
  endfacet
  facet normal -0.843362 0 0.537345
    outer loop
      vertex -2.13038 12.559 6.15
      vertex -2.15851 5.22556 6.10585
      vertex -2.13038 5.22185 6.15
    endloop
  endfacet
  facet normal -0.793348 0 -0.608768
    outer loop
      vertex -2.15851 -5.22556 6.79415
      vertex -2.19037 -12.3257 6.83567
      vertex -2.19037 -5.22975 6.83567
    endloop
  endfacet
  facet normal -0.793348 0 -0.608768
    outer loop
      vertex -2.19037 -12.3257 6.83567
      vertex -2.15851 -5.22556 6.79415
      vertex -2.15851 -12.3429 6.79415
    endloop
  endfacet
  facet normal -0.793348 0 -0.608768
    outer loop
      vertex -2.15851 5.22556 6.79415
      vertex -2.19037 12.3257 6.83567
      vertex -2.15851 12.3429 6.79415
    endloop
  endfacet
  facet normal -0.793348 -0 -0.608768
    outer loop
      vertex -2.19037 12.3257 6.83567
      vertex -2.15851 5.22556 6.79415
      vertex -2.19037 5.22975 6.83567
    endloop
  endfacet
  facet normal -0.923889 0 -0.382661
    outer loop
      vertex -2.08618 -5.21603 6.65521
      vertex -2.10621 -12.3804 6.70357
      vertex -2.10621 -5.21867 6.70357
    endloop
  endfacet
  facet normal -0.923889 0 -0.382661
    outer loop
      vertex -2.10621 -12.3804 6.70357
      vertex -2.08618 -5.21603 6.65521
      vertex -2.08618 -12.4004 6.65521
    endloop
  endfacet
  facet normal -0.923889 0 -0.382661
    outer loop
      vertex -2.08618 5.21603 6.65521
      vertex -2.10621 12.3804 6.70357
      vertex -2.08618 12.4004 6.65521
    endloop
  endfacet
  facet normal -0.923889 -0 -0.382661
    outer loop
      vertex -2.10621 12.3804 6.70357
      vertex -2.08618 5.21603 6.65521
      vertex -2.10621 5.21867 6.70357
    endloop
  endfacet
  facet normal 0.843449 -0 0.537209
    outer loop
      vertex -3.16961 -12.559 6.15
      vertex -3.14149 -5.22556 6.10585
      vertex -3.16961 -5.22185 6.15
    endloop
  endfacet
  facet normal 0.843449 0 0.537209
    outer loop
      vertex -3.14149 -5.22556 6.10585
      vertex -3.16961 -12.559 6.15
      vertex -3.14149 -12.5708 6.10585
    endloop
  endfacet
  facet normal 0.843449 0 0.537209
    outer loop
      vertex -3.16961 12.559 6.15
      vertex -3.14149 5.22556 6.10585
      vertex -3.14149 12.5708 6.10585
    endloop
  endfacet
  facet normal 0.843449 0 0.537209
    outer loop
      vertex -3.14149 5.22556 6.10585
      vertex -3.16961 12.559 6.15
      vertex -3.16961 5.22185 6.15
    endloop
  endfacet
  facet normal -0.0435616 0 -0.999051
    outer loop
      vertex -2.65 5.25 7.05
      vertex -2.59771 12.2366 7.04772
      vertex -2.59771 5.24772 7.04772
    endloop
  endfacet
  facet normal -0.0435616 0 -0.999051
    outer loop
      vertex -2.59771 12.2366 7.04772
      vertex -2.65 5.25 7.05
      vertex -2.65 12.2353 7.05
    endloop
  endfacet
  facet normal -0.0435616 -0 -0.999051
    outer loop
      vertex -2.65 -5.25 7.05
      vertex -2.59771 -12.2366 7.04772
      vertex -2.65 -12.2353 7.05
    endloop
  endfacet
  facet normal -0.0435616 0 -0.999051
    outer loop
      vertex -2.59771 -12.2366 7.04772
      vertex -2.65 -5.25 7.05
      vertex -2.59771 -5.24772 7.04772
    endloop
  endfacet
  facet normal 0.463276 -0.0290368 0.885738
    outer loop
      vertex -2.95 12.6179 5.93038
      vertex -2.90357 12.6214 5.90621
      vertex -2.94524 12.6185 5.92791
    endloop
  endfacet
  facet normal 0.46175 0 0.88701
    outer loop
      vertex -2.90357 12.6214 5.90621
      vertex -2.95 12.6179 5.93038
      vertex -2.90357 5.23893 5.90621
    endloop
  endfacet
  facet normal 0.46175 0 0.88701
    outer loop
      vertex -2.90357 5.23893 5.90621
      vertex -2.95 12.6179 5.93038
      vertex -2.95 5.2369 5.93038
    endloop
  endfacet
  facet normal 0.46175 0 0.88701
    outer loop
      vertex -2.95 -12.6179 5.93038
      vertex -2.90357 -12.6214 5.90621
      vertex -2.90357 -5.23893 5.90621
    endloop
  endfacet
  facet normal 0.46175 -0 0.88701
    outer loop
      vertex -2.95 -12.6179 5.93038
      vertex -2.90357 -5.23893 5.90621
      vertex -2.95 -5.2369 5.93038
    endloop
  endfacet
  facet normal 0.463276 0.0290368 0.885738
    outer loop
      vertex -2.90357 -12.6214 5.90621
      vertex -2.95 -12.6179 5.93038
      vertex -2.94524 -12.6185 5.92791
    endloop
  endfacet
  facet normal 0.46175 0 -0.88701
    outer loop
      vertex -2.95 -5.2369 6.96961
      vertex -2.90357 -12.2602 6.99378
      vertex -2.95 -12.2702 6.96961
    endloop
  endfacet
  facet normal 0.46175 0 -0.88701
    outer loop
      vertex -2.90357 -12.2602 6.99378
      vertex -2.95 -5.2369 6.96961
      vertex -2.90357 -5.23893 6.99378
    endloop
  endfacet
  facet normal 0.46175 0 -0.88701
    outer loop
      vertex -2.95 5.2369 6.96961
      vertex -2.90357 12.2602 6.99378
      vertex -2.90357 5.23893 6.99378
    endloop
  endfacet
  facet normal 0.46175 0 -0.88701
    outer loop
      vertex -2.90357 12.2602 6.99378
      vertex -2.95 5.2369 6.96961
      vertex -2.95 12.2702 6.96961
    endloop
  endfacet
  facet normal 0.737562 -0 0.675279
    outer loop
      vertex -3.10963 -12.582 6.06433
      vertex -3.10757 -5.23002 6.06208
      vertex -3.10963 -5.22975 6.06433
    endloop
  endfacet
  facet normal 0.737171 2.40321e-07 0.675706
    outer loop
      vertex -3.10963 -12.582 6.06433
      vertex -3.07426 -5.23148 6.02574
      vertex -3.10757 -5.23002 6.06208
    endloop
  endfacet
  facet normal 0.737194 0 0.675681
    outer loop
      vertex -3.07426 -5.23148 6.02574
      vertex -3.10963 -12.582 6.06433
      vertex -3.07426 -12.5923 6.02574
    endloop
  endfacet
  facet normal 0.737194 0 0.675681
    outer loop
      vertex -3.10963 12.582 6.06433
      vertex -3.07426 5.23148 6.02574
      vertex -3.07426 12.5923 6.02574
    endloop
  endfacet
  facet normal 0.737171 -2.40321e-07 0.675706
    outer loop
      vertex -3.10963 12.582 6.06433
      vertex -3.10757 5.23002 6.06208
      vertex -3.07426 5.23148 6.02574
    endloop
  endfacet
  facet normal 0.737562 0 0.675279
    outer loop
      vertex -3.10757 5.23002 6.06208
      vertex -3.10963 12.582 6.06433
      vertex -3.10963 5.22975 6.06433
    endloop
  endfacet
  facet normal -0.991452 0 0.130474
    outer loop
      vertex -2.05911 -5.21247 6.34581
      vertex -2.05228 -12.4926 6.39771
      vertex -2.05228 -5.21157 6.39771
    endloop
  endfacet
  facet normal -0.991452 0 0.130474
    outer loop
      vertex -2.05228 -12.4926 6.39771
      vertex -2.05911 -5.21247 6.34581
      vertex -2.05911 -12.5065 6.34581
    endloop
  endfacet
  facet normal -0.991452 0 0.130474
    outer loop
      vertex -2.05911 5.21247 6.34581
      vertex -2.05228 12.4926 6.39771
      vertex -2.05911 12.5065 6.34581
    endloop
  endfacet
  facet normal -0.991452 0 0.130474
    outer loop
      vertex -2.05228 12.4926 6.39771
      vertex -2.05911 5.21247 6.34581
      vertex -2.05228 5.21157 6.39771
    endloop
  endfacet
  facet normal -0.130662 -0 -0.991427
    outer loop
      vertex -2.59771 12.2366 7.04772
      vertex -2.54581 5.24545 7.04088
      vertex -2.59771 5.24772 7.04772
    endloop
  endfacet
  facet normal -0.130662 0 -0.991427
    outer loop
      vertex -2.54581 5.24545 7.04088
      vertex -2.59771 12.2366 7.04772
      vertex -2.54581 12.2406 7.04088
    endloop
  endfacet
  facet normal -0.130662 0 -0.991427
    outer loop
      vertex -2.59771 -12.2366 7.04772
      vertex -2.54581 -5.24545 7.04088
      vertex -2.54581 -12.2406 7.04088
    endloop
  endfacet
  facet normal -0.130662 0 -0.991427
    outer loop
      vertex -2.54581 -5.24545 7.04088
      vertex -2.59771 -12.2366 7.04772
      vertex -2.59771 -5.24772 7.04772
    endloop
  endfacet
  facet normal 0.976331 -0 0.216283
    outer loop
      vertex -3.24088 -12.5065 6.34581
      vertex -3.22956 -5.21396 6.29471
      vertex -3.24088 -5.21247 6.34581
    endloop
  endfacet
  facet normal 0.976331 0 0.216283
    outer loop
      vertex -3.22956 -5.21396 6.29471
      vertex -3.24088 -12.5065 6.34581
      vertex -3.22956 -12.5202 6.29471
    endloop
  endfacet
  facet normal 0.976331 0 0.216283
    outer loop
      vertex -3.24088 12.5065 6.34581
      vertex -3.22956 5.21396 6.29471
      vertex -3.22956 12.5202 6.29471
    endloop
  endfacet
  facet normal 0.976331 0 0.216283
    outer loop
      vertex -3.22956 5.21396 6.29471
      vertex -3.24088 12.5065 6.34581
      vertex -3.24088 5.21247 6.34581
    endloop
  endfacet
  facet normal -0.382661 0 -0.923889
    outer loop
      vertex -2.44479 -12.2519 7.01381
      vertex -2.39643 -5.23893 6.99378
      vertex -2.39643 -12.2602 6.99378
    endloop
  endfacet
  facet normal -0.382661 0 -0.923889
    outer loop
      vertex -2.39643 -5.23893 6.99378
      vertex -2.44479 -12.2519 7.01381
      vertex -2.44479 -5.24104 7.01381
    endloop
  endfacet
  facet normal -0.382661 -0 -0.923889
    outer loop
      vertex -2.44479 12.2519 7.01381
      vertex -2.39643 5.23893 6.99378
      vertex -2.44479 5.24104 7.01381
    endloop
  endfacet
  facet normal -0.382661 0 -0.923889
    outer loop
      vertex -2.39643 5.23893 6.99378
      vertex -2.44479 12.2519 7.01381
      vertex -2.39643 12.2602 6.99378
    endloop
  endfacet
  facet normal -0.130474 0 0.991452
    outer loop
      vertex -2.59771 5.24772 5.85228
      vertex -2.54581 12.6276 5.85911
      vertex -2.59771 12.6285 5.85228
    endloop
  endfacet
  facet normal -0.130474 0 0.991452
    outer loop
      vertex -2.54581 12.6276 5.85911
      vertex -2.59771 5.24772 5.85228
      vertex -2.54581 5.24545 5.85911
    endloop
  endfacet
  facet normal -0.130474 0 0.991452
    outer loop
      vertex -2.59771 -5.24772 5.85228
      vertex -2.54581 -12.6276 5.85911
      vertex -2.54581 -5.24545 5.85911
    endloop
  endfacet
  facet normal -0.130474 0 0.991452
    outer loop
      vertex -2.54581 -12.6276 5.85911
      vertex -2.59771 -5.24772 5.85228
      vertex -2.59771 -12.6285 5.85228
    endloop
  endfacet
  facet normal 0.999051 -0 0.0435616
    outer loop
      vertex -3.25 -12.4786 6.45
      vertex -3.24772 -5.21157 6.39771
      vertex -3.25 -5.21127 6.45
    endloop
  endfacet
  facet normal 0.999051 0 0.0435616
    outer loop
      vertex -3.24772 -5.21157 6.39771
      vertex -3.25 -12.4786 6.45
      vertex -3.24772 -12.4926 6.39771
    endloop
  endfacet
  facet normal 0.999051 0 0.0435616
    outer loop
      vertex -3.25 12.4786 6.45
      vertex -3.24772 5.21157 6.39771
      vertex -3.24772 12.4926 6.39771
    endloop
  endfacet
  facet normal 0.999051 0 0.0435616
    outer loop
      vertex -3.24772 5.21157 6.39771
      vertex -3.25 12.4786 6.45
      vertex -3.25 5.21127 6.45
    endloop
  endfacet
  facet normal 0.216465 0 0.97629
    outer loop
      vertex -2.80529 12.6261 5.87044
      vertex -2.75419 5.24545 5.85911
      vertex -2.75419 12.6276 5.85911
    endloop
  endfacet
  facet normal 0.216465 0 0.97629
    outer loop
      vertex -2.75419 5.24545 5.85911
      vertex -2.80529 12.6261 5.87044
      vertex -2.80529 5.24322 5.87044
    endloop
  endfacet
  facet normal 0.216465 -0 0.97629
    outer loop
      vertex -2.80529 -12.6261 5.87044
      vertex -2.75419 -5.24545 5.85911
      vertex -2.80529 -5.24322 5.87044
    endloop
  endfacet
  facet normal 0.216465 0 0.97629
    outer loop
      vertex -2.75419 -5.24545 5.85911
      vertex -2.80529 -12.6261 5.87044
      vertex -2.75419 -12.6276 5.85911
    endloop
  endfacet
  facet normal -0.537209 0 -0.843449
    outer loop
      vertex -2.35 -12.2702 6.96961
      vertex -2.30585 -5.23497 6.94149
      vertex -2.30585 -12.2818 6.94149
    endloop
  endfacet
  facet normal -0.537209 0 -0.843449
    outer loop
      vertex -2.30585 -5.23497 6.94149
      vertex -2.35 -12.2702 6.96961
      vertex -2.35 -5.2369 6.96961
    endloop
  endfacet
  facet normal -0.537209 -0 -0.843449
    outer loop
      vertex -2.35 12.2702 6.96961
      vertex -2.30585 5.23497 6.94149
      vertex -2.35 5.2369 6.96961
    endloop
  endfacet
  facet normal -0.537209 0 -0.843449
    outer loop
      vertex -2.30585 5.23497 6.94149
      vertex -2.35 12.2702 6.96961
      vertex -2.30585 12.2818 6.94149
    endloop
  endfacet
  facet normal -0.608768 0 0.793348
    outer loop
      vertex -2.30585 -5.23497 5.95851
      vertex -2.26433 -12.6018 5.99037
      vertex -2.26433 -5.23316 5.99037
    endloop
  endfacet
  facet normal -0.608768 0 0.793348
    outer loop
      vertex -2.26433 -12.6018 5.99037
      vertex -2.30585 -5.23497 5.95851
      vertex -2.30585 -12.6103 5.95851
    endloop
  endfacet
  facet normal -0.608768 0 0.793348
    outer loop
      vertex -2.30585 5.23497 5.95851
      vertex -2.26433 12.6018 5.99037
      vertex -2.30585 12.6103 5.95851
    endloop
  endfacet
  facet normal -0.608768 0 0.793348
    outer loop
      vertex -2.26433 12.6018 5.99037
      vertex -2.30585 5.23497 5.95851
      vertex -2.26433 5.23316 5.99037
    endloop
  endfacet
  facet normal 0.737171 0 -0.675706
    outer loop
      vertex -3.07426 -12.3097 6.87426
      vertex -3.10757 -5.23002 6.83792
      vertex -3.07426 -5.23148 6.87426
    endloop
  endfacet
  facet normal 0.737562 4.03542e-06 -0.675279
    outer loop
      vertex -3.07426 -12.3097 6.87426
      vertex -3.10963 -5.22975 6.83567
      vertex -3.10757 -5.23002 6.83792
    endloop
  endfacet
  facet normal 0.737194 0 -0.675681
    outer loop
      vertex -3.10963 -5.22975 6.83567
      vertex -3.07426 -12.3097 6.87426
      vertex -3.10963 -12.3257 6.83567
    endloop
  endfacet
  facet normal 0.737171 0 -0.675706
    outer loop
      vertex -3.10757 5.23002 6.83792
      vertex -3.07426 12.3097 6.87426
      vertex -3.07426 5.23148 6.87426
    endloop
  endfacet
  facet normal 0.737562 -4.03542e-06 -0.675279
    outer loop
      vertex -3.10963 5.22975 6.83567
      vertex -3.07426 12.3097 6.87426
      vertex -3.10757 5.23002 6.83792
    endloop
  endfacet
  facet normal 0.737194 0 -0.675681
    outer loop
      vertex -3.07426 12.3097 6.87426
      vertex -3.10963 5.22975 6.83567
      vertex -3.10963 12.3257 6.83567
    endloop
  endfacet
  facet normal 0.537345 -0 0.843362
    outer loop
      vertex -2.99415 -12.6103 5.95851
      vertex -2.95 -5.2369 5.93038
      vertex -2.99415 -5.23497 5.95851
    endloop
  endfacet
  facet normal 0.537345 0 0.843362
    outer loop
      vertex -2.95 -5.2369 5.93038
      vertex -2.99415 -12.6103 5.95851
      vertex -2.95 -12.6179 5.93038
    endloop
  endfacet
  facet normal 0.537345 0 0.843362
    outer loop
      vertex -2.99415 12.6103 5.95851
      vertex -2.95 5.2369 5.93038
      vertex -2.95 12.6179 5.93038
    endloop
  endfacet
  facet normal 0.537345 0 0.843362
    outer loop
      vertex -2.95 5.2369 5.93038
      vertex -2.99415 12.6103 5.95851
      vertex -2.99415 5.23497 5.95851
    endloop
  endfacet
  facet normal 0.130474 0 0.991452
    outer loop
      vertex -2.75419 12.6276 5.85911
      vertex -2.70229 5.24772 5.85228
      vertex -2.70229 12.6285 5.85228
    endloop
  endfacet
  facet normal 0.130474 0 0.991452
    outer loop
      vertex -2.70229 5.24772 5.85228
      vertex -2.75419 12.6276 5.85911
      vertex -2.75419 5.24545 5.85911
    endloop
  endfacet
  facet normal 0.130474 -0 0.991452
    outer loop
      vertex -2.75419 -12.6276 5.85911
      vertex -2.70229 -5.24772 5.85228
      vertex -2.75419 -5.24545 5.85911
    endloop
  endfacet
  facet normal 0.130474 0 0.991452
    outer loop
      vertex -2.70229 -5.24772 5.85228
      vertex -2.75419 -12.6276 5.85911
      vertex -2.70229 -12.6285 5.85228
    endloop
  endfacet
  facet normal -0.608768 0 -0.793348
    outer loop
      vertex -2.30585 -12.2818 6.94149
      vertex -2.26433 -5.23316 6.90963
      vertex -2.26433 -12.295 6.90963
    endloop
  endfacet
  facet normal -0.608768 0 -0.793348
    outer loop
      vertex -2.26433 -5.23316 6.90963
      vertex -2.30585 -12.2818 6.94149
      vertex -2.30585 -5.23497 6.94149
    endloop
  endfacet
  facet normal -0.608768 -0 -0.793348
    outer loop
      vertex -2.30585 12.2818 6.94149
      vertex -2.26433 5.23316 6.90963
      vertex -2.30585 5.23497 6.94149
    endloop
  endfacet
  facet normal -0.608768 0 -0.793348
    outer loop
      vertex -2.26433 5.23316 6.90963
      vertex -2.30585 12.2818 6.94149
      vertex -2.26433 12.295 6.90963
    endloop
  endfacet
  facet normal 0.130662 0 -0.991427
    outer loop
      vertex -2.75419 5.24545 7.04088
      vertex -2.70229 12.2366 7.04772
      vertex -2.70229 5.24772 7.04772
    endloop
  endfacet
  facet normal 0.130662 0 -0.991427
    outer loop
      vertex -2.70229 12.2366 7.04772
      vertex -2.75419 5.24545 7.04088
      vertex -2.75419 12.2406 7.04088
    endloop
  endfacet
  facet normal 0.130662 0 -0.991427
    outer loop
      vertex -2.75419 -5.24545 7.04088
      vertex -2.70229 -12.2366 7.04772
      vertex -2.75419 -12.2406 7.04088
    endloop
  endfacet
  facet normal 0.130662 0 -0.991427
    outer loop
      vertex -2.70229 -12.2366 7.04772
      vertex -2.75419 -5.24545 7.04088
      vertex -2.70229 -5.24772 7.04772
    endloop
  endfacet
  facet normal 0.793348 -0 0.608768
    outer loop
      vertex -3.14149 -12.5708 6.10585
      vertex -3.10963 -5.22975 6.06433
      vertex -3.14149 -5.22556 6.10585
    endloop
  endfacet
  facet normal 0.793348 0 0.608768
    outer loop
      vertex -3.10963 -5.22975 6.06433
      vertex -3.14149 -12.5708 6.10585
      vertex -3.10963 -12.582 6.06433
    endloop
  endfacet
  facet normal 0.793348 0 0.608768
    outer loop
      vertex -3.14149 12.5708 6.10585
      vertex -3.10963 5.22975 6.06433
      vertex -3.10963 12.582 6.06433
    endloop
  endfacet
  facet normal 0.793348 0 0.608768
    outer loop
      vertex -3.10963 5.22975 6.06433
      vertex -3.14149 12.5708 6.10585
      vertex -3.14149 5.22556 6.10585
    endloop
  endfacet
  facet normal 0.675681 -0 0.737194
    outer loop
      vertex -3.07426 -12.5923 6.02574
      vertex -3.03567 -5.23316 5.99037
      vertex -3.07426 -5.23148 6.02574
    endloop
  endfacet
  facet normal 0.675681 0 0.737194
    outer loop
      vertex -3.03567 -5.23316 5.99037
      vertex -3.07426 -12.5923 6.02574
      vertex -3.03567 -12.6018 5.99037
    endloop
  endfacet
  facet normal 0.675681 0 0.737194
    outer loop
      vertex -3.07426 12.5923 6.02574
      vertex -3.03567 5.23316 5.99037
      vertex -3.03567 12.6018 5.99037
    endloop
  endfacet
  facet normal 0.675681 0 0.737194
    outer loop
      vertex -3.03567 5.23316 5.99037
      vertex -3.07426 12.5923 6.02574
      vertex -3.07426 5.23148 6.02574
    endloop
  endfacet
  facet normal 0.976331 0 -0.216283
    outer loop
      vertex -3.22956 -12.4211 6.60529
      vertex -3.24088 -5.21247 6.55419
      vertex -3.22956 -5.21396 6.60529
    endloop
  endfacet
  facet normal 0.976331 0 -0.216283
    outer loop
      vertex -3.24088 -5.21247 6.55419
      vertex -3.22956 -12.4211 6.60529
      vertex -3.24088 -12.4423 6.55419
    endloop
  endfacet
  facet normal 0.976331 0 -0.216283
    outer loop
      vertex -3.24088 5.21247 6.55419
      vertex -3.22956 12.4211 6.60529
      vertex -3.22956 5.21396 6.60529
    endloop
  endfacet
  facet normal 0.976331 0 -0.216283
    outer loop
      vertex -3.22956 12.4211 6.60529
      vertex -3.24088 5.21247 6.55419
      vertex -3.24088 12.4423 6.55419
    endloop
  endfacet
  facet normal -0.300711 0 0.953715
    outer loop
      vertex -2.49471 5.24322 5.87044
      vertex -2.44479 12.624 5.88618
      vertex -2.49471 12.6261 5.87044
    endloop
  endfacet
  facet normal -0.300711 0 0.953715
    outer loop
      vertex -2.44479 12.624 5.88618
      vertex -2.49471 5.24322 5.87044
      vertex -2.44479 5.24104 5.88618
    endloop
  endfacet
  facet normal -0.300711 0 0.953715
    outer loop
      vertex -2.49471 -5.24322 5.87044
      vertex -2.44479 -12.624 5.88618
      vertex -2.44479 -5.24104 5.88618
    endloop
  endfacet
  facet normal -0.300711 0 0.953715
    outer loop
      vertex -2.44479 -12.624 5.88618
      vertex -2.49471 -5.24322 5.87044
      vertex -2.49471 -12.6261 5.87044
    endloop
  endfacet
  facet normal -0.675681 0 0.737194
    outer loop
      vertex -2.26433 -5.23316 5.99037
      vertex -2.22574 -12.5923 6.02574
      vertex -2.22574 -5.23148 6.02574
    endloop
  endfacet
  facet normal -0.675681 0 0.737194
    outer loop
      vertex -2.22574 -12.5923 6.02574
      vertex -2.26433 -5.23316 5.99037
      vertex -2.26433 -12.6018 5.99037
    endloop
  endfacet
  facet normal -0.675681 0 0.737194
    outer loop
      vertex -2.26433 5.23316 5.99037
      vertex -2.22574 12.5923 6.02574
      vertex -2.26433 12.6018 5.99037
    endloop
  endfacet
  facet normal -0.675681 0 0.737194
    outer loop
      vertex -2.22574 12.5923 6.02574
      vertex -2.26433 5.23316 5.99037
      vertex -2.22574 5.23148 6.02574
    endloop
  endfacet
  facet normal 0.998986 -0.00440729 -0.0448062
    outer loop
      vertex -3.24772 12.4638 6.50229
      vertex -3.25 12.4786 6.45
      vertex -3.24797 12.4662 6.49648
    endloop
  endfacet
  facet normal 0.999051 0 -0.0435616
    outer loop
      vertex -3.25 5.21127 6.45
      vertex -3.24772 12.4638 6.50229
      vertex -3.24772 5.21157 6.50229
    endloop
  endfacet
  facet normal 0.999051 0 -0.0435616
    outer loop
      vertex -3.24772 12.4638 6.50229
      vertex -3.25 5.21127 6.45
      vertex -3.25 12.4786 6.45
    endloop
  endfacet
  facet normal 0.999051 0 -0.0435616
    outer loop
      vertex -3.24772 -12.4638 6.50229
      vertex -3.25 -5.21127 6.45
      vertex -3.24772 -5.21157 6.50229
    endloop
  endfacet
  facet normal 0.998986 0.00440729 -0.0448062
    outer loop
      vertex -3.25 -12.4786 6.45
      vertex -3.24772 -12.4638 6.50229
      vertex -3.24797 -12.4662 6.49648
    endloop
  endfacet
  facet normal 0.999051 0 -0.0435616
    outer loop
      vertex -3.24772 -12.4638 6.50229
      vertex -3.25 -12.4786 6.45
      vertex -3.25 -5.21127 6.45
    endloop
  endfacet
  facet normal -0.88701 0 0.46175
    outer loop
      vertex -2.13038 -5.22185 6.15
      vertex -2.10621 -12.5466 6.19643
      vertex -2.10621 -5.21867 6.19643
    endloop
  endfacet
  facet normal -0.88701 0 0.46175
    outer loop
      vertex -2.10621 -12.5466 6.19643
      vertex -2.13038 -5.22185 6.15
      vertex -2.13038 -12.559 6.15
    endloop
  endfacet
  facet normal -0.88701 0 0.46175
    outer loop
      vertex -2.13038 5.22185 6.15
      vertex -2.10621 12.5466 6.19643
      vertex -2.13038 12.559 6.15
    endloop
  endfacet
  facet normal -0.88701 0 0.46175
    outer loop
      vertex -2.10621 12.5466 6.19643
      vertex -2.13038 5.22185 6.15
      vertex -2.10621 5.21867 6.19643
    endloop
  endfacet
  facet normal -0.923889 0 0.382661
    outer loop
      vertex -2.10621 -5.21867 6.19643
      vertex -2.08618 -12.5336 6.24479
      vertex -2.08618 -5.21603 6.24479
    endloop
  endfacet
  facet normal -0.923889 0 0.382661
    outer loop
      vertex -2.08618 -12.5336 6.24479
      vertex -2.10621 -5.21867 6.19643
      vertex -2.10621 -12.5466 6.19643
    endloop
  endfacet
  facet normal -0.923889 0 0.382661
    outer loop
      vertex -2.10621 5.21867 6.19643
      vertex -2.08618 12.5336 6.24479
      vertex -2.10621 12.5466 6.19643
    endloop
  endfacet
  facet normal -0.923889 0 0.382661
    outer loop
      vertex -2.08618 12.5336 6.24479
      vertex -2.10621 5.21867 6.19643
      vertex -2.08618 5.21603 6.24479
    endloop
  endfacet
  facet normal 0.382661 0 -0.923889
    outer loop
      vertex -2.90357 -5.23893 6.99378
      vertex -2.85521 -12.2519 7.01381
      vertex -2.90357 -12.2602 6.99378
    endloop
  endfacet
  facet normal 0.382661 0 -0.923889
    outer loop
      vertex -2.85521 -12.2519 7.01381
      vertex -2.90357 -5.23893 6.99378
      vertex -2.85521 -5.24104 7.01381
    endloop
  endfacet
  facet normal 0.382661 0 -0.923889
    outer loop
      vertex -2.90357 5.23893 6.99378
      vertex -2.85521 12.2519 7.01381
      vertex -2.85521 5.24104 7.01381
    endloop
  endfacet
  facet normal 0.382661 0 -0.923889
    outer loop
      vertex -2.85521 12.2519 7.01381
      vertex -2.90357 5.23893 6.99378
      vertex -2.90357 12.2602 6.99378
    endloop
  endfacet
  facet normal 0.0435616 0 -0.999051
    outer loop
      vertex -2.70229 12.2366 7.04772
      vertex -2.65 5.25 7.05
      vertex -2.70229 5.24772 7.04772
    endloop
  endfacet
  facet normal 0.0435616 0 -0.999051
    outer loop
      vertex -2.65 5.25 7.05
      vertex -2.70229 12.2366 7.04772
      vertex -2.65 12.2353 7.05
    endloop
  endfacet
  facet normal 0.0435616 0 -0.999051
    outer loop
      vertex -2.70229 -12.2366 7.04772
      vertex -2.65 -5.25 7.05
      vertex -2.65 -12.2353 7.05
    endloop
  endfacet
  facet normal 0.0435616 0 -0.999051
    outer loop
      vertex -2.65 -5.25 7.05
      vertex -2.70229 -12.2366 7.04772
      vertex -2.70229 -5.24772 7.04772
    endloop
  endfacet
  facet normal 0.382661 0 0.923889
    outer loop
      vertex -2.90357 12.6214 5.90621
      vertex -2.85521 5.24104 5.88618
      vertex -2.85521 12.624 5.88618
    endloop
  endfacet
  facet normal 0.382661 0 0.923889
    outer loop
      vertex -2.85521 5.24104 5.88618
      vertex -2.90357 12.6214 5.90621
      vertex -2.90357 5.23893 5.90621
    endloop
  endfacet
  facet normal 0.382661 -0 0.923889
    outer loop
      vertex -2.90357 -12.6214 5.90621
      vertex -2.85521 -5.24104 5.88618
      vertex -2.90357 -5.23893 5.90621
    endloop
  endfacet
  facet normal 0.382661 0 0.923889
    outer loop
      vertex -2.85521 -5.24104 5.88618
      vertex -2.90357 -12.6214 5.90621
      vertex -2.85521 -12.624 5.88618
    endloop
  endfacet
  facet normal 0.608768 0 -0.793348
    outer loop
      vertex -3.03567 -5.23316 6.90963
      vertex -2.99415 -12.2818 6.94149
      vertex -3.03567 -12.295 6.90963
    endloop
  endfacet
  facet normal 0.608768 0 -0.793348
    outer loop
      vertex -2.99415 -12.2818 6.94149
      vertex -3.03567 -5.23316 6.90963
      vertex -2.99415 -5.23497 6.94149
    endloop
  endfacet
  facet normal 0.608768 0 -0.793348
    outer loop
      vertex -3.03567 5.23316 6.90963
      vertex -2.99415 12.2818 6.94149
      vertex -2.99415 5.23497 6.94149
    endloop
  endfacet
  facet normal 0.608768 0 -0.793348
    outer loop
      vertex -2.99415 12.2818 6.94149
      vertex -3.03567 5.23316 6.90963
      vertex -3.03567 12.295 6.90963
    endloop
  endfacet
  facet normal 0.991427 0 -0.130662
    outer loop
      vertex -3.24088 -12.4423 6.55419
      vertex -3.24772 -5.21157 6.50229
      vertex -3.24088 -5.21247 6.55419
    endloop
  endfacet
  facet normal 0.991427 0 -0.130662
    outer loop
      vertex -3.24772 -5.21157 6.50229
      vertex -3.24088 -12.4423 6.55419
      vertex -3.24772 -12.4638 6.50229
    endloop
  endfacet
  facet normal 0.991427 0 -0.130662
    outer loop
      vertex -3.24772 5.21157 6.50229
      vertex -3.24088 12.4423 6.55419
      vertex -3.24088 5.21247 6.55419
    endloop
  endfacet
  facet normal 0.991427 0 -0.130662
    outer loop
      vertex -3.24088 12.4423 6.55419
      vertex -3.24772 5.21157 6.50229
      vertex -3.24772 12.4638 6.50229
    endloop
  endfacet
  facet normal -0.463276 -0.0290368 0.885738
    outer loop
      vertex -2.39643 12.6214 5.90621
      vertex -2.35 12.6179 5.93038
      vertex -2.35476 12.6185 5.92791
    endloop
  endfacet
  facet normal -0.46175 0 0.88701
    outer loop
      vertex -2.35 12.6179 5.93038
      vertex -2.39643 12.6214 5.90621
      vertex -2.39643 5.23893 5.90621
    endloop
  endfacet
  facet normal -0.46175 0 0.88701
    outer loop
      vertex -2.35 12.6179 5.93038
      vertex -2.39643 5.23893 5.90621
      vertex -2.35 5.2369 5.93038
    endloop
  endfacet
  facet normal -0.46175 0 0.88701
    outer loop
      vertex -2.39643 -5.23893 5.90621
      vertex -2.35 -12.6179 5.93038
      vertex -2.35 -5.2369 5.93038
    endloop
  endfacet
  facet normal -0.46175 0 0.88701
    outer loop
      vertex -2.39643 -12.6214 5.90621
      vertex -2.35 -12.6179 5.93038
      vertex -2.39643 -5.23893 5.90621
    endloop
  endfacet
  facet normal -0.463276 0.0290368 0.885738
    outer loop
      vertex -2.35 -12.6179 5.93038
      vertex -2.39643 -12.6214 5.90621
      vertex -2.35476 -12.6185 5.92791
    endloop
  endfacet
  facet normal -0.537345 0 0.843362
    outer loop
      vertex -2.35 -5.2369 5.93038
      vertex -2.30585 -12.6103 5.95851
      vertex -2.30585 -5.23497 5.95851
    endloop
  endfacet
  facet normal -0.537345 0 0.843362
    outer loop
      vertex -2.30585 -12.6103 5.95851
      vertex -2.35 -5.2369 5.93038
      vertex -2.35 -12.6179 5.93038
    endloop
  endfacet
  facet normal -0.537345 0 0.843362
    outer loop
      vertex -2.35 5.2369 5.93038
      vertex -2.30585 12.6103 5.95851
      vertex -2.35 12.6179 5.93038
    endloop
  endfacet
  facet normal -0.537345 0 0.843362
    outer loop
      vertex -2.30585 12.6103 5.95851
      vertex -2.35 5.2369 5.93038
      vertex -2.30585 5.23497 5.95851
    endloop
  endfacet
  facet normal -0.46175 0 -0.88701
    outer loop
      vertex -2.39643 -12.2602 6.99378
      vertex -2.35 -5.2369 6.96961
      vertex -2.35 -12.2702 6.96961
    endloop
  endfacet
  facet normal -0.46175 0 -0.88701
    outer loop
      vertex -2.35 -5.2369 6.96961
      vertex -2.39643 -12.2602 6.99378
      vertex -2.39643 -5.23893 6.99378
    endloop
  endfacet
  facet normal -0.46175 -0 -0.88701
    outer loop
      vertex -2.39643 12.2602 6.99378
      vertex -2.35 5.2369 6.96961
      vertex -2.39643 5.23893 6.99378
    endloop
  endfacet
  facet normal -0.46175 0 -0.88701
    outer loop
      vertex -2.35 5.2369 6.96961
      vertex -2.39643 12.2602 6.99378
      vertex -2.35 12.2702 6.96961
    endloop
  endfacet
  facet normal 0.88701 -0 0.46175
    outer loop
      vertex -3.19378 -12.5466 6.19643
      vertex -3.16961 -5.22185 6.15
      vertex -3.19378 -5.21867 6.19643
    endloop
  endfacet
  facet normal 0.88701 0 0.46175
    outer loop
      vertex -3.16961 -5.22185 6.15
      vertex -3.19378 -12.5466 6.19643
      vertex -3.16961 -12.559 6.15
    endloop
  endfacet
  facet normal 0.88701 0 0.46175
    outer loop
      vertex -3.19378 12.5466 6.19643
      vertex -3.16961 5.22185 6.15
      vertex -3.16961 12.559 6.15
    endloop
  endfacet
  facet normal 0.88701 0 0.46175
    outer loop
      vertex -3.16961 5.22185 6.15
      vertex -3.19378 12.5466 6.19643
      vertex -3.19378 5.21867 6.19643
    endloop
  endfacet
  facet normal -0.216283 0 -0.976331
    outer loop
      vertex -2.54581 12.2406 7.04088
      vertex -2.49471 12.2454 7.02956
      vertex -2.49471 5.24322 7.02956
    endloop
  endfacet
  facet normal -0.216283 -0 -0.976331
    outer loop
      vertex -2.54581 12.2406 7.04088
      vertex -2.49471 5.24322 7.02956
      vertex -2.54581 5.24545 7.04088
    endloop
  endfacet
  facet normal -0.22626 0.133094 -0.964931
    outer loop
      vertex -2.49471 12.2454 7.02956
      vertex -2.54581 12.2406 7.04088
      vertex -2.54316 12.2409 7.0403
    endloop
  endfacet
  facet normal -0.22626 -0.133094 -0.964931
    outer loop
      vertex -2.54581 -12.2406 7.04088
      vertex -2.49471 -12.2454 7.02956
      vertex -2.54316 -12.2409 7.0403
    endloop
  endfacet
  facet normal -0.216283 0 -0.976331
    outer loop
      vertex -2.49471 -12.2454 7.02956
      vertex -2.54581 -12.2406 7.04088
      vertex -2.49471 -5.24322 7.02956
    endloop
  endfacet
  facet normal -0.216283 0 -0.976331
    outer loop
      vertex -2.49471 -5.24322 7.02956
      vertex -2.54581 -12.2406 7.04088
      vertex -2.54581 -5.24545 7.04088
    endloop
  endfacet
  facet normal -0.97629 0 0.216465
    outer loop
      vertex -2.07044 -5.21396 6.29471
      vertex -2.05911 -12.5065 6.34581
      vertex -2.05911 -5.21247 6.34581
    endloop
  endfacet
  facet normal -0.97629 0 0.216465
    outer loop
      vertex -2.05911 -12.5065 6.34581
      vertex -2.07044 -5.21396 6.29471
      vertex -2.07044 -12.5202 6.29471
    endloop
  endfacet
  facet normal -0.97629 0 0.216465
    outer loop
      vertex -2.07044 5.21396 6.29471
      vertex -2.05911 12.5065 6.34581
      vertex -2.07044 12.5202 6.29471
    endloop
  endfacet
  facet normal -0.97629 0 0.216465
    outer loop
      vertex -2.05911 12.5065 6.34581
      vertex -2.07044 5.21396 6.29471
      vertex -2.05911 5.21247 6.34581
    endloop
  endfacet
  facet normal -0.953715 0 0.300711
    outer loop
      vertex -2.08618 -5.21603 6.24479
      vertex -2.07044 -12.5202 6.29471
      vertex -2.07044 -5.21396 6.29471
    endloop
  endfacet
  facet normal -0.953715 0 0.300711
    outer loop
      vertex -2.07044 -12.5202 6.29471
      vertex -2.08618 -5.21603 6.24479
      vertex -2.08618 -12.5336 6.24479
    endloop
  endfacet
  facet normal -0.953715 0 0.300711
    outer loop
      vertex -2.08618 5.21603 6.24479
      vertex -2.07044 12.5202 6.29471
      vertex -2.08618 12.5336 6.24479
    endloop
  endfacet
  facet normal -0.953715 0 0.300711
    outer loop
      vertex -2.07044 12.5202 6.29471
      vertex -2.08618 5.21603 6.24479
      vertex -2.07044 5.21396 6.29471
    endloop
  endfacet
  facet normal 0.793348 0 -0.608768
    outer loop
      vertex -3.10963 -12.3257 6.83567
      vertex -3.14149 -5.22556 6.79415
      vertex -3.10963 -5.22975 6.83567
    endloop
  endfacet
  facet normal 0.793348 0 -0.608768
    outer loop
      vertex -3.14149 -5.22556 6.79415
      vertex -3.10963 -12.3257 6.83567
      vertex -3.14149 -12.3429 6.79415
    endloop
  endfacet
  facet normal 0.793348 0 -0.608768
    outer loop
      vertex -3.14149 5.22556 6.79415
      vertex -3.10963 12.3257 6.83567
      vertex -3.10963 5.22975 6.83567
    endloop
  endfacet
  facet normal 0.793348 0 -0.608768
    outer loop
      vertex -3.10963 12.3257 6.83567
      vertex -3.14149 5.22556 6.79415
      vertex -3.14149 12.3429 6.79415
    endloop
  endfacet
  facet normal 0.843449 0 -0.537209
    outer loop
      vertex -3.14149 -12.3429 6.79415
      vertex -3.16961 -5.22185 6.75
      vertex -3.14149 -5.22556 6.79415
    endloop
  endfacet
  facet normal 0.843449 0 -0.537209
    outer loop
      vertex -3.16961 -5.22185 6.75
      vertex -3.14149 -12.3429 6.79415
      vertex -3.16961 -12.3612 6.75
    endloop
  endfacet
  facet normal 0.843449 0 -0.537209
    outer loop
      vertex -3.16961 5.22185 6.75
      vertex -3.14149 12.3429 6.79415
      vertex -3.14149 5.22556 6.79415
    endloop
  endfacet
  facet normal 0.843449 0 -0.537209
    outer loop
      vertex -3.14149 12.3429 6.79415
      vertex -3.16961 5.22185 6.75
      vertex -3.16961 12.3612 6.75
    endloop
  endfacet
  facet normal 0.923889 0 -0.382661
    outer loop
      vertex -3.19378 -12.3804 6.70357
      vertex -3.21381 -5.21603 6.65521
      vertex -3.19378 -5.21867 6.70357
    endloop
  endfacet
  facet normal 0.923889 0 -0.382661
    outer loop
      vertex -3.21381 -5.21603 6.65521
      vertex -3.19378 -12.3804 6.70357
      vertex -3.21381 -12.4004 6.65521
    endloop
  endfacet
  facet normal 0.923889 0 -0.382661
    outer loop
      vertex -3.21381 5.21603 6.65521
      vertex -3.19378 12.3804 6.70357
      vertex -3.19378 5.21867 6.70357
    endloop
  endfacet
  facet normal 0.923889 0 -0.382661
    outer loop
      vertex -3.19378 12.3804 6.70357
      vertex -3.21381 5.21603 6.65521
      vertex -3.21381 12.4004 6.65521
    endloop
  endfacet
  facet normal 0.608768 -0 0.793348
    outer loop
      vertex -3.03567 -12.6018 5.99037
      vertex -2.99415 -5.23497 5.95851
      vertex -3.03567 -5.23316 5.99037
    endloop
  endfacet
  facet normal 0.608768 0 0.793348
    outer loop
      vertex -2.99415 -5.23497 5.95851
      vertex -3.03567 -12.6018 5.99037
      vertex -2.99415 -12.6103 5.95851
    endloop
  endfacet
  facet normal 0.608768 0 0.793348
    outer loop
      vertex -3.03567 12.6018 5.99037
      vertex -2.99415 5.23497 5.95851
      vertex -2.99415 12.6103 5.95851
    endloop
  endfacet
  facet normal 0.608768 0 0.793348
    outer loop
      vertex -2.99415 5.23497 5.95851
      vertex -3.03567 12.6018 5.99037
      vertex -3.03567 5.23316 5.99037
    endloop
  endfacet
  facet normal -0.991445 -0.130523 0
    outer loop
      vertex 2.58002 0.457567 5.55
      vertex 2.52024 0.911653 8.95
      vertex 2.52024 0.911653 5.55
    endloop
  endfacet
  facet normal -0.991445 -0.130523 0
    outer loop
      vertex 2.52024 0.911653 8.95
      vertex 2.58002 0.457567 5.55
      vertex 2.58002 0.457567 8.95
    endloop
  endfacet
  facet normal -0.999048 -0.0436242 0
    outer loop
      vertex 2.6 0 5.55
      vertex 2.58002 0.457567 8.95
      vertex 2.58002 0.457567 5.55
    endloop
  endfacet
  facet normal -0.999048 -0.0436242 0
    outer loop
      vertex 2.58002 0.457567 8.95
      vertex 2.6 0 5.55
      vertex 2.6 0 8.95
    endloop
  endfacet
  facet normal -0.976296 -0.216439 0
    outer loop
      vertex 2.52024 0.911653 5.55
      vertex 2.42111 1.3588 8.95
      vertex 2.42111 1.3588 5.55
    endloop
  endfacet
  facet normal -0.976296 -0.216439 0
    outer loop
      vertex 2.42111 1.3588 8.95
      vertex 2.52024 0.911653 5.55
      vertex 2.52024 0.911653 8.95
    endloop
  endfacet
  facet normal 0.382683 -0.92388 0
    outer loop
      vertex -4.86875 4.75812 5.55
      vertex -4.44561 4.93339 8.95
      vertex -4.86875 4.75812 8.95
    endloop
  endfacet
  facet normal 0.382683 -0.92388 0
    outer loop
      vertex -4.44561 4.93339 8.95
      vertex -4.86875 4.75812 5.55
      vertex -4.44561 4.93339 5.55
    endloop
  endfacet
  facet normal -0.0435616 -0.999051 0
    outer loop
      vertex -2.65 5.25 5.55
      vertex -2.59771 5.24772 5.85228
      vertex -2.65 5.25 5.85
    endloop
  endfacet
  facet normal -0.0436993 -0.999045 2.38696e-05
    outer loop
      vertex -2.65 5.25 5.55
      vertex -2.54581 5.24545 5.85911
      vertex -2.59771 5.24772 5.85228
    endloop
  endfacet
  facet normal -0.043596 -0.999049 -1.10261e-05
    outer loop
      vertex -2.65 5.25 5.55
      vertex -2.49471 5.24322 5.87044
      vertex -2.54581 5.24545 5.85911
    endloop
  endfacet
  facet normal -0.0436239 -0.999048 2.51834e-06
    outer loop
      vertex -2.19243 5.23002 5.55
      vertex -2.49471 5.24322 5.87044
      vertex -2.65 5.25 5.55
    endloop
  endfacet
  facet normal -0.0436279 -0.999048 -1.27082e-06
    outer loop
      vertex -2.49471 5.24322 5.87044
      vertex -2.19243 5.23002 5.55
      vertex -2.44479 5.24104 5.88618
    endloop
  endfacet
  facet normal -0.0435983 -0.999049 2.09819e-05
    outer loop
      vertex -2.44479 5.24104 5.88618
      vertex -2.19243 5.23002 5.55
      vertex -2.39643 5.23893 5.90621
    endloop
  endfacet
  facet normal -0.0436696 -0.999046 -1.99488e-05
    outer loop
      vertex -2.39643 5.23893 5.90621
      vertex -2.19243 5.23002 5.55
      vertex -2.35 5.2369 5.93038
    endloop
  endfacet
  facet normal -0.0436622 -0.999046 -1.68546e-05
    outer loop
      vertex -2.35 5.2369 5.93038
      vertex -2.19243 5.23002 5.55
      vertex -2.30585 5.23497 5.95851
    endloop
  endfacet
  facet normal -0.0435608 -0.999051 1.13526e-05
    outer loop
      vertex -2.30585 5.23497 5.95851
      vertex -2.19243 5.23002 5.55
      vertex -2.26433 5.23316 5.99037
    endloop
  endfacet
  facet normal -0.0435112 -0.999053 1.94626e-05
    outer loop
      vertex -2.26433 5.23316 5.99037
      vertex -2.19243 5.23002 5.55
      vertex -2.22574 5.23148 6.02574
    endloop
  endfacet
  facet normal -0.0437886 -0.999041 0
    outer loop
      vertex -2.22574 5.23148 6.02574
      vertex -2.19243 5.23002 5.55
      vertex -2.19243 5.23002 6.06208
    endloop
  endfacet
  facet normal -0.0435616 -0.999051 0
    outer loop
      vertex -2.59771 5.24772 7.04772
      vertex -2.65 5.25 8.95
      vertex -2.65 5.25 7.05
    endloop
  endfacet
  facet normal -0.0436967 -0.999045 -3.72011e-06
    outer loop
      vertex -2.54581 5.24545 7.04088
      vertex -2.65 5.25 8.95
      vertex -2.59771 5.24772 7.04772
    endloop
  endfacet
  facet normal -0.0436239 -0.999048 2.59953e-07
    outer loop
      vertex -2.65 5.25 8.95
      vertex -2.54581 5.24545 7.04088
      vertex -2.19243 5.23002 8.95
    endloop
  endfacet
  facet normal -0.0435994 -0.999049 -4.28517e-06
    outer loop
      vertex -2.49471 5.24322 7.02956
      vertex -2.19243 5.23002 8.95
      vertex -2.54581 5.24545 7.04088
    endloop
  endfacet
  facet normal -0.0436282 -0.999048 2.62099e-07
    outer loop
      vertex -2.44479 5.24104 7.01381
      vertex -2.19243 5.23002 8.95
      vertex -2.49471 5.24322 7.02956
    endloop
  endfacet
  facet normal -0.0435915 -0.999049 -4.53115e-06
    outer loop
      vertex -2.39643 5.23893 6.99378
      vertex -2.19243 5.23002 8.95
      vertex -2.44479 5.24104 7.01381
    endloop
  endfacet
  facet normal -0.0436777 -0.999046 4.47264e-06
    outer loop
      vertex -2.35 5.2369 6.96961
      vertex -2.19243 5.23002 8.95
      vertex -2.39643 5.23893 6.99378
    endloop
  endfacet
  facet normal -0.0436704 -0.999046 3.89439e-06
    outer loop
      vertex -2.30585 5.23497 6.94149
      vertex -2.19243 5.23002 8.95
      vertex -2.35 5.2369 6.96961
    endloop
  endfacet
  facet normal -0.0435541 -0.999051 -2.68459e-06
    outer loop
      vertex -2.26433 5.23316 6.90963
      vertex -2.19243 5.23002 8.95
      vertex -2.30585 5.23497 6.94149
    endloop
  endfacet
  facet normal -0.0434977 -0.999054 -4.67809e-06
    outer loop
      vertex -2.22574 5.23148 6.87426
      vertex -2.19243 5.23002 8.95
      vertex -2.26433 5.23316 6.90963
    endloop
  endfacet
  facet normal -0.0437886 -0.999041 -0
    outer loop
      vertex -2.19243 5.23002 8.95
      vertex -2.22574 5.23148 6.87426
      vertex -2.19243 5.23002 6.83792
    endloop
  endfacet
  facet normal -0.675587 -0.737281 0
    outer loop
      vertex 0.724634 4.02173 5.55
      vertex 1.06231 3.71231 8.95
      vertex 0.724634 4.02173 8.95
    endloop
  endfacet
  facet normal -0.675587 -0.737281 -0
    outer loop
      vertex 1.06231 3.71231 8.95
      vertex 0.724634 4.02173 5.55
      vertex 1.06231 3.71231 5.55
    endloop
  endfacet
  facet normal -0.793341 -0.608778 0
    outer loop
      vertex 1.65055 3.01128 5.55
      vertex 1.37173 3.37463 8.95
      vertex 1.37173 3.37463 5.55
    endloop
  endfacet
  facet normal -0.793341 -0.608778 0
    outer loop
      vertex 1.37173 3.37463 8.95
      vertex 1.65055 3.01128 5.55
      vertex 1.65055 3.01128 8.95
    endloop
  endfacet
  facet normal 0.608778 0.793341 -0
    outer loop
      vertex -5.66128 -4.30055 5.55
      vertex -6.02463 -4.02173 8.95
      vertex -5.66128 -4.30055 8.95
    endloop
  endfacet
  facet normal 0.608778 0.793341 0
    outer loop
      vertex -6.02463 -4.02173 8.95
      vertex -5.66128 -4.30055 5.55
      vertex -6.02463 -4.02173 5.55
    endloop
  endfacet
  facet normal -0.887002 -0.461765 0
    outer loop
      vertex 2.10812 2.21875 5.55
      vertex 1.89663 2.625 8.95
      vertex 1.89663 2.625 5.55
    endloop
  endfacet
  facet normal -0.887002 -0.461765 0
    outer loop
      vertex 1.89663 2.625 8.95
      vertex 2.10812 2.21875 5.55
      vertex 2.10812 2.21875 8.95
    endloop
  endfacet
  facet normal 0.537288 0.843399 -0
    outer loop
      vertex -5.275 -4.54663 5.55
      vertex -5.66128 -4.30055 8.95
      vertex -5.275 -4.54663 8.95
    endloop
  endfacet
  facet normal 0.537288 0.843399 0
    outer loop
      vertex -5.66128 -4.30055 8.95
      vertex -5.275 -4.54663 5.55
      vertex -5.66128 -4.30055 5.55
    endloop
  endfacet
  facet normal -0.130525 0.991445 0
    outer loop
      vertex -1.73835 -5.17024 8.95
      vertex -2.19243 -5.23002 6.83792
      vertex -2.19243 -5.23002 8.95
    endloop
  endfacet
  facet normal -0.130065 0.991506 -0.000100617
    outer loop
      vertex -1.73835 -5.17024 8.95
      vertex -2.19037 -5.22975 6.83567
      vertex -2.19243 -5.23002 6.83792
    endloop
  endfacet
  facet normal -0.13042 0.991459 -2.33077e-05
    outer loop
      vertex -1.73835 -5.17024 8.95
      vertex -2.15851 -5.22556 6.79415
      vertex -2.19037 -5.22975 6.83567
    endloop
  endfacet
  facet normal -0.130704 0.991421 3.30749e-05
    outer loop
      vertex -1.73835 -5.17024 8.95
      vertex -2.13038 -5.22185 6.75
      vertex -2.15851 -5.22556 6.79415
    endloop
  endfacet
  facet normal -0.130464 0.991453 -1.05332e-05
    outer loop
      vertex -1.73835 -5.17024 8.95
      vertex -2.10621 -5.21867 6.70357
      vertex -2.13038 -5.22185 6.75
    endloop
  endfacet
  facet normal -0.130631 0.991431 1.73303e-05
    outer loop
      vertex -1.73835 -5.17024 8.95
      vertex -2.08618 -5.21603 6.65521
      vertex -2.10621 -5.21867 6.70357
    endloop
  endfacet
  facet normal -0.130431 0.991457 -1.34675e-05
    outer loop
      vertex -1.73835 -5.17024 8.95
      vertex -2.07044 -5.21396 6.60529
      vertex -2.08618 -5.21603 6.65521
    endloop
  endfacet
  facet normal -0.13044 0.991456 -1.21497e-05
    outer loop
      vertex -1.73835 -5.17024 8.95
      vertex -2.05911 -5.21247 6.55419
      vertex -2.07044 -5.21396 6.60529
    endloop
  endfacet
  facet normal -0.13053 0.991444 0
    outer loop
      vertex -1.73835 -5.17024 5.55
      vertex -2.05911 -5.21247 6.55419
      vertex -1.73835 -5.17024 8.95
    endloop
  endfacet
  facet normal -0.130451 0.991455 2.56351e-05
    outer loop
      vertex -2.05911 -5.21247 6.55419
      vertex -1.73835 -5.17024 5.55
      vertex -2.05228 -5.21157 6.50229
    endloop
  endfacet
  facet normal -0.130538 0.991443 -3.71682e-06
    outer loop
      vertex -2.05228 -5.21157 6.50229
      vertex -1.73835 -5.17024 5.55
      vertex -2.05 -5.21127 6.45
    endloop
  endfacet
  facet normal -0.13052 0.991446 2.88547e-06
    outer loop
      vertex -2.05 -5.21127 6.45
      vertex -1.73835 -5.17024 5.55
      vertex -2.05228 -5.21157 6.39771
    endloop
  endfacet
  facet normal -0.130557 0.991441 -1.13633e-05
    outer loop
      vertex -1.73835 -5.17024 5.55
      vertex -2.05911 -5.21247 6.34581
      vertex -2.05228 -5.21157 6.39771
    endloop
  endfacet
  facet normal -0.130479 0.991451 2.08183e-05
    outer loop
      vertex -1.73835 -5.17024 5.55
      vertex -2.07044 -5.21396 6.29471
      vertex -2.05911 -5.21247 6.34581
    endloop
  endfacet
  facet normal -0.130469 0.991452 2.54522e-05
    outer loop
      vertex -1.73835 -5.17024 5.55
      vertex -2.08618 -5.21603 6.24479
      vertex -2.07044 -5.21396 6.29471
    endloop
  endfacet
  facet normal -0.130588 0.991437 -3.53996e-05
    outer loop
      vertex -1.73835 -5.17024 5.55
      vertex -2.10621 -5.21867 6.19643
      vertex -2.08618 -5.21603 6.24479
    endloop
  endfacet
  facet normal -0.130487 0.99145 2.29886e-05
    outer loop
      vertex -1.73835 -5.17024 5.55
      vertex -2.13038 -5.22185 6.15
      vertex -2.10621 -5.21867 6.19643
    endloop
  endfacet
  facet normal -0.130637 0.99143 -7.66205e-05
    outer loop
      vertex -1.73835 -5.17024 5.55
      vertex -2.15851 -5.22556 6.10585
      vertex -2.13038 -5.22185 6.15
    endloop
  endfacet
  facet normal -0.130463 0.991453 5.7105e-05
    outer loop
      vertex -1.73835 -5.17024 5.55
      vertex -2.19037 -5.22975 6.06433
      vertex -2.15851 -5.22556 6.10585
    endloop
  endfacet
  facet normal -0.130236 0.991483 0.000260313
    outer loop
      vertex -1.73835 -5.17024 5.55
      vertex -2.19243 -5.23002 6.06208
      vertex -2.19037 -5.22975 6.06433
    endloop
  endfacet
  facet normal -0.130525 0.991445 0
    outer loop
      vertex -2.19243 -5.23002 6.06208
      vertex -1.73835 -5.17024 5.55
      vertex -2.19243 -5.23002 5.55
    endloop
  endfacet
  facet normal 0.0435616 0.999051 0
    outer loop
      vertex -2.70229 -5.24772 7.04772
      vertex -2.65 -5.25 8.95
      vertex -2.65 -5.25 7.05
    endloop
  endfacet
  facet normal 0.0436967 0.999045 -3.72011e-06
    outer loop
      vertex -2.75419 -5.24545 7.04088
      vertex -2.65 -5.25 8.95
      vertex -2.70229 -5.24772 7.04772
    endloop
  endfacet
  facet normal 0.0436239 0.999048 2.59953e-07
    outer loop
      vertex -2.65 -5.25 8.95
      vertex -2.75419 -5.24545 7.04088
      vertex -3.10757 -5.23002 8.95
    endloop
  endfacet
  facet normal 0.0435994 0.999049 -4.28517e-06
    outer loop
      vertex -2.80529 -5.24322 7.02956
      vertex -3.10757 -5.23002 8.95
      vertex -2.75419 -5.24545 7.04088
    endloop
  endfacet
  facet normal 0.0436282 0.999048 2.62099e-07
    outer loop
      vertex -2.85521 -5.24104 7.01381
      vertex -3.10757 -5.23002 8.95
      vertex -2.80529 -5.24322 7.02956
    endloop
  endfacet
  facet normal 0.0435915 0.999049 -4.53115e-06
    outer loop
      vertex -2.90357 -5.23893 6.99378
      vertex -3.10757 -5.23002 8.95
      vertex -2.85521 -5.24104 7.01381
    endloop
  endfacet
  facet normal 0.0436777 0.999046 4.47264e-06
    outer loop
      vertex -2.95 -5.2369 6.96961
      vertex -3.10757 -5.23002 8.95
      vertex -2.90357 -5.23893 6.99378
    endloop
  endfacet
  facet normal 0.0436704 0.999046 3.89439e-06
    outer loop
      vertex -2.99415 -5.23497 6.94149
      vertex -3.10757 -5.23002 8.95
      vertex -2.95 -5.2369 6.96961
    endloop
  endfacet
  facet normal 0.0435541 0.999051 -2.68459e-06
    outer loop
      vertex -3.03567 -5.23316 6.90963
      vertex -3.10757 -5.23002 8.95
      vertex -2.99415 -5.23497 6.94149
    endloop
  endfacet
  facet normal 0.0434977 0.999054 -4.67809e-06
    outer loop
      vertex -3.07426 -5.23148 6.87426
      vertex -3.10757 -5.23002 8.95
      vertex -3.03567 -5.23316 6.90963
    endloop
  endfacet
  facet normal 0.0437886 0.999041 0
    outer loop
      vertex -3.10757 -5.23002 8.95
      vertex -3.07426 -5.23148 6.87426
      vertex -3.10757 -5.23002 6.83792
    endloop
  endfacet
  facet normal 0.0435616 0.999051 -0
    outer loop
      vertex -2.65 -5.25 5.55
      vertex -2.70229 -5.24772 5.85228
      vertex -2.65 -5.25 5.85
    endloop
  endfacet
  facet normal 0.0436993 0.999045 2.38696e-05
    outer loop
      vertex -2.65 -5.25 5.55
      vertex -2.75419 -5.24545 5.85911
      vertex -2.70229 -5.24772 5.85228
    endloop
  endfacet
  facet normal 0.043596 0.999049 -1.10261e-05
    outer loop
      vertex -2.65 -5.25 5.55
      vertex -2.80529 -5.24322 5.87044
      vertex -2.75419 -5.24545 5.85911
    endloop
  endfacet
  facet normal 0.0436239 0.999048 2.51834e-06
    outer loop
      vertex -3.10757 -5.23002 5.55
      vertex -2.80529 -5.24322 5.87044
      vertex -2.65 -5.25 5.55
    endloop
  endfacet
  facet normal 0.0436279 0.999048 -1.27082e-06
    outer loop
      vertex -2.80529 -5.24322 5.87044
      vertex -3.10757 -5.23002 5.55
      vertex -2.85521 -5.24104 5.88618
    endloop
  endfacet
  facet normal 0.0435983 0.999049 2.09819e-05
    outer loop
      vertex -2.85521 -5.24104 5.88618
      vertex -3.10757 -5.23002 5.55
      vertex -2.90357 -5.23893 5.90621
    endloop
  endfacet
  facet normal 0.0436696 0.999046 -1.99488e-05
    outer loop
      vertex -2.90357 -5.23893 5.90621
      vertex -3.10757 -5.23002 5.55
      vertex -2.95 -5.2369 5.93038
    endloop
  endfacet
  facet normal 0.0436622 0.999046 -1.68546e-05
    outer loop
      vertex -2.95 -5.2369 5.93038
      vertex -3.10757 -5.23002 5.55
      vertex -2.99415 -5.23497 5.95851
    endloop
  endfacet
  facet normal 0.0435608 0.999051 1.13526e-05
    outer loop
      vertex -2.99415 -5.23497 5.95851
      vertex -3.10757 -5.23002 5.55
      vertex -3.03567 -5.23316 5.99037
    endloop
  endfacet
  facet normal 0.0435112 0.999053 1.94626e-05
    outer loop
      vertex -3.03567 -5.23316 5.99037
      vertex -3.10757 -5.23002 5.55
      vertex -3.07426 -5.23148 6.02574
    endloop
  endfacet
  facet normal 0.0437886 0.999041 0
    outer loop
      vertex -3.07426 -5.23148 6.02574
      vertex -3.10757 -5.23002 5.55
      vertex -3.10757 -5.23002 6.06208
    endloop
  endfacet
  facet normal -0.793341 0.608778 0
    outer loop
      vertex 1.37173 -3.37463 5.55
      vertex 1.65055 -3.01128 8.95
      vertex 1.65055 -3.01128 5.55
    endloop
  endfacet
  facet normal -0.793341 0.608778 0
    outer loop
      vertex 1.65055 -3.01128 8.95
      vertex 1.37173 -3.37463 5.55
      vertex 1.37173 -3.37463 8.95
    endloop
  endfacet
  facet normal -0.608769 -0.793347 0
    outer loop
      vertex 0.361276 4.30055 5.55
      vertex 0.724634 4.02173 8.95
      vertex 0.361276 4.30055 8.95
    endloop
  endfacet
  facet normal -0.608769 -0.793347 -0
    outer loop
      vertex 0.724634 4.02173 8.95
      vertex 0.361276 4.30055 5.55
      vertex 0.724634 4.02173 5.55
    endloop
  endfacet
  facet normal -0.95372 -0.300695 0
    outer loop
      vertex 2.42111 1.3588 5.55
      vertex 2.28339 1.79561 8.95
      vertex 2.28339 1.79561 5.55
    endloop
  endfacet
  facet normal -0.95372 -0.300695 0
    outer loop
      vertex 2.28339 1.79561 8.95
      vertex 2.42111 1.3588 5.55
      vertex 2.42111 1.3588 8.95
    endloop
  endfacet
  facet normal 0.608778 -0.793341 0
    outer loop
      vertex -6.02463 4.02173 5.55
      vertex -5.66128 4.30055 8.95
      vertex -6.02463 4.02173 8.95
    endloop
  endfacet
  facet normal 0.608778 -0.793341 0
    outer loop
      vertex -5.66128 4.30055 8.95
      vertex -6.02463 4.02173 5.55
      vertex -5.66128 4.30055 5.55
    endloop
  endfacet
  facet normal 0.737285 0.675582 0
    outer loop
      vertex -6.36231 -3.71231 8.95
      vertex -6.67173 -3.37463 5.55
      vertex -6.67173 -3.37463 8.95
    endloop
  endfacet
  facet normal 0.737285 0.675582 0
    outer loop
      vertex -6.67173 -3.37463 5.55
      vertex -6.36231 -3.71231 8.95
      vertex -6.36231 -3.71231 5.55
    endloop
  endfacet
  facet normal -0.92388 0.382683 0
    outer loop
      vertex 2.10812 -2.21875 5.55
      vertex 2.28339 -1.79561 8.95
      vertex 2.28339 -1.79561 5.55
    endloop
  endfacet
  facet normal -0.92388 0.382683 0
    outer loop
      vertex 2.28339 -1.79561 8.95
      vertex 2.10812 -2.21875 5.55
      vertex 2.10812 -2.21875 8.95
    endloop
  endfacet
  facet normal -0.608769 0.793347 0
    outer loop
      vertex 0.724634 -4.02173 5.55
      vertex 0.361276 -4.30055 8.95
      vertex 0.724634 -4.02173 8.95
    endloop
  endfacet
  facet normal -0.608769 0.793347 0
    outer loop
      vertex 0.361276 -4.30055 8.95
      vertex 0.724634 -4.02173 5.55
      vertex 0.361276 -4.30055 5.55
    endloop
  endfacet
  facet normal 0.976296 -0.216439 0
    outer loop
      vertex -7.82024 0.911653 8.95
      vertex -7.72111 1.3588 5.55
      vertex -7.72111 1.3588 8.95
    endloop
  endfacet
  facet normal 0.976296 -0.216439 0
    outer loop
      vertex -7.72111 1.3588 5.55
      vertex -7.82024 0.911653 8.95
      vertex -7.82024 0.911653 5.55
    endloop
  endfacet
  facet normal 0.216438 -0.976296 0
    outer loop
      vertex -4.0088 5.07111 5.55
      vertex -3.56165 5.17024 8.95
      vertex -4.0088 5.07111 8.95
    endloop
  endfacet
  facet normal 0.216438 -0.976296 0
    outer loop
      vertex -3.56165 5.17024 8.95
      vertex -4.0088 5.07111 5.55
      vertex -3.56165 5.17024 5.55
    endloop
  endfacet
  facet normal 0.793341 0.608778 0
    outer loop
      vertex -6.67173 -3.37463 8.95
      vertex -6.95055 -3.01128 5.55
      vertex -6.95055 -3.01128 8.95
    endloop
  endfacet
  facet normal 0.793341 0.608778 0
    outer loop
      vertex -6.95055 -3.01128 5.55
      vertex -6.67173 -3.37463 8.95
      vertex -6.67173 -3.37463 5.55
    endloop
  endfacet
  facet normal 0.887002 0.461765 0
    outer loop
      vertex -7.19663 -2.625 8.95
      vertex -7.40812 -2.21875 5.55
      vertex -7.40812 -2.21875 8.95
    endloop
  endfacet
  facet normal 0.887002 0.461765 0
    outer loop
      vertex -7.40812 -2.21875 5.55
      vertex -7.19663 -2.625 8.95
      vertex -7.19663 -2.625 5.55
    endloop
  endfacet
  facet normal -0.999048 0.0436242 0
    outer loop
      vertex 2.58002 -0.457567 5.55
      vertex 2.6 0 8.95
      vertex 2.6 0 5.55
    endloop
  endfacet
  facet normal -0.999048 0.0436242 0
    outer loop
      vertex 2.6 0 8.95
      vertex 2.58002 -0.457567 5.55
      vertex 2.58002 -0.457567 8.95
    endloop
  endfacet
  facet normal 0.991445 -0.130523 0
    outer loop
      vertex -7.88002 0.457567 8.95
      vertex -7.82024 0.911653 5.55
      vertex -7.82024 0.911653 8.95
    endloop
  endfacet
  facet normal 0.991445 -0.130523 0
    outer loop
      vertex -7.82024 0.911653 5.55
      vertex -7.88002 0.457567 8.95
      vertex -7.88002 0.457567 5.55
    endloop
  endfacet
  facet normal -0.737285 0.675582 0
    outer loop
      vertex 1.06231 -3.71231 5.55
      vertex 1.37173 -3.37463 8.95
      vertex 1.37173 -3.37463 5.55
    endloop
  endfacet
  facet normal -0.737285 0.675582 0
    outer loop
      vertex 1.37173 -3.37463 8.95
      vertex 1.06231 -3.71231 5.55
      vertex 1.06231 -3.71231 8.95
    endloop
  endfacet
  facet normal 0.976296 0.216439 0
    outer loop
      vertex -7.72111 -1.3588 8.95
      vertex -7.82024 -0.911653 5.55
      vertex -7.82024 -0.911653 8.95
    endloop
  endfacet
  facet normal 0.976296 0.216439 0
    outer loop
      vertex -7.82024 -0.911653 5.55
      vertex -7.72111 -1.3588 8.95
      vertex -7.72111 -1.3588 5.55
    endloop
  endfacet
  facet normal 0.300695 0.95372 -0
    outer loop
      vertex -4.0088 -5.07111 5.55
      vertex -4.44561 -4.93339 8.95
      vertex -4.0088 -5.07111 8.95
    endloop
  endfacet
  facet normal 0.300695 0.95372 0
    outer loop
      vertex -4.44561 -4.93339 8.95
      vertex -4.0088 -5.07111 5.55
      vertex -4.44561 -4.93339 5.55
    endloop
  endfacet
  facet normal -0.537292 -0.843396 0
    outer loop
      vertex -0.0249996 4.54663 5.55
      vertex 0.361276 4.30055 8.95
      vertex -0.0249996 4.54663 8.95
    endloop
  endfacet
  facet normal -0.537292 -0.843396 -0
    outer loop
      vertex 0.361276 4.30055 8.95
      vertex -0.0249996 4.54663 5.55
      vertex 0.361276 4.30055 5.55
    endloop
  endfacet
  facet normal 0.675582 -0.737285 0
    outer loop
      vertex -6.36231 3.71231 5.55
      vertex -6.02463 4.02173 8.95
      vertex -6.36231 3.71231 8.95
    endloop
  endfacet
  facet normal 0.675582 -0.737285 0
    outer loop
      vertex -6.02463 4.02173 8.95
      vertex -6.36231 3.71231 5.55
      vertex -6.02463 4.02173 5.55
    endloop
  endfacet
  facet normal 0.461765 0.887002 -0
    outer loop
      vertex -4.86875 -4.75812 5.55
      vertex -5.275 -4.54663 8.95
      vertex -4.86875 -4.75812 8.95
    endloop
  endfacet
  facet normal 0.461765 0.887002 0
    outer loop
      vertex -5.275 -4.54663 8.95
      vertex -4.86875 -4.75812 5.55
      vertex -5.275 -4.54663 5.55
    endloop
  endfacet
  facet normal 0.737285 -0.675582 0
    outer loop
      vertex -6.67173 3.37463 8.95
      vertex -6.36231 3.71231 5.55
      vertex -6.36231 3.71231 8.95
    endloop
  endfacet
  facet normal 0.737285 -0.675582 0
    outer loop
      vertex -6.36231 3.71231 5.55
      vertex -6.67173 3.37463 8.95
      vertex -6.67173 3.37463 5.55
    endloop
  endfacet
  facet normal 0.0437886 -0.999041 0
    outer loop
      vertex -3.10757 5.23002 5.55
      vertex -3.07426 5.23148 6.02574
      vertex -3.10757 5.23002 6.06208
    endloop
  endfacet
  facet normal 0.0435112 -0.999053 1.94626e-05
    outer loop
      vertex -3.10757 5.23002 5.55
      vertex -3.03567 5.23316 5.99037
      vertex -3.07426 5.23148 6.02574
    endloop
  endfacet
  facet normal 0.0435608 -0.999051 1.13526e-05
    outer loop
      vertex -3.10757 5.23002 5.55
      vertex -2.99415 5.23497 5.95851
      vertex -3.03567 5.23316 5.99037
    endloop
  endfacet
  facet normal 0.0436622 -0.999046 -1.68546e-05
    outer loop
      vertex -3.10757 5.23002 5.55
      vertex -2.95 5.2369 5.93038
      vertex -2.99415 5.23497 5.95851
    endloop
  endfacet
  facet normal 0.0436696 -0.999046 -1.99488e-05
    outer loop
      vertex -3.10757 5.23002 5.55
      vertex -2.90357 5.23893 5.90621
      vertex -2.95 5.2369 5.93038
    endloop
  endfacet
  facet normal 0.0435983 -0.999049 2.09819e-05
    outer loop
      vertex -3.10757 5.23002 5.55
      vertex -2.85521 5.24104 5.88618
      vertex -2.90357 5.23893 5.90621
    endloop
  endfacet
  facet normal 0.0436279 -0.999048 -1.27082e-06
    outer loop
      vertex -3.10757 5.23002 5.55
      vertex -2.80529 5.24322 5.87044
      vertex -2.85521 5.24104 5.88618
    endloop
  endfacet
  facet normal 0.0436239 -0.999048 2.51834e-06
    outer loop
      vertex -2.65 5.25 5.55
      vertex -2.80529 5.24322 5.87044
      vertex -3.10757 5.23002 5.55
    endloop
  endfacet
  facet normal 0.043596 -0.999049 -1.10261e-05
    outer loop
      vertex -2.80529 5.24322 5.87044
      vertex -2.65 5.25 5.55
      vertex -2.75419 5.24545 5.85911
    endloop
  endfacet
  facet normal 0.0436993 -0.999045 2.38696e-05
    outer loop
      vertex -2.75419 5.24545 5.85911
      vertex -2.65 5.25 5.55
      vertex -2.70229 5.24772 5.85228
    endloop
  endfacet
  facet normal 0.0435616 -0.999051 0
    outer loop
      vertex -2.70229 5.24772 5.85228
      vertex -2.65 5.25 5.55
      vertex -2.65 5.25 5.85
    endloop
  endfacet
  facet normal 0.0436239 -0.999048 2.59953e-07
    outer loop
      vertex -2.75419 5.24545 7.04088
      vertex -2.65 5.25 8.95
      vertex -3.10757 5.23002 8.95
    endloop
  endfacet
  facet normal 0.0435616 -0.999051 0
    outer loop
      vertex -2.65 5.25 8.95
      vertex -2.70229 5.24772 7.04772
      vertex -2.65 5.25 7.05
    endloop
  endfacet
  facet normal 0.0436967 -0.999045 -3.72011e-06
    outer loop
      vertex -2.65 5.25 8.95
      vertex -2.75419 5.24545 7.04088
      vertex -2.70229 5.24772 7.04772
    endloop
  endfacet
  facet normal 0.0435994 -0.999049 -4.28517e-06
    outer loop
      vertex -3.10757 5.23002 8.95
      vertex -2.80529 5.24322 7.02956
      vertex -2.75419 5.24545 7.04088
    endloop
  endfacet
  facet normal 0.0436282 -0.999048 2.62099e-07
    outer loop
      vertex -3.10757 5.23002 8.95
      vertex -2.85521 5.24104 7.01381
      vertex -2.80529 5.24322 7.02956
    endloop
  endfacet
  facet normal 0.0435915 -0.999049 -4.53115e-06
    outer loop
      vertex -3.10757 5.23002 8.95
      vertex -2.90357 5.23893 6.99378
      vertex -2.85521 5.24104 7.01381
    endloop
  endfacet
  facet normal 0.0436777 -0.999046 4.47264e-06
    outer loop
      vertex -3.10757 5.23002 8.95
      vertex -2.95 5.2369 6.96961
      vertex -2.90357 5.23893 6.99378
    endloop
  endfacet
  facet normal 0.0436704 -0.999046 3.89439e-06
    outer loop
      vertex -3.10757 5.23002 8.95
      vertex -2.99415 5.23497 6.94149
      vertex -2.95 5.2369 6.96961
    endloop
  endfacet
  facet normal 0.0435541 -0.999051 -2.68459e-06
    outer loop
      vertex -3.10757 5.23002 8.95
      vertex -3.03567 5.23316 6.90963
      vertex -2.99415 5.23497 6.94149
    endloop
  endfacet
  facet normal 0.0434977 -0.999054 -4.67809e-06
    outer loop
      vertex -3.10757 5.23002 8.95
      vertex -3.07426 5.23148 6.87426
      vertex -3.03567 5.23316 6.90963
    endloop
  endfacet
  facet normal 0.0437886 -0.999041 0
    outer loop
      vertex -3.07426 5.23148 6.87426
      vertex -3.10757 5.23002 8.95
      vertex -3.10757 5.23002 6.83792
    endloop
  endfacet
  facet normal -0.737285 -0.675582 0
    outer loop
      vertex 1.37173 3.37463 5.55
      vertex 1.06231 3.71231 8.95
      vertex 1.06231 3.71231 5.55
    endloop
  endfacet
  facet normal -0.737285 -0.675582 0
    outer loop
      vertex 1.06231 3.71231 8.95
      vertex 1.37173 3.37463 5.55
      vertex 1.37173 3.37463 8.95
    endloop
  endfacet
  facet normal 0.991445 0.130523 0
    outer loop
      vertex -7.82024 -0.911653 8.95
      vertex -7.88002 -0.457567 5.55
      vertex -7.88002 -0.457567 8.95
    endloop
  endfacet
  facet normal 0.991445 0.130523 0
    outer loop
      vertex -7.88002 -0.457567 5.55
      vertex -7.82024 -0.911653 8.95
      vertex -7.82024 -0.911653 5.55
    endloop
  endfacet
  facet normal -0.382682 0.92388 0
    outer loop
      vertex -0.431253 -4.75812 5.55
      vertex -0.854394 -4.93339 8.95
      vertex -0.431253 -4.75812 8.95
    endloop
  endfacet
  facet normal -0.382682 0.92388 0
    outer loop
      vertex -0.854394 -4.93339 8.95
      vertex -0.431253 -4.75812 5.55
      vertex -0.854394 -4.93339 5.55
    endloop
  endfacet
  facet normal -0.95372 0.300695 0
    outer loop
      vertex 2.28339 -1.79561 5.55
      vertex 2.42111 -1.3588 8.95
      vertex 2.42111 -1.3588 5.55
    endloop
  endfacet
  facet normal -0.95372 0.300695 0
    outer loop
      vertex 2.42111 -1.3588 8.95
      vertex 2.28339 -1.79561 5.55
      vertex 2.28339 -1.79561 8.95
    endloop
  endfacet
  facet normal 0.537288 -0.843399 0
    outer loop
      vertex -5.66128 4.30055 5.55
      vertex -5.275 4.54663 8.95
      vertex -5.66128 4.30055 8.95
    endloop
  endfacet
  facet normal 0.537288 -0.843399 0
    outer loop
      vertex -5.275 4.54663 8.95
      vertex -5.66128 4.30055 5.55
      vertex -5.275 4.54663 5.55
    endloop
  endfacet
  facet normal -0.92388 -0.382683 0
    outer loop
      vertex 2.28339 1.79561 5.55
      vertex 2.10812 2.21875 8.95
      vertex 2.10812 2.21875 5.55
    endloop
  endfacet
  facet normal -0.92388 -0.382683 0
    outer loop
      vertex 2.10812 2.21875 8.95
      vertex 2.28339 1.79561 5.55
      vertex 2.28339 1.79561 8.95
    endloop
  endfacet
  facet normal -0.300697 -0.95372 0
    outer loop
      vertex -1.2912 5.07111 5.55
      vertex -0.854394 4.93339 8.95
      vertex -1.2912 5.07111 8.95
    endloop
  endfacet
  facet normal -0.300697 -0.95372 -0
    outer loop
      vertex -0.854394 4.93339 8.95
      vertex -1.2912 5.07111 5.55
      vertex -0.854394 4.93339 5.55
    endloop
  endfacet
  facet normal -0.382682 -0.92388 0
    outer loop
      vertex -0.854394 4.93339 5.55
      vertex -0.431253 4.75812 8.95
      vertex -0.854394 4.93339 8.95
    endloop
  endfacet
  facet normal -0.382682 -0.92388 -0
    outer loop
      vertex -0.431253 4.75812 8.95
      vertex -0.854394 4.93339 5.55
      vertex -0.431253 4.75812 5.55
    endloop
  endfacet
  facet normal -0.0437886 0.999041 0
    outer loop
      vertex -2.19243 -5.23002 5.55
      vertex -2.22574 -5.23148 6.02574
      vertex -2.19243 -5.23002 6.06208
    endloop
  endfacet
  facet normal -0.0435112 0.999053 1.94626e-05
    outer loop
      vertex -2.19243 -5.23002 5.55
      vertex -2.26433 -5.23316 5.99037
      vertex -2.22574 -5.23148 6.02574
    endloop
  endfacet
  facet normal -0.0435608 0.999051 1.13526e-05
    outer loop
      vertex -2.19243 -5.23002 5.55
      vertex -2.30585 -5.23497 5.95851
      vertex -2.26433 -5.23316 5.99037
    endloop
  endfacet
  facet normal -0.0436622 0.999046 -1.68546e-05
    outer loop
      vertex -2.19243 -5.23002 5.55
      vertex -2.35 -5.2369 5.93038
      vertex -2.30585 -5.23497 5.95851
    endloop
  endfacet
  facet normal -0.0436696 0.999046 -1.99488e-05
    outer loop
      vertex -2.19243 -5.23002 5.55
      vertex -2.39643 -5.23893 5.90621
      vertex -2.35 -5.2369 5.93038
    endloop
  endfacet
  facet normal -0.0435983 0.999049 2.09819e-05
    outer loop
      vertex -2.19243 -5.23002 5.55
      vertex -2.44479 -5.24104 5.88618
      vertex -2.39643 -5.23893 5.90621
    endloop
  endfacet
  facet normal -0.0436279 0.999048 -1.27082e-06
    outer loop
      vertex -2.19243 -5.23002 5.55
      vertex -2.49471 -5.24322 5.87044
      vertex -2.44479 -5.24104 5.88618
    endloop
  endfacet
  facet normal -0.0436239 0.999048 2.51834e-06
    outer loop
      vertex -2.65 -5.25 5.55
      vertex -2.49471 -5.24322 5.87044
      vertex -2.19243 -5.23002 5.55
    endloop
  endfacet
  facet normal -0.043596 0.999049 -1.10261e-05
    outer loop
      vertex -2.49471 -5.24322 5.87044
      vertex -2.65 -5.25 5.55
      vertex -2.54581 -5.24545 5.85911
    endloop
  endfacet
  facet normal -0.0436993 0.999045 2.38696e-05
    outer loop
      vertex -2.54581 -5.24545 5.85911
      vertex -2.65 -5.25 5.55
      vertex -2.59771 -5.24772 5.85228
    endloop
  endfacet
  facet normal -0.0435616 0.999051 0
    outer loop
      vertex -2.59771 -5.24772 5.85228
      vertex -2.65 -5.25 5.55
      vertex -2.65 -5.25 5.85
    endloop
  endfacet
  facet normal -0.0436239 0.999048 2.59953e-07
    outer loop
      vertex -2.54581 -5.24545 7.04088
      vertex -2.65 -5.25 8.95
      vertex -2.19243 -5.23002 8.95
    endloop
  endfacet
  facet normal -0.0435616 0.999051 0
    outer loop
      vertex -2.65 -5.25 8.95
      vertex -2.59771 -5.24772 7.04772
      vertex -2.65 -5.25 7.05
    endloop
  endfacet
  facet normal -0.0436967 0.999045 -3.72011e-06
    outer loop
      vertex -2.65 -5.25 8.95
      vertex -2.54581 -5.24545 7.04088
      vertex -2.59771 -5.24772 7.04772
    endloop
  endfacet
  facet normal -0.0435994 0.999049 -4.28517e-06
    outer loop
      vertex -2.19243 -5.23002 8.95
      vertex -2.49471 -5.24322 7.02956
      vertex -2.54581 -5.24545 7.04088
    endloop
  endfacet
  facet normal -0.0436282 0.999048 2.62099e-07
    outer loop
      vertex -2.19243 -5.23002 8.95
      vertex -2.44479 -5.24104 7.01381
      vertex -2.49471 -5.24322 7.02956
    endloop
  endfacet
  facet normal -0.0435915 0.999049 -4.53115e-06
    outer loop
      vertex -2.19243 -5.23002 8.95
      vertex -2.39643 -5.23893 6.99378
      vertex -2.44479 -5.24104 7.01381
    endloop
  endfacet
  facet normal -0.0436777 0.999046 4.47264e-06
    outer loop
      vertex -2.19243 -5.23002 8.95
      vertex -2.35 -5.2369 6.96961
      vertex -2.39643 -5.23893 6.99378
    endloop
  endfacet
  facet normal -0.0436704 0.999046 3.89439e-06
    outer loop
      vertex -2.19243 -5.23002 8.95
      vertex -2.30585 -5.23497 6.94149
      vertex -2.35 -5.2369 6.96961
    endloop
  endfacet
  facet normal -0.0435541 0.999051 -2.68459e-06
    outer loop
      vertex -2.19243 -5.23002 8.95
      vertex -2.26433 -5.23316 6.90963
      vertex -2.30585 -5.23497 6.94149
    endloop
  endfacet
  facet normal -0.0434977 0.999054 -4.67809e-06
    outer loop
      vertex -2.19243 -5.23002 8.95
      vertex -2.22574 -5.23148 6.87426
      vertex -2.26433 -5.23316 6.90963
    endloop
  endfacet
  facet normal -0.0437886 0.999041 0
    outer loop
      vertex -2.22574 -5.23148 6.87426
      vertex -2.19243 -5.23002 8.95
      vertex -2.19243 -5.23002 6.83792
    endloop
  endfacet
  facet normal 0.216438 0.976296 -0
    outer loop
      vertex -3.56165 -5.17024 5.55
      vertex -4.0088 -5.07111 8.95
      vertex -3.56165 -5.17024 8.95
    endloop
  endfacet
  facet normal 0.216438 0.976296 0
    outer loop
      vertex -4.0088 -5.07111 8.95
      vertex -3.56165 -5.17024 5.55
      vertex -4.0088 -5.07111 5.55
    endloop
  endfacet
  facet normal -0.843399 0.537288 0
    outer loop
      vertex 1.65055 -3.01128 5.55
      vertex 1.89663 -2.625 8.95
      vertex 1.89663 -2.625 5.55
    endloop
  endfacet
  facet normal -0.843399 0.537288 0
    outer loop
      vertex 1.89663 -2.625 8.95
      vertex 1.65055 -3.01128 5.55
      vertex 1.65055 -3.01128 8.95
    endloop
  endfacet
  facet normal -0.216438 0.976296 0
    outer loop
      vertex -1.2912 -5.07111 5.55
      vertex -1.73835 -5.17024 8.95
      vertex -1.2912 -5.07111 8.95
    endloop
  endfacet
  facet normal -0.216438 0.976296 0
    outer loop
      vertex -1.73835 -5.17024 8.95
      vertex -1.2912 -5.07111 5.55
      vertex -1.73835 -5.17024 5.55
    endloop
  endfacet
  facet normal 0.999048 0.0436242 0
    outer loop
      vertex -7.88002 -0.457567 8.95
      vertex -7.9 0 5.55
      vertex -7.9 0 8.95
    endloop
  endfacet
  facet normal 0.999048 0.0436242 0
    outer loop
      vertex -7.9 0 5.55
      vertex -7.88002 -0.457567 8.95
      vertex -7.88002 -0.457567 5.55
    endloop
  endfacet
  facet normal -0.461762 -0.887004 0
    outer loop
      vertex -0.431253 4.75812 5.55
      vertex -0.0249996 4.54663 8.95
      vertex -0.431253 4.75812 8.95
    endloop
  endfacet
  facet normal -0.461762 -0.887004 -0
    outer loop
      vertex -0.0249996 4.54663 8.95
      vertex -0.431253 4.75812 5.55
      vertex -0.0249996 4.54663 5.55
    endloop
  endfacet
  facet normal 0.461765 -0.887002 0
    outer loop
      vertex -5.275 4.54663 5.55
      vertex -4.86875 4.75812 8.95
      vertex -5.275 4.54663 8.95
    endloop
  endfacet
  facet normal 0.461765 -0.887002 0
    outer loop
      vertex -4.86875 4.75812 8.95
      vertex -5.275 4.54663 5.55
      vertex -4.86875 4.75812 5.55
    endloop
  endfacet
  facet normal -0.300697 0.95372 0
    outer loop
      vertex -0.854394 -4.93339 5.55
      vertex -1.2912 -5.07111 8.95
      vertex -0.854394 -4.93339 8.95
    endloop
  endfacet
  facet normal -0.300697 0.95372 0
    outer loop
      vertex -1.2912 -5.07111 8.95
      vertex -0.854394 -4.93339 5.55
      vertex -1.2912 -5.07111 5.55
    endloop
  endfacet
  facet normal -0.843399 -0.537288 0
    outer loop
      vertex 1.89663 2.625 5.55
      vertex 1.65055 3.01128 8.95
      vertex 1.65055 3.01128 5.55
    endloop
  endfacet
  facet normal -0.843399 -0.537288 0
    outer loop
      vertex 1.65055 3.01128 8.95
      vertex 1.89663 2.625 5.55
      vertex 1.89663 2.625 8.95
    endloop
  endfacet
  facet normal 0.130525 0.991445 -0
    outer loop
      vertex -3.10757 -5.23002 6.83792
      vertex -3.56165 -5.17024 8.95
      vertex -3.10757 -5.23002 8.95
    endloop
  endfacet
  facet normal 0.130065 0.991506 -0.000100617
    outer loop
      vertex -3.10963 -5.22975 6.83567
      vertex -3.56165 -5.17024 8.95
      vertex -3.10757 -5.23002 6.83792
    endloop
  endfacet
  facet normal 0.13042 0.991459 -2.33077e-05
    outer loop
      vertex -3.14149 -5.22556 6.79415
      vertex -3.56165 -5.17024 8.95
      vertex -3.10963 -5.22975 6.83567
    endloop
  endfacet
  facet normal 0.130739 0.991417 4.0011e-05
    outer loop
      vertex -3.16961 -5.22185 6.75
      vertex -3.56165 -5.17024 8.95
      vertex -3.14149 -5.22556 6.79415
    endloop
  endfacet
  facet normal 0.130463 0.991453 -1.00914e-05
    outer loop
      vertex -3.19378 -5.21867 6.70357
      vertex -3.56165 -5.17024 8.95
      vertex -3.16961 -5.22185 6.75
    endloop
  endfacet
  facet normal 0.13063 0.991431 1.7747e-05
    outer loop
      vertex -3.21381 -5.21603 6.65521
      vertex -3.56165 -5.17024 8.95
      vertex -3.19378 -5.21867 6.70357
    endloop
  endfacet
  facet normal 0.130375 0.991465 -2.15629e-05
    outer loop
      vertex -3.22956 -5.21396 6.60529
      vertex -3.56165 -5.17024 8.95
      vertex -3.21381 -5.21603 6.65521
    endloop
  endfacet
  facet normal 0.13051 0.991447 -2.19426e-06
    outer loop
      vertex -3.24088 -5.21247 6.55419
      vertex -3.56165 -5.17024 8.95
      vertex -3.22956 -5.21396 6.60529
    endloop
  endfacet
  facet normal 0.130576 0.991438 -1.62413e-05
    outer loop
      vertex -3.56165 -5.17024 5.55
      vertex -3.24088 -5.21247 6.55419
      vertex -3.24772 -5.21157 6.50229
    endloop
  endfacet
  facet normal 0.130538 0.991443 -3.71682e-06
    outer loop
      vertex -3.56165 -5.17024 5.55
      vertex -3.24772 -5.21157 6.50229
      vertex -3.25 -5.21127 6.45
    endloop
  endfacet
  facet normal 0.13052 0.991446 2.88547e-06
    outer loop
      vertex -3.56165 -5.17024 5.55
      vertex -3.25 -5.21127 6.45
      vertex -3.24772 -5.21157 6.39771
    endloop
  endfacet
  facet normal 0.130525 0.991445 0
    outer loop
      vertex -3.56165 -5.17024 5.55
      vertex -3.10757 -5.23002 6.06208
      vertex -3.10757 -5.23002 5.55
    endloop
  endfacet
  facet normal 0.130236 0.991483 0.000260313
    outer loop
      vertex -3.10757 -5.23002 6.06208
      vertex -3.56165 -5.17024 5.55
      vertex -3.10963 -5.22975 6.06433
    endloop
  endfacet
  facet normal 0.130463 0.991453 5.7105e-05
    outer loop
      vertex -3.10963 -5.22975 6.06433
      vertex -3.56165 -5.17024 5.55
      vertex -3.14149 -5.22556 6.10585
    endloop
  endfacet
  facet normal 0.130658 0.991427 -9.26787e-05
    outer loop
      vertex -3.14149 -5.22556 6.10585
      vertex -3.56165 -5.17024 5.55
      vertex -3.16961 -5.22185 6.15
    endloop
  endfacet
  facet normal 0.130485 0.99145 2.20242e-05
    outer loop
      vertex -3.16961 -5.22185 6.15
      vertex -3.56165 -5.17024 5.55
      vertex -3.19378 -5.21867 6.19643
    endloop
  endfacet
  facet normal 0.130586 0.991437 -3.62505e-05
    outer loop
      vertex -3.19378 -5.21867 6.19643
      vertex -3.56165 -5.17024 5.55
      vertex -3.21381 -5.21603 6.24479
    endloop
  endfacet
  facet normal 0.130435 0.991457 4.07586e-05
    outer loop
      vertex -3.21381 -5.21603 6.24479
      vertex -3.56165 -5.17024 5.55
      vertex -3.22956 -5.21396 6.29471
    endloop
  endfacet
  facet normal 0.130526 0.991445 0
    outer loop
      vertex -3.24088 -5.21247 6.55419
      vertex -3.56165 -5.17024 5.55
      vertex -3.56165 -5.17024 8.95
    endloop
  endfacet
  facet normal 0.130508 0.991447 7.1897e-06
    outer loop
      vertex -3.24088 -5.21247 6.34581
      vertex -3.56165 -5.17024 5.55
      vertex -3.24772 -5.21157 6.39771
    endloop
  endfacet
  facet normal 0.130517 0.991446 3.75892e-06
    outer loop
      vertex -3.22956 -5.21396 6.29471
      vertex -3.56165 -5.17024 5.55
      vertex -3.24088 -5.21247 6.34581
    endloop
  endfacet
  facet normal 0.843399 0.537288 0
    outer loop
      vertex -6.95055 -3.01128 8.95
      vertex -7.19663 -2.625 5.55
      vertex -7.19663 -2.625 8.95
    endloop
  endfacet
  facet normal 0.843399 0.537288 0
    outer loop
      vertex -7.19663 -2.625 5.55
      vertex -6.95055 -3.01128 8.95
      vertex -6.95055 -3.01128 5.55
    endloop
  endfacet
  facet normal 0.95372 -0.300695 0
    outer loop
      vertex -7.72111 1.3588 8.95
      vertex -7.58339 1.79561 5.55
      vertex -7.58339 1.79561 8.95
    endloop
  endfacet
  facet normal 0.95372 -0.300695 0
    outer loop
      vertex -7.58339 1.79561 5.55
      vertex -7.72111 1.3588 8.95
      vertex -7.72111 1.3588 5.55
    endloop
  endfacet
  facet normal -0.675587 0.737281 0
    outer loop
      vertex 1.06231 -3.71231 5.55
      vertex 0.724634 -4.02173 8.95
      vertex 1.06231 -3.71231 8.95
    endloop
  endfacet
  facet normal -0.675587 0.737281 0
    outer loop
      vertex 0.724634 -4.02173 8.95
      vertex 1.06231 -3.71231 5.55
      vertex 0.724634 -4.02173 5.55
    endloop
  endfacet
  facet normal -0.976296 0.216439 0
    outer loop
      vertex 2.42111 -1.3588 5.55
      vertex 2.52024 -0.911653 8.95
      vertex 2.52024 -0.911653 5.55
    endloop
  endfacet
  facet normal -0.976296 0.216439 0
    outer loop
      vertex 2.52024 -0.911653 8.95
      vertex 2.42111 -1.3588 5.55
      vertex 2.42111 -1.3588 8.95
    endloop
  endfacet
  facet normal 0.130525 -0.991445 0
    outer loop
      vertex -3.56165 5.17024 8.95
      vertex -3.10757 5.23002 6.83792
      vertex -3.10757 5.23002 8.95
    endloop
  endfacet
  facet normal 0.130065 -0.991506 -0.000100617
    outer loop
      vertex -3.56165 5.17024 8.95
      vertex -3.10963 5.22975 6.83567
      vertex -3.10757 5.23002 6.83792
    endloop
  endfacet
  facet normal 0.13042 -0.991459 -2.33077e-05
    outer loop
      vertex -3.56165 5.17024 8.95
      vertex -3.14149 5.22556 6.79415
      vertex -3.10963 5.22975 6.83567
    endloop
  endfacet
  facet normal 0.130739 -0.991417 4.0011e-05
    outer loop
      vertex -3.56165 5.17024 8.95
      vertex -3.16961 5.22185 6.75
      vertex -3.14149 5.22556 6.79415
    endloop
  endfacet
  facet normal 0.130463 -0.991453 -1.00914e-05
    outer loop
      vertex -3.56165 5.17024 8.95
      vertex -3.19378 5.21867 6.70357
      vertex -3.16961 5.22185 6.75
    endloop
  endfacet
  facet normal 0.13063 -0.991431 1.7747e-05
    outer loop
      vertex -3.56165 5.17024 8.95
      vertex -3.21381 5.21603 6.65521
      vertex -3.19378 5.21867 6.70357
    endloop
  endfacet
  facet normal 0.130375 -0.991465 -2.15629e-05
    outer loop
      vertex -3.56165 5.17024 8.95
      vertex -3.22956 5.21396 6.60529
      vertex -3.21381 5.21603 6.65521
    endloop
  endfacet
  facet normal 0.13051 -0.991447 -2.19426e-06
    outer loop
      vertex -3.56165 5.17024 8.95
      vertex -3.24088 5.21247 6.55419
      vertex -3.22956 5.21396 6.60529
    endloop
  endfacet
  facet normal 0.130526 -0.991445 0
    outer loop
      vertex -3.56165 5.17024 5.55
      vertex -3.24088 5.21247 6.55419
      vertex -3.56165 5.17024 8.95
    endloop
  endfacet
  facet normal 0.130576 -0.991438 -1.62413e-05
    outer loop
      vertex -3.24088 5.21247 6.55419
      vertex -3.56165 5.17024 5.55
      vertex -3.24772 5.21157 6.50229
    endloop
  endfacet
  facet normal 0.130538 -0.991443 -3.71682e-06
    outer loop
      vertex -3.24772 5.21157 6.50229
      vertex -3.56165 5.17024 5.55
      vertex -3.25 5.21127 6.45
    endloop
  endfacet
  facet normal 0.13052 -0.991446 2.88547e-06
    outer loop
      vertex -3.25 5.21127 6.45
      vertex -3.56165 5.17024 5.55
      vertex -3.24772 5.21157 6.39771
    endloop
  endfacet
  facet normal 0.130508 -0.991447 7.1897e-06
    outer loop
      vertex -3.56165 5.17024 5.55
      vertex -3.24088 5.21247 6.34581
      vertex -3.24772 5.21157 6.39771
    endloop
  endfacet
  facet normal 0.130517 -0.991446 3.75892e-06
    outer loop
      vertex -3.56165 5.17024 5.55
      vertex -3.22956 5.21396 6.29471
      vertex -3.24088 5.21247 6.34581
    endloop
  endfacet
  facet normal 0.130435 -0.991457 4.07586e-05
    outer loop
      vertex -3.56165 5.17024 5.55
      vertex -3.21381 5.21603 6.24479
      vertex -3.22956 5.21396 6.29471
    endloop
  endfacet
  facet normal 0.130586 -0.991437 -3.62505e-05
    outer loop
      vertex -3.56165 5.17024 5.55
      vertex -3.19378 5.21867 6.19643
      vertex -3.21381 5.21603 6.24479
    endloop
  endfacet
  facet normal 0.130485 -0.99145 2.20242e-05
    outer loop
      vertex -3.56165 5.17024 5.55
      vertex -3.16961 5.22185 6.15
      vertex -3.19378 5.21867 6.19643
    endloop
  endfacet
  facet normal 0.130658 -0.991427 -9.26787e-05
    outer loop
      vertex -3.56165 5.17024 5.55
      vertex -3.14149 5.22556 6.10585
      vertex -3.16961 5.22185 6.15
    endloop
  endfacet
  facet normal 0.130463 -0.991453 5.7105e-05
    outer loop
      vertex -3.56165 5.17024 5.55
      vertex -3.10963 5.22975 6.06433
      vertex -3.14149 5.22556 6.10585
    endloop
  endfacet
  facet normal 0.130236 -0.991483 0.000260313
    outer loop
      vertex -3.56165 5.17024 5.55
      vertex -3.10757 5.23002 6.06208
      vertex -3.10963 5.22975 6.06433
    endloop
  endfacet
  facet normal 0.130525 -0.991445 0
    outer loop
      vertex -3.10757 5.23002 6.06208
      vertex -3.56165 5.17024 5.55
      vertex -3.10757 5.23002 5.55
    endloop
  endfacet
  facet normal 0.95372 0.300695 0
    outer loop
      vertex -7.58339 -1.79561 8.95
      vertex -7.72111 -1.3588 5.55
      vertex -7.72111 -1.3588 8.95
    endloop
  endfacet
  facet normal 0.95372 0.300695 0
    outer loop
      vertex -7.72111 -1.3588 5.55
      vertex -7.58339 -1.79561 8.95
      vertex -7.58339 -1.79561 5.55
    endloop
  endfacet
  facet normal 0.92388 0.382683 0
    outer loop
      vertex -7.40812 -2.21875 8.95
      vertex -7.58339 -1.79561 5.55
      vertex -7.58339 -1.79561 8.95
    endloop
  endfacet
  facet normal 0.92388 0.382683 0
    outer loop
      vertex -7.58339 -1.79561 5.55
      vertex -7.40812 -2.21875 8.95
      vertex -7.40812 -2.21875 5.55
    endloop
  endfacet
  facet normal -0.461762 0.887004 0
    outer loop
      vertex -0.0249996 -4.54663 5.55
      vertex -0.431253 -4.75812 8.95
      vertex -0.0249996 -4.54663 8.95
    endloop
  endfacet
  facet normal -0.461762 0.887004 0
    outer loop
      vertex -0.431253 -4.75812 8.95
      vertex -0.0249996 -4.54663 5.55
      vertex -0.431253 -4.75812 5.55
    endloop
  endfacet
  facet normal 0 0 1
    outer loop
      vertex 2.58002 0.457567 5.55
      vertex 2.58002 -0.457567 5.55
      vertex 2.6 0 5.55
    endloop
  endfacet
  facet normal 0 0 1
    outer loop
      vertex 2.52024 0.911653 5.55
      vertex 2.58002 -0.457567 5.55
      vertex 2.58002 0.457567 5.55
    endloop
  endfacet
  facet normal 0 0 1
    outer loop
      vertex 2.52024 0.911653 5.55
      vertex 2.52024 -0.911653 5.55
      vertex 2.58002 -0.457567 5.55
    endloop
  endfacet
  facet normal 0 0 1
    outer loop
      vertex 2.42111 1.3588 5.55
      vertex 2.52024 -0.911653 5.55
      vertex 2.52024 0.911653 5.55
    endloop
  endfacet
  facet normal 0 0 1
    outer loop
      vertex 2.42111 1.3588 5.55
      vertex 2.42111 -1.3588 5.55
      vertex 2.52024 -0.911653 5.55
    endloop
  endfacet
  facet normal 0 0 1
    outer loop
      vertex 2.28339 1.79561 5.55
      vertex 2.42111 -1.3588 5.55
      vertex 2.42111 1.3588 5.55
    endloop
  endfacet
  facet normal 0 0 1
    outer loop
      vertex 2.28339 1.79561 5.55
      vertex 2.28339 -1.79561 5.55
      vertex 2.42111 -1.3588 5.55
    endloop
  endfacet
  facet normal 0 0 1
    outer loop
      vertex 2.10812 2.21875 5.55
      vertex 2.28339 -1.79561 5.55
      vertex 2.28339 1.79561 5.55
    endloop
  endfacet
  facet normal 0 0 1
    outer loop
      vertex 2.10812 2.21875 5.55
      vertex 2.10812 -2.21875 5.55
      vertex 2.28339 -1.79561 5.55
    endloop
  endfacet
  facet normal 0 0 1
    outer loop
      vertex 1.89663 2.625 5.55
      vertex 2.10812 -2.21875 5.55
      vertex 2.10812 2.21875 5.55
    endloop
  endfacet
  facet normal 0 0 1
    outer loop
      vertex 1.89663 2.625 5.55
      vertex 1.89663 -2.625 5.55
      vertex 2.10812 -2.21875 5.55
    endloop
  endfacet
  facet normal 0 0 1
    outer loop
      vertex 1.65055 3.01128 5.55
      vertex 1.89663 -2.625 5.55
      vertex 1.89663 2.625 5.55
    endloop
  endfacet
  facet normal 0 0 1
    outer loop
      vertex 1.65055 3.01128 5.55
      vertex 1.65055 -3.01128 5.55
      vertex 1.89663 -2.625 5.55
    endloop
  endfacet
  facet normal 0 0 1
    outer loop
      vertex 1.37173 3.37463 5.55
      vertex 1.65055 -3.01128 5.55
      vertex 1.65055 3.01128 5.55
    endloop
  endfacet
  facet normal 0 0 1
    outer loop
      vertex 1.37173 3.37463 5.55
      vertex 1.37173 -3.37463 5.55
      vertex 1.65055 -3.01128 5.55
    endloop
  endfacet
  facet normal 0 0 1
    outer loop
      vertex 1.06231 3.71231 5.55
      vertex 1.37173 -3.37463 5.55
      vertex 1.37173 3.37463 5.55
    endloop
  endfacet
  facet normal 0 0 1
    outer loop
      vertex 1.06231 3.71231 5.55
      vertex 1.06231 -3.71231 5.55
      vertex 1.37173 -3.37463 5.55
    endloop
  endfacet
  facet normal 0 0 1
    outer loop
      vertex 0.724634 4.02173 5.55
      vertex 1.06231 -3.71231 5.55
      vertex 1.06231 3.71231 5.55
    endloop
  endfacet
  facet normal 0 0 1
    outer loop
      vertex 0.724634 4.02173 5.55
      vertex 0.724634 -4.02173 5.55
      vertex 1.06231 -3.71231 5.55
    endloop
  endfacet
  facet normal 0 0 1
    outer loop
      vertex 0.361276 4.30055 5.55
      vertex 0.724634 -4.02173 5.55
      vertex 0.724634 4.02173 5.55
    endloop
  endfacet
  facet normal 0 0 1
    outer loop
      vertex 0.361276 4.30055 5.55
      vertex 0.361276 -4.30055 5.55
      vertex 0.724634 -4.02173 5.55
    endloop
  endfacet
  facet normal 0 0 1
    outer loop
      vertex -0.0249996 4.54663 5.55
      vertex 0.361276 -4.30055 5.55
      vertex 0.361276 4.30055 5.55
    endloop
  endfacet
  facet normal 0 0 1
    outer loop
      vertex -0.0249996 4.54663 5.55
      vertex -0.0249996 -4.54663 5.55
      vertex 0.361276 -4.30055 5.55
    endloop
  endfacet
  facet normal 0 0 1
    outer loop
      vertex -0.431253 4.75812 5.55
      vertex -0.0249996 -4.54663 5.55
      vertex -0.0249996 4.54663 5.55
    endloop
  endfacet
  facet normal 0 0 1
    outer loop
      vertex -0.431253 4.75812 5.55
      vertex -0.431253 -4.75812 5.55
      vertex -0.0249996 -4.54663 5.55
    endloop
  endfacet
  facet normal 0 0 1
    outer loop
      vertex -0.854394 4.93339 5.55
      vertex -0.431253 -4.75812 5.55
      vertex -0.431253 4.75812 5.55
    endloop
  endfacet
  facet normal 0 0 1
    outer loop
      vertex -0.854394 4.93339 5.55
      vertex -0.854394 -4.93339 5.55
      vertex -0.431253 -4.75812 5.55
    endloop
  endfacet
  facet normal 0 0 1
    outer loop
      vertex -1.2912 5.07111 5.55
      vertex -0.854394 -4.93339 5.55
      vertex -0.854394 4.93339 5.55
    endloop
  endfacet
  facet normal 0 0 1
    outer loop
      vertex -1.2912 5.07111 5.55
      vertex -1.2912 -5.07111 5.55
      vertex -0.854394 -4.93339 5.55
    endloop
  endfacet
  facet normal 0 0 1
    outer loop
      vertex -1.73835 5.17024 5.55
      vertex -1.2912 -5.07111 5.55
      vertex -1.2912 5.07111 5.55
    endloop
  endfacet
  facet normal 0 0 1
    outer loop
      vertex -1.73835 5.17024 5.55
      vertex -1.73835 -5.17024 5.55
      vertex -1.2912 -5.07111 5.55
    endloop
  endfacet
  facet normal 0 0 1
    outer loop
      vertex -2.19243 5.23002 5.55
      vertex -1.73835 -5.17024 5.55
      vertex -1.73835 5.17024 5.55
    endloop
  endfacet
  facet normal 0 0 1
    outer loop
      vertex -2.19243 5.23002 5.55
      vertex -2.19243 -5.23002 5.55
      vertex -1.73835 -5.17024 5.55
    endloop
  endfacet
  facet normal 0 0 1
    outer loop
      vertex -2.65 5.25 5.55
      vertex -2.19243 -5.23002 5.55
      vertex -2.19243 5.23002 5.55
    endloop
  endfacet
  facet normal 0 0 1
    outer loop
      vertex -2.65 5.25 5.55
      vertex -2.65 -5.25 5.55
      vertex -2.19243 -5.23002 5.55
    endloop
  endfacet
  facet normal -0 0 1
    outer loop
      vertex -3.10757 5.23002 5.55
      vertex -2.65 -5.25 5.55
      vertex -2.65 5.25 5.55
    endloop
  endfacet
  facet normal 0 0 1
    outer loop
      vertex -3.10757 5.23002 5.55
      vertex -3.10757 -5.23002 5.55
      vertex -2.65 -5.25 5.55
    endloop
  endfacet
  facet normal -0 0 1
    outer loop
      vertex -3.56165 5.17024 5.55
      vertex -3.10757 -5.23002 5.55
      vertex -3.10757 5.23002 5.55
    endloop
  endfacet
  facet normal 0 0 1
    outer loop
      vertex -3.56165 5.17024 5.55
      vertex -3.56165 -5.17024 5.55
      vertex -3.10757 -5.23002 5.55
    endloop
  endfacet
  facet normal -0 0 1
    outer loop
      vertex -4.0088 5.07111 5.55
      vertex -3.56165 -5.17024 5.55
      vertex -3.56165 5.17024 5.55
    endloop
  endfacet
  facet normal 0 0 1
    outer loop
      vertex -4.0088 5.07111 5.55
      vertex -4.0088 -5.07111 5.55
      vertex -3.56165 -5.17024 5.55
    endloop
  endfacet
  facet normal -0 0 1
    outer loop
      vertex -4.44561 4.93339 5.55
      vertex -4.0088 -5.07111 5.55
      vertex -4.0088 5.07111 5.55
    endloop
  endfacet
  facet normal 0 0 1
    outer loop
      vertex -4.44561 4.93339 5.55
      vertex -4.44561 -4.93339 5.55
      vertex -4.0088 -5.07111 5.55
    endloop
  endfacet
  facet normal -0 0 1
    outer loop
      vertex -4.86875 4.75812 5.55
      vertex -4.44561 -4.93339 5.55
      vertex -4.44561 4.93339 5.55
    endloop
  endfacet
  facet normal 0 0 1
    outer loop
      vertex -4.86875 4.75812 5.55
      vertex -4.86875 -4.75812 5.55
      vertex -4.44561 -4.93339 5.55
    endloop
  endfacet
  facet normal -0 0 1
    outer loop
      vertex -5.275 4.54663 5.55
      vertex -4.86875 -4.75812 5.55
      vertex -4.86875 4.75812 5.55
    endloop
  endfacet
  facet normal 0 0 1
    outer loop
      vertex -5.275 4.54663 5.55
      vertex -5.275 -4.54663 5.55
      vertex -4.86875 -4.75812 5.55
    endloop
  endfacet
  facet normal -0 0 1
    outer loop
      vertex -5.66128 4.30055 5.55
      vertex -5.275 -4.54663 5.55
      vertex -5.275 4.54663 5.55
    endloop
  endfacet
  facet normal 0 0 1
    outer loop
      vertex -5.66128 4.30055 5.55
      vertex -5.66128 -4.30055 5.55
      vertex -5.275 -4.54663 5.55
    endloop
  endfacet
  facet normal -0 0 1
    outer loop
      vertex -6.02463 4.02173 5.55
      vertex -5.66128 -4.30055 5.55
      vertex -5.66128 4.30055 5.55
    endloop
  endfacet
  facet normal 0 0 1
    outer loop
      vertex -6.02463 4.02173 5.55
      vertex -6.02463 -4.02173 5.55
      vertex -5.66128 -4.30055 5.55
    endloop
  endfacet
  facet normal -0 0 1
    outer loop
      vertex -6.36231 3.71231 5.55
      vertex -6.02463 -4.02173 5.55
      vertex -6.02463 4.02173 5.55
    endloop
  endfacet
  facet normal 0 0 1
    outer loop
      vertex -6.36231 3.71231 5.55
      vertex -6.36231 -3.71231 5.55
      vertex -6.02463 -4.02173 5.55
    endloop
  endfacet
  facet normal -0 0 1
    outer loop
      vertex -6.67173 3.37463 5.55
      vertex -6.36231 -3.71231 5.55
      vertex -6.36231 3.71231 5.55
    endloop
  endfacet
  facet normal 0 0 1
    outer loop
      vertex -6.67173 3.37463 5.55
      vertex -6.67173 -3.37463 5.55
      vertex -6.36231 -3.71231 5.55
    endloop
  endfacet
  facet normal -0 0 1
    outer loop
      vertex -6.95055 3.01128 5.55
      vertex -6.67173 -3.37463 5.55
      vertex -6.67173 3.37463 5.55
    endloop
  endfacet
  facet normal 0 0 1
    outer loop
      vertex -6.95055 3.01128 5.55
      vertex -6.95055 -3.01128 5.55
      vertex -6.67173 -3.37463 5.55
    endloop
  endfacet
  facet normal -0 0 1
    outer loop
      vertex -7.19663 2.625 5.55
      vertex -6.95055 -3.01128 5.55
      vertex -6.95055 3.01128 5.55
    endloop
  endfacet
  facet normal 0 0 1
    outer loop
      vertex -7.19663 2.625 5.55
      vertex -7.19663 -2.625 5.55
      vertex -6.95055 -3.01128 5.55
    endloop
  endfacet
  facet normal -0 0 1
    outer loop
      vertex -7.40812 2.21875 5.55
      vertex -7.19663 -2.625 5.55
      vertex -7.19663 2.625 5.55
    endloop
  endfacet
  facet normal 0 0 1
    outer loop
      vertex -7.40812 2.21875 5.55
      vertex -7.40812 -2.21875 5.55
      vertex -7.19663 -2.625 5.55
    endloop
  endfacet
  facet normal -0 0 1
    outer loop
      vertex -7.58339 1.79561 5.55
      vertex -7.40812 -2.21875 5.55
      vertex -7.40812 2.21875 5.55
    endloop
  endfacet
  facet normal 0 0 1
    outer loop
      vertex -7.58339 1.79561 5.55
      vertex -7.58339 -1.79561 5.55
      vertex -7.40812 -2.21875 5.55
    endloop
  endfacet
  facet normal -0 0 1
    outer loop
      vertex -7.72111 1.3588 5.55
      vertex -7.58339 -1.79561 5.55
      vertex -7.58339 1.79561 5.55
    endloop
  endfacet
  facet normal 0 0 1
    outer loop
      vertex -7.72111 1.3588 5.55
      vertex -7.72111 -1.3588 5.55
      vertex -7.58339 -1.79561 5.55
    endloop
  endfacet
  facet normal -0 0 1
    outer loop
      vertex -7.82024 0.911653 5.55
      vertex -7.72111 -1.3588 5.55
      vertex -7.72111 1.3588 5.55
    endloop
  endfacet
  facet normal 0 0 1
    outer loop
      vertex -7.82024 0.911653 5.55
      vertex -7.82024 -0.911653 5.55
      vertex -7.72111 -1.3588 5.55
    endloop
  endfacet
  facet normal -0 0 1
    outer loop
      vertex -7.88002 0.457567 5.55
      vertex -7.82024 -0.911653 5.55
      vertex -7.82024 0.911653 5.55
    endloop
  endfacet
  facet normal 0 0 1
    outer loop
      vertex -7.88002 0.457567 5.55
      vertex -7.88002 -0.457567 5.55
      vertex -7.82024 -0.911653 5.55
    endloop
  endfacet
  facet normal 0 -0 1
    outer loop
      vertex -7.88002 -0.457567 5.55
      vertex -7.88002 0.457567 5.55
      vertex -7.9 0 5.55
    endloop
  endfacet
  facet normal -0.216438 -0.976296 0
    outer loop
      vertex -1.73835 5.17024 5.55
      vertex -1.2912 5.07111 8.95
      vertex -1.73835 5.17024 8.95
    endloop
  endfacet
  facet normal -0.216438 -0.976296 -0
    outer loop
      vertex -1.2912 5.07111 8.95
      vertex -1.73835 5.17024 5.55
      vertex -1.2912 5.07111 5.55
    endloop
  endfacet
  facet normal -0.537292 0.843396 0
    outer loop
      vertex 0.361276 -4.30055 5.55
      vertex -0.0249996 -4.54663 8.95
      vertex 0.361276 -4.30055 8.95
    endloop
  endfacet
  facet normal -0.537292 0.843396 0
    outer loop
      vertex -0.0249996 -4.54663 8.95
      vertex 0.361276 -4.30055 5.55
      vertex -0.0249996 -4.54663 5.55
    endloop
  endfacet
  facet normal 0.999048 -0.0436242 0
    outer loop
      vertex -7.9 0 8.95
      vertex -7.88002 0.457567 5.55
      vertex -7.88002 0.457567 8.95
    endloop
  endfacet
  facet normal 0.999048 -0.0436242 0
    outer loop
      vertex -7.88002 0.457567 5.55
      vertex -7.9 0 8.95
      vertex -7.9 0 5.55
    endloop
  endfacet
  facet normal -0.887002 0.461765 0
    outer loop
      vertex 1.89663 -2.625 5.55
      vertex 2.10812 -2.21875 8.95
      vertex 2.10812 -2.21875 5.55
    endloop
  endfacet
  facet normal -0.887002 0.461765 0
    outer loop
      vertex 2.10812 -2.21875 8.95
      vertex 1.89663 -2.625 5.55
      vertex 1.89663 -2.625 8.95
    endloop
  endfacet
  facet normal -0.130525 -0.991445 0
    outer loop
      vertex -2.19243 5.23002 6.83792
      vertex -1.73835 5.17024 8.95
      vertex -2.19243 5.23002 8.95
    endloop
  endfacet
  facet normal -0.130065 -0.991506 -0.000100617
    outer loop
      vertex -2.19037 5.22975 6.83567
      vertex -1.73835 5.17024 8.95
      vertex -2.19243 5.23002 6.83792
    endloop
  endfacet
  facet normal -0.13042 -0.991459 -2.33077e-05
    outer loop
      vertex -2.15851 5.22556 6.79415
      vertex -1.73835 5.17024 8.95
      vertex -2.19037 5.22975 6.83567
    endloop
  endfacet
  facet normal -0.130704 -0.991421 3.30749e-05
    outer loop
      vertex -2.13038 5.22185 6.75
      vertex -1.73835 5.17024 8.95
      vertex -2.15851 5.22556 6.79415
    endloop
  endfacet
  facet normal -0.130464 -0.991453 -1.05332e-05
    outer loop
      vertex -2.10621 5.21867 6.70357
      vertex -1.73835 5.17024 8.95
      vertex -2.13038 5.22185 6.75
    endloop
  endfacet
  facet normal -0.130631 -0.991431 1.73303e-05
    outer loop
      vertex -2.08618 5.21603 6.65521
      vertex -1.73835 5.17024 8.95
      vertex -2.10621 5.21867 6.70357
    endloop
  endfacet
  facet normal -0.130431 -0.991457 -1.34675e-05
    outer loop
      vertex -2.07044 5.21396 6.60529
      vertex -1.73835 5.17024 8.95
      vertex -2.08618 5.21603 6.65521
    endloop
  endfacet
  facet normal -0.13044 -0.991456 -1.21497e-05
    outer loop
      vertex -2.05911 5.21247 6.55419
      vertex -1.73835 5.17024 8.95
      vertex -2.07044 5.21396 6.60529
    endloop
  endfacet
  facet normal -0.130451 -0.991455 2.56351e-05
    outer loop
      vertex -1.73835 5.17024 5.55
      vertex -2.05911 5.21247 6.55419
      vertex -2.05228 5.21157 6.50229
    endloop
  endfacet
  facet normal -0.130538 -0.991443 -3.71682e-06
    outer loop
      vertex -1.73835 5.17024 5.55
      vertex -2.05228 5.21157 6.50229
      vertex -2.05 5.21127 6.45
    endloop
  endfacet
  facet normal -0.13052 -0.991446 2.88547e-06
    outer loop
      vertex -1.73835 5.17024 5.55
      vertex -2.05 5.21127 6.45
      vertex -2.05228 5.21157 6.39771
    endloop
  endfacet
  facet normal -0.130525 -0.991445 0
    outer loop
      vertex -1.73835 5.17024 5.55
      vertex -2.19243 5.23002 6.06208
      vertex -2.19243 5.23002 5.55
    endloop
  endfacet
  facet normal -0.130236 -0.991483 0.000260313
    outer loop
      vertex -2.19243 5.23002 6.06208
      vertex -1.73835 5.17024 5.55
      vertex -2.19037 5.22975 6.06433
    endloop
  endfacet
  facet normal -0.130463 -0.991453 5.7105e-05
    outer loop
      vertex -2.19037 5.22975 6.06433
      vertex -1.73835 5.17024 5.55
      vertex -2.15851 5.22556 6.10585
    endloop
  endfacet
  facet normal -0.130637 -0.99143 -7.66205e-05
    outer loop
      vertex -2.15851 5.22556 6.10585
      vertex -1.73835 5.17024 5.55
      vertex -2.13038 5.22185 6.15
    endloop
  endfacet
  facet normal -0.130487 -0.99145 2.29886e-05
    outer loop
      vertex -2.13038 5.22185 6.15
      vertex -1.73835 5.17024 5.55
      vertex -2.10621 5.21867 6.19643
    endloop
  endfacet
  facet normal -0.130588 -0.991437 -3.53996e-05
    outer loop
      vertex -2.10621 5.21867 6.19643
      vertex -1.73835 5.17024 5.55
      vertex -2.08618 5.21603 6.24479
    endloop
  endfacet
  facet normal -0.130469 -0.991452 2.54522e-05
    outer loop
      vertex -2.08618 5.21603 6.24479
      vertex -1.73835 5.17024 5.55
      vertex -2.07044 5.21396 6.29471
    endloop
  endfacet
  facet normal -0.13053 -0.991444 0
    outer loop
      vertex -2.05911 5.21247 6.55419
      vertex -1.73835 5.17024 5.55
      vertex -1.73835 5.17024 8.95
    endloop
  endfacet
  facet normal -0.130557 -0.991441 -1.13633e-05
    outer loop
      vertex -2.05911 5.21247 6.34581
      vertex -1.73835 5.17024 5.55
      vertex -2.05228 5.21157 6.39771
    endloop
  endfacet
  facet normal -0.130479 -0.991451 2.08183e-05
    outer loop
      vertex -2.07044 5.21396 6.29471
      vertex -1.73835 5.17024 5.55
      vertex -2.05911 5.21247 6.34581
    endloop
  endfacet
  facet normal -0.991445 0.130523 0
    outer loop
      vertex 2.52024 -0.911653 5.55
      vertex 2.58002 -0.457567 8.95
      vertex 2.58002 -0.457567 5.55
    endloop
  endfacet
  facet normal -0.991445 0.130523 0
    outer loop
      vertex 2.58002 -0.457567 8.95
      vertex 2.52024 -0.911653 5.55
      vertex 2.52024 -0.911653 8.95
    endloop
  endfacet
  facet normal 0.92388 -0.382683 0
    outer loop
      vertex -7.58339 1.79561 8.95
      vertex -7.40812 2.21875 5.55
      vertex -7.40812 2.21875 8.95
    endloop
  endfacet
  facet normal 0.92388 -0.382683 0
    outer loop
      vertex -7.40812 2.21875 5.55
      vertex -7.58339 1.79561 8.95
      vertex -7.58339 1.79561 5.55
    endloop
  endfacet
  facet normal 0.843399 -0.537288 0
    outer loop
      vertex -7.19663 2.625 8.95
      vertex -6.95055 3.01128 5.55
      vertex -6.95055 3.01128 8.95
    endloop
  endfacet
  facet normal 0.843399 -0.537288 0
    outer loop
      vertex -6.95055 3.01128 5.55
      vertex -7.19663 2.625 8.95
      vertex -7.19663 2.625 5.55
    endloop
  endfacet
  facet normal 0.382683 0.92388 -0
    outer loop
      vertex -4.44561 -4.93339 5.55
      vertex -4.86875 -4.75812 8.95
      vertex -4.44561 -4.93339 8.95
    endloop
  endfacet
  facet normal 0.382683 0.92388 0
    outer loop
      vertex -4.86875 -4.75812 8.95
      vertex -4.44561 -4.93339 5.55
      vertex -4.86875 -4.75812 5.55
    endloop
  endfacet
  facet normal 0.675582 0.737285 -0
    outer loop
      vertex -6.02463 -4.02173 5.55
      vertex -6.36231 -3.71231 8.95
      vertex -6.02463 -4.02173 8.95
    endloop
  endfacet
  facet normal 0.675582 0.737285 0
    outer loop
      vertex -6.36231 -3.71231 8.95
      vertex -6.02463 -4.02173 5.55
      vertex -6.36231 -3.71231 5.55
    endloop
  endfacet
  facet normal 0.300695 -0.95372 0
    outer loop
      vertex -4.44561 4.93339 5.55
      vertex -4.0088 5.07111 8.95
      vertex -4.44561 4.93339 8.95
    endloop
  endfacet
  facet normal 0.300695 -0.95372 0
    outer loop
      vertex -4.0088 5.07111 8.95
      vertex -4.44561 4.93339 5.55
      vertex -4.0088 5.07111 5.55
    endloop
  endfacet
  facet normal 0.793341 -0.608778 0
    outer loop
      vertex -6.95055 3.01128 8.95
      vertex -6.67173 3.37463 5.55
      vertex -6.67173 3.37463 8.95
    endloop
  endfacet
  facet normal 0.793341 -0.608778 0
    outer loop
      vertex -6.67173 3.37463 5.55
      vertex -6.95055 3.01128 8.95
      vertex -6.95055 3.01128 5.55
    endloop
  endfacet
  facet normal 0.887002 -0.461765 0
    outer loop
      vertex -7.40812 2.21875 8.95
      vertex -7.19663 2.625 5.55
      vertex -7.19663 2.625 8.95
    endloop
  endfacet
  facet normal 0.887002 -0.461765 0
    outer loop
      vertex -7.19663 2.625 5.55
      vertex -7.40812 2.21875 8.95
      vertex -7.40812 2.21875 5.55
    endloop
  endfacet
  facet normal 0 0 -1
    outer loop
      vertex 2.58002 -0.457567 8.95
      vertex 2.58002 0.457567 8.95
      vertex 2.6 0 8.95
    endloop
  endfacet
  facet normal 0 0 -1
    outer loop
      vertex 2.52024 -0.911653 8.95
      vertex 2.58002 0.457567 8.95
      vertex 2.58002 -0.457567 8.95
    endloop
  endfacet
  facet normal 0 0 -1
    outer loop
      vertex 2.52024 -0.911653 8.95
      vertex 2.52024 0.911653 8.95
      vertex 2.58002 0.457567 8.95
    endloop
  endfacet
  facet normal 0 0 -1
    outer loop
      vertex 2.42111 -1.3588 8.95
      vertex 2.52024 0.911653 8.95
      vertex 2.52024 -0.911653 8.95
    endloop
  endfacet
  facet normal 0 0 -1
    outer loop
      vertex 2.42111 -1.3588 8.95
      vertex 2.42111 1.3588 8.95
      vertex 2.52024 0.911653 8.95
    endloop
  endfacet
  facet normal 0 0 -1
    outer loop
      vertex 2.28339 -1.79561 8.95
      vertex 2.42111 1.3588 8.95
      vertex 2.42111 -1.3588 8.95
    endloop
  endfacet
  facet normal 0 0 -1
    outer loop
      vertex 2.28339 -1.79561 8.95
      vertex 2.28339 1.79561 8.95
      vertex 2.42111 1.3588 8.95
    endloop
  endfacet
  facet normal 0 0 -1
    outer loop
      vertex 2.10812 -2.21875 8.95
      vertex 2.28339 1.79561 8.95
      vertex 2.28339 -1.79561 8.95
    endloop
  endfacet
  facet normal 0 0 -1
    outer loop
      vertex 2.10812 -2.21875 8.95
      vertex 2.10812 2.21875 8.95
      vertex 2.28339 1.79561 8.95
    endloop
  endfacet
  facet normal 0 0 -1
    outer loop
      vertex 1.89663 -2.625 8.95
      vertex 2.10812 2.21875 8.95
      vertex 2.10812 -2.21875 8.95
    endloop
  endfacet
  facet normal 0 0 -1
    outer loop
      vertex 1.89663 -2.625 8.95
      vertex 1.89663 2.625 8.95
      vertex 2.10812 2.21875 8.95
    endloop
  endfacet
  facet normal 0 0 -1
    outer loop
      vertex 1.65055 -3.01128 8.95
      vertex 1.89663 2.625 8.95
      vertex 1.89663 -2.625 8.95
    endloop
  endfacet
  facet normal 0 0 -1
    outer loop
      vertex 1.65055 -3.01128 8.95
      vertex 1.65055 3.01128 8.95
      vertex 1.89663 2.625 8.95
    endloop
  endfacet
  facet normal 0 0 -1
    outer loop
      vertex 1.37173 -3.37463 8.95
      vertex 1.65055 3.01128 8.95
      vertex 1.65055 -3.01128 8.95
    endloop
  endfacet
  facet normal 0 0 -1
    outer loop
      vertex 1.37173 -3.37463 8.95
      vertex 1.37173 3.37463 8.95
      vertex 1.65055 3.01128 8.95
    endloop
  endfacet
  facet normal 0 0 -1
    outer loop
      vertex 1.06231 -3.71231 8.95
      vertex 1.37173 3.37463 8.95
      vertex 1.37173 -3.37463 8.95
    endloop
  endfacet
  facet normal 0 0 -1
    outer loop
      vertex 1.06231 -3.71231 8.95
      vertex 1.06231 3.71231 8.95
      vertex 1.37173 3.37463 8.95
    endloop
  endfacet
  facet normal 0 0 -1
    outer loop
      vertex 0.724634 -4.02173 8.95
      vertex 1.06231 3.71231 8.95
      vertex 1.06231 -3.71231 8.95
    endloop
  endfacet
  facet normal 0 0 -1
    outer loop
      vertex 0.724634 -4.02173 8.95
      vertex 0.724634 4.02173 8.95
      vertex 1.06231 3.71231 8.95
    endloop
  endfacet
  facet normal 0 0 -1
    outer loop
      vertex 0.361276 -4.30055 8.95
      vertex 0.724634 4.02173 8.95
      vertex 0.724634 -4.02173 8.95
    endloop
  endfacet
  facet normal 0 0 -1
    outer loop
      vertex 0.361276 -4.30055 8.95
      vertex 0.361276 4.30055 8.95
      vertex 0.724634 4.02173 8.95
    endloop
  endfacet
  facet normal 0 0 -1
    outer loop
      vertex -0.0249996 -4.54663 8.95
      vertex 0.361276 4.30055 8.95
      vertex 0.361276 -4.30055 8.95
    endloop
  endfacet
  facet normal 0 0 -1
    outer loop
      vertex -0.0249996 -4.54663 8.95
      vertex -0.0249996 4.54663 8.95
      vertex 0.361276 4.30055 8.95
    endloop
  endfacet
  facet normal 0 0 -1
    outer loop
      vertex -0.431253 -4.75812 8.95
      vertex -0.0249996 4.54663 8.95
      vertex -0.0249996 -4.54663 8.95
    endloop
  endfacet
  facet normal 0 0 -1
    outer loop
      vertex -0.431253 -4.75812 8.95
      vertex -0.431253 4.75812 8.95
      vertex -0.0249996 4.54663 8.95
    endloop
  endfacet
  facet normal 0 0 -1
    outer loop
      vertex -0.854394 -4.93339 8.95
      vertex -0.431253 4.75812 8.95
      vertex -0.431253 -4.75812 8.95
    endloop
  endfacet
  facet normal 0 0 -1
    outer loop
      vertex -0.854394 -4.93339 8.95
      vertex -0.854394 4.93339 8.95
      vertex -0.431253 4.75812 8.95
    endloop
  endfacet
  facet normal 0 0 -1
    outer loop
      vertex -1.2912 -5.07111 8.95
      vertex -0.854394 4.93339 8.95
      vertex -0.854394 -4.93339 8.95
    endloop
  endfacet
  facet normal 0 0 -1
    outer loop
      vertex -1.2912 -5.07111 8.95
      vertex -1.2912 5.07111 8.95
      vertex -0.854394 4.93339 8.95
    endloop
  endfacet
  facet normal 0 0 -1
    outer loop
      vertex -1.73835 -5.17024 8.95
      vertex -1.2912 5.07111 8.95
      vertex -1.2912 -5.07111 8.95
    endloop
  endfacet
  facet normal 0 0 -1
    outer loop
      vertex -1.73835 -5.17024 8.95
      vertex -1.73835 5.17024 8.95
      vertex -1.2912 5.07111 8.95
    endloop
  endfacet
  facet normal 0 0 -1
    outer loop
      vertex -2.19243 -5.23002 8.95
      vertex -1.73835 5.17024 8.95
      vertex -1.73835 -5.17024 8.95
    endloop
  endfacet
  facet normal 0 0 -1
    outer loop
      vertex -2.19243 -5.23002 8.95
      vertex -2.19243 5.23002 8.95
      vertex -1.73835 5.17024 8.95
    endloop
  endfacet
  facet normal 0 0 -1
    outer loop
      vertex -2.65 -5.25 8.95
      vertex -2.19243 5.23002 8.95
      vertex -2.19243 -5.23002 8.95
    endloop
  endfacet
  facet normal 0 0 -1
    outer loop
      vertex -2.65 -5.25 8.95
      vertex -2.65 5.25 8.95
      vertex -2.19243 5.23002 8.95
    endloop
  endfacet
  facet normal 0 0 -1
    outer loop
      vertex -3.10757 -5.23002 8.95
      vertex -2.65 5.25 8.95
      vertex -2.65 -5.25 8.95
    endloop
  endfacet
  facet normal 0 0 -1
    outer loop
      vertex -3.10757 -5.23002 8.95
      vertex -3.10757 5.23002 8.95
      vertex -2.65 5.25 8.95
    endloop
  endfacet
  facet normal 0 0 -1
    outer loop
      vertex -3.56165 -5.17024 8.95
      vertex -3.10757 5.23002 8.95
      vertex -3.10757 -5.23002 8.95
    endloop
  endfacet
  facet normal 0 0 -1
    outer loop
      vertex -3.56165 -5.17024 8.95
      vertex -3.56165 5.17024 8.95
      vertex -3.10757 5.23002 8.95
    endloop
  endfacet
  facet normal 0 0 -1
    outer loop
      vertex -4.0088 -5.07111 8.95
      vertex -3.56165 5.17024 8.95
      vertex -3.56165 -5.17024 8.95
    endloop
  endfacet
  facet normal 0 0 -1
    outer loop
      vertex -4.0088 -5.07111 8.95
      vertex -4.0088 5.07111 8.95
      vertex -3.56165 5.17024 8.95
    endloop
  endfacet
  facet normal 0 0 -1
    outer loop
      vertex -4.44561 -4.93339 8.95
      vertex -4.0088 5.07111 8.95
      vertex -4.0088 -5.07111 8.95
    endloop
  endfacet
  facet normal 0 0 -1
    outer loop
      vertex -4.44561 -4.93339 8.95
      vertex -4.44561 4.93339 8.95
      vertex -4.0088 5.07111 8.95
    endloop
  endfacet
  facet normal 0 0 -1
    outer loop
      vertex -4.86875 -4.75812 8.95
      vertex -4.44561 4.93339 8.95
      vertex -4.44561 -4.93339 8.95
    endloop
  endfacet
  facet normal 0 0 -1
    outer loop
      vertex -4.86875 -4.75812 8.95
      vertex -4.86875 4.75812 8.95
      vertex -4.44561 4.93339 8.95
    endloop
  endfacet
  facet normal 0 0 -1
    outer loop
      vertex -5.275 -4.54663 8.95
      vertex -4.86875 4.75812 8.95
      vertex -4.86875 -4.75812 8.95
    endloop
  endfacet
  facet normal 0 0 -1
    outer loop
      vertex -5.275 -4.54663 8.95
      vertex -5.275 4.54663 8.95
      vertex -4.86875 4.75812 8.95
    endloop
  endfacet
  facet normal 0 0 -1
    outer loop
      vertex -5.66128 -4.30055 8.95
      vertex -5.275 4.54663 8.95
      vertex -5.275 -4.54663 8.95
    endloop
  endfacet
  facet normal 0 0 -1
    outer loop
      vertex -5.66128 -4.30055 8.95
      vertex -5.66128 4.30055 8.95
      vertex -5.275 4.54663 8.95
    endloop
  endfacet
  facet normal 0 0 -1
    outer loop
      vertex -6.02463 -4.02173 8.95
      vertex -5.66128 4.30055 8.95
      vertex -5.66128 -4.30055 8.95
    endloop
  endfacet
  facet normal 0 0 -1
    outer loop
      vertex -6.02463 -4.02173 8.95
      vertex -6.02463 4.02173 8.95
      vertex -5.66128 4.30055 8.95
    endloop
  endfacet
  facet normal 0 0 -1
    outer loop
      vertex -6.36231 -3.71231 8.95
      vertex -6.02463 4.02173 8.95
      vertex -6.02463 -4.02173 8.95
    endloop
  endfacet
  facet normal 0 0 -1
    outer loop
      vertex -6.36231 -3.71231 8.95
      vertex -6.36231 3.71231 8.95
      vertex -6.02463 4.02173 8.95
    endloop
  endfacet
  facet normal 0 0 -1
    outer loop
      vertex -6.67173 -3.37463 8.95
      vertex -6.36231 3.71231 8.95
      vertex -6.36231 -3.71231 8.95
    endloop
  endfacet
  facet normal 0 0 -1
    outer loop
      vertex -6.67173 -3.37463 8.95
      vertex -6.67173 3.37463 8.95
      vertex -6.36231 3.71231 8.95
    endloop
  endfacet
  facet normal 0 0 -1
    outer loop
      vertex -6.95055 -3.01128 8.95
      vertex -6.67173 3.37463 8.95
      vertex -6.67173 -3.37463 8.95
    endloop
  endfacet
  facet normal 0 0 -1
    outer loop
      vertex -6.95055 -3.01128 8.95
      vertex -6.95055 3.01128 8.95
      vertex -6.67173 3.37463 8.95
    endloop
  endfacet
  facet normal 0 0 -1
    outer loop
      vertex -7.19663 -2.625 8.95
      vertex -6.95055 3.01128 8.95
      vertex -6.95055 -3.01128 8.95
    endloop
  endfacet
  facet normal 0 0 -1
    outer loop
      vertex -7.19663 -2.625 8.95
      vertex -7.19663 2.625 8.95
      vertex -6.95055 3.01128 8.95
    endloop
  endfacet
  facet normal 0 0 -1
    outer loop
      vertex -7.40812 -2.21875 8.95
      vertex -7.19663 2.625 8.95
      vertex -7.19663 -2.625 8.95
    endloop
  endfacet
  facet normal 0 0 -1
    outer loop
      vertex -7.40812 -2.21875 8.95
      vertex -7.40812 2.21875 8.95
      vertex -7.19663 2.625 8.95
    endloop
  endfacet
  facet normal 0 0 -1
    outer loop
      vertex -7.58339 -1.79561 8.95
      vertex -7.40812 2.21875 8.95
      vertex -7.40812 -2.21875 8.95
    endloop
  endfacet
  facet normal 0 0 -1
    outer loop
      vertex -7.58339 -1.79561 8.95
      vertex -7.58339 1.79561 8.95
      vertex -7.40812 2.21875 8.95
    endloop
  endfacet
  facet normal 0 0 -1
    outer loop
      vertex -7.72111 -1.3588 8.95
      vertex -7.58339 1.79561 8.95
      vertex -7.58339 -1.79561 8.95
    endloop
  endfacet
  facet normal 0 0 -1
    outer loop
      vertex -7.72111 -1.3588 8.95
      vertex -7.72111 1.3588 8.95
      vertex -7.58339 1.79561 8.95
    endloop
  endfacet
  facet normal 0 0 -1
    outer loop
      vertex -7.82024 -0.911653 8.95
      vertex -7.72111 1.3588 8.95
      vertex -7.72111 -1.3588 8.95
    endloop
  endfacet
  facet normal 0 0 -1
    outer loop
      vertex -7.82024 -0.911653 8.95
      vertex -7.82024 0.911653 8.95
      vertex -7.72111 1.3588 8.95
    endloop
  endfacet
  facet normal 0 0 -1
    outer loop
      vertex -7.88002 -0.457567 8.95
      vertex -7.82024 0.911653 8.95
      vertex -7.82024 -0.911653 8.95
    endloop
  endfacet
  facet normal 0 0 -1
    outer loop
      vertex -7.88002 -0.457567 8.95
      vertex -7.88002 0.457567 8.95
      vertex -7.82024 0.911653 8.95
    endloop
  endfacet
  facet normal 0 -0 -1
    outer loop
      vertex -7.88002 0.457567 8.95
      vertex -7.88002 -0.457567 8.95
      vertex -7.9 0 8.95
    endloop
  endfacet
endsolid OpenSCAD_Model
