solid OpenSCAD_Model
  facet normal 0.0648217 -0.989375 0.130134
    outer loop
      vertex 17.6407 -12.5496 7.22791
      vertex 17.0647 -12.6641 6.64431
      vertex 17.6508 -12.6257 6.64431
    endloop
  endfacet
  facet normal -0.681239 -0.624252 0.382392
    outer loop
      vertex -25.6447 -8.28896 7.79648
      vertex -25.0021 -8.6571 8.3403
      vertex -25.4854 -8.12968 8.3403
    endloop
  endfacet
  facet normal -0.681239 -0.624252 0.382392
    outer loop
      vertex -25.0021 -8.6571 8.3403
      vertex -25.6447 -8.28896 7.79648
      vertex -25.1614 -8.81638 7.79648
    endloop
  endfacet
  facet normal -0.499733 -0.0326189 0.865565
    outer loop
      vertex -26.4921 -0.979451 10.3859
      vertex -27.0188 -0.719666 10.0916
      vertex -26.9975 -1.04599 10.0916
    endloop
  endfacet
  facet normal 0 -1 0
    outer loop
      vertex -16.35 -12.6954 6.45
      vertex 16.35 -12.6954 6.64431
      vertex -16.35 -12.6954 6.64431
    endloop
  endfacet
  facet normal 0 -1 -0
    outer loop
      vertex 16.35 -12.6954 6.64431
      vertex -16.35 -12.6954 6.45
      vertex 16.35 -12.6954 6.45
    endloop
  endfacet
  facet normal -0.768358 0.399957 0.499661
    outer loop
      vertex -27.2769 5.48842 8.3403
      vertex -26.6917 5.9758 8.85007
      vertex -26.9466 6.12296 8.3403
    endloop
  endfacet
  facet normal -0.768358 0.399957 0.499661
    outer loop
      vertex -26.6917 5.9758 8.85007
      vertex -27.2769 5.48842 8.3403
      vertex -27.022 5.34126 8.85007
    endloop
  endfacet
  facet normal -0.438534 0.889222 0.130274
    outer loop
      vertex -21.5338 11.5853 6.64431
      vertex -22.0606 11.3255 6.64431
      vertex -21.5044 11.5143 7.22791
    endloop
  endfacet
  facet normal -0.596937 0.523498 0.60796
    outer loop
      vertex -25.2773 7.92157 8.85007
      vertex -25.6 7.5536 8.85007
      vertex -25.3157 7.33546 9.31705
    endloop
  endfacet
  facet normal -0.00856086 0.130636 0.991393
    outer loop
      vertex -17.0647 9.05169 10.7635
      vertex -17.1793 9.04418 10.7635
      vertex -17.1031 8.46558 10.8404
    endloop
  endfacet
  facet normal -0.694329 -0.13805 0.706293
    outer loop
      vertex -27.3671 -1.81619 9.73328
      vertex -27.7797 -1.87052 9.31705
      vertex -27.6934 -2.30457 9.31705
    endloop
  endfacet
  facet normal 0.0560503 0.252829 0.965886
    outer loop
      vertex 18.1483 9.4776 10.6112
      vertex 18.6995 8.77357 10.7635
      vertex 18.8467 9.32277 10.6112
    endloop
  endfacet
  facet normal 0.0560547 0.252832 0.965885
    outer loop
      vertex 18.6995 8.77357 10.7635
      vertex 18.1483 9.4776 10.6112
      vertex 18.0011 8.92841 10.7635
    endloop
  endfacet
  facet normal -0.991458 0.130426 0
    outer loop
      vertex -28.9707 1.30578 6.45
      vertex -28.8774 2.01502 6.64431
      vertex -28.8774 2.01502 6.45
    endloop
  endfacet
  facet normal -0.991458 0.130426 0
    outer loop
      vertex -28.8774 2.01502 6.64431
      vertex -28.9707 1.30578 6.45
      vertex -28.9707 1.30578 6.64431
    endloop
  endfacet
  facet normal 0 1 -0
    outer loop
      vertex 16.35 12.6954 6.45
      vertex -16.35 12.6954 6.64431
      vertex 16.35 12.6954 6.64431
    endloop
  endfacet
  facet normal 0 1 0
    outer loop
      vertex -16.35 12.6954 6.64431
      vertex 16.35 12.6954 6.45
      vertex -16.35 12.6954 6.45
    endloop
  endfacet
  facet normal 0.0437527 -0.999042 0
    outer loop
      vertex 16.35 -12.6954 6.45
      vertex 17.0647 -12.6641 6.64431
      vertex 16.35 -12.6954 6.64431
    endloop
  endfacet
  facet normal 0.0437527 -0.999042 0
    outer loop
      vertex 17.0647 -12.6641 6.64431
      vertex 16.35 -12.6954 6.45
      vertex 17.0647 -12.6641 6.45
    endloop
  endfacet
  facet normal -0.989372 0.0647463 0.130198
    outer loop
      vertex -28.8946 1.29575 7.22791
      vertex -29.0091 0.719666 6.64431
      vertex -28.9323 0.719666 7.22791
    endloop
  endfacet
  facet normal -0.481394 -0.720491 0.499151
    outer loop
      vertex -23.3311 -9.69045 8.85007
      vertex -23.5102 -9.92395 8.3403
      vertex -23.0713 -10.2172 8.3403
    endloop
  endfacet
  facet normal -0.481353 0.720499 0.49918
    outer loop
      vertex -23.0713 10.2172 8.3403
      vertex -23.3311 9.69045 8.85007
      vertex -22.9241 9.96236 8.85007
    endloop
  endfacet
  facet normal -0.30071 -0.953716 0
    outer loop
      vertex -20.3167 -12.0478 6.45
      vertex -19.6345 -12.2629 6.64431
      vertex -20.3167 -12.0478 6.64431
    endloop
  endfacet
  facet normal -0.30071 -0.953716 -0
    outer loop
      vertex -19.6345 -12.2629 6.64431
      vertex -20.3167 -12.0478 6.45
      vertex -19.6345 -12.2629 6.45
    endloop
  endfacet
  facet normal -0.555525 0.8315 0
    outer loop
      vertex -23.2985 10.6108 6.55
      vertex -23.7869 10.2845 6.64431
      vertex -23.2985 10.6108 6.64431
    endloop
  endfacet
  facet normal -0.555525 0.8315 0
    outer loop
      vertex -23.7869 10.2845 6.64431
      vertex -23.2985 10.6108 6.55
      vertex -23.7869 10.2845 6.55
    endloop
  endfacet
  facet normal -0.383255 -0.777132 0.499181
    outer loop
      vertex -21.6863 -10.677 8.85007
      vertex -21.8334 -10.9319 8.3403
      vertex -21.2473 -10.8935 8.85007
    endloop
  endfacet
  facet normal -0.967942 -0.214685 0.130379
    outer loop
      vertex -28.7628 -2.5911 6.64431
      vertex -28.5337 -3.26961 7.22791
      vertex -28.6886 -2.57122 7.22791
    endloop
  endfacet
  facet normal -0.967942 -0.214682 0.130383
    outer loop
      vertex -28.5337 -3.26961 7.22791
      vertex -28.7628 -2.5911 6.64431
      vertex -28.6079 -3.2895 6.64431
    endloop
  endfacet
  facet normal -0.972421 -0.193444 0.130293
    outer loop
      vertex -28.8012 -2.00499 7.22791
      vertex -28.8774 -2.01502 6.64431
      vertex -28.7628 -2.5911 6.64431
    endloop
  endfacet
  facet normal -0.943092 0.209174 0.258502
    outer loop
      vertex -28.6886 2.57122 7.22791
      vertex -28.3866 3.23018 7.79648
      vertex -28.5337 3.26961 7.22791
    endloop
  endfacet
  facet normal -0.943081 0.209036 0.258656
    outer loop
      vertex -28.3866 3.23018 7.79648
      vertex -28.6886 2.57122 7.22791
      vertex -28.5414 2.53179 7.79648
    endloop
  endfacet
  facet normal -0.369575 -0.892407 0.25889
    outer loop
      vertex -20.8435 -11.788 7.22791
      vertex -21.4461 -11.3735 7.79648
      vertex -21.5044 -11.5143 7.22791
    endloop
  endfacet
  facet normal -0.369705 -0.892396 0.258744
    outer loop
      vertex -21.4461 -11.3735 7.79648
      vertex -20.8435 -11.788 7.22791
      vertex -20.7852 -11.6473 7.79648
    endloop
  endfacet
  facet normal 0.15482 -0.778765 0.607911
    outer loop
      vertex 18.6496 -11.3484 9.31705
      vertex 18.2155 -11.4347 9.31705
      vertex 18.7423 -11.6945 8.85007
    endloop
  endfacet
  facet normal -0.945581 0.298123 0.130383
    outer loop
      vertex -28.6079 3.2895 6.64431
      vertex -28.3186 3.95186 7.22791
      vertex -28.3928 3.97175 6.64431
    endloop
  endfacet
  facet normal -0.945581 0.298123 0.130383
    outer loop
      vertex -28.3186 3.95186 7.22791
      vertex -28.6079 3.2895 6.64431
      vertex -28.5337 3.26961 7.22791
    endloop
  endfacet
  facet normal 0.188428 0.947494 0.258359
    outer loop
      vertex 18.9162 12.3436 7.22791
      vertex 18.35 12.4562 7.22791
      vertex 18.8768 12.1964 7.79648
    endloop
  endfacet
  facet normal -0.126119 0.957638 0.258889
    outer loop
      vertex -17.6407 12.5496 7.22791
      vertex -18.3301 12.3051 7.79648
      vertex -17.6209 12.3985 7.79648
    endloop
  endfacet
  facet normal -0.126101 0.957635 0.258909
    outer loop
      vertex -18.3301 12.3051 7.79648
      vertex -17.6407 12.5496 7.22791
      vertex -18.35 12.4562 7.22791
    endloop
  endfacet
  facet normal -0.523496 0.596983 0.607917
    outer loop
      vertex -23.8986 9.25498 8.85007
      vertex -24.2666 8.93228 8.85007
      vertex -23.6805 8.9707 9.31705
    endloop
  endfacet
  facet normal -0.537355 0.843356 0
    outer loop
      vertex -22.6952 10.9952 6.55
      vertex -23.2985 10.6108 6.64431
      vertex -22.6952 10.9952 6.64431
    endloop
  endfacet
  facet normal -0.537355 0.843356 0
    outer loop
      vertex -23.2985 10.6108 6.64431
      vertex -22.6952 10.9952 6.55
      vertex -23.2985 10.6108 6.55
    endloop
  endfacet
  facet normal -0.0519225 0.792305 0.607912
    outer loop
      vertex -17.0647 11.9154 8.85007
      vertex -17.553 11.8834 8.85007
      vertex -17.0647 11.5571 9.31705
    endloop
  endfacet
  facet normal 0.193389 0.97244 0.130232
    outer loop
      vertex 18.9361 12.4178 6.64431
      vertex 18.35 12.4562 7.22791
      vertex 18.9162 12.3436 7.22791
    endloop
  endfacet
  facet normal 0.118898 0.597847 0.792744
    outer loop
      vertex 18.1612 11.0221 9.73328
      vertex 18.1002 10.5591 10.0916
      vertex 18.421 10.4953 10.0916
    endloop
  endfacet
  facet normal 0.108263 0.488445 0.865853
    outer loop
      vertex 18.421 10.4953 10.0916
      vertex 18.9874 9.84806 10.3859
      vertex 19.1194 10.3405 10.0916
    endloop
  endfacet
  facet normal 0.108296 0.488466 0.865837
    outer loop
      vertex 18.9874 9.84806 10.3859
      vertex 18.421 10.4953 10.0916
      vertex 18.289 10.0029 10.3859
    endloop
  endfacet
  facet normal -0.127666 -0.0282971 0.991413
    outer loop
      vertex -25.2734 -1.65613 10.7635
      vertex -24.5549 -2.20348 10.8404
      vertex -24.7097 -1.50508 10.8404
    endloop
  endfacet
  facet normal -0.127667 -0.0282976 0.991413
    outer loop
      vertex -24.5549 -2.20348 10.8404
      vertex -25.2734 -1.65613 10.7635
      vertex -25.1186 -2.35452 10.7635
    endloop
  endfacet
  facet normal 0.0833273 -0.245515 0.965805
    outer loop
      vertex 19.7081 -9.04683 10.6112
      vertex 19.3818 -8.55846 10.7635
      vertex 19.5289 -9.10765 10.6112
    endloop
  endfacet
  facet normal -0.216531 -0.976276 0
    outer loop
      vertex -19.6345 -12.2629 6.45
      vertex -18.9361 -12.4178 6.64431
      vertex -19.6345 -12.2629 6.64431
    endloop
  endfacet
  facet normal -0.216531 -0.976276 -0
    outer loop
      vertex -18.9361 -12.4178 6.64431
      vertex -19.6345 -12.2629 6.45
      vertex -18.9361 -12.4178 6.45
    endloop
  endfacet
  facet normal -0.964011 -0.0632628 0.258225
    outer loop
      vertex -28.78 -0.719666 7.79648
      vertex -28.9323 -0.719666 7.22791
      vertex -28.7435 -1.27586 7.79648
    endloop
  endfacet
  facet normal -1 0 0
    outer loop
      vertex -29.0404 -0.00498962 6.45
      vertex -29.0404 0.00498962 6.64431
      vertex -29.0404 0.00498962 6.45
    endloop
  endfacet
  facet normal -1 -0 0
    outer loop
      vertex -29.0404 0.00498962 6.64431
      vertex -29.0404 -0.00498962 6.45
      vertex -29.0404 -0.00498962 6.64431
    endloop
  endfacet
  facet normal -0.997861 -0.0653761 0
    outer loop
      vertex -28.9707 -1.30578 6.45
      vertex -29.0091 -0.719666 6.64431
      vertex -29.0091 -0.719666 6.45
    endloop
  endfacet
  facet normal -0.997861 -0.0653761 0
    outer loop
      vertex -29.0091 -0.719666 6.64431
      vertex -28.9707 -1.30578 6.45
      vertex -28.9707 -1.30578 6.64431
    endloop
  endfacet
  facet normal -0.989372 -0.0647463 0.130198
    outer loop
      vertex -28.9323 -0.719666 7.22791
      vertex -29.0091 -0.719666 6.64431
      vertex -28.8946 -1.29575 7.22791
    endloop
  endfacet
  facet normal -0.989376 -0.0648202 0.130126
    outer loop
      vertex -28.8946 -1.29575 7.22791
      vertex -29.0091 -0.719666 6.64431
      vertex -28.9707 -1.30578 6.64431
    endloop
  endfacet
  facet normal -0.0605158 -0.922161 0.382043
    outer loop
      vertex -17.0647 -12.2097 8.3403
      vertex -17.6209 -12.3985 7.79648
      vertex -17.0647 -12.435 7.79648
    endloop
  endfacet
  facet normal -0.669837 -0.730973 0.130373
    outer loop
      vertex -24.796 -9.46173 6.64431
      vertex -25.2691 -8.92411 7.22791
      vertex -25.3234 -8.97844 6.64431
    endloop
  endfacet
  facet normal -0.669837 -0.730973 0.130373
    outer loop
      vertex -25.2691 -8.92411 7.22791
      vertex -24.796 -9.46173 6.64431
      vertex -24.7417 -9.4074 7.22791
    endloop
  endfacet
  facet normal -0.865419 0.0377808 0.499623
    outer loop
      vertex -28.5859 0.00498962 8.3403
      vertex -28.2604 0.719666 8.85007
      vertex -28.5547 0.719666 8.3403
    endloop
  endfacet
  facet normal -0.865419 0.0377808 0.499623
    outer loop
      vertex -28.2604 0.719666 8.85007
      vertex -28.5859 0.00498962 8.3403
      vertex -28.2916 0.00498962 8.85007
    endloop
  endfacet
  facet normal -0.194855 0.171068 0.965799
    outer loop
      vertex -23.2523 5.89662 10.7635
      vertex -23.7791 6.15641 10.6112
      vertex -23.3281 5.81028 10.7635
    endloop
  endfacet
  facet normal -0.634921 0.313045 0.706313
    outer loop
      vertex -26.7117 5.1621 9.31705
      vertex -26.9074 4.76518 9.31705
      vertex -26.5229 4.6059 9.73328
    endloop
  endfacet
  facet normal -0.193438 0.972424 0.130283
    outer loop
      vertex -18.36 12.5324 6.64431
      vertex -18.9361 12.4178 6.64431
      vertex -18.35 12.4562 7.22791
    endloop
  endfacet
  facet normal -0.938852 0.318744 0.130231
    outer loop
      vertex -28.133 4.49854 7.22791
      vertex -28.3928 3.97175 6.64431
      vertex -28.3186 3.95186 7.22791
    endloop
  endfacet
  facet normal -0.318788 0.938843 0.130182
    outer loop
      vertex -20.3167 12.0478 6.64431
      vertex -20.8435 11.788 7.22791
      vertex -20.2969 11.9736 7.22791
    endloop
  endfacet
  facet normal -0.379345 0.915999 0.130549
    outer loop
      vertex -20.8729 11.859 6.64431
      vertex -21.5044 11.5143 7.22791
      vertex -20.8435 11.788 7.22791
    endloop
  endfacet
  facet normal -0.379345 0.915999 0.130549
    outer loop
      vertex -21.5044 11.5143 7.22791
      vertex -20.8729 11.859 6.64431
      vertex -21.5338 11.5853 6.64431
    endloop
  endfacet
  facet normal 0.120634 -0.915988 0.382639
    outer loop
      vertex 17.6209 -12.3985 7.79648
      vertex 18.3007 -12.0818 8.3403
      vertex 17.5915 -12.1752 8.3403
    endloop
  endfacet
  facet normal 0.120634 -0.915988 0.382639
    outer loop
      vertex 18.3007 -12.0818 8.3403
      vertex 17.6209 -12.3985 7.79648
      vertex 18.3301 -12.3051 7.79648
    endloop
  endfacet
  facet normal 0 0.99143 0.130639
    outer loop
      vertex 16.35 12.6954 6.64431
      vertex -2.35476 12.6185 7.22791
      vertex 16.35 12.6185 7.22791
    endloop
  endfacet
  facet normal 5.46275e-05 0.991202 0.13236
    outer loop
      vertex -2.35476 12.6185 7.22791
      vertex 16.35 12.6954 6.64431
      vertex -2.39643 12.6214 7.20621
    endloop
  endfacet
  facet normal -5.24074e-05 0.991664 0.12885
    outer loop
      vertex -2.39643 12.6214 7.20621
      vertex 16.35 12.6954 6.64431
      vertex -2.44479 12.624 7.18618
    endloop
  endfacet
  facet normal 4.32591e-05 0.991235 0.132111
    outer loop
      vertex -2.44479 12.624 7.18618
      vertex 16.35 12.6954 6.64431
      vertex -2.49471 12.6261 7.17044
    endloop
  endfacet
  facet normal 1.66027e-05 0.991359 0.131173
    outer loop
      vertex -2.49471 12.6261 7.17044
      vertex 16.35 12.6954 6.64431
      vertex -2.54581 12.6276 7.15911
    endloop
  endfacet
  facet normal 1.56565e-06 0.991431 0.130631
    outer loop
      vertex -2.54581 12.6276 7.15911
      vertex 16.35 12.6954 6.64431
      vertex -2.59771 12.6285 7.15228
    endloop
  endfacet
  facet normal -2.00386e-06 0.991448 0.1305
    outer loop
      vertex -2.59771 12.6285 7.15228
      vertex 16.35 12.6954 6.64431
      vertex -2.65 12.6288 7.15
    endloop
  endfacet
  facet normal -7.45602e-05 0.991207 0.132322
    outer loop
      vertex -16.35 12.6954 6.64431
      vertex -2.94524 12.6185 7.22791
      vertex -2.90357 12.6214 7.20621
    endloop
  endfacet
  facet normal 7.11707e-05 0.991658 0.128894
    outer loop
      vertex -16.35 12.6954 6.64431
      vertex -2.90357 12.6214 7.20621
      vertex -2.85521 12.624 7.18618
    endloop
  endfacet
  facet normal -5.83299e-05 0.991241 0.132064
    outer loop
      vertex -16.35 12.6954 6.64431
      vertex -2.85521 12.624 7.18618
      vertex -2.80529 12.6261 7.17044
    endloop
  endfacet
  facet normal -2.21308e-05 0.991363 0.131149
    outer loop
      vertex -16.35 12.6954 6.64431
      vertex -2.80529 12.6261 7.17044
      vertex -2.75419 12.6276 7.15911
    endloop
  endfacet
  facet normal -2.03962e-06 0.991432 0.130627
    outer loop
      vertex -16.35 12.6954 6.64431
      vertex -2.75419 12.6276 7.15911
      vertex -2.70229 12.6285 7.15228
    endloop
  endfacet
  facet normal 2.42368e-06 0.991447 0.130509
    outer loop
      vertex -16.35 12.6954 6.64431
      vertex -2.70229 12.6285 7.15228
      vertex -2.65 12.6288 7.15
    endloop
  endfacet
  facet normal -0 0.991439 0.130574
    outer loop
      vertex -16.35 12.6954 6.64431
      vertex -2.65 12.6288 7.15
      vertex 16.35 12.6954 6.64431
    endloop
  endfacet
  facet normal 0 0.99143 0.130639
    outer loop
      vertex -2.94524 12.6185 7.22791
      vertex -16.35 12.6954 6.64431
      vertex -16.35 12.6185 7.22791
    endloop
  endfacet
  facet normal 0.290525 0.921302 0.258451
    outer loop
      vertex 19.6146 12.1887 7.22791
      vertex 20.05 11.8919 7.79648
      vertex 20.05 12.0514 7.22791
    endloop
  endfacet
  facet normal 0.290479 0.921306 0.258489
    outer loop
      vertex 20.05 11.8919 7.79648
      vertex 19.6146 12.1887 7.22791
      vertex 19.5752 12.0416 7.79648
    endloop
  endfacet
  facet normal 0.0605158 0.922161 0.382043
    outer loop
      vertex 17.0647 12.435 7.79648
      vertex 17.0647 12.2097 8.3403
      vertex 17.6209 12.3985 7.79648
    endloop
  endfacet
  facet normal 0.0397068 0.608278 0.79273
    outer loop
      vertex 17.4519 11.1155 9.73328
      vertex 17.0647 10.6738 10.0916
      vertex 17.391 10.6525 10.0916
    endloop
  endfacet
  facet normal -0.366459 0.703961 0.608396
    outer loop
      vertex -21.6863 10.677 8.85007
      vertex -22.1416 10.0364 9.31705
      vertex -21.5071 10.3667 9.31705
    endloop
  endfacet
  facet normal -0.366459 0.703961 0.608396
    outer loop
      vertex -22.1416 10.0364 9.31705
      vertex -21.6863 10.677 8.85007
      vertex -22.3208 10.3467 8.85007
    endloop
  endfacet
  facet normal 0.199951 0.902104 0.382397
    outer loop
      vertex 18.8768 12.1964 7.79648
      vertex 19.5169 11.824 8.3403
      vertex 19.5752 12.0416 7.79648
    endloop
  endfacet
  facet normal 0.199951 0.902104 0.382397
    outer loop
      vertex 19.5169 11.824 8.3403
      vertex 18.8768 12.1964 7.79648
      vertex 18.8185 11.9788 8.3403
    endloop
  endfacet
  facet normal 0 -0.922441 0.386138
    outer loop
      vertex -2.49471 -12.2454 8.32955
      vertex 16.35 -12.2409 8.3403
      vertex -2.54317 -12.2409 8.3403
    endloop
  endfacet
  facet normal 2.83207e-06 -0.9242 0.38191
    outer loop
      vertex -2.44479 -12.2519 8.31382
      vertex 16.35 -12.2409 8.3403
      vertex -2.49471 -12.2454 8.32955
    endloop
  endfacet
  facet normal 1.60367e-06 -0.923892 0.382654
    outer loop
      vertex -2.39643 -12.2602 8.29378
      vertex 16.35 -12.2409 8.3403
      vertex -2.44479 -12.2519 8.31382
    endloop
  endfacet
  facet normal 2.20907e-06 -0.923978 0.382445
    outer loop
      vertex -2.35 -12.2702 8.26962
      vertex 16.35 -12.2409 8.3403
      vertex -2.39643 -12.2602 8.29378
    endloop
  endfacet
  facet normal 7.54918e-06 -0.924476 0.381239
    outer loop
      vertex -2.30585 -12.2818 8.24149
      vertex 16.35 -12.2409 8.3403
      vertex -2.35 -12.2702 8.26962
    endloop
  endfacet
  facet normal -1.88018e-06 -0.923848 0.382759
    outer loop
      vertex -2.26433 -12.295 8.20963
      vertex 16.35 -12.2409 8.3403
      vertex -2.30585 -12.2818 8.24149
    endloop
  endfacet
  facet normal -1.02054e-05 -0.923428 0.383772
    outer loop
      vertex -2.22574 -12.3097 8.17426
      vertex 16.35 -12.2409 8.3403
      vertex -2.26433 -12.295 8.20963
    endloop
  endfacet
  facet normal -2.10643e-06 -0.923749 0.382998
    outer loop
      vertex -2.19037 -12.3257 8.13567
      vertex 16.35 -12.2409 8.3403
      vertex -2.22574 -12.3097 8.17426
    endloop
  endfacet
  facet normal 1.49948e-06 -0.923865 0.38272
    outer loop
      vertex -2.15851 -12.3429 8.09415
      vertex 16.35 -12.2409 8.3403
      vertex -2.19037 -12.3257 8.13567
    endloop
  endfacet
  facet normal -1.39564e-06 -0.923788 0.382905
    outer loop
      vertex -2.13038 -12.3612 8.05
      vertex 16.35 -12.2409 8.3403
      vertex -2.15851 -12.3429 8.09415
    endloop
  endfacet
  facet normal 1.25722e-05 -0.924102 0.382146
    outer loop
      vertex -2.10621 -12.3804 8.00357
      vertex 16.35 -12.2409 8.3403
      vertex -2.13038 -12.3612 8.05
    endloop
  endfacet
  facet normal 1.19405e-05 -0.92409 0.382176
    outer loop
      vertex -2.08618 -12.4004 7.95521
      vertex 16.35 -12.2409 8.3403
      vertex -2.10621 -12.3804 8.00357
    endloop
  endfacet
  facet normal -9.09679e-06 -0.923734 0.383036
    outer loop
      vertex -2.07044 -12.4211 7.90529
      vertex 16.35 -12.2409 8.3403
      vertex -2.08618 -12.4004 7.95521
    endloop
  endfacet
  facet normal -1.36586e-05 -0.923665 0.383201
    outer loop
      vertex -2.05911 -12.4423 7.85419
      vertex 16.35 -12.2409 8.3403
      vertex -2.07044 -12.4211 7.90529
    endloop
  endfacet
  facet normal 1.24788e-06 -0.923865 0.382719
    outer loop
      vertex -2.05228 -12.4638 7.80229
      vertex 16.35 -12.2409 8.3403
      vertex -2.05911 -12.4423 7.85419
    endloop
  endfacet
  facet normal 3.30238e-05 -0.924249 0.381791
    outer loop
      vertex -2.05203 -12.4662 7.79648
      vertex 16.35 -12.2409 8.3403
      vertex -2.05228 -12.4638 7.80229
    endloop
  endfacet
  facet normal 0 -0.923854 0.382745
    outer loop
      vertex 16.35 -12.2409 8.3403
      vertex -2.05203 -12.4662 7.79648
      vertex 16.35 -12.4662 7.79648
    endloop
  endfacet
  facet normal 0 -0.922441 0.386138
    outer loop
      vertex -16.35 -12.2409 8.3403
      vertex -2.80529 -12.2454 8.32955
      vertex -2.75683 -12.2409 8.3403
    endloop
  endfacet
  facet normal -3.93746e-06 -0.924198 0.381913
    outer loop
      vertex -16.35 -12.2409 8.3403
      vertex -2.85521 -12.2519 8.31382
      vertex -2.80529 -12.2454 8.32955
    endloop
  endfacet
  facet normal -2.23054e-06 -0.923891 0.382655
    outer loop
      vertex -16.35 -12.2409 8.3403
      vertex -2.90357 -12.2602 8.29378
      vertex -2.85521 -12.2519 8.31382
    endloop
  endfacet
  facet normal -3.07403e-06 -0.923977 0.382447
    outer loop
      vertex -16.35 -12.2409 8.3403
      vertex -2.95 -12.2702 8.26962
      vertex -2.90357 -12.2602 8.29378
    endloop
  endfacet
  facet normal -1.05105e-05 -0.924475 0.381243
    outer loop
      vertex -16.35 -12.2409 8.3403
      vertex -2.99415 -12.2818 8.24149
      vertex -2.95 -12.2702 8.26962
    endloop
  endfacet
  facet normal 2.61917e-06 -0.923848 0.382759
    outer loop
      vertex -16.35 -12.2409 8.3403
      vertex -3.03567 -12.295 8.20963
      vertex -2.99415 -12.2818 8.24149
    endloop
  endfacet
  facet normal 1.42248e-05 -0.92343 0.383768
    outer loop
      vertex -16.35 -12.2409 8.3403
      vertex -3.07426 -12.3097 8.17426
      vertex -3.03567 -12.295 8.20963
    endloop
  endfacet
  facet normal 2.93784e-06 -0.923749 0.382998
    outer loop
      vertex -16.35 -12.2409 8.3403
      vertex -3.10963 -12.3257 8.13567
      vertex -3.07426 -12.3097 8.17426
    endloop
  endfacet
  facet normal -2.09267e-06 -0.923864 0.38272
    outer loop
      vertex -16.35 -12.2409 8.3403
      vertex -3.14149 -12.3429 8.09415
      vertex -3.10963 -12.3257 8.13567
    endloop
  endfacet
  facet normal 1.94909e-06 -0.923788 0.382905
    outer loop
      vertex -16.35 -12.2409 8.3403
      vertex -3.16961 -12.3612 8.05
      vertex -3.14149 -12.3429 8.09415
    endloop
  endfacet
  facet normal -1.75704e-05 -0.924101 0.382149
    outer loop
      vertex -16.35 -12.2409 8.3403
      vertex -3.19378 -12.3804 8.00357
      vertex -3.16961 -12.3612 8.05
    endloop
  endfacet
  facet normal -1.67002e-05 -0.924089 0.382178
    outer loop
      vertex -16.35 -12.2409 8.3403
      vertex -3.21381 -12.4004 7.95521
      vertex -3.19378 -12.3804 8.00357
    endloop
  endfacet
  facet normal 1.27333e-05 -0.923734 0.383035
    outer loop
      vertex -16.35 -12.2409 8.3403
      vertex -3.22956 -12.4211 7.90529
      vertex -3.21381 -12.4004 7.95521
    endloop
  endfacet
  facet normal 1.91358e-05 -0.923666 0.383199
    outer loop
      vertex -16.35 -12.2409 8.3403
      vertex -3.24088 -12.4423 7.85419
      vertex -3.22956 -12.4211 7.90529
    endloop
  endfacet
  facet normal -1.74993e-06 -0.923865 0.382719
    outer loop
      vertex -16.35 -12.2409 8.3403
      vertex -3.24772 -12.4638 7.80229
      vertex -3.24088 -12.4423 7.85419
    endloop
  endfacet
  facet normal -4.95944e-07 -0.923854 0.382745
    outer loop
      vertex -16.35 -12.4662 7.79648
      vertex -3.24772 -12.4638 7.80229
      vertex -16.35 -12.2409 8.3403
    endloop
  endfacet
  facet normal 0 -0.924249 0.38179
    outer loop
      vertex -3.24772 -12.4638 7.80229
      vertex -16.35 -12.4662 7.79648
      vertex -3.24797 -12.4662 7.79648
    endloop
  endfacet
  facet normal -0.0112946 -0.258727 0.965885
    outer loop
      vertex -17.0647 -9.62026 10.6112
      vertex -16.35 -9.08289 10.7635
      vertex -17.0647 -9.05169 10.7635
    endloop
  endfacet
  facet normal -0.0112946 -0.258727 0.965885
    outer loop
      vertex -16.35 -9.08289 10.7635
      vertex -17.0647 -9.62026 10.6112
      vertex -16.35 -9.65146 10.6112
    endloop
  endfacet
  facet normal 0.0308512 -0.706711 0.70683
    outer loop
      vertex 16.35 -11.5883 9.31705
      vertex 17.0647 -11.1408 9.73328
      vertex 16.35 -11.172 9.73328
    endloop
  endfacet
  facet normal 0.0308512 -0.706711 0.70683
    outer loop
      vertex 17.0647 -11.1408 9.73328
      vertex 16.35 -11.5883 9.31705
      vertex 17.0647 -11.5571 9.31705
    endloop
  endfacet
  facet normal -0.174951 -0.190919 0.965889
    outer loop
      vertex -22.769 -6.42404 10.7635
      vertex -22.6437 -7.30937 10.6112
      vertex -22.2416 -6.90733 10.7635
    endloop
  endfacet
  facet normal -0.174951 -0.190919 0.965889
    outer loop
      vertex -22.6437 -7.30937 10.6112
      vertex -22.769 -6.42404 10.7635
      vertex -23.1711 -6.82608 10.6112
    endloop
  endfacet
  facet normal -0.694308 0.138077 0.706308
    outer loop
      vertex -27.2914 2.19684 9.73328
      vertex -27.6934 2.30457 9.31705
      vertex -27.3671 1.81619 9.73328
    endloop
  endfacet
  facet normal -0.232514 0.114681 0.965808
    outer loop
      vertex -25.0344 4.1937 10.6112
      vertex -25.1181 4.024 10.6112
      vertex -24.542 3.90941 10.7635
    endloop
  endfacet
  facet normal -0.997861 0.0653761 0
    outer loop
      vertex -29.0091 0.719666 6.45
      vertex -28.9707 1.30578 6.64431
      vertex -28.9707 1.30578 6.45
    endloop
  endfacet
  facet normal -0.997861 0.0653761 0
    outer loop
      vertex -28.9707 1.30578 6.64431
      vertex -29.0091 0.719666 6.45
      vertex -29.0091 0.719666 6.64431
    endloop
  endfacet
  facet normal -0.5134 0.768393 0.382091
    outer loop
      vertex -23.0713 10.2172 8.3403
      vertex -23.6474 10.1027 7.79648
      vertex -23.5102 9.92395 8.3403
    endloop
  endfacet
  facet normal -0.521586 -0.477954 0.706759
    outer loop
      vertex -25.0239 -7.66819 9.31705
      vertex -24.2463 -7.90129 9.73328
      vertex -24.7296 -7.37387 9.73328
    endloop
  endfacet
  facet normal -0.521586 -0.477954 0.706759
    outer loop
      vertex -24.2463 -7.90129 9.73328
      vertex -25.0239 -7.66819 9.31705
      vertex -24.5406 -8.19561 9.31705
    endloop
  endfacet
  facet normal -0.130433 -0.991457 0
    outer loop
      vertex -18.36 -12.5324 6.45
      vertex -17.6508 -12.6257 6.64431
      vertex -18.36 -12.5324 6.64431
    endloop
  endfacet
  facet normal -0.130433 -0.991457 -0
    outer loop
      vertex -17.6508 -12.6257 6.64431
      vertex -18.36 -12.5324 6.45
      vertex -17.6508 -12.6257 6.45
    endloop
  endfacet
  facet normal -0.297077 -0.875126 0.381968
    outer loop
      vertex -20.699 -11.4392 8.3403
      vertex -20.7852 -11.6473 7.79648
      vertex -20.1991 -11.6089 8.3403
    endloop
  endfacet
  facet normal -0.195101 -0.980783 0
    outer loop
      vertex -18.9361 -12.4178 6.45
      vertex -18.36 -12.5324 6.64431
      vertex -18.9361 -12.4178 6.64431
    endloop
  endfacet
  facet normal -0.195101 -0.980783 -0
    outer loop
      vertex -18.36 -12.5324 6.64431
      vertex -18.9361 -12.4178 6.45
      vertex -18.36 -12.5324 6.45
    endloop
  endfacet
  facet normal -0.99143 0 0.130639
    outer loop
      vertex -29.0404 -0.00498962 6.64431
      vertex -28.9635 0.00498962 7.22791
      vertex -29.0404 0.00498962 6.64431
    endloop
  endfacet
  facet normal -0.99143 0 0.130639
    outer loop
      vertex -28.9635 0.00498962 7.22791
      vertex -29.0404 -0.00498962 6.64431
      vertex -28.9635 -0.00498962 7.22791
    endloop
  endfacet
  facet normal -0.965088 -0.042132 0.258513
    outer loop
      vertex -28.9323 -0.719666 7.22791
      vertex -28.8112 -0.00498962 7.79648
      vertex -28.9635 -0.00498962 7.22791
    endloop
  endfacet
  facet normal -0.965088 -0.042132 0.258513
    outer loop
      vertex -28.8112 -0.00498962 7.79648
      vertex -28.9323 -0.719666 7.22791
      vertex -28.78 -0.719666 7.79648
    endloop
  endfacet
  facet normal -0.999042 -0.0437541 0
    outer loop
      vertex -29.0091 -0.719666 6.45
      vertex -29.0404 -0.00498962 6.64431
      vertex -29.0404 -0.00498962 6.45
    endloop
  endfacet
  facet normal -0.999042 -0.0437541 0
    outer loop
      vertex -29.0404 -0.00498962 6.64431
      vertex -29.0091 -0.719666 6.45
      vertex -29.0091 -0.719666 6.64431
    endloop
  endfacet
  facet normal -0.945581 -0.298123 0.130383
    outer loop
      vertex -28.6079 -3.2895 6.64431
      vertex -28.3186 -3.95186 7.22791
      vertex -28.5337 -3.26961 7.22791
    endloop
  endfacet
  facet normal -0.945581 -0.298123 0.130383
    outer loop
      vertex -28.3186 -3.95186 7.22791
      vertex -28.6079 -3.2895 6.64431
      vertex -28.3928 -3.97175 6.64431
    endloop
  endfacet
  facet normal -0.675603 -0.737266 0
    outer loop
      vertex -25.3234 -8.97844 6.55
      vertex -24.796 -9.46173 6.64431
      vertex -25.3234 -8.97844 6.64431
    endloop
  endfacet
  facet normal -0.675603 -0.737266 -0
    outer loop
      vertex -24.796 -9.46173 6.64431
      vertex -25.3234 -8.97844 6.55
      vertex -24.796 -9.46173 6.55
    endloop
  endfacet
  facet normal -0.963979 -0.0630846 0.258389
    outer loop
      vertex -28.7435 -1.27586 7.79648
      vertex -28.9323 -0.719666 7.22791
      vertex -28.8946 -1.29575 7.22791
    endloop
  endfacet
  facet normal -0.922161 -0.0605164 0.382043
    outer loop
      vertex -28.5547 -0.719666 8.3403
      vertex -28.78 -0.719666 7.79648
      vertex -28.7435 -1.27586 7.79648
    endloop
  endfacet
  facet normal -0.982974 -0.129448 0.130402
    outer loop
      vertex -28.9707 -1.30578 6.64431
      vertex -28.8012 -2.00499 7.22791
      vertex -28.8946 -1.29575 7.22791
    endloop
  endfacet
  facet normal -0.982971 -0.129309 0.130568
    outer loop
      vertex -28.8012 -2.00499 7.22791
      vertex -28.9707 -1.30578 6.64431
      vertex -28.8774 -2.01502 6.64431
    endloop
  endfacet
  facet normal -0.130637 -0.00855039 0.991393
    outer loop
      vertex -24.8106 -0.75808 10.8404
      vertex -25.3967 -0.719666 10.7635
      vertex -25.3892 -0.834255 10.7635
    endloop
  endfacet
  facet normal -0.043241 -0.990525 0.13035
    outer loop
      vertex -17.0647 -12.6641 6.64431
      vertex -16.35 -12.6185 7.22791
      vertex -17.0647 -12.5873 7.22791
    endloop
  endfacet
  facet normal -0.0433784 -0.990497 0.130516
    outer loop
      vertex -16.35 -12.6185 7.22791
      vertex -17.0647 -12.6641 6.64431
      vertex -16.35 -12.6954 6.64431
    endloop
  endfacet
  facet normal 0.0566255 -0.864647 0.499178
    outer loop
      vertex 17.0647 -11.9154 8.85007
      vertex 17.0647 -12.2097 8.3403
      vertex 17.5915 -12.1752 8.3403
    endloop
  endfacet
  facet normal 0.0346138 -0.7929 0.608368
    outer loop
      vertex 16.35 -11.9466 8.85007
      vertex 17.0647 -11.5571 9.31705
      vertex 16.35 -11.5883 9.31705
    endloop
  endfacet
  facet normal 0.0346138 -0.7929 0.608368
    outer loop
      vertex 17.0647 -11.5571 9.31705
      vertex 16.35 -11.9466 8.85007
      vertex 17.0647 -11.9154 8.85007
    endloop
  endfacet
  facet normal -0.0397068 -0.608278 0.79273
    outer loop
      vertex -17.391 -10.6525 10.0916
      vertex -17.4519 -11.1155 9.73328
      vertex -17.0647 -10.6738 10.0916
    endloop
  endfacet
  facet normal -0.982971 0.129309 0.130568
    outer loop
      vertex -28.9707 1.30578 6.64431
      vertex -28.8012 2.00499 7.22791
      vertex -28.8774 2.01502 6.64431
    endloop
  endfacet
  facet normal -0.982974 0.129448 0.130402
    outer loop
      vertex -28.8012 2.00499 7.22791
      vertex -28.9707 1.30578 6.64431
      vertex -28.8946 1.29575 7.22791
    endloop
  endfacet
  facet normal -0.906426 0.180312 0.381942
    outer loop
      vertex -28.3238 2.47348 8.3403
      vertex -28.6501 1.98511 7.79648
      vertex -28.4268 1.9557 8.3403
    endloop
  endfacet
  facet normal -0.965946 0 0.258743
    outer loop
      vertex -28.9635 -0.00498962 7.22791
      vertex -28.8112 0.00498962 7.79648
      vertex -28.9635 0.00498962 7.22791
    endloop
  endfacet
  facet normal -0.965946 0 0.258743
    outer loop
      vertex -28.8112 0.00498962 7.79648
      vertex -28.9635 -0.00498962 7.22791
      vertex -28.8112 -0.00498962 7.79648
    endloop
  endfacet
  facet normal -0.382599 -0.025128 0.923573
    outer loop
      vertex -25.9653 -0.719666 10.6112
      vertex -26.4921 -0.979451 10.3859
      vertex -25.9529 -0.908468 10.6112
    endloop
  endfacet
  facet normal 0.0653777 0.997861 -0
    outer loop
      vertex 17.6508 12.6257 6.45
      vertex 17.0647 12.6641 6.64431
      vertex 17.6508 12.6257 6.64431
    endloop
  endfacet
  facet normal 0.0653777 0.997861 0
    outer loop
      vertex 17.0647 12.6641 6.64431
      vertex 17.6508 12.6257 6.45
      vertex 17.0647 12.6641 6.45
    endloop
  endfacet
  facet normal -0.318693 0.938863 0.130276
    outer loop
      vertex -20.3167 12.0478 6.64431
      vertex -20.8729 11.859 6.64431
      vertex -20.8435 11.788 7.22791
    endloop
  endfacet
  facet normal -0.659353 0.751834 0
    outer loop
      vertex -24.3544 9.84901 6.55
      vertex -24.796 9.46173 6.64431
      vertex -24.3544 9.84901 6.64431
    endloop
  endfacet
  facet normal -0.659353 0.751834 0
    outer loop
      vertex -24.796 9.46173 6.64431
      vertex -24.3544 9.84901 6.55
      vertex -24.796 9.46173 6.55
    endloop
  endfacet
  facet normal -0.446057 0.856866 0.258483
    outer loop
      vertex -22.0222 11.2589 7.22791
      vertex -22.5806 10.7967 7.79648
      vertex -21.9461 11.127 7.79648
    endloop
  endfacet
  facet normal -0.445992 0.856878 0.258555
    outer loop
      vertex -22.5806 10.7967 7.79648
      vertex -22.0222 11.2589 7.22791
      vertex -22.6568 10.9286 7.22791
    endloop
  endfacet
  facet normal -0.60879 0.793332 0
    outer loop
      vertex -23.7869 10.2845 6.55
      vertex -24.3544 9.84901 6.64431
      vertex -23.7869 10.2845 6.64431
    endloop
  endfacet
  facet normal -0.60879 0.793332 0
    outer loop
      vertex -24.3544 9.84901 6.64431
      vertex -23.7869 10.2845 6.55
      vertex -24.3544 9.84901 6.55
    endloop
  endfacet
  facet normal -0.138036 0.694336 0.706288
    outer loop
      vertex -18.2155 11.4347 9.31705
      vertex -18.6496 11.3484 9.31705
      vertex -18.1612 11.0221 9.73328
    endloop
  endfacet
  facet normal -0.0397441 0.608257 0.792744
    outer loop
      vertex -17.0647 11.1408 9.73328
      vertex -17.4519 11.1155 9.73328
      vertex -17.0647 10.6738 10.0916
    endloop
  endfacet
  facet normal 0.150508 0.477121 0.865854
    outer loop
      vertex 18.9874 9.84806 10.3859
      vertex 19.8016 10.1253 10.0916
      vertex 19.1194 10.3405 10.0916
    endloop
  endfacet
  facet normal 0.150456 0.477225 0.865806
    outer loop
      vertex 19.8016 10.1253 10.0916
      vertex 18.9874 9.84806 10.3859
      vertex 19.6697 9.63295 10.3859
    endloop
  endfacet
  facet normal -0 0.60882 0.793308
    outer loop
      vertex -16.35 11.172 9.73328
      vertex 16.35 10.7051 10.0916
      vertex 16.35 11.172 9.73328
    endloop
  endfacet
  facet normal 0 0.60882 0.793308
    outer loop
      vertex 16.35 10.7051 10.0916
      vertex -16.35 11.172 9.73328
      vertex -16.35 10.7051 10.0916
    endloop
  endfacet
  facet normal 0.0218902 0.499838 0.865842
    outer loop
      vertex 16.35 10.1953 10.3859
      vertex 17.0647 10.6738 10.0916
      vertex 16.35 10.7051 10.0916
    endloop
  endfacet
  facet normal 0.0218235 0.499912 0.865801
    outer loop
      vertex 17.0647 10.6738 10.0916
      vertex 16.35 10.1953 10.3859
      vertex 17.0647 10.1641 10.3859
    endloop
  endfacet
  facet normal 0.079472 0.603527 0.793372
    outer loop
      vertex 17.4519 11.1155 9.73328
      vertex 18.1002 10.5591 10.0916
      vertex 18.1612 11.0221 9.73328
    endloop
  endfacet
  facet normal 0.0794844 0.603537 0.793364
    outer loop
      vertex 18.1002 10.5591 10.0916
      vertex 17.4519 11.1155 9.73328
      vertex 17.391 10.6525 10.0916
    endloop
  endfacet
  facet normal 0.120634 0.915988 0.382639
    outer loop
      vertex 17.6209 12.3985 7.79648
      vertex 18.3007 12.0818 8.3403
      vertex 18.3301 12.3051 7.79648
    endloop
  endfacet
  facet normal 0.120634 0.915988 0.382639
    outer loop
      vertex 18.3007 12.0818 8.3403
      vertex 17.6209 12.3985 7.79648
      vertex 17.5915 12.1752 8.3403
    endloop
  endfacet
  facet normal 0.0748101 0.376077 0.923564
    outer loop
      vertex 18.289 10.0029 10.3859
      vertex 17.9627 9.51452 10.6112
      vertex 18.1483 9.4776 10.6112
    endloop
  endfacet
  facet normal 0.130433 0.991457 -0
    outer loop
      vertex 18.36 12.5324 6.45
      vertex 17.6508 12.6257 6.64431
      vertex 18.36 12.5324 6.64431
    endloop
  endfacet
  facet normal 0.130433 0.991457 0
    outer loop
      vertex 17.6508 12.6257 6.64431
      vertex 18.36 12.5324 6.45
      vertex 17.6508 12.6257 6.45
    endloop
  endfacet
  facet normal 0.161136 0.474805 0.865214
    outer loop
      vertex 19.8016 10.1253 10.0916
      vertex 20.05 9.96647 10.1325
      vertex 20.05 10.041 10.0916
    endloop
  endfacet
  facet normal 0.160764 0.474312 0.865553
    outer loop
      vertex 20.05 9.96647 10.1325
      vertex 19.8016 10.1253 10.0916
      vertex 19.6697 9.63295 10.3859
    endloop
  endfacet
  facet normal 0.0169536 -0.258706 0.965807
    outer loop
      vertex 17.0647 -9.05169 10.7635
      vertex 17.0647 -9.62026 10.6112
      vertex 17.1793 -9.04418 10.7635
    endloop
  endfacet
  facet normal 0.0326214 -0.499735 0.865564
    outer loop
      vertex 17.3245 -10.1471 10.3859
      vertex 17.0647 -10.6738 10.0916
      vertex 17.391 -10.6525 10.0916
    endloop
  endfacet
  facet normal 0.0603955 -0.922212 0.381938
    outer loop
      vertex 17.5915 -12.1752 8.3403
      vertex 17.0647 -12.2097 8.3403
      vertex 17.6209 -12.3985 7.79648
    endloop
  endfacet
  facet normal -0 0.258743 0.965946
    outer loop
      vertex -16.35 9.65146 10.6112
      vertex 16.35 9.08289 10.7635
      vertex 16.35 9.65146 10.6112
    endloop
  endfacet
  facet normal 0 0.258743 0.965946
    outer loop
      vertex 16.35 9.08289 10.7635
      vertex -16.35 9.65146 10.6112
      vertex -16.35 9.08289 10.7635
    endloop
  endfacet
  facet normal -0.0255434 0.128401 0.991393
    outer loop
      vertex -17.8885 8.95081 10.7635
      vertex -18.0011 8.92841 10.7635
      vertex -17.8501 8.3647 10.8404
    endloop
  endfacet
  facet normal -0.00856086 -0.130636 0.991393
    outer loop
      vertex -17.1031 -8.46558 10.8404
      vertex -17.1793 -9.04418 10.7635
      vertex -17.0647 -9.05169 10.7635
    endloop
  endfacet
  facet normal -0.972443 0.193379 0.130226
    outer loop
      vertex -28.7628 2.5911 6.64431
      vertex -28.8012 2.00499 7.22791
      vertex -28.6886 2.57122 7.22791
    endloop
  endfacet
  facet normal -0.879437 0.457778 0.130498
    outer loop
      vertex -27.6705 5.71564 6.64431
      vertex -27.2736 6.31176 7.22791
      vertex -27.3402 6.35018 6.64431
    endloop
  endfacet
  facet normal -0.879435 0.457784 0.13049
    outer loop
      vertex -27.2736 6.31176 7.22791
      vertex -27.6705 5.71564 6.64431
      vertex -27.6039 5.67723 7.22791
    endloop
  endfacet
  facet normal -0.66018 0.440993 0.608019
    outer loop
      vertex -25.7512 6.76792 9.31705
      vertex -26.3074 6.57912 8.85007
      vertex -25.997 6.39995 9.31705
    endloop
  endfacet
  facet normal -0.768358 -0.399957 0.499661
    outer loop
      vertex -27.2769 -5.48842 8.3403
      vertex -26.6917 -5.9758 8.85007
      vertex -27.022 -5.34126 8.85007
    endloop
  endfacet
  facet normal -0.768358 -0.399957 0.499661
    outer loop
      vertex -26.6917 -5.9758 8.85007
      vertex -27.2769 -5.48842 8.3403
      vertex -26.9466 -6.12296 8.3403
    endloop
  endfacet
  facet normal -0.129316 -0.982971 0.130561
    outer loop
      vertex -17.6508 -12.6257 6.64431
      vertex -18.35 -12.4562 7.22791
      vertex -18.36 -12.5324 6.64431
    endloop
  endfacet
  facet normal -0.129437 -0.982974 0.130417
    outer loop
      vertex -18.35 -12.4562 7.22791
      vertex -17.6508 -12.6257 6.64431
      vertex -17.6407 -12.5496 7.22791
    endloop
  endfacet
  facet normal -0.0560547 -0.252832 0.965885
    outer loop
      vertex -18.6995 -8.77357 10.7635
      vertex -18.1483 -9.4776 10.6112
      vertex -18.0011 -8.92841 10.7635
    endloop
  endfacet
  facet normal -0.0560503 -0.252829 0.965886
    outer loop
      vertex -18.1483 -9.4776 10.6112
      vertex -18.6995 -8.77357 10.7635
      vertex -18.8467 -9.32277 10.6112
    endloop
  endfacet
  facet normal -0.906414 -0.180228 0.38201
    outer loop
      vertex -28.3238 -2.47348 8.3403
      vertex -28.6501 -1.98511 7.79648
      vertex -28.5414 -2.53179 7.79648
    endloop
  endfacet
  facet normal -0.603531 -0.0794791 0.793369
    outer loop
      vertex -26.9975 -1.04599 10.0916
      vertex -27.3671 -1.81619 9.73328
      vertex -26.9041 -1.75523 10.0916
    endloop
  endfacet
  facet normal -0.603532 -0.0794782 0.793368
    outer loop
      vertex -27.3671 -1.81619 9.73328
      vertex -26.9975 -1.04599 10.0916
      vertex -27.4605 -1.10694 9.73328
    endloop
  endfacet
  facet normal -0.0437527 -0.999042 0
    outer loop
      vertex -17.0647 -12.6641 6.45
      vertex -16.35 -12.6954 6.64431
      vertex -17.0647 -12.6641 6.64431
    endloop
  endfacet
  facet normal -0.0437527 -0.999042 -0
    outer loop
      vertex -16.35 -12.6954 6.64431
      vertex -17.0647 -12.6641 6.45
      vertex -16.35 -12.6954 6.45
    endloop
  endfacet
  facet normal -0.278263 -0.416317 0.865592
    outer loop
      vertex -22.2649 -8.30104 10.3859
      vertex -22.5753 -8.70547 10.0916
      vertex -22.0485 -8.44568 10.3859
    endloop
  endfacet
  facet normal -0.0653777 -0.997861 0
    outer loop
      vertex -17.6508 -12.6257 6.45
      vertex -17.0647 -12.6641 6.64431
      vertex -17.6508 -12.6257 6.64431
    endloop
  endfacet
  facet normal -0.0653777 -0.997861 -0
    outer loop
      vertex -17.0647 -12.6641 6.64431
      vertex -17.6508 -12.6257 6.45
      vertex -17.0647 -12.6641 6.45
    endloop
  endfacet
  facet normal -0.571321 -0.651433 0.499226
    outer loop
      vertex -23.8986 -9.25498 8.85007
      vertex -24.4747 -9.14039 8.3403
      vertex -24.0778 -9.48848 8.3403
    endloop
  endfacet
  facet normal -0.527144 -0.687089 0.500028
    outer loop
      vertex -23.5102 -9.92395 8.3403
      vertex -23.8986 -9.25498 8.85007
      vertex -24.0778 -9.48848 8.3403
    endloop
  endfacet
  facet normal -0.527229 -0.68708 0.499951
    outer loop
      vertex -23.8986 -9.25498 8.85007
      vertex -23.5102 -9.92395 8.3403
      vertex -23.3311 -9.69045 8.85007
    endloop
  endfacet
  facet normal -0.953722 -0.30069 0
    outer loop
      vertex -28.3928 -3.97175 6.45
      vertex -28.6079 -3.2895 6.64431
      vertex -28.6079 -3.2895 6.45
    endloop
  endfacet
  facet normal -0.953722 -0.30069 0
    outer loop
      vertex -28.6079 -3.2895 6.64431
      vertex -28.3928 -3.97175 6.45
      vertex -28.3928 -3.97175 6.64431
    endloop
  endfacet
  facet normal -0.943081 -0.209036 0.258656
    outer loop
      vertex -28.6886 -2.57122 7.22791
      vertex -28.3866 -3.23018 7.79648
      vertex -28.5414 -2.53179 7.79648
    endloop
  endfacet
  facet normal -0.943092 -0.209174 0.258502
    outer loop
      vertex -28.3866 -3.23018 7.79648
      vertex -28.6886 -2.57122 7.22791
      vertex -28.5337 -3.26961 7.22791
    endloop
  endfacet
  facet normal -0.990497 -0.0433798 0.130516
    outer loop
      vertex -29.0091 -0.719666 6.64431
      vertex -28.9635 -0.00498962 7.22791
      vertex -29.0404 -0.00498962 6.64431
    endloop
  endfacet
  facet normal -0.990525 -0.0432425 0.13035
    outer loop
      vertex -28.9635 -0.00498962 7.22791
      vertex -29.0091 -0.719666 6.64431
      vertex -28.9323 -0.719666 7.22791
    endloop
  endfacet
  facet normal 0 -0.793375 0.608733
    outer loop
      vertex -16.35 -11.9466 8.85007
      vertex 16.35 -11.5883 9.31705
      vertex -16.35 -11.5883 9.31705
    endloop
  endfacet
  facet normal 0 -0.793375 0.608733
    outer loop
      vertex 16.35 -11.5883 9.31705
      vertex -16.35 -11.9466 8.85007
      vertex 16.35 -11.9466 8.85007
    endloop
  endfacet
  facet normal 0.0377796 -0.865419 0.499623
    outer loop
      vertex 16.35 -12.2409 8.3403
      vertex 17.0647 -11.9154 8.85007
      vertex 16.35 -11.9466 8.85007
    endloop
  endfacet
  facet normal 0.0377796 -0.865419 0.499623
    outer loop
      vertex 17.0647 -11.9154 8.85007
      vertex 16.35 -12.2409 8.3403
      vertex 17.0647 -12.2097 8.3403
    endloop
  endfacet
  facet normal 0 -0.499958 0.86605
    outer loop
      vertex -16.35 -10.1953 10.3859
      vertex 16.35 -10.7051 10.0916
      vertex 16.35 -10.1953 10.3859
    endloop
  endfacet
  facet normal 0 -0.499958 0.86605
    outer loop
      vertex 16.35 -10.7051 10.0916
      vertex -16.35 -10.1953 10.3859
      vertex -16.35 -10.7051 10.0916
    endloop
  endfacet
  facet normal -0.188428 -0.947494 0.258359
    outer loop
      vertex -18.8768 -12.1964 7.79648
      vertex -18.9162 -12.3436 7.22791
      vertex -18.35 -12.4562 7.22791
    endloop
  endfacet
  facet normal -0.19586 -0.577214 0.792757
    outer loop
      vertex -19.8016 -10.1253 10.0916
      vertex -20.29 -10.4517 9.73328
      vertex -19.9225 -10.5764 9.73328
    endloop
  endfacet
  facet normal -0.0463891 -0.706394 0.706297
    outer loop
      vertex -17.4519 -11.1155 9.73328
      vertex -17.5063 -11.5281 9.31705
      vertex -17.0647 -11.5571 9.31705
    endloop
  endfacet
  facet normal -0.989376 0.0648202 0.130126
    outer loop
      vertex -28.9707 1.30578 6.64431
      vertex -29.0091 0.719666 6.64431
      vertex -28.8946 1.29575 7.22791
    endloop
  endfacet
  facet normal -0.990519 0.0433808 0.130349
    outer loop
      vertex -29.0404 0.00498962 6.64431
      vertex -28.9323 0.719666 7.22791
      vertex -29.0091 0.719666 6.64431
    endloop
  endfacet
  facet normal -0.990503 0.0432415 0.130517
    outer loop
      vertex -28.9323 0.719666 7.22791
      vertex -29.0404 0.00498962 6.64431
      vertex -28.9635 0.00498962 7.22791
    endloop
  endfacet
  facet normal -0.169584 -0.343911 0.923562
    outer loop
      vertex -20.369 -8.77308 10.6112
      vertex -20.8106 -9.16036 10.3859
      vertex -20.5771 -9.2755 10.3859
    endloop
  endfacet
  facet normal -0.14405 0.215555 0.965808
    outer loop
      vertex -21.7766 7.97472 10.6112
      vertex -21.9339 7.8696 10.6112
      vertex -21.4923 7.48232 10.7635
    endloop
  endfacet
  facet normal -0.824394 0.550812 0.130311
    outer loop
      vertex -26.6295 7.44187 6.64431
      vertex -26.9558 6.9535 6.64431
      vertex -26.5685 7.3951 7.22791
    endloop
  endfacet
  facet normal -0.474308 0.160841 0.865541
    outer loop
      vertex -25.8943 3.57121 10.3859
      vertex -26.3652 3.76629 10.0916
      vertex -25.9779 3.32468 10.3859
    endloop
  endfacet
  facet normal -0.67031 0.227612 0.706312
    outer loop
      vertex -27.1812 4.10428 9.31705
      vertex -27.3235 3.68521 9.31705
      vertex -26.7967 3.945 9.73328
    endloop
  endfacet
  facet normal -0.187448 0.845694 0.499665
    outer loop
      vertex -18.8185 11.9788 8.3403
      vertex -19.4407 11.5397 8.85007
      vertex -18.7423 11.6945 8.85007
    endloop
  endfacet
  facet normal -0.187448 0.845694 0.499665
    outer loop
      vertex -19.4407 11.5397 8.85007
      vertex -18.8185 11.9788 8.3403
      vertex -19.5169 11.824 8.3403
    endloop
  endfacet
  facet normal -0.216531 0.976276 0
    outer loop
      vertex -18.9361 12.4178 6.45
      vertex -19.6345 12.2629 6.64431
      vertex -18.9361 12.4178 6.64431
    endloop
  endfacet
  facet normal -0.216531 0.976276 0
    outer loop
      vertex -19.6345 12.2629 6.64431
      vertex -18.9361 12.4178 6.45
      vertex -19.6345 12.2629 6.45
    endloop
  endfacet
  facet normal -0.730979 0.669831 0.13037
    outer loop
      vertex -25.8067 8.45102 6.64431
      vertex -25.2691 8.92411 7.22791
      vertex -25.3234 8.97844 6.64431
    endloop
  endfacet
  facet normal -0.730979 0.669831 0.13037
    outer loop
      vertex -25.2691 8.92411 7.22791
      vertex -25.8067 8.45102 6.64431
      vertex -25.7524 8.39669 7.22791
    endloop
  endfacet
  facet normal -0.408746 0.828871 0.381968
    outer loop
      vertex -21.4461 11.3735 7.79648
      vertex -21.8334 10.9319 8.3403
      vertex -21.3599 11.1654 8.3403
    endloop
  endfacet
  facet normal -0.560991 0.430475 0.707093
    outer loop
      vertex -25.3157 7.33546 9.31705
      vertex -25.421 6.51454 9.73328
      vertex -24.9855 7.08208 9.73328
    endloop
  endfacet
  facet normal -0.560991 0.430475 0.707093
    outer loop
      vertex -25.421 6.51454 9.73328
      vertex -25.3157 7.33546 9.31705
      vertex -25.7512 6.76792 9.31705
    endloop
  endfacet
  facet normal -0.310619 0.914787 0.258226
    outer loop
      vertex -20.2969 11.9736 7.22791
      vertex -20.8435 11.788 7.22791
      vertex -20.7852 11.6473 7.79648
    endloop
  endfacet
  facet normal -0.399986 0.768365 0.499626
    outer loop
      vertex -21.8334 10.9319 8.3403
      vertex -22.3208 10.3467 8.85007
      vertex -21.6863 10.677 8.85007
    endloop
  endfacet
  facet normal -0.399921 0.768362 0.499684
    outer loop
      vertex -22.3208 10.3467 8.85007
      vertex -21.8334 10.9319 8.3403
      vertex -22.468 10.6016 8.3403
    endloop
  endfacet
  facet normal -0.532663 0.83621 0.130476
    outer loop
      vertex -22.6952 10.9952 6.64431
      vertex -23.2601 10.5443 7.22791
      vertex -22.6568 10.9286 7.22791
    endloop
  endfacet
  facet normal -0.532771 0.836163 0.130335
    outer loop
      vertex -23.2601 10.5443 7.22791
      vertex -22.6952 10.9952 6.64431
      vertex -23.2985 10.6108 6.64431
    endloop
  endfacet
  facet normal -0.188389 0.947492 0.258394
    outer loop
      vertex -18.35 12.4562 7.22791
      vertex -18.8768 12.1964 7.79648
      vertex -18.3301 12.3051 7.79648
    endloop
  endfacet
  facet normal -0.260445 0.826135 0.499669
    outer loop
      vertex -19.5169 11.824 8.3403
      vertex -20.123 11.3246 8.85007
      vertex -19.4407 11.5397 8.85007
    endloop
  endfacet
  facet normal -0.260487 0.826146 0.49963
    outer loop
      vertex -20.123 11.3246 8.85007
      vertex -19.5169 11.824 8.3403
      vertex -20.1991 11.6089 8.3403
    endloop
  endfacet
  facet normal 0.169081 0.849833 0.499194
    outer loop
      vertex 18.3007 12.0818 8.3403
      vertex 18.2623 11.79 8.85007
      vertex 18.7423 11.6945 8.85007
    endloop
  endfacet
  facet normal 0.195878 0.577179 0.792778
    outer loop
      vertex 20.05 10.2913 9.90937
      vertex 19.8016 10.1253 10.0916
      vertex 20.05 10.041 10.0916
    endloop
  endfacet
  facet normal 0.0463891 0.706394 0.706297
    outer loop
      vertex 17.5063 11.5281 9.31705
      vertex 17.0647 11.5571 9.31705
      vertex 17.4519 11.1155 9.73328
    endloop
  endfacet
  facet normal 0.0652838 0.49571 0.866031
    outer loop
      vertex 17.391 10.6525 10.0916
      vertex 18.0337 10.0537 10.3859
      vertex 18.1002 10.5591 10.0916
    endloop
  endfacet
  facet normal 0.0652838 0.49571 0.866031
    outer loop
      vertex 18.0337 10.0537 10.3859
      vertex 17.391 10.6525 10.0916
      vertex 17.3245 10.1471 10.3859
    endloop
  endfacet
  facet normal 0.238697 0.757039 0.608207
    outer loop
      vertex 20.05 11.0523 9.21742
      vertex 19.348 11.1936 9.31705
      vertex 20.0302 10.9785 9.31705
    endloop
  endfacet
  facet normal 0.238629 0.756881 0.60843
    outer loop
      vertex 19.4407 11.5397 8.85007
      vertex 20.05 11.0523 9.21742
      vertex 20.05 11.3476 8.85007
    endloop
  endfacet
  facet normal 0.238694 0.756913 0.608365
    outer loop
      vertex 20.05 11.0523 9.21742
      vertex 19.4407 11.5397 8.85007
      vertex 19.348 11.1936 9.31705
    endloop
  endfacet
  facet normal 0.0630939 0.963981 0.258379
    outer loop
      vertex 17.6407 12.5496 7.22791
      vertex 17.0647 12.5873 7.22791
      vertex 17.6209 12.3985 7.79648
    endloop
  endfacet
  facet normal 0.0519225 0.792305 0.607912
    outer loop
      vertex 17.0647 11.9154 8.85007
      vertex 17.0647 11.5571 9.31705
      vertex 17.553 11.8834 8.85007
    endloop
  endfacet
  facet normal 0.129316 0.982971 0.130561
    outer loop
      vertex 17.6508 12.6257 6.64431
      vertex 18.35 12.4562 7.22791
      vertex 18.36 12.5324 6.64431
    endloop
  endfacet
  facet normal 0.129437 0.982974 0.130417
    outer loop
      vertex 18.35 12.4562 7.22791
      vertex 17.6508 12.6257 6.64431
      vertex 17.6407 12.5496 7.22791
    endloop
  endfacet
  facet normal 0.00857302 -0.130636 0.991393
    outer loop
      vertex 17.0647 -8.4681 10.8404
      vertex 17.0647 -9.05169 10.7635
      vertex 17.1031 -8.46558 10.8404
    endloop
  endfacet
  facet normal -0.0652838 -0.49571 0.866031
    outer loop
      vertex -18.0337 -10.0537 10.3859
      vertex -17.391 -10.6525 10.0916
      vertex -17.3245 -10.1471 10.3859
    endloop
  endfacet
  facet normal -0.0652838 -0.49571 0.866031
    outer loop
      vertex -17.391 -10.6525 10.0916
      vertex -18.0337 -10.0537 10.3859
      vertex -18.1002 -10.5591 10.0916
    endloop
  endfacet
  facet normal 0.0833783 -0.245483 0.965809
    outer loop
      vertex 19.4905 -8.52154 10.7635
      vertex 19.3818 -8.55846 10.7635
      vertex 19.7081 -9.04683 10.6112
    endloop
  endfacet
  facet normal 0.0500229 -0.120763 0.99142
    outer loop
      vertex 19.2672 -7.98238 10.8404
      vertex 20.05 -8.00293 10.7984
      vertex 19.9281 -7.70862 10.8404
    endloop
  endfacet
  facet normal 0.0500254 -0.120688 0.991429
    outer loop
      vertex 19.4905 -8.52154 10.7635
      vertex 20.05 -8.00293 10.7984
      vertex 19.2672 -7.98238 10.8404
    endloop
  endfacet
  facet normal 0.0499584 -0.120617 0.991441
    outer loop
      vertex 20.05 -8.00293 10.7984
      vertex 19.4905 -8.52154 10.7635
      vertex 20.05 -8.2898 10.7635
    endloop
  endfacet
  facet normal 0 -0.258743 0.965946
    outer loop
      vertex -16.35 -9.08289 10.7635
      vertex 16.35 -9.65146 10.6112
      vertex 16.35 -9.08289 10.7635
    endloop
  endfacet
  facet normal 0 -0.258743 0.965946
    outer loop
      vertex 16.35 -9.65146 10.6112
      vertex -16.35 -9.08289 10.7635
      vertex -16.35 -9.65146 10.6112
    endloop
  endfacet
  facet normal 0.0250873 -0.382591 0.923577
    outer loop
      vertex 17.2535 -9.60788 10.6112
      vertex 17.0647 -9.62026 10.6112
      vertex 17.3245 -10.1471 10.3859
    endloop
  endfacet
  facet normal 0.150456 -0.477225 0.865806
    outer loop
      vertex 18.9874 -9.84806 10.3859
      vertex 19.8016 -10.1253 10.0916
      vertex 19.6697 -9.63295 10.3859
    endloop
  endfacet
  facet normal 0.150508 -0.477121 0.865854
    outer loop
      vertex 19.8016 -10.1253 10.0916
      vertex 18.9874 -9.84806 10.3859
      vertex 19.1194 -10.3405 10.0916
    endloop
  endfacet
  facet normal 0.161136 -0.474805 0.865214
    outer loop
      vertex 20.05 -9.96647 10.1325
      vertex 19.8016 -10.1253 10.0916
      vertex 20.05 -10.041 10.0916
    endloop
  endfacet
  facet normal 0.160764 -0.474312 0.865553
    outer loop
      vertex 19.8016 -10.1253 10.0916
      vertex 20.05 -9.96647 10.1325
      vertex 19.6697 -9.63295 10.3859
    endloop
  endfacet
  facet normal 0.129437 -0.982974 0.130417
    outer loop
      vertex 17.6508 -12.6257 6.64431
      vertex 18.35 -12.4562 7.22791
      vertex 17.6407 -12.5496 7.22791
    endloop
  endfacet
  facet normal 0.129316 -0.982971 0.130561
    outer loop
      vertex 18.35 -12.4562 7.22791
      vertex 17.6508 -12.6257 6.64431
      vertex 18.36 -12.5324 6.64431
    endloop
  endfacet
  facet normal -0.258714 0.0112944 0.965888
    outer loop
      vertex -25.9653 0.719666 10.6112
      vertex -25.4279 0.00498962 10.7635
      vertex -25.3967 0.719666 10.7635
    endloop
  endfacet
  facet normal -0.258714 0.0112944 0.965888
    outer loop
      vertex -25.4279 0.00498962 10.7635
      vertex -25.9653 0.719666 10.6112
      vertex -25.9965 0.00498962 10.6112
    endloop
  endfacet
  facet normal -0.11891 0.59785 0.79274
    outer loop
      vertex -18.1612 11.0221 9.73328
      vertex -18.5418 10.9464 9.73328
      vertex -18.421 10.4953 10.0916
    endloop
  endfacet
  facet normal 0.0393195 0.124716 0.991413
    outer loop
      vertex 18.5485 8.20987 10.8404
      vertex 19.3818 8.55846 10.7635
      vertex 18.6995 8.77357 10.7635
    endloop
  endfacet
  facet normal 0.0393238 0.124706 0.991414
    outer loop
      vertex 19.3818 8.55846 10.7635
      vertex 18.5485 8.20987 10.8404
      vertex 19.2307 7.99475 10.8404
    endloop
  endfacet
  facet normal 0.0976839 0.491175 0.865566
    outer loop
      vertex 18.1002 10.5591 10.0916
      vertex 18.0337 10.0537 10.3859
      vertex 18.421 10.4953 10.0916
    endloop
  endfacet
  facet normal -0.130433 0.991457 0
    outer loop
      vertex -17.6508 12.6257 6.45
      vertex -18.36 12.5324 6.64431
      vertex -17.6508 12.6257 6.64431
    endloop
  endfacet
  facet normal -0.130433 0.991457 0
    outer loop
      vertex -18.36 12.5324 6.64431
      vertex -17.6508 12.6257 6.45
      vertex -18.36 12.5324 6.45
    endloop
  endfacet
  facet normal -0.187448 -0.845694 0.499665
    outer loop
      vertex -18.8185 -11.9788 8.3403
      vertex -19.4407 -11.5397 8.85007
      vertex -19.5169 -11.824 8.3403
    endloop
  endfacet
  facet normal -0.187448 -0.845694 0.499665
    outer loop
      vertex -19.4407 -11.5397 8.85007
      vertex -18.8185 -11.9788 8.3403
      vertex -18.7423 -11.6945 8.85007
    endloop
  endfacet
  facet normal -0.546693 -0.269507 0.792775
    outer loop
      vertex -25.9468 -4.72049 10.0916
      vertex -26.5229 -4.6059 9.73328
      vertex -26.3513 -4.95399 9.73328
    endloop
  endfacet
  facet normal 0.0420177 0.123981 0.991395
    outer loop
      vertex 19.3818 8.55846 10.7635
      vertex 19.2307 7.99475 10.8404
      vertex 19.2672 7.98238 10.8404
    endloop
  endfacet
  facet normal 0 -0.866037 0.49998
    outer loop
      vertex -16.35 -11.9466 8.85007
      vertex -2.65 -12.2353 8.35
      vertex 16.35 -11.9466 8.85007
    endloop
  endfacet
  facet normal -0.000123129 -0.867494 0.497448
    outer loop
      vertex -16.35 -11.9466 8.85007
      vertex -2.70229 -12.2366 8.34772
      vertex -2.65 -12.2353 8.35
    endloop
  endfacet
  facet normal 0.000186625 -0.863846 0.503757
    outer loop
      vertex -16.35 -11.9466 8.85007
      vertex -2.75419 -12.2406 8.34088
      vertex -2.70229 -12.2366 8.34772
    endloop
  endfacet
  facet normal 0 -0.866037 0.49998
    outer loop
      vertex -2.75683 -12.2409 8.3403
      vertex -16.35 -11.9466 8.85007
      vertex -16.35 -12.2409 8.3403
    endloop
  endfacet
  facet normal -0.00170326 -0.885032 0.465528
    outer loop
      vertex -16.35 -11.9466 8.85007
      vertex -2.75683 -12.2409 8.3403
      vertex -2.75419 -12.2406 8.34088
    endloop
  endfacet
  facet normal 0.000101736 -0.867706 0.497078
    outer loop
      vertex -2.59771 -12.2366 8.34772
      vertex 16.35 -11.9466 8.85007
      vertex -2.65 -12.2353 8.35
    endloop
  endfacet
  facet normal -0.000143142 -0.863702 0.504003
    outer loop
      vertex -2.54581 -12.2406 8.34088
      vertex 16.35 -11.9466 8.85007
      vertex -2.59771 -12.2366 8.34772
    endloop
  endfacet
  facet normal 0.00127887 -0.88583 0.464009
    outer loop
      vertex -2.54317 -12.2409 8.3403
      vertex 16.35 -11.9466 8.85007
      vertex -2.54581 -12.2406 8.34088
    endloop
  endfacet
  facet normal 0 -0.866037 0.49998
    outer loop
      vertex 16.35 -11.9466 8.85007
      vertex -2.54317 -12.2409 8.3403
      vertex 16.35 -12.2409 8.3403
    endloop
  endfacet
  facet normal -0.382637 -0.0250393 0.923559
    outer loop
      vertex -25.9653 -0.719666 10.6112
      vertex -26.5091 -0.719666 10.3859
      vertex -26.4921 -0.979451 10.3859
    endloop
  endfacet
  facet normal -0.9148 -0.310589 0.258216
    outer loop
      vertex -28.1715 -3.91243 7.79648
      vertex -28.3186 -3.95186 7.22791
      vertex -27.9923 -4.44024 7.79648
    endloop
  endfacet
  facet normal -0.252861 -0.288273 0.923558
    outer loop
      vertex -22.6437 -7.30937 10.6112
      vertex -23.0282 -7.69391 10.3859
      vertex -22.8325 -7.86557 10.3859
    endloop
  endfacet
  facet normal -0.124713 -0.0393196 0.991413
    outer loop
      vertex -24.5549 -2.20348 10.8404
      vertex -24.9035 -3.03677 10.7635
      vertex -24.3398 -2.88573 10.8404
    endloop
  endfacet
  facet normal -0.124713 -0.0393196 0.991413
    outer loop
      vertex -24.9035 -3.03677 10.7635
      vertex -24.5549 -2.20348 10.8404
      vertex -25.1186 -2.35452 10.7635
    endloop
  endfacet
  facet normal -0.577187 0.195894 0.792768
    outer loop
      vertex -26.3652 3.76629 10.0916
      vertex -26.7967 3.945 9.73328
      vertex -26.4703 3.45662 10.0916
    endloop
  endfacet
  facet normal -0.608257 -0.0397365 0.792745
    outer loop
      vertex -27.0188 -0.719666 10.0916
      vertex -27.4858 -0.719666 9.73328
      vertex -27.4605 -1.10694 9.73328
    endloop
  endfacet
  facet normal -0.980782 -0.195108 0
    outer loop
      vertex -28.7628 -2.5911 6.45
      vertex -28.8774 -2.01502 6.64431
      vertex -28.8774 -2.01502 6.45
    endloop
  endfacet
  facet normal -0.980782 -0.195108 0
    outer loop
      vertex -28.8774 -2.01502 6.64431
      vertex -28.7628 -2.5911 6.45
      vertex -28.7628 -2.5911 6.64431
    endloop
  endfacet
  facet normal -0.766326 -0.588048 0.258733
    outer loop
      vertex -26.5685 -7.3951 7.22791
      vertex -26.0122 -7.86989 7.79648
      vertex -26.4477 -7.30236 7.79648
    endloop
  endfacet
  facet normal -0.766368 -0.587935 0.258868
    outer loop
      vertex -26.0122 -7.86989 7.79648
      vertex -26.5685 -7.3951 7.22791
      vertex -26.1331 -7.96264 7.22791
    endloop
  endfacet
  facet normal -0.914801 -0.310578 0.258225
    outer loop
      vertex -27.9923 -4.44024 7.79648
      vertex -28.3186 -3.95186 7.22791
      vertex -28.133 -4.49854 7.22791
    endloop
  endfacet
  facet normal -0.659353 -0.751834 0
    outer loop
      vertex -24.796 -9.46173 6.55
      vertex -24.3544 -9.84901 6.64431
      vertex -24.796 -9.46173 6.64431
    endloop
  endfacet
  facet normal -0.659353 -0.751834 -0
    outer loop
      vertex -24.3544 -9.84901 6.64431
      vertex -24.796 -9.46173 6.55
      vertex -24.3544 -9.84901 6.55
    endloop
  endfacet
  facet normal -0.976276 -0.216531 0
    outer loop
      vertex -28.6079 -3.2895 6.45
      vertex -28.7628 -2.5911 6.64431
      vertex -28.7628 -2.5911 6.45
    endloop
  endfacet
  facet normal -0.976276 -0.216531 0
    outer loop
      vertex -28.7628 -2.5911 6.64431
      vertex -28.6079 -3.2895 6.45
      vertex -28.6079 -3.2895 6.64431
    endloop
  endfacet
  facet normal -0.965088 0.042132 0.258513
    outer loop
      vertex -28.9635 0.00498962 7.22791
      vertex -28.78 0.719666 7.79648
      vertex -28.9323 0.719666 7.22791
    endloop
  endfacet
  facet normal -0.965088 0.042132 0.258513
    outer loop
      vertex -28.78 0.719666 7.79648
      vertex -28.9635 0.00498962 7.22791
      vertex -28.8112 0.00498962 7.79648
    endloop
  endfacet
  facet normal 0.0519225 -0.792305 0.607912
    outer loop
      vertex 17.0647 -11.5571 9.31705
      vertex 17.0647 -11.9154 8.85007
      vertex 17.553 -11.8834 8.85007
    endloop
  endfacet
  facet normal 0.0566621 -0.864629 0.499206
    outer loop
      vertex 17.553 -11.8834 8.85007
      vertex 17.0647 -11.9154 8.85007
      vertex 17.5915 -12.1752 8.3403
    endloop
  endfacet
  facet normal 0.052027 -0.792246 0.60798
    outer loop
      vertex 17.5063 -11.5281 9.31705
      vertex 17.0647 -11.5571 9.31705
      vertex 17.553 -11.8834 8.85007
    endloop
  endfacet
  facet normal 0 -0.60882 0.793308
    outer loop
      vertex -16.35 -10.7051 10.0916
      vertex 16.35 -11.172 9.73328
      vertex 16.35 -10.7051 10.0916
    endloop
  endfacet
  facet normal 0 -0.60882 0.793308
    outer loop
      vertex 16.35 -11.172 9.73328
      vertex -16.35 -10.7051 10.0916
      vertex -16.35 -11.172 9.73328
    endloop
  endfacet
  facet normal 0 -0.707047 0.707166
    outer loop
      vertex -16.35 -11.5883 9.31705
      vertex 16.35 -11.172 9.73328
      vertex -16.35 -11.172 9.73328
    endloop
  endfacet
  facet normal 0 -0.707047 0.707166
    outer loop
      vertex 16.35 -11.172 9.73328
      vertex -16.35 -11.5883 9.31705
      vertex 16.35 -11.5883 9.31705
    endloop
  endfacet
  facet normal -0.0308512 -0.706711 0.70683
    outer loop
      vertex -17.0647 -11.5571 9.31705
      vertex -16.35 -11.172 9.73328
      vertex -17.0647 -11.1408 9.73328
    endloop
  endfacet
  facet normal -0.0308512 -0.706711 0.70683
    outer loop
      vertex -16.35 -11.172 9.73328
      vertex -17.0647 -11.5571 9.31705
      vertex -16.35 -11.5883 9.31705
    endloop
  endfacet
  facet normal 0.0605158 -0.922161 0.382043
    outer loop
      vertex 17.0647 -12.2097 8.3403
      vertex 17.0647 -12.435 7.79648
      vertex 17.6209 -12.3985 7.79648
    endloop
  endfacet
  facet normal -0.0461499 -0.706294 0.706413
    outer loop
      vertex -17.0647 -11.1408 9.73328
      vertex -17.4519 -11.1155 9.73328
      vertex -17.0647 -11.5571 9.31705
    endloop
  endfacet
  facet normal -0.118898 -0.597847 0.792744
    outer loop
      vertex -18.1002 -10.5591 10.0916
      vertex -18.421 -10.4953 10.0916
      vertex -18.1612 -11.0221 9.73328
    endloop
  endfacet
  facet normal 0.199951 -0.902104 0.382397
    outer loop
      vertex 18.8768 -12.1964 7.79648
      vertex 19.5169 -11.824 8.3403
      vertex 18.8185 -11.9788 8.3403
    endloop
  endfacet
  facet normal 0.199951 -0.902104 0.382397
    outer loop
      vertex 19.5169 -11.824 8.3403
      vertex 18.8768 -12.1964 7.79648
      vertex 19.5752 -12.0416 7.79648
    endloop
  endfacet
  facet normal 0.0653777 -0.997861 0
    outer loop
      vertex 17.0647 -12.6641 6.45
      vertex 17.6508 -12.6257 6.64431
      vertex 17.0647 -12.6641 6.64431
    endloop
  endfacet
  facet normal 0.0653777 -0.997861 0
    outer loop
      vertex 17.6508 -12.6257 6.64431
      vertex 17.0647 -12.6641 6.45
      vertex 17.6508 -12.6257 6.45
    endloop
  endfacet
  facet normal -0.923104 -0.0402991 0.382434
    outer loop
      vertex -28.78 -0.719666 7.79648
      vertex -28.5859 -0.00498962 8.3403
      vertex -28.8112 -0.00498962 7.79648
    endloop
  endfacet
  facet normal -0.923104 -0.0402991 0.382434
    outer loop
      vertex -28.5859 -0.00498962 8.3403
      vertex -28.78 -0.719666 7.79648
      vertex -28.5547 -0.719666 8.3403
    endloop
  endfacet
  facet normal -0.999042 0.0437541 0
    outer loop
      vertex -29.0404 0.00498962 6.45
      vertex -29.0091 0.719666 6.64431
      vertex -29.0091 0.719666 6.45
    endloop
  endfacet
  facet normal -0.999042 0.0437541 0
    outer loop
      vertex -29.0091 0.719666 6.64431
      vertex -29.0404 0.00498962 6.45
      vertex -29.0404 0.00498962 6.64431
    endloop
  endfacet
  facet normal -0.972421 0.193444 0.130293
    outer loop
      vertex -28.7628 2.5911 6.64431
      vertex -28.8774 2.01502 6.64431
      vertex -28.8012 2.00499 7.22791
    endloop
  endfacet
  facet normal -0.777096 0.383281 0.499216
    outer loop
      vertex -27.022 5.34126 8.85007
      vertex -27.2769 5.48842 8.3403
      vertex -27.2385 4.90231 8.85007
    endloop
  endfacet
  facet normal -0.824344 0.550913 0.1302
    outer loop
      vertex -26.5685 7.3951 7.22791
      vertex -26.9558 6.9535 6.64431
      vertex -26.8893 6.91508 7.22791
    endloop
  endfacet
  facet normal -0.803226 0.5368 0.258214
    outer loop
      vertex -26.5685 7.3951 7.22791
      vertex -26.8893 6.91508 7.22791
      vertex -26.4477 7.30236 7.79648
    endloop
  endfacet
  facet normal -0.720509 0.481413 0.499108
    outer loop
      vertex -26.0355 6.98606 8.85007
      vertex -26.5622 6.72628 8.3403
      vertex -26.3074 6.57912 8.85007
    endloop
  endfacet
  facet normal -0.751834 0.255294 0.607924
    outer loop
      vertex -27.1812 4.10428 9.31705
      vertex -27.6696 3.77796 8.85007
      vertex -27.3235 3.68521 9.31705
    endloop
  endfacet
  facet normal -0.588598 0.39325 0.706333
    outer loop
      vertex -25.421 6.51454 9.73328
      vertex -25.7512 6.76792 9.31705
      vertex -25.6366 6.19184 9.73328
    endloop
  endfacet
  facet normal -0.786566 0.603569 0.13045
    outer loop
      vertex -26.6295 7.44187 6.64431
      vertex -26.1331 7.96264 7.22791
      vertex -26.194 8.00941 6.64431
    endloop
  endfacet
  facet normal -0.78662 0.603471 0.130583
    outer loop
      vertex -26.1331 7.96264 7.22791
      vertex -26.6295 7.44187 6.64431
      vertex -26.5685 7.3951 7.22791
    endloop
  endfacet
  facet normal -0.651443 0.571332 0.499201
    outer loop
      vertex -25.4854 8.12968 8.3403
      vertex -25.8335 7.73277 8.3403
      vertex -25.6 7.5536 8.85007
    endloop
  endfacet
  facet normal 0.0112946 -0.258727 0.965885
    outer loop
      vertex 16.35 -9.08289 10.7635
      vertex 17.0647 -9.62026 10.6112
      vertex 17.0647 -9.05169 10.7635
    endloop
  endfacet
  facet normal 0.0112946 -0.258727 0.965885
    outer loop
      vertex 17.0647 -9.62026 10.6112
      vertex 16.35 -9.08289 10.7635
      vertex 16.35 -9.65146 10.6112
    endloop
  endfacet
  facet normal 0 -0.130641 0.99143
    outer loop
      vertex -16.35 -8.4993 10.8404
      vertex 16.35 -9.08289 10.7635
      vertex 16.35 -8.4993 10.8404
    endloop
  endfacet
  facet normal 0 -0.130641 0.99143
    outer loop
      vertex 16.35 -9.08289 10.7635
      vertex -16.35 -8.4993 10.8404
      vertex -16.35 -9.08289 10.7635
    endloop
  endfacet
  facet normal -0.499764 0.0327039 0.865544
    outer loop
      vertex -26.4921 0.979451 10.3859
      vertex -27.0188 0.719666 10.0916
      vertex -26.5091 0.719666 10.3859
    endloop
  endfacet
  facet normal -0.449144 -0.221586 0.865546
    outer loop
      vertex -25.5054 -4.46561 10.3859
      vertex -26.0915 -4.42719 10.0916
      vertex -25.9468 -4.72049 10.0916
    endloop
  endfacet
  facet normal -0.0432401 0.990503 0.130517
    outer loop
      vertex -16.35 12.6954 6.64431
      vertex -17.0647 12.5873 7.22791
      vertex -16.35 12.6185 7.22791
    endloop
  endfacet
  facet normal -0.0433794 0.990519 0.130349
    outer loop
      vertex -17.0647 12.5873 7.22791
      vertex -16.35 12.6954 6.64431
      vertex -17.0647 12.6641 6.64431
    endloop
  endfacet
  facet normal -0.0653777 0.997861 0
    outer loop
      vertex -17.0647 12.6641 6.45
      vertex -17.6508 12.6257 6.64431
      vertex -17.0647 12.6641 6.64431
    endloop
  endfacet
  facet normal -0.0653777 0.997861 0
    outer loop
      vertex -17.6508 12.6257 6.64431
      vertex -17.0647 12.6641 6.45
      vertex -17.6508 12.6257 6.45
    endloop
  endfacet
  facet normal 0.0437527 0.999042 -0
    outer loop
      vertex 17.0647 12.6641 6.45
      vertex 16.35 12.6954 6.64431
      vertex 17.0647 12.6641 6.64431
    endloop
  endfacet
  facet normal 0.0437527 0.999042 0
    outer loop
      vertex 16.35 12.6954 6.64431
      vertex 17.0647 12.6641 6.45
      vertex 16.35 12.6954 6.45
    endloop
  endfacet
  facet normal -0.0648217 0.989375 0.130134
    outer loop
      vertex -17.0647 12.6641 6.64431
      vertex -17.6508 12.6257 6.64431
      vertex -17.6407 12.5496 7.22791
    endloop
  endfacet
  facet normal -0.321433 0.946932 0
    outer loop
      vertex -20.3167 12.0478 6.45
      vertex -20.8729 11.859 6.64431
      vertex -20.3167 12.0478 6.64431
    endloop
  endfacet
  facet normal -0.321433 0.946932 0
    outer loop
      vertex -20.8729 11.859 6.64431
      vertex -20.3167 12.0478 6.45
      vertex -20.8729 11.859 6.45
    endloop
  endfacet
  facet normal -0.214682 0.967942 0.130386
    outer loop
      vertex -18.9361 12.4178 6.64431
      vertex -19.6146 12.1887 7.22791
      vertex -18.9162 12.3436 7.22791
    endloop
  endfacet
  facet normal -0.214682 0.967942 0.130386
    outer loop
      vertex -19.6146 12.1887 7.22791
      vertex -18.9361 12.4178 6.64431
      vertex -19.6345 12.2629 6.64431
    endloop
  endfacet
  facet normal -0.11306 0.858604 0.500017
    outer loop
      vertex -17.5915 12.1752 8.3403
      vertex -18.2623 11.79 8.85007
      vertex -17.553 11.8834 8.85007
    endloop
  endfacet
  facet normal -0.113077 0.858611 0.5
    outer loop
      vertex -18.2623 11.79 8.85007
      vertex -17.5915 12.1752 8.3403
      vertex -18.3007 12.0818 8.3403
    endloop
  endfacet
  facet normal -0.465408 0.730553 0.499688
    outer loop
      vertex -22.468 10.6016 8.3403
      vertex -22.9241 9.96236 8.85007
      vertex -22.3208 10.3467 8.85007
    endloop
  endfacet
  facet normal -0.46548 0.730552 0.499622
    outer loop
      vertex -22.9241 9.96236 8.85007
      vertex -22.468 10.6016 8.3403
      vertex -23.0713 10.2172 8.3403
    endloop
  endfacet
  facet normal -0.353607 0.853538 0.382668
    outer loop
      vertex -20.7852 11.6473 7.79648
      vertex -21.3599 11.1654 8.3403
      vertex -20.699 11.4392 8.3403
    endloop
  endfacet
  facet normal -0.353607 0.853538 0.382668
    outer loop
      vertex -21.3599 11.1654 8.3403
      vertex -20.7852 11.6473 7.79648
      vertex -21.4461 11.3735 7.79648
    endloop
  endfacet
  facet normal -0.298103 0.945586 0.130389
    outer loop
      vertex -19.6345 12.2629 6.64431
      vertex -20.2969 11.9736 7.22791
      vertex -19.6146 12.1887 7.22791
    endloop
  endfacet
  facet normal -0.298145 0.94558 0.130338
    outer loop
      vertex -20.2969 11.9736 7.22791
      vertex -19.6345 12.2629 6.64431
      vertex -20.3167 12.0478 6.64431
    endloop
  endfacet
  facet normal -0.519082 0.814678 0.258561
    outer loop
      vertex -22.6568 10.9286 7.22791
      vertex -23.1839 10.4123 7.79648
      vertex -22.5806 10.7967 7.79648
    endloop
  endfacet
  facet normal -0.518967 0.814709 0.258696
    outer loop
      vertex -23.1839 10.4123 7.79648
      vertex -22.6568 10.9286 7.22791
      vertex -23.2601 10.5443 7.22791
    endloop
  endfacet
  facet normal -0.457744 0.879457 0.130482
    outer loop
      vertex -22.0606 11.3255 6.64431
      vertex -22.6568 10.9286 7.22791
      vertex -22.0222 11.2589 7.22791
    endloop
  endfacet
  facet normal -0.457744 0.879457 0.130482
    outer loop
      vertex -22.6568 10.9286 7.22791
      vertex -22.0606 11.3255 6.64431
      vertex -22.6952 10.9952 6.64431
    endloop
  endfacet
  facet normal -0.652628 0.712194 0.258566
    outer loop
      vertex -24.7417 9.4074 7.22791
      vertex -25.1614 8.81638 7.79648
      vertex -24.634 9.29967 7.79648
    endloop
  endfacet
  facet normal -0.652628 0.712194 0.258566
    outer loop
      vertex -25.1614 8.81638 7.79648
      vertex -24.7417 9.4074 7.22791
      vertex -25.2691 8.92411 7.22791
    endloop
  endfacet
  facet normal -0.550931 0.824335 0.130182
    outer loop
      vertex -23.2985 10.6108 6.64431
      vertex -23.7401 10.2235 7.22791
      vertex -23.2601 10.5443 7.22791
    endloop
  endfacet
  facet normal -0.427191 0.866512 0.258195
    outer loop
      vertex -21.4461 11.3735 7.79648
      vertex -22.0222 11.2589 7.22791
      vertex -21.9461 11.127 7.79648
    endloop
  endfacet
  facet normal -0.40864 0.828884 0.382054
    outer loop
      vertex -21.4461 11.3735 7.79648
      vertex -21.9461 11.127 7.79648
      vertex -21.8334 10.9319 8.3403
    endloop
  endfacet
  facet normal -0.108296 0.488466 0.865837
    outer loop
      vertex -18.421 10.4953 10.0916
      vertex -18.9874 9.84806 10.3859
      vertex -18.289 10.0029 10.3859
    endloop
  endfacet
  facet normal -0.108263 0.488445 0.865853
    outer loop
      vertex -18.9874 9.84806 10.3859
      vertex -18.421 10.4953 10.0916
      vertex -19.1194 10.3405 10.0916
    endloop
  endfacet
  facet normal -0.183164 0.581 0.793026
    outer loop
      vertex -19.9225 10.5764 9.73328
      vertex -19.1194 10.3405 10.0916
      vertex -19.2402 10.7915 9.73328
    endloop
  endfacet
  facet normal -0.183236 0.580872 0.793103
    outer loop
      vertex -19.1194 10.3405 10.0916
      vertex -19.9225 10.5764 9.73328
      vertex -19.8016 10.1253 10.0916
    endloop
  endfacet
  facet normal 0 0.707047 0.707166
    outer loop
      vertex 16.35 11.5883 9.31705
      vertex -16.35 11.172 9.73328
      vertex 16.35 11.172 9.73328
    endloop
  endfacet
  facet normal 0 0.707047 0.707166
    outer loop
      vertex -16.35 11.172 9.73328
      vertex 16.35 11.5883 9.31705
      vertex -16.35 11.5883 9.31705
    endloop
  endfacet
  facet normal -0.477967 0.521581 0.706754
    outer loop
      vertex -24.0132 8.6789 9.31705
      vertex -24.2463 7.90129 9.73328
      vertex -23.7189 8.38459 9.73328
    endloop
  endfacet
  facet normal -0.477958 0.521581 0.70676
    outer loop
      vertex -24.2463 7.90129 9.73328
      vertex -24.0132 8.6789 9.31705
      vertex -24.5406 8.19561 9.31705
    endloop
  endfacet
  facet normal -0.331468 0.800099 0.499971
    outer loop
      vertex -20.699 11.4392 8.3403
      vertex -21.2473 10.8935 8.85007
      vertex -20.5864 11.1673 8.85007
    endloop
  endfacet
  facet normal -0.331468 0.800099 0.499971
    outer loop
      vertex -21.2473 10.8935 8.85007
      vertex -20.699 11.4392 8.3403
      vertex -21.3599 11.1654 8.3403
    endloop
  endfacet
  facet normal -0.0346138 0.7929 0.608368
    outer loop
      vertex -16.35 11.9466 8.85007
      vertex -17.0647 11.5571 9.31705
      vertex -16.35 11.5883 9.31705
    endloop
  endfacet
  facet normal -0.0346138 0.7929 0.608368
    outer loop
      vertex -17.0647 11.5571 9.31705
      vertex -16.35 11.9466 8.85007
      vertex -17.0647 11.9154 8.85007
    endloop
  endfacet
  facet normal -0.169081 0.849833 0.499194
    outer loop
      vertex -18.3007 12.0818 8.3403
      vertex -18.7423 11.6945 8.85007
      vertex -18.2623 11.79 8.85007
    endloop
  endfacet
  facet normal 0.113077 0.858611 0.5
    outer loop
      vertex 17.5915 12.1752 8.3403
      vertex 18.2623 11.79 8.85007
      vertex 18.3007 12.0818 8.3403
    endloop
  endfacet
  facet normal 0.11306 0.858604 0.500017
    outer loop
      vertex 18.2623 11.79 8.85007
      vertex 17.5915 12.1752 8.3403
      vertex 17.553 11.8834 8.85007
    endloop
  endfacet
  facet normal 0.0326214 0.499735 0.865564
    outer loop
      vertex 17.391 10.6525 10.0916
      vertex 17.0647 10.6738 10.0916
      vertex 17.3245 10.1471 10.3859
    endloop
  endfacet
  facet normal 0.103569 0.786529 0.608807
    outer loop
      vertex 17.553 11.8834 8.85007
      vertex 18.2155 11.4347 9.31705
      vertex 18.2623 11.79 8.85007
    endloop
  endfacet
  facet normal 0.103585 0.786537 0.608793
    outer loop
      vertex 18.2155 11.4347 9.31705
      vertex 17.553 11.8834 8.85007
      vertex 17.5063 11.5281 9.31705
    endloop
  endfacet
  facet normal 0.0461499 0.706294 0.706413
    outer loop
      vertex 17.0647 11.5571 9.31705
      vertex 17.0647 11.1408 9.73328
      vertex 17.4519 11.1155 9.73328
    endloop
  endfacet
  facet normal 0.183164 0.581 0.793026
    outer loop
      vertex 19.1194 10.3405 10.0916
      vertex 19.9225 10.5764 9.73328
      vertex 19.2402 10.7915 9.73328
    endloop
  endfacet
  facet normal 0.183236 0.580872 0.793103
    outer loop
      vertex 19.9225 10.5764 9.73328
      vertex 19.1194 10.3405 10.0916
      vertex 19.8016 10.1253 10.0916
    endloop
  endfacet
  facet normal 0.0308512 0.706711 0.70683
    outer loop
      vertex 17.0647 11.5571 9.31705
      vertex 16.35 11.172 9.73328
      vertex 17.0647 11.1408 9.73328
    endloop
  endfacet
  facet normal 0.0308512 0.706711 0.70683
    outer loop
      vertex 16.35 11.172 9.73328
      vertex 17.0647 11.5571 9.31705
      vertex 16.35 11.5883 9.31705
    endloop
  endfacet
  facet normal 0.15482 0.778765 0.607911
    outer loop
      vertex 18.7423 11.6945 8.85007
      vertex 18.2155 11.4347 9.31705
      vertex 18.6496 11.3484 9.31705
    endloop
  endfacet
  facet normal 0.228827 0.669869 0.706338
    outer loop
      vertex 19.9225 10.5764 9.73328
      vertex 20.05 10.9383 9.34876
      vertex 20.0302 10.9785 9.31705
    endloop
  endfacet
  facet normal 0.227633 0.670283 0.706331
    outer loop
      vertex 20.05 10.9383 9.34876
      vertex 19.9225 10.5764 9.73328
      vertex 20.05 10.5331 9.73328
    endloop
  endfacet
  facet normal 0.196043 0.577263 0.792675
    outer loop
      vertex 19.9225 10.5764 9.73328
      vertex 20.05 10.2913 9.90937
      vertex 20.05 10.5331 9.73328
    endloop
  endfacet
  facet normal 0.195835 0.577221 0.792758
    outer loop
      vertex 20.05 10.2913 9.90937
      vertex 19.9225 10.5764 9.73328
      vertex 19.8016 10.1253 10.0916
    endloop
  endfacet
  facet normal -0.103652 -0.079519 0.99143
    outer loop
      vertex -23.3005 -4.88748 10.8404
      vertex -23.3281 -5.81028 10.7635
      vertex -22.8651 -5.45502 10.8404
    endloop
  endfacet
  facet normal -0.103651 -0.0795191 0.99143
    outer loop
      vertex -23.3281 -5.81028 10.7635
      vertex -23.3005 -4.88748 10.8404
      vertex -23.7635 -5.24275 10.7635
    endloop
  endfacet
  facet normal 0.0576836 0.117412 0.991407
    outer loop
      vertex 19.9281 7.70862 10.8404
      vertex 20.05 7.84294 10.8174
      vertex 20.05 7.89107 10.8117
    endloop
  endfacet
  facet normal 0.057873 0.117241 0.991416
    outer loop
      vertex 20.05 7.84294 10.8174
      vertex 19.9281 7.70862 10.8404
      vertex 19.9626 7.69159 10.8404
    endloop
  endfacet
  facet normal 0.0255109 0.128403 0.991394
    outer loop
      vertex 17.8885 8.95081 10.7635
      vertex 17.8123 8.37221 10.8404
      vertex 17.8501 8.3647 10.8404
    endloop
  endfacet
  facet normal 0.0499584 0.120617 0.991441
    outer loop
      vertex 19.4905 8.52154 10.7635
      vertex 20.05 8.00293 10.7984
      vertex 20.05 8.2898 10.7635
    endloop
  endfacet
  facet normal 0.0500254 0.120688 0.991429
    outer loop
      vertex 20.05 8.00293 10.7984
      vertex 19.4905 8.52154 10.7635
      vertex 19.2672 7.98238 10.8404
    endloop
  endfacet
  facet normal 0.0500229 0.120763 0.99142
    outer loop
      vertex 20.05 8.00293 10.7984
      vertex 19.2672 7.98238 10.8404
      vertex 19.9281 7.70862 10.8404
    endloop
  endfacet
  facet normal 0.0648217 0.989375 0.130134
    outer loop
      vertex 17.6508 12.6257 6.64431
      vertex 17.0647 12.6641 6.64431
      vertex 17.6407 12.5496 7.22791
    endloop
  endfacet
  facet normal 0.214682 0.967942 0.130386
    outer loop
      vertex 18.9361 12.4178 6.64431
      vertex 19.6146 12.1887 7.22791
      vertex 19.6345 12.2629 6.64431
    endloop
  endfacet
  facet normal 0.214682 0.967942 0.130386
    outer loop
      vertex 19.6146 12.1887 7.22791
      vertex 18.9361 12.4178 6.64431
      vertex 18.9162 12.3436 7.22791
    endloop
  endfacet
  facet normal 0.193438 0.972424 0.130283
    outer loop
      vertex 18.36 12.5324 6.64431
      vertex 18.35 12.4562 7.22791
      vertex 18.9361 12.4178 6.64431
    endloop
  endfacet
  facet normal 0.209172 0.943096 0.258492
    outer loop
      vertex 18.9162 12.3436 7.22791
      vertex 19.5752 12.0416 7.79648
      vertex 19.6146 12.1887 7.22791
    endloop
  endfacet
  facet normal 0.209034 0.943084 0.258645
    outer loop
      vertex 19.5752 12.0416 7.79648
      vertex 18.9162 12.3436 7.22791
      vertex 18.8768 12.1964 7.79648
    endloop
  endfacet
  facet normal 0.298123 0.945574 0.13043
    outer loop
      vertex 19.6345 12.2629 6.64431
      vertex 20.05 12.0514 7.22791
      vertex 20.05 12.1319 6.64431
    endloop
  endfacet
  facet normal 0.298176 0.945563 0.130388
    outer loop
      vertex 20.05 12.0514 7.22791
      vertex 19.6345 12.2629 6.64431
      vertex 19.6146 12.1887 7.22791
    endloop
  endfacet
  facet normal -0.0505817 -0.254278 0.965807
    outer loop
      vertex -17.8885 -8.95081 10.7635
      vertex -18.1483 -9.4776 10.6112
      vertex -17.9627 -9.51452 10.6112
    endloop
  endfacet
  facet normal -0.0499498 -0.379439 0.923868
    outer loop
      vertex -17.9627 -9.51452 10.6112
      vertex -17.3245 -10.1471 10.3859
      vertex -17.2535 -9.60788 10.6112
    endloop
  endfacet
  facet normal -0.0499739 -0.37946 0.923858
    outer loop
      vertex -17.3245 -10.1471 10.3859
      vertex -17.9627 -9.51452 10.6112
      vertex -18.0337 -10.0537 10.3859
    endloop
  endfacet
  facet normal -0.0499967 -0.1207 0.991429
    outer loop
      vertex -19.9281 -7.70862 10.8404
      vertex -19.4905 -8.52154 10.7635
      vertex -19.2672 -7.98238 10.8404
    endloop
  endfacet
  facet normal -0.0499944 -0.120699 0.991429
    outer loop
      vertex -19.4905 -8.52154 10.7635
      vertex -19.9281 -7.70862 10.8404
      vertex -20.1514 -8.24779 10.7635
    endloop
  endfacet
  facet normal 0 -0.382733 0.923859
    outer loop
      vertex -16.35 -9.65146 10.6112
      vertex 16.35 -10.1953 10.3859
      vertex 16.35 -9.65146 10.6112
    endloop
  endfacet
  facet normal 0 -0.382733 0.923859
    outer loop
      vertex 16.35 -10.1953 10.3859
      vertex -16.35 -9.65146 10.6112
      vertex -16.35 -10.1953 10.3859
    endloop
  endfacet
  facet normal 0.079472 -0.603527 0.793372
    outer loop
      vertex 18.1002 -10.5591 10.0916
      vertex 17.4519 -11.1155 9.73328
      vertex 18.1612 -11.0221 9.73328
    endloop
  endfacet
  facet normal 0.0794844 -0.603537 0.793364
    outer loop
      vertex 17.4519 -11.1155 9.73328
      vertex 18.1002 -10.5591 10.0916
      vertex 17.391 -10.6525 10.0916
    endloop
  endfacet
  facet normal 0.0463891 -0.706394 0.706297
    outer loop
      vertex 17.4519 -11.1155 9.73328
      vertex 17.0647 -11.5571 9.31705
      vertex 17.5063 -11.5281 9.31705
    endloop
  endfacet
  facet normal 0.0977287 -0.491145 0.865579
    outer loop
      vertex 18.289 -10.0029 10.3859
      vertex 18.0337 -10.0537 10.3859
      vertex 18.421 -10.4953 10.0916
    endloop
  endfacet
  facet normal 0.131907 -0.594731 0.793029
    outer loop
      vertex 19.1194 -10.3405 10.0916
      vertex 18.5418 -10.9464 9.73328
      vertex 19.2402 -10.7915 9.73328
    endloop
  endfacet
  facet normal 0.131809 -0.594673 0.793089
    outer loop
      vertex 18.5418 -10.9464 9.73328
      vertex 19.1194 -10.3405 10.0916
      vertex 18.421 -10.4953 10.0916
    endloop
  endfacet
  facet normal 0.180305 -0.906428 0.38194
    outer loop
      vertex 18.8185 -11.9788 8.3403
      vertex 18.3007 -12.0818 8.3403
      vertex 18.3301 -12.3051 7.79648
    endloop
  endfacet
  facet normal 0.188389 -0.947492 0.258394
    outer loop
      vertex 18.8768 -12.1964 7.79648
      vertex 18.3301 -12.3051 7.79648
      vertex 18.35 -12.4562 7.22791
    endloop
  endfacet
  facet normal 0.277873 -0.881226 0.382396
    outer loop
      vertex 19.5752 -12.0416 7.79648
      vertex 20.05 -11.6559 8.3403
      vertex 19.5169 -11.824 8.3403
    endloop
  endfacet
  facet normal 0.277842 -0.881225 0.382423
    outer loop
      vertex 20.05 -11.6559 8.3403
      vertex 19.5752 -12.0416 7.79648
      vertex 20.05 -11.8919 7.79648
    endloop
  endfacet
  facet normal -0.11746 0.0578286 0.991392
    outer loop
      vertex -24.0366 3.61762 10.8404
      vertex -24.542 3.90941 10.7635
      vertex -24.0536 3.58309 10.8404
    endloop
  endfacet
  facet normal -0.0964155 0.0883501 0.991412
    outer loop
      vertex -23.2523 5.89662 10.7635
      vertex -22.3564 6.01138 10.8404
      vertex -22.769 6.42404 10.7635
    endloop
  endfacet
  facet normal -0.0964155 0.0883501 0.991412
    outer loop
      vertex -22.3564 6.01138 10.8404
      vertex -23.2523 5.89662 10.7635
      vertex -22.8397 5.48396 10.8404
    endloop
  endfacet
  facet normal -0.0169536 0.258706 0.965807
    outer loop
      vertex -17.0647 9.62026 10.6112
      vertex -17.1793 9.04418 10.7635
      vertex -17.0647 9.05169 10.7635
    endloop
  endfacet
  facet normal 0.0397441 0.608257 0.792744
    outer loop
      vertex 17.0647 11.1408 9.73328
      vertex 17.0647 10.6738 10.0916
      vertex 17.4519 11.1155 9.73328
    endloop
  endfacet
  facet normal 0.115181 0.365338 0.923721
    outer loop
      vertex 18.8467 9.32277 10.6112
      vertex 19.6697 9.63295 10.3859
      vertex 18.9874 9.84806 10.3859
    endloop
  endfacet
  facet normal 0.115194 0.36531 0.923731
    outer loop
      vertex 19.6697 9.63295 10.3859
      vertex 18.8467 9.32277 10.6112
      vertex 19.5289 9.10765 10.6112
    endloop
  endfacet
  facet normal -0.07483 -0.376065 0.923567
    outer loop
      vertex -17.9627 -9.51452 10.6112
      vertex -18.289 -10.0029 10.3859
      vertex -18.0337 -10.0537 10.3859
    endloop
  endfacet
  facet normal -0.0499498 0.379439 0.923868
    outer loop
      vertex -17.3245 10.1471 10.3859
      vertex -17.9627 9.51452 10.6112
      vertex -17.2535 9.60788 10.6112
    endloop
  endfacet
  facet normal -0.0499739 0.37946 0.923858
    outer loop
      vertex -17.9627 9.51452 10.6112
      vertex -17.3245 10.1471 10.3859
      vertex -18.0337 10.0537 10.3859
    endloop
  endfacet
  facet normal 0.0505817 0.254278 0.965807
    outer loop
      vertex 17.9627 9.51452 10.6112
      vertex 17.8885 8.95081 10.7635
      vertex 18.1483 9.4776 10.6112
    endloop
  endfacet
  facet normal 0.0829142 0.373981 0.923722
    outer loop
      vertex 18.289 10.0029 10.3859
      vertex 18.8467 9.32277 10.6112
      vertex 18.9874 9.84806 10.3859
    endloop
  endfacet
  facet normal 0.0829079 0.373977 0.923725
    outer loop
      vertex 18.8467 9.32277 10.6112
      vertex 18.289 10.0029 10.3859
      vertex 18.1483 9.4776 10.6112
    endloop
  endfacet
  facet normal -0.953722 0.30069 0
    outer loop
      vertex -28.6079 3.2895 6.45
      vertex -28.3928 3.97175 6.64431
      vertex -28.3928 3.97175 6.45
    endloop
  endfacet
  facet normal -0.953722 0.30069 0
    outer loop
      vertex -28.3928 3.97175 6.64431
      vertex -28.6079 3.2895 6.45
      vertex -28.6079 3.2895 6.64431
    endloop
  endfacet
  facet normal -0.737456 0.675396 0
    outer loop
      vertex -25.75 8.51293 6.45
      vertex -25.8067 8.45102 6.45
      vertex -25.75 8.51293 6.55
    endloop
  endfacet
  facet normal -0.737247 0.675624 0
    outer loop
      vertex -25.75 8.51293 6.55
      vertex -25.3234 8.97844 6.64431
      vertex -25.3234 8.97844 6.55
    endloop
  endfacet
  facet normal -0.737271 0.675597 0.000242921
    outer loop
      vertex -25.75 8.51293 6.55
      vertex -25.8067 8.45102 6.64431
      vertex -25.3234 8.97844 6.64431
    endloop
  endfacet
  facet normal -0.737456 0.675396 0
    outer loop
      vertex -25.8067 8.45102 6.64431
      vertex -25.75 8.51293 6.55
      vertex -25.8067 8.45102 6.45
    endloop
  endfacet
  facet normal -0.0519225 -0.792305 0.607912
    outer loop
      vertex -17.0647 -11.5571 9.31705
      vertex -17.553 -11.8834 8.85007
      vertex -17.0647 -11.9154 8.85007
    endloop
  endfacet
  facet normal -0.313013 -0.634963 0.706289
    outer loop
      vertex -21.299 -10.0063 9.73328
      vertex -21.5071 -10.3667 9.31705
      vertex -20.9509 -10.1779 9.73328
    endloop
  endfacet
  facet normal -0.537355 -0.843356 0
    outer loop
      vertex -23.2985 -10.6108 6.55
      vertex -22.6952 -10.9952 6.64431
      vertex -23.2985 -10.6108 6.64431
    endloop
  endfacet
  facet normal -0.537355 -0.843356 -0
    outer loop
      vertex -22.6952 -10.9952 6.64431
      vertex -23.2985 -10.6108 6.55
      vertex -22.6952 -10.9952 6.55
    endloop
  endfacet
  facet normal -0.532771 -0.836163 0.130335
    outer loop
      vertex -22.6952 -10.9952 6.64431
      vertex -23.2601 -10.5443 7.22791
      vertex -23.2985 -10.6108 6.64431
    endloop
  endfacet
  facet normal -0.532663 -0.83621 0.130476
    outer loop
      vertex -23.2601 -10.5443 7.22791
      vertex -22.6952 -10.9952 6.64431
      vertex -22.6568 -10.9286 7.22791
    endloop
  endfacet
  facet normal -0.732909 -0.303632 0.608812
    outer loop
      vertex -27.5123 -4.24141 8.85007
      vertex -26.9074 -4.76518 9.31705
      vertex -27.1812 -4.10428 9.31705
    endloop
  endfacet
  facet normal -0.732909 -0.303632 0.608812
    outer loop
      vertex -26.9074 -4.76518 9.31705
      vertex -27.5123 -4.24141 8.85007
      vertex -27.2385 -4.90231 8.85007
    endloop
  endfacet
  facet normal -0.819606 -0.426633 0.3824
    outer loop
      vertex -27.472 -5.60105 7.79648
      vertex -26.9466 -6.12296 8.3403
      vertex -27.2769 -5.48842 8.3403
    endloop
  endfacet
  facet normal -0.819606 -0.426633 0.3824
    outer loop
      vertex -26.9466 -6.12296 8.3403
      vertex -27.472 -5.60105 7.79648
      vertex -27.1417 -6.23559 7.79648
    endloop
  endfacet
  facet normal -0.170996 -0.194889 0.965805
    outer loop
      vertex -22.2416 -6.90733 10.7635
      vertex -22.5014 -7.43413 10.6112
      vertex -22.1553 -6.98305 10.7635
    endloop
  endfacet
  facet normal -0.278171 -0.41646 0.865553
    outer loop
      vertex -22.0485 -8.44568 10.3859
      vertex -22.5753 -8.70547 10.0916
      vertex -22.3033 -8.88715 10.0916
    endloop
  endfacet
  facet normal -0.506841 -0.338689 0.792718
    outer loop
      vertex -25.2322 -5.95835 10.0916
      vertex -25.6366 -6.19184 9.73328
      vertex -25.0505 -6.23026 10.0916
    endloop
  endfacet
  facet normal -0.585234 -0.638648 0.49963
    outer loop
      vertex -24.4747 -9.14039 8.3403
      vertex -24.794 -8.44899 8.85007
      vertex -25.0021 -8.6571 8.3403
    endloop
  endfacet
  facet normal -0.585234 -0.638648 0.49963
    outer loop
      vertex -24.794 -8.44899 8.85007
      vertex -24.4747 -9.14039 8.3403
      vertex -24.2666 -8.93228 8.85007
    endloop
  endfacet
  facet normal -0.445992 -0.856878 0.258555
    outer loop
      vertex -22.0222 -11.2589 7.22791
      vertex -22.5806 -10.7967 7.79648
      vertex -22.6568 -10.9286 7.22791
    endloop
  endfacet
  facet normal -0.446057 -0.856866 0.258483
    outer loop
      vertex -22.5806 -10.7967 7.79648
      vertex -22.0222 -11.2589 7.22791
      vertex -21.9461 -11.127 7.79648
    endloop
  endfacet
  facet normal -0.864647 -0.0566262 0.499178
    outer loop
      vertex -28.2604 -0.719666 8.85007
      vertex -28.5547 -0.719666 8.3403
      vertex -28.5202 -1.24646 8.3403
    endloop
  endfacet
  facet normal -0.957634 -0.126109 0.258907
    outer loop
      vertex -28.8946 -1.29575 7.22791
      vertex -28.6501 -1.98511 7.79648
      vertex -28.7435 -1.27586 7.79648
    endloop
  endfacet
  facet normal -0.957635 -0.126111 0.258905
    outer loop
      vertex -28.6501 -1.98511 7.79648
      vertex -28.8946 -1.29575 7.22791
      vertex -28.8012 -2.00499 7.22791
    endloop
  endfacet
  facet normal -0.922212 -0.0603961 0.381938
    outer loop
      vertex -28.5547 -0.719666 8.3403
      vertex -28.7435 -1.27586 7.79648
      vertex -28.5202 -1.24646 8.3403
    endloop
  endfacet
  facet normal -0.906426 -0.180312 0.381942
    outer loop
      vertex -28.4268 -1.9557 8.3403
      vertex -28.6501 -1.98511 7.79648
      vertex -28.3238 -2.47348 8.3403
    endloop
  endfacet
  facet normal -0.597842 -0.118893 0.792748
    outer loop
      vertex -26.8403 -2.07597 10.0916
      vertex -27.3671 -1.81619 9.73328
      vertex -27.2914 -2.19684 9.73328
    endloop
  endfacet
  facet normal -0.751834 -0.255294 0.607924
    outer loop
      vertex -27.3235 -3.68521 9.31705
      vertex -27.6696 -3.77796 8.85007
      vertex -27.1812 -4.10428 9.31705
    endloop
  endfacet
  facet normal -0.78662 -0.603471 0.130583
    outer loop
      vertex -26.6295 -7.44187 6.64431
      vertex -26.1331 -7.96264 7.22791
      vertex -26.5685 -7.3951 7.22791
    endloop
  endfacet
  facet normal -0.786566 -0.603569 0.13045
    outer loop
      vertex -26.1331 -7.96264 7.22791
      vertex -26.6295 -7.44187 6.64431
      vertex -26.194 -8.00941 6.64431
    endloop
  endfacet
  facet normal -0.596937 -0.523498 0.60796
    outer loop
      vertex -25.3157 -7.33546 9.31705
      vertex -25.6 -7.5536 8.85007
      vertex -25.2773 -7.92157 8.85007
    endloop
  endfacet
  facet normal -0.258804 -0.282425 0.923719
    outer loop
      vertex -23.1711 -6.82608 10.6112
      vertex -23.0282 -7.69391 10.3859
      vertex -22.6437 -7.30937 10.6112
    endloop
  endfacet
  facet normal -0.258804 -0.282425 0.923719
    outer loop
      vertex -23.0282 -7.69391 10.3859
      vertex -23.1711 -6.82608 10.6112
      vertex -23.5556 -7.21062 10.3859
    endloop
  endfacet
  facet normal -0.597842 0.118893 0.792748
    outer loop
      vertex -27.2914 2.19684 9.73328
      vertex -27.3671 1.81619 9.73328
      vertex -26.8403 2.07597 10.0916
    endloop
  endfacet
  facet normal -0.67031 -0.227612 0.706312
    outer loop
      vertex -26.7967 -3.945 9.73328
      vertex -27.3235 -3.68521 9.31705
      vertex -27.1812 -4.10428 9.31705
    endloop
  endfacet
  facet normal -0.577223 -0.195858 0.792751
    outer loop
      vertex -26.4703 -3.45662 10.0916
      vertex -26.9214 -3.57749 9.73328
      vertex -26.7967 -3.945 9.73328
    endloop
  endfacet
  facet normal -0.339784 0.176926 0.923712
    outer loop
      vertex -25.5054 4.46561 10.3859
      vertex -24.7041 4.82823 10.6112
      vertex -25.175 5.10014 10.3859
    endloop
  endfacet
  facet normal -0.33976 0.17686 0.923733
    outer loop
      vertex -24.7041 4.82823 10.6112
      vertex -25.5054 4.46561 10.3859
      vertex -25.0344 4.1937 10.6112
    endloop
  endfacet
  facet normal -0.382599 0.025128 0.923573
    outer loop
      vertex -25.9529 0.908468 10.6112
      vertex -26.4921 0.979451 10.3859
      vertex -25.9653 0.719666 10.6112
    endloop
  endfacet
  facet normal -0.3631 0.12313 0.923579
    outer loop
      vertex -25.8943 3.57121 10.3859
      vertex -25.9779 3.32468 10.3859
      vertex -25.3918 3.3631 10.6112
    endloop
  endfacet
  facet normal -0.845697 0.187448 0.49966
    outer loop
      vertex -28.3238 2.47348 8.3403
      vertex -27.8847 3.0957 8.85007
      vertex -28.169 3.17188 8.3403
    endloop
  endfacet
  facet normal -0.845698 0.187451 0.499657
    outer loop
      vertex -27.8847 3.0957 8.85007
      vertex -28.3238 2.47348 8.3403
      vertex -28.0395 2.39731 8.85007
    endloop
  endfacet
  facet normal -0.427191 -0.866512 0.258195
    outer loop
      vertex -21.9461 -11.127 7.79648
      vertex -22.0222 -11.2589 7.22791
      vertex -21.4461 -11.3735 7.79648
    endloop
  endfacet
  facet normal -0.0632622 -0.964011 0.258225
    outer loop
      vertex -17.0647 -12.435 7.79648
      vertex -17.6209 -12.3985 7.79648
      vertex -17.0647 -12.5873 7.22791
    endloop
  endfacet
  facet normal -0.0566621 -0.864629 0.499206
    outer loop
      vertex -17.553 -11.8834 8.85007
      vertex -17.5915 -12.1752 8.3403
      vertex -17.0647 -11.9154 8.85007
    endloop
  endfacet
  facet normal -0.991458 -0.130426 0
    outer loop
      vertex -28.8774 -2.01502 6.45
      vertex -28.9707 -1.30578 6.64431
      vertex -28.9707 -1.30578 6.45
    endloop
  endfacet
  facet normal -0.991458 -0.130426 0
    outer loop
      vertex -28.9707 -1.30578 6.64431
      vertex -28.8774 -2.01502 6.45
      vertex -28.8774 -2.01502 6.64431
    endloop
  endfacet
  facet normal -0.902103 -0.199951 0.3824
    outer loop
      vertex -28.5414 -2.53179 7.79648
      vertex -28.169 -3.17188 8.3403
      vertex -28.3238 -2.47348 8.3403
    endloop
  endfacet
  facet normal -0.902104 -0.199954 0.382397
    outer loop
      vertex -28.169 -3.17188 8.3403
      vertex -28.5414 -2.53179 7.79648
      vertex -28.3866 -3.23018 7.79648
    endloop
  endfacet
  facet normal 0.169046 -0.849826 0.499219
    outer loop
      vertex 18.7423 -11.6945 8.85007
      vertex 18.3007 -12.0818 8.3403
      vertex 18.8185 -11.9788 8.3403
    endloop
  endfacet
  facet normal -0.02665 -0.608522 0.793089
    outer loop
      vertex -17.0647 -11.1408 9.73328
      vertex -16.35 -10.7051 10.0916
      vertex -17.0647 -10.6738 10.0916
    endloop
  endfacet
  facet normal -0.0265685 -0.608605 0.793028
    outer loop
      vertex -16.35 -10.7051 10.0916
      vertex -17.0647 -11.1408 9.73328
      vertex -16.35 -11.172 9.73328
    endloop
  endfacet
  facet normal -0.0397441 -0.608257 0.792744
    outer loop
      vertex -17.0647 -10.6738 10.0916
      vertex -17.4519 -11.1155 9.73328
      vertex -17.0647 -11.1408 9.73328
    endloop
  endfacet
  facet normal 0.0402978 -0.923104 0.382434
    outer loop
      vertex 16.35 -12.4662 7.79648
      vertex 17.0647 -12.2097 8.3403
      vertex 16.35 -12.2409 8.3403
    endloop
  endfacet
  facet normal 0.0402978 -0.923104 0.382434
    outer loop
      vertex 17.0647 -12.2097 8.3403
      vertex 16.35 -12.4662 7.79648
      vertex 17.0647 -12.435 7.79648
    endloop
  endfacet
  facet normal 0.130433 -0.991457 0
    outer loop
      vertex 17.6508 -12.6257 6.45
      vertex 18.36 -12.5324 6.64431
      vertex 17.6508 -12.6257 6.64431
    endloop
  endfacet
  facet normal 0.130433 -0.991457 0
    outer loop
      vertex 18.36 -12.5324 6.64431
      vertex 17.6508 -12.6257 6.45
      vertex 18.36 -12.5324 6.45
    endloop
  endfacet
  facet normal 0.300692 -0.953721 0
    outer loop
      vertex 19.6345 -12.2629 6.45
      vertex 20.05 -12.1319 6.64431
      vertex 19.6345 -12.2629 6.64431
    endloop
  endfacet
  facet normal 0.300692 -0.953721 0
    outer loop
      vertex 20.05 -12.1319 6.64431
      vertex 19.6345 -12.2629 6.45
      vertex 20.05 -12.1319 6.45
    endloop
  endfacet
  facet normal -0.923104 0.0402991 0.382434
    outer loop
      vertex -28.8112 0.00498962 7.79648
      vertex -28.5547 0.719666 8.3403
      vertex -28.78 0.719666 7.79648
    endloop
  endfacet
  facet normal -0.923104 0.0402991 0.382434
    outer loop
      vertex -28.5547 0.719666 8.3403
      vertex -28.8112 0.00498962 7.79648
      vertex -28.5859 0.00498962 8.3403
    endloop
  endfacet
  facet normal -0.875098 0.29711 0.382007
    outer loop
      vertex -27.9923 4.44024 7.79648
      vertex -28.1715 3.91243 7.79648
      vertex -27.9539 3.85413 8.3403
    endloop
  endfacet
  facet normal -0.976276 0.216531 0
    outer loop
      vertex -28.7628 2.5911 6.45
      vertex -28.6079 3.2895 6.64431
      vertex -28.6079 3.2895 6.45
    endloop
  endfacet
  facet normal -0.976276 0.216531 0
    outer loop
      vertex -28.6079 3.2895 6.64431
      vertex -28.7628 2.5911 6.45
      vertex -28.7628 2.5911 6.64431
    endloop
  endfacet
  facet normal -0.980782 0.195108 0
    outer loop
      vertex -28.8774 2.01502 6.45
      vertex -28.7628 2.5911 6.64431
      vertex -28.7628 2.5911 6.45
    endloop
  endfacet
  facet normal -0.980782 0.195108 0
    outer loop
      vertex -28.7628 2.5911 6.64431
      vertex -28.8774 2.01502 6.45
      vertex -28.8774 2.01502 6.64431
    endloop
  endfacet
  facet normal -0.963979 0.0630846 0.258389
    outer loop
      vertex -28.8946 1.29575 7.22791
      vertex -28.9323 0.719666 7.22791
      vertex -28.7435 1.27586 7.79648
    endloop
  endfacet
  facet normal -0.915989 0.120625 0.382641
    outer loop
      vertex -28.7435 1.27586 7.79648
      vertex -28.4268 1.9557 8.3403
      vertex -28.6501 1.98511 7.79648
    endloop
  endfacet
  facet normal -0.915989 0.120627 0.382639
    outer loop
      vertex -28.4268 1.9557 8.3403
      vertex -28.7435 1.27586 7.79648
      vertex -28.5202 1.24646 8.3403
    endloop
  endfacet
  facet normal -0.947494 0.188418 0.258368
    outer loop
      vertex -28.6886 2.57122 7.22791
      vertex -28.8012 2.00499 7.22791
      vertex -28.5414 2.53179 7.79648
    endloop
  endfacet
  facet normal -0.906414 0.180228 0.38201
    outer loop
      vertex -28.5414 2.53179 7.79648
      vertex -28.6501 1.98511 7.79648
      vertex -28.3238 2.47348 8.3403
    endloop
  endfacet
  facet normal -0.828864 0.40876 0.381968
    outer loop
      vertex -27.2769 5.48842 8.3403
      vertex -27.7185 5.10114 7.79648
      vertex -27.5104 5.01494 8.3403
    endloop
  endfacet
  facet normal -0.967942 0.214682 0.130383
    outer loop
      vertex -28.7628 2.5911 6.64431
      vertex -28.5337 3.26961 7.22791
      vertex -28.6079 3.2895 6.64431
    endloop
  endfacet
  facet normal -0.967942 0.214685 0.130379
    outer loop
      vertex -28.5337 3.26961 7.22791
      vertex -28.7628 2.5911 6.64431
      vertex -28.6886 2.57122 7.22791
    endloop
  endfacet
  facet normal -0.843364 0.537342 0
    outer loop
      vertex -27.3402 6.35018 6.45
      vertex -26.9558 6.9535 6.64431
      vertex -26.9558 6.9535 6.45
    endloop
  endfacet
  facet normal -0.843364 0.537342 0
    outer loop
      vertex -26.9558 6.9535 6.64431
      vertex -27.3402 6.35018 6.45
      vertex -27.3402 6.35018 6.64431
    endloop
  endfacet
  facet normal -0.803289 0.536624 0.258383
    outer loop
      vertex -26.4477 7.30236 7.79648
      vertex -26.8893 6.91508 7.22791
      vertex -26.7573 6.83891 7.79648
    endloop
  endfacet
  facet normal -0.638654 0.585229 0.499629
    outer loop
      vertex -25.4854 8.12968 8.3403
      vertex -24.794 8.44899 8.85007
      vertex -25.0021 8.6571 8.3403
    endloop
  endfacet
  facet normal -0.638654 0.585229 0.499629
    outer loop
      vertex -24.794 8.44899 8.85007
      vertex -25.4854 8.12968 8.3403
      vertex -25.2773 7.92157 8.85007
    endloop
  endfacet
  facet normal -0.836169 0.532757 0.130353
    outer loop
      vertex -27.3402 6.35018 6.64431
      vertex -26.8893 6.91508 7.22791
      vertex -26.9558 6.9535 6.64431
    endloop
  endfacet
  facet normal -0.836216 0.532649 0.130494
    outer loop
      vertex -26.8893 6.91508 7.22791
      vertex -27.3402 6.35018 6.64431
      vertex -27.2736 6.31176 7.22791
    endloop
  endfacet
  facet normal -0.726291 0.637021 0.258276
    outer loop
      vertex -25.7524 8.39669 7.22791
      vertex -26.1331 7.96264 7.22791
      vertex -25.6447 8.28896 7.79648
    endloop
  endfacet
  facet normal -0.866468 0.427246 0.258253
    outer loop
      vertex -27.6039 5.67723 7.22791
      vertex -27.7185 5.10114 7.79648
      vertex -27.472 5.60105 7.79648
    endloop
  endfacet
  facet normal -0.732909 0.303632 0.608812
    outer loop
      vertex -27.5123 4.24141 8.85007
      vertex -26.9074 4.76518 9.31705
      vertex -27.2385 4.90231 8.85007
    endloop
  endfacet
  facet normal -0.732909 0.303632 0.608812
    outer loop
      vertex -26.9074 4.76518 9.31705
      vertex -27.5123 4.24141 8.85007
      vertex -27.1812 4.10428 9.31705
    endloop
  endfacet
  facet normal -0.690638 0.153082 0.706813
    outer loop
      vertex -27.6934 2.30457 9.31705
      vertex -27.1365 2.89523 9.73328
      vertex -27.5386 3.00296 9.31705
    endloop
  endfacet
  facet normal -0.690696 0.153193 0.706733
    outer loop
      vertex -27.1365 2.89523 9.73328
      vertex -27.6934 2.30457 9.31705
      vertex -27.2914 2.19684 9.73328
    endloop
  endfacet
  facet normal -0.779267 0.496503 0.382399
    outer loop
      vertex -27.1417 6.23559 7.79648
      vertex -26.5622 6.72628 8.3403
      vertex -26.7573 6.83891 7.79648
    endloop
  endfacet
  facet normal -0.779267 0.496503 0.382399
    outer loop
      vertex -26.5622 6.72628 8.3403
      vertex -27.1417 6.23559 7.79648
      vertex -26.9466 6.12296 8.3403
    endloop
  endfacet
  facet normal 0.0255434 -0.128401 0.991393
    outer loop
      vertex 18.0011 -8.92841 10.7635
      vertex 17.8501 -8.3647 10.8404
      vertex 17.8885 -8.95081 10.7635
    endloop
  endfacet
  facet normal -0.0505817 0.254278 0.965807
    outer loop
      vertex -17.9627 9.51452 10.6112
      vertex -18.1483 9.4776 10.6112
      vertex -17.8885 8.95081 10.7635
    endloop
  endfacet
  facet normal -0.0863407 -0.0984046 0.991394
    outer loop
      vertex -21.8 -6.52005 10.8404
      vertex -22.2416 -6.90733 10.7635
      vertex -22.1553 -6.98305 10.7635
    endloop
  endfacet
  facet normal -0.353633 0.146451 0.923848
    outer loop
      vertex -25.6205 4.23211 10.3859
      vertex -25.3918 3.3631 10.6112
      vertex -25.1181 4.024 10.6112
    endloop
  endfacet
  facet normal -0.353563 0.146475 0.923871
    outer loop
      vertex -25.3918 3.3631 10.6112
      vertex -25.6205 4.23211 10.3859
      vertex -25.8943 3.57121 10.3859
    endloop
  endfacet
  facet normal -0.129522 0.0170568 0.99143
    outer loop
      vertex -25.2958 1.5435 10.7635
      vertex -24.8106 0.75808 10.8404
      vertex -24.7172 1.46732 10.8404
    endloop
  endfacet
  facet normal -0.129522 0.0170567 0.99143
    outer loop
      vertex -24.8106 0.75808 10.8404
      vertex -25.2958 1.5435 10.7635
      vertex -25.3892 0.834255 10.7635
    endloop
  endfacet
  facet normal -0.258704 0.016991 0.965807
    outer loop
      vertex -25.9529 0.908468 10.6112
      vertex -25.9653 0.719666 10.6112
      vertex -25.3892 0.834255 10.7635
    endloop
  endfacet
  facet normal -0.130639 0 0.99143
    outer loop
      vertex -25.4279 0.00498962 10.7635
      vertex -24.8443 -0.00498962 10.8404
      vertex -24.8443 0.00498962 10.8404
    endloop
  endfacet
  facet normal -0.130639 0 0.99143
    outer loop
      vertex -24.8443 -0.00498962 10.8404
      vertex -25.4279 0.00498962 10.7635
      vertex -25.4279 -0.00498962 10.7635
    endloop
  endfacet
  facet normal -0.0437527 0.999042 0
    outer loop
      vertex -16.35 12.6954 6.45
      vertex -17.0647 12.6641 6.64431
      vertex -16.35 12.6954 6.64431
    endloop
  endfacet
  facet normal -0.0437527 0.999042 0
    outer loop
      vertex -17.0647 12.6641 6.64431
      vertex -16.35 12.6954 6.45
      vertex -17.0647 12.6641 6.45
    endloop
  endfacet
  facet normal -0.169046 0.849826 0.499219
    outer loop
      vertex -18.3007 12.0818 8.3403
      vertex -18.8185 11.9788 8.3403
      vertex -18.7423 11.6945 8.85007
    endloop
  endfacet
  facet normal -0.129437 0.982974 0.130417
    outer loop
      vertex -17.6508 12.6257 6.64431
      vertex -18.35 12.4562 7.22791
      vertex -17.6407 12.5496 7.22791
    endloop
  endfacet
  facet normal -0.129316 0.982971 0.130561
    outer loop
      vertex -18.35 12.4562 7.22791
      vertex -17.6508 12.6257 6.64431
      vertex -18.36 12.5324 6.64431
    endloop
  endfacet
  facet normal -0.0603955 0.922212 0.381938
    outer loop
      vertex -17.0647 12.2097 8.3403
      vertex -17.6209 12.3985 7.79648
      vertex -17.5915 12.1752 8.3403
    endloop
  endfacet
  facet normal -0.442304 0.896865 0
    outer loop
      vertex -21.5338 11.5853 6.55
      vertex -22.0606 11.3255 6.64431
      vertex -21.5338 11.5853 6.64431
    endloop
  endfacet
  facet normal -0.442304 0.896865 0
    outer loop
      vertex -22.0606 11.3255 6.64431
      vertex -21.5338 11.5853 6.55
      vertex -22.0606 11.3255 6.55
    endloop
  endfacet
  facet normal -0.370617 0.482984 0.793328
    outer loop
      vertex -22.8595 9.07595 9.73328
      vertex -23.1428 8.27 10.0916
      vertex -22.5753 8.70547 10.0916
    endloop
  endfacet
  facet normal -0.370545 0.482976 0.793366
    outer loop
      vertex -23.1428 8.27 10.0916
      vertex -22.8595 9.07595 9.73328
      vertex -23.4271 8.64048 9.73328
    endloop
  endfacet
  facet normal -0.681239 0.624252 0.382392
    outer loop
      vertex -25.6447 8.28896 7.79648
      vertex -25.0021 8.6571 8.3403
      vertex -25.1614 8.81638 7.79648
    endloop
  endfacet
  facet normal -0.681239 0.624252 0.382392
    outer loop
      vertex -25.0021 8.6571 8.3403
      vertex -25.6447 8.28896 7.79648
      vertex -25.4854 8.12968 8.3403
    endloop
  endfacet
  facet normal -0.326725 0.627538 0.706715
    outer loop
      vertex -21.5071 10.3667 9.31705
      vertex -21.9335 9.67595 9.73328
      vertex -21.299 10.0063 9.73328
    endloop
  endfacet
  facet normal -0.326669 0.627526 0.706752
    outer loop
      vertex -21.9335 9.67595 9.73328
      vertex -21.5071 10.3667 9.31705
      vertex -22.1416 10.0364 9.31705
    endloop
  endfacet
  facet normal -0.380084 0.596688 0.706753
    outer loop
      vertex -22.745 9.65204 9.31705
      vertex -21.9335 9.67595 9.73328
      vertex -22.1416 10.0364 9.31705
    endloop
  endfacet
  facet normal -0.380109 0.596611 0.706804
    outer loop
      vertex -21.9335 9.67595 9.73328
      vertex -22.745 9.65204 9.31705
      vertex -22.5368 9.29158 9.73328
    endloop
  endfacet
  facet normal -0.351182 0.712096 0.607939
    outer loop
      vertex -21.2473 10.8935 8.85007
      vertex -21.6863 10.677 8.85007
      vertex -21.5071 10.3667 9.31705
    endloop
  endfacet
  facet normal -0.369705 0.892396 0.258744
    outer loop
      vertex -20.8435 11.788 7.22791
      vertex -21.4461 11.3735 7.79648
      vertex -20.7852 11.6473 7.79648
    endloop
  endfacet
  facet normal -0.369575 0.892407 0.25889
    outer loop
      vertex -21.4461 11.3735 7.79648
      vertex -20.8435 11.788 7.22791
      vertex -21.5044 11.5143 7.22791
    endloop
  endfacet
  facet normal -0.427338 0.866388 0.25837
    outer loop
      vertex -21.5044 11.5143 7.22791
      vertex -22.0222 11.2589 7.22791
      vertex -21.4461 11.3735 7.79648
    endloop
  endfacet
  facet normal -0.669837 0.730973 0.130373
    outer loop
      vertex -24.796 9.46173 6.64431
      vertex -25.2691 8.92411 7.22791
      vertex -24.7417 9.4074 7.22791
    endloop
  endfacet
  facet normal -0.669837 0.730973 0.130373
    outer loop
      vertex -25.2691 8.92411 7.22791
      vertex -24.796 9.46173 6.64431
      vertex -25.3234 8.97844 6.64431
    endloop
  endfacet
  facet normal -0.653733 0.745425 0.130288
    outer loop
      vertex -24.3544 9.84901 6.64431
      vertex -24.796 9.46173 6.64431
      vertex -24.3076 9.78805 7.22791
    endloop
  endfacet
  facet normal -0.636959 0.726354 0.25825
    outer loop
      vertex -24.3076 9.78805 7.22791
      vertex -24.634 9.29967 7.79648
      vertex -24.2149 9.66719 7.79648
    endloop
  endfacet
  facet normal -0.438584 0.889189 0.130332
    outer loop
      vertex -21.5044 11.5143 7.22791
      vertex -22.0606 11.3255 6.64431
      vertex -22.0222 11.2589 7.22791
    endloop
  endfacet
  facet normal -0.118898 0.597847 0.792744
    outer loop
      vertex -18.1612 11.0221 9.73328
      vertex -18.421 10.4953 10.0916
      vertex -18.1002 10.5591 10.0916
    endloop
  endfacet
  facet normal -0.0337739 0.256533 0.965945
    outer loop
      vertex -17.2535 9.60788 10.6112
      vertex -17.8885 8.95081 10.7635
      vertex -17.1793 9.04418 10.7635
    endloop
  endfacet
  facet normal -0.0337698 0.256529 0.965946
    outer loop
      vertex -17.8885 8.95081 10.7635
      vertex -17.2535 9.60788 10.6112
      vertex -17.9627 9.51452 10.6112
    endloop
  endfacet
  facet normal -0.26951 0.546716 0.792758
    outer loop
      vertex -20.9509 10.1779 9.73328
      vertex -21.299 10.0063 9.73328
      vertex -21.0655 9.60183 10.0916
    endloop
  endfacet
  facet normal -0.278171 0.41646 0.865553
    outer loop
      vertex -22.3033 8.88715 10.0916
      vertex -22.5753 8.70547 10.0916
      vertex -22.0485 8.44568 10.3859
    endloop
  endfacet
  facet normal -0 0.499958 0.86605
    outer loop
      vertex -16.35 10.7051 10.0916
      vertex 16.35 10.1953 10.3859
      vertex 16.35 10.7051 10.0916
    endloop
  endfacet
  facet normal 0 0.499958 0.86605
    outer loop
      vertex 16.35 10.1953 10.3859
      vertex -16.35 10.7051 10.0916
      vertex -16.35 10.1953 10.3859
    endloop
  endfacet
  facet normal -0.0326214 0.499735 0.865564
    outer loop
      vertex -17.0647 10.6738 10.0916
      vertex -17.391 10.6525 10.0916
      vertex -17.3245 10.1471 10.3859
    endloop
  endfacet
  facet normal -0.0397068 0.608278 0.79273
    outer loop
      vertex -17.0647 10.6738 10.0916
      vertex -17.4519 11.1155 9.73328
      vertex -17.391 10.6525 10.0916
    endloop
  endfacet
  facet normal -0.58511 0.536164 0.60842
    outer loop
      vertex -25.2773 7.92157 8.85007
      vertex -24.5406 8.19561 9.31705
      vertex -24.794 8.44899 8.85007
    endloop
  endfacet
  facet normal -0.58511 0.536164 0.60842
    outer loop
      vertex -24.5406 8.19561 9.31705
      vertex -25.2773 7.92157 8.85007
      vertex -25.0239 7.66819 9.31705
    endloop
  endfacet
  facet normal -0.430413 0.561009 0.707116
    outer loop
      vertex -23.1129 9.40617 9.31705
      vertex -23.4271 8.64048 9.73328
      vertex -22.8595 9.07595 9.73328
    endloop
  endfacet
  facet normal -0.430413 0.561009 0.707116
    outer loop
      vertex -23.4271 8.64048 9.73328
      vertex -23.1129 9.40617 9.31705
      vertex -23.6805 8.9707 9.31705
    endloop
  endfacet
  facet normal -0.38324 0.777149 0.499166
    outer loop
      vertex -21.3599 11.1654 8.3403
      vertex -21.8334 10.9319 8.3403
      vertex -21.2473 10.8935 8.85007
    endloop
  endfacet
  facet normal -0.227443 0.67029 0.706386
    outer loop
      vertex -20.0302 10.9785 9.31705
      vertex -20.29 10.4517 9.73328
      vertex -19.9225 10.5764 9.73328
    endloop
  endfacet
  facet normal -0.15482 0.778765 0.607911
    outer loop
      vertex -18.2155 11.4347 9.31705
      vertex -18.7423 11.6945 8.85007
      vertex -18.6496 11.3484 9.31705
    endloop
  endfacet
  facet normal -0.0377796 0.865419 0.499623
    outer loop
      vertex -16.35 12.2409 8.3403
      vertex -17.0647 11.9154 8.85007
      vertex -16.35 11.9466 8.85007
    endloop
  endfacet
  facet normal -0.0377796 0.865419 0.499623
    outer loop
      vertex -17.0647 11.9154 8.85007
      vertex -16.35 12.2409 8.3403
      vertex -17.0647 12.2097 8.3403
    endloop
  endfacet
  facet normal -0.120634 0.915988 0.382639
    outer loop
      vertex -17.6209 12.3985 7.79648
      vertex -18.3007 12.0818 8.3403
      vertex -17.5915 12.1752 8.3403
    endloop
  endfacet
  facet normal -0.120634 0.915988 0.382639
    outer loop
      vertex -18.3007 12.0818 8.3403
      vertex -17.6209 12.3985 7.79648
      vertex -18.3301 12.3051 7.79648
    endloop
  endfacet
  facet normal -0.180305 0.906428 0.38194
    outer loop
      vertex -18.3301 12.3051 7.79648
      vertex -18.8185 11.9788 8.3403
      vertex -18.3007 12.0818 8.3403
    endloop
  endfacet
  facet normal -0.180222 0.906416 0.382007
    outer loop
      vertex -18.3301 12.3051 7.79648
      vertex -18.8768 12.1964 7.79648
      vertex -18.8185 11.9788 8.3403
    endloop
  endfacet
  facet normal -0.278522 0.820514 0.499181
    outer loop
      vertex -20.1991 11.6089 8.3403
      vertex -20.5864 11.1673 8.85007
      vertex -20.123 11.3246 8.85007
    endloop
  endfacet
  facet normal 0.0833273 0.245515 0.965805
    outer loop
      vertex 19.5289 9.10765 10.6112
      vertex 19.3818 8.55846 10.7635
      vertex 19.7081 9.04683 10.6112
    endloop
  endfacet
  facet normal 0.0833783 0.245483 0.965809
    outer loop
      vertex 19.7081 9.04683 10.6112
      vertex 19.3818 8.55846 10.7635
      vertex 19.4905 8.52154 10.7635
    endloop
  endfacet
  facet normal 0.0569863 0.117875 0.991392
    outer loop
      vertex 20.05 8.00293 10.7984
      vertex 19.9281 7.70862 10.8404
      vertex 20.05 7.89107 10.8117
    endloop
  endfacet
  facet normal 0.0566621 0.864629 0.499206
    outer loop
      vertex 17.5915 12.1752 8.3403
      vertex 17.0647 11.9154 8.85007
      vertex 17.553 11.8834 8.85007
    endloop
  endfacet
  facet normal 0.0265685 0.608605 0.793028
    outer loop
      vertex 16.35 10.7051 10.0916
      vertex 17.0647 11.1408 9.73328
      vertex 16.35 11.172 9.73328
    endloop
  endfacet
  facet normal 0.02665 0.608522 0.793089
    outer loop
      vertex 17.0647 11.1408 9.73328
      vertex 16.35 10.7051 10.0916
      vertex 17.0647 10.6738 10.0916
    endloop
  endfacet
  facet normal 0.138092 0.694292 0.706321
    outer loop
      vertex 18.6496 11.3484 9.31705
      vertex 18.1612 11.0221 9.73328
      vertex 18.5418 10.9464 9.73328
    endloop
  endfacet
  facet normal 0.11891 0.59785 0.79274
    outer loop
      vertex 18.5418 10.9464 9.73328
      vertex 18.1612 11.0221 9.73328
      vertex 18.421 10.4953 10.0916
    endloop
  endfacet
  facet normal 0.171745 0.774849 0.608369
    outer loop
      vertex 18.7423 11.6945 8.85007
      vertex 19.348 11.1936 9.31705
      vertex 19.4407 11.5397 8.85007
    endloop
  endfacet
  facet normal 0.171745 0.774849 0.608369
    outer loop
      vertex 19.348 11.1936 9.31705
      vertex 18.7423 11.6945 8.85007
      vertex 18.6496 11.3484 9.31705
    endloop
  endfacet
  facet normal 0.131907 0.594731 0.793029
    outer loop
      vertex 18.5418 10.9464 9.73328
      vertex 19.1194 10.3405 10.0916
      vertex 19.2402 10.7915 9.73328
    endloop
  endfacet
  facet normal 0.131809 0.594673 0.793089
    outer loop
      vertex 19.1194 10.3405 10.0916
      vertex 18.5418 10.9464 9.73328
      vertex 18.421 10.4953 10.0916
    endloop
  endfacet
  facet normal 0.187448 0.845694 0.499665
    outer loop
      vertex 18.8185 11.9788 8.3403
      vertex 19.4407 11.5397 8.85007
      vertex 19.5169 11.824 8.3403
    endloop
  endfacet
  facet normal 0.187448 0.845694 0.499665
    outer loop
      vertex 19.4407 11.5397 8.85007
      vertex 18.8185 11.9788 8.3403
      vertex 18.7423 11.6945 8.85007
    endloop
  endfacet
  facet normal 0.212717 0.674642 0.706831
    outer loop
      vertex 19.2402 10.7915 9.73328
      vertex 20.0302 10.9785 9.31705
      vertex 19.348 11.1936 9.31705
    endloop
  endfacet
  facet normal 0.212696 0.674674 0.706806
    outer loop
      vertex 20.0302 10.9785 9.31705
      vertex 19.2402 10.7915 9.73328
      vertex 19.9225 10.5764 9.73328
    endloop
  endfacet
  facet normal 0.138036 0.694336 0.706288
    outer loop
      vertex 18.2155 11.4347 9.31705
      vertex 18.1612 11.0221 9.73328
      vertex 18.6496 11.3484 9.31705
    endloop
  endfacet
  facet normal 0.180305 0.906428 0.38194
    outer loop
      vertex 18.3301 12.3051 7.79648
      vertex 18.3007 12.0818 8.3403
      vertex 18.8185 11.9788 8.3403
    endloop
  endfacet
  facet normal 0.154926 0.778685 0.607986
    outer loop
      vertex 18.2623 11.79 8.85007
      vertex 18.2155 11.4347 9.31705
      vertex 18.7423 11.6945 8.85007
    endloop
  endfacet
  facet normal 0.230116 0.670043 0.705754
    outer loop
      vertex 20.05 10.9717 9.31705
      vertex 20.0302 10.9785 9.31705
      vertex 20.05 10.9383 9.34876
    endloop
  endfacet
  facet normal 0.160985 0.474112 0.865622
    outer loop
      vertex 19.6697 9.63295 10.3859
      vertex 20.05 9.87226 10.1841
      vertex 20.05 9.96647 10.1325
    endloop
  endfacet
  facet normal 0.160973 0.474127 0.865616
    outer loop
      vertex 20.05 9.87226 10.1841
      vertex 19.6697 9.63295 10.3859
      vertex 19.9162 9.54926 10.3859
    endloop
  endfacet
  facet normal 0.123273 0.363087 0.923564
    outer loop
      vertex 19.9162 9.54926 10.3859
      vertex 19.6697 9.63295 10.3859
      vertex 19.7081 9.04683 10.6112
    endloop
  endfacet
  facet normal 0.0420177 -0.123981 0.991395
    outer loop
      vertex 19.2672 -7.98238 10.8404
      vertex 19.2307 -7.99475 10.8404
      vertex 19.3818 -8.55846 10.7635
    endloop
  endfacet
  facet normal -0.120688 0.0499982 0.991431
    outer loop
      vertex -24.5928 3.80642 10.7635
      vertex -24.3274 2.92218 10.8404
      vertex -24.0536 3.58309 10.8404
    endloop
  endfacet
  facet normal -0.120713 0.0499904 0.991428
    outer loop
      vertex -24.3274 2.92218 10.8404
      vertex -24.5928 3.80642 10.7635
      vertex -24.8665 3.14551 10.7635
    endloop
  endfacet
  facet normal 0.195101 0.980783 -0
    outer loop
      vertex 18.9361 12.4178 6.45
      vertex 18.36 12.5324 6.64431
      vertex 18.9361 12.4178 6.64431
    endloop
  endfacet
  facet normal 0.195101 0.980783 0
    outer loop
      vertex 18.36 12.5324 6.64431
      vertex 18.9361 12.4178 6.45
      vertex 18.36 12.5324 6.45
    endloop
  endfacet
  facet normal 0.300692 0.953721 -0
    outer loop
      vertex 20.05 12.1319 6.45
      vertex 19.6345 12.2629 6.64431
      vertex 20.05 12.1319 6.64431
    endloop
  endfacet
  facet normal 0.300692 0.953721 0
    outer loop
      vertex 19.6345 12.2629 6.64431
      vertex 20.05 12.1319 6.45
      vertex 19.6345 12.2629 6.45
    endloop
  endfacet
  facet normal 0.277842 0.881225 0.382423
    outer loop
      vertex 19.5752 12.0416 7.79648
      vertex 20.05 11.6559 8.3403
      vertex 20.05 11.8919 7.79648
    endloop
  endfacet
  facet normal 0.277873 0.881226 0.382396
    outer loop
      vertex 20.05 11.6559 8.3403
      vertex 19.5752 12.0416 7.79648
      vertex 19.5169 11.824 8.3403
    endloop
  endfacet
  facet normal 0.260502 0.826138 0.499634
    outer loop
      vertex 19.5169 11.824 8.3403
      vertex 20.05 11.3476 8.85007
      vertex 20.05 11.6559 8.3403
    endloop
  endfacet
  facet normal 0.260462 0.82613 0.499668
    outer loop
      vertex 20.05 11.3476 8.85007
      vertex 19.5169 11.824 8.3403
      vertex 19.4407 11.5397 8.85007
    endloop
  endfacet
  facet normal -0.0170523 -0.129522 0.99143
    outer loop
      vertex -17.8123 -8.37221 10.8404
      vertex -17.1793 -9.04418 10.7635
      vertex -17.1031 -8.46558 10.8404
    endloop
  endfacet
  facet normal -0.0170523 -0.129522 0.99143
    outer loop
      vertex -17.1793 -9.04418 10.7635
      vertex -17.8123 -8.37221 10.8404
      vertex -17.8885 -8.95081 10.7635
    endloop
  endfacet
  facet normal -0.0255109 0.128403 0.991394
    outer loop
      vertex -17.8123 8.37221 10.8404
      vertex -17.8885 8.95081 10.7635
      vertex -17.8501 8.3647 10.8404
    endloop
  endfacet
  facet normal -0.0421043 -0.123964 0.991393
    outer loop
      vertex -19.2672 -7.98238 10.8404
      vertex -19.4905 -8.52154 10.7635
      vertex -19.3818 -8.55846 10.7635
    endloop
  endfacet
  facet normal -0.0167057 -0.382679 0.92373
    outer loop
      vertex -17.0647 -10.1641 10.3859
      vertex -16.35 -9.65146 10.6112
      vertex -17.0647 -9.62026 10.6112
    endloop
  endfacet
  facet normal -0.0167057 -0.382679 0.92373
    outer loop
      vertex -16.35 -9.65146 10.6112
      vertex -17.0647 -10.1641 10.3859
      vertex -16.35 -10.1953 10.3859
    endloop
  endfacet
  facet normal -0.0326214 -0.499735 0.865564
    outer loop
      vertex -17.3245 -10.1471 10.3859
      vertex -17.391 -10.6525 10.0916
      vertex -17.0647 -10.6738 10.0916
    endloop
  endfacet
  facet normal -0.212696 -0.674674 0.706806
    outer loop
      vertex -20.0302 -10.9785 9.31705
      vertex -19.2402 -10.7915 9.73328
      vertex -19.9225 -10.5764 9.73328
    endloop
  endfacet
  facet normal -0.212717 -0.674642 0.706831
    outer loop
      vertex -19.2402 -10.7915 9.73328
      vertex -20.0302 -10.9785 9.31705
      vertex -19.348 -11.1936 9.31705
    endloop
  endfacet
  facet normal -0.326725 -0.627538 0.706715
    outer loop
      vertex -21.9335 -9.67595 9.73328
      vertex -21.5071 -10.3667 9.31705
      vertex -21.299 -10.0063 9.73328
    endloop
  endfacet
  facet normal -0.326669 -0.627526 0.706752
    outer loop
      vertex -21.5071 -10.3667 9.31705
      vertex -21.9335 -9.67595 9.73328
      vertex -22.1416 -10.0364 9.31705
    endloop
  endfacet
  facet normal 0.00570301 -0.130639 0.991414
    outer loop
      vertex 16.35 -8.4993 10.8404
      vertex 17.0647 -9.05169 10.7635
      vertex 17.0647 -8.4681 10.8404
    endloop
  endfacet
  facet normal 0.00570301 -0.130639 0.991414
    outer loop
      vertex 17.0647 -9.05169 10.7635
      vertex 16.35 -8.4993 10.8404
      vertex 16.35 -9.08289 10.7635
    endloop
  endfacet
  facet normal 0.195878 -0.577179 0.792778
    outer loop
      vertex 20.05 -10.041 10.0916
      vertex 19.8016 -10.1253 10.0916
      vertex 20.05 -10.2913 9.90937
    endloop
  endfacet
  facet normal 0.1913 -0.461854 0.86608
    outer loop
      vertex 20.05 -9.49384 10.3859
      vertex 19.9162 -9.54926 10.3859
      vertex 20.05 -9.87226 10.1841
    endloop
  endfacet
  facet normal 0.14647 -0.353608 0.923855
    outer loop
      vertex 19.7081 -9.04683 10.6112
      vertex 20.05 -9.49384 10.3859
      vertex 20.05 -8.90521 10.6112
    endloop
  endfacet
  facet normal 0.146466 -0.353611 0.923854
    outer loop
      vertex 20.05 -9.49384 10.3859
      vertex 19.7081 -9.04683 10.6112
      vertex 19.9162 -9.54926 10.3859
    endloop
  endfacet
  facet normal 0.0397068 -0.608278 0.79273
    outer loop
      vertex 17.391 -10.6525 10.0916
      vertex 17.0647 -10.6738 10.0916
      vertex 17.4519 -11.1155 9.73328
    endloop
  endfacet
  facet normal 0.108263 -0.488445 0.865853
    outer loop
      vertex 18.9874 -9.84806 10.3859
      vertex 18.421 -10.4953 10.0916
      vertex 19.1194 -10.3405 10.0916
    endloop
  endfacet
  facet normal 0.108296 -0.488466 0.865837
    outer loop
      vertex 18.421 -10.4953 10.0916
      vertex 18.9874 -9.84806 10.3859
      vertex 18.289 -10.0029 10.3859
    endloop
  endfacet
  facet normal 0.115194 -0.36531 0.923731
    outer loop
      vertex 18.8467 -9.32277 10.6112
      vertex 19.6697 -9.63295 10.3859
      vertex 19.5289 -9.10765 10.6112
    endloop
  endfacet
  facet normal 0.115181 -0.365338 0.923721
    outer loop
      vertex 19.6697 -9.63295 10.3859
      vertex 18.8467 -9.32277 10.6112
      vertex 18.9874 -9.84806 10.3859
    endloop
  endfacet
  facet normal 0.07483 -0.376065 0.923567
    outer loop
      vertex 18.289 -10.0029 10.3859
      vertex 17.9627 -9.51452 10.6112
      vertex 18.0337 -10.0537 10.3859
    endloop
  endfacet
  facet normal 0.0976839 -0.491175 0.865566
    outer loop
      vertex 18.421 -10.4953 10.0916
      vertex 18.0337 -10.0537 10.3859
      vertex 18.1002 -10.5591 10.0916
    endloop
  endfacet
  facet normal 0.0923351 -0.701114 0.707045
    outer loop
      vertex 18.1612 -11.0221 9.73328
      vertex 17.5063 -11.5281 9.31705
      vertex 18.2155 -11.4347 9.31705
    endloop
  endfacet
  facet normal 0.0923209 -0.701105 0.707056
    outer loop
      vertex 17.5063 -11.5281 9.31705
      vertex 18.1612 -11.0221 9.73328
      vertex 17.4519 -11.1155 9.73328
    endloop
  endfacet
  facet normal 0.0397441 -0.608257 0.792744
    outer loop
      vertex 17.0647 -10.6738 10.0916
      vertex 17.0647 -11.1408 9.73328
      vertex 17.4519 -11.1155 9.73328
    endloop
  endfacet
  facet normal 0.118898 -0.597847 0.792744
    outer loop
      vertex 18.421 -10.4953 10.0916
      vertex 18.1002 -10.5591 10.0916
      vertex 18.1612 -11.0221 9.73328
    endloop
  endfacet
  facet normal 0.180222 -0.906416 0.382007
    outer loop
      vertex 18.8185 -11.9788 8.3403
      vertex 18.3301 -12.3051 7.79648
      vertex 18.8768 -12.1964 7.79648
    endloop
  endfacet
  facet normal 0.238697 -0.757039 0.608207
    outer loop
      vertex 19.348 -11.1936 9.31705
      vertex 20.05 -11.0523 9.21742
      vertex 20.0302 -10.9785 9.31705
    endloop
  endfacet
  facet normal 0.238694 -0.756913 0.608365
    outer loop
      vertex 19.4407 -11.5397 8.85007
      vertex 20.05 -11.0523 9.21742
      vertex 19.348 -11.1936 9.31705
    endloop
  endfacet
  facet normal 0.238629 -0.756881 0.60843
    outer loop
      vertex 20.05 -11.0523 9.21742
      vertex 19.4407 -11.5397 8.85007
      vertex 20.05 -11.3476 8.85007
    endloop
  endfacet
  facet normal 0.214682 -0.967942 0.130386
    outer loop
      vertex 18.9361 -12.4178 6.64431
      vertex 19.6146 -12.1887 7.22791
      vertex 18.9162 -12.3436 7.22791
    endloop
  endfacet
  facet normal 0.214682 -0.967942 0.130386
    outer loop
      vertex 19.6146 -12.1887 7.22791
      vertex 18.9361 -12.4178 6.64431
      vertex 19.6345 -12.2629 6.64431
    endloop
  endfacet
  facet normal 0.212696 -0.674674 0.706806
    outer loop
      vertex 19.2402 -10.7915 9.73328
      vertex 20.0302 -10.9785 9.31705
      vertex 19.9225 -10.5764 9.73328
    endloop
  endfacet
  facet normal 0.212717 -0.674642 0.706831
    outer loop
      vertex 20.0302 -10.9785 9.31705
      vertex 19.2402 -10.7915 9.73328
      vertex 19.348 -11.1936 9.31705
    endloop
  endfacet
  facet normal -0 0.130641 0.99143
    outer loop
      vertex -16.35 9.08289 10.7635
      vertex 16.35 8.4993 10.8404
      vertex 16.35 9.08289 10.7635
    endloop
  endfacet
  facet normal 0 0.130641 0.99143
    outer loop
      vertex 16.35 8.4993 10.8404
      vertex -16.35 9.08289 10.7635
      vertex -16.35 8.4993 10.8404
    endloop
  endfacet
  facet normal -0.00570301 0.130639 0.991414
    outer loop
      vertex -17.0647 9.05169 10.7635
      vertex -16.35 8.4993 10.8404
      vertex -16.35 9.08289 10.7635
    endloop
  endfacet
  facet normal -0.00570301 0.130639 0.991414
    outer loop
      vertex -16.35 8.4993 10.8404
      vertex -17.0647 9.05169 10.7635
      vertex -17.0647 8.4681 10.8404
    endloop
  endfacet
  facet normal 0.032702 0.499764 0.865544
    outer loop
      vertex 17.0647 10.6738 10.0916
      vertex 17.0647 10.1641 10.3859
      vertex 17.3245 10.1471 10.3859
    endloop
  endfacet
  facet normal 0.07483 0.376065 0.923567
    outer loop
      vertex 18.0337 10.0537 10.3859
      vertex 17.9627 9.51452 10.6112
      vertex 18.289 10.0029 10.3859
    endloop
  endfacet
  facet normal 0.0977287 0.491145 0.865579
    outer loop
      vertex 18.421 10.4953 10.0916
      vertex 18.0337 10.0537 10.3859
      vertex 18.289 10.0029 10.3859
    endloop
  endfacet
  facet normal -0.0170523 0.129522 0.99143
    outer loop
      vertex -17.1793 9.04418 10.7635
      vertex -17.8123 8.37221 10.8404
      vertex -17.1031 8.46558 10.8404
    endloop
  endfacet
  facet normal -0.0170523 0.129522 0.99143
    outer loop
      vertex -17.8123 8.37221 10.8404
      vertex -17.1793 9.04418 10.7635
      vertex -17.8885 8.95081 10.7635
    endloop
  endfacet
  facet normal -0.0112946 0.258727 0.965885
    outer loop
      vertex -17.0647 9.62026 10.6112
      vertex -16.35 9.08289 10.7635
      vertex -16.35 9.65146 10.6112
    endloop
  endfacet
  facet normal -0.0112946 0.258727 0.965885
    outer loop
      vertex -16.35 9.08289 10.7635
      vertex -17.0647 9.62026 10.6112
      vertex -17.0647 9.05169 10.7635
    endloop
  endfacet
  facet normal -0.0250363 0.382613 0.923569
    outer loop
      vertex -17.0647 10.1641 10.3859
      vertex -17.3245 10.1471 10.3859
      vertex -17.0647 9.62026 10.6112
    endloop
  endfacet
  facet normal -0 0.382733 0.923859
    outer loop
      vertex -16.35 10.1953 10.3859
      vertex 16.35 9.65146 10.6112
      vertex 16.35 10.1953 10.3859
    endloop
  endfacet
  facet normal 0 0.382733 0.923859
    outer loop
      vertex 16.35 9.65146 10.6112
      vertex -16.35 10.1953 10.3859
      vertex -16.35 9.65146 10.6112
    endloop
  endfacet
  facet normal 0.0170523 -0.129522 0.99143
    outer loop
      vertex 17.8123 -8.37221 10.8404
      vertex 17.1793 -9.04418 10.7635
      vertex 17.8885 -8.95081 10.7635
    endloop
  endfacet
  facet normal 0.0170523 -0.129522 0.99143
    outer loop
      vertex 17.1793 -9.04418 10.7635
      vertex 17.8123 -8.37221 10.8404
      vertex 17.1031 -8.46558 10.8404
    endloop
  endfacet
  facet normal -0.923908 0.382614 0
    outer loop
      vertex -28.204 4.52794 6.45
      vertex -27.9303 5.18885 6.64431
      vertex -27.9303 5.18885 6.45
    endloop
  endfacet
  facet normal -0.923908 0.382614 0
    outer loop
      vertex -27.9303 5.18885 6.64431
      vertex -28.204 4.52794 6.45
      vertex -28.204 4.52794 6.64431
    endloop
  endfacet
  facet normal -0.856863 0.446034 0.258534
    outer loop
      vertex -27.6039 5.67723 7.22791
      vertex -27.1417 6.23559 7.79648
      vertex -27.2736 6.31176 7.22791
    endloop
  endfacet
  facet normal -0.856864 0.446027 0.258541
    outer loop
      vertex -27.1417 6.23559 7.79648
      vertex -27.6039 5.67723 7.22791
      vertex -27.472 5.60105 7.79648
    endloop
  endfacet
  facet normal -0.751824 0.659364 0
    outer loop
      vertex -26.194 8.00941 6.45
      vertex -25.8067 8.45102 6.64431
      vertex -25.8067 8.45102 6.45
    endloop
  endfacet
  facet normal -0.751824 0.659364 0
    outer loop
      vertex -25.8067 8.45102 6.64431
      vertex -26.194 8.00941 6.45
      vertex -26.194 8.00941 6.64431
    endloop
  endfacet
  facet normal -0.946931 0.321438 0
    outer loop
      vertex -28.3928 3.97175 6.45
      vertex -28.204 4.52794 6.64431
      vertex -28.204 4.52794 6.45
    endloop
  endfacet
  facet normal -0.946931 0.321438 0
    outer loop
      vertex -28.204 4.52794 6.64431
      vertex -28.3928 3.97175 6.45
      vertex -28.3928 3.97175 6.64431
    endloop
  endfacet
  facet normal -0.169598 -0.343897 0.923564
    outer loop
      vertex -20.5387 -8.68939 10.6112
      vertex -20.8106 -9.16036 10.3859
      vertex -20.369 -8.77308 10.6112
    endloop
  endfacet
  facet normal -0.380109 -0.596611 0.706804
    outer loop
      vertex -22.745 -9.65204 9.31705
      vertex -21.9335 -9.67595 9.73328
      vertex -22.5368 -9.29158 9.73328
    endloop
  endfacet
  facet normal -0.380084 -0.596688 0.706753
    outer loop
      vertex -21.9335 -9.67595 9.73328
      vertex -22.745 -9.65204 9.31705
      vertex -22.1416 -10.0364 9.31705
    endloop
  endfacet
  facet normal -0.442304 -0.896865 0
    outer loop
      vertex -22.0606 -11.3255 6.55
      vertex -21.5338 -11.5853 6.64431
      vertex -22.0606 -11.3255 6.64431
    endloop
  endfacet
  facet normal -0.442304 -0.896865 -0
    outer loop
      vertex -21.5338 -11.5853 6.64431
      vertex -22.0606 -11.3255 6.55
      vertex -21.5338 -11.5853 6.55
    endloop
  endfacet
  facet normal -0.214682 -0.967942 0.130386
    outer loop
      vertex -18.9361 -12.4178 6.64431
      vertex -19.6146 -12.1887 7.22791
      vertex -19.6345 -12.2629 6.64431
    endloop
  endfacet
  facet normal -0.214682 -0.967942 0.130386
    outer loop
      vertex -19.6146 -12.1887 7.22791
      vertex -18.9361 -12.4178 6.64431
      vertex -18.9162 -12.3436 7.22791
    endloop
  endfacet
  facet normal -0.303636 -0.732917 0.6088
    outer loop
      vertex -20.5864 -11.1673 8.85007
      vertex -21.1102 -10.5624 9.31705
      vertex -21.2473 -10.8935 8.85007
    endloop
  endfacet
  facet normal -0.303636 -0.732917 0.6088
    outer loop
      vertex -21.1102 -10.5624 9.31705
      vertex -20.5864 -11.1673 8.85007
      vertex -20.4493 -10.8362 9.31705
    endloop
  endfacet
  facet normal -0.536169 -0.585106 0.608419
    outer loop
      vertex -24.5406 -8.19561 9.31705
      vertex -24.2666 -8.93228 8.85007
      vertex -24.0132 -8.6789 9.31705
    endloop
  endfacet
  facet normal -0.536169 -0.585106 0.608419
    outer loop
      vertex -24.2666 -8.93228 8.85007
      vertex -24.5406 -8.19561 9.31705
      vertex -24.794 -8.44899 8.85007
    endloop
  endfacet
  facet normal -0.46548 -0.730552 0.499622
    outer loop
      vertex -22.468 -10.6016 8.3403
      vertex -22.9241 -9.96236 8.85007
      vertex -23.0713 -10.2172 8.3403
    endloop
  endfacet
  facet normal -0.465408 -0.730553 0.499688
    outer loop
      vertex -22.9241 -9.96236 8.85007
      vertex -22.468 -10.6016 8.3403
      vertex -22.3208 -10.3467 8.85007
    endloop
  endfacet
  facet normal -0.653687 -0.745477 0.130221
    outer loop
      vertex -24.7417 -9.4074 7.22791
      vertex -24.796 -9.46173 6.64431
      vertex -24.3076 -9.78805 7.22791
    endloop
  endfacet
  facet normal -0.651443 -0.571332 0.499201
    outer loop
      vertex -25.6 -7.5536 8.85007
      vertex -25.8335 -7.73277 8.3403
      vertex -25.4854 -8.12968 8.3403
    endloop
  endfacet
  facet normal -0.0283024 0.127665 0.991413
    outer loop
      vertex -18.0011 8.92841 10.7635
      vertex -18.5485 8.20987 10.8404
      vertex -17.8501 8.3647 10.8404
    endloop
  endfacet
  facet normal -0.0283046 0.127667 0.991413
    outer loop
      vertex -18.5485 8.20987 10.8404
      vertex -18.0011 8.92841 10.7635
      vertex -18.6995 8.77357 10.7635
    endloop
  endfacet
  facet normal -0.170907 -0.194934 0.965811
    outer loop
      vertex -22.2416 -6.90733 10.7635
      vertex -22.6437 -7.30937 10.6112
      vertex -22.5014 -7.43413 10.6112
    endloop
  endfacet
  facet normal -0.14405 -0.215555 0.965808
    outer loop
      vertex -21.4923 -7.48232 10.7635
      vertex -21.9339 -7.8696 10.6112
      vertex -21.7766 -7.97472 10.6112
    endloop
  endfacet
  facet normal -0.0990145 -0.239045 0.965947
    outer loop
      vertex -20.1514 -8.24779 10.7635
      vertex -19.7081 -9.04683 10.6112
      vertex -19.4905 -8.52154 10.7635
    endloop
  endfacet
  facet normal -0.0990145 -0.239045 0.965947
    outer loop
      vertex -19.7081 -9.04683 10.6112
      vertex -20.1514 -8.24779 10.7635
      vertex -20.369 -8.77308 10.6112
    endloop
  endfacet
  facet normal -0.411518 -0.449078 0.793084
    outer loop
      vertex -23.9161 -7.57108 10.0916
      vertex -23.7189 -8.38459 9.73328
      vertex -23.3887 -8.05437 10.0916
    endloop
  endfacet
  facet normal -0.411527 -0.449078 0.793079
    outer loop
      vertex -23.7189 -8.38459 9.73328
      vertex -23.9161 -7.57108 10.0916
      vertex -24.2463 -7.90129 9.73328
    endloop
  endfacet
  facet normal -0.3967 -0.304342 0.866028
    outer loop
      vertex -24.646 -5.91993 10.3859
      vertex -24.615 -6.79779 10.0916
      vertex -24.2106 -6.48746 10.3859
    endloop
  endfacet
  facet normal -0.39662 -0.304351 0.866062
    outer loop
      vertex -24.615 -6.79779 10.0916
      vertex -24.646 -5.91993 10.3859
      vertex -25.0505 -6.23026 10.0916
    endloop
  endfacet
  facet normal -0.30432 -0.396656 0.866056
    outer loop
      vertex -22.8325 -7.86557 10.3859
      vertex -22.5753 -8.70547 10.0916
      vertex -22.2649 -8.30104 10.3859
    endloop
  endfacet
  facet normal -0.304381 -0.396666 0.866031
    outer loop
      vertex -22.5753 -8.70547 10.0916
      vertex -22.8325 -7.86557 10.3859
      vertex -23.1428 -8.27 10.0916
    endloop
  endfacet
  facet normal -0.800091 -0.331465 0.499986
    outer loop
      vertex -27.7842 -4.35404 8.3403
      vertex -27.2385 -4.90231 8.85007
      vertex -27.5123 -4.24141 8.85007
    endloop
  endfacet
  facet normal -0.800091 -0.331465 0.499986
    outer loop
      vertex -27.2385 -4.90231 8.85007
      vertex -27.7842 -4.35404 8.3403
      vertex -27.5104 -5.01494 8.3403
    endloop
  endfacet
  facet normal -0.915999 -0.379345 0.130549
    outer loop
      vertex -28.204 -4.52794 6.64431
      vertex -27.8593 -5.15944 7.22791
      vertex -28.133 -4.49854 7.22791
    endloop
  endfacet
  facet normal -0.916 -0.37934 0.130556
    outer loop
      vertex -27.8593 -5.15944 7.22791
      vertex -28.204 -4.52794 6.64431
      vertex -27.9303 -5.18885 6.64431
    endloop
  endfacet
  facet normal -0.786531 -0.103577 0.608803
    outer loop
      vertex -28.2284 -1.20804 8.85007
      vertex -27.7797 -1.87052 9.31705
      vertex -27.8731 -1.16127 9.31705
    endloop
  endfacet
  facet normal -0.786531 -0.103577 0.608803
    outer loop
      vertex -27.7797 -1.87052 9.31705
      vertex -28.2284 -1.20804 8.85007
      vertex -28.135 -1.91729 8.85007
    endloop
  endfacet
  facet normal -0.674666 -0.212706 0.706811
    outer loop
      vertex -27.1365 -2.89523 9.73328
      vertex -27.3235 -3.68521 9.31705
      vertex -26.9214 -3.57749 9.73328
    endloop
  endfacet
  facet normal -0.674663 -0.212708 0.706813
    outer loop
      vertex -27.3235 -3.68521 9.31705
      vertex -27.1365 -2.89523 9.73328
      vertex -27.5386 -3.00296 9.31705
    endloop
  endfacet
  facet normal -0.596718 -0.380095 0.706722
    outer loop
      vertex -26.0209 -5.58852 9.73328
      vertex -25.997 -6.39995 9.31705
      vertex -25.6366 -6.19184 9.73328
    endloop
  endfacet
  facet normal -0.596614 -0.380128 0.706792
    outer loop
      vertex -25.997 -6.39995 9.31705
      vertex -26.0209 -5.58852 9.73328
      vertex -26.3814 -5.79663 9.31705
    endloop
  endfacet
  facet normal -0.458325 -0.401899 0.792727
    outer loop
      vertex -24.615 -6.79779 10.0916
      vertex -24.7296 -7.37387 9.73328
      vertex -24.3994 -7.04366 10.0916
    endloop
  endfacet
  facet normal -0.577187 -0.195894 0.792768
    outer loop
      vertex -26.4703 -3.45662 10.0916
      vertex -26.7967 -3.945 9.73328
      vertex -26.3652 -3.76629 10.0916
    endloop
  endfacet
  facet normal -0.588657 -0.393217 0.706303
    outer loop
      vertex -25.6366 -6.19184 9.73328
      vertex -25.997 -6.39995 9.31705
      vertex -25.7512 -6.76792 9.31705
    endloop
  endfacet
  facet normal -0.580883 -0.183226 0.793097
    outer loop
      vertex -26.6855 -2.77437 10.0916
      vertex -26.9214 -3.57749 9.73328
      vertex -26.4703 -3.45662 10.0916
    endloop
  endfacet
  facet normal -0.580983 -0.18317 0.793037
    outer loop
      vertex -26.9214 -3.57749 9.73328
      vertex -26.6855 -2.77437 10.0916
      vertex -27.1365 -2.89523 9.73328
    endloop
  endfacet
  facet normal -0.546691 -0.269711 0.792707
    outer loop
      vertex -26.0915 -4.42719 10.0916
      vertex -26.5229 -4.6059 9.73328
      vertex -25.9468 -4.72049 10.0916
    endloop
  endfacet
  facet normal -0.443823 -0.231099 0.865803
    outer loop
      vertex -25.9468 -4.72049 10.0916
      vertex -25.175 -5.10014 10.3859
      vertex -25.5054 -4.46561 10.3859
    endloop
  endfacet
  facet normal -0.443794 -0.23101 0.865841
    outer loop
      vertex -25.175 -5.10014 10.3859
      vertex -25.9468 -4.72049 10.0916
      vertex -25.6165 -5.35503 10.0916
    endloop
  endfacet
  facet normal -0.376484 -0.330245 0.865562
    outer loop
      vertex -24.2106 -6.48746 10.3859
      vertex -24.615 -6.79779 10.0916
      vertex -24.0389 -6.6832 10.3859
    endloop
  endfacet
  facet normal -0.491167 -0.0977005 0.865569
    outer loop
      vertex -26.3987 -1.68869 10.3859
      vertex -26.9041 -1.75523 10.0916
      vertex -26.8403 -2.07597 10.0916
    endloop
  endfacet
  facet normal -0.59785 -0.118921 0.792738
    outer loop
      vertex -26.9041 -1.75523 10.0916
      vertex -27.3671 -1.81619 9.73328
      vertex -26.8403 -2.07597 10.0916
    endloop
  endfacet
  facet normal -0.562454 -0.23293 0.79334
    outer loop
      vertex -26.3652 -3.76629 10.0916
      vertex -26.5229 -4.6059 9.73328
      vertex -26.0915 -4.42719 10.0916
    endloop
  endfacet
  facet normal -0.562354 -0.232974 0.793398
    outer loop
      vertex -26.5229 -4.6059 9.73328
      vertex -26.3652 -3.76629 10.0916
      vertex -26.7967 -3.945 9.73328
    endloop
  endfacet
  facet normal -0.634921 -0.313045 0.706313
    outer loop
      vertex -26.5229 -4.6059 9.73328
      vertex -26.9074 -4.76518 9.31705
      vertex -26.7117 -5.1621 9.31705
    endloop
  endfacet
  facet normal -0.670286 -0.227435 0.706392
    outer loop
      vertex -26.9214 -3.57749 9.73328
      vertex -27.3235 -3.68521 9.31705
      vertex -26.7967 -3.945 9.73328
    endloop
  endfacet
  facet normal -0.774842 -0.171746 0.608378
    outer loop
      vertex -28.0395 -2.39731 8.85007
      vertex -27.5386 -3.00296 9.31705
      vertex -27.6934 -2.30457 9.31705
    endloop
  endfacet
  facet normal -0.774842 -0.171746 0.608378
    outer loop
      vertex -27.5386 -3.00296 9.31705
      vertex -28.0395 -2.39731 8.85007
      vertex -27.8847 -3.0957 8.85007
    endloop
  endfacet
  facet normal -0.6533 0.270652 0.707069
    outer loop
      vertex -26.9074 4.76518 9.31705
      vertex -26.7967 3.945 9.73328
      vertex -26.5229 4.6059 9.73328
    endloop
  endfacet
  facet normal -0.6533 0.270652 0.707069
    outer loop
      vertex -26.7967 3.945 9.73328
      vertex -26.9074 4.76518 9.31705
      vertex -27.1812 4.10428 9.31705
    endloop
  endfacet
  facet normal -0.365378 0.115197 0.923704
    outer loop
      vertex -25.9779 3.32468 10.3859
      vertex -25.6678 2.50168 10.6112
      vertex -25.4527 3.18393 10.6112
    endloop
  endfacet
  facet normal -0.36531 0.115229 0.923727
    outer loop
      vertex -25.6678 2.50168 10.6112
      vertex -25.9779 3.32468 10.3859
      vertex -26.1931 2.64243 10.3859
    endloop
  endfacet
  facet normal -0.778691 0.154921 0.60798
    outer loop
      vertex -28.0395 2.39731 8.85007
      vertex -28.135 1.91729 8.85007
      vertex -27.7797 1.87052 9.31705
    endloop
  endfacet
  facet normal -0.858611 -0.113069 0.500003
    outer loop
      vertex -28.5202 -1.24646 8.3403
      vertex -28.135 -1.91729 8.85007
      vertex -28.2284 -1.20804 8.85007
    endloop
  endfacet
  facet normal -0.858611 -0.113071 0.500002
    outer loop
      vertex -28.135 -1.91729 8.85007
      vertex -28.5202 -1.24646 8.3403
      vertex -28.4268 -1.9557 8.3403
    endloop
  endfacet
  facet normal -0.778755 -0.154836 0.60792
    outer loop
      vertex -27.7797 -1.87052 9.31705
      vertex -28.0395 -2.39731 8.85007
      vertex -27.6934 -2.30457 9.31705
    endloop
  endfacet
  facet normal -0.193389 -0.97244 0.130232
    outer loop
      vertex -18.9162 -12.3436 7.22791
      vertex -18.9361 -12.4178 6.64431
      vertex -18.35 -12.4562 7.22791
    endloop
  endfacet
  facet normal -0.193438 -0.972424 0.130283
    outer loop
      vertex -18.35 -12.4562 7.22791
      vertex -18.9361 -12.4178 6.64431
      vertex -18.36 -12.5324 6.64431
    endloop
  endfacet
  facet normal -0.366459 -0.703961 0.608396
    outer loop
      vertex -21.6863 -10.677 8.85007
      vertex -22.1416 -10.0364 9.31705
      vertex -22.3208 -10.3467 8.85007
    endloop
  endfacet
  facet normal -0.366459 -0.703961 0.608396
    outer loop
      vertex -22.1416 -10.0364 9.31705
      vertex -21.6863 -10.677 8.85007
      vertex -21.5071 -10.3667 9.31705
    endloop
  endfacet
  facet normal -0.169046 -0.849826 0.499219
    outer loop
      vertex -18.7423 -11.6945 8.85007
      vertex -18.8185 -11.9788 8.3403
      vertex -18.3007 -12.0818 8.3403
    endloop
  endfacet
  facet normal 0 -0.99143 0.130639
    outer loop
      vertex -16.35 -12.6954 6.64431
      vertex -2.94524 -12.6185 7.22791
      vertex -16.35 -12.6185 7.22791
    endloop
  endfacet
  facet normal -7.45602e-05 -0.991207 0.132322
    outer loop
      vertex -2.94524 -12.6185 7.22791
      vertex -16.35 -12.6954 6.64431
      vertex -2.90357 -12.6214 7.20621
    endloop
  endfacet
  facet normal 7.11707e-05 -0.991658 0.128894
    outer loop
      vertex -2.90357 -12.6214 7.20621
      vertex -16.35 -12.6954 6.64431
      vertex -2.85521 -12.624 7.18618
    endloop
  endfacet
  facet normal -5.83299e-05 -0.991241 0.132064
    outer loop
      vertex -2.85521 -12.624 7.18618
      vertex -16.35 -12.6954 6.64431
      vertex -2.80529 -12.6261 7.17044
    endloop
  endfacet
  facet normal -2.21308e-05 -0.991363 0.131149
    outer loop
      vertex -2.80529 -12.6261 7.17044
      vertex -16.35 -12.6954 6.64431
      vertex -2.75419 -12.6276 7.15911
    endloop
  endfacet
  facet normal -2.03962e-06 -0.991432 0.130627
    outer loop
      vertex -2.75419 -12.6276 7.15911
      vertex -16.35 -12.6954 6.64431
      vertex -2.70229 -12.6285 7.15228
    endloop
  endfacet
  facet normal 2.42368e-06 -0.991447 0.130509
    outer loop
      vertex -2.70229 -12.6285 7.15228
      vertex -16.35 -12.6954 6.64431
      vertex -2.65 -12.6288 7.15
    endloop
  endfacet
  facet normal 5.46275e-05 -0.991202 0.13236
    outer loop
      vertex 16.35 -12.6954 6.64431
      vertex -2.35476 -12.6185 7.22791
      vertex -2.39643 -12.6214 7.20621
    endloop
  endfacet
  facet normal -5.24074e-05 -0.991664 0.12885
    outer loop
      vertex 16.35 -12.6954 6.64431
      vertex -2.39643 -12.6214 7.20621
      vertex -2.44479 -12.624 7.18618
    endloop
  endfacet
  facet normal 4.32591e-05 -0.991235 0.132111
    outer loop
      vertex 16.35 -12.6954 6.64431
      vertex -2.44479 -12.624 7.18618
      vertex -2.49471 -12.6261 7.17044
    endloop
  endfacet
  facet normal 1.66027e-05 -0.991359 0.131173
    outer loop
      vertex 16.35 -12.6954 6.64431
      vertex -2.49471 -12.6261 7.17044
      vertex -2.54581 -12.6276 7.15911
    endloop
  endfacet
  facet normal 1.56565e-06 -0.991431 0.130631
    outer loop
      vertex 16.35 -12.6954 6.64431
      vertex -2.54581 -12.6276 7.15911
      vertex -2.59771 -12.6285 7.15228
    endloop
  endfacet
  facet normal -2.00386e-06 -0.991448 0.1305
    outer loop
      vertex 16.35 -12.6954 6.64431
      vertex -2.59771 -12.6285 7.15228
      vertex -2.65 -12.6288 7.15
    endloop
  endfacet
  facet normal 0 -0.991439 0.130574
    outer loop
      vertex 16.35 -12.6954 6.64431
      vertex -2.65 -12.6288 7.15
      vertex -16.35 -12.6954 6.64431
    endloop
  endfacet
  facet normal 0 -0.99143 0.130639
    outer loop
      vertex -2.35476 -12.6185 7.22791
      vertex 16.35 -12.6954 6.64431
      vertex 16.35 -12.6185 7.22791
    endloop
  endfacet
  facet normal -0.0346138 -0.7929 0.608368
    outer loop
      vertex -17.0647 -11.9154 8.85007
      vertex -16.35 -11.5883 9.31705
      vertex -17.0647 -11.5571 9.31705
    endloop
  endfacet
  facet normal -0.0346138 -0.7929 0.608368
    outer loop
      vertex -16.35 -11.5883 9.31705
      vertex -17.0647 -11.9154 8.85007
      vertex -16.35 -11.9466 8.85007
    endloop
  endfacet
  facet normal -0.297115 -0.875096 0.382007
    outer loop
      vertex -20.1991 -11.6089 8.3403
      vertex -20.7852 -11.6473 7.79648
      vertex -20.2574 -11.8265 7.79648
    endloop
  endfacet
  facet normal -0.180222 -0.906416 0.382007
    outer loop
      vertex -18.8185 -11.9788 8.3403
      vertex -18.8768 -12.1964 7.79648
      vertex -18.3301 -12.3051 7.79648
    endloop
  endfacet
  facet normal -0.15482 -0.778765 0.607911
    outer loop
      vertex -18.6496 -11.3484 9.31705
      vertex -18.7423 -11.6945 8.85007
      vertex -18.2155 -11.4347 9.31705
    endloop
  endfacet
  facet normal -0.938852 -0.318744 0.130231
    outer loop
      vertex -28.3186 -3.95186 7.22791
      vertex -28.3928 -3.97175 6.64431
      vertex -28.133 -4.49854 7.22791
    endloop
  endfacet
  facet normal -0.896862 -0.44231 0
    outer loop
      vertex -27.6705 -5.71564 6.45
      vertex -27.9303 -5.18885 6.64431
      vertex -27.9303 -5.18885 6.45
    endloop
  endfacet
  facet normal -0.896862 -0.44231 0
    outer loop
      vertex -27.9303 -5.18885 6.64431
      vertex -27.6705 -5.71564 6.45
      vertex -27.6705 -5.71564 6.64431
    endloop
  endfacet
  facet normal -0.923908 -0.382614 0
    outer loop
      vertex -27.9303 -5.18885 6.45
      vertex -28.204 -4.52794 6.64431
      vertex -28.204 -4.52794 6.45
    endloop
  endfacet
  facet normal -0.923908 -0.382614 0
    outer loop
      vertex -28.204 -4.52794 6.64431
      vertex -27.9303 -5.18885 6.45
      vertex -27.9303 -5.18885 6.64431
    endloop
  endfacet
  facet normal -0.76846 -0.513357 0.382012
    outer loop
      vertex -26.5622 -6.72628 8.3403
      vertex -26.7573 -6.83891 7.79648
      vertex -26.4477 -7.30236 7.79648
    endloop
  endfacet
  facet normal -0.737456 -0.675396 -0
    outer loop
      vertex -25.75 -8.51293 6.55
      vertex -25.8067 -8.45102 6.45
      vertex -25.75 -8.51293 6.45
    endloop
  endfacet
  facet normal -0.737456 -0.675396 0
    outer loop
      vertex -25.8067 -8.45102 6.45
      vertex -25.75 -8.51293 6.55
      vertex -25.8067 -8.45102 6.64431
    endloop
  endfacet
  facet normal -0.737247 -0.675624 -0
    outer loop
      vertex -25.3234 -8.97844 6.64431
      vertex -25.75 -8.51293 6.55
      vertex -25.3234 -8.97844 6.55
    endloop
  endfacet
  facet normal -0.737271 -0.675597 0.000242921
    outer loop
      vertex -25.75 -8.51293 6.55
      vertex -25.3234 -8.97844 6.64431
      vertex -25.8067 -8.45102 6.64431
    endloop
  endfacet
  facet normal 0.187448 -0.845694 0.499665
    outer loop
      vertex 18.8185 -11.9788 8.3403
      vertex 19.4407 -11.5397 8.85007
      vertex 18.7423 -11.6945 8.85007
    endloop
  endfacet
  facet normal 0.187448 -0.845694 0.499665
    outer loop
      vertex 19.4407 -11.5397 8.85007
      vertex 18.8185 -11.9788 8.3403
      vertex 19.5169 -11.824 8.3403
    endloop
  endfacet
  facet normal 0.11306 -0.858604 0.500017
    outer loop
      vertex 17.5915 -12.1752 8.3403
      vertex 18.2623 -11.79 8.85007
      vertex 17.553 -11.8834 8.85007
    endloop
  endfacet
  facet normal 0.113077 -0.858611 0.5
    outer loop
      vertex 18.2623 -11.79 8.85007
      vertex 17.5915 -12.1752 8.3403
      vertex 18.3007 -12.0818 8.3403
    endloop
  endfacet
  facet normal -0.032702 -0.499764 0.865544
    outer loop
      vertex -17.0647 -10.1641 10.3859
      vertex -17.3245 -10.1471 10.3859
      vertex -17.0647 -10.6738 10.0916
    endloop
  endfacet
  facet normal -0.0250363 -0.382613 0.923569
    outer loop
      vertex -17.0647 -9.62026 10.6112
      vertex -17.3245 -10.1471 10.3859
      vertex -17.0647 -10.1641 10.3859
    endloop
  endfacet
  facet normal -0.0218235 -0.499912 0.865801
    outer loop
      vertex -17.0647 -10.6738 10.0916
      vertex -16.35 -10.1953 10.3859
      vertex -17.0647 -10.1641 10.3859
    endloop
  endfacet
  facet normal -0.0218902 -0.499838 0.865842
    outer loop
      vertex -16.35 -10.1953 10.3859
      vertex -17.0647 -10.6738 10.0916
      vertex -16.35 -10.7051 10.0916
    endloop
  endfacet
  facet normal -0.0250873 -0.382591 0.923577
    outer loop
      vertex -17.2535 -9.60788 10.6112
      vertex -17.3245 -10.1471 10.3859
      vertex -17.0647 -9.62026 10.6112
    endloop
  endfacet
  facet normal 0.126119 -0.957638 0.258889
    outer loop
      vertex 17.6407 -12.5496 7.22791
      vertex 18.3301 -12.3051 7.79648
      vertex 17.6209 -12.3985 7.79648
    endloop
  endfacet
  facet normal 0.126101 -0.957635 0.258909
    outer loop
      vertex 18.3301 -12.3051 7.79648
      vertex 17.6407 -12.5496 7.22791
      vertex 18.35 -12.4562 7.22791
    endloop
  endfacet
  facet normal 0.0421306 -0.965089 0.258513
    outer loop
      vertex 16.35 -12.6185 7.22791
      vertex 17.0647 -12.435 7.79648
      vertex 16.35 -12.4662 7.79648
    endloop
  endfacet
  facet normal 0.0421306 -0.965089 0.258513
    outer loop
      vertex 17.0647 -12.435 7.79648
      vertex 16.35 -12.6185 7.22791
      vertex 17.0647 -12.5873 7.22791
    endloop
  endfacet
  facet normal -0.922161 0.0605164 0.382043
    outer loop
      vertex -28.7435 1.27586 7.79648
      vertex -28.78 0.719666 7.79648
      vertex -28.5547 0.719666 8.3403
    endloop
  endfacet
  facet normal -0.964011 0.0632628 0.258225
    outer loop
      vertex -28.7435 1.27586 7.79648
      vertex -28.9323 0.719666 7.22791
      vertex -28.78 0.719666 7.79648
    endloop
  endfacet
  facet normal -0.849833 0.169074 0.499197
    outer loop
      vertex -28.0395 2.39731 8.85007
      vertex -28.4268 1.9557 8.3403
      vertex -28.135 1.91729 8.85007
    endloop
  endfacet
  facet normal -0.914801 0.310578 0.258225
    outer loop
      vertex -28.133 4.49854 7.22791
      vertex -28.3186 3.95186 7.22791
      vertex -27.9923 4.44024 7.79648
    endloop
  endfacet
  facet normal -0.866384 0.427344 0.258369
    outer loop
      vertex -27.6039 5.67723 7.22791
      vertex -27.8593 5.15944 7.22791
      vertex -27.7185 5.10114 7.79648
    endloop
  endfacet
  facet normal -0.694804 0.609361 0.382004
    outer loop
      vertex -25.6447 8.28896 7.79648
      vertex -25.8335 7.73277 8.3403
      vertex -25.4854 8.12968 8.3403
    endloop
  endfacet
  facet normal -0.745397 0.653779 0.130217
    outer loop
      vertex -25.8067 8.45102 6.64431
      vertex -26.1331 7.96264 7.22791
      vertex -25.7524 8.39669 7.22791
    endloop
  endfacet
  facet normal -0.338017 0.368868 0.865841
    outer loop
      vertex -23.3887 8.05437 10.0916
      vertex -23.5556 7.21062 10.3859
      vertex -23.0282 7.69391 10.3859
    endloop
  endfacet
  facet normal -0.338017 0.368868 0.865841
    outer loop
      vertex -23.5556 7.21062 10.3859
      vertex -23.3887 8.05437 10.0916
      vertex -23.9161 7.57108 10.0916
    endloop
  endfacet
  facet normal -0.546693 0.269507 0.792775
    outer loop
      vertex -26.3513 4.95399 9.73328
      vertex -26.5229 4.6059 9.73328
      vertex -25.9468 4.72049 10.0916
    endloop
  endfacet
  facet normal -0.720505 0.481431 0.499096
    outer loop
      vertex -26.2689 7.16523 8.3403
      vertex -26.5622 6.72628 8.3403
      vertex -26.0355 6.98606 8.85007
    endloop
  endfacet
  facet normal -0.819606 0.426633 0.3824
    outer loop
      vertex -27.472 5.60105 7.79648
      vertex -26.9466 6.12296 8.3403
      vertex -27.1417 6.23559 7.79648
    endloop
  endfacet
  facet normal -0.819606 0.426633 0.3824
    outer loop
      vertex -26.9466 6.12296 8.3403
      vertex -27.472 5.60105 7.79648
      vertex -27.2769 5.48842 8.3403
    endloop
  endfacet
  facet normal -0.703981 0.366447 0.608381
    outer loop
      vertex -27.022 5.34126 8.85007
      vertex -26.3814 5.79663 9.31705
      vertex -26.6917 5.9758 8.85007
    endloop
  endfacet
  facet normal -0.703982 0.366453 0.608376
    outer loop
      vertex -26.3814 5.79663 9.31705
      vertex -27.022 5.34126 8.85007
      vertex -26.7117 5.1621 9.31705
    endloop
  endfacet
  facet normal -0.687114 0.527133 0.500005
    outer loop
      vertex -26.2689 7.16523 8.3403
      vertex -25.6 7.5536 8.85007
      vertex -25.8335 7.73277 8.3403
    endloop
  endfacet
  facet normal -0.687102 0.527245 0.499904
    outer loop
      vertex -25.6 7.5536 8.85007
      vertex -26.2689 7.16523 8.3403
      vertex -26.0355 6.98606 8.85007
    endloop
  endfacet
  facet normal -0.624258 0.681234 0.38239
    outer loop
      vertex -24.634 9.29967 7.79648
      vertex -25.0021 8.6571 8.3403
      vertex -24.4747 9.14039 8.3403
    endloop
  endfacet
  facet normal -0.624258 0.681234 0.38239
    outer loop
      vertex -25.0021 8.6571 8.3403
      vertex -24.634 9.29967 7.79648
      vertex -25.1614 8.81638 7.79648
    endloop
  endfacet
  facet normal -0.766368 0.587935 0.258868
    outer loop
      vertex -26.5685 7.3951 7.22791
      vertex -26.0122 7.86989 7.79648
      vertex -26.1331 7.96264 7.22791
    endloop
  endfacet
  facet normal -0.766326 0.588048 0.258733
    outer loop
      vertex -26.0122 7.86989 7.79648
      vertex -26.5685 7.3951 7.22791
      vertex -26.4477 7.30236 7.79648
    endloop
  endfacet
  facet normal -0.726328 0.636948 0.25835
    outer loop
      vertex -25.6447 8.28896 7.79648
      vertex -26.1331 7.96264 7.22791
      vertex -26.0122 7.86989 7.79648
    endloop
  endfacet
  facet normal -0.694844 0.609338 0.381967
    outer loop
      vertex -25.6447 8.28896 7.79648
      vertex -26.0122 7.86989 7.79648
      vertex -25.8335 7.73277 8.3403
    endloop
  endfacet
  facet normal -0.732957 0.562442 0.382666
    outer loop
      vertex -26.4477 7.30236 7.79648
      vertex -25.8335 7.73277 8.3403
      vertex -26.0122 7.86989 7.79648
    endloop
  endfacet
  facet normal -0.732983 0.562323 0.38279
    outer loop
      vertex -25.8335 7.73277 8.3403
      vertex -26.4477 7.30236 7.79648
      vertex -26.2689 7.16523 8.3403
    endloop
  endfacet
  facet normal -0.730593 0.465491 0.499552
    outer loop
      vertex -26.9466 6.12296 8.3403
      vertex -26.3074 6.57912 8.85007
      vertex -26.5622 6.72628 8.3403
    endloop
  endfacet
  facet normal -0.730595 0.465371 0.499662
    outer loop
      vertex -26.3074 6.57912 8.85007
      vertex -26.9466 6.12296 8.3403
      vertex -26.6917 5.9758 8.85007
    endloop
  endfacet
  facet normal -0.0983993 0.0863629 0.991392
    outer loop
      vertex -22.8397 5.48396 10.8404
      vertex -23.2523 5.89662 10.7635
      vertex -22.8651 5.45502 10.8404
    endloop
  endfacet
  facet normal -0.0579459 -0.117389 0.991394
    outer loop
      vertex -19.9626 -7.69159 10.8404
      vertex -20.2544 -8.197 10.7635
      vertex -19.9281 -7.70862 10.8404
    endloop
  endfacet
  facet normal -0.0990145 0.239045 0.965947
    outer loop
      vertex -19.7081 9.04683 10.6112
      vertex -20.1514 8.24779 10.7635
      vertex -19.4905 8.52154 10.7635
    endloop
  endfacet
  facet normal -0.0990145 0.239045 0.965947
    outer loop
      vertex -20.1514 8.24779 10.7635
      vertex -19.7081 9.04683 10.6112
      vertex -20.369 8.77308 10.6112
    endloop
  endfacet
  facet normal -0.254281 0.0505716 0.965807
    outer loop
      vertex -25.2734 1.65613 10.7635
      vertex -25.8226 1.80328 10.6112
      vertex -25.2958 1.5435 10.7635
    endloop
  endfacet
  facet normal -0.0255109 -0.128403 0.991394
    outer loop
      vertex -17.8501 -8.3647 10.8404
      vertex -17.8885 -8.95081 10.7635
      vertex -17.8123 -8.37221 10.8404
    endloop
  endfacet
  facet normal 0.0421043 -0.123964 0.991393
    outer loop
      vertex 19.4905 -8.52154 10.7635
      vertex 19.2672 -7.98238 10.8404
      vertex 19.3818 -8.55846 10.7635
    endloop
  endfacet
  facet normal -0.474214 0.160945 0.865573
    outer loop
      vertex -26.3652 3.76629 10.0916
      vertex -26.4703 3.45662 10.0916
      vertex -25.9779 3.32468 10.3859
    endloop
  endfacet
  facet normal -0.128403 0.025537 0.991393
    outer loop
      vertex -25.2734 1.65613 10.7635
      vertex -25.2958 1.5435 10.7635
      vertex -24.7097 1.50508 10.8404
    endloop
  endfacet
  facet normal -0.376058 0.0748139 0.923571
    outer loop
      vertex -26.3479 1.94404 10.3859
      vertex -26.3987 1.68869 10.3859
      vertex -25.8595 1.61771 10.6112
    endloop
  endfacet
  facet normal -0.117406 -0.0579105 0.991394
    outer loop
      vertex -24.0536 -3.58309 10.8404
      vertex -24.5928 -3.80642 10.7635
      vertex -24.542 -3.90941 10.7635
    endloop
  endfacet
  facet normal 0.0393238 -0.124706 0.991414
    outer loop
      vertex 18.5485 -8.20987 10.8404
      vertex 19.3818 -8.55846 10.7635
      vertex 19.2307 -7.99475 10.8404
    endloop
  endfacet
  facet normal 0.0393195 -0.124716 0.991413
    outer loop
      vertex 19.3818 -8.55846 10.7635
      vertex 18.5485 -8.20987 10.8404
      vertex 18.6995 -8.77357 10.7635
    endloop
  endfacet
  facet normal 0.057873 -0.117241 0.991416
    outer loop
      vertex 19.9281 -7.70862 10.8404
      vertex 20.05 -7.84294 10.8174
      vertex 19.9626 -7.69159 10.8404
    endloop
  endfacet
  facet normal 0.0576836 -0.117412 0.991407
    outer loop
      vertex 20.05 -7.84294 10.8174
      vertex 19.9281 -7.70862 10.8404
      vertex 20.05 -7.89107 10.8117
    endloop
  endfacet
  facet normal 0.00857302 0.130636 0.991393
    outer loop
      vertex 17.0647 9.05169 10.7635
      vertex 17.0647 8.4681 10.8404
      vertex 17.1031 8.46558 10.8404
    endloop
  endfacet
  facet normal -0.188428 0.947494 0.258359
    outer loop
      vertex -18.35 12.4562 7.22791
      vertex -18.9162 12.3436 7.22791
      vertex -18.8768 12.1964 7.79648
    endloop
  endfacet
  facet normal -0.193389 0.97244 0.130232
    outer loop
      vertex -18.35 12.4562 7.22791
      vertex -18.9361 12.4178 6.64431
      vertex -18.9162 12.3436 7.22791
    endloop
  endfacet
  facet normal -0.30071 0.953716 0
    outer loop
      vertex -19.6345 12.2629 6.45
      vertex -20.3167 12.0478 6.64431
      vertex -19.6345 12.2629 6.64431
    endloop
  endfacet
  facet normal -0.30071 0.953716 0
    outer loop
      vertex -20.3167 12.0478 6.64431
      vertex -19.6345 12.2629 6.45
      vertex -20.3167 12.0478 6.45
    endloop
  endfacet
  facet normal -0.114659 0.232524 0.965808
    outer loop
      vertex -20.1514 8.24779 10.7635
      vertex -20.369 8.77308 10.6112
      vertex -20.2544 8.197 10.7635
    endloop
  endfacet
  facet normal -0.401898 0.458316 0.792732
    outer loop
      vertex -23.1428 8.27 10.0916
      vertex -23.7189 8.38459 9.73328
      vertex -23.3887 8.05437 10.0916
    endloop
  endfacet
  facet normal -0.313055 0.634908 0.70632
    outer loop
      vertex -21.1102 10.5624 9.31705
      vertex -21.5071 10.3667 9.31705
      vertex -20.9509 10.1779 9.73328
    endloop
  endfacet
  facet normal -0.482898 0.629418 0.608804
    outer loop
      vertex -23.3311 9.69045 8.85007
      vertex -23.6805 8.9707 9.31705
      vertex -23.1129 9.40617 9.31705
    endloop
  endfacet
  facet normal -0.482982 0.629417 0.608739
    outer loop
      vertex -23.6805 8.9707 9.31705
      vertex -23.3311 9.69045 8.85007
      vertex -23.8986 9.25498 8.85007
    endloop
  endfacet
  facet normal -0.481394 0.720491 0.499151
    outer loop
      vertex -23.0713 10.2172 8.3403
      vertex -23.5102 9.92395 8.3403
      vertex -23.3311 9.69045 8.85007
    endloop
  endfacet
  facet normal -0.536821 0.803223 0.258179
    outer loop
      vertex -23.2601 10.5443 7.22791
      vertex -23.7401 10.2235 7.22791
      vertex -23.6474 10.1027 7.79648
    endloop
  endfacet
  facet normal -0.513324 0.768494 0.381989
    outer loop
      vertex -23.1839 10.4123 7.79648
      vertex -23.6474 10.1027 7.79648
      vertex -23.0713 10.2172 8.3403
    endloop
  endfacet
  facet normal -0.297077 0.875126 0.381968
    outer loop
      vertex -20.1991 11.6089 8.3403
      vertex -20.7852 11.6473 7.79648
      vertex -20.699 11.4392 8.3403
    endloop
  endfacet
  facet normal -0.310592 0.914789 0.258251
    outer loop
      vertex -20.2969 11.9736 7.22791
      vertex -20.7852 11.6473 7.79648
      vertex -20.2574 11.8265 7.79648
    endloop
  endfacet
  facet normal -0.199951 0.902104 0.382397
    outer loop
      vertex -18.8768 12.1964 7.79648
      vertex -19.5169 11.824 8.3403
      vertex -18.8185 11.9788 8.3403
    endloop
  endfacet
  facet normal -0.199951 0.902104 0.382397
    outer loop
      vertex -19.5169 11.824 8.3403
      vertex -18.8768 12.1964 7.79648
      vertex -19.5752 12.0416 7.79648
    endloop
  endfacet
  facet normal -0.636932 0.726368 0.258278
    outer loop
      vertex -24.3076 9.78805 7.22791
      vertex -24.7417 9.4074 7.22791
      vertex -24.634 9.29967 7.79648
    endloop
  endfacet
  facet normal -0.653687 0.745477 0.130221
    outer loop
      vertex -24.3076 9.78805 7.22791
      vertex -24.796 9.46173 6.64431
      vertex -24.7417 9.4074 7.22791
    endloop
  endfacet
  facet normal -0.60936 0.694806 0.382001
    outer loop
      vertex -24.0778 9.48848 8.3403
      vertex -24.634 9.29967 7.79648
      vertex -24.4747 9.14039 8.3403
    endloop
  endfacet
  facet normal -0.523528 0.596908 0.607963
    outer loop
      vertex -23.6805 8.9707 9.31705
      vertex -24.2666 8.93228 8.85007
      vertex -24.0132 8.6789 9.31705
    endloop
  endfacet
  facet normal -0.426593 0.819606 0.382446
    outer loop
      vertex -21.9461 11.127 7.79648
      vertex -22.468 10.6016 8.3403
      vertex -21.8334 10.9319 8.3403
    endloop
  endfacet
  facet normal -0.426658 0.819602 0.38238
    outer loop
      vertex -22.468 10.6016 8.3403
      vertex -21.9461 11.127 7.79648
      vertex -22.5806 10.7967 7.79648
    endloop
  endfacet
  facet normal -0.278263 0.416317 0.865592
    outer loop
      vertex -22.0485 8.44568 10.3859
      vertex -22.5753 8.70547 10.0916
      vertex -22.2649 8.30104 10.3859
    endloop
  endfacet
  facet normal -0.0560547 0.252832 0.965885
    outer loop
      vertex -18.1483 9.4776 10.6112
      vertex -18.6995 8.77357 10.7635
      vertex -18.0011 8.92841 10.7635
    endloop
  endfacet
  facet normal -0.0560503 0.252829 0.965886
    outer loop
      vertex -18.6995 8.77357 10.7635
      vertex -18.1483 9.4776 10.6112
      vertex -18.8467 9.32277 10.6112
    endloop
  endfacet
  facet normal -0.269611 0.546716 0.792724
    outer loop
      vertex -20.9509 10.1779 9.73328
      vertex -21.0655 9.60183 10.0916
      vertex -20.7722 9.74647 10.0916
    endloop
  endfacet
  facet normal -0.351115 0.712097 0.607977
    outer loop
      vertex -21.2473 10.8935 8.85007
      vertex -21.5071 10.3667 9.31705
      vertex -21.1102 10.5624 9.31705
    endloop
  endfacet
  facet normal -0.0265685 0.608605 0.793028
    outer loop
      vertex -17.0647 11.1408 9.73328
      vertex -16.35 10.7051 10.0916
      vertex -16.35 11.172 9.73328
    endloop
  endfacet
  facet normal -0.02665 0.608522 0.793089
    outer loop
      vertex -16.35 10.7051 10.0916
      vertex -17.0647 11.1408 9.73328
      vertex -17.0647 10.6738 10.0916
    endloop
  endfacet
  facet normal -0.0461499 0.706294 0.706413
    outer loop
      vertex -17.0647 11.5571 9.31705
      vertex -17.4519 11.1155 9.73328
      vertex -17.0647 11.1408 9.73328
    endloop
  endfacet
  facet normal -0.0308512 0.706711 0.70683
    outer loop
      vertex -16.35 11.5883 9.31705
      vertex -17.0647 11.1408 9.73328
      vertex -16.35 11.172 9.73328
    endloop
  endfacet
  facet normal -0.0308512 0.706711 0.70683
    outer loop
      vertex -17.0647 11.1408 9.73328
      vertex -16.35 11.5883 9.31705
      vertex -17.0647 11.5571 9.31705
    endloop
  endfacet
  facet normal -0.0652838 0.49571 0.866031
    outer loop
      vertex -17.391 10.6525 10.0916
      vertex -18.0337 10.0537 10.3859
      vertex -17.3245 10.1471 10.3859
    endloop
  endfacet
  facet normal -0.0652838 0.49571 0.866031
    outer loop
      vertex -18.0337 10.0537 10.3859
      vertex -17.391 10.6525 10.0916
      vertex -18.1002 10.5591 10.0916
    endloop
  endfacet
  facet normal -0.233017 0.303666 0.923845
    outer loop
      vertex -22.2649 8.30104 10.3859
      vertex -22.5014 7.43413 10.6112
      vertex -21.9339 7.8696 10.6112
    endloop
  endfacet
  facet normal -0.232969 0.303657 0.92386
    outer loop
      vertex -22.5014 7.43413 10.6112
      vertex -22.2649 8.30104 10.3859
      vertex -22.8325 7.86557 10.3859
    endloop
  endfacet
  facet normal -0.596931 0.523501 0.607964
    outer loop
      vertex -25.2773 7.92157 8.85007
      vertex -25.3157 7.33546 9.31705
      vertex -25.0239 7.66819 9.31705
    endloop
  endfacet
  facet normal -0.401903 0.458304 0.792737
    outer loop
      vertex -23.4271 8.64048 9.73328
      vertex -23.7189 8.38459 9.73328
      vertex -23.1428 8.27 10.0916
    endloop
  endfacet
  facet normal -0.227595 0.670311 0.706317
    outer loop
      vertex -20.0302 10.9785 9.31705
      vertex -20.4493 10.8362 9.31705
      vertex -20.29 10.4517 9.73328
    endloop
  endfacet
  facet normal -0.383255 0.777132 0.499181
    outer loop
      vertex -21.2473 10.8935 8.85007
      vertex -21.8334 10.9319 8.3403
      vertex -21.6863 10.677 8.85007
    endloop
  endfacet
  facet normal -0.278539 0.820516 0.49917
    outer loop
      vertex -20.1991 11.6089 8.3403
      vertex -20.699 11.4392 8.3403
      vertex -20.5864 11.1673 8.85007
    endloop
  endfacet
  facet normal -0.270649 0.653294 0.707075
    outer loop
      vertex -20.4493 10.8362 9.31705
      vertex -20.9509 10.1779 9.73328
      vertex -20.29 10.4517 9.73328
    endloop
  endfacet
  facet normal -0.270649 0.653294 0.707075
    outer loop
      vertex -20.9509 10.1779 9.73328
      vertex -20.4493 10.8362 9.31705
      vertex -21.1102 10.5624 9.31705
    endloop
  endfacet
  facet normal 0.052027 0.792246 0.60798
    outer loop
      vertex 17.553 11.8834 8.85007
      vertex 17.0647 11.5571 9.31705
      vertex 17.5063 11.5281 9.31705
    endloop
  endfacet
  facet normal 0.0346138 0.7929 0.608368
    outer loop
      vertex 17.0647 11.9154 8.85007
      vertex 16.35 11.5883 9.31705
      vertex 17.0647 11.5571 9.31705
    endloop
  endfacet
  facet normal 0.0346138 0.7929 0.608368
    outer loop
      vertex 16.35 11.5883 9.31705
      vertex 17.0647 11.9154 8.85007
      vertex 16.35 11.9466 8.85007
    endloop
  endfacet
  facet normal -0.0630939 0.963981 0.258379
    outer loop
      vertex -17.0647 12.5873 7.22791
      vertex -17.6407 12.5496 7.22791
      vertex -17.6209 12.3985 7.79648
    endloop
  endfacet
  facet normal 0 0.793375 0.608733
    outer loop
      vertex 16.35 11.9466 8.85007
      vertex -16.35 11.5883 9.31705
      vertex 16.35 11.5883 9.31705
    endloop
  endfacet
  facet normal 0 0.793375 0.608733
    outer loop
      vertex -16.35 11.5883 9.31705
      vertex 16.35 11.9466 8.85007
      vertex -16.35 11.9466 8.85007
    endloop
  endfacet
  facet normal -0.255203 0.751818 0.607981
    outer loop
      vertex -20.123 11.3246 8.85007
      vertex -20.5864 11.1673 8.85007
      vertex -20.4493 10.8362 9.31705
    endloop
  endfacet
  facet normal -0.255273 0.751826 0.607941
    outer loop
      vertex -20.123 11.3246 8.85007
      vertex -20.4493 10.8362 9.31705
      vertex -20.0302 10.9785 9.31705
    endloop
  endfacet
  facet normal 0.0778804 0.246978 0.965886
    outer loop
      vertex 18.6995 8.77357 10.7635
      vertex 19.5289 9.10765 10.6112
      vertex 18.8467 9.32277 10.6112
    endloop
  endfacet
  facet normal 0.0778716 0.246998 0.965882
    outer loop
      vertex 19.5289 9.10765 10.6112
      vertex 18.6995 8.77357 10.7635
      vertex 19.3818 8.55846 10.7635
    endloop
  endfacet
  facet normal 0.0421043 0.123964 0.991393
    outer loop
      vertex 19.3818 8.55846 10.7635
      vertex 19.2672 7.98238 10.8404
      vertex 19.4905 8.52154 10.7635
    endloop
  endfacet
  facet normal 0.0990159 0.239045 0.965947
    outer loop
      vertex 19.4905 8.52154 10.7635
      vertex 20.05 8.90521 10.6112
      vertex 19.7081 9.04683 10.6112
    endloop
  endfacet
  facet normal 0.0990123 0.23905 0.965946
    outer loop
      vertex 20.05 8.90521 10.6112
      vertex 19.4905 8.52154 10.7635
      vertex 20.05 8.2898 10.7635
    endloop
  endfacet
  facet normal 0.1913 0.461854 0.86608
    outer loop
      vertex 20.05 9.87226 10.1841
      vertex 19.9162 9.54926 10.3859
      vertex 20.05 9.49384 10.3859
    endloop
  endfacet
  facet normal 0.123231 0.363087 0.92357
    outer loop
      vertex 19.6697 9.63295 10.3859
      vertex 19.5289 9.10765 10.6112
      vertex 19.7081 9.04683 10.6112
    endloop
  endfacet
  facet normal 0.0603955 0.922212 0.381938
    outer loop
      vertex 17.6209 12.3985 7.79648
      vertex 17.0647 12.2097 8.3403
      vertex 17.5915 12.1752 8.3403
    endloop
  endfacet
  facet normal 0.126101 0.957635 0.258909
    outer loop
      vertex 17.6407 12.5496 7.22791
      vertex 18.3301 12.3051 7.79648
      vertex 18.35 12.4562 7.22791
    endloop
  endfacet
  facet normal 0.126119 0.957638 0.258889
    outer loop
      vertex 18.3301 12.3051 7.79648
      vertex 17.6407 12.5496 7.22791
      vertex 17.6209 12.3985 7.79648
    endloop
  endfacet
  facet normal 0.180222 0.906416 0.382007
    outer loop
      vertex 18.8768 12.1964 7.79648
      vertex 18.3301 12.3051 7.79648
      vertex 18.8185 11.9788 8.3403
    endloop
  endfacet
  facet normal 0.188389 0.947492 0.258394
    outer loop
      vertex 18.35 12.4562 7.22791
      vertex 18.3301 12.3051 7.79648
      vertex 18.8768 12.1964 7.79648
    endloop
  endfacet
  facet normal 0 0.922441 0.386138
    outer loop
      vertex 16.35 12.2409 8.3403
      vertex -2.49471 12.2454 8.32955
      vertex -2.54317 12.2409 8.3403
    endloop
  endfacet
  facet normal 2.83207e-06 0.9242 0.38191
    outer loop
      vertex 16.35 12.2409 8.3403
      vertex -2.44479 12.2519 8.31382
      vertex -2.49471 12.2454 8.32955
    endloop
  endfacet
  facet normal 1.60367e-06 0.923892 0.382654
    outer loop
      vertex 16.35 12.2409 8.3403
      vertex -2.39643 12.2602 8.29378
      vertex -2.44479 12.2519 8.31382
    endloop
  endfacet
  facet normal 2.20907e-06 0.923978 0.382445
    outer loop
      vertex 16.35 12.2409 8.3403
      vertex -2.35 12.2702 8.26962
      vertex -2.39643 12.2602 8.29378
    endloop
  endfacet
  facet normal 7.54918e-06 0.924476 0.381239
    outer loop
      vertex 16.35 12.2409 8.3403
      vertex -2.30585 12.2818 8.24149
      vertex -2.35 12.2702 8.26962
    endloop
  endfacet
  facet normal -1.88018e-06 0.923848 0.382759
    outer loop
      vertex 16.35 12.2409 8.3403
      vertex -2.26433 12.295 8.20963
      vertex -2.30585 12.2818 8.24149
    endloop
  endfacet
  facet normal -1.02054e-05 0.923428 0.383772
    outer loop
      vertex 16.35 12.2409 8.3403
      vertex -2.22574 12.3097 8.17426
      vertex -2.26433 12.295 8.20963
    endloop
  endfacet
  facet normal -2.10643e-06 0.923749 0.382998
    outer loop
      vertex 16.35 12.2409 8.3403
      vertex -2.19037 12.3257 8.13567
      vertex -2.22574 12.3097 8.17426
    endloop
  endfacet
  facet normal 1.49948e-06 0.923865 0.38272
    outer loop
      vertex 16.35 12.2409 8.3403
      vertex -2.15851 12.3429 8.09415
      vertex -2.19037 12.3257 8.13567
    endloop
  endfacet
  facet normal -1.39564e-06 0.923788 0.382905
    outer loop
      vertex 16.35 12.2409 8.3403
      vertex -2.13038 12.3612 8.05
      vertex -2.15851 12.3429 8.09415
    endloop
  endfacet
  facet normal 1.25722e-05 0.924102 0.382146
    outer loop
      vertex 16.35 12.2409 8.3403
      vertex -2.10621 12.3804 8.00357
      vertex -2.13038 12.3612 8.05
    endloop
  endfacet
  facet normal 1.19405e-05 0.92409 0.382176
    outer loop
      vertex 16.35 12.2409 8.3403
      vertex -2.08618 12.4004 7.95521
      vertex -2.10621 12.3804 8.00357
    endloop
  endfacet
  facet normal -9.09679e-06 0.923734 0.383036
    outer loop
      vertex 16.35 12.2409 8.3403
      vertex -2.07044 12.4211 7.90529
      vertex -2.08618 12.4004 7.95521
    endloop
  endfacet
  facet normal -1.36586e-05 0.923665 0.383201
    outer loop
      vertex 16.35 12.2409 8.3403
      vertex -2.05911 12.4423 7.85419
      vertex -2.07044 12.4211 7.90529
    endloop
  endfacet
  facet normal 1.24788e-06 0.923865 0.382719
    outer loop
      vertex 16.35 12.2409 8.3403
      vertex -2.05228 12.4638 7.80229
      vertex -2.05911 12.4423 7.85419
    endloop
  endfacet
  facet normal -0 0.923854 0.382745
    outer loop
      vertex -2.05203 12.4662 7.79648
      vertex 16.35 12.2409 8.3403
      vertex 16.35 12.4662 7.79648
    endloop
  endfacet
  facet normal 3.30238e-05 0.924249 0.381791
    outer loop
      vertex 16.35 12.2409 8.3403
      vertex -2.05203 12.4662 7.79648
      vertex -2.05228 12.4638 7.80229
    endloop
  endfacet
  facet normal 0 0.922441 0.386138
    outer loop
      vertex -2.80529 12.2454 8.32955
      vertex -16.35 12.2409 8.3403
      vertex -2.75683 12.2409 8.3403
    endloop
  endfacet
  facet normal -3.93746e-06 0.924198 0.381913
    outer loop
      vertex -2.85521 12.2519 8.31382
      vertex -16.35 12.2409 8.3403
      vertex -2.80529 12.2454 8.32955
    endloop
  endfacet
  facet normal -2.23054e-06 0.923891 0.382655
    outer loop
      vertex -2.90357 12.2602 8.29378
      vertex -16.35 12.2409 8.3403
      vertex -2.85521 12.2519 8.31382
    endloop
  endfacet
  facet normal -3.07403e-06 0.923977 0.382447
    outer loop
      vertex -2.95 12.2702 8.26962
      vertex -16.35 12.2409 8.3403
      vertex -2.90357 12.2602 8.29378
    endloop
  endfacet
  facet normal -1.05105e-05 0.924475 0.381243
    outer loop
      vertex -2.99415 12.2818 8.24149
      vertex -16.35 12.2409 8.3403
      vertex -2.95 12.2702 8.26962
    endloop
  endfacet
  facet normal 2.61917e-06 0.923848 0.382759
    outer loop
      vertex -3.03567 12.295 8.20963
      vertex -16.35 12.2409 8.3403
      vertex -2.99415 12.2818 8.24149
    endloop
  endfacet
  facet normal 1.42248e-05 0.92343 0.383768
    outer loop
      vertex -3.07426 12.3097 8.17426
      vertex -16.35 12.2409 8.3403
      vertex -3.03567 12.295 8.20963
    endloop
  endfacet
  facet normal 2.93784e-06 0.923749 0.382998
    outer loop
      vertex -3.10963 12.3257 8.13567
      vertex -16.35 12.2409 8.3403
      vertex -3.07426 12.3097 8.17426
    endloop
  endfacet
  facet normal -2.09267e-06 0.923864 0.38272
    outer loop
      vertex -3.14149 12.3429 8.09415
      vertex -16.35 12.2409 8.3403
      vertex -3.10963 12.3257 8.13567
    endloop
  endfacet
  facet normal 1.94909e-06 0.923788 0.382905
    outer loop
      vertex -3.16961 12.3612 8.05
      vertex -16.35 12.2409 8.3403
      vertex -3.14149 12.3429 8.09415
    endloop
  endfacet
  facet normal -1.75704e-05 0.924101 0.382149
    outer loop
      vertex -3.19378 12.3804 8.00357
      vertex -16.35 12.2409 8.3403
      vertex -3.16961 12.3612 8.05
    endloop
  endfacet
  facet normal -1.67002e-05 0.924089 0.382178
    outer loop
      vertex -3.21381 12.4004 7.95521
      vertex -16.35 12.2409 8.3403
      vertex -3.19378 12.3804 8.00357
    endloop
  endfacet
  facet normal 1.27333e-05 0.923734 0.383035
    outer loop
      vertex -3.22956 12.4211 7.90529
      vertex -16.35 12.2409 8.3403
      vertex -3.21381 12.4004 7.95521
    endloop
  endfacet
  facet normal 1.91358e-05 0.923666 0.383199
    outer loop
      vertex -3.24088 12.4423 7.85419
      vertex -16.35 12.2409 8.3403
      vertex -3.22956 12.4211 7.90529
    endloop
  endfacet
  facet normal -1.74993e-06 0.923865 0.382719
    outer loop
      vertex -3.24772 12.4638 7.80229
      vertex -16.35 12.2409 8.3403
      vertex -3.24088 12.4423 7.85419
    endloop
  endfacet
  facet normal -4.63586e-05 0.924249 0.381791
    outer loop
      vertex -3.24797 12.4662 7.79648
      vertex -16.35 12.2409 8.3403
      vertex -3.24772 12.4638 7.80229
    endloop
  endfacet
  facet normal 0 0.923854 0.382745
    outer loop
      vertex -16.35 12.2409 8.3403
      vertex -3.24797 12.4662 7.79648
      vertex -16.35 12.4662 7.79648
    endloop
  endfacet
  facet normal -0.0421306 0.965089 0.258513
    outer loop
      vertex -16.35 12.6185 7.22791
      vertex -17.0647 12.435 7.79648
      vertex -16.35 12.4662 7.79648
    endloop
  endfacet
  facet normal -0.0421306 0.965089 0.258513
    outer loop
      vertex -17.0647 12.435 7.79648
      vertex -16.35 12.6185 7.22791
      vertex -17.0647 12.5873 7.22791
    endloop
  endfacet
  facet normal 0.0647557 0.989371 0.130198
    outer loop
      vertex 17.0647 12.6641 6.64431
      vertex 17.0647 12.5873 7.22791
      vertex 17.6407 12.5496 7.22791
    endloop
  endfacet
  facet normal 0.0632622 0.964011 0.258225
    outer loop
      vertex 17.0647 12.5873 7.22791
      vertex 17.0647 12.435 7.79648
      vertex 17.6209 12.3985 7.79648
    endloop
  endfacet
  facet normal 0.153077 0.690626 0.706826
    outer loop
      vertex 18.6496 11.3484 9.31705
      vertex 19.2402 10.7915 9.73328
      vertex 19.348 11.1936 9.31705
    endloop
  endfacet
  facet normal 0.153189 0.690684 0.706745
    outer loop
      vertex 19.2402 10.7915 9.73328
      vertex 18.6496 11.3484 9.31705
      vertex 18.5418 10.9464 9.73328
    endloop
  endfacet
  facet normal 0.0923351 0.701114 0.707045
    outer loop
      vertex 17.5063 11.5281 9.31705
      vertex 18.1612 11.0221 9.73328
      vertex 18.2155 11.4347 9.31705
    endloop
  endfacet
  facet normal 0.0923209 0.701105 0.707056
    outer loop
      vertex 18.1612 11.0221 9.73328
      vertex 17.5063 11.5281 9.31705
      vertex 17.4519 11.1155 9.73328
    endloop
  endfacet
  facet normal 0.169046 0.849826 0.499219
    outer loop
      vertex 18.8185 11.9788 8.3403
      vertex 18.3007 12.0818 8.3403
      vertex 18.7423 11.6945 8.85007
    endloop
  endfacet
  facet normal 0.257965 0.751133 0.607662
    outer loop
      vertex 20.05 11.0523 9.21742
      vertex 20.0302 10.9785 9.31705
      vertex 20.05 10.9717 9.31705
    endloop
  endfacet
  facet normal -0.130637 0.00855039 0.991393
    outer loop
      vertex -25.3892 0.834255 10.7635
      vertex -25.3967 0.719666 10.7635
      vertex -24.8106 0.75808 10.8404
    endloop
  endfacet
  facet normal -0.0795377 0.10365 0.991428
    outer loop
      vertex -21.5877 7.41852 10.7635
      vertex -21.8 6.52005 10.8404
      vertex -21.2325 6.95553 10.8404
    endloop
  endfacet
  facet normal -0.0795185 0.103646 0.99143
    outer loop
      vertex -21.8 6.52005 10.8404
      vertex -21.5877 7.41852 10.7635
      vertex -22.1553 6.98305 10.7635
    endloop
  endfacet
  facet normal 0.0602953 -0.115845 0.991435
    outer loop
      vertex 20.05 -7.6461 10.8404
      vertex 19.9626 -7.69159 10.8404
      vertex 20.05 -7.84294 10.8174
    endloop
  endfacet
  facet normal -0.0579003 0.117419 0.991393
    outer loop
      vertex -20.1514 8.24779 10.7635
      vertex -20.2544 8.197 10.7635
      vertex -19.9281 7.70862 10.8404
    endloop
  endfacet
  facet normal -0.183236 -0.580872 0.793103
    outer loop
      vertex -19.9225 -10.5764 9.73328
      vertex -19.1194 -10.3405 10.0916
      vertex -19.8016 -10.1253 10.0916
    endloop
  endfacet
  facet normal -0.183164 -0.581 0.793026
    outer loop
      vertex -19.1194 -10.3405 10.0916
      vertex -19.9225 -10.5764 9.73328
      vertex -19.2402 -10.7915 9.73328
    endloop
  endfacet
  facet normal -0.0505844 -0.254277 0.965808
    outer loop
      vertex -18.0011 -8.92841 10.7635
      vertex -18.1483 -9.4776 10.6112
      vertex -17.8885 -8.95081 10.7635
    endloop
  endfacet
  facet normal -0.016964 -0.258708 0.965807
    outer loop
      vertex -17.1793 -9.04418 10.7635
      vertex -17.2535 -9.60788 10.6112
      vertex -17.0647 -9.62026 10.6112
    endloop
  endfacet
  facet normal 0.0167057 0.382679 0.92373
    outer loop
      vertex 16.35 9.65146 10.6112
      vertex 17.0647 10.1641 10.3859
      vertex 16.35 10.1953 10.3859
    endloop
  endfacet
  facet normal 0.0167057 0.382679 0.92373
    outer loop
      vertex 17.0647 10.1641 10.3859
      vertex 16.35 9.65146 10.6112
      vertex 17.0647 9.62026 10.6112
    endloop
  endfacet
  facet normal 0.0778716 -0.246998 0.965882
    outer loop
      vertex 18.6995 -8.77357 10.7635
      vertex 19.5289 -9.10765 10.6112
      vertex 19.3818 -8.55846 10.7635
    endloop
  endfacet
  facet normal 0.0778804 -0.246978 0.965886
    outer loop
      vertex 19.5289 -9.10765 10.6112
      vertex 18.6995 -8.77357 10.7635
      vertex 18.8467 -9.32277 10.6112
    endloop
  endfacet
  facet normal -0.0169536 -0.258706 0.965807
    outer loop
      vertex -17.0647 -9.05169 10.7635
      vertex -17.1793 -9.04418 10.7635
      vertex -17.0647 -9.62026 10.6112
    endloop
  endfacet
  facet normal -0.138092 -0.694292 0.706321
    outer loop
      vertex -18.5418 -10.9464 9.73328
      vertex -18.6496 -11.3484 9.31705
      vertex -18.1612 -11.0221 9.73328
    endloop
  endfacet
  facet normal -0.0833273 -0.245515 0.965805
    outer loop
      vertex -19.3818 -8.55846 10.7635
      vertex -19.7081 -9.04683 10.6112
      vertex -19.5289 -9.10765 10.6112
    endloop
  endfacet
  facet normal 0.0505817 -0.254278 0.965807
    outer loop
      vertex 18.1483 -9.4776 10.6112
      vertex 17.8885 -8.95081 10.7635
      vertex 17.9627 -9.51452 10.6112
    endloop
  endfacet
  facet normal 0.0505844 -0.254277 0.965808
    outer loop
      vertex 18.0011 -8.92841 10.7635
      vertex 17.8885 -8.95081 10.7635
      vertex 18.1483 -9.4776 10.6112
    endloop
  endfacet
  facet normal 0.196043 -0.577263 0.792675
    outer loop
      vertex 20.05 -10.2913 9.90937
      vertex 19.9225 -10.5764 9.73328
      vertex 20.05 -10.5331 9.73328
    endloop
  endfacet
  facet normal 0.195835 -0.577221 0.792758
    outer loop
      vertex 19.9225 -10.5764 9.73328
      vertex 20.05 -10.2913 9.90937
      vertex 19.8016 -10.1253 10.0916
    endloop
  endfacet
  facet normal 0.160973 -0.474127 0.865616
    outer loop
      vertex 19.6697 -9.63295 10.3859
      vertex 20.05 -9.87226 10.1841
      vertex 19.9162 -9.54926 10.3859
    endloop
  endfacet
  facet normal 0.160985 -0.474112 0.865622
    outer loop
      vertex 20.05 -9.87226 10.1841
      vertex 19.6697 -9.63295 10.3859
      vertex 20.05 -9.96647 10.1325
    endloop
  endfacet
  facet normal 0.123231 -0.363087 0.92357
    outer loop
      vertex 19.7081 -9.04683 10.6112
      vertex 19.5289 -9.10765 10.6112
      vertex 19.6697 -9.63295 10.3859
    endloop
  endfacet
  facet normal 0.123273 -0.363087 0.923564
    outer loop
      vertex 19.7081 -9.04683 10.6112
      vertex 19.6697 -9.63295 10.3859
      vertex 19.9162 -9.54926 10.3859
    endloop
  endfacet
  facet normal -0.130634 -0.00850174 0.991394
    outer loop
      vertex -24.8131 -0.719666 10.8404
      vertex -25.3967 -0.719666 10.7635
      vertex -24.8106 -0.75808 10.8404
    endloop
  endfacet
  facet normal -0.213056 0.318814 0.923561
    outer loop
      vertex -21.7766 7.97472 10.6112
      vertex -22.0485 8.44568 10.3859
      vertex -21.9339 7.8696 10.6112
    endloop
  endfacet
  facet normal 0.0167057 -0.382679 0.92373
    outer loop
      vertex 16.35 -9.65146 10.6112
      vertex 17.0647 -10.1641 10.3859
      vertex 17.0647 -9.62026 10.6112
    endloop
  endfacet
  facet normal 0.0167057 -0.382679 0.92373
    outer loop
      vertex 17.0647 -10.1641 10.3859
      vertex 16.35 -9.65146 10.6112
      vertex 16.35 -10.1953 10.3859
    endloop
  endfacet
  facet normal 0.032702 -0.499764 0.865544
    outer loop
      vertex 17.0647 -10.1641 10.3859
      vertex 17.0647 -10.6738 10.0916
      vertex 17.3245 -10.1471 10.3859
    endloop
  endfacet
  facet normal 0.0560503 -0.252829 0.965886
    outer loop
      vertex 18.6995 -8.77357 10.7635
      vertex 18.1483 -9.4776 10.6112
      vertex 18.8467 -9.32277 10.6112
    endloop
  endfacet
  facet normal 0.0560547 -0.252832 0.965885
    outer loop
      vertex 18.1483 -9.4776 10.6112
      vertex 18.6995 -8.77357 10.7635
      vertex 18.0011 -8.92841 10.7635
    endloop
  endfacet
  facet normal 0.0829142 -0.373981 0.923722
    outer loop
      vertex 18.8467 -9.32277 10.6112
      vertex 18.289 -10.0029 10.3859
      vertex 18.9874 -9.84806 10.3859
    endloop
  endfacet
  facet normal 0.0829079 -0.373977 0.923725
    outer loop
      vertex 18.289 -10.0029 10.3859
      vertex 18.8467 -9.32277 10.6112
      vertex 18.1483 -9.4776 10.6112
    endloop
  endfacet
  facet normal 0.0461499 -0.706294 0.706413
    outer loop
      vertex 17.0647 -11.1408 9.73328
      vertex 17.0647 -11.5571 9.31705
      vertex 17.4519 -11.1155 9.73328
    endloop
  endfacet
  facet normal 0.02665 -0.608522 0.793089
    outer loop
      vertex 16.35 -10.7051 10.0916
      vertex 17.0647 -11.1408 9.73328
      vertex 17.0647 -10.6738 10.0916
    endloop
  endfacet
  facet normal 0.0265685 -0.608605 0.793028
    outer loop
      vertex 17.0647 -11.1408 9.73328
      vertex 16.35 -10.7051 10.0916
      vertex 16.35 -11.172 9.73328
    endloop
  endfacet
  facet normal 0.103585 -0.786537 0.608793
    outer loop
      vertex 17.553 -11.8834 8.85007
      vertex 18.2155 -11.4347 9.31705
      vertex 17.5063 -11.5281 9.31705
    endloop
  endfacet
  facet normal 0.103569 -0.786529 0.608807
    outer loop
      vertex 18.2155 -11.4347 9.31705
      vertex 17.553 -11.8834 8.85007
      vertex 18.2623 -11.79 8.85007
    endloop
  endfacet
  facet normal 0.171745 -0.774849 0.608369
    outer loop
      vertex 18.7423 -11.6945 8.85007
      vertex 19.348 -11.1936 9.31705
      vertex 18.6496 -11.3484 9.31705
    endloop
  endfacet
  facet normal 0.171745 -0.774849 0.608369
    outer loop
      vertex 19.348 -11.1936 9.31705
      vertex 18.7423 -11.6945 8.85007
      vertex 19.4407 -11.5397 8.85007
    endloop
  endfacet
  facet normal 0.153077 -0.690626 0.706826
    outer loop
      vertex 19.2402 -10.7915 9.73328
      vertex 18.6496 -11.3484 9.31705
      vertex 19.348 -11.1936 9.31705
    endloop
  endfacet
  facet normal 0.153189 -0.690684 0.706745
    outer loop
      vertex 18.6496 -11.3484 9.31705
      vertex 19.2402 -10.7915 9.73328
      vertex 18.5418 -10.9464 9.73328
    endloop
  endfacet
  facet normal 0.11891 -0.59785 0.79274
    outer loop
      vertex 18.421 -10.4953 10.0916
      vertex 18.1612 -11.0221 9.73328
      vertex 18.5418 -10.9464 9.73328
    endloop
  endfacet
  facet normal 0.0632622 -0.964011 0.258225
    outer loop
      vertex 17.0647 -12.435 7.79648
      vertex 17.0647 -12.5873 7.22791
      vertex 17.6209 -12.3985 7.79648
    endloop
  endfacet
  facet normal 0.193438 -0.972424 0.130283
    outer loop
      vertex 18.9361 -12.4178 6.64431
      vertex 18.35 -12.4562 7.22791
      vertex 18.36 -12.5324 6.64431
    endloop
  endfacet
  facet normal 0.290479 -0.921306 0.258489
    outer loop
      vertex 19.6146 -12.1887 7.22791
      vertex 20.05 -11.8919 7.79648
      vertex 19.5752 -12.0416 7.79648
    endloop
  endfacet
  facet normal 0.290525 -0.921302 0.258451
    outer loop
      vertex 20.05 -11.8919 7.79648
      vertex 19.6146 -12.1887 7.22791
      vertex 20.05 -12.0514 7.22791
    endloop
  endfacet
  facet normal 0.00856086 0.130636 0.991393
    outer loop
      vertex 17.1793 9.04418 10.7635
      vertex 17.0647 9.05169 10.7635
      vertex 17.1031 8.46558 10.8404
    endloop
  endfacet
  facet normal 0.0602953 0.115845 0.991435
    outer loop
      vertex 20.05 7.84294 10.8174
      vertex 19.9626 7.69159 10.8404
      vertex 20.05 7.6461 10.8404
    endloop
  endfacet
  facet normal -0.016964 0.258708 0.965807
    outer loop
      vertex -17.0647 9.62026 10.6112
      vertex -17.2535 9.60788 10.6112
      vertex -17.1793 9.04418 10.7635
    endloop
  endfacet
  facet normal -0.0250873 0.382591 0.923577
    outer loop
      vertex -17.0647 9.62026 10.6112
      vertex -17.3245 10.1471 10.3859
      vertex -17.2535 9.60788 10.6112
    endloop
  endfacet
  facet normal 0.0337698 0.256529 0.965946
    outer loop
      vertex 17.2535 9.60788 10.6112
      vertex 17.8885 8.95081 10.7635
      vertex 17.9627 9.51452 10.6112
    endloop
  endfacet
  facet normal 0.0337739 0.256533 0.965945
    outer loop
      vertex 17.8885 8.95081 10.7635
      vertex 17.2535 9.60788 10.6112
      vertex 17.1793 9.04418 10.7635
    endloop
  endfacet
  facet normal -0.0218902 0.499838 0.865842
    outer loop
      vertex -17.0647 10.6738 10.0916
      vertex -16.35 10.1953 10.3859
      vertex -16.35 10.7051 10.0916
    endloop
  endfacet
  facet normal -0.0218235 0.499912 0.865801
    outer loop
      vertex -16.35 10.1953 10.3859
      vertex -17.0647 10.6738 10.0916
      vertex -17.0647 10.1641 10.3859
    endloop
  endfacet
  facet normal -0.032702 0.499764 0.865544
    outer loop
      vertex -17.0647 10.6738 10.0916
      vertex -17.3245 10.1471 10.3859
      vertex -17.0647 10.1641 10.3859
    endloop
  endfacet
  facet normal -0.0393195 0.124716 0.991413
    outer loop
      vertex -19.3818 8.55846 10.7635
      vertex -18.5485 8.20987 10.8404
      vertex -18.6995 8.77357 10.7635
    endloop
  endfacet
  facet normal -0.0393238 0.124706 0.991414
    outer loop
      vertex -18.5485 8.20987 10.8404
      vertex -19.3818 8.55846 10.7635
      vertex -19.2307 7.99475 10.8404
    endloop
  endfacet
  facet normal -0.550786 0.824407 0.130339
    outer loop
      vertex -23.2985 10.6108 6.64431
      vertex -23.7869 10.2845 6.64431
      vertex -23.7401 10.2235 7.22791
    endloop
  endfacet
  facet normal -0.675603 0.737266 0
    outer loop
      vertex -24.796 9.46173 6.55
      vertex -25.3234 8.97844 6.64431
      vertex -24.796 9.46173 6.64431
    endloop
  endfacet
  facet normal -0.675603 0.737266 0
    outer loop
      vertex -25.3234 8.97844 6.64431
      vertex -24.796 9.46173 6.55
      vertex -25.3234 8.97844 6.55
    endloop
  endfacet
  facet normal -0.457744 -0.879457 0.130482
    outer loop
      vertex -22.0606 -11.3255 6.64431
      vertex -22.6568 -10.9286 7.22791
      vertex -22.6952 -10.9952 6.64431
    endloop
  endfacet
  facet normal -0.457744 -0.879457 0.130482
    outer loop
      vertex -22.6568 -10.9286 7.22791
      vertex -22.0606 -11.3255 6.64431
      vertex -22.0222 -11.2589 7.22791
    endloop
  endfacet
  facet normal -0.523496 -0.596983 0.607917
    outer loop
      vertex -23.6805 -8.9707 9.31705
      vertex -24.2666 -8.93228 8.85007
      vertex -23.8986 -9.25498 8.85007
    endloop
  endfacet
  facet normal -0.449086 -0.411519 0.793079
    outer loop
      vertex -24.7296 -7.37387 9.73328
      vertex -23.9161 -7.57108 10.0916
      vertex -24.3994 -7.04366 10.0916
    endloop
  endfacet
  facet normal -0.449086 -0.411519 0.793079
    outer loop
      vertex -23.9161 -7.57108 10.0916
      vertex -24.7296 -7.37387 9.73328
      vertex -24.2463 -7.90129 9.73328
    endloop
  endfacet
  facet normal -0.426658 -0.819602 0.38238
    outer loop
      vertex -21.9461 -11.127 7.79648
      vertex -22.468 -10.6016 8.3403
      vertex -22.5806 -10.7967 7.79648
    endloop
  endfacet
  facet normal -0.426593 -0.819606 0.382446
    outer loop
      vertex -22.468 -10.6016 8.3403
      vertex -21.9461 -11.127 7.79648
      vertex -21.8334 -10.9319 8.3403
    endloop
  endfacet
  facet normal -0.353607 -0.853538 0.382668
    outer loop
      vertex -20.7852 -11.6473 7.79648
      vertex -21.3599 -11.1654 8.3403
      vertex -21.4461 -11.3735 7.79648
    endloop
  endfacet
  facet normal -0.353607 -0.853538 0.382668
    outer loop
      vertex -21.3599 -11.1654 8.3403
      vertex -20.7852 -11.6473 7.79648
      vertex -20.699 -11.4392 8.3403
    endloop
  endfacet
  facet normal -0.438534 -0.889222 0.130274
    outer loop
      vertex -21.5044 -11.5143 7.22791
      vertex -22.0606 -11.3255 6.64431
      vertex -21.5338 -11.5853 6.64431
    endloop
  endfacet
  facet normal -0.745427 -0.653753 0.130179
    outer loop
      vertex -26.1331 -7.96264 7.22791
      vertex -26.194 -8.00941 6.64431
      vertex -25.8067 -8.45102 6.64431
    endloop
  endfacet
  facet normal -0.60879 -0.793332 0
    outer loop
      vertex -24.3544 -9.84901 6.55
      vertex -23.7869 -10.2845 6.64431
      vertex -24.3544 -9.84901 6.64431
    endloop
  endfacet
  facet normal -0.60879 -0.793332 -0
    outer loop
      vertex -23.7869 -10.2845 6.64431
      vertex -24.3544 -9.84901 6.55
      vertex -23.7869 -10.2845 6.55
    endloop
  endfacet
  facet normal -0.536821 -0.803223 0.258179
    outer loop
      vertex -23.6474 -10.1027 7.79648
      vertex -23.7401 -10.2235 7.22791
      vertex -23.2601 -10.5443 7.22791
    endloop
  endfacet
  facet normal -0.32304 -0.205822 0.923733
    outer loop
      vertex -24.7041 -4.82823 10.6112
      vertex -24.7907 -5.70346 10.3859
      vertex -24.3197 -5.43155 10.6112
    endloop
  endfacet
  facet normal -0.323106 -0.20581 0.923712
    outer loop
      vertex -24.7907 -5.70346 10.3859
      vertex -24.7041 -4.82823 10.6112
      vertex -25.175 -5.10014 10.3859
    endloop
  endfacet
  facet normal -0.0702617 -0.110281 0.991414
    outer loop
      vertex -21.4923 -7.48232 10.7635
      vertex -20.5972 -7.36128 10.8404
      vertex -21.2005 -6.97691 10.8404
    endloop
  endfacet
  facet normal -0.0702617 -0.110281 0.991414
    outer loop
      vertex -20.5972 -7.36128 10.8404
      vertex -21.4923 -7.48232 10.7635
      vertex -20.889 -7.86669 10.7635
    endloop
  endfacet
  facet normal -0.401903 -0.458304 0.792737
    outer loop
      vertex -23.1428 -8.27 10.0916
      vertex -23.7189 -8.38459 9.73328
      vertex -23.4271 -8.64048 9.73328
    endloop
  endfacet
  facet normal -0.331468 -0.800099 0.499971
    outer loop
      vertex -20.699 -11.4392 8.3403
      vertex -21.2473 -10.8935 8.85007
      vertex -21.3599 -11.1654 8.3403
    endloop
  endfacet
  facet normal -0.331468 -0.800099 0.499971
    outer loop
      vertex -21.2473 -10.8935 8.85007
      vertex -20.699 -11.4392 8.3403
      vertex -20.5864 -11.1673 8.85007
    endloop
  endfacet
  facet normal -0.171745 -0.774849 0.608369
    outer loop
      vertex -18.7423 -11.6945 8.85007
      vertex -19.348 -11.1936 9.31705
      vertex -19.4407 -11.5397 8.85007
    endloop
  endfacet
  facet normal -0.171745 -0.774849 0.608369
    outer loop
      vertex -19.348 -11.1936 9.31705
      vertex -18.7423 -11.6945 8.85007
      vertex -18.6496 -11.3484 9.31705
    endloop
  endfacet
  facet normal -0.393301 -0.588504 0.706383
    outer loop
      vertex -22.5368 -9.29158 9.73328
      vertex -23.1129 -9.40617 9.31705
      vertex -22.745 -9.65204 9.31705
    endloop
  endfacet
  facet normal -0.195878 -0.577196 0.792765
    outer loop
      vertex -20.1113 -10.0202 10.0916
      vertex -20.29 -10.4517 9.73328
      vertex -19.8016 -10.1253 10.0916
    endloop
  endfacet
  facet normal -0.62752 -0.32675 0.70672
    outer loop
      vertex -26.7117 -5.1621 9.31705
      vertex -26.0209 -5.58852 9.73328
      vertex -26.3513 -4.95399 9.73328
    endloop
  endfacet
  facet normal -0.627495 -0.326638 0.706794
    outer loop
      vertex -26.0209 -5.58852 9.73328
      vertex -26.7117 -5.1621 9.31705
      vertex -26.3814 -5.79663 9.31705
    endloop
  endfacet
  facet normal -0.947493 -0.188396 0.258388
    outer loop
      vertex -28.6501 -1.98511 7.79648
      vertex -28.8012 -2.00499 7.22791
      vertex -28.5414 -2.53179 7.79648
    endloop
  endfacet
  facet normal -0.826135 -0.26046 0.499661
    outer loop
      vertex -28.169 -3.17188 8.3403
      vertex -27.6696 -3.77796 8.85007
      vertex -27.8847 -3.0957 8.85007
    endloop
  endfacet
  facet normal -0.826136 -0.260465 0.499657
    outer loop
      vertex -27.6696 -3.77796 8.85007
      vertex -28.169 -3.17188 8.3403
      vertex -27.9539 -3.85413 8.3403
    endloop
  endfacet
  facet normal -0.972443 -0.193379 0.130226
    outer loop
      vertex -28.6886 -2.57122 7.22791
      vertex -28.8012 -2.00499 7.22791
      vertex -28.7628 -2.5911 6.64431
    endloop
  endfacet
  facet normal -0.594661 -0.131806 0.793099
    outer loop
      vertex -27.2914 -2.19684 9.73328
      vertex -26.6855 -2.77437 10.0916
      vertex -26.8403 -2.07597 10.0916
    endloop
  endfacet
  facet normal -0.59472 -0.131907 0.793037
    outer loop
      vertex -26.6855 -2.77437 10.0916
      vertex -27.2914 -2.19684 9.73328
      vertex -27.1365 -2.89523 9.73328
    endloop
  endfacet
  facet normal -0.482935 -0.370585 0.793373
    outer loop
      vertex -25.0505 -6.23026 10.0916
      vertex -24.9855 -7.08208 9.73328
      vertex -24.615 -6.79779 10.0916
    endloop
  endfacet
  facet normal -0.482942 -0.370584 0.793369
    outer loop
      vertex -24.9855 -7.08208 9.73328
      vertex -25.0505 -6.23026 10.0916
      vertex -25.421 -6.51454 9.73328
    endloop
  endfacet
  facet normal -0.376512 -0.330158 0.865583
    outer loop
      vertex -24.0389 -6.6832 10.3859
      vertex -24.615 -6.79779 10.0916
      vertex -24.3994 -7.04366 10.0916
    endloop
  endfacet
  facet normal -0.458285 -0.401916 0.792741
    outer loop
      vertex -24.615 -6.79779 10.0916
      vertex -24.9855 -7.08208 9.73328
      vertex -24.7296 -7.37387 9.73328
    endloop
  endfacet
  facet normal -0.596931 -0.523501 0.607964
    outer loop
      vertex -25.0239 -7.66819 9.31705
      vertex -25.3157 -7.33546 9.31705
      vertex -25.2773 -7.92157 8.85007
    endloop
  endfacet
  facet normal -0.588598 -0.39325 0.706333
    outer loop
      vertex -25.6366 -6.19184 9.73328
      vertex -25.7512 -6.76792 9.31705
      vertex -25.421 -6.51454 9.73328
    endloop
  endfacet
  facet normal -0.506849 -0.338632 0.792738
    outer loop
      vertex -25.0505 -6.23026 10.0916
      vertex -25.6366 -6.19184 9.73328
      vertex -25.421 -6.51454 9.73328
    endloop
  endfacet
  facet normal -0.651468 -0.57132 0.499182
    outer loop
      vertex -25.2773 -7.92157 8.85007
      vertex -25.6 -7.5536 8.85007
      vertex -25.4854 -8.12968 8.3403
    endloop
  endfacet
  facet normal -0.629391 -0.482961 0.608782
    outer loop
      vertex -26.0355 -6.98606 8.85007
      vertex -25.3157 -7.33546 9.31705
      vertex -25.7512 -6.76792 9.31705
    endloop
  endfacet
  facet normal -0.629391 -0.482961 0.608782
    outer loop
      vertex -25.3157 -7.33546 9.31705
      vertex -26.0355 -6.98606 8.85007
      vertex -25.6 -7.5536 8.85007
    endloop
  endfacet
  facet normal -0.157485 -0.20527 0.965952
    outer loop
      vertex -22.1553 -6.98305 10.7635
      vertex -21.9339 -7.8696 10.6112
      vertex -21.5877 -7.41852 10.7635
    endloop
  endfacet
  facet normal -0.157519 -0.205277 0.965945
    outer loop
      vertex -21.9339 -7.8696 10.6112
      vertex -22.1553 -6.98305 10.7635
      vertex -22.5014 -7.43413 10.6112
    endloop
  endfacet
  facet normal -0.488482 0.108272 0.865831
    outer loop
      vertex -26.8403 2.07597 10.0916
      vertex -26.1931 2.64243 10.3859
      vertex -26.6855 2.77437 10.0916
    endloop
  endfacet
  facet normal -0.488483 0.108274 0.86583
    outer loop
      vertex -26.1931 2.64243 10.3859
      vertex -26.8403 2.07597 10.0916
      vertex -26.3479 1.94404 10.3859
    endloop
  endfacet
  facet normal -0.706398 -0.046389 0.706293
    outer loop
      vertex -27.4605 -1.10694 9.73328
      vertex -27.9021 -0.719666 9.31705
      vertex -27.8731 -1.16127 9.31705
    endloop
  endfacet
  facet normal -0.474308 -0.160841 0.865541
    outer loop
      vertex -25.9779 -3.32468 10.3859
      vertex -26.3652 -3.76629 10.0916
      vertex -25.8943 -3.57121 10.3859
    endloop
  endfacet
  facet normal -0.540246 -0.281217 0.793128
    outer loop
      vertex -26.3513 -4.95399 9.73328
      vertex -25.6165 -5.35503 10.0916
      vertex -25.9468 -4.72049 10.0916
    endloop
  endfacet
  facet normal -0.540275 -0.281321 0.793071
    outer loop
      vertex -25.6165 -5.35503 10.0916
      vertex -26.3513 -4.95399 9.73328
      vertex -26.0209 -5.58852 9.73328
    endloop
  endfacet
  facet normal -0.288271 -0.252867 0.923557
    outer loop
      vertex -23.6544 -6.29866 10.6112
      vertex -24.2106 -6.48746 10.3859
      vertex -24.0389 -6.6832 10.3859
    endloop
  endfacet
  facet normal -0.194944 -0.170893 0.965812
    outer loop
      vertex -23.2523 -5.89662 10.7635
      vertex -23.7791 -6.15641 10.6112
      vertex -23.6544 -6.29866 10.6112
    endloop
  endfacet
  facet normal -0.215559 -0.144037 0.965809
    outer loop
      vertex -23.8273 -5.14727 10.7635
      vertex -24.2146 -5.58887 10.6112
      vertex -23.7635 -5.24275 10.7635
    endloop
  endfacet
  facet normal -0.491159 -0.0977125 0.865572
    outer loop
      vertex -26.3987 -1.68869 10.3859
      vertex -26.8403 -2.07597 10.0916
      vertex -26.3479 -1.94404 10.3859
    endloop
  endfacet
  facet normal -0.820507 -0.278489 0.499211
    outer loop
      vertex -27.6696 -3.77796 8.85007
      vertex -27.9539 -3.85413 8.3403
      vertex -27.5123 -4.24141 8.85007
    endloop
  endfacet
  facet normal -0.756918 -0.238641 0.608379
    outer loop
      vertex -27.8847 -3.0957 8.85007
      vertex -27.3235 -3.68521 9.31705
      vertex -27.5386 -3.00296 9.31705
    endloop
  endfacet
  facet normal -0.756917 -0.238637 0.608383
    outer loop
      vertex -27.3235 -3.68521 9.31705
      vertex -27.8847 -3.0957 8.85007
      vertex -27.6696 -3.77796 8.85007
    endloop
  endfacet
  facet normal -0.382703 0.0167074 0.92372
    outer loop
      vertex -26.5091 0.719666 10.3859
      vertex -25.9965 0.00498962 10.6112
      vertex -25.9653 0.719666 10.6112
    endloop
  endfacet
  facet normal -0.382703 0.0167074 0.92372
    outer loop
      vertex -25.9965 0.00498962 10.6112
      vertex -26.5091 0.719666 10.3859
      vertex -26.5403 0.00498962 10.3859
    endloop
  endfacet
  facet normal -0.499733 0.0326189 0.865565
    outer loop
      vertex -26.9975 1.04599 10.0916
      vertex -27.0188 0.719666 10.0916
      vertex -26.4921 0.979451 10.3859
    endloop
  endfacet
  facet normal -0.706294 0.0461411 0.706413
    outer loop
      vertex -27.4605 1.10694 9.73328
      vertex -27.9021 0.719666 9.31705
      vertex -27.4858 0.719666 9.73328
    endloop
  endfacet
  facet normal -0.820507 0.278489 0.499211
    outer loop
      vertex -27.5123 4.24141 8.85007
      vertex -27.9539 3.85413 8.3403
      vertex -27.6696 3.77796 8.85007
    endloop
  endfacet
  facet normal -0.670286 0.227435 0.706392
    outer loop
      vertex -26.7967 3.945 9.73328
      vertex -27.3235 3.68521 9.31705
      vertex -26.9214 3.57749 9.73328
    endloop
  endfacet
  facet normal -0.608522 0.0266509 0.793089
    outer loop
      vertex -27.4858 0.719666 9.73328
      vertex -27.0501 0.00498962 10.0916
      vertex -27.0188 0.719666 10.0916
    endloop
  endfacet
  facet normal -0.608605 0.0265693 0.793028
    outer loop
      vertex -27.0501 0.00498962 10.0916
      vertex -27.4858 0.719666 9.73328
      vertex -27.517 0.00498962 9.73328
    endloop
  endfacet
  facet normal -0.778755 0.154836 0.60792
    outer loop
      vertex -27.6934 2.30457 9.31705
      vertex -28.0395 2.39731 8.85007
      vertex -27.7797 1.87052 9.31705
    endloop
  endfacet
  facet normal -0.922212 0.0603961 0.381938
    outer loop
      vertex -28.5202 1.24646 8.3403
      vertex -28.7435 1.27586 7.79648
      vertex -28.5547 0.719666 8.3403
    endloop
  endfacet
  facet normal -0.923854 0 0.382745
    outer loop
      vertex -28.8112 -0.00498962 7.79648
      vertex -28.5859 0.00498962 8.3403
      vertex -28.8112 0.00498962 7.79648
    endloop
  endfacet
  facet normal -0.923854 0 0.382745
    outer loop
      vertex -28.5859 0.00498962 8.3403
      vertex -28.8112 -0.00498962 7.79648
      vertex -28.5859 -0.00498962 8.3403
    endloop
  endfacet
  facet normal -0.866037 0 0.49998
    outer loop
      vertex -28.5859 -0.00498962 8.3403
      vertex -28.2916 0.00498962 8.85007
      vertex -28.5859 0.00498962 8.3403
    endloop
  endfacet
  facet normal -0.866037 0 0.49998
    outer loop
      vertex -28.2916 0.00498962 8.85007
      vertex -28.5859 -0.00498962 8.3403
      vertex -28.2916 -0.00498962 8.85007
    endloop
  endfacet
  facet normal -0.321433 -0.946932 0
    outer loop
      vertex -20.8729 -11.859 6.45
      vertex -20.3167 -12.0478 6.64431
      vertex -20.8729 -11.859 6.64431
    endloop
  endfacet
  facet normal -0.321433 -0.946932 -0
    outer loop
      vertex -20.3167 -12.0478 6.64431
      vertex -20.8729 -11.859 6.45
      vertex -20.3167 -12.0478 6.45
    endloop
  endfacet
  facet normal -0.188389 -0.947492 0.258394
    outer loop
      vertex -18.3301 -12.3051 7.79648
      vertex -18.8768 -12.1964 7.79648
      vertex -18.35 -12.4562 7.22791
    endloop
  endfacet
  facet normal -0.180305 -0.906428 0.38194
    outer loop
      vertex -18.3007 -12.0818 8.3403
      vertex -18.8185 -11.9788 8.3403
      vertex -18.3301 -12.3051 7.79648
    endloop
  endfacet
  facet normal -0.126101 -0.957635 0.258909
    outer loop
      vertex -17.6407 -12.5496 7.22791
      vertex -18.3301 -12.3051 7.79648
      vertex -18.35 -12.4562 7.22791
    endloop
  endfacet
  facet normal -0.126119 -0.957638 0.258889
    outer loop
      vertex -18.3301 -12.3051 7.79648
      vertex -17.6407 -12.5496 7.22791
      vertex -17.6209 -12.3985 7.79648
    endloop
  endfacet
  facet normal -0.0421306 -0.965089 0.258513
    outer loop
      vertex -17.0647 -12.5873 7.22791
      vertex -16.35 -12.4662 7.79648
      vertex -17.0647 -12.435 7.79648
    endloop
  endfacet
  facet normal -0.0421306 -0.965089 0.258513
    outer loop
      vertex -16.35 -12.4662 7.79648
      vertex -17.0647 -12.5873 7.22791
      vertex -16.35 -12.6185 7.22791
    endloop
  endfacet
  facet normal -0.0603955 -0.922212 0.381938
    outer loop
      vertex -17.5915 -12.1752 8.3403
      vertex -17.6209 -12.3985 7.79648
      vertex -17.0647 -12.2097 8.3403
    endloop
  endfacet
  facet normal -0.169081 -0.849833 0.499194
    outer loop
      vertex -18.2623 -11.79 8.85007
      vertex -18.7423 -11.6945 8.85007
      vertex -18.3007 -12.0818 8.3403
    endloop
  endfacet
  facet normal -0.103569 -0.786529 0.608807
    outer loop
      vertex -17.553 -11.8834 8.85007
      vertex -18.2155 -11.4347 9.31705
      vertex -18.2623 -11.79 8.85007
    endloop
  endfacet
  facet normal -0.103585 -0.786537 0.608793
    outer loop
      vertex -18.2155 -11.4347 9.31705
      vertex -17.553 -11.8834 8.85007
      vertex -17.5063 -11.5281 9.31705
    endloop
  endfacet
  facet normal -0.946931 -0.321438 0
    outer loop
      vertex -28.204 -4.52794 6.45
      vertex -28.3928 -3.97175 6.64431
      vertex -28.3928 -3.97175 6.45
    endloop
  endfacet
  facet normal -0.946931 -0.321438 0
    outer loop
      vertex -28.3928 -3.97175 6.64431
      vertex -28.204 -4.52794 6.45
      vertex -28.204 -4.52794 6.64431
    endloop
  endfacet
  facet normal -0.892396 -0.369705 0.258744
    outer loop
      vertex -28.133 -4.49854 7.22791
      vertex -27.7185 -5.10114 7.79648
      vertex -27.9923 -4.44024 7.79648
    endloop
  endfacet
  facet normal -0.892407 -0.369575 0.25889
    outer loop
      vertex -27.7185 -5.10114 7.79648
      vertex -28.133 -4.49854 7.22791
      vertex -27.8593 -5.15944 7.22791
    endloop
  endfacet
  facet normal -0.889218 -0.438541 0.130281
    outer loop
      vertex -27.8593 -5.15944 7.22791
      vertex -27.9303 -5.18885 6.64431
      vertex -27.6705 -5.71564 6.64431
    endloop
  endfacet
  facet normal -0.938861 -0.318698 0.130276
    outer loop
      vertex -28.133 -4.49854 7.22791
      vertex -28.3928 -3.97175 6.64431
      vertex -28.204 -4.52794 6.64431
    endloop
  endfacet
  facet normal -0.669331 -0.426459 0.608382
    outer loop
      vertex -26.6917 -5.9758 8.85007
      vertex -25.997 -6.39995 9.31705
      vertex -26.3814 -5.79663 9.31705
    endloop
  endfacet
  facet normal -0.669322 -0.426342 0.608474
    outer loop
      vertex -25.997 -6.39995 9.31705
      vertex -26.6917 -5.9758 8.85007
      vertex -26.3074 -6.57912 8.85007
    endloop
  endfacet
  facet normal -0.653733 -0.745425 0.130288
    outer loop
      vertex -24.3076 -9.78805 7.22791
      vertex -24.796 -9.46173 6.64431
      vertex -24.3544 -9.84901 6.64431
    endloop
  endfacet
  facet normal -0.889185 -0.438591 0.130339
    outer loop
      vertex -27.6039 -5.67723 7.22791
      vertex -27.8593 -5.15944 7.22791
      vertex -27.6705 -5.71564 6.64431
    endloop
  endfacet
  facet normal -0.843364 -0.537342 0
    outer loop
      vertex -26.9558 -6.9535 6.45
      vertex -27.3402 -6.35018 6.64431
      vertex -27.3402 -6.35018 6.45
    endloop
  endfacet
  facet normal -0.843364 -0.537342 0
    outer loop
      vertex -27.3402 -6.35018 6.64431
      vertex -26.9558 -6.9535 6.45
      vertex -26.9558 -6.9535 6.64431
    endloop
  endfacet
  facet normal -0.793346 -0.608771 0
    outer loop
      vertex -26.194 -8.00941 6.45
      vertex -26.6295 -7.44187 6.64431
      vertex -26.6295 -7.44187 6.45
    endloop
  endfacet
  facet normal -0.793346 -0.608771 0
    outer loop
      vertex -26.6295 -7.44187 6.64431
      vertex -26.194 -8.00941 6.45
      vertex -26.194 -8.00941 6.64431
    endloop
  endfacet
  facet normal -0.887023 -0.461726 0
    outer loop
      vertex -27.3402 -6.35018 6.45
      vertex -27.6705 -5.71564 6.64431
      vertex -27.6705 -5.71564 6.45
    endloop
  endfacet
  facet normal -0.887023 -0.461726 0
    outer loop
      vertex -27.6705 -5.71564 6.64431
      vertex -27.3402 -6.35018 6.45
      vertex -27.3402 -6.35018 6.64431
    endloop
  endfacet
  facet normal 0.154926 -0.778685 0.607986
    outer loop
      vertex 18.7423 -11.6945 8.85007
      vertex 18.2155 -11.4347 9.31705
      vertex 18.2623 -11.79 8.85007
    endloop
  endfacet
  facet normal 0.169081 -0.849833 0.499194
    outer loop
      vertex 18.7423 -11.6945 8.85007
      vertex 18.2623 -11.79 8.85007
      vertex 18.3007 -12.0818 8.3403
    endloop
  endfacet
  facet normal -0.0976839 -0.491175 0.865566
    outer loop
      vertex -18.0337 -10.0537 10.3859
      vertex -18.421 -10.4953 10.0916
      vertex -18.1002 -10.5591 10.0916
    endloop
  endfacet
  facet normal 0.298176 -0.945563 0.130388
    outer loop
      vertex 19.6345 -12.2629 6.64431
      vertex 20.05 -12.0514 7.22791
      vertex 19.6146 -12.1887 7.22791
    endloop
  endfacet
  facet normal 0.298123 -0.945574 0.13043
    outer loop
      vertex 20.05 -12.0514 7.22791
      vertex 19.6345 -12.2629 6.64431
      vertex 20.05 -12.1319 6.64431
    endloop
  endfacet
  facet normal 0.209034 -0.943084 0.258645
    outer loop
      vertex 18.9162 -12.3436 7.22791
      vertex 19.5752 -12.0416 7.79648
      vertex 18.8768 -12.1964 7.79648
    endloop
  endfacet
  facet normal 0.209172 -0.943096 0.258492
    outer loop
      vertex 19.5752 -12.0416 7.79648
      vertex 18.9162 -12.3436 7.22791
      vertex 19.6146 -12.1887 7.22791
    endloop
  endfacet
  facet normal 0.195101 -0.980783 0
    outer loop
      vertex 18.36 -12.5324 6.45
      vertex 18.9361 -12.4178 6.64431
      vertex 18.36 -12.5324 6.64431
    endloop
  endfacet
  facet normal 0.195101 -0.980783 0
    outer loop
      vertex 18.9361 -12.4178 6.64431
      vertex 18.36 -12.5324 6.45
      vertex 18.9361 -12.4178 6.45
    endloop
  endfacet
  facet normal 0.216531 -0.976276 0
    outer loop
      vertex 18.9361 -12.4178 6.45
      vertex 19.6345 -12.2629 6.64431
      vertex 18.9361 -12.4178 6.64431
    endloop
  endfacet
  facet normal 0.216531 -0.976276 0
    outer loop
      vertex 19.6345 -12.2629 6.64431
      vertex 18.9361 -12.4178 6.45
      vertex 19.6345 -12.2629 6.45
    endloop
  endfacet
  facet normal -0.947493 0.188396 0.258388
    outer loop
      vertex -28.5414 2.53179 7.79648
      vertex -28.8012 2.00499 7.22791
      vertex -28.6501 1.98511 7.79648
    endloop
  endfacet
  facet normal -0.957635 0.126111 0.258905
    outer loop
      vertex -28.8946 1.29575 7.22791
      vertex -28.6501 1.98511 7.79648
      vertex -28.8012 2.00499 7.22791
    endloop
  endfacet
  facet normal -0.957634 0.126109 0.258907
    outer loop
      vertex -28.6501 1.98511 7.79648
      vertex -28.8946 1.29575 7.22791
      vertex -28.7435 1.27586 7.79648
    endloop
  endfacet
  facet normal -0.9148 0.310589 0.258216
    outer loop
      vertex -27.9923 4.44024 7.79648
      vertex -28.3186 3.95186 7.22791
      vertex -28.1715 3.91243 7.79648
    endloop
  endfacet
  facet normal -0.756917 0.238637 0.608383
    outer loop
      vertex -27.8847 3.0957 8.85007
      vertex -27.3235 3.68521 9.31705
      vertex -27.6696 3.77796 8.85007
    endloop
  endfacet
  facet normal -0.756918 0.238641 0.608379
    outer loop
      vertex -27.3235 3.68521 9.31705
      vertex -27.8847 3.0957 8.85007
      vertex -27.5386 3.00296 9.31705
    endloop
  endfacet
  facet normal -0.902104 0.199954 0.382397
    outer loop
      vertex -28.5414 2.53179 7.79648
      vertex -28.169 3.17188 8.3403
      vertex -28.3866 3.23018 7.79648
    endloop
  endfacet
  facet normal -0.902103 0.199951 0.3824
    outer loop
      vertex -28.169 3.17188 8.3403
      vertex -28.5414 2.53179 7.79648
      vertex -28.3238 2.47348 8.3403
    endloop
  endfacet
  facet normal -0.889185 0.438591 0.130339
    outer loop
      vertex -27.6705 5.71564 6.64431
      vertex -27.8593 5.15944 7.22791
      vertex -27.6039 5.67723 7.22791
    endloop
  endfacet
  facet normal -0.892407 0.369575 0.25889
    outer loop
      vertex -28.133 4.49854 7.22791
      vertex -27.7185 5.10114 7.79648
      vertex -27.8593 5.15944 7.22791
    endloop
  endfacet
  facet normal -0.892396 0.369705 0.258744
    outer loop
      vertex -27.7185 5.10114 7.79648
      vertex -28.133 4.49854 7.22791
      vertex -27.9923 4.44024 7.79648
    endloop
  endfacet
  facet normal -0.889218 0.438541 0.130281
    outer loop
      vertex -27.6705 5.71564 6.64431
      vertex -27.9303 5.18885 6.64431
      vertex -27.8593 5.15944 7.22791
    endloop
  endfacet
  facet normal -0.916 0.37934 0.130556
    outer loop
      vertex -28.204 4.52794 6.64431
      vertex -27.8593 5.15944 7.22791
      vertex -27.9303 5.18885 6.64431
    endloop
  endfacet
  facet normal -0.915999 0.379345 0.130549
    outer loop
      vertex -27.8593 5.15944 7.22791
      vertex -28.204 4.52794 6.64431
      vertex -28.133 4.49854 7.22791
    endloop
  endfacet
  facet normal -0.938861 0.318698 0.130276
    outer loop
      vertex -28.204 4.52794 6.64431
      vertex -28.3928 3.97175 6.64431
      vertex -28.133 4.49854 7.22791
    endloop
  endfacet
  facet normal -0.814722 0.518958 0.258671
    outer loop
      vertex -27.2736 6.31176 7.22791
      vertex -26.7573 6.83891 7.79648
      vertex -26.8893 6.91508 7.22791
    endloop
  endfacet
  facet normal -0.814691 0.519073 0.258536
    outer loop
      vertex -26.7573 6.83891 7.79648
      vertex -27.2736 6.31176 7.22791
      vertex -27.1417 6.23559 7.79648
    endloop
  endfacet
  facet normal -0.458325 0.401899 0.792727
    outer loop
      vertex -24.3994 7.04366 10.0916
      vertex -24.7296 7.37387 9.73328
      vertex -24.615 6.79779 10.0916
    endloop
  endfacet
  facet normal -0.506841 0.338689 0.792718
    outer loop
      vertex -25.0505 6.23026 10.0916
      vertex -25.6366 6.19184 9.73328
      vertex -25.2322 5.95835 10.0916
    endloop
  endfacet
  facet normal -0.282428 0.258803 0.923718
    outer loop
      vertex -24.0389 6.6832 10.3859
      vertex -23.1711 6.82608 10.6112
      vertex -23.5556 7.21062 10.3859
    endloop
  endfacet
  facet normal -0.282428 0.258803 0.923718
    outer loop
      vertex -23.1711 6.82608 10.6112
      vertex -24.0389 6.6832 10.3859
      vertex -23.6544 6.29866 10.6112
    endloop
  endfacet
  facet normal -0.170996 0.194889 0.965805
    outer loop
      vertex -22.1553 6.98305 10.7635
      vertex -22.5014 7.43413 10.6112
      vertex -22.2416 6.90733 10.7635
    endloop
  endfacet
  facet normal -0.532206 0.466738 0.706337
    outer loop
      vertex -25.0239 7.66819 9.31705
      vertex -25.3157 7.33546 9.31705
      vertex -24.7296 7.37387 9.73328
    endloop
  endfacet
  facet normal -0.660166 0.441095 0.607961
    outer loop
      vertex -26.0355 6.98606 8.85007
      vertex -26.3074 6.57912 8.85007
      vertex -25.7512 6.76792 9.31705
    endloop
  endfacet
  facet normal -0.800091 0.331465 0.499986
    outer loop
      vertex -27.7842 4.35404 8.3403
      vertex -27.2385 4.90231 8.85007
      vertex -27.5104 5.01494 8.3403
    endloop
  endfacet
  facet normal -0.800091 0.331465 0.499986
    outer loop
      vertex -27.2385 4.90231 8.85007
      vertex -27.7842 4.35404 8.3403
      vertex -27.5123 4.24141 8.85007
    endloop
  endfacet
  facet normal -0.828871 0.408707 0.382011
    outer loop
      vertex -27.472 5.60105 7.79648
      vertex -27.7185 5.10114 7.79648
      vertex -27.2769 5.48842 8.3403
    endloop
  endfacet
  facet normal -0.627495 0.326638 0.706794
    outer loop
      vertex -26.7117 5.1621 9.31705
      vertex -26.0209 5.58852 9.73328
      vertex -26.3814 5.79663 9.31705
    endloop
  endfacet
  facet normal -0.62752 0.32675 0.70672
    outer loop
      vertex -26.0209 5.58852 9.73328
      vertex -26.7117 5.1621 9.31705
      vertex -26.3513 4.95399 9.73328
    endloop
  endfacet
  facet normal -0.634956 0.313018 0.706293
    outer loop
      vertex -26.3513 4.95399 9.73328
      vertex -26.7117 5.1621 9.31705
      vertex -26.5229 4.6059 9.73328
    endloop
  endfacet
  facet normal -0.651468 0.57132 0.499182
    outer loop
      vertex -25.4854 8.12968 8.3403
      vertex -25.6 7.5536 8.85007
      vertex -25.2773 7.92157 8.85007
    endloop
  endfacet
  facet normal -0.745427 0.653753 0.130179
    outer loop
      vertex -25.8067 8.45102 6.64431
      vertex -26.194 8.00941 6.64431
      vertex -26.1331 7.96264 7.22791
    endloop
  endfacet
  facet normal -0.7122 0.652623 0.258563
    outer loop
      vertex -25.7524 8.39669 7.22791
      vertex -25.1614 8.81638 7.79648
      vertex -25.2691 8.92411 7.22791
    endloop
  endfacet
  facet normal -0.7122 0.652623 0.258563
    outer loop
      vertex -25.1614 8.81638 7.79648
      vertex -25.7524 8.39669 7.22791
      vertex -25.6447 8.28896 7.79648
    endloop
  endfacet
  facet normal -0.768378 0.513419 0.382095
    outer loop
      vertex -26.4477 7.30236 7.79648
      vertex -26.5622 6.72628 8.3403
      vertex -26.2689 7.16523 8.3403
    endloop
  endfacet
  facet normal -0.76846 0.513357 0.382012
    outer loop
      vertex -26.4477 7.30236 7.79648
      vertex -26.7573 6.83891 7.79648
      vertex -26.5622 6.72628 8.3403
    endloop
  endfacet
  facet normal -0.115991 0.0603771 0.991414
    outer loop
      vertex -24.542 3.90941 10.7635
      vertex -23.7063 4.25215 10.8404
      vertex -24.2117 4.54395 10.7635
    endloop
  endfacet
  facet normal -0.115991 0.0603783 0.991413
    outer loop
      vertex -23.7063 4.25215 10.8404
      vertex -24.542 3.90941 10.7635
      vertex -24.0366 3.61762 10.8404
    endloop
  endfacet
  facet normal -0.288271 0.252867 0.923557
    outer loop
      vertex -24.0389 6.6832 10.3859
      vertex -24.2106 6.48746 10.3859
      vertex -23.6544 6.29866 10.6112
    endloop
  endfacet
  facet normal -0.130637 0.0057031 0.991414
    outer loop
      vertex -25.3967 0.719666 10.7635
      vertex -24.8443 0.00498962 10.8404
      vertex -24.8131 0.719666 10.8404
    endloop
  endfacet
  facet normal -0.130637 0.0057031 0.991414
    outer loop
      vertex -24.8443 0.00498962 10.8404
      vertex -25.3967 0.719666 10.7635
      vertex -25.4279 0.00498962 10.7635
    endloop
  endfacet
  facet normal -0.190919 0.174949 0.96589
    outer loop
      vertex -23.6544 6.29866 10.6112
      vertex -22.769 6.42404 10.7635
      vertex -23.1711 6.82608 10.6112
    endloop
  endfacet
  facet normal -0.190919 0.174949 0.96589
    outer loop
      vertex -22.769 6.42404 10.7635
      vertex -23.6544 6.29866 10.6112
      vertex -23.2523 5.89662 10.7635
    endloop
  endfacet
  facet normal -0.449153 0.221403 0.865588
    outer loop
      vertex -25.5054 4.46561 10.3859
      vertex -26.0915 4.42719 10.0916
      vertex -25.6205 4.23211 10.3859
    endloop
  endfacet
  facet normal -0.103652 0.079519 0.99143
    outer loop
      vertex -23.3281 5.81028 10.7635
      vertex -23.3005 4.88748 10.8404
      vertex -22.8651 5.45502 10.8404
    endloop
  endfacet
  facet normal -0.103651 0.0795191 0.99143
    outer loop
      vertex -23.3005 4.88748 10.8404
      vertex -23.3281 5.81028 10.7635
      vertex -23.7635 5.24275 10.7635
    endloop
  endfacet
  facet normal -0.343939 0.169539 0.923559
    outer loop
      vertex -25.5054 4.46561 10.3859
      vertex -25.6205 4.23211 10.3859
      vertex -25.1181 4.024 10.6112
    endloop
  endfacet
  facet normal -0.124713 0.0393196 0.991413
    outer loop
      vertex -24.9035 3.03677 10.7635
      vertex -24.5549 2.20348 10.8404
      vertex -24.3398 2.88573 10.8404
    endloop
  endfacet
  facet normal -0.124713 0.0393196 0.991413
    outer loop
      vertex -24.5549 2.20348 10.8404
      vertex -24.9035 3.03677 10.7635
      vertex -25.1186 2.35452 10.7635
    endloop
  endfacet
  facet normal -0.117406 0.0579105 0.991394
    outer loop
      vertex -24.542 3.90941 10.7635
      vertex -24.5928 3.80642 10.7635
      vertex -24.0536 3.58309 10.8404
    endloop
  endfacet
  facet normal -0.239052 0.0989975 0.965947
    outer loop
      vertex -25.1181 4.024 10.6112
      vertex -24.8665 3.14551 10.7635
      vertex -24.5928 3.80642 10.7635
    endloop
  endfacet
  facet normal -0.23905 0.0989982 0.965948
    outer loop
      vertex -24.8665 3.14551 10.7635
      vertex -25.1181 4.024 10.6112
      vertex -25.3918 3.3631 10.6112
    endloop
  endfacet
  facet normal -0.229714 0.119576 0.965885
    outer loop
      vertex -25.0344 4.1937 10.6112
      vertex -24.2117 4.54395 10.7635
      vertex -24.7041 4.82823 10.6112
    endloop
  endfacet
  facet normal -0.229713 0.119574 0.965885
    outer loop
      vertex -24.2117 4.54395 10.7635
      vertex -25.0344 4.1937 10.6112
      vertex -24.542 3.90941 10.7635
    endloop
  endfacet
  facet normal -0.373974 0.0828924 0.923727
    outer loop
      vertex -26.3479 1.94404 10.3859
      vertex -25.6678 2.50168 10.6112
      vertex -26.1931 2.64243 10.3859
    endloop
  endfacet
  facet normal -0.373973 0.082891 0.923728
    outer loop
      vertex -25.6678 2.50168 10.6112
      vertex -26.3479 1.94404 10.3859
      vertex -25.8226 1.80328 10.6112
    endloop
  endfacet
  facet normal -0.60882 0 0.793308
    outer loop
      vertex -27.517 0.00498962 9.73328
      vertex -27.0501 -0.00498962 10.0916
      vertex -27.0501 0.00498962 10.0916
    endloop
  endfacet
  facet normal -0.60882 0 0.793308
    outer loop
      vertex -27.0501 -0.00498962 10.0916
      vertex -27.517 0.00498962 9.73328
      vertex -27.517 -0.00498962 9.73328
    endloop
  endfacet
  facet normal -0.491159 0.0977125 0.865572
    outer loop
      vertex -26.3479 1.94404 10.3859
      vertex -26.8403 2.07597 10.0916
      vertex -26.3987 1.68869 10.3859
    endloop
  endfacet
  facet normal -0.108837 -0.072762 0.991393
    outer loop
      vertex -23.3219 -4.85547 10.8404
      vertex -23.8273 -5.14727 10.7635
      vertex -23.3005 -4.88748 10.8404
    endloop
  endfacet
  facet normal -0.176875 -0.339773 0.923726
    outer loop
      vertex -21.1732 -8.35909 10.6112
      vertex -20.8106 -9.16036 10.3859
      vertex -20.5387 -8.68939 10.6112
    endloop
  endfacet
  facet normal -0.176882 -0.339776 0.923724
    outer loop
      vertex -20.8106 -9.16036 10.3859
      vertex -21.1732 -8.35909 10.6112
      vertex -21.4451 -8.83005 10.3859
    endloop
  endfacet
  facet normal -0.123948 -0.042166 0.991392
    outer loop
      vertex -24.3398 -2.88573 10.8404
      vertex -24.9035 -3.03677 10.7635
      vertex -24.3274 -2.92218 10.8404
    endloop
  endfacet
  facet normal -0.209034 0.943084 0.258645
    outer loop
      vertex -18.9162 12.3436 7.22791
      vertex -19.5752 12.0416 7.79648
      vertex -18.8768 12.1964 7.79648
    endloop
  endfacet
  facet normal -0.209172 0.943096 0.258492
    outer loop
      vertex -19.5752 12.0416 7.79648
      vertex -18.9162 12.3436 7.22791
      vertex -19.6146 12.1887 7.22791
    endloop
  endfacet
  facet normal -0.195101 0.980783 0
    outer loop
      vertex -18.36 12.5324 6.45
      vertex -18.9361 12.4178 6.64431
      vertex -18.36 12.5324 6.64431
    endloop
  endfacet
  facet normal -0.195101 0.980783 0
    outer loop
      vertex -18.9361 12.4178 6.64431
      vertex -18.36 12.5324 6.45
      vertex -18.9361 12.4178 6.45
    endloop
  endfacet
  facet normal -0.382619 0.923906 -1.66017e-05
    outer loop
      vertex -20.8729 11.859 6.64431
      vertex -21.4983 11.6 6.55
      vertex -21.5338 11.5853 6.64431
    endloop
  endfacet
  facet normal -0.382621 0.923905 0
    outer loop
      vertex -20.8729 11.859 6.45
      vertex -21.4983 11.6 6.55
      vertex -20.8729 11.859 6.64431
    endloop
  endfacet
  facet normal -0.382621 0.923905 0
    outer loop
      vertex -21.4983 11.6 6.55
      vertex -20.8729 11.859 6.45
      vertex -21.4983 11.6 6.45
    endloop
  endfacet
  facet normal -0.382582 0.923922 0
    outer loop
      vertex -21.5338 11.5853 6.64431
      vertex -21.4983 11.6 6.55
      vertex -21.5338 11.5853 6.55
    endloop
  endfacet
  facet normal -0.268842 0.421969 0.865833
    outer loop
      vertex -22.3033 8.88715 10.0916
      vertex -21.4451 8.83005 10.3859
      vertex -21.7 9.27152 10.0916
    endloop
  endfacet
  facet normal -0.268831 0.422022 0.86581
    outer loop
      vertex -21.4451 8.83005 10.3859
      vertex -22.3033 8.88715 10.0916
      vertex -22.0485 8.44568 10.3859
    endloop
  endfacet
  facet normal -0.338692 0.506867 0.7927
    outer loop
      vertex -22.5368 9.29158 9.73328
      vertex -22.8595 9.07595 9.73328
      vertex -22.5753 8.70547 10.0916
    endloop
  endfacet
  facet normal -0.441054 0.660178 0.607977
    outer loop
      vertex -22.9241 9.96236 8.85007
      vertex -23.3311 9.69045 8.85007
      vertex -23.1129 9.40617 9.31705
    endloop
  endfacet
  facet normal -0.441189 0.660159 0.6079
    outer loop
      vertex -22.9241 9.96236 8.85007
      vertex -23.1129 9.40617 9.31705
      vertex -22.745 9.65204 9.31705
    endloop
  endfacet
  facet normal -0.603539 0.786562 0.130613
    outer loop
      vertex -23.7869 10.2845 6.64431
      vertex -24.3076 9.78805 7.22791
      vertex -23.7401 10.2235 7.22791
    endloop
  endfacet
  facet normal -0.603579 0.786541 0.13056
    outer loop
      vertex -24.3076 9.78805 7.22791
      vertex -23.7869 10.2845 6.64431
      vertex -24.3544 9.84901 6.64431
    endloop
  endfacet
  facet normal -0.53658 0.80331 0.25841
    outer loop
      vertex -23.2601 10.5443 7.22791
      vertex -23.6474 10.1027 7.79648
      vertex -23.1839 10.4123 7.79648
    endloop
  endfacet
  facet normal -0.562342 0.732967 0.382794
    outer loop
      vertex -23.6474 10.1027 7.79648
      vertex -24.0778 9.48848 8.3403
      vertex -23.5102 9.92395 8.3403
    endloop
  endfacet
  facet normal -0.56247 0.732938 0.38266
    outer loop
      vertex -24.0778 9.48848 8.3403
      vertex -23.6474 10.1027 7.79648
      vertex -24.2149 9.66719 7.79648
    endloop
  endfacet
  facet normal -0.29049 0.921303 0.258489
    outer loop
      vertex -19.6146 12.1887 7.22791
      vertex -20.2574 11.8265 7.79648
      vertex -19.5752 12.0416 7.79648
    endloop
  endfacet
  facet normal -0.290447 0.921303 0.258537
    outer loop
      vertex -20.2574 11.8265 7.79648
      vertex -19.6146 12.1887 7.22791
      vertex -20.2969 11.9736 7.22791
    endloop
  endfacet
  facet normal -0.571294 0.651491 0.499182
    outer loop
      vertex -23.8986 9.25498 8.85007
      vertex -24.4747 9.14039 8.3403
      vertex -24.2666 8.93228 8.85007
    endloop
  endfacet
  facet normal -0.585234 0.638648 0.49963
    outer loop
      vertex -24.4747 9.14039 8.3403
      vertex -24.794 8.44899 8.85007
      vertex -24.2666 8.93228 8.85007
    endloop
  endfacet
  facet normal -0.585234 0.638648 0.49963
    outer loop
      vertex -24.794 8.44899 8.85007
      vertex -24.4747 9.14039 8.3403
      vertex -25.0021 8.6571 8.3403
    endloop
  endfacet
  facet normal -0.571321 0.651433 0.499226
    outer loop
      vertex -24.0778 9.48848 8.3403
      vertex -24.4747 9.14039 8.3403
      vertex -23.8986 9.25498 8.85007
    endloop
  endfacet
  facet normal -0.0829079 0.373977 0.923725
    outer loop
      vertex -18.289 10.0029 10.3859
      vertex -18.8467 9.32277 10.6112
      vertex -18.1483 9.4776 10.6112
    endloop
  endfacet
  facet normal -0.0829142 0.373981 0.923722
    outer loop
      vertex -18.8467 9.32277 10.6112
      vertex -18.289 10.0029 10.3859
      vertex -18.9874 9.84806 10.3859
    endloop
  endfacet
  facet normal -0.07483 0.376065 0.923567
    outer loop
      vertex -18.0337 10.0537 10.3859
      vertex -18.289 10.0029 10.3859
      vertex -17.9627 9.51452 10.6112
    endloop
  endfacet
  facet normal -0.161001 0.47421 0.865565
    outer loop
      vertex -19.6697 9.63295 10.3859
      vertex -20.1113 10.0202 10.0916
      vertex -19.9162 9.54926 10.3859
    endloop
  endfacet
  facet normal -0.232924 0.562378 0.793396
    outer loop
      vertex -20.29 10.4517 9.73328
      vertex -20.7722 9.74647 10.0916
      vertex -20.1113 10.0202 10.0916
    endloop
  endfacet
  facet normal -0.232996 0.562406 0.793355
    outer loop
      vertex -20.7722 9.74647 10.0916
      vertex -20.29 10.4517 9.73328
      vertex -20.9509 10.1779 9.73328
    endloop
  endfacet
  facet normal -0.191342 0.461931 0.86603
    outer loop
      vertex -20.1113 10.0202 10.0916
      vertex -20.5771 9.2755 10.3859
      vertex -19.9162 9.54926 10.3859
    endloop
  endfacet
  facet normal -0.191317 0.461919 0.866042
    outer loop
      vertex -20.5771 9.2755 10.3859
      vertex -20.1113 10.0202 10.0916
      vertex -20.7722 9.74647 10.0916
    endloop
  endfacet
  facet normal -0.0976839 0.491175 0.865566
    outer loop
      vertex -18.1002 10.5591 10.0916
      vertex -18.421 10.4953 10.0916
      vertex -18.0337 10.0537 10.3859
    endloop
  endfacet
  facet normal -0.138092 0.694292 0.706321
    outer loop
      vertex -18.1612 11.0221 9.73328
      vertex -18.6496 11.3484 9.31705
      vertex -18.5418 10.9464 9.73328
    endloop
  endfacet
  facet normal -0.052027 0.792246 0.60798
    outer loop
      vertex -17.0647 11.5571 9.31705
      vertex -17.553 11.8834 8.85007
      vertex -17.5063 11.5281 9.31705
    endloop
  endfacet
  facet normal -0.0463891 0.706394 0.706297
    outer loop
      vertex -17.0647 11.5571 9.31705
      vertex -17.5063 11.5281 9.31705
      vertex -17.4519 11.1155 9.73328
    endloop
  endfacet
  facet normal -0.466708 0.532203 0.706359
    outer loop
      vertex -23.6805 8.9707 9.31705
      vertex -23.7189 8.38459 9.73328
      vertex -23.4271 8.64048 9.73328
    endloop
  endfacet
  facet normal -0.466764 0.532188 0.706333
    outer loop
      vertex -23.6805 8.9707 9.31705
      vertex -24.0132 8.6789 9.31705
      vertex -23.7189 8.38459 9.73328
    endloop
  endfacet
  facet normal -0.313013 0.634963 0.706289
    outer loop
      vertex -20.9509 10.1779 9.73328
      vertex -21.5071 10.3667 9.31705
      vertex -21.299 10.0063 9.73328
    endloop
  endfacet
  facet normal -0.327288 0.513705 0.793089
    outer loop
      vertex -22.5368 9.29158 9.73328
      vertex -21.7 9.27152 10.0916
      vertex -21.9335 9.67595 9.73328
    endloop
  endfacet
  facet normal -0.327288 0.513705 0.793089
    outer loop
      vertex -21.7 9.27152 10.0916
      vertex -22.5368 9.29158 9.73328
      vertex -22.3033 8.88715 10.0916
    endloop
  endfacet
  facet normal 0.0566255 0.864647 0.499178
    outer loop
      vertex 17.0647 12.2097 8.3403
      vertex 17.0647 11.9154 8.85007
      vertex 17.5915 12.1752 8.3403
    endloop
  endfacet
  facet normal -0.0566621 0.864629 0.499206
    outer loop
      vertex -17.0647 11.9154 8.85007
      vertex -17.5915 12.1752 8.3403
      vertex -17.553 11.8834 8.85007
    endloop
  endfacet
  facet normal -0.0566255 0.864647 0.499178
    outer loop
      vertex -17.0647 12.2097 8.3403
      vertex -17.5915 12.1752 8.3403
      vertex -17.0647 11.9154 8.85007
    endloop
  endfacet
  facet normal -0.0402978 0.923104 0.382434
    outer loop
      vertex -16.35 12.4662 7.79648
      vertex -17.0647 12.2097 8.3403
      vertex -16.35 12.2409 8.3403
    endloop
  endfacet
  facet normal -0.0402978 0.923104 0.382434
    outer loop
      vertex -17.0647 12.2097 8.3403
      vertex -16.35 12.4662 7.79648
      vertex -17.0647 12.435 7.79648
    endloop
  endfacet
  facet normal -0.0647557 0.989371 0.130198
    outer loop
      vertex -17.0647 12.6641 6.64431
      vertex -17.6407 12.5496 7.22791
      vertex -17.0647 12.5873 7.22791
    endloop
  endfacet
  facet normal -0.277855 0.881232 0.382397
    outer loop
      vertex -19.5752 12.0416 7.79648
      vertex -20.1991 11.6089 8.3403
      vertex -19.5169 11.824 8.3403
    endloop
  endfacet
  facet normal -0.277855 0.881232 0.382397
    outer loop
      vertex -20.1991 11.6089 8.3403
      vertex -19.5752 12.0416 7.79648
      vertex -20.2574 11.8265 7.79648
    endloop
  endfacet
  facet normal -0.297115 0.875096 0.382007
    outer loop
      vertex -20.2574 11.8265 7.79648
      vertex -20.7852 11.6473 7.79648
      vertex -20.1991 11.6089 8.3403
    endloop
  endfacet
  facet normal 0.0505844 0.254277 0.965808
    outer loop
      vertex 18.1483 9.4776 10.6112
      vertex 17.8885 8.95081 10.7635
      vertex 18.0011 8.92841 10.7635
    endloop
  endfacet
  facet normal 0 0.966207 0.257766
    outer loop
      vertex 16.35 12.4662 7.79648
      vertex -2.05 12.4786 7.75
      vertex -2.05203 12.4662 7.79648
    endloop
  endfacet
  facet normal -2.64401e-06 0.965946 0.258743
    outer loop
      vertex 16.35 12.6185 7.22791
      vertex -2.05 12.4786 7.75
      vertex 16.35 12.4662 7.79648
    endloop
  endfacet
  facet normal -6.12781e-06 0.965977 0.258629
    outer loop
      vertex -2.05 12.4786 7.75
      vertex 16.35 12.6185 7.22791
      vertex -2.05228 12.4926 7.69771
    endloop
  endfacet
  facet normal -4.02193e-06 0.965956 0.258706
    outer loop
      vertex -2.05228 12.4926 7.69771
      vertex 16.35 12.6185 7.22791
      vertex -2.05911 12.5065 7.64581
    endloop
  endfacet
  facet normal 2.07391e-06 0.965889 0.258956
    outer loop
      vertex -2.05911 12.5065 7.64581
      vertex 16.35 12.6185 7.22791
      vertex -2.07044 12.5202 7.59471
    endloop
  endfacet
  facet normal 8.33335e-06 0.96581 0.259249
    outer loop
      vertex -2.07044 12.5202 7.59471
      vertex 16.35 12.6185 7.22791
      vertex -2.08618 12.5336 7.54479
    endloop
  endfacet
  facet normal 1.47086e-05 0.965717 0.259595
    outer loop
      vertex -2.08618 12.5336 7.54479
      vertex 16.35 12.6185 7.22791
      vertex -2.10621 12.5466 7.49643
    endloop
  endfacet
  facet normal -9.7004e-06 0.966137 0.25803
    outer loop
      vertex -2.10621 12.5466 7.49643
      vertex 16.35 12.6185 7.22791
      vertex -2.13038 12.559 7.45
    endloop
  endfacet
  facet normal -7.35944e-06 0.966088 0.258212
    outer loop
      vertex -2.13038 12.559 7.45
      vertex 16.35 12.6185 7.22791
      vertex -2.15851 12.5708 7.40585
    endloop
  endfacet
  facet normal 1.54949e-05 0.965493 0.260429
    outer loop
      vertex -2.15851 12.5708 7.40585
      vertex 16.35 12.6185 7.22791
      vertex -2.19037 12.582 7.36433
    endloop
  endfacet
  facet normal -4.57268e-06 0.966176 0.257885
    outer loop
      vertex -2.19037 12.582 7.36433
      vertex 16.35 12.6185 7.22791
      vertex -2.22574 12.5923 7.32574
    endloop
  endfacet
  facet normal 3.93295e-06 0.965772 0.259392
    outer loop
      vertex -2.22574 12.5923 7.32574
      vertex 16.35 12.6185 7.22791
      vertex -2.26433 12.6018 7.29037
    endloop
  endfacet
  facet normal -1.86867e-06 0.966204 0.257778
    outer loop
      vertex -2.26433 12.6018 7.29037
      vertex 16.35 12.6185 7.22791
      vertex -2.30585 12.6103 7.25851
    endloop
  endfacet
  facet normal 3.47521e-06 0.965388 0.260818
    outer loop
      vertex -2.30585 12.6103 7.25851
      vertex 16.35 12.6185 7.22791
      vertex -2.35 12.6179 7.23038
    endloop
  endfacet
  facet normal 0 0.971741 0.23605
    outer loop
      vertex -2.35 12.6179 7.23038
      vertex 16.35 12.6185 7.22791
      vertex -2.35476 12.6185 7.22791
    endloop
  endfacet
  facet normal 0 0.966207 0.257766
    outer loop
      vertex -3.25 12.4786 7.75
      vertex -16.35 12.4662 7.79648
      vertex -3.24797 12.4662 7.79648
    endloop
  endfacet
  facet normal 8.6027e-06 0.965977 0.258629
    outer loop
      vertex -16.35 12.6185 7.22791
      vertex -3.25 12.4786 7.75
      vertex -3.24772 12.4926 7.69771
    endloop
  endfacet
  facet normal 5.64116e-06 0.965956 0.258706
    outer loop
      vertex -16.35 12.6185 7.22791
      vertex -3.24772 12.4926 7.69771
      vertex -3.24088 12.5065 7.64581
    endloop
  endfacet
  facet normal -2.90652e-06 0.965889 0.258956
    outer loop
      vertex -16.35 12.6185 7.22791
      vertex -3.24088 12.5065 7.64581
      vertex -3.22956 12.5202 7.59471
    endloop
  endfacet
  facet normal -1.16701e-05 0.965811 0.259248
    outer loop
      vertex -16.35 12.6185 7.22791
      vertex -3.22956 12.5202 7.59471
      vertex -3.21381 12.5336 7.54479
    endloop
  endfacet
  facet normal -2.05843e-05 0.965718 0.259593
    outer loop
      vertex -16.35 12.6185 7.22791
      vertex -3.21381 12.5336 7.54479
      vertex -3.19378 12.5466 7.49643
    endloop
  endfacet
  facet normal 1.35671e-05 0.966136 0.258032
    outer loop
      vertex -16.35 12.6185 7.22791
      vertex -3.19378 12.5466 7.49643
      vertex -3.16961 12.559 7.45
    endloop
  endfacet
  facet normal 1.02874e-05 0.966088 0.258214
    outer loop
      vertex -16.35 12.6185 7.22791
      vertex -3.16961 12.559 7.45
      vertex -3.14149 12.5708 7.40585
    endloop
  endfacet
  facet normal -2.16488e-05 0.965494 0.260425
    outer loop
      vertex -16.35 12.6185 7.22791
      vertex -3.14149 12.5708 7.40585
      vertex -3.10963 12.582 7.36433
    endloop
  endfacet
  facet normal 6.38596e-06 0.966175 0.257886
    outer loop
      vertex -16.35 12.6185 7.22791
      vertex -3.10963 12.582 7.36433
      vertex -3.07426 12.5923 7.32574
    endloop
  endfacet
  facet normal -5.49057e-06 0.965773 0.25939
    outer loop
      vertex -16.35 12.6185 7.22791
      vertex -3.07426 12.5923 7.32574
      vertex -3.03567 12.6018 7.29037
    endloop
  endfacet
  facet normal 2.60801e-06 0.966204 0.257779
    outer loop
      vertex -16.35 12.6185 7.22791
      vertex -3.03567 12.6018 7.29037
      vertex -2.99415 12.6103 7.25851
    endloop
  endfacet
  facet normal -4.84933e-06 0.965389 0.260815
    outer loop
      vertex -16.35 12.6185 7.22791
      vertex -2.99415 12.6103 7.25851
      vertex -2.95 12.6179 7.23038
    endloop
  endfacet
  facet normal -0 0.971741 0.23605
    outer loop
      vertex -16.35 12.6185 7.22791
      vertex -2.95 12.6179 7.23038
      vertex -2.94524 12.6185 7.22791
    endloop
  endfacet
  facet normal 3.71373e-06 0.965946 0.258743
    outer loop
      vertex -3.25 12.4786 7.75
      vertex -16.35 12.6185 7.22791
      vertex -16.35 12.4662 7.79648
    endloop
  endfacet
  facet normal -0.127667 0.0282976 0.991413
    outer loop
      vertex -25.2734 1.65613 10.7635
      vertex -24.5549 2.20348 10.8404
      vertex -25.1186 2.35452 10.7635
    endloop
  endfacet
  facet normal -0.127666 0.0282971 0.991413
    outer loop
      vertex -24.5549 2.20348 10.8404
      vertex -25.2734 1.65613 10.7635
      vertex -24.7097 1.50508 10.8404
    endloop
  endfacet
  facet normal -0.0727283 -0.108854 0.991394
    outer loop
      vertex -21.2325 -6.95553 10.8404
      vertex -21.4923 -7.48232 10.7635
      vertex -21.2005 -6.97691 10.8404
    endloop
  endfacet
  facet normal -0.120688 -0.0499982 0.991431
    outer loop
      vertex -24.3274 -2.92218 10.8404
      vertex -24.5928 -3.80642 10.7635
      vertex -24.0536 -3.58309 10.8404
    endloop
  endfacet
  facet normal -0.120713 -0.0499904 0.991428
    outer loop
      vertex -24.5928 -3.80642 10.7635
      vertex -24.3274 -2.92218 10.8404
      vertex -24.8665 -3.14551 10.7635
    endloop
  endfacet
  facet normal -0.119569 -0.229718 0.965885
    outer loop
      vertex -20.889 -7.86669 10.7635
      vertex -20.5387 -8.68939 10.6112
      vertex -20.2544 -8.197 10.7635
    endloop
  endfacet
  facet normal -0.119588 -0.229725 0.96588
    outer loop
      vertex -20.5387 -8.68939 10.6112
      vertex -20.889 -7.86669 10.7635
      vertex -21.1732 -8.35909 10.6112
    endloop
  endfacet
  facet normal 0.216531 0.976276 -0
    outer loop
      vertex 19.6345 12.2629 6.45
      vertex 18.9361 12.4178 6.64431
      vertex 19.6345 12.2629 6.64431
    endloop
  endfacet
  facet normal 0.216531 0.976276 0
    outer loop
      vertex 18.9361 12.4178 6.64431
      vertex 19.6345 12.2629 6.45
      vertex 18.9361 12.4178 6.45
    endloop
  endfacet
  facet normal -0.205308 0.157509 0.96594
    outer loop
      vertex -23.7791 6.15641 10.6112
      vertex -23.7635 5.24275 10.7635
      vertex -23.3281 5.81028 10.7635
    endloop
  endfacet
  facet normal -0.205267 0.157511 0.965948
    outer loop
      vertex -23.7635 5.24275 10.7635
      vertex -23.7791 6.15641 10.6112
      vertex -24.2146 5.58887 10.6112
    endloop
  endfacet
  facet normal -0.0983855 -0.0863751 0.991393
    outer loop
      vertex -22.8651 -5.45502 10.8404
      vertex -23.3281 -5.81028 10.7635
      vertex -23.2523 -5.89662 10.7635
    endloop
  endfacet
  facet normal -0.0977287 -0.491145 0.865579
    outer loop
      vertex -18.289 -10.0029 10.3859
      vertex -18.421 -10.4953 10.0916
      vertex -18.0337 -10.0537 10.3859
    endloop
  endfacet
  facet normal -0.0393238 -0.124706 0.991414
    outer loop
      vertex -19.3818 -8.55846 10.7635
      vertex -18.5485 -8.20987 10.8404
      vertex -19.2307 -7.99475 10.8404
    endloop
  endfacet
  facet normal -0.0393195 -0.124716 0.991413
    outer loop
      vertex -18.5485 -8.20987 10.8404
      vertex -19.3818 -8.55846 10.7635
      vertex -18.6995 -8.77357 10.7635
    endloop
  endfacet
  facet normal -0.0829079 -0.373977 0.923725
    outer loop
      vertex -18.8467 -9.32277 10.6112
      vertex -18.289 -10.0029 10.3859
      vertex -18.1483 -9.4776 10.6112
    endloop
  endfacet
  facet normal -0.0829142 -0.373981 0.923722
    outer loop
      vertex -18.289 -10.0029 10.3859
      vertex -18.8467 -9.32277 10.6112
      vertex -18.9874 -9.84806 10.3859
    endloop
  endfacet
  facet normal -0.108851 -0.0727343 0.991394
    outer loop
      vertex -23.3005 -4.88748 10.8404
      vertex -23.8273 -5.14727 10.7635
      vertex -23.7635 -5.24275 10.7635
    endloop
  endfacet
  facet normal -0.205308 -0.157509 0.96594
    outer loop
      vertex -23.7635 -5.24275 10.7635
      vertex -23.7791 -6.15641 10.6112
      vertex -23.3281 -5.81028 10.7635
    endloop
  endfacet
  facet normal -0.205267 -0.157511 0.965948
    outer loop
      vertex -23.7791 -6.15641 10.6112
      vertex -23.7635 -5.24275 10.7635
      vertex -24.2146 -5.58887 10.6112
    endloop
  endfacet
  facet normal -0.0337739 -0.256533 0.965945
    outer loop
      vertex -17.8885 -8.95081 10.7635
      vertex -17.2535 -9.60788 10.6112
      vertex -17.1793 -9.04418 10.7635
    endloop
  endfacet
  facet normal -0.0337698 -0.256529 0.965946
    outer loop
      vertex -17.2535 -9.60788 10.6112
      vertex -17.8885 -8.95081 10.7635
      vertex -17.9627 -9.51452 10.6112
    endloop
  endfacet
  facet normal -0.00570301 -0.130639 0.991414
    outer loop
      vertex -17.0647 -9.05169 10.7635
      vertex -16.35 -8.4993 10.8404
      vertex -17.0647 -8.4681 10.8404
    endloop
  endfacet
  facet normal -0.00570301 -0.130639 0.991414
    outer loop
      vertex -16.35 -8.4993 10.8404
      vertex -17.0647 -9.05169 10.7635
      vertex -16.35 -9.08289 10.7635
    endloop
  endfacet
  facet normal -0.00857302 -0.130636 0.991393
    outer loop
      vertex -17.0647 -8.4681 10.8404
      vertex -17.1031 -8.46558 10.8404
      vertex -17.0647 -9.05169 10.7635
    endloop
  endfacet
  facet normal 0.016964 -0.258708 0.965807
    outer loop
      vertex 17.1793 -9.04418 10.7635
      vertex 17.0647 -9.62026 10.6112
      vertex 17.2535 -9.60788 10.6112
    endloop
  endfacet
  facet normal 0.00856086 -0.130636 0.991393
    outer loop
      vertex 17.1031 -8.46558 10.8404
      vertex 17.0647 -9.05169 10.7635
      vertex 17.1793 -9.04418 10.7635
    endloop
  endfacet
  facet normal 0.0499739 -0.37946 0.923858
    outer loop
      vertex 17.9627 -9.51452 10.6112
      vertex 17.3245 -10.1471 10.3859
      vertex 18.0337 -10.0537 10.3859
    endloop
  endfacet
  facet normal 0.0499498 -0.379439 0.923868
    outer loop
      vertex 17.3245 -10.1471 10.3859
      vertex 17.9627 -9.51452 10.6112
      vertex 17.2535 -9.60788 10.6112
    endloop
  endfacet
  facet normal 0.0337698 -0.256529 0.965946
    outer loop
      vertex 17.8885 -8.95081 10.7635
      vertex 17.2535 -9.60788 10.6112
      vertex 17.9627 -9.51452 10.6112
    endloop
  endfacet
  facet normal 0.0337739 -0.256533 0.965945
    outer loop
      vertex 17.2535 -9.60788 10.6112
      vertex 17.8885 -8.95081 10.7635
      vertex 17.1793 -9.04418 10.7635
    endloop
  endfacet
  facet normal 0.183236 -0.580872 0.793103
    outer loop
      vertex 19.1194 -10.3405 10.0916
      vertex 19.9225 -10.5764 9.73328
      vertex 19.8016 -10.1253 10.0916
    endloop
  endfacet
  facet normal 0.183164 -0.581 0.793026
    outer loop
      vertex 19.9225 -10.5764 9.73328
      vertex 19.1194 -10.3405 10.0916
      vertex 19.2402 -10.7915 9.73328
    endloop
  endfacet
  facet normal -0.130634 0.00850174 0.991394
    outer loop
      vertex -24.8106 0.75808 10.8404
      vertex -25.3967 0.719666 10.7635
      vertex -24.8131 0.719666 10.8404
    endloop
  endfacet
  facet normal -0.0795377 -0.10365 0.991428
    outer loop
      vertex -21.8 -6.52005 10.8404
      vertex -21.5877 -7.41852 10.7635
      vertex -21.2325 -6.95553 10.8404
    endloop
  endfacet
  facet normal -0.0795185 -0.103646 0.99143
    outer loop
      vertex -21.5877 -7.41852 10.7635
      vertex -21.8 -6.52005 10.8404
      vertex -22.1553 -6.98305 10.7635
    endloop
  endfacet
  facet normal -0.00857302 0.130636 0.991393
    outer loop
      vertex -17.0647 9.05169 10.7635
      vertex -17.1031 8.46558 10.8404
      vertex -17.0647 8.4681 10.8404
    endloop
  endfacet
  facet normal 0.0569863 -0.117875 0.991392
    outer loop
      vertex 20.05 -7.89107 10.8117
      vertex 19.9281 -7.70862 10.8404
      vertex 20.05 -8.00293 10.7984
    endloop
  endfacet
  facet normal 0.0283046 -0.127667 0.991413
    outer loop
      vertex 18.5485 -8.20987 10.8404
      vertex 18.0011 -8.92841 10.7635
      vertex 18.6995 -8.77357 10.7635
    endloop
  endfacet
  facet normal 0.0283024 -0.127665 0.991413
    outer loop
      vertex 18.0011 -8.92841 10.7635
      vertex 18.5485 -8.20987 10.8404
      vertex 17.8501 -8.3647 10.8404
    endloop
  endfacet
  facet normal 0.0218235 -0.499912 0.865801
    outer loop
      vertex 16.35 -10.1953 10.3859
      vertex 17.0647 -10.6738 10.0916
      vertex 17.0647 -10.1641 10.3859
    endloop
  endfacet
  facet normal 0.0218902 -0.499838 0.865842
    outer loop
      vertex 17.0647 -10.6738 10.0916
      vertex 16.35 -10.1953 10.3859
      vertex 16.35 -10.7051 10.0916
    endloop
  endfacet
  facet normal 0.257965 -0.751133 0.607662
    outer loop
      vertex 20.05 -10.9717 9.31705
      vertex 20.0302 -10.9785 9.31705
      vertex 20.05 -11.0523 9.21742
    endloop
  endfacet
  facet normal 0 -0.966207 0.257766
    outer loop
      vertex -2.05 -12.4786 7.75
      vertex 16.35 -12.4662 7.79648
      vertex -2.05203 -12.4662 7.79648
    endloop
  endfacet
  facet normal -6.12781e-06 -0.965977 0.258629
    outer loop
      vertex 16.35 -12.6185 7.22791
      vertex -2.05 -12.4786 7.75
      vertex -2.05228 -12.4926 7.69771
    endloop
  endfacet
  facet normal -4.02193e-06 -0.965956 0.258706
    outer loop
      vertex 16.35 -12.6185 7.22791
      vertex -2.05228 -12.4926 7.69771
      vertex -2.05911 -12.5065 7.64581
    endloop
  endfacet
  facet normal 2.07391e-06 -0.965889 0.258956
    outer loop
      vertex 16.35 -12.6185 7.22791
      vertex -2.05911 -12.5065 7.64581
      vertex -2.07044 -12.5202 7.59471
    endloop
  endfacet
  facet normal 8.33335e-06 -0.96581 0.259249
    outer loop
      vertex 16.35 -12.6185 7.22791
      vertex -2.07044 -12.5202 7.59471
      vertex -2.08618 -12.5336 7.54479
    endloop
  endfacet
  facet normal 1.47086e-05 -0.965717 0.259595
    outer loop
      vertex 16.35 -12.6185 7.22791
      vertex -2.08618 -12.5336 7.54479
      vertex -2.10621 -12.5466 7.49643
    endloop
  endfacet
  facet normal -9.7004e-06 -0.966137 0.25803
    outer loop
      vertex 16.35 -12.6185 7.22791
      vertex -2.10621 -12.5466 7.49643
      vertex -2.13038 -12.559 7.45
    endloop
  endfacet
  facet normal -7.35944e-06 -0.966088 0.258212
    outer loop
      vertex 16.35 -12.6185 7.22791
      vertex -2.13038 -12.559 7.45
      vertex -2.15851 -12.5708 7.40585
    endloop
  endfacet
  facet normal 1.54949e-05 -0.965493 0.260429
    outer loop
      vertex 16.35 -12.6185 7.22791
      vertex -2.15851 -12.5708 7.40585
      vertex -2.19037 -12.582 7.36433
    endloop
  endfacet
  facet normal -4.57268e-06 -0.966176 0.257885
    outer loop
      vertex 16.35 -12.6185 7.22791
      vertex -2.19037 -12.582 7.36433
      vertex -2.22574 -12.5923 7.32574
    endloop
  endfacet
  facet normal 3.93295e-06 -0.965772 0.259392
    outer loop
      vertex 16.35 -12.6185 7.22791
      vertex -2.22574 -12.5923 7.32574
      vertex -2.26433 -12.6018 7.29037
    endloop
  endfacet
  facet normal -1.86867e-06 -0.966204 0.257778
    outer loop
      vertex 16.35 -12.6185 7.22791
      vertex -2.26433 -12.6018 7.29037
      vertex -2.30585 -12.6103 7.25851
    endloop
  endfacet
  facet normal 3.47521e-06 -0.965388 0.260818
    outer loop
      vertex 16.35 -12.6185 7.22791
      vertex -2.30585 -12.6103 7.25851
      vertex -2.35 -12.6179 7.23038
    endloop
  endfacet
  facet normal 0 -0.971741 0.23605
    outer loop
      vertex 16.35 -12.6185 7.22791
      vertex -2.35 -12.6179 7.23038
      vertex -2.35476 -12.6185 7.22791
    endloop
  endfacet
  facet normal -2.64401e-06 -0.965946 0.258743
    outer loop
      vertex -2.05 -12.4786 7.75
      vertex 16.35 -12.6185 7.22791
      vertex 16.35 -12.4662 7.79648
    endloop
  endfacet
  facet normal 0 -0.966207 0.257766
    outer loop
      vertex -16.35 -12.4662 7.79648
      vertex -3.25 -12.4786 7.75
      vertex -3.24797 -12.4662 7.79648
    endloop
  endfacet
  facet normal 3.71373e-06 -0.965946 0.258743
    outer loop
      vertex -16.35 -12.6185 7.22791
      vertex -3.25 -12.4786 7.75
      vertex -16.35 -12.4662 7.79648
    endloop
  endfacet
  facet normal 8.6027e-06 -0.965977 0.258629
    outer loop
      vertex -3.25 -12.4786 7.75
      vertex -16.35 -12.6185 7.22791
      vertex -3.24772 -12.4926 7.69771
    endloop
  endfacet
  facet normal 5.64116e-06 -0.965956 0.258706
    outer loop
      vertex -3.24772 -12.4926 7.69771
      vertex -16.35 -12.6185 7.22791
      vertex -3.24088 -12.5065 7.64581
    endloop
  endfacet
  facet normal -2.90652e-06 -0.965889 0.258956
    outer loop
      vertex -3.24088 -12.5065 7.64581
      vertex -16.35 -12.6185 7.22791
      vertex -3.22956 -12.5202 7.59471
    endloop
  endfacet
  facet normal -1.16701e-05 -0.965811 0.259248
    outer loop
      vertex -3.22956 -12.5202 7.59471
      vertex -16.35 -12.6185 7.22791
      vertex -3.21381 -12.5336 7.54479
    endloop
  endfacet
  facet normal -2.05843e-05 -0.965718 0.259593
    outer loop
      vertex -3.21381 -12.5336 7.54479
      vertex -16.35 -12.6185 7.22791
      vertex -3.19378 -12.5466 7.49643
    endloop
  endfacet
  facet normal 1.35671e-05 -0.966136 0.258032
    outer loop
      vertex -3.19378 -12.5466 7.49643
      vertex -16.35 -12.6185 7.22791
      vertex -3.16961 -12.559 7.45
    endloop
  endfacet
  facet normal 1.02874e-05 -0.966088 0.258214
    outer loop
      vertex -3.16961 -12.559 7.45
      vertex -16.35 -12.6185 7.22791
      vertex -3.14149 -12.5708 7.40585
    endloop
  endfacet
  facet normal -2.16488e-05 -0.965494 0.260425
    outer loop
      vertex -3.14149 -12.5708 7.40585
      vertex -16.35 -12.6185 7.22791
      vertex -3.10963 -12.582 7.36433
    endloop
  endfacet
  facet normal 6.38596e-06 -0.966175 0.257886
    outer loop
      vertex -3.10963 -12.582 7.36433
      vertex -16.35 -12.6185 7.22791
      vertex -3.07426 -12.5923 7.32574
    endloop
  endfacet
  facet normal -5.49057e-06 -0.965773 0.25939
    outer loop
      vertex -3.07426 -12.5923 7.32574
      vertex -16.35 -12.6185 7.22791
      vertex -3.03567 -12.6018 7.29037
    endloop
  endfacet
  facet normal 2.60801e-06 -0.966204 0.257779
    outer loop
      vertex -3.03567 -12.6018 7.29037
      vertex -16.35 -12.6185 7.22791
      vertex -2.99415 -12.6103 7.25851
    endloop
  endfacet
  facet normal -4.84933e-06 -0.965389 0.260815
    outer loop
      vertex -2.99415 -12.6103 7.25851
      vertex -16.35 -12.6185 7.22791
      vertex -2.95 -12.6179 7.23038
    endloop
  endfacet
  facet normal 0 -0.971741 0.23605
    outer loop
      vertex -2.95 -12.6179 7.23038
      vertex -16.35 -12.6185 7.22791
      vertex -2.94524 -12.6185 7.22791
    endloop
  endfacet
  facet normal 0.188428 -0.947494 0.258359
    outer loop
      vertex 18.8768 -12.1964 7.79648
      vertex 18.35 -12.4562 7.22791
      vertex 18.9162 -12.3436 7.22791
    endloop
  endfacet
  facet normal 0.193389 -0.97244 0.130232
    outer loop
      vertex 18.9162 -12.3436 7.22791
      vertex 18.35 -12.4562 7.22791
      vertex 18.9361 -12.4178 6.64431
    endloop
  endfacet
  facet normal 0.0255434 0.128401 0.991393
    outer loop
      vertex 17.8885 8.95081 10.7635
      vertex 17.8501 8.3647 10.8404
      vertex 18.0011 8.92841 10.7635
    endloop
  endfacet
  facet normal 0.0283046 0.127667 0.991413
    outer loop
      vertex 18.0011 8.92841 10.7635
      vertex 18.5485 8.20987 10.8404
      vertex 18.6995 8.77357 10.7635
    endloop
  endfacet
  facet normal 0.0283024 0.127665 0.991413
    outer loop
      vertex 18.5485 8.20987 10.8404
      vertex 18.0011 8.92841 10.7635
      vertex 17.8501 8.3647 10.8404
    endloop
  endfacet
  facet normal 0.016964 0.258708 0.965807
    outer loop
      vertex 17.2535 9.60788 10.6112
      vertex 17.0647 9.62026 10.6112
      vertex 17.1793 9.04418 10.7635
    endloop
  endfacet
  facet normal 0.0170523 0.129522 0.99143
    outer loop
      vertex 17.1793 9.04418 10.7635
      vertex 17.8123 8.37221 10.8404
      vertex 17.8885 8.95081 10.7635
    endloop
  endfacet
  facet normal 0.0170523 0.129522 0.99143
    outer loop
      vertex 17.8123 8.37221 10.8404
      vertex 17.1793 9.04418 10.7635
      vertex 17.1031 8.46558 10.8404
    endloop
  endfacet
  facet normal -0.0167057 0.382679 0.92373
    outer loop
      vertex -17.0647 10.1641 10.3859
      vertex -16.35 9.65146 10.6112
      vertex -16.35 10.1953 10.3859
    endloop
  endfacet
  facet normal -0.0167057 0.382679 0.92373
    outer loop
      vertex -16.35 9.65146 10.6112
      vertex -17.0647 10.1641 10.3859
      vertex -17.0647 9.62026 10.6112
    endloop
  endfacet
  facet normal -0.887023 0.461726 0
    outer loop
      vertex -27.6705 5.71564 6.45
      vertex -27.3402 6.35018 6.64431
      vertex -27.3402 6.35018 6.45
    endloop
  endfacet
  facet normal -0.887023 0.461726 0
    outer loop
      vertex -27.3402 6.35018 6.64431
      vertex -27.6705 5.71564 6.45
      vertex -27.6705 5.71564 6.64431
    endloop
  endfacet
  facet normal -0.53658 -0.80331 0.25841
    outer loop
      vertex -23.1839 -10.4123 7.79648
      vertex -23.6474 -10.1027 7.79648
      vertex -23.2601 -10.5443 7.22791
    endloop
  endfacet
  facet normal -0.318693 -0.938863 0.130276
    outer loop
      vertex -20.8435 -11.788 7.22791
      vertex -20.8729 -11.859 6.64431
      vertex -20.3167 -12.0478 6.64431
    endloop
  endfacet
  facet normal -0.290447 -0.921303 0.258537
    outer loop
      vertex -19.6146 -12.1887 7.22791
      vertex -20.2574 -11.8265 7.79648
      vertex -20.2969 -11.9736 7.22791
    endloop
  endfacet
  facet normal -0.29049 -0.921303 0.258489
    outer loop
      vertex -20.2574 -11.8265 7.79648
      vertex -19.6146 -12.1887 7.22791
      vertex -19.5752 -12.0416 7.79648
    endloop
  endfacet
  facet normal -0.638654 -0.585229 0.499629
    outer loop
      vertex -25.4854 -8.12968 8.3403
      vertex -24.794 -8.44899 8.85007
      vertex -25.2773 -7.92157 8.85007
    endloop
  endfacet
  facet normal -0.638654 -0.585229 0.499629
    outer loop
      vertex -24.794 -8.44899 8.85007
      vertex -25.4854 -8.12968 8.3403
      vertex -25.0021 -8.6571 8.3403
    endloop
  endfacet
  facet normal -0.694804 -0.609361 0.382004
    outer loop
      vertex -25.4854 -8.12968 8.3403
      vertex -25.8335 -7.73277 8.3403
      vertex -25.6447 -8.28896 7.79648
    endloop
  endfacet
  facet normal -0.42643 -0.669369 0.608361
    outer loop
      vertex -22.3208 -10.3467 8.85007
      vertex -22.745 -9.65204 9.31705
      vertex -22.9241 -9.96236 8.85007
    endloop
  endfacet
  facet normal -0.426379 -0.669365 0.608401
    outer loop
      vertex -22.745 -9.65204 9.31705
      vertex -22.3208 -10.3467 8.85007
      vertex -22.1416 -10.0364 9.31705
    endloop
  endfacet
  facet normal -0.441189 -0.660159 0.6079
    outer loop
      vertex -22.745 -9.65204 9.31705
      vertex -23.1129 -9.40617 9.31705
      vertex -22.9241 -9.96236 8.85007
    endloop
  endfacet
  facet normal -0.278539 -0.820516 0.49917
    outer loop
      vertex -20.5864 -11.1673 8.85007
      vertex -20.699 -11.4392 8.3403
      vertex -20.1991 -11.6089 8.3403
    endloop
  endfacet
  facet normal -0.379345 -0.915999 0.130549
    outer loop
      vertex -20.8729 -11.859 6.64431
      vertex -21.5044 -11.5143 7.22791
      vertex -21.5338 -11.5853 6.64431
    endloop
  endfacet
  facet normal -0.379345 -0.915999 0.130549
    outer loop
      vertex -21.5044 -11.5143 7.22791
      vertex -20.8729 -11.859 6.64431
      vertex -20.8435 -11.788 7.22791
    endloop
  endfacet
  facet normal -0.351182 -0.712096 0.607939
    outer loop
      vertex -21.5071 -10.3667 9.31705
      vertex -21.6863 -10.677 8.85007
      vertex -21.2473 -10.8935 8.85007
    endloop
  endfacet
  facet normal -0.726291 -0.637021 0.258276
    outer loop
      vertex -25.6447 -8.28896 7.79648
      vertex -26.1331 -7.96264 7.22791
      vertex -25.7524 -8.39669 7.22791
    endloop
  endfacet
  facet normal -0.694844 -0.609338 0.381967
    outer loop
      vertex -25.8335 -7.73277 8.3403
      vertex -26.0122 -7.86989 7.79648
      vertex -25.6447 -8.28896 7.79648
    endloop
  endfacet
  facet normal -0.603579 -0.786541 0.13056
    outer loop
      vertex -23.7869 -10.2845 6.64431
      vertex -24.3076 -9.78805 7.22791
      vertex -24.3544 -9.84901 6.64431
    endloop
  endfacet
  facet normal -0.603539 -0.786562 0.130613
    outer loop
      vertex -24.3076 -9.78805 7.22791
      vertex -23.7869 -10.2845 6.64431
      vertex -23.7401 -10.2235 7.22791
    endloop
  endfacet
  facet normal -0.550786 -0.824407 0.130339
    outer loop
      vertex -23.7401 -10.2235 7.22791
      vertex -23.7869 -10.2845 6.64431
      vertex -23.2985 -10.6108 6.64431
    endloop
  endfacet
  facet normal -0.49652 -0.779267 0.382375
    outer loop
      vertex -22.5806 -10.7967 7.79648
      vertex -23.0713 -10.2172 8.3403
      vertex -23.1839 -10.4123 7.79648
    endloop
  endfacet
  facet normal -0.49652 -0.779267 0.382375
    outer loop
      vertex -23.0713 -10.2172 8.3403
      vertex -22.5806 -10.7967 7.79648
      vertex -22.468 -10.6016 8.3403
    endloop
  endfacet
  facet normal -0.0862305 -0.0985297 0.991391
    outer loop
      vertex -21.829 -6.49467 10.8404
      vertex -22.2416 -6.90733 10.7635
      vertex -21.8 -6.52005 10.8404
    endloop
  endfacet
  facet normal -0.330163 -0.376511 0.865582
    outer loop
      vertex -23.0282 -7.69391 10.3859
      vertex -23.3887 -8.05437 10.0916
      vertex -23.1428 -8.27 10.0916
    endloop
  endfacet
  facet normal -0.252772 -0.288309 0.923572
    outer loop
      vertex -22.6437 -7.30937 10.6112
      vertex -22.8325 -7.86557 10.3859
      vertex -22.5014 -7.43413 10.6112
    endloop
  endfacet
  facet normal -0.338569 -0.506884 0.792742
    outer loop
      vertex -22.3033 -8.88715 10.0916
      vertex -22.5753 -8.70547 10.0916
      vertex -22.5368 -9.29158 9.73328
    endloop
  endfacet
  facet normal -0.330238 -0.376486 0.865564
    outer loop
      vertex -23.0282 -7.69391 10.3859
      vertex -23.1428 -8.27 10.0916
      vertex -22.8325 -7.86557 10.3859
    endloop
  endfacet
  facet normal -0.370617 -0.482984 0.793328
    outer loop
      vertex -23.1428 -8.27 10.0916
      vertex -22.8595 -9.07595 9.73328
      vertex -22.5753 -8.70547 10.0916
    endloop
  endfacet
  facet normal -0.370545 -0.482976 0.793366
    outer loop
      vertex -22.8595 -9.07595 9.73328
      vertex -23.1428 -8.27 10.0916
      vertex -23.4271 -8.64048 9.73328
    endloop
  endfacet
  facet normal -0.268831 -0.422022 0.86581
    outer loop
      vertex -22.3033 -8.88715 10.0916
      vertex -21.4451 -8.83005 10.3859
      vertex -22.0485 -8.44568 10.3859
    endloop
  endfacet
  facet normal -0.268842 -0.421969 0.865833
    outer loop
      vertex -21.4451 -8.83005 10.3859
      vertex -22.3033 -8.88715 10.0916
      vertex -21.7 -9.27152 10.0916
    endloop
  endfacet
  facet normal -0.191342 -0.461931 0.86603
    outer loop
      vertex -20.5771 -9.2755 10.3859
      vertex -20.1113 -10.0202 10.0916
      vertex -19.9162 -9.54926 10.3859
    endloop
  endfacet
  facet normal -0.191317 -0.461919 0.866042
    outer loop
      vertex -20.1113 -10.0202 10.0916
      vertex -20.5771 -9.2755 10.3859
      vertex -20.7722 -9.74647 10.0916
    endloop
  endfacet
  facet normal -0.255273 -0.751826 0.607941
    outer loop
      vertex -20.0302 -10.9785 9.31705
      vertex -20.4493 -10.8362 9.31705
      vertex -20.123 -11.3246 8.85007
    endloop
  endfacet
  facet normal -0.26951 -0.546716 0.792758
    outer loop
      vertex -21.0655 -9.60183 10.0916
      vertex -21.299 -10.0063 9.73328
      vertex -20.9509 -10.1779 9.73328
    endloop
  endfacet
  facet normal -0.853538 -0.353607 0.382668
    outer loop
      vertex -27.9923 -4.44024 7.79648
      vertex -27.5104 -5.01494 8.3403
      vertex -27.7842 -4.35404 8.3403
    endloop
  endfacet
  facet normal -0.853538 -0.353607 0.382668
    outer loop
      vertex -27.5104 -5.01494 8.3403
      vertex -27.9923 -4.44024 7.79648
      vertex -27.7185 -5.10114 7.79648
    endloop
  endfacet
  facet normal -0.712094 -0.351095 0.607992
    outer loop
      vertex -26.9074 -4.76518 9.31705
      vertex -27.2385 -4.90231 8.85007
      vertex -26.7117 -5.1621 9.31705
    endloop
  endfacet
  facet normal -0.712093 -0.35122 0.607921
    outer loop
      vertex -26.7117 -5.1621 9.31705
      vertex -27.2385 -4.90231 8.85007
      vertex -27.022 -5.34126 8.85007
    endloop
  endfacet
  facet normal -0.849829 -0.169053 0.499212
    outer loop
      vertex -28.0395 -2.39731 8.85007
      vertex -28.4268 -1.9557 8.3403
      vertex -28.3238 -2.47348 8.3403
    endloop
  endfacet
  facet normal -0.845698 -0.187451 0.499657
    outer loop
      vertex -28.3238 -2.47348 8.3403
      vertex -27.8847 -3.0957 8.85007
      vertex -28.0395 -2.39731 8.85007
    endloop
  endfacet
  facet normal -0.845697 -0.187448 0.49966
    outer loop
      vertex -27.8847 -3.0957 8.85007
      vertex -28.3238 -2.47348 8.3403
      vertex -28.169 -3.17188 8.3403
    endloop
  endfacet
  facet normal -0.947494 -0.188418 0.258368
    outer loop
      vertex -28.5414 -2.53179 7.79648
      vertex -28.8012 -2.00499 7.22791
      vertex -28.6886 -2.57122 7.22791
    endloop
  endfacet
  facet normal -0.921305 -0.290469 0.258503
    outer loop
      vertex -28.5337 -3.26961 7.22791
      vertex -28.1715 -3.91243 7.79648
      vertex -28.3866 -3.23018 7.79648
    endloop
  endfacet
  facet normal -0.921305 -0.290469 0.258503
    outer loop
      vertex -28.1715 -3.91243 7.79648
      vertex -28.5337 -3.26961 7.22791
      vertex -28.3186 -3.95186 7.22791
    endloop
  endfacet
  facet normal -0.365378 -0.115197 0.923704
    outer loop
      vertex -25.6678 -2.50168 10.6112
      vertex -25.9779 -3.32468 10.3859
      vertex -25.4527 -3.18393 10.6112
    endloop
  endfacet
  facet normal -0.36531 -0.115229 0.923727
    outer loop
      vertex -25.9779 -3.32468 10.3859
      vertex -25.6678 -2.50168 10.6112
      vertex -26.1931 -2.64243 10.3859
    endloop
  endfacet
  facet normal -0.477967 -0.521581 0.706754
    outer loop
      vertex -24.2463 -7.90129 9.73328
      vertex -24.0132 -8.6789 9.31705
      vertex -23.7189 -8.38459 9.73328
    endloop
  endfacet
  facet normal -0.477958 -0.521581 0.70676
    outer loop
      vertex -24.0132 -8.6789 9.31705
      vertex -24.2463 -7.90129 9.73328
      vertex -24.5406 -8.19561 9.31705
    endloop
  endfacet
  facet normal -0.430413 -0.561009 0.707116
    outer loop
      vertex -23.4271 -8.64048 9.73328
      vertex -23.1129 -9.40617 9.31705
      vertex -22.8595 -9.07595 9.73328
    endloop
  endfacet
  facet normal -0.430413 -0.561009 0.707116
    outer loop
      vertex -23.1129 -9.40617 9.31705
      vertex -23.4271 -8.64048 9.73328
      vertex -23.6805 -8.9707 9.31705
    endloop
  endfacet
  facet normal -0.215578 -0.14402 0.965808
    outer loop
      vertex -23.8273 -5.14727 10.7635
      vertex -24.3197 -5.43155 10.6112
      vertex -24.2146 -5.58887 10.6112
    endloop
  endfacet
  facet normal -0.703982 -0.366453 0.608376
    outer loop
      vertex -27.022 -5.34126 8.85007
      vertex -26.3814 -5.79663 9.31705
      vertex -26.7117 -5.1621 9.31705
    endloop
  endfacet
  facet normal -0.703981 -0.366447 0.608381
    outer loop
      vertex -26.3814 -5.79663 9.31705
      vertex -27.022 -5.34126 8.85007
      vertex -26.6917 -5.9758 8.85007
    endloop
  endfacet
  facet normal -0.58511 -0.536164 0.60842
    outer loop
      vertex -25.2773 -7.92157 8.85007
      vertex -24.5406 -8.19561 9.31705
      vertex -25.0239 -7.66819 9.31705
    endloop
  endfacet
  facet normal -0.58511 -0.536164 0.60842
    outer loop
      vertex -24.5406 -8.19561 9.31705
      vertex -25.2773 -7.92157 8.85007
      vertex -24.794 -8.44899 8.85007
    endloop
  endfacet
  facet normal -0.560991 -0.430475 0.707093
    outer loop
      vertex -25.421 -6.51454 9.73328
      vertex -25.3157 -7.33546 9.31705
      vertex -24.9855 -7.08208 9.73328
    endloop
  endfacet
  facet normal -0.560991 -0.430475 0.707093
    outer loop
      vertex -25.3157 -7.33546 9.31705
      vertex -25.421 -6.51454 9.73328
      vertex -25.7512 -6.76792 9.31705
    endloop
  endfacet
  facet normal -0.282428 -0.258803 0.923718
    outer loop
      vertex -24.0389 -6.6832 10.3859
      vertex -23.1711 -6.82608 10.6112
      vertex -23.6544 -6.29866 10.6112
    endloop
  endfacet
  facet normal -0.282428 -0.258803 0.923718
    outer loop
      vertex -23.1711 -6.82608 10.6112
      vertex -24.0389 -6.6832 10.3859
      vertex -23.5556 -7.21062 10.3859
    endloop
  endfacet
  facet normal -0.0499967 0.1207 0.991429
    outer loop
      vertex -19.4905 8.52154 10.7635
      vertex -19.9281 7.70862 10.8404
      vertex -19.2672 7.98238 10.8404
    endloop
  endfacet
  facet normal -0.0499944 0.120699 0.991429
    outer loop
      vertex -19.9281 7.70862 10.8404
      vertex -19.4905 8.52154 10.7635
      vertex -20.1514 8.24779 10.7635
    endloop
  endfacet
  facet normal -0.0420177 0.123981 0.991395
    outer loop
      vertex -19.2307 7.99475 10.8404
      vertex -19.3818 8.55846 10.7635
      vertex -19.2672 7.98238 10.8404
    endloop
  endfacet
  facet normal -0.258714 -0.0112944 0.965888
    outer loop
      vertex -25.4279 -0.00498962 10.7635
      vertex -25.9653 -0.719666 10.6112
      vertex -25.3967 -0.719666 10.7635
    endloop
  endfacet
  facet normal -0.258714 -0.0112944 0.965888
    outer loop
      vertex -25.9653 -0.719666 10.6112
      vertex -25.4279 -0.00498962 10.7635
      vertex -25.9965 -0.00498962 10.6112
    endloop
  endfacet
  facet normal -0.477164 -0.15051 0.86583
    outer loop
      vertex -26.1931 -2.64243 10.3859
      vertex -26.4703 -3.45662 10.0916
      vertex -25.9779 -3.32468 10.3859
    endloop
  endfacet
  facet normal -0.477164 -0.15051 0.86583
    outer loop
      vertex -26.4703 -3.45662 10.0916
      vertex -26.1931 -2.64243 10.3859
      vertex -26.6855 -2.77437 10.0916
    endloop
  endfacet
  facet normal -0.608276 -0.0397037 0.792732
    outer loop
      vertex -27.0188 -0.719666 10.0916
      vertex -27.4605 -1.10694 9.73328
      vertex -26.9975 -1.04599 10.0916
    endloop
  endfacet
  facet normal -0.603531 0.0794791 0.793369
    outer loop
      vertex -27.3671 1.81619 9.73328
      vertex -26.9975 1.04599 10.0916
      vertex -26.9041 1.75523 10.0916
    endloop
  endfacet
  facet normal -0.603532 0.0794782 0.793368
    outer loop
      vertex -26.9975 1.04599 10.0916
      vertex -27.3671 1.81619 9.73328
      vertex -27.4605 1.10694 9.73328
    endloop
  endfacet
  facet normal -0.382637 0.0250393 0.923559
    outer loop
      vertex -26.4921 0.979451 10.3859
      vertex -26.5091 0.719666 10.3859
      vertex -25.9653 0.719666 10.6112
    endloop
  endfacet
  facet normal -0.288319 -0.252747 0.923575
    outer loop
      vertex -23.7791 -6.15641 10.6112
      vertex -24.2106 -6.48746 10.3859
      vertex -23.6544 -6.29866 10.6112
    endloop
  endfacet
  facet normal -0.194855 -0.171068 0.965799
    outer loop
      vertex -23.3281 -5.81028 10.7635
      vertex -23.7791 -6.15641 10.6112
      vertex -23.2523 -5.89662 10.7635
    endloop
  endfacet
  facet normal -0.532205 -0.466744 0.706334
    outer loop
      vertex -24.9855 -7.08208 9.73328
      vertex -25.3157 -7.33546 9.31705
      vertex -24.7296 -7.37387 9.73328
    endloop
  endfacet
  facet normal -0.532206 -0.466738 0.706337
    outer loop
      vertex -24.7296 -7.37387 9.73328
      vertex -25.3157 -7.33546 9.31705
      vertex -25.0239 -7.66819 9.31705
    endloop
  endfacet
  facet normal -0.701112 -0.0923283 0.707049
    outer loop
      vertex -27.4605 -1.10694 9.73328
      vertex -27.7797 -1.87052 9.31705
      vertex -27.3671 -1.81619 9.73328
    endloop
  endfacet
  facet normal -0.701112 -0.0923283 0.707049
    outer loop
      vertex -27.7797 -1.87052 9.31705
      vertex -27.4605 -1.10694 9.73328
      vertex -27.8731 -1.16127 9.31705
    endloop
  endfacet
  facet normal -0.694308 -0.138077 0.706308
    outer loop
      vertex -27.3671 -1.81619 9.73328
      vertex -27.6934 -2.30457 9.31705
      vertex -27.2914 -2.19684 9.73328
    endloop
  endfacet
  facet normal -0.690696 -0.153193 0.706733
    outer loop
      vertex -27.6934 -2.30457 9.31705
      vertex -27.1365 -2.89523 9.73328
      vertex -27.2914 -2.19684 9.73328
    endloop
  endfacet
  facet normal -0.690638 -0.153082 0.706813
    outer loop
      vertex -27.1365 -2.89523 9.73328
      vertex -27.6934 -2.30457 9.31705
      vertex -27.5386 -3.00296 9.31705
    endloop
  endfacet
  facet normal -0.577223 0.195858 0.792751
    outer loop
      vertex -26.7967 3.945 9.73328
      vertex -26.9214 3.57749 9.73328
      vertex -26.4703 3.45662 10.0916
    endloop
  endfacet
  facet normal -0.580883 0.183226 0.793097
    outer loop
      vertex -26.9214 3.57749 9.73328
      vertex -26.6855 2.77437 10.0916
      vertex -26.4703 3.45662 10.0916
    endloop
  endfacet
  facet normal -0.580983 0.18317 0.793037
    outer loop
      vertex -26.6855 2.77437 10.0916
      vertex -26.9214 3.57749 9.73328
      vertex -27.1365 2.89523 9.73328
    endloop
  endfacet
  facet normal -0.751819 0.255176 0.607991
    outer loop
      vertex -27.5123 4.24141 8.85007
      vertex -27.6696 3.77796 8.85007
      vertex -27.1812 4.10428 9.31705
    endloop
  endfacet
  facet normal -0.674666 0.212706 0.706811
    outer loop
      vertex -27.3235 3.68521 9.31705
      vertex -27.1365 2.89523 9.73328
      vertex -26.9214 3.57749 9.73328
    endloop
  endfacet
  facet normal -0.674663 0.212708 0.706813
    outer loop
      vertex -27.1365 2.89523 9.73328
      vertex -27.3235 3.68521 9.31705
      vertex -27.5386 3.00296 9.31705
    endloop
  endfacet
  facet normal -0.849829 0.169053 0.499212
    outer loop
      vertex -28.3238 2.47348 8.3403
      vertex -28.4268 1.9557 8.3403
      vertex -28.0395 2.39731 8.85007
    endloop
  endfacet
  facet normal -0.59472 0.131907 0.793037
    outer loop
      vertex -27.2914 2.19684 9.73328
      vertex -26.6855 2.77437 10.0916
      vertex -27.1365 2.89523 9.73328
    endloop
  endfacet
  facet normal -0.594661 0.131806 0.793099
    outer loop
      vertex -26.6855 2.77437 10.0916
      vertex -27.2914 2.19684 9.73328
      vertex -26.8403 2.07597 10.0916
    endloop
  endfacet
  facet normal -0.712094 0.351095 0.607992
    outer loop
      vertex -26.7117 5.1621 9.31705
      vertex -27.2385 4.90231 8.85007
      vertex -26.9074 4.76518 9.31705
    endloop
  endfacet
  facet normal -0.712093 0.35122 0.607921
    outer loop
      vertex -27.022 5.34126 8.85007
      vertex -27.2385 4.90231 8.85007
      vertex -26.7117 5.1621 9.31705
    endloop
  endfacet
  facet normal -0.7929 -0.0346149 0.608368
    outer loop
      vertex -28.2604 -0.719666 8.85007
      vertex -27.9333 -0.00498962 9.31705
      vertex -28.2916 -0.00498962 8.85007
    endloop
  endfacet
  facet normal -0.7929 -0.0346149 0.608368
    outer loop
      vertex -27.9333 -0.00498962 9.31705
      vertex -28.2604 -0.719666 8.85007
      vertex -27.9021 -0.719666 9.31705
    endloop
  endfacet
  facet normal -0.864633 -0.0566538 0.499199
    outer loop
      vertex -28.2604 -0.719666 8.85007
      vertex -28.5202 -1.24646 8.3403
      vertex -28.2284 -1.20804 8.85007
    endloop
  endfacet
  facet normal -0.707047 0 0.707166
    outer loop
      vertex -27.9333 -0.00498962 9.31705
      vertex -27.517 0.00498962 9.73328
      vertex -27.9333 0.00498962 9.31705
    endloop
  endfacet
  facet normal -0.707047 0 0.707166
    outer loop
      vertex -27.517 0.00498962 9.73328
      vertex -27.9333 -0.00498962 9.31705
      vertex -27.517 -0.00498962 9.73328
    endloop
  endfacet
  facet normal -0.915989 -0.120627 0.382639
    outer loop
      vertex -28.7435 -1.27586 7.79648
      vertex -28.4268 -1.9557 8.3403
      vertex -28.5202 -1.24646 8.3403
    endloop
  endfacet
  facet normal -0.915989 -0.120625 0.382641
    outer loop
      vertex -28.4268 -1.9557 8.3403
      vertex -28.7435 -1.27586 7.79648
      vertex -28.6501 -1.98511 7.79648
    endloop
  endfacet
  facet normal -0.0648217 -0.989375 0.130134
    outer loop
      vertex -17.6407 -12.5496 7.22791
      vertex -17.6508 -12.6257 6.64431
      vertex -17.0647 -12.6641 6.64431
    endloop
  endfacet
  facet normal -0.0647557 -0.989371 0.130198
    outer loop
      vertex -17.0647 -12.5873 7.22791
      vertex -17.6407 -12.5496 7.22791
      vertex -17.0647 -12.6641 6.64431
    endloop
  endfacet
  facet normal -0.120634 -0.915988 0.382639
    outer loop
      vertex -17.6209 -12.3985 7.79648
      vertex -18.3007 -12.0818 8.3403
      vertex -18.3301 -12.3051 7.79648
    endloop
  endfacet
  facet normal -0.120634 -0.915988 0.382639
    outer loop
      vertex -18.3007 -12.0818 8.3403
      vertex -17.6209 -12.3985 7.79648
      vertex -17.5915 -12.1752 8.3403
    endloop
  endfacet
  facet normal -0.238621 -0.756909 0.608399
    outer loop
      vertex -19.4407 -11.5397 8.85007
      vertex -20.0302 -10.9785 9.31705
      vertex -20.123 -11.3246 8.85007
    endloop
  endfacet
  facet normal -0.23866 -0.756923 0.608366
    outer loop
      vertex -20.0302 -10.9785 9.31705
      vertex -19.4407 -11.5397 8.85007
      vertex -19.348 -11.1936 9.31705
    endloop
  endfacet
  facet normal -0.209172 -0.943096 0.258492
    outer loop
      vertex -18.9162 -12.3436 7.22791
      vertex -19.5752 -12.0416 7.79648
      vertex -19.6146 -12.1887 7.22791
    endloop
  endfacet
  facet normal -0.209034 -0.943084 0.258645
    outer loop
      vertex -19.5752 -12.0416 7.79648
      vertex -18.9162 -12.3436 7.22791
      vertex -18.8768 -12.1964 7.79648
    endloop
  endfacet
  facet normal -0.310592 -0.914789 0.258251
    outer loop
      vertex -20.2574 -11.8265 7.79648
      vertex -20.7852 -11.6473 7.79648
      vertex -20.2969 -11.9736 7.22791
    endloop
  endfacet
  facet normal -0.310619 -0.914787 0.258226
    outer loop
      vertex -20.7852 -11.6473 7.79648
      vertex -20.8435 -11.788 7.22791
      vertex -20.2969 -11.9736 7.22791
    endloop
  endfacet
  facet normal -0.0402978 -0.923104 0.382434
    outer loop
      vertex -17.0647 -12.435 7.79648
      vertex -16.35 -12.2409 8.3403
      vertex -17.0647 -12.2097 8.3403
    endloop
  endfacet
  facet normal -0.0402978 -0.923104 0.382434
    outer loop
      vertex -16.35 -12.2409 8.3403
      vertex -17.0647 -12.435 7.79648
      vertex -16.35 -12.4662 7.79648
    endloop
  endfacet
  facet normal -0.113077 -0.858611 0.5
    outer loop
      vertex -17.5915 -12.1752 8.3403
      vertex -18.2623 -11.79 8.85007
      vertex -18.3007 -12.0818 8.3403
    endloop
  endfacet
  facet normal -0.11306 -0.858604 0.500017
    outer loop
      vertex -18.2623 -11.79 8.85007
      vertex -17.5915 -12.1752 8.3403
      vertex -17.553 -11.8834 8.85007
    endloop
  endfacet
  facet normal -0.154926 -0.778685 0.607986
    outer loop
      vertex -18.2155 -11.4347 9.31705
      vertex -18.7423 -11.6945 8.85007
      vertex -18.2623 -11.79 8.85007
    endloop
  endfacet
  facet normal -0.260487 -0.826146 0.49963
    outer loop
      vertex -19.5169 -11.824 8.3403
      vertex -20.123 -11.3246 8.85007
      vertex -20.1991 -11.6089 8.3403
    endloop
  endfacet
  facet normal -0.260445 -0.826135 0.499669
    outer loop
      vertex -20.123 -11.3246 8.85007
      vertex -19.5169 -11.824 8.3403
      vertex -19.4407 -11.5397 8.85007
    endloop
  endfacet
  facet normal -0.461692 -0.887041 0
    outer loop
      vertex -22.6952 -10.9952 6.55
      vertex -22.0606 -11.3255 6.64431
      vertex -22.6952 -10.9952 6.64431
    endloop
  endfacet
  facet normal -0.461692 -0.887041 -0
    outer loop
      vertex -22.0606 -11.3255 6.64431
      vertex -22.6952 -10.9952 6.55
      vertex -22.0606 -11.3255 6.55
    endloop
  endfacet
  facet normal -0.866468 -0.427246 0.258253
    outer loop
      vertex -27.472 -5.60105 7.79648
      vertex -27.7185 -5.10114 7.79648
      vertex -27.6039 -5.67723 7.22791
    endloop
  endfacet
  facet normal -0.875098 -0.29711 0.382007
    outer loop
      vertex -27.9539 -3.85413 8.3403
      vertex -28.1715 -3.91243 7.79648
      vertex -27.9923 -4.44024 7.79648
    endloop
  endfacet
  facet normal -0.687102 -0.527245 0.499904
    outer loop
      vertex -26.2689 -7.16523 8.3403
      vertex -25.6 -7.5536 8.85007
      vertex -26.0355 -6.98606 8.85007
    endloop
  endfacet
  facet normal -0.687114 -0.527133 0.500005
    outer loop
      vertex -25.6 -7.5536 8.85007
      vertex -26.2689 -7.16523 8.3403
      vertex -25.8335 -7.73277 8.3403
    endloop
  endfacet
  facet normal -0.831484 -0.555549 0
    outer loop
      vertex -26.6295 -7.44187 6.45
      vertex -26.9558 -6.9535 6.64431
      vertex -26.9558 -6.9535 6.45
    endloop
  endfacet
  facet normal -0.831484 -0.555549 0
    outer loop
      vertex -26.9558 -6.9535 6.64431
      vertex -26.6295 -7.44187 6.45
      vertex -26.6295 -7.44187 6.64431
    endloop
  endfacet
  facet normal -0.751824 -0.659364 0
    outer loop
      vertex -25.8067 -8.45102 6.45
      vertex -26.194 -8.00941 6.64431
      vertex -26.194 -8.00941 6.45
    endloop
  endfacet
  facet normal -0.751824 -0.659364 0
    outer loop
      vertex -26.194 -8.00941 6.64431
      vertex -25.8067 -8.45102 6.45
      vertex -25.8067 -8.45102 6.64431
    endloop
  endfacet
  facet normal 0.138092 -0.694292 0.706321
    outer loop
      vertex 18.5418 -10.9464 9.73328
      vertex 18.1612 -11.0221 9.73328
      vertex 18.6496 -11.3484 9.31705
    endloop
  endfacet
  facet normal 0.138036 -0.694336 0.706288
    outer loop
      vertex 18.6496 -11.3484 9.31705
      vertex 18.1612 -11.0221 9.73328
      vertex 18.2155 -11.4347 9.31705
    endloop
  endfacet
  facet normal -0.881237 0.277837 0.382397
    outer loop
      vertex -28.3866 3.23018 7.79648
      vertex -27.9539 3.85413 8.3403
      vertex -28.1715 3.91243 7.79648
    endloop
  endfacet
  facet normal -0.881237 0.277837 0.382397
    outer loop
      vertex -27.9539 3.85413 8.3403
      vertex -28.3866 3.23018 7.79648
      vertex -28.169 3.17188 8.3403
    endloop
  endfacet
  facet normal -0.318796 0.2131 0.923557
    outer loop
      vertex -24.646 5.91993 10.3859
      vertex -24.7907 5.70346 10.3859
      vertex -24.2146 5.58887 10.6112
    endloop
  endfacet
  facet normal -0.416292 0.278272 0.865601
    outer loop
      vertex -24.646 5.91993 10.3859
      vertex -25.0505 6.23026 10.0916
      vertex -24.7907 5.70346 10.3859
    endloop
  endfacet
  facet normal -0.669322 0.426342 0.608474
    outer loop
      vertex -26.6917 5.9758 8.85007
      vertex -25.997 6.39995 9.31705
      vertex -26.3074 6.57912 8.85007
    endloop
  endfacet
  facet normal -0.669331 0.426459 0.608382
    outer loop
      vertex -25.997 6.39995 9.31705
      vertex -26.6917 5.9758 8.85007
      vertex -26.3814 5.79663 9.31705
    endloop
  endfacet
  facet normal -0.215578 0.14402 0.965808
    outer loop
      vertex -24.2146 5.58887 10.6112
      vertex -24.3197 5.43155 10.6112
      vertex -23.8273 5.14727 10.7635
    endloop
  endfacet
  facet normal -0.521586 0.477954 0.706759
    outer loop
      vertex -25.0239 7.66819 9.31705
      vertex -24.2463 7.90129 9.73328
      vertex -24.5406 8.19561 9.31705
    endloop
  endfacet
  facet normal -0.521586 0.477954 0.706759
    outer loop
      vertex -24.2463 7.90129 9.73328
      vertex -25.0239 7.66819 9.31705
      vertex -24.7296 7.37387 9.73328
    endloop
  endfacet
  facet normal -0.449086 0.411519 0.793079
    outer loop
      vertex -24.7296 7.37387 9.73328
      vertex -23.9161 7.57108 10.0916
      vertex -24.2463 7.90129 9.73328
    endloop
  endfacet
  facet normal -0.449086 0.411519 0.793079
    outer loop
      vertex -23.9161 7.57108 10.0916
      vertex -24.7296 7.37387 9.73328
      vertex -24.3994 7.04366 10.0916
    endloop
  endfacet
  facet normal -0.540275 0.281321 0.793071
    outer loop
      vertex -26.3513 4.95399 9.73328
      vertex -25.6165 5.35503 10.0916
      vertex -26.0209 5.58852 9.73328
    endloop
  endfacet
  facet normal -0.540246 0.281217 0.793128
    outer loop
      vertex -25.6165 5.35503 10.0916
      vertex -26.3513 4.95399 9.73328
      vertex -25.9468 4.72049 10.0916
    endloop
  endfacet
  facet normal -0.532205 0.466744 0.706334
    outer loop
      vertex -24.7296 7.37387 9.73328
      vertex -25.3157 7.33546 9.31705
      vertex -24.9855 7.08208 9.73328
    endloop
  endfacet
  facet normal -0.458285 0.401916 0.792741
    outer loop
      vertex -24.7296 7.37387 9.73328
      vertex -24.9855 7.08208 9.73328
      vertex -24.615 6.79779 10.0916
    endloop
  endfacet
  facet normal -0.0727804 0.108828 0.991393
    outer loop
      vertex -21.4923 7.48232 10.7635
      vertex -21.5877 7.41852 10.7635
      vertex -21.2325 6.95553 10.8404
    endloop
  endfacet
  facet normal -0.108837 0.072762 0.991393
    outer loop
      vertex -23.3005 4.88748 10.8404
      vertex -23.8273 5.14727 10.7635
      vertex -23.3219 4.85547 10.8404
    endloop
  endfacet
  facet normal -0.108851 0.0727343 0.991394
    outer loop
      vertex -23.7635 5.24275 10.7635
      vertex -23.8273 5.14727 10.7635
      vertex -23.3005 4.88748 10.8404
    endloop
  endfacet
  facet normal -0.215559 0.144037 0.965809
    outer loop
      vertex -23.7635 5.24275 10.7635
      vertex -24.2146 5.58887 10.6112
      vertex -23.8273 5.14727 10.7635
    endloop
  endfacet
  facet normal -0.421982 0.268792 0.865842
    outer loop
      vertex -25.2322 5.95835 10.0916
      vertex -25.175 5.10014 10.3859
      vertex -24.7907 5.70346 10.3859
    endloop
  endfacet
  facet normal -0.421982 0.268792 0.865842
    outer loop
      vertex -25.175 5.10014 10.3859
      vertex -25.2322 5.95835 10.0916
      vertex -25.6165 5.35503 10.0916
    endloop
  endfacet
  facet normal -0.318823 0.212994 0.923572
    outer loop
      vertex -24.2146 5.58887 10.6112
      vertex -24.7907 5.70346 10.3859
      vertex -24.3197 5.43155 10.6112
    endloop
  endfacet
  facet normal -0.232513 0.114687 0.965808
    outer loop
      vertex -24.542 3.90941 10.7635
      vertex -25.1181 4.024 10.6112
      vertex -24.5928 3.80642 10.7635
    endloop
  endfacet
  facet normal -0.254284 0.0505636 0.965807
    outer loop
      vertex -25.8226 1.80328 10.6112
      vertex -25.8595 1.61771 10.6112
      vertex -25.2958 1.5435 10.7635
    endloop
  endfacet
  facet normal -0.128405 0.0255042 0.991394
    outer loop
      vertex -24.7097 1.50508 10.8404
      vertex -25.2958 1.5435 10.7635
      vertex -24.7172 1.46732 10.8404
    endloop
  endfacet
  facet normal -0.37945 0.0499697 0.923862
    outer loop
      vertex -26.3987 1.68869 10.3859
      vertex -25.9529 0.908468 10.6112
      vertex -25.8595 1.61771 10.6112
    endloop
  endfacet
  facet normal -0.379449 0.0499699 0.923862
    outer loop
      vertex -25.9529 0.908468 10.6112
      vertex -26.3987 1.68869 10.3859
      vertex -26.4921 0.979451 10.3859
    endloop
  endfacet
  facet normal -0.258693 0.0169318 0.965811
    outer loop
      vertex -25.3892 0.834255 10.7635
      vertex -25.9653 0.719666 10.6112
      vertex -25.3967 0.719666 10.7635
    endloop
  endfacet
  facet normal -0.491167 0.0977005 0.865569
    outer loop
      vertex -26.8403 2.07597 10.0916
      vertex -26.9041 1.75523 10.0916
      vertex -26.3987 1.68869 10.3859
    endloop
  endfacet
  facet normal -0.694329 0.13805 0.706293
    outer loop
      vertex -27.6934 2.30457 9.31705
      vertex -27.7797 1.87052 9.31705
      vertex -27.3671 1.81619 9.73328
    endloop
  endfacet
  facet normal -0.499958 0 0.86605
    outer loop
      vertex -27.0501 0.00498962 10.0916
      vertex -26.5403 -0.00498962 10.3859
      vertex -26.5403 0.00498962 10.3859
    endloop
  endfacet
  facet normal -0.499958 0 0.86605
    outer loop
      vertex -26.5403 -0.00498962 10.3859
      vertex -27.0501 0.00498962 10.0916
      vertex -27.0501 -0.00498962 10.0916
    endloop
  endfacet
  facet normal -0.130637 -0.0057031 0.991414
    outer loop
      vertex -24.8443 -0.00498962 10.8404
      vertex -25.3967 -0.719666 10.7635
      vertex -24.8131 -0.719666 10.8404
    endloop
  endfacet
  facet normal -0.130637 -0.0057031 0.991414
    outer loop
      vertex -25.3967 -0.719666 10.7635
      vertex -24.8443 -0.00498962 10.8404
      vertex -25.4279 -0.00498962 10.7635
    endloop
  endfacet
  facet normal -0.461692 0.887041 0
    outer loop
      vertex -22.0606 11.3255 6.55
      vertex -22.6952 10.9952 6.64431
      vertex -22.0606 11.3255 6.64431
    endloop
  endfacet
  facet normal -0.461692 0.887041 0
    outer loop
      vertex -22.6952 10.9952 6.64431
      vertex -22.0606 11.3255 6.55
      vertex -22.6952 10.9952 6.55
    endloop
  endfacet
  facet normal -0.213087 0.318806 0.923557
    outer loop
      vertex -22.0485 8.44568 10.3859
      vertex -22.2649 8.30104 10.3859
      vertex -21.9339 7.8696 10.6112
    endloop
  endfacet
  facet normal -0.338569 0.506884 0.792742
    outer loop
      vertex -22.5368 9.29158 9.73328
      vertex -22.5753 8.70547 10.0916
      vertex -22.3033 8.88715 10.0916
    endloop
  endfacet
  facet normal -0.393301 0.588504 0.706383
    outer loop
      vertex -22.745 9.65204 9.31705
      vertex -23.1129 9.40617 9.31705
      vertex -22.5368 9.29158 9.73328
    endloop
  endfacet
  facet normal -0.393274 0.588552 0.706358
    outer loop
      vertex -22.5368 9.29158 9.73328
      vertex -23.1129 9.40617 9.31705
      vertex -22.8595 9.07595 9.73328
    endloop
  endfacet
  facet normal -0.49652 0.779267 0.382375
    outer loop
      vertex -22.5806 10.7967 7.79648
      vertex -23.0713 10.2172 8.3403
      vertex -22.468 10.6016 8.3403
    endloop
  endfacet
  facet normal -0.49652 0.779267 0.382375
    outer loop
      vertex -23.0713 10.2172 8.3403
      vertex -22.5806 10.7967 7.79648
      vertex -23.1839 10.4123 7.79648
    endloop
  endfacet
  facet normal -0.588083 0.766313 0.258694
    outer loop
      vertex -23.7401 10.2235 7.22791
      vertex -24.2149 9.66719 7.79648
      vertex -23.6474 10.1027 7.79648
    endloop
  endfacet
  facet normal -0.58802 0.766336 0.25877
    outer loop
      vertex -24.2149 9.66719 7.79648
      vertex -23.7401 10.2235 7.22791
      vertex -24.3076 9.78805 7.22791
    endloop
  endfacet
  facet normal -0.609334 0.694852 0.381959
    outer loop
      vertex -24.2149 9.66719 7.79648
      vertex -24.634 9.29967 7.79648
      vertex -24.0778 9.48848 8.3403
    endloop
  endfacet
  facet normal -0.527229 0.68708 0.499951
    outer loop
      vertex -23.5102 9.92395 8.3403
      vertex -23.8986 9.25498 8.85007
      vertex -23.3311 9.69045 8.85007
    endloop
  endfacet
  facet normal -0.527144 0.687089 0.500028
    outer loop
      vertex -23.8986 9.25498 8.85007
      vertex -23.5102 9.92395 8.3403
      vertex -24.0778 9.48848 8.3403
    endloop
  endfacet
  facet normal -0.536169 0.585106 0.608419
    outer loop
      vertex -24.2666 8.93228 8.85007
      vertex -24.5406 8.19561 9.31705
      vertex -24.0132 8.6789 9.31705
    endloop
  endfacet
  facet normal -0.536169 0.585106 0.608419
    outer loop
      vertex -24.5406 8.19561 9.31705
      vertex -24.2666 8.93228 8.85007
      vertex -24.794 8.44899 8.85007
    endloop
  endfacet
  facet normal -0.115181 0.365338 0.923721
    outer loop
      vertex -19.6697 9.63295 10.3859
      vertex -18.8467 9.32277 10.6112
      vertex -18.9874 9.84806 10.3859
    endloop
  endfacet
  facet normal -0.115194 0.36531 0.923731
    outer loop
      vertex -18.8467 9.32277 10.6112
      vertex -19.6697 9.63295 10.3859
      vertex -19.5289 9.10765 10.6112
    endloop
  endfacet
  facet normal -0.0748101 0.376077 0.923564
    outer loop
      vertex -17.9627 9.51452 10.6112
      vertex -18.289 10.0029 10.3859
      vertex -18.1483 9.4776 10.6112
    endloop
  endfacet
  facet normal -0.231034 0.443799 0.865832
    outer loop
      vertex -21.0655 9.60183 10.0916
      vertex -21.4451 8.83005 10.3859
      vertex -20.8106 9.16036 10.3859
    endloop
  endfacet
  facet normal -0.231034 0.443799 0.865832
    outer loop
      vertex -21.4451 8.83005 10.3859
      vertex -21.0655 9.60183 10.0916
      vertex -21.7 9.27152 10.0916
    endloop
  endfacet
  facet normal -0.0977287 0.491145 0.865579
    outer loop
      vertex -18.0337 10.0537 10.3859
      vertex -18.421 10.4953 10.0916
      vertex -18.289 10.0029 10.3859
    endloop
  endfacet
  facet normal -0.19586 0.577214 0.792757
    outer loop
      vertex -19.9225 10.5764 9.73328
      vertex -20.29 10.4517 9.73328
      vertex -19.8016 10.1253 10.0916
    endloop
  endfacet
  facet normal -0.195878 0.577196 0.792765
    outer loop
      vertex -19.8016 10.1253 10.0916
      vertex -20.29 10.4517 9.73328
      vertex -20.1113 10.0202 10.0916
    endloop
  endfacet
  facet normal -0.22149 0.449137 0.865574
    outer loop
      vertex -20.7722 9.74647 10.0916
      vertex -21.0655 9.60183 10.0916
      vertex -20.8106 9.16036 10.3859
    endloop
  endfacet
  facet normal -0.0833273 0.245515 0.965805
    outer loop
      vertex -19.5289 9.10765 10.6112
      vertex -19.7081 9.04683 10.6112
      vertex -19.3818 8.55846 10.7635
    endloop
  endfacet
  facet normal -0.0778804 0.246978 0.965886
    outer loop
      vertex -19.5289 9.10765 10.6112
      vertex -18.6995 8.77357 10.7635
      vertex -18.8467 9.32277 10.6112
    endloop
  endfacet
  facet normal -0.0778716 0.246998 0.965882
    outer loop
      vertex -18.6995 8.77357 10.7635
      vertex -19.5289 9.10765 10.6112
      vertex -19.3818 8.55846 10.7635
    endloop
  endfacet
  facet normal -0.154926 0.778685 0.607986
    outer loop
      vertex -18.2623 11.79 8.85007
      vertex -18.7423 11.6945 8.85007
      vertex -18.2155 11.4347 9.31705
    endloop
  endfacet
  facet normal -0.103585 0.786537 0.608793
    outer loop
      vertex -17.553 11.8834 8.85007
      vertex -18.2155 11.4347 9.31705
      vertex -17.5063 11.5281 9.31705
    endloop
  endfacet
  facet normal -0.103569 0.786529 0.608807
    outer loop
      vertex -18.2155 11.4347 9.31705
      vertex -17.553 11.8834 8.85007
      vertex -18.2623 11.79 8.85007
    endloop
  endfacet
  facet normal -0.171745 0.774849 0.608369
    outer loop
      vertex -18.7423 11.6945 8.85007
      vertex -19.348 11.1936 9.31705
      vertex -18.6496 11.3484 9.31705
    endloop
  endfacet
  facet normal -0.171745 0.774849 0.608369
    outer loop
      vertex -19.348 11.1936 9.31705
      vertex -18.7423 11.6945 8.85007
      vertex -19.4407 11.5397 8.85007
    endloop
  endfacet
  facet normal -0.0923209 0.701105 0.707056
    outer loop
      vertex -17.5063 11.5281 9.31705
      vertex -18.1612 11.0221 9.73328
      vertex -17.4519 11.1155 9.73328
    endloop
  endfacet
  facet normal -0.0923351 0.701114 0.707045
    outer loop
      vertex -18.1612 11.0221 9.73328
      vertex -17.5063 11.5281 9.31705
      vertex -18.2155 11.4347 9.31705
    endloop
  endfacet
  facet normal -0.426379 0.669365 0.608401
    outer loop
      vertex -22.3208 10.3467 8.85007
      vertex -22.745 9.65204 9.31705
      vertex -22.1416 10.0364 9.31705
    endloop
  endfacet
  facet normal -0.42643 0.669369 0.608361
    outer loop
      vertex -22.745 9.65204 9.31705
      vertex -22.3208 10.3467 8.85007
      vertex -22.9241 9.96236 8.85007
    endloop
  endfacet
  facet normal -0.303636 0.732917 0.6088
    outer loop
      vertex -20.5864 11.1673 8.85007
      vertex -21.1102 10.5624 9.31705
      vertex -20.4493 10.8362 9.31705
    endloop
  endfacet
  facet normal -0.303636 0.732917 0.6088
    outer loop
      vertex -21.1102 10.5624 9.31705
      vertex -20.5864 11.1673 8.85007
      vertex -21.2473 10.8935 8.85007
    endloop
  endfacet
  facet normal 0.0402978 0.923104 0.382434
    outer loop
      vertex 17.0647 12.435 7.79648
      vertex 16.35 12.2409 8.3403
      vertex 17.0647 12.2097 8.3403
    endloop
  endfacet
  facet normal 0.0402978 0.923104 0.382434
    outer loop
      vertex 16.35 12.2409 8.3403
      vertex 17.0647 12.435 7.79648
      vertex 16.35 12.4662 7.79648
    endloop
  endfacet
  facet normal 0.0377796 0.865419 0.499623
    outer loop
      vertex 17.0647 12.2097 8.3403
      vertex 16.35 11.9466 8.85007
      vertex 17.0647 11.9154 8.85007
    endloop
  endfacet
  facet normal 0.0377796 0.865419 0.499623
    outer loop
      vertex 16.35 11.9466 8.85007
      vertex 17.0647 12.2097 8.3403
      vertex 16.35 12.2409 8.3403
    endloop
  endfacet
  facet normal 0 0.866037 0.49998
    outer loop
      vertex 16.35 11.9466 8.85007
      vertex -2.65 12.2353 8.35
      vertex -16.35 11.9466 8.85007
    endloop
  endfacet
  facet normal 0.000101736 0.867706 0.497078
    outer loop
      vertex 16.35 11.9466 8.85007
      vertex -2.59771 12.2366 8.34772
      vertex -2.65 12.2353 8.35
    endloop
  endfacet
  facet normal -0.000143142 0.863702 0.504003
    outer loop
      vertex 16.35 11.9466 8.85007
      vertex -2.54581 12.2406 8.34088
      vertex -2.59771 12.2366 8.34772
    endloop
  endfacet
  facet normal -0 0.866037 0.49998
    outer loop
      vertex -2.54317 12.2409 8.3403
      vertex 16.35 11.9466 8.85007
      vertex 16.35 12.2409 8.3403
    endloop
  endfacet
  facet normal 0.00127887 0.88583 0.464009
    outer loop
      vertex 16.35 11.9466 8.85007
      vertex -2.54317 12.2409 8.3403
      vertex -2.54581 12.2406 8.34088
    endloop
  endfacet
  facet normal -0.000123129 0.867494 0.497448
    outer loop
      vertex -2.70229 12.2366 8.34772
      vertex -16.35 11.9466 8.85007
      vertex -2.65 12.2353 8.35
    endloop
  endfacet
  facet normal 0.000186625 0.863846 0.503757
    outer loop
      vertex -2.75419 12.2406 8.34088
      vertex -16.35 11.9466 8.85007
      vertex -2.70229 12.2366 8.34772
    endloop
  endfacet
  facet normal -0.00170326 0.885032 0.465528
    outer loop
      vertex -2.75683 12.2409 8.3403
      vertex -16.35 11.9466 8.85007
      vertex -2.75419 12.2406 8.34088
    endloop
  endfacet
  facet normal 0 0.866037 0.49998
    outer loop
      vertex -16.35 11.9466 8.85007
      vertex -2.75683 12.2409 8.3403
      vertex -16.35 12.2409 8.3403
    endloop
  endfacet
  facet normal -0.0632622 0.964011 0.258225
    outer loop
      vertex -17.0647 12.5873 7.22791
      vertex -17.6209 12.3985 7.79648
      vertex -17.0647 12.435 7.79648
    endloop
  endfacet
  facet normal -0.0605158 0.922161 0.382043
    outer loop
      vertex -17.0647 12.435 7.79648
      vertex -17.6209 12.3985 7.79648
      vertex -17.0647 12.2097 8.3403
    endloop
  endfacet
  facet normal 0.043241 0.990525 0.13035
    outer loop
      vertex 17.0647 12.6641 6.64431
      vertex 16.35 12.6185 7.22791
      vertex 17.0647 12.5873 7.22791
    endloop
  endfacet
  facet normal 0.0433784 0.990497 0.130516
    outer loop
      vertex 16.35 12.6185 7.22791
      vertex 17.0647 12.6641 6.64431
      vertex 16.35 12.6954 6.64431
    endloop
  endfacet
  facet normal 0.0421306 0.965089 0.258513
    outer loop
      vertex 17.0647 12.5873 7.22791
      vertex 16.35 12.4662 7.79648
      vertex 17.0647 12.435 7.79648
    endloop
  endfacet
  facet normal 0.0421306 0.965089 0.258513
    outer loop
      vertex 16.35 12.4662 7.79648
      vertex 17.0647 12.5873 7.22791
      vertex 16.35 12.6185 7.22791
    endloop
  endfacet
  facet normal 0.146466 0.353611 0.923854
    outer loop
      vertex 19.7081 9.04683 10.6112
      vertex 20.05 9.49384 10.3859
      vertex 19.9162 9.54926 10.3859
    endloop
  endfacet
  facet normal 0.14647 0.353608 0.923855
    outer loop
      vertex 20.05 9.49384 10.3859
      vertex 19.7081 9.04683 10.6112
      vertex 20.05 8.90521 10.6112
    endloop
  endfacet
  facet normal -0.0255434 -0.128401 0.991393
    outer loop
      vertex -17.8501 -8.3647 10.8404
      vertex -18.0011 -8.92841 10.7635
      vertex -17.8885 -8.95081 10.7635
    endloop
  endfacet
  facet normal -0.0283024 -0.127665 0.991413
    outer loop
      vertex -18.5485 -8.20987 10.8404
      vertex -18.0011 -8.92841 10.7635
      vertex -17.8501 -8.3647 10.8404
    endloop
  endfacet
  facet normal -0.0283046 -0.127667 0.991413
    outer loop
      vertex -18.0011 -8.92841 10.7635
      vertex -18.5485 -8.20987 10.8404
      vertex -18.6995 -8.77357 10.7635
    endloop
  endfacet
  facet normal -0.0883504 -0.0964141 0.991412
    outer loop
      vertex -22.3564 -6.01138 10.8404
      vertex -22.2416 -6.90733 10.7635
      vertex -21.829 -6.49467 10.8404
    endloop
  endfacet
  facet normal -0.0883504 -0.0964141 0.991412
    outer loop
      vertex -22.2416 -6.90733 10.7635
      vertex -22.3564 -6.01138 10.8404
      vertex -22.769 -6.42404 10.7635
    endloop
  endfacet
  facet normal -0.144111 -0.215488 0.965814
    outer loop
      vertex -21.5877 -7.41852 10.7635
      vertex -21.9339 -7.8696 10.6112
      vertex -21.4923 -7.48232 10.7635
    endloop
  endfacet
  facet normal -0.0833783 -0.245483 0.965809
    outer loop
      vertex -19.4905 -8.52154 10.7635
      vertex -19.7081 -9.04683 10.6112
      vertex -19.3818 -8.55846 10.7635
    endloop
  endfacet
  facet normal -0.0420177 -0.123981 0.991395
    outer loop
      vertex -19.2672 -7.98238 10.8404
      vertex -19.3818 -8.55846 10.7635
      vertex -19.2307 -7.99475 10.8404
    endloop
  endfacet
  facet normal -0.146468 -0.35361 0.923854
    outer loop
      vertex -20.369 -8.77308 10.6112
      vertex -19.9162 -9.54926 10.3859
      vertex -19.7081 -9.04683 10.6112
    endloop
  endfacet
  facet normal -0.146475 -0.353613 0.923852
    outer loop
      vertex -19.9162 -9.54926 10.3859
      vertex -20.369 -8.77308 10.6112
      vertex -20.5771 -9.2755 10.3859
    endloop
  endfacet
  facet normal -0.11891 -0.59785 0.79274
    outer loop
      vertex -18.421 -10.4953 10.0916
      vertex -18.5418 -10.9464 9.73328
      vertex -18.1612 -11.0221 9.73328
    endloop
  endfacet
  facet normal -0.123273 -0.363087 0.923564
    outer loop
      vertex -19.7081 -9.04683 10.6112
      vertex -19.9162 -9.54926 10.3859
      vertex -19.6697 -9.63295 10.3859
    endloop
  endfacet
  facet normal 0.0748101 -0.376077 0.923564
    outer loop
      vertex 18.1483 -9.4776 10.6112
      vertex 17.9627 -9.51452 10.6112
      vertex 18.289 -10.0029 10.3859
    endloop
  endfacet
  facet normal 0.0250363 -0.382613 0.923569
    outer loop
      vertex 17.0647 -9.62026 10.6112
      vertex 17.0647 -10.1641 10.3859
      vertex 17.3245 -10.1471 10.3859
    endloop
  endfacet
  facet normal -0.0727804 -0.108828 0.991393
    outer loop
      vertex -21.2325 -6.95553 10.8404
      vertex -21.5877 -7.41852 10.7635
      vertex -21.4923 -7.48232 10.7635
    endloop
  endfacet
  facet normal 0.0990123 -0.23905 0.965946
    outer loop
      vertex 19.4905 -8.52154 10.7635
      vertex 20.05 -8.90521 10.6112
      vertex 20.05 -8.2898 10.7635
    endloop
  endfacet
  facet normal 0.0990159 -0.239045 0.965947
    outer loop
      vertex 20.05 -8.90521 10.6112
      vertex 19.4905 -8.52154 10.7635
      vertex 19.7081 -9.04683 10.6112
    endloop
  endfacet
  facet normal 0.0652838 -0.49571 0.866031
    outer loop
      vertex 18.0337 -10.0537 10.3859
      vertex 17.391 -10.6525 10.0916
      vertex 18.1002 -10.5591 10.0916
    endloop
  endfacet
  facet normal 0.0652838 -0.49571 0.866031
    outer loop
      vertex 17.391 -10.6525 10.0916
      vertex 18.0337 -10.0537 10.3859
      vertex 17.3245 -10.1471 10.3859
    endloop
  endfacet
  facet normal 0.0630939 -0.963981 0.258379
    outer loop
      vertex 17.6209 -12.3985 7.79648
      vertex 17.0647 -12.5873 7.22791
      vertex 17.6407 -12.5496 7.22791
    endloop
  endfacet
  facet normal 0.0647557 -0.989371 0.130198
    outer loop
      vertex 17.0647 -12.5873 7.22791
      vertex 17.0647 -12.6641 6.64431
      vertex 17.6407 -12.5496 7.22791
    endloop
  endfacet
  facet normal 0.0432401 -0.990503 0.130517
    outer loop
      vertex 16.35 -12.6954 6.64431
      vertex 17.0647 -12.5873 7.22791
      vertex 16.35 -12.6185 7.22791
    endloop
  endfacet
  facet normal 0.0433794 -0.990519 0.130349
    outer loop
      vertex 17.0647 -12.5873 7.22791
      vertex 16.35 -12.6954 6.64431
      vertex 17.0647 -12.6641 6.64431
    endloop
  endfacet
  facet normal 0.0499739 0.37946 0.923858
    outer loop
      vertex 17.3245 10.1471 10.3859
      vertex 17.9627 9.51452 10.6112
      vertex 18.0337 10.0537 10.3859
    endloop
  endfacet
  facet normal 0.0499498 0.379439 0.923868
    outer loop
      vertex 17.9627 9.51452 10.6112
      vertex 17.3245 10.1471 10.3859
      vertex 17.2535 9.60788 10.6112
    endloop
  endfacet
  facet normal 0.0112946 0.258727 0.965885
    outer loop
      vertex 16.35 9.08289 10.7635
      vertex 17.0647 9.62026 10.6112
      vertex 16.35 9.65146 10.6112
    endloop
  endfacet
  facet normal 0.0112946 0.258727 0.965885
    outer loop
      vertex 17.0647 9.62026 10.6112
      vertex 16.35 9.08289 10.7635
      vertex 17.0647 9.05169 10.7635
    endloop
  endfacet
  facet normal 0.0169536 0.258706 0.965807
    outer loop
      vertex 17.0647 9.62026 10.6112
      vertex 17.0647 9.05169 10.7635
      vertex 17.1793 9.04418 10.7635
    endloop
  endfacet
  facet normal 0.00570301 0.130639 0.991414
    outer loop
      vertex 16.35 8.4993 10.8404
      vertex 17.0647 9.05169 10.7635
      vertex 16.35 9.08289 10.7635
    endloop
  endfacet
  facet normal 0.00570301 0.130639 0.991414
    outer loop
      vertex 17.0647 9.05169 10.7635
      vertex 16.35 8.4993 10.8404
      vertex 17.0647 8.4681 10.8404
    endloop
  endfacet
  facet normal -0.896862 0.44231 0
    outer loop
      vertex -27.9303 5.18885 6.45
      vertex -27.6705 5.71564 6.64431
      vertex -27.6705 5.71564 6.45
    endloop
  endfacet
  facet normal -0.896862 0.44231 0
    outer loop
      vertex -27.6705 5.71564 6.64431
      vertex -27.9303 5.18885 6.45
      vertex -27.9303 5.18885 6.64431
    endloop
  endfacet
  facet normal -0.831484 0.555549 0
    outer loop
      vertex -26.9558 6.9535 6.45
      vertex -26.6295 7.44187 6.64431
      vertex -26.6295 7.44187 6.45
    endloop
  endfacet
  facet normal -0.831484 0.555549 0
    outer loop
      vertex -26.6295 7.44187 6.64431
      vertex -26.9558 6.9535 6.45
      vertex -26.9558 6.9535 6.64431
    endloop
  endfacet
  facet normal -0.382582 -0.923922 0
    outer loop
      vertex -21.4983 -11.6 6.55
      vertex -21.5338 -11.5853 6.64431
      vertex -21.5338 -11.5853 6.55
    endloop
  endfacet
  facet normal -0.382619 -0.923906 -1.66017e-05
    outer loop
      vertex -21.5338 -11.5853 6.64431
      vertex -21.4983 -11.6 6.55
      vertex -20.8729 -11.859 6.64431
    endloop
  endfacet
  facet normal -0.382621 -0.923905 0
    outer loop
      vertex -20.8729 -11.859 6.45
      vertex -21.4983 -11.6 6.55
      vertex -21.4983 -11.6 6.45
    endloop
  endfacet
  facet normal -0.382621 -0.923905 0
    outer loop
      vertex -21.4983 -11.6 6.55
      vertex -20.8729 -11.859 6.45
      vertex -20.8729 -11.859 6.64431
    endloop
  endfacet
  facet normal -0.298145 -0.94558 0.130338
    outer loop
      vertex -19.6345 -12.2629 6.64431
      vertex -20.2969 -11.9736 7.22791
      vertex -20.3167 -12.0478 6.64431
    endloop
  endfacet
  facet normal -0.298103 -0.945586 0.130389
    outer loop
      vertex -20.2969 -11.9736 7.22791
      vertex -19.6345 -12.2629 6.64431
      vertex -19.6146 -12.1887 7.22791
    endloop
  endfacet
  facet normal -0.318788 -0.938843 0.130182
    outer loop
      vertex -20.2969 -11.9736 7.22791
      vertex -20.8435 -11.788 7.22791
      vertex -20.3167 -12.0478 6.64431
    endloop
  endfacet
  facet normal -0.745397 -0.653779 0.130217
    outer loop
      vertex -25.7524 -8.39669 7.22791
      vertex -26.1331 -7.96264 7.22791
      vertex -25.8067 -8.45102 6.64431
    endloop
  endfacet
  facet normal -0.636932 -0.726368 0.258278
    outer loop
      vertex -24.634 -9.29967 7.79648
      vertex -24.7417 -9.4074 7.22791
      vertex -24.3076 -9.78805 7.22791
    endloop
  endfacet
  facet normal -0.481353 -0.720499 0.49918
    outer loop
      vertex -22.9241 -9.96236 8.85007
      vertex -23.3311 -9.69045 8.85007
      vertex -23.0713 -10.2172 8.3403
    endloop
  endfacet
  facet normal -0.40864 -0.828884 0.382054
    outer loop
      vertex -21.8334 -10.9319 8.3403
      vertex -21.9461 -11.127 7.79648
      vertex -21.4461 -11.3735 7.79648
    endloop
  endfacet
  facet normal -0.399921 -0.768362 0.499684
    outer loop
      vertex -21.8334 -10.9319 8.3403
      vertex -22.3208 -10.3467 8.85007
      vertex -22.468 -10.6016 8.3403
    endloop
  endfacet
  facet normal -0.399986 -0.768365 0.499626
    outer loop
      vertex -22.3208 -10.3467 8.85007
      vertex -21.8334 -10.9319 8.3403
      vertex -21.6863 -10.677 8.85007
    endloop
  endfacet
  facet normal -0.441054 -0.660178 0.607977
    outer loop
      vertex -23.1129 -9.40617 9.31705
      vertex -23.3311 -9.69045 8.85007
      vertex -22.9241 -9.96236 8.85007
    endloop
  endfacet
  facet normal -0.408746 -0.828871 0.381968
    outer loop
      vertex -21.3599 -11.1654 8.3403
      vertex -21.8334 -10.9319 8.3403
      vertex -21.4461 -11.3735 7.79648
    endloop
  endfacet
  facet normal -0.38324 -0.777149 0.499166
    outer loop
      vertex -21.2473 -10.8935 8.85007
      vertex -21.8334 -10.9319 8.3403
      vertex -21.3599 -11.1654 8.3403
    endloop
  endfacet
  facet normal -0.269611 -0.546716 0.792724
    outer loop
      vertex -20.7722 -9.74647 10.0916
      vertex -21.0655 -9.60183 10.0916
      vertex -20.9509 -10.1779 9.73328
    endloop
  endfacet
  facet normal -0.351115 -0.712097 0.607977
    outer loop
      vertex -21.1102 -10.5624 9.31705
      vertex -21.5071 -10.3667 9.31705
      vertex -21.2473 -10.8935 8.85007
    endloop
  endfacet
  facet normal -0.732983 -0.562323 0.38279
    outer loop
      vertex -26.4477 -7.30236 7.79648
      vertex -25.8335 -7.73277 8.3403
      vertex -26.2689 -7.16523 8.3403
    endloop
  endfacet
  facet normal -0.732957 -0.562442 0.382666
    outer loop
      vertex -25.8335 -7.73277 8.3403
      vertex -26.4477 -7.30236 7.79648
      vertex -26.0122 -7.86989 7.79648
    endloop
  endfacet
  facet normal -0.768378 -0.513419 0.382095
    outer loop
      vertex -26.2689 -7.16523 8.3403
      vertex -26.5622 -6.72628 8.3403
      vertex -26.4477 -7.30236 7.79648
    endloop
  endfacet
  facet normal -0.652628 -0.712194 0.258566
    outer loop
      vertex -24.7417 -9.4074 7.22791
      vertex -25.1614 -8.81638 7.79648
      vertex -25.2691 -8.92411 7.22791
    endloop
  endfacet
  facet normal -0.652628 -0.712194 0.258566
    outer loop
      vertex -25.1614 -8.81638 7.79648
      vertex -24.7417 -9.4074 7.22791
      vertex -24.634 -9.29967 7.79648
    endloop
  endfacet
  facet normal -0.550931 -0.824335 0.130182
    outer loop
      vertex -23.2601 -10.5443 7.22791
      vertex -23.7401 -10.2235 7.22791
      vertex -23.2985 -10.6108 6.64431
    endloop
  endfacet
  facet normal -0.555525 -0.8315 0
    outer loop
      vertex -23.7869 -10.2845 6.55
      vertex -23.2985 -10.6108 6.64431
      vertex -23.7869 -10.2845 6.64431
    endloop
  endfacet
  facet normal -0.555525 -0.8315 -0
    outer loop
      vertex -23.2985 -10.6108 6.64431
      vertex -23.7869 -10.2845 6.55
      vertex -23.2985 -10.6108 6.55
    endloop
  endfacet
  facet normal -0.338017 -0.368868 0.865841
    outer loop
      vertex -23.5556 -7.21062 10.3859
      vertex -23.3887 -8.05437 10.0916
      vertex -23.0282 -7.69391 10.3859
    endloop
  endfacet
  facet normal -0.338017 -0.368868 0.865841
    outer loop
      vertex -23.3887 -8.05437 10.0916
      vertex -23.5556 -7.21062 10.3859
      vertex -23.9161 -7.57108 10.0916
    endloop
  endfacet
  facet normal -0.213087 -0.318806 0.923557
    outer loop
      vertex -21.9339 -7.8696 10.6112
      vertex -22.2649 -8.30104 10.3859
      vertex -22.0485 -8.44568 10.3859
    endloop
  endfacet
  facet normal -0.338692 -0.506867 0.7927
    outer loop
      vertex -22.5753 -8.70547 10.0916
      vertex -22.8595 -9.07595 9.73328
      vertex -22.5368 -9.29158 9.73328
    endloop
  endfacet
  facet normal -0.393274 -0.588552 0.706358
    outer loop
      vertex -22.8595 -9.07595 9.73328
      vertex -23.1129 -9.40617 9.31705
      vertex -22.5368 -9.29158 9.73328
    endloop
  endfacet
  facet normal -0.108296 -0.488466 0.865837
    outer loop
      vertex -18.9874 -9.84806 10.3859
      vertex -18.421 -10.4953 10.0916
      vertex -18.289 -10.0029 10.3859
    endloop
  endfacet
  facet normal -0.108263 -0.488445 0.865853
    outer loop
      vertex -18.421 -10.4953 10.0916
      vertex -18.9874 -9.84806 10.3859
      vertex -19.1194 -10.3405 10.0916
    endloop
  endfacet
  facet normal -0.751819 -0.255176 0.607991
    outer loop
      vertex -27.1812 -4.10428 9.31705
      vertex -27.6696 -3.77796 8.85007
      vertex -27.5123 -4.24141 8.85007
    endloop
  endfacet
  facet normal -0.875128 -0.297072 0.381968
    outer loop
      vertex -27.9539 -3.85413 8.3403
      vertex -27.9923 -4.44024 7.79648
      vertex -27.7842 -4.35404 8.3403
    endloop
  endfacet
  facet normal -0.820511 -0.278531 0.499182
    outer loop
      vertex -27.5123 -4.24141 8.85007
      vertex -27.9539 -3.85413 8.3403
      vertex -27.7842 -4.35404 8.3403
    endloop
  endfacet
  facet normal -0.634956 -0.313018 0.706293
    outer loop
      vertex -26.5229 -4.6059 9.73328
      vertex -26.7117 -5.1621 9.31705
      vertex -26.3513 -4.95399 9.73328
    endloop
  endfacet
  facet normal -0.824344 -0.550913 0.1302
    outer loop
      vertex -26.8893 -6.91508 7.22791
      vertex -26.9558 -6.9535 6.64431
      vertex -26.5685 -7.3951 7.22791
    endloop
  endfacet
  facet normal -0.778691 -0.154921 0.60798
    outer loop
      vertex -27.7797 -1.87052 9.31705
      vertex -28.135 -1.91729 8.85007
      vertex -28.0395 -2.39731 8.85007
    endloop
  endfacet
  facet normal -0.849833 -0.169074 0.499197
    outer loop
      vertex -28.135 -1.91729 8.85007
      vertex -28.4268 -1.9557 8.3403
      vertex -28.0395 -2.39731 8.85007
    endloop
  endfacet
  facet normal -0.482982 -0.629417 0.608739
    outer loop
      vertex -23.3311 -9.69045 8.85007
      vertex -23.6805 -8.9707 9.31705
      vertex -23.8986 -9.25498 8.85007
    endloop
  endfacet
  facet normal -0.482898 -0.629418 0.608804
    outer loop
      vertex -23.6805 -8.9707 9.31705
      vertex -23.3311 -9.69045 8.85007
      vertex -23.1129 -9.40617 9.31705
    endloop
  endfacet
  facet normal -0.466764 -0.532188 0.706333
    outer loop
      vertex -23.7189 -8.38459 9.73328
      vertex -24.0132 -8.6789 9.31705
      vertex -23.6805 -8.9707 9.31705
    endloop
  endfacet
  facet normal -0.466708 -0.532203 0.706359
    outer loop
      vertex -23.4271 -8.64048 9.73328
      vertex -23.7189 -8.38459 9.73328
      vertex -23.6805 -8.9707 9.31705
    endloop
  endfacet
  facet normal -0.218409 -0.139157 0.965884
    outer loop
      vertex -24.2117 -4.54395 10.7635
      vertex -24.3197 -5.43155 10.6112
      vertex -23.8273 -5.14727 10.7635
    endloop
  endfacet
  facet normal -0.218409 -0.139157 0.965884
    outer loop
      vertex -24.3197 -5.43155 10.6112
      vertex -24.2117 -4.54395 10.7635
      vertex -24.7041 -4.82823 10.6112
    endloop
  endfacet
  facet normal -0.376058 -0.0748139 0.923571
    outer loop
      vertex -25.8595 -1.61771 10.6112
      vertex -26.3987 -1.68869 10.3859
      vertex -26.3479 -1.94404 10.3859
    endloop
  endfacet
  facet normal -0.258704 -0.016991 0.965807
    outer loop
      vertex -25.3892 -0.834255 10.7635
      vertex -25.9653 -0.719666 10.6112
      vertex -25.9529 -0.908468 10.6112
    endloop
  endfacet
  facet normal -0.376077 -0.0747817 0.923566
    outer loop
      vertex -25.8595 -1.61771 10.6112
      vertex -26.3479 -1.94404 10.3859
      vertex -25.8226 -1.80328 10.6112
    endloop
  endfacet
  facet normal -0.495706 -0.0652798 0.866033
    outer loop
      vertex -26.4921 -0.979451 10.3859
      vertex -26.9041 -1.75523 10.0916
      vertex -26.3987 -1.68869 10.3859
    endloop
  endfacet
  facet normal -0.495706 -0.0652797 0.866033
    outer loop
      vertex -26.9041 -1.75523 10.0916
      vertex -26.4921 -0.979451 10.3859
      vertex -26.9975 -1.04599 10.0916
    endloop
  endfacet
  facet normal -0.499764 -0.0327039 0.865544
    outer loop
      vertex -26.5091 -0.719666 10.3859
      vertex -27.0188 -0.719666 10.0916
      vertex -26.4921 -0.979451 10.3859
    endloop
  endfacet
  facet normal -0.608522 -0.0266509 0.793089
    outer loop
      vertex -27.0501 -0.00498962 10.0916
      vertex -27.4858 -0.719666 9.73328
      vertex -27.0188 -0.719666 10.0916
    endloop
  endfacet
  facet normal -0.608605 -0.0265693 0.793028
    outer loop
      vertex -27.4858 -0.719666 9.73328
      vertex -27.0501 -0.00498962 10.0916
      vertex -27.517 -0.00498962 9.73328
    endloop
  endfacet
  facet normal -0.421982 -0.268792 0.865842
    outer loop
      vertex -25.175 -5.10014 10.3859
      vertex -25.2322 -5.95835 10.0916
      vertex -24.7907 -5.70346 10.3859
    endloop
  endfacet
  facet normal -0.421982 -0.268792 0.865842
    outer loop
      vertex -25.2322 -5.95835 10.0916
      vertex -25.175 -5.10014 10.3859
      vertex -25.6165 -5.35503 10.0916
    endloop
  endfacet
  facet normal -0.513757 -0.327251 0.793071
    outer loop
      vertex -25.6165 -5.35503 10.0916
      vertex -25.6366 -6.19184 9.73328
      vertex -25.2322 -5.95835 10.0916
    endloop
  endfacet
  facet normal -0.513757 -0.327251 0.793071
    outer loop
      vertex -25.6366 -6.19184 9.73328
      vertex -25.6165 -5.35503 10.0916
      vertex -26.0209 -5.58852 9.73328
    endloop
  endfacet
  facet normal -0.792305 -0.0519146 0.607912
    outer loop
      vertex -27.9021 -0.719666 9.31705
      vertex -28.2604 -0.719666 8.85007
      vertex -28.2284 -1.20804 8.85007
    endloop
  endfacet
  facet normal -0.792242 -0.0520263 0.607985
    outer loop
      vertex -27.9021 -0.719666 9.31705
      vertex -28.2284 -1.20804 8.85007
      vertex -27.8731 -1.16127 9.31705
    endloop
  endfacet
  facet normal -0.477164 0.15051 0.86583
    outer loop
      vertex -26.4703 3.45662 10.0916
      vertex -26.1931 2.64243 10.3859
      vertex -25.9779 3.32468 10.3859
    endloop
  endfacet
  facet normal -0.477164 0.15051 0.86583
    outer loop
      vertex -26.1931 2.64243 10.3859
      vertex -26.4703 3.45662 10.0916
      vertex -26.6855 2.77437 10.0916
    endloop
  endfacet
  facet normal -0.786531 0.103577 0.608803
    outer loop
      vertex -28.2284 1.20804 8.85007
      vertex -27.7797 1.87052 9.31705
      vertex -28.135 1.91729 8.85007
    endloop
  endfacet
  facet normal -0.786531 0.103577 0.608803
    outer loop
      vertex -27.7797 1.87052 9.31705
      vertex -28.2284 1.20804 8.85007
      vertex -27.8731 1.16127 9.31705
    endloop
  endfacet
  facet normal -0.774842 0.171746 0.608378
    outer loop
      vertex -28.0395 2.39731 8.85007
      vertex -27.5386 3.00296 9.31705
      vertex -27.8847 3.0957 8.85007
    endloop
  endfacet
  facet normal -0.774842 0.171746 0.608378
    outer loop
      vertex -27.5386 3.00296 9.31705
      vertex -28.0395 2.39731 8.85007
      vertex -27.6934 2.30457 9.31705
    endloop
  endfacet
  facet normal -0.858611 0.113071 0.500002
    outer loop
      vertex -28.5202 1.24646 8.3403
      vertex -28.135 1.91729 8.85007
      vertex -28.4268 1.9557 8.3403
    endloop
  endfacet
  facet normal -0.858611 0.113069 0.500003
    outer loop
      vertex -28.135 1.91729 8.85007
      vertex -28.5202 1.24646 8.3403
      vertex -28.2284 1.20804 8.85007
    endloop
  endfacet
  facet normal -0.706711 0.0308523 0.70683
    outer loop
      vertex -27.9333 0.00498962 9.31705
      vertex -27.4858 0.719666 9.73328
      vertex -27.9021 0.719666 9.31705
    endloop
  endfacet
  facet normal -0.706711 0.0308523 0.70683
    outer loop
      vertex -27.4858 0.719666 9.73328
      vertex -27.9333 0.00498962 9.31705
      vertex -27.517 0.00498962 9.73328
    endloop
  endfacet
  facet normal -0.853538 0.353607 0.382668
    outer loop
      vertex -27.9923 4.44024 7.79648
      vertex -27.5104 5.01494 8.3403
      vertex -27.7185 5.10114 7.79648
    endloop
  endfacet
  facet normal -0.853538 0.353607 0.382668
    outer loop
      vertex -27.5104 5.01494 8.3403
      vertex -27.9923 4.44024 7.79648
      vertex -27.7842 4.35404 8.3403
    endloop
  endfacet
  facet normal -0.777134 0.383249 0.499182
    outer loop
      vertex -27.2769 5.48842 8.3403
      vertex -27.5104 5.01494 8.3403
      vertex -27.2385 4.90231 8.85007
    endloop
  endfacet
  facet normal -0.0630939 -0.963981 0.258379
    outer loop
      vertex -17.6209 -12.3985 7.79648
      vertex -17.6407 -12.5496 7.22791
      vertex -17.0647 -12.5873 7.22791
    endloop
  endfacet
  facet normal -0.277855 -0.881232 0.382397
    outer loop
      vertex -19.5752 -12.0416 7.79648
      vertex -20.1991 -11.6089 8.3403
      vertex -20.2574 -11.8265 7.79648
    endloop
  endfacet
  facet normal -0.277855 -0.881232 0.382397
    outer loop
      vertex -20.1991 -11.6089 8.3403
      vertex -19.5752 -12.0416 7.79648
      vertex -19.5169 -11.824 8.3403
    endloop
  endfacet
  facet normal -0.0566255 -0.864647 0.499178
    outer loop
      vertex -17.0647 -11.9154 8.85007
      vertex -17.5915 -12.1752 8.3403
      vertex -17.0647 -12.2097 8.3403
    endloop
  endfacet
  facet normal -0.0377796 -0.865419 0.499623
    outer loop
      vertex -17.0647 -12.2097 8.3403
      vertex -16.35 -11.9466 8.85007
      vertex -17.0647 -11.9154 8.85007
    endloop
  endfacet
  facet normal -0.0377796 -0.865419 0.499623
    outer loop
      vertex -16.35 -11.9466 8.85007
      vertex -17.0647 -12.2097 8.3403
      vertex -16.35 -12.2409 8.3403
    endloop
  endfacet
  facet normal -0.138036 -0.694336 0.706288
    outer loop
      vertex -18.1612 -11.0221 9.73328
      vertex -18.6496 -11.3484 9.31705
      vertex -18.2155 -11.4347 9.31705
    endloop
  endfacet
  facet normal -0.866384 -0.427344 0.258369
    outer loop
      vertex -27.7185 -5.10114 7.79648
      vertex -27.8593 -5.15944 7.22791
      vertex -27.6039 -5.67723 7.22791
    endloop
  endfacet
  facet normal -0.836216 -0.532649 0.130494
    outer loop
      vertex -27.3402 -6.35018 6.64431
      vertex -26.8893 -6.91508 7.22791
      vertex -27.2736 -6.31176 7.22791
    endloop
  endfacet
  facet normal -0.836169 -0.532757 0.130353
    outer loop
      vertex -26.8893 -6.91508 7.22791
      vertex -27.3402 -6.35018 6.64431
      vertex -26.9558 -6.9535 6.64431
    endloop
  endfacet
  facet normal -0.779267 -0.496503 0.382399
    outer loop
      vertex -27.1417 -6.23559 7.79648
      vertex -26.5622 -6.72628 8.3403
      vertex -26.9466 -6.12296 8.3403
    endloop
  endfacet
  facet normal -0.779267 -0.496503 0.382399
    outer loop
      vertex -26.5622 -6.72628 8.3403
      vertex -27.1417 -6.23559 7.79648
      vertex -26.7573 -6.83891 7.79648
    endloop
  endfacet
  facet normal -0.777096 -0.383281 0.499216
    outer loop
      vertex -27.2385 -4.90231 8.85007
      vertex -27.2769 -5.48842 8.3403
      vertex -27.022 -5.34126 8.85007
    endloop
  endfacet
  facet normal -0.777134 -0.383249 0.499182
    outer loop
      vertex -27.2385 -4.90231 8.85007
      vertex -27.5104 -5.01494 8.3403
      vertex -27.2769 -5.48842 8.3403
    endloop
  endfacet
  facet normal -0.720505 -0.481431 0.499096
    outer loop
      vertex -26.0355 -6.98606 8.85007
      vertex -26.5622 -6.72628 8.3403
      vertex -26.2689 -7.16523 8.3403
    endloop
  endfacet
  facet normal -0.856864 -0.446027 0.258541
    outer loop
      vertex -27.6039 -5.67723 7.22791
      vertex -27.1417 -6.23559 7.79648
      vertex -27.472 -5.60105 7.79648
    endloop
  endfacet
  facet normal -0.856863 -0.446034 0.258534
    outer loop
      vertex -27.1417 -6.23559 7.79648
      vertex -27.6039 -5.67723 7.22791
      vertex -27.2736 -6.31176 7.22791
    endloop
  endfacet
  facet normal -0.826136 0.260465 0.499657
    outer loop
      vertex -28.169 3.17188 8.3403
      vertex -27.6696 3.77796 8.85007
      vertex -27.9539 3.85413 8.3403
    endloop
  endfacet
  facet normal -0.826135 0.26046 0.499661
    outer loop
      vertex -27.6696 3.77796 8.85007
      vertex -28.169 3.17188 8.3403
      vertex -27.8847 3.0957 8.85007
    endloop
  endfacet
  facet normal -0.921305 0.290469 0.258503
    outer loop
      vertex -28.5337 3.26961 7.22791
      vertex -28.1715 3.91243 7.79648
      vertex -28.3186 3.95186 7.22791
    endloop
  endfacet
  facet normal -0.921305 0.290469 0.258503
    outer loop
      vertex -28.1715 3.91243 7.79648
      vertex -28.5337 3.26961 7.22791
      vertex -28.3866 3.23018 7.79648
    endloop
  endfacet
  facet normal -0.513757 0.327251 0.793071
    outer loop
      vertex -25.6366 6.19184 9.73328
      vertex -25.6165 5.35503 10.0916
      vertex -25.2322 5.95835 10.0916
    endloop
  endfacet
  facet normal -0.513757 0.327251 0.793071
    outer loop
      vertex -25.6165 5.35503 10.0916
      vertex -25.6366 6.19184 9.73328
      vertex -26.0209 5.58852 9.73328
    endloop
  endfacet
  facet normal -0.546691 0.269711 0.792707
    outer loop
      vertex -25.9468 4.72049 10.0916
      vertex -26.5229 4.6059 9.73328
      vertex -26.0915 4.42719 10.0916
    endloop
  endfacet
  facet normal -0.562454 0.23293 0.79334
    outer loop
      vertex -26.5229 4.6059 9.73328
      vertex -26.3652 3.76629 10.0916
      vertex -26.0915 4.42719 10.0916
    endloop
  endfacet
  facet normal -0.562354 0.232974 0.793398
    outer loop
      vertex -26.3652 3.76629 10.0916
      vertex -26.5229 4.6059 9.73328
      vertex -26.7967 3.945 9.73328
    endloop
  endfacet
  facet normal -0.596718 0.380095 0.706722
    outer loop
      vertex -25.997 6.39995 9.31705
      vertex -26.0209 5.58852 9.73328
      vertex -25.6366 6.19184 9.73328
    endloop
  endfacet
  facet normal -0.596614 0.380128 0.706792
    outer loop
      vertex -26.0209 5.58852 9.73328
      vertex -25.997 6.39995 9.31705
      vertex -26.3814 5.79663 9.31705
    endloop
  endfacet
  facet normal -0.506849 0.338632 0.792738
    outer loop
      vertex -25.421 6.51454 9.73328
      vertex -25.6366 6.19184 9.73328
      vertex -25.0505 6.23026 10.0916
    endloop
  endfacet
  facet normal -0.144111 0.215488 0.965814
    outer loop
      vertex -21.4923 7.48232 10.7635
      vertex -21.9339 7.8696 10.6112
      vertex -21.5877 7.41852 10.7635
    endloop
  endfacet
  facet normal -0.411518 0.449078 0.793084
    outer loop
      vertex -23.7189 8.38459 9.73328
      vertex -23.9161 7.57108 10.0916
      vertex -23.3887 8.05437 10.0916
    endloop
  endfacet
  facet normal -0.411527 0.449078 0.793079
    outer loop
      vertex -23.9161 7.57108 10.0916
      vertex -23.7189 8.38459 9.73328
      vertex -24.2463 7.90129 9.73328
    endloop
  endfacet
  facet normal -0.482935 0.370585 0.793373
    outer loop
      vertex -24.9855 7.08208 9.73328
      vertex -25.0505 6.23026 10.0916
      vertex -24.615 6.79779 10.0916
    endloop
  endfacet
  facet normal -0.482942 0.370584 0.793369
    outer loop
      vertex -25.0505 6.23026 10.0916
      vertex -24.9855 7.08208 9.73328
      vertex -25.421 6.51454 9.73328
    endloop
  endfacet
  facet normal -0.205803 0.323078 0.923724
    outer loop
      vertex -22.0485 8.44568 10.3859
      vertex -21.1732 8.35909 10.6112
      vertex -21.4451 8.83005 10.3859
    endloop
  endfacet
  facet normal -0.205803 0.323078 0.923724
    outer loop
      vertex -21.1732 8.35909 10.6112
      vertex -22.0485 8.44568 10.3859
      vertex -21.7766 7.97472 10.6112
    endloop
  endfacet
  facet normal -0.139146 0.218437 0.96588
    outer loop
      vertex -21.7766 7.97472 10.6112
      vertex -20.889 7.86669 10.7635
      vertex -21.1732 8.35909 10.6112
    endloop
  endfacet
  facet normal -0.13915 0.218408 0.965886
    outer loop
      vertex -20.889 7.86669 10.7635
      vertex -21.7766 7.97472 10.6112
      vertex -21.4923 7.48232 10.7635
    endloop
  endfacet
  facet normal -0.330238 0.376486 0.865564
    outer loop
      vertex -22.8325 7.86557 10.3859
      vertex -23.1428 8.27 10.0916
      vertex -23.0282 7.69391 10.3859
    endloop
  endfacet
  facet normal -0.258804 0.282425 0.923719
    outer loop
      vertex -23.0282 7.69391 10.3859
      vertex -23.1711 6.82608 10.6112
      vertex -22.6437 7.30937 10.6112
    endloop
  endfacet
  facet normal -0.258804 0.282425 0.923719
    outer loop
      vertex -23.1711 6.82608 10.6112
      vertex -23.0282 7.69391 10.3859
      vertex -23.5556 7.21062 10.3859
    endloop
  endfacet
  facet normal -0.0702617 0.110281 0.991414
    outer loop
      vertex -21.4923 7.48232 10.7635
      vertex -20.5972 7.36128 10.8404
      vertex -20.889 7.86669 10.7635
    endloop
  endfacet
  facet normal -0.0702617 0.110281 0.991414
    outer loop
      vertex -20.5972 7.36128 10.8404
      vertex -21.4923 7.48232 10.7635
      vertex -21.2005 6.97691 10.8404
    endloop
  endfacet
  facet normal -0.0727283 0.108854 0.991394
    outer loop
      vertex -21.2005 6.97691 10.8404
      vertex -21.4923 7.48232 10.7635
      vertex -21.2325 6.95553 10.8404
    endloop
  endfacet
  facet normal -0.123231 0.363087 0.92357
    outer loop
      vertex -19.6697 9.63295 10.3859
      vertex -19.7081 9.04683 10.6112
      vertex -19.5289 9.10765 10.6112
    endloop
  endfacet
  facet normal -0.110282 0.070265 0.991414
    outer loop
      vertex -23.8273 5.14727 10.7635
      vertex -23.7063 4.25215 10.8404
      vertex -23.3219 4.85547 10.8404
    endloop
  endfacet
  facet normal -0.110282 0.070265 0.991414
    outer loop
      vertex -23.7063 4.25215 10.8404
      vertex -23.8273 5.14727 10.7635
      vertex -24.2117 4.54395 10.7635
    endloop
  endfacet
  facet normal -0.0883504 0.0964141 0.991412
    outer loop
      vertex -22.2416 6.90733 10.7635
      vertex -22.3564 6.01138 10.8404
      vertex -21.829 6.49467 10.8404
    endloop
  endfacet
  facet normal -0.0883504 0.0964141 0.991412
    outer loop
      vertex -22.3564 6.01138 10.8404
      vertex -22.2416 6.90733 10.7635
      vertex -22.769 6.42404 10.7635
    endloop
  endfacet
  facet normal -0.170907 0.194934 0.965811
    outer loop
      vertex -22.5014 7.43413 10.6112
      vertex -22.6437 7.30937 10.6112
      vertex -22.2416 6.90733 10.7635
    endloop
  endfacet
  facet normal -0.443794 0.23101 0.865841
    outer loop
      vertex -25.9468 4.72049 10.0916
      vertex -25.175 5.10014 10.3859
      vertex -25.6165 5.35503 10.0916
    endloop
  endfacet
  facet normal -0.443823 0.231099 0.865803
    outer loop
      vertex -25.175 5.10014 10.3859
      vertex -25.9468 4.72049 10.0916
      vertex -25.5054 4.46561 10.3859
    endloop
  endfacet
  facet normal -0.449144 0.221586 0.865546
    outer loop
      vertex -25.9468 4.72049 10.0916
      vertex -26.0915 4.42719 10.0916
      vertex -25.5054 4.46561 10.3859
    endloop
  endfacet
  facet normal -0.303629 0.232989 0.923865
    outer loop
      vertex -24.2106 6.48746 10.3859
      vertex -24.2146 5.58887 10.6112
      vertex -23.7791 6.15641 10.6112
    endloop
  endfacet
  facet normal -0.303688 0.232984 0.923846
    outer loop
      vertex -24.2146 5.58887 10.6112
      vertex -24.2106 6.48746 10.3859
      vertex -24.646 5.91993 10.3859
    endloop
  endfacet
  facet normal -0.256531 0.0337824 0.965945
    outer loop
      vertex -25.8595 1.61771 10.6112
      vertex -25.3892 0.834255 10.7635
      vertex -25.2958 1.5435 10.7635
    endloop
  endfacet
  facet normal -0.256531 0.0337825 0.965945
    outer loop
      vertex -25.3892 0.834255 10.7635
      vertex -25.8595 1.61771 10.6112
      vertex -25.9529 0.908468 10.6112
    endloop
  endfacet
  facet normal -0.123948 0.042166 0.991392
    outer loop
      vertex -24.3274 2.92218 10.8404
      vertex -24.9035 3.03677 10.7635
      vertex -24.3398 2.88573 10.8404
    endloop
  endfacet
  facet normal -0.246986 0.07787 0.965885
    outer loop
      vertex -25.4527 3.18393 10.6112
      vertex -25.1186 2.35452 10.7635
      vertex -24.9035 3.03677 10.7635
    endloop
  endfacet
  facet normal -0.246986 0.07787 0.965885
    outer loop
      vertex -25.1186 2.35452 10.7635
      vertex -25.4527 3.18393 10.6112
      vertex -25.6678 2.50168 10.6112
    endloop
  endfacet
  facet normal -0.245473 0.0834364 0.965806
    outer loop
      vertex -25.3918 3.3631 10.6112
      vertex -25.4527 3.18393 10.6112
      vertex -24.9035 3.03677 10.7635
    endloop
  endfacet
  facet normal -0.495706 0.0652798 0.866033
    outer loop
      vertex -26.9041 1.75523 10.0916
      vertex -26.4921 0.979451 10.3859
      vertex -26.3987 1.68869 10.3859
    endloop
  endfacet
  facet normal -0.495706 0.0652797 0.866033
    outer loop
      vertex -26.4921 0.979451 10.3859
      vertex -26.9041 1.75523 10.0916
      vertex -26.9975 1.04599 10.0916
    endloop
  endfacet
  facet normal -0.258693 -0.0169318 0.965811
    outer loop
      vertex -25.3967 -0.719666 10.7635
      vertex -25.9653 -0.719666 10.6112
      vertex -25.3892 -0.834255 10.7635
    endloop
  endfacet
  facet normal -0.25873 0 0.96595
    outer loop
      vertex -25.9965 0.00498962 10.6112
      vertex -25.4279 -0.00498962 10.7635
      vertex -25.4279 0.00498962 10.7635
    endloop
  endfacet
  facet normal -0.25873 0 0.96595
    outer loop
      vertex -25.4279 -0.00498962 10.7635
      vertex -25.9965 0.00498962 10.6112
      vertex -25.9965 -0.00498962 10.6112
    endloop
  endfacet
  facet normal -0.499912 -0.0218242 0.865801
    outer loop
      vertex -26.5403 -0.00498962 10.3859
      vertex -27.0188 -0.719666 10.0916
      vertex -26.5091 -0.719666 10.3859
    endloop
  endfacet
  facet normal -0.499838 -0.0218909 0.865842
    outer loop
      vertex -27.0188 -0.719666 10.0916
      vertex -26.5403 -0.00498962 10.3859
      vertex -27.0501 -0.00498962 10.0916
    endloop
  endfacet
  facet normal -0.114671 0.232522 0.965807
    outer loop
      vertex -20.369 8.77308 10.6112
      vertex -20.5387 8.68939 10.6112
      vertex -20.2544 8.197 10.7635
    endloop
  endfacet
  facet normal -0.123273 0.363087 0.923564
    outer loop
      vertex -19.6697 9.63295 10.3859
      vertex -19.9162 9.54926 10.3859
      vertex -19.7081 9.04683 10.6112
    endloop
  endfacet
  facet normal -0.169584 0.343911 0.923562
    outer loop
      vertex -20.5771 9.2755 10.3859
      vertex -20.8106 9.16036 10.3859
      vertex -20.369 8.77308 10.6112
    endloop
  endfacet
  facet normal -0.0505844 0.254277 0.965808
    outer loop
      vertex -17.8885 8.95081 10.7635
      vertex -18.1483 9.4776 10.6112
      vertex -18.0011 8.92841 10.7635
    endloop
  endfacet
  facet normal -0.221472 0.449138 0.865578
    outer loop
      vertex -20.7722 9.74647 10.0916
      vertex -20.8106 9.16036 10.3859
      vertex -20.5771 9.2755 10.3859
    endloop
  endfacet
  facet normal -0.281247 0.540254 0.793111
    outer loop
      vertex -21.299 10.0063 9.73328
      vertex -21.7 9.27152 10.0916
      vertex -21.0655 9.60183 10.0916
    endloop
  endfacet
  facet normal -0.281287 0.540265 0.79309
    outer loop
      vertex -21.7 9.27152 10.0916
      vertex -21.299 10.0063 9.73328
      vertex -21.9335 9.67595 9.73328
    endloop
  endfacet
  facet normal -0.0794844 0.603537 0.793364
    outer loop
      vertex -17.4519 11.1155 9.73328
      vertex -18.1002 10.5591 10.0916
      vertex -17.391 10.6525 10.0916
    endloop
  endfacet
  facet normal -0.079472 0.603527 0.793372
    outer loop
      vertex -18.1002 10.5591 10.0916
      vertex -17.4519 11.1155 9.73328
      vertex -18.1612 11.0221 9.73328
    endloop
  endfacet
  facet normal -0.23866 0.756923 0.608366
    outer loop
      vertex -19.4407 11.5397 8.85007
      vertex -20.0302 10.9785 9.31705
      vertex -19.348 11.1936 9.31705
    endloop
  endfacet
  facet normal -0.238621 0.756909 0.608399
    outer loop
      vertex -20.0302 10.9785 9.31705
      vertex -19.4407 11.5397 8.85007
      vertex -20.123 11.3246 8.85007
    endloop
  endfacet
  facet normal -0.213056 -0.318814 0.923561
    outer loop
      vertex -21.9339 -7.8696 10.6112
      vertex -22.0485 -8.44568 10.3859
      vertex -21.7766 -7.97472 10.6112
    endloop
  endfacet
  facet normal -0.205803 -0.323078 0.923724
    outer loop
      vertex -22.0485 -8.44568 10.3859
      vertex -21.1732 -8.35909 10.6112
      vertex -21.7766 -7.97472 10.6112
    endloop
  endfacet
  facet normal -0.205803 -0.323078 0.923724
    outer loop
      vertex -21.1732 -8.35909 10.6112
      vertex -22.0485 -8.44568 10.3859
      vertex -21.4451 -8.83005 10.3859
    endloop
  endfacet
  facet normal 0 0 1
    outer loop
      vertex 19.2307 7.99475 10.8404
      vertex 20.05 7.6461 10.8404
      vertex 19.9626 7.69159 10.8404
    endloop
  endfacet
  facet normal 0 0 1
    outer loop
      vertex 20.05 7.6461 10.8404
      vertex 19.2307 7.99475 10.8404
      vertex 20.05 -7.6461 10.8404
    endloop
  endfacet
  facet normal 0 0 1
    outer loop
      vertex 19.2307 7.99475 10.8404
      vertex 19.9626 7.69159 10.8404
      vertex 19.9281 7.70862 10.8404
    endloop
  endfacet
  facet normal 0 0 1
    outer loop
      vertex 19.2307 -7.99475 10.8404
      vertex 20.05 -7.6461 10.8404
      vertex 19.2307 7.99475 10.8404
    endloop
  endfacet
  facet normal 0 0 1
    outer loop
      vertex 19.2307 7.99475 10.8404
      vertex 19.9281 7.70862 10.8404
      vertex 19.2672 7.98238 10.8404
    endloop
  endfacet
  facet normal 0 0 1
    outer loop
      vertex 20.05 -7.6461 10.8404
      vertex 19.2307 -7.99475 10.8404
      vertex 19.9626 -7.69159 10.8404
    endloop
  endfacet
  facet normal 0 0 1
    outer loop
      vertex 19.9626 -7.69159 10.8404
      vertex 19.2307 -7.99475 10.8404
      vertex 19.9281 -7.70862 10.8404
    endloop
  endfacet
  facet normal 0 0 1
    outer loop
      vertex 19.9281 -7.70862 10.8404
      vertex 19.2307 -7.99475 10.8404
      vertex 19.2672 -7.98238 10.8404
    endloop
  endfacet
  facet normal 0 0 1
    outer loop
      vertex 18.5485 8.20987 10.8404
      vertex 19.2307 -7.99475 10.8404
      vertex 19.2307 7.99475 10.8404
    endloop
  endfacet
  facet normal 0 0 1
    outer loop
      vertex 18.5485 8.20987 10.8404
      vertex 18.5485 -8.20987 10.8404
      vertex 19.2307 -7.99475 10.8404
    endloop
  endfacet
  facet normal 0 0 1
    outer loop
      vertex 17.8501 8.3647 10.8404
      vertex 18.5485 -8.20987 10.8404
      vertex 18.5485 8.20987 10.8404
    endloop
  endfacet
  facet normal 0 0 1
    outer loop
      vertex 17.8501 8.3647 10.8404
      vertex 17.8501 -8.3647 10.8404
      vertex 18.5485 -8.20987 10.8404
    endloop
  endfacet
  facet normal 0 0 1
    outer loop
      vertex 17.0647 8.4681 10.8404
      vertex 17.8501 8.3647 10.8404
      vertex 17.8123 8.37221 10.8404
    endloop
  endfacet
  facet normal 0 0 1
    outer loop
      vertex 17.8501 8.3647 10.8404
      vertex 17.0647 8.4681 10.8404
      vertex 17.8501 -8.3647 10.8404
    endloop
  endfacet
  facet normal 0 0 1
    outer loop
      vertex 17.0647 8.4681 10.8404
      vertex 17.8123 8.37221 10.8404
      vertex 17.1031 8.46558 10.8404
    endloop
  endfacet
  facet normal 0 0 1
    outer loop
      vertex 17.0647 -8.4681 10.8404
      vertex 17.8501 -8.3647 10.8404
      vertex 17.0647 8.4681 10.8404
    endloop
  endfacet
  facet normal 0 0 1
    outer loop
      vertex 17.8501 -8.3647 10.8404
      vertex 17.0647 -8.4681 10.8404
      vertex 17.8123 -8.37221 10.8404
    endloop
  endfacet
  facet normal 0 0 1
    outer loop
      vertex 17.8123 -8.37221 10.8404
      vertex 17.0647 -8.4681 10.8404
      vertex 17.1031 -8.46558 10.8404
    endloop
  endfacet
  facet normal 0 0 1
    outer loop
      vertex 16.35 8.4993 10.8404
      vertex 17.0647 -8.4681 10.8404
      vertex 17.0647 8.4681 10.8404
    endloop
  endfacet
  facet normal 0 0 1
    outer loop
      vertex 16.35 8.4993 10.8404
      vertex 16.35 -8.4993 10.8404
      vertex 17.0647 -8.4681 10.8404
    endloop
  endfacet
  facet normal -0 0 1
    outer loop
      vertex -16.35 8.4993 10.8404
      vertex 16.35 -8.4993 10.8404
      vertex 16.35 8.4993 10.8404
    endloop
  endfacet
  facet normal 0 0 1
    outer loop
      vertex -16.35 8.4993 10.8404
      vertex -16.35 -8.4993 10.8404
      vertex 16.35 -8.4993 10.8404
    endloop
  endfacet
  facet normal -0 0 1
    outer loop
      vertex -17.0647 8.4681 10.8404
      vertex -16.35 -8.4993 10.8404
      vertex -16.35 8.4993 10.8404
    endloop
  endfacet
  facet normal 0 0 1
    outer loop
      vertex -17.0647 8.4681 10.8404
      vertex -17.0647 -8.4681 10.8404
      vertex -16.35 -8.4993 10.8404
    endloop
  endfacet
  facet normal 0 0 1
    outer loop
      vertex -17.8501 8.3647 10.8404
      vertex -17.0647 8.4681 10.8404
      vertex -17.1031 8.46558 10.8404
    endloop
  endfacet
  facet normal 0 0 1
    outer loop
      vertex -17.0647 8.4681 10.8404
      vertex -17.8501 8.3647 10.8404
      vertex -17.0647 -8.4681 10.8404
    endloop
  endfacet
  facet normal 0 0 1
    outer loop
      vertex -17.8501 8.3647 10.8404
      vertex -17.1031 8.46558 10.8404
      vertex -17.8123 8.37221 10.8404
    endloop
  endfacet
  facet normal -0 0 1
    outer loop
      vertex -17.8501 -8.3647 10.8404
      vertex -17.0647 -8.4681 10.8404
      vertex -17.8501 8.3647 10.8404
    endloop
  endfacet
  facet normal 0 0 1
    outer loop
      vertex -17.0647 -8.4681 10.8404
      vertex -17.8501 -8.3647 10.8404
      vertex -17.1031 -8.46558 10.8404
    endloop
  endfacet
  facet normal 0 0 1
    outer loop
      vertex -17.1031 -8.46558 10.8404
      vertex -17.8501 -8.3647 10.8404
      vertex -17.8123 -8.37221 10.8404
    endloop
  endfacet
  facet normal -0 0 1
    outer loop
      vertex -18.5485 8.20987 10.8404
      vertex -17.8501 -8.3647 10.8404
      vertex -17.8501 8.3647 10.8404
    endloop
  endfacet
  facet normal 0 0 1
    outer loop
      vertex -18.5485 8.20987 10.8404
      vertex -18.5485 -8.20987 10.8404
      vertex -17.8501 -8.3647 10.8404
    endloop
  endfacet
  facet normal -0 0 1
    outer loop
      vertex -19.2307 7.99475 10.8404
      vertex -18.5485 -8.20987 10.8404
      vertex -18.5485 8.20987 10.8404
    endloop
  endfacet
  facet normal 0 0 1
    outer loop
      vertex -19.2307 7.99475 10.8404
      vertex -19.2307 -7.99475 10.8404
      vertex -18.5485 -8.20987 10.8404
    endloop
  endfacet
  facet normal 0 0 1
    outer loop
      vertex -19.9626 7.69159 10.8404
      vertex -19.2307 7.99475 10.8404
      vertex -19.2672 7.98238 10.8404
    endloop
  endfacet
  facet normal 0 0 1
    outer loop
      vertex -19.2307 7.99475 10.8404
      vertex -19.9626 7.69159 10.8404
      vertex -19.2307 -7.99475 10.8404
    endloop
  endfacet
  facet normal 0 0 1
    outer loop
      vertex -19.9626 7.69159 10.8404
      vertex -19.2672 7.98238 10.8404
      vertex -19.9281 7.70862 10.8404
    endloop
  endfacet
  facet normal -0 0 1
    outer loop
      vertex -19.9626 -7.69159 10.8404
      vertex -19.2307 -7.99475 10.8404
      vertex -19.9626 7.69159 10.8404
    endloop
  endfacet
  facet normal 0 0 1
    outer loop
      vertex -19.2307 -7.99475 10.8404
      vertex -19.9626 -7.69159 10.8404
      vertex -19.2672 -7.98238 10.8404
    endloop
  endfacet
  facet normal 0 0 1
    outer loop
      vertex -19.2672 -7.98238 10.8404
      vertex -19.9626 -7.69159 10.8404
      vertex -19.9281 -7.70862 10.8404
    endloop
  endfacet
  facet normal -0 0 1
    outer loop
      vertex -20.5972 7.36128 10.8404
      vertex -19.9626 -7.69159 10.8404
      vertex -19.9626 7.69159 10.8404
    endloop
  endfacet
  facet normal 0 0 1
    outer loop
      vertex -20.5972 7.36128 10.8404
      vertex -20.5972 -7.36128 10.8404
      vertex -19.9626 -7.69159 10.8404
    endloop
  endfacet
  facet normal -0 0 1
    outer loop
      vertex -21.2005 6.97691 10.8404
      vertex -20.5972 -7.36128 10.8404
      vertex -20.5972 7.36128 10.8404
    endloop
  endfacet
  facet normal 0 0 1
    outer loop
      vertex -21.2005 6.97691 10.8404
      vertex -21.2005 -6.97691 10.8404
      vertex -20.5972 -7.36128 10.8404
    endloop
  endfacet
  facet normal 0 0 1
    outer loop
      vertex -21.829 6.49467 10.8404
      vertex -21.2005 6.97691 10.8404
      vertex -21.2325 6.95553 10.8404
    endloop
  endfacet
  facet normal 0 0 1
    outer loop
      vertex -21.2005 6.97691 10.8404
      vertex -21.829 6.49467 10.8404
      vertex -21.2005 -6.97691 10.8404
    endloop
  endfacet
  facet normal 0 0 1
    outer loop
      vertex -21.829 6.49467 10.8404
      vertex -21.2325 6.95553 10.8404
      vertex -21.8 6.52005 10.8404
    endloop
  endfacet
  facet normal -0 0 1
    outer loop
      vertex -21.829 -6.49467 10.8404
      vertex -21.2005 -6.97691 10.8404
      vertex -21.829 6.49467 10.8404
    endloop
  endfacet
  facet normal 0 0 1
    outer loop
      vertex -21.2005 -6.97691 10.8404
      vertex -21.829 -6.49467 10.8404
      vertex -21.2325 -6.95553 10.8404
    endloop
  endfacet
  facet normal 0 0 1
    outer loop
      vertex -21.2325 -6.95553 10.8404
      vertex -21.829 -6.49467 10.8404
      vertex -21.8 -6.52005 10.8404
    endloop
  endfacet
  facet normal -0 0 1
    outer loop
      vertex -22.3564 6.01138 10.8404
      vertex -21.829 -6.49467 10.8404
      vertex -21.829 6.49467 10.8404
    endloop
  endfacet
  facet normal 0 0 1
    outer loop
      vertex -22.3564 6.01138 10.8404
      vertex -22.3564 -6.01138 10.8404
      vertex -21.829 -6.49467 10.8404
    endloop
  endfacet
  facet normal -0 0 1
    outer loop
      vertex -22.8397 5.48396 10.8404
      vertex -22.3564 -6.01138 10.8404
      vertex -22.3564 6.01138 10.8404
    endloop
  endfacet
  facet normal 0 0 1
    outer loop
      vertex -22.8397 5.48396 10.8404
      vertex -22.8397 -5.48396 10.8404
      vertex -22.3564 -6.01138 10.8404
    endloop
  endfacet
  facet normal 0 0 1
    outer loop
      vertex -23.3219 4.85547 10.8404
      vertex -22.8397 5.48396 10.8404
      vertex -22.8651 5.45502 10.8404
    endloop
  endfacet
  facet normal 0 0 1
    outer loop
      vertex -22.8397 5.48396 10.8404
      vertex -23.3219 4.85547 10.8404
      vertex -22.8397 -5.48396 10.8404
    endloop
  endfacet
  facet normal 0 0 1
    outer loop
      vertex -23.3219 4.85547 10.8404
      vertex -22.8651 5.45502 10.8404
      vertex -23.3005 4.88748 10.8404
    endloop
  endfacet
  facet normal -0 0 1
    outer loop
      vertex -23.3219 -4.85547 10.8404
      vertex -22.8397 -5.48396 10.8404
      vertex -23.3219 4.85547 10.8404
    endloop
  endfacet
  facet normal 0 0 1
    outer loop
      vertex -22.8397 -5.48396 10.8404
      vertex -23.3219 -4.85547 10.8404
      vertex -22.8651 -5.45502 10.8404
    endloop
  endfacet
  facet normal 0 0 1
    outer loop
      vertex -22.8651 -5.45502 10.8404
      vertex -23.3219 -4.85547 10.8404
      vertex -23.3005 -4.88748 10.8404
    endloop
  endfacet
  facet normal -0 0 1
    outer loop
      vertex -23.7063 4.25215 10.8404
      vertex -23.3219 -4.85547 10.8404
      vertex -23.3219 4.85547 10.8404
    endloop
  endfacet
  facet normal 0 0 1
    outer loop
      vertex -23.7063 4.25215 10.8404
      vertex -23.7063 -4.25215 10.8404
      vertex -23.3219 -4.85547 10.8404
    endloop
  endfacet
  facet normal -0 0 1
    outer loop
      vertex -24.0366 3.61762 10.8404
      vertex -23.7063 -4.25215 10.8404
      vertex -23.7063 4.25215 10.8404
    endloop
  endfacet
  facet normal 0 0 1
    outer loop
      vertex -24.0366 3.61762 10.8404
      vertex -24.0366 -3.61762 10.8404
      vertex -23.7063 -4.25215 10.8404
    endloop
  endfacet
  facet normal 0 0 1
    outer loop
      vertex -24.3398 2.88573 10.8404
      vertex -24.0366 3.61762 10.8404
      vertex -24.0536 3.58309 10.8404
    endloop
  endfacet
  facet normal 0 0 1
    outer loop
      vertex -24.0366 3.61762 10.8404
      vertex -24.3398 2.88573 10.8404
      vertex -24.0366 -3.61762 10.8404
    endloop
  endfacet
  facet normal 0 0 1
    outer loop
      vertex -24.3398 2.88573 10.8404
      vertex -24.0536 3.58309 10.8404
      vertex -24.3274 2.92218 10.8404
    endloop
  endfacet
  facet normal -0 0 1
    outer loop
      vertex -24.3398 -2.88573 10.8404
      vertex -24.0366 -3.61762 10.8404
      vertex -24.3398 2.88573 10.8404
    endloop
  endfacet
  facet normal 0 0 1
    outer loop
      vertex -24.0366 -3.61762 10.8404
      vertex -24.3398 -2.88573 10.8404
      vertex -24.0536 -3.58309 10.8404
    endloop
  endfacet
  facet normal 0 0 1
    outer loop
      vertex -24.0536 -3.58309 10.8404
      vertex -24.3398 -2.88573 10.8404
      vertex -24.3274 -2.92218 10.8404
    endloop
  endfacet
  facet normal -0 0 1
    outer loop
      vertex -24.5549 2.20348 10.8404
      vertex -24.3398 -2.88573 10.8404
      vertex -24.3398 2.88573 10.8404
    endloop
  endfacet
  facet normal 0 0 1
    outer loop
      vertex -24.5549 2.20348 10.8404
      vertex -24.5549 -2.20348 10.8404
      vertex -24.3398 -2.88573 10.8404
    endloop
  endfacet
  facet normal -0 0 1
    outer loop
      vertex -24.7097 1.50508 10.8404
      vertex -24.5549 -2.20348 10.8404
      vertex -24.5549 2.20348 10.8404
    endloop
  endfacet
  facet normal 0 0 1
    outer loop
      vertex -24.7097 1.50508 10.8404
      vertex -24.7097 -1.50508 10.8404
      vertex -24.5549 -2.20348 10.8404
    endloop
  endfacet
  facet normal 0 0 1
    outer loop
      vertex -24.8131 0.719666 10.8404
      vertex -24.7097 1.50508 10.8404
      vertex -24.7172 1.46732 10.8404
    endloop
  endfacet
  facet normal 0 0 1
    outer loop
      vertex -24.7097 1.50508 10.8404
      vertex -24.8131 0.719666 10.8404
      vertex -24.7097 -1.50508 10.8404
    endloop
  endfacet
  facet normal 0 0 1
    outer loop
      vertex -24.8131 0.719666 10.8404
      vertex -24.7172 1.46732 10.8404
      vertex -24.8106 0.75808 10.8404
    endloop
  endfacet
  facet normal -0 0 1
    outer loop
      vertex -24.8131 -0.719666 10.8404
      vertex -24.7097 -1.50508 10.8404
      vertex -24.8131 0.719666 10.8404
    endloop
  endfacet
  facet normal 0 0 1
    outer loop
      vertex -24.7097 -1.50508 10.8404
      vertex -24.8131 -0.719666 10.8404
      vertex -24.7172 -1.46732 10.8404
    endloop
  endfacet
  facet normal 0 0 1
    outer loop
      vertex -24.7172 -1.46732 10.8404
      vertex -24.8131 -0.719666 10.8404
      vertex -24.8106 -0.75808 10.8404
    endloop
  endfacet
  facet normal -0 0 1
    outer loop
      vertex -24.8443 0.00498962 10.8404
      vertex -24.8131 -0.719666 10.8404
      vertex -24.8131 0.719666 10.8404
    endloop
  endfacet
  facet normal 0 0 1
    outer loop
      vertex -24.8131 -0.719666 10.8404
      vertex -24.8443 0.00498962 10.8404
      vertex -24.8443 -0.00498962 10.8404
    endloop
  endfacet
  facet normal -0.123231 -0.363087 0.92357
    outer loop
      vertex -19.5289 -9.10765 10.6112
      vertex -19.7081 -9.04683 10.6112
      vertex -19.6697 -9.63295 10.3859
    endloop
  endfacet
  facet normal -0.115194 -0.36531 0.923731
    outer loop
      vertex -19.6697 -9.63295 10.3859
      vertex -18.8467 -9.32277 10.6112
      vertex -19.5289 -9.10765 10.6112
    endloop
  endfacet
  facet normal -0.115181 -0.365338 0.923721
    outer loop
      vertex -18.8467 -9.32277 10.6112
      vertex -19.6697 -9.63295 10.3859
      vertex -18.9874 -9.84806 10.3859
    endloop
  endfacet
  facet normal -0.0579003 -0.117419 0.991393
    outer loop
      vertex -19.9281 -7.70862 10.8404
      vertex -20.2544 -8.197 10.7635
      vertex -20.1514 -8.24779 10.7635
    endloop
  endfacet
  facet normal -0.114659 -0.232524 0.965808
    outer loop
      vertex -20.2544 -8.197 10.7635
      vertex -20.369 -8.77308 10.6112
      vertex -20.1514 -8.24779 10.7635
    endloop
  endfacet
  facet normal -0.281247 -0.540254 0.793111
    outer loop
      vertex -21.7 -9.27152 10.0916
      vertex -21.299 -10.0063 9.73328
      vertex -21.0655 -9.60183 10.0916
    endloop
  endfacet
  facet normal -0.281287 -0.540265 0.79309
    outer loop
      vertex -21.299 -10.0063 9.73328
      vertex -21.7 -9.27152 10.0916
      vertex -21.9335 -9.67595 9.73328
    endloop
  endfacet
  facet normal -0.0794844 -0.603537 0.793364
    outer loop
      vertex -18.1002 -10.5591 10.0916
      vertex -17.4519 -11.1155 9.73328
      vertex -17.391 -10.6525 10.0916
    endloop
  endfacet
  facet normal -0.079472 -0.603527 0.793372
    outer loop
      vertex -17.4519 -11.1155 9.73328
      vertex -18.1002 -10.5591 10.0916
      vertex -18.1612 -11.0221 9.73328
    endloop
  endfacet
  facet normal -0.0748101 -0.376077 0.923564
    outer loop
      vertex -18.1483 -9.4776 10.6112
      vertex -18.289 -10.0029 10.3859
      vertex -17.9627 -9.51452 10.6112
    endloop
  endfacet
  facet normal -0.0778716 -0.246998 0.965882
    outer loop
      vertex -19.5289 -9.10765 10.6112
      vertex -18.6995 -8.77357 10.7635
      vertex -19.3818 -8.55846 10.7635
    endloop
  endfacet
  facet normal -0.0778804 -0.246978 0.965886
    outer loop
      vertex -18.6995 -8.77357 10.7635
      vertex -19.5289 -9.10765 10.6112
      vertex -18.8467 -9.32277 10.6112
    endloop
  endfacet
  facet normal 0.0255109 -0.128403 0.991394
    outer loop
      vertex 17.8501 -8.3647 10.8404
      vertex 17.8123 -8.37221 10.8404
      vertex 17.8885 -8.95081 10.7635
    endloop
  endfacet
  facet normal 0.230116 -0.670043 0.705754
    outer loop
      vertex 20.05 -10.9383 9.34876
      vertex 20.0302 -10.9785 9.31705
      vertex 20.05 -10.9717 9.31705
    endloop
  endfacet
  facet normal 0.227633 -0.670283 0.706331
    outer loop
      vertex 19.9225 -10.5764 9.73328
      vertex 20.05 -10.9383 9.34876
      vertex 20.05 -10.5331 9.73328
    endloop
  endfacet
  facet normal 0.228827 -0.669869 0.706338
    outer loop
      vertex 20.05 -10.9383 9.34876
      vertex 19.9225 -10.5764 9.73328
      vertex 20.0302 -10.9785 9.31705
    endloop
  endfacet
  facet normal 0.0250873 0.382591 0.923577
    outer loop
      vertex 17.3245 10.1471 10.3859
      vertex 17.0647 9.62026 10.6112
      vertex 17.2535 9.60788 10.6112
    endloop
  endfacet
  facet normal 0.0250363 0.382613 0.923569
    outer loop
      vertex 17.0647 10.1641 10.3859
      vertex 17.0647 9.62026 10.6112
      vertex 17.3245 10.1471 10.3859
    endloop
  endfacet
  facet normal -0.793346 0.608771 0
    outer loop
      vertex -26.6295 7.44187 6.45
      vertex -26.194 8.00941 6.64431
      vertex -26.194 8.00941 6.45
    endloop
  endfacet
  facet normal -0.793346 0.608771 0
    outer loop
      vertex -26.194 8.00941 6.64431
      vertex -26.6295 7.44187 6.45
      vertex -26.6295 7.44187 6.64431
    endloop
  endfacet
  facet normal -0.513324 -0.768494 0.381989
    outer loop
      vertex -23.0713 -10.2172 8.3403
      vertex -23.6474 -10.1027 7.79648
      vertex -23.1839 -10.4123 7.79648
    endloop
  endfacet
  facet normal -0.609334 -0.694852 0.381959
    outer loop
      vertex -24.0778 -9.48848 8.3403
      vertex -24.634 -9.29967 7.79648
      vertex -24.2149 -9.66719 7.79648
    endloop
  endfacet
  facet normal -0.60936 -0.694806 0.382001
    outer loop
      vertex -24.4747 -9.14039 8.3403
      vertex -24.634 -9.29967 7.79648
      vertex -24.0778 -9.48848 8.3403
    endloop
  endfacet
  facet normal -0.726328 -0.636948 0.25835
    outer loop
      vertex -26.0122 -7.86989 7.79648
      vertex -26.1331 -7.96264 7.22791
      vertex -25.6447 -8.28896 7.79648
    endloop
  endfacet
  facet normal -0.7122 -0.652623 0.258563
    outer loop
      vertex -25.7524 -8.39669 7.22791
      vertex -25.1614 -8.81638 7.79648
      vertex -25.6447 -8.28896 7.79648
    endloop
  endfacet
  facet normal -0.7122 -0.652623 0.258563
    outer loop
      vertex -25.1614 -8.81638 7.79648
      vertex -25.7524 -8.39669 7.22791
      vertex -25.2691 -8.92411 7.22791
    endloop
  endfacet
  facet normal -0.58802 -0.766336 0.25877
    outer loop
      vertex -23.7401 -10.2235 7.22791
      vertex -24.2149 -9.66719 7.79648
      vertex -24.3076 -9.78805 7.22791
    endloop
  endfacet
  facet normal -0.588083 -0.766313 0.258694
    outer loop
      vertex -24.2149 -9.66719 7.79648
      vertex -23.7401 -10.2235 7.22791
      vertex -23.6474 -10.1027 7.79648
    endloop
  endfacet
  facet normal -0.518967 -0.814709 0.258696
    outer loop
      vertex -22.6568 -10.9286 7.22791
      vertex -23.1839 -10.4123 7.79648
      vertex -23.2601 -10.5443 7.22791
    endloop
  endfacet
  facet normal -0.519082 -0.814678 0.258561
    outer loop
      vertex -23.1839 -10.4123 7.79648
      vertex -22.6568 -10.9286 7.22791
      vertex -22.5806 -10.7967 7.79648
    endloop
  endfacet
  facet normal -0.438584 -0.889189 0.130332
    outer loop
      vertex -22.0222 -11.2589 7.22791
      vertex -22.0606 -11.3255 6.64431
      vertex -21.5044 -11.5143 7.22791
    endloop
  endfacet
  facet normal -0.427338 -0.866388 0.25837
    outer loop
      vertex -21.4461 -11.3735 7.79648
      vertex -22.0222 -11.2589 7.22791
      vertex -21.5044 -11.5143 7.22791
    endloop
  endfacet
  facet normal -0.730979 -0.669831 0.13037
    outer loop
      vertex -25.8067 -8.45102 6.64431
      vertex -25.2691 -8.92411 7.22791
      vertex -25.7524 -8.39669 7.22791
    endloop
  endfacet
  facet normal -0.730979 -0.669831 0.13037
    outer loop
      vertex -25.2691 -8.92411 7.22791
      vertex -25.8067 -8.45102 6.64431
      vertex -25.3234 -8.97844 6.64431
    endloop
  endfacet
  facet normal -0.5134 -0.768393 0.382091
    outer loop
      vertex -23.5102 -9.92395 8.3403
      vertex -23.6474 -10.1027 7.79648
      vertex -23.0713 -10.2172 8.3403
    endloop
  endfacet
  facet normal -0.636959 -0.726354 0.25825
    outer loop
      vertex -24.2149 -9.66719 7.79648
      vertex -24.634 -9.29967 7.79648
      vertex -24.3076 -9.78805 7.22791
    endloop
  endfacet
  facet normal -0.233017 -0.303666 0.923845
    outer loop
      vertex -22.5014 -7.43413 10.6112
      vertex -22.2649 -8.30104 10.3859
      vertex -21.9339 -7.8696 10.6112
    endloop
  endfacet
  facet normal -0.232969 -0.303657 0.92386
    outer loop
      vertex -22.2649 -8.30104 10.3859
      vertex -22.5014 -7.43413 10.6112
      vertex -22.8325 -7.86557 10.3859
    endloop
  endfacet
  facet normal -0.368869 -0.338013 0.865842
    outer loop
      vertex -24.3994 -7.04366 10.0916
      vertex -23.5556 -7.21062 10.3859
      vertex -24.0389 -6.6832 10.3859
    endloop
  endfacet
  facet normal -0.368869 -0.338013 0.865842
    outer loop
      vertex -23.5556 -7.21062 10.3859
      vertex -24.3994 -7.04366 10.0916
      vertex -23.9161 -7.57108 10.0916
    endloop
  endfacet
  facet normal -0.13915 -0.218408 0.965886
    outer loop
      vertex -21.7766 -7.97472 10.6112
      vertex -20.889 -7.86669 10.7635
      vertex -21.4923 -7.48232 10.7635
    endloop
  endfacet
  facet normal -0.139146 -0.218437 0.96588
    outer loop
      vertex -20.889 -7.86669 10.7635
      vertex -21.7766 -7.97472 10.6112
      vertex -21.1732 -8.35909 10.6112
    endloop
  endfacet
  facet normal -0.327288 -0.513705 0.793089
    outer loop
      vertex -22.5368 -9.29158 9.73328
      vertex -21.7 -9.27152 10.0916
      vertex -22.3033 -8.88715 10.0916
    endloop
  endfacet
  facet normal -0.327288 -0.513705 0.793089
    outer loop
      vertex -21.7 -9.27152 10.0916
      vertex -22.5368 -9.29158 9.73328
      vertex -21.9335 -9.67595 9.73328
    endloop
  endfacet
  facet normal -0.22149 -0.449137 0.865574
    outer loop
      vertex -20.8106 -9.16036 10.3859
      vertex -21.0655 -9.60183 10.0916
      vertex -20.7722 -9.74647 10.0916
    endloop
  endfacet
  facet normal -0.153189 -0.690684 0.706745
    outer loop
      vertex -19.2402 -10.7915 9.73328
      vertex -18.6496 -11.3484 9.31705
      vertex -18.5418 -10.9464 9.73328
    endloop
  endfacet
  facet normal -0.153077 -0.690626 0.706826
    outer loop
      vertex -18.6496 -11.3484 9.31705
      vertex -19.2402 -10.7915 9.73328
      vertex -19.348 -11.1936 9.31705
    endloop
  endfacet
  facet normal -0.150456 -0.477225 0.865806
    outer loop
      vertex -19.8016 -10.1253 10.0916
      vertex -18.9874 -9.84806 10.3859
      vertex -19.6697 -9.63295 10.3859
    endloop
  endfacet
  facet normal -0.150508 -0.477121 0.865854
    outer loop
      vertex -18.9874 -9.84806 10.3859
      vertex -19.8016 -10.1253 10.0916
      vertex -19.1194 -10.3405 10.0916
    endloop
  endfacet
  facet normal -0.232924 -0.562378 0.793396
    outer loop
      vertex -20.7722 -9.74647 10.0916
      vertex -20.29 -10.4517 9.73328
      vertex -20.1113 -10.0202 10.0916
    endloop
  endfacet
  facet normal -0.232996 -0.562406 0.793355
    outer loop
      vertex -20.29 -10.4517 9.73328
      vertex -20.7722 -9.74647 10.0916
      vertex -20.9509 -10.1779 9.73328
    endloop
  endfacet
  facet normal -0.255203 -0.751818 0.607981
    outer loop
      vertex -20.4493 -10.8362 9.31705
      vertex -20.5864 -11.1673 8.85007
      vertex -20.123 -11.3246 8.85007
    endloop
  endfacet
  facet normal -0.278522 -0.820514 0.499181
    outer loop
      vertex -20.123 -11.3246 8.85007
      vertex -20.5864 -11.1673 8.85007
      vertex -20.1991 -11.6089 8.3403
    endloop
  endfacet
  facet normal -0.199951 -0.902104 0.382397
    outer loop
      vertex -18.8768 -12.1964 7.79648
      vertex -19.5169 -11.824 8.3403
      vertex -19.5752 -12.0416 7.79648
    endloop
  endfacet
  facet normal -0.199951 -0.902104 0.382397
    outer loop
      vertex -19.5169 -11.824 8.3403
      vertex -18.8768 -12.1964 7.79648
      vertex -18.8185 -11.9788 8.3403
    endloop
  endfacet
  facet normal -0.881237 -0.277837 0.382397
    outer loop
      vertex -28.3866 -3.23018 7.79648
      vertex -27.9539 -3.85413 8.3403
      vertex -28.169 -3.17188 8.3403
    endloop
  endfacet
  facet normal -0.881237 -0.277837 0.382397
    outer loop
      vertex -27.9539 -3.85413 8.3403
      vertex -28.3866 -3.23018 7.79648
      vertex -28.1715 -3.91243 7.79648
    endloop
  endfacet
  facet normal -0.6533 -0.270652 0.707069
    outer loop
      vertex -26.7967 -3.945 9.73328
      vertex -26.9074 -4.76518 9.31705
      vertex -26.5229 -4.6059 9.73328
    endloop
  endfacet
  facet normal -0.6533 -0.270652 0.707069
    outer loop
      vertex -26.9074 -4.76518 9.31705
      vertex -26.7967 -3.945 9.73328
      vertex -27.1812 -4.10428 9.31705
    endloop
  endfacet
  facet normal -0.730595 -0.465371 0.499662
    outer loop
      vertex -26.9466 -6.12296 8.3403
      vertex -26.3074 -6.57912 8.85007
      vertex -26.6917 -5.9758 8.85007
    endloop
  endfacet
  facet normal -0.730593 -0.465491 0.499552
    outer loop
      vertex -26.3074 -6.57912 8.85007
      vertex -26.9466 -6.12296 8.3403
      vertex -26.5622 -6.72628 8.3403
    endloop
  endfacet
  facet normal -0.523528 -0.596908 0.607963
    outer loop
      vertex -24.0132 -8.6789 9.31705
      vertex -24.2666 -8.93228 8.85007
      vertex -23.6805 -8.9707 9.31705
    endloop
  endfacet
  facet normal -0.0983993 -0.0863629 0.991392
    outer loop
      vertex -22.8651 -5.45502 10.8404
      vertex -23.2523 -5.89662 10.7635
      vertex -22.8397 -5.48396 10.8404
    endloop
  endfacet
  facet normal -0.0964155 -0.0883501 0.991412
    outer loop
      vertex -23.2523 -5.89662 10.7635
      vertex -22.3564 -6.01138 10.8404
      vertex -22.8397 -5.48396 10.8404
    endloop
  endfacet
  facet normal -0.0964155 -0.0883501 0.991412
    outer loop
      vertex -22.3564 -6.01138 10.8404
      vertex -23.2523 -5.89662 10.7635
      vertex -22.769 -6.42404 10.7635
    endloop
  endfacet
  facet normal -0.303629 -0.232989 0.923865
    outer loop
      vertex -24.2146 -5.58887 10.6112
      vertex -24.2106 -6.48746 10.3859
      vertex -23.7791 -6.15641 10.6112
    endloop
  endfacet
  facet normal -0.303688 -0.232984 0.923846
    outer loop
      vertex -24.2106 -6.48746 10.3859
      vertex -24.2146 -5.58887 10.6112
      vertex -24.646 -5.91993 10.3859
    endloop
  endfacet
  facet normal -0.110282 -0.070265 0.991414
    outer loop
      vertex -23.7063 -4.25215 10.8404
      vertex -23.8273 -5.14727 10.7635
      vertex -23.3219 -4.85547 10.8404
    endloop
  endfacet
  facet normal -0.110282 -0.070265 0.991414
    outer loop
      vertex -23.8273 -5.14727 10.7635
      vertex -23.7063 -4.25215 10.8404
      vertex -24.2117 -4.54395 10.7635
    endloop
  endfacet
  facet normal -0.115991 -0.0603783 0.991413
    outer loop
      vertex -24.542 -3.90941 10.7635
      vertex -23.7063 -4.25215 10.8404
      vertex -24.0366 -3.61762 10.8404
    endloop
  endfacet
  facet normal -0.115991 -0.0603771 0.991414
    outer loop
      vertex -23.7063 -4.25215 10.8404
      vertex -24.542 -3.90941 10.7635
      vertex -24.2117 -4.54395 10.7635
    endloop
  endfacet
  facet normal -0.3631 -0.12313 0.923579
    outer loop
      vertex -25.3918 -3.3631 10.6112
      vertex -25.9779 -3.32468 10.3859
      vertex -25.8943 -3.57121 10.3859
    endloop
  endfacet
  facet normal -0.239052 -0.0989975 0.965947
    outer loop
      vertex -24.8665 -3.14551 10.7635
      vertex -25.1181 -4.024 10.6112
      vertex -24.5928 -3.80642 10.7635
    endloop
  endfacet
  facet normal -0.23905 -0.0989982 0.965948
    outer loop
      vertex -25.1181 -4.024 10.6112
      vertex -24.8665 -3.14551 10.7635
      vertex -25.3918 -3.3631 10.6112
    endloop
  endfacet
  facet normal -0.363104 -0.123419 0.923539
    outer loop
      vertex -25.4527 -3.18393 10.6112
      vertex -25.9779 -3.32468 10.3859
      vertex -25.3918 -3.3631 10.6112
    endloop
  endfacet
  facet normal -0.252836 -0.0560418 0.965885
    outer loop
      vertex -25.8226 -1.80328 10.6112
      vertex -25.1186 -2.35452 10.7635
      vertex -25.2734 -1.65613 10.7635
    endloop
  endfacet
  facet normal -0.252836 -0.0560409 0.965885
    outer loop
      vertex -25.1186 -2.35452 10.7635
      vertex -25.8226 -1.80328 10.6112
      vertex -25.6678 -2.50168 10.6112
    endloop
  endfacet
  facet normal -0.474214 -0.160945 0.865573
    outer loop
      vertex -25.9779 -3.32468 10.3859
      vertex -26.4703 -3.45662 10.0916
      vertex -26.3652 -3.76629 10.0916
    endloop
  endfacet
  facet normal -0.353633 -0.146451 0.923848
    outer loop
      vertex -25.3918 -3.3631 10.6112
      vertex -25.6205 -4.23211 10.3859
      vertex -25.1181 -4.024 10.6112
    endloop
  endfacet
  facet normal -0.353563 -0.146475 0.923871
    outer loop
      vertex -25.6205 -4.23211 10.3859
      vertex -25.3918 -3.3631 10.6112
      vertex -25.8943 -3.57121 10.3859
    endloop
  endfacet
  facet normal -0.0603732 0.115991 0.991414
    outer loop
      vertex -20.2544 8.197 10.7635
      vertex -20.5972 7.36128 10.8404
      vertex -19.9626 7.69159 10.8404
    endloop
  endfacet
  facet normal -0.0603732 0.115991 0.991414
    outer loop
      vertex -20.5972 7.36128 10.8404
      vertex -20.2544 8.197 10.7635
      vertex -20.889 7.86669 10.7635
    endloop
  endfacet
  facet normal -0.792242 0.0520263 0.607985
    outer loop
      vertex -27.8731 1.16127 9.31705
      vertex -28.2284 1.20804 8.85007
      vertex -27.9021 0.719666 9.31705
    endloop
  endfacet
  facet normal -0.706711 -0.0308523 0.70683
    outer loop
      vertex -27.9021 -0.719666 9.31705
      vertex -27.517 -0.00498962 9.73328
      vertex -27.9333 -0.00498962 9.31705
    endloop
  endfacet
  facet normal -0.706711 -0.0308523 0.70683
    outer loop
      vertex -27.517 -0.00498962 9.73328
      vertex -27.9021 -0.719666 9.31705
      vertex -27.4858 -0.719666 9.73328
    endloop
  endfacet
  facet normal -0.382703 -0.0167074 0.92372
    outer loop
      vertex -25.9965 -0.00498962 10.6112
      vertex -26.5091 -0.719666 10.3859
      vertex -25.9653 -0.719666 10.6112
    endloop
  endfacet
  facet normal -0.382703 -0.0167074 0.92372
    outer loop
      vertex -26.5091 -0.719666 10.3859
      vertex -25.9965 -0.00498962 10.6112
      vertex -26.5403 -0.00498962 10.3859
    endloop
  endfacet
  facet normal -0.416361 -0.278227 0.865582
    outer loop
      vertex -24.7907 -5.70346 10.3859
      vertex -25.2322 -5.95835 10.0916
      vertex -25.0505 -6.23026 10.0916
    endloop
  endfacet
  facet normal -0.416292 -0.278272 0.865601
    outer loop
      vertex -24.7907 -5.70346 10.3859
      vertex -25.0505 -6.23026 10.0916
      vertex -24.646 -5.91993 10.3859
    endloop
  endfacet
  facet normal -0.706294 -0.0461411 0.706413
    outer loop
      vertex -27.4858 -0.719666 9.73328
      vertex -27.9021 -0.719666 9.31705
      vertex -27.4605 -1.10694 9.73328
    endloop
  endfacet
  facet normal -0.865419 -0.0377808 0.499623
    outer loop
      vertex -28.5547 -0.719666 8.3403
      vertex -28.2916 -0.00498962 8.85007
      vertex -28.5859 -0.00498962 8.3403
    endloop
  endfacet
  facet normal -0.865419 -0.0377808 0.499623
    outer loop
      vertex -28.2916 -0.00498962 8.85007
      vertex -28.5547 -0.719666 8.3403
      vertex -28.2604 -0.719666 8.85007
    endloop
  endfacet
  facet normal -0.864633 0.0566538 0.499199
    outer loop
      vertex -28.2284 1.20804 8.85007
      vertex -28.5202 1.24646 8.3403
      vertex -28.2604 0.719666 8.85007
    endloop
  endfacet
  facet normal -0.864647 0.0566262 0.499178
    outer loop
      vertex -28.5202 1.24646 8.3403
      vertex -28.5547 0.719666 8.3403
      vertex -28.2604 0.719666 8.85007
    endloop
  endfacet
  facet normal -0.875128 0.297072 0.381968
    outer loop
      vertex -27.7842 4.35404 8.3403
      vertex -27.9923 4.44024 7.79648
      vertex -27.9539 3.85413 8.3403
    endloop
  endfacet
  facet normal -0.820511 0.278531 0.499182
    outer loop
      vertex -27.7842 4.35404 8.3403
      vertex -27.9539 3.85413 8.3403
      vertex -27.5123 4.24141 8.85007
    endloop
  endfacet
  facet normal -0.052027 -0.792246 0.60798
    outer loop
      vertex -17.5063 -11.5281 9.31705
      vertex -17.553 -11.8834 8.85007
      vertex -17.0647 -11.5571 9.31705
    endloop
  endfacet
  facet normal -0.828871 -0.408707 0.382011
    outer loop
      vertex -27.2769 -5.48842 8.3403
      vertex -27.7185 -5.10114 7.79648
      vertex -27.472 -5.60105 7.79648
    endloop
  endfacet
  facet normal -0.828864 -0.40876 0.381968
    outer loop
      vertex -27.5104 -5.01494 8.3403
      vertex -27.7185 -5.10114 7.79648
      vertex -27.2769 -5.48842 8.3403
    endloop
  endfacet
  facet normal -0.814691 -0.519073 0.258536
    outer loop
      vertex -27.2736 -6.31176 7.22791
      vertex -26.7573 -6.83891 7.79648
      vertex -27.1417 -6.23559 7.79648
    endloop
  endfacet
  facet normal -0.814722 -0.518958 0.258671
    outer loop
      vertex -26.7573 -6.83891 7.79648
      vertex -27.2736 -6.31176 7.22791
      vertex -26.8893 -6.91508 7.22791
    endloop
  endfacet
  facet normal -0.720509 -0.481413 0.499108
    outer loop
      vertex -26.3074 -6.57912 8.85007
      vertex -26.5622 -6.72628 8.3403
      vertex -26.0355 -6.98606 8.85007
    endloop
  endfacet
  facet normal -0.660166 -0.441095 0.607961
    outer loop
      vertex -25.7512 -6.76792 9.31705
      vertex -26.3074 -6.57912 8.85007
      vertex -26.0355 -6.98606 8.85007
    endloop
  endfacet
  facet normal -0.879435 -0.457784 0.13049
    outer loop
      vertex -27.6705 -5.71564 6.64431
      vertex -27.2736 -6.31176 7.22791
      vertex -27.6039 -5.67723 7.22791
    endloop
  endfacet
  facet normal -0.879437 -0.457778 0.130498
    outer loop
      vertex -27.2736 -6.31176 7.22791
      vertex -27.6705 -5.71564 6.64431
      vertex -27.3402 -6.35018 6.64431
    endloop
  endfacet
  facet normal -0.824394 -0.550812 0.130311
    outer loop
      vertex -26.5685 -7.3951 7.22791
      vertex -26.9558 -6.9535 6.64431
      vertex -26.6295 -7.44187 6.64431
    endloop
  endfacet
  facet normal -0.416361 0.278227 0.865582
    outer loop
      vertex -25.0505 6.23026 10.0916
      vertex -25.2322 5.95835 10.0916
      vertex -24.7907 5.70346 10.3859
    endloop
  endfacet
  facet normal -0.629391 0.482961 0.608782
    outer loop
      vertex -26.0355 6.98606 8.85007
      vertex -25.3157 7.33546 9.31705
      vertex -25.6 7.5536 8.85007
    endloop
  endfacet
  facet normal -0.629391 0.482961 0.608782
    outer loop
      vertex -25.3157 7.33546 9.31705
      vertex -26.0355 6.98606 8.85007
      vertex -25.7512 6.76792 9.31705
    endloop
  endfacet
  facet normal -0.588657 0.393217 0.706303
    outer loop
      vertex -25.7512 6.76792 9.31705
      vertex -25.997 6.39995 9.31705
      vertex -25.6366 6.19184 9.73328
    endloop
  endfacet
  facet normal -0.252861 0.288273 0.923558
    outer loop
      vertex -22.8325 7.86557 10.3859
      vertex -23.0282 7.69391 10.3859
      vertex -22.6437 7.30937 10.6112
    endloop
  endfacet
  facet normal -0.252772 0.288309 0.923572
    outer loop
      vertex -22.5014 7.43413 10.6112
      vertex -22.8325 7.86557 10.3859
      vertex -22.6437 7.30937 10.6112
    endloop
  endfacet
  facet normal -0.376484 0.330245 0.865562
    outer loop
      vertex -24.0389 6.6832 10.3859
      vertex -24.615 6.79779 10.0916
      vertex -24.2106 6.48746 10.3859
    endloop
  endfacet
  facet normal -0.376512 0.330158 0.865583
    outer loop
      vertex -24.3994 7.04366 10.0916
      vertex -24.615 6.79779 10.0916
      vertex -24.0389 6.6832 10.3859
    endloop
  endfacet
  facet normal -0.157485 0.20527 0.965952
    outer loop
      vertex -21.9339 7.8696 10.6112
      vertex -22.1553 6.98305 10.7635
      vertex -21.5877 7.41852 10.7635
    endloop
  endfacet
  facet normal -0.157519 0.205277 0.965945
    outer loop
      vertex -22.1553 6.98305 10.7635
      vertex -21.9339 7.8696 10.6112
      vertex -22.5014 7.43413 10.6112
    endloop
  endfacet
  facet normal -0.0833783 0.245483 0.965809
    outer loop
      vertex -19.3818 8.55846 10.7635
      vertex -19.7081 9.04683 10.6112
      vertex -19.4905 8.52154 10.7635
    endloop
  endfacet
  facet normal -0.0421043 0.123964 0.991393
    outer loop
      vertex -19.3818 8.55846 10.7635
      vertex -19.4905 8.52154 10.7635
      vertex -19.2672 7.98238 10.8404
    endloop
  endfacet
  facet normal -0.0862305 0.0985297 0.991391
    outer loop
      vertex -21.8 6.52005 10.8404
      vertex -22.2416 6.90733 10.7635
      vertex -21.829 6.49467 10.8404
    endloop
  endfacet
  facet normal -0.0863407 0.0984046 0.991394
    outer loop
      vertex -22.1553 6.98305 10.7635
      vertex -22.2416 6.90733 10.7635
      vertex -21.8 6.52005 10.8404
    endloop
  endfacet
  facet normal -0.174951 0.190919 0.965889
    outer loop
      vertex -22.6437 7.30937 10.6112
      vertex -22.769 6.42404 10.7635
      vertex -22.2416 6.90733 10.7635
    endloop
  endfacet
  facet normal -0.174951 0.190919 0.965889
    outer loop
      vertex -22.769 6.42404 10.7635
      vertex -22.6437 7.30937 10.6112
      vertex -23.1711 6.82608 10.6112
    endloop
  endfacet
  facet normal -0.0983855 0.0863751 0.991393
    outer loop
      vertex -23.2523 5.89662 10.7635
      vertex -23.3281 5.81028 10.7635
      vertex -22.8651 5.45502 10.8404
    endloop
  endfacet
  facet normal -0.343872 0.169605 0.923573
    outer loop
      vertex -25.0344 4.1937 10.6112
      vertex -25.5054 4.46561 10.3859
      vertex -25.1181 4.024 10.6112
    endloop
  endfacet
  facet normal -0.3967 0.304342 0.866028
    outer loop
      vertex -24.615 6.79779 10.0916
      vertex -24.646 5.91993 10.3859
      vertex -24.2106 6.48746 10.3859
    endloop
  endfacet
  facet normal -0.39662 0.304351 0.866062
    outer loop
      vertex -24.646 5.91993 10.3859
      vertex -24.615 6.79779 10.0916
      vertex -25.0505 6.23026 10.0916
    endloop
  endfacet
  facet normal -0.32304 0.205822 0.923733
    outer loop
      vertex -24.7907 5.70346 10.3859
      vertex -24.7041 4.82823 10.6112
      vertex -24.3197 5.43155 10.6112
    endloop
  endfacet
  facet normal -0.323106 0.20581 0.923712
    outer loop
      vertex -24.7041 4.82823 10.6112
      vertex -24.7907 5.70346 10.3859
      vertex -25.175 5.10014 10.3859
    endloop
  endfacet
  facet normal -0.218409 0.139157 0.965884
    outer loop
      vertex -24.3197 5.43155 10.6112
      vertex -24.2117 4.54395 10.7635
      vertex -23.8273 5.14727 10.7635
    endloop
  endfacet
  facet normal -0.218409 0.139157 0.965884
    outer loop
      vertex -24.2117 4.54395 10.7635
      vertex -24.3197 5.43155 10.6112
      vertex -24.7041 4.82823 10.6112
    endloop
  endfacet
  facet normal -0.194944 0.170893 0.965812
    outer loop
      vertex -23.6544 6.29866 10.6112
      vertex -23.7791 6.15641 10.6112
      vertex -23.2523 5.89662 10.7635
    endloop
  endfacet
  facet normal -0.288319 0.252747 0.923575
    outer loop
      vertex -23.6544 6.29866 10.6112
      vertex -24.2106 6.48746 10.3859
      vertex -23.7791 6.15641 10.6112
    endloop
  endfacet
  facet normal -0.252836 0.0560409 0.965885
    outer loop
      vertex -25.8226 1.80328 10.6112
      vertex -25.1186 2.35452 10.7635
      vertex -25.6678 2.50168 10.6112
    endloop
  endfacet
  facet normal -0.252836 0.0560418 0.965885
    outer loop
      vertex -25.1186 2.35452 10.7635
      vertex -25.8226 1.80328 10.6112
      vertex -25.2734 1.65613 10.7635
    endloop
  endfacet
  facet normal -0.376077 0.0747817 0.923566
    outer loop
      vertex -25.8226 1.80328 10.6112
      vertex -26.3479 1.94404 10.3859
      vertex -25.8595 1.61771 10.6112
    endloop
  endfacet
  facet normal -0.245426 0.083509 0.965812
    outer loop
      vertex -24.8665 3.14551 10.7635
      vertex -25.3918 3.3631 10.6112
      vertex -24.9035 3.03677 10.7635
    endloop
  endfacet
  facet normal -0.123946 0.042174 0.991392
    outer loop
      vertex -24.8665 3.14551 10.7635
      vertex -24.9035 3.03677 10.7635
      vertex -24.3274 2.92218 10.8404
    endloop
  endfacet
  facet normal -0.363104 0.123419 0.923539
    outer loop
      vertex -25.3918 3.3631 10.6112
      vertex -25.9779 3.32468 10.3859
      vertex -25.4527 3.18393 10.6112
    endloop
  endfacet
  facet normal -0.129522 -0.0170568 0.99143
    outer loop
      vertex -24.8106 -0.75808 10.8404
      vertex -25.2958 -1.5435 10.7635
      vertex -24.7172 -1.46732 10.8404
    endloop
  endfacet
  facet normal -0.129522 -0.0170567 0.99143
    outer loop
      vertex -25.2958 -1.5435 10.7635
      vertex -24.8106 -0.75808 10.8404
      vertex -25.3892 -0.834255 10.7635
    endloop
  endfacet
  facet normal -0.382757 0 0.923849
    outer loop
      vertex -26.5403 0.00498962 10.3859
      vertex -25.9965 -0.00498962 10.6112
      vertex -25.9965 0.00498962 10.6112
    endloop
  endfacet
  facet normal -0.382757 0 0.923849
    outer loop
      vertex -25.9965 -0.00498962 10.6112
      vertex -26.5403 0.00498962 10.3859
      vertex -26.5403 -0.00498962 10.3859
    endloop
  endfacet
  facet normal -0.176875 0.339773 0.923726
    outer loop
      vertex -20.8106 9.16036 10.3859
      vertex -21.1732 8.35909 10.6112
      vertex -20.5387 8.68939 10.6112
    endloop
  endfacet
  facet normal -0.176882 0.339776 0.923724
    outer loop
      vertex -21.1732 8.35909 10.6112
      vertex -20.8106 9.16036 10.3859
      vertex -21.4451 8.83005 10.3859
    endloop
  endfacet
  facet normal -0.119569 0.229718 0.965885
    outer loop
      vertex -20.5387 8.68939 10.6112
      vertex -20.889 7.86669 10.7635
      vertex -20.2544 8.197 10.7635
    endloop
  endfacet
  facet normal -0.119588 0.229725 0.96588
    outer loop
      vertex -20.889 7.86669 10.7635
      vertex -20.5387 8.68939 10.6112
      vertex -21.1732 8.35909 10.6112
    endloop
  endfacet
  facet normal -0.150508 0.477121 0.865854
    outer loop
      vertex -19.8016 10.1253 10.0916
      vertex -18.9874 9.84806 10.3859
      vertex -19.1194 10.3405 10.0916
    endloop
  endfacet
  facet normal -0.150456 0.477225 0.865806
    outer loop
      vertex -18.9874 9.84806 10.3859
      vertex -19.8016 10.1253 10.0916
      vertex -19.6697 9.63295 10.3859
    endloop
  endfacet
  facet normal -0.160945 0.47426 0.865548
    outer loop
      vertex -19.8016 10.1253 10.0916
      vertex -20.1113 10.0202 10.0916
      vertex -19.6697 9.63295 10.3859
    endloop
  endfacet
  facet normal -0.169598 0.343897 0.923564
    outer loop
      vertex -20.369 8.77308 10.6112
      vertex -20.8106 9.16036 10.3859
      vertex -20.5387 8.68939 10.6112
    endloop
  endfacet
  facet normal -0.153189 0.690684 0.706745
    outer loop
      vertex -18.6496 11.3484 9.31705
      vertex -19.2402 10.7915 9.73328
      vertex -18.5418 10.9464 9.73328
    endloop
  endfacet
  facet normal -0.153077 0.690626 0.706826
    outer loop
      vertex -19.2402 10.7915 9.73328
      vertex -18.6496 11.3484 9.31705
      vertex -19.348 11.1936 9.31705
    endloop
  endfacet
  facet normal -0.212717 0.674642 0.706831
    outer loop
      vertex -20.0302 10.9785 9.31705
      vertex -19.2402 10.7915 9.73328
      vertex -19.348 11.1936 9.31705
    endloop
  endfacet
  facet normal -0.212696 0.674674 0.706806
    outer loop
      vertex -19.2402 10.7915 9.73328
      vertex -20.0302 10.9785 9.31705
      vertex -19.9225 10.5764 9.73328
    endloop
  endfacet
  facet normal -0.0603732 -0.115991 0.991414
    outer loop
      vertex -20.5972 -7.36128 10.8404
      vertex -20.2544 -8.197 10.7635
      vertex -19.9626 -7.69159 10.8404
    endloop
  endfacet
  facet normal -0.0603732 -0.115991 0.991414
    outer loop
      vertex -20.2544 -8.197 10.7635
      vertex -20.5972 -7.36128 10.8404
      vertex -20.889 -7.86669 10.7635
    endloop
  endfacet
  facet normal -0.221472 -0.449138 0.865578
    outer loop
      vertex -20.5771 -9.2755 10.3859
      vertex -20.8106 -9.16036 10.3859
      vertex -20.7722 -9.74647 10.0916
    endloop
  endfacet
  facet normal -0.231034 -0.443799 0.865832
    outer loop
      vertex -21.4451 -8.83005 10.3859
      vertex -21.0655 -9.60183 10.0916
      vertex -20.8106 -9.16036 10.3859
    endloop
  endfacet
  facet normal -0.231034 -0.443799 0.865832
    outer loop
      vertex -21.0655 -9.60183 10.0916
      vertex -21.4451 -8.83005 10.3859
      vertex -21.7 -9.27152 10.0916
    endloop
  endfacet
  facet normal 0.260462 -0.82613 0.499668
    outer loop
      vertex 19.5169 -11.824 8.3403
      vertex 20.05 -11.3476 8.85007
      vertex 19.4407 -11.5397 8.85007
    endloop
  endfacet
  facet normal 0.260502 -0.826138 0.499634
    outer loop
      vertex 20.05 -11.3476 8.85007
      vertex 19.5169 -11.824 8.3403
      vertex 20.05 -11.6559 8.3403
    endloop
  endfacet
  facet normal -0.56247 -0.732938 0.38266
    outer loop
      vertex -23.6474 -10.1027 7.79648
      vertex -24.0778 -9.48848 8.3403
      vertex -24.2149 -9.66719 7.79648
    endloop
  endfacet
  facet normal -0.562342 -0.732967 0.382794
    outer loop
      vertex -24.0778 -9.48848 8.3403
      vertex -23.6474 -10.1027 7.79648
      vertex -23.5102 -9.92395 8.3403
    endloop
  endfacet
  facet normal -0.313055 -0.634908 0.70632
    outer loop
      vertex -20.9509 -10.1779 9.73328
      vertex -21.5071 -10.3667 9.31705
      vertex -21.1102 -10.5624 9.31705
    endloop
  endfacet
  facet normal -0.270649 -0.653294 0.707075
    outer loop
      vertex -20.9509 -10.1779 9.73328
      vertex -20.4493 -10.8362 9.31705
      vertex -20.29 -10.4517 9.73328
    endloop
  endfacet
  facet normal -0.270649 -0.653294 0.707075
    outer loop
      vertex -20.4493 -10.8362 9.31705
      vertex -20.9509 -10.1779 9.73328
      vertex -21.1102 -10.5624 9.31705
    endloop
  endfacet
  facet normal -0.160945 -0.47426 0.865548
    outer loop
      vertex -19.6697 -9.63295 10.3859
      vertex -20.1113 -10.0202 10.0916
      vertex -19.8016 -10.1253 10.0916
    endloop
  endfacet
  facet normal -0.161001 -0.47421 0.865565
    outer loop
      vertex -19.9162 -9.54926 10.3859
      vertex -20.1113 -10.0202 10.0916
      vertex -19.6697 -9.63295 10.3859
    endloop
  endfacet
  facet normal -0.131809 -0.594673 0.793089
    outer loop
      vertex -19.1194 -10.3405 10.0916
      vertex -18.5418 -10.9464 9.73328
      vertex -18.421 -10.4953 10.0916
    endloop
  endfacet
  facet normal -0.131907 -0.594731 0.793029
    outer loop
      vertex -18.5418 -10.9464 9.73328
      vertex -19.1194 -10.3405 10.0916
      vertex -19.2402 -10.7915 9.73328
    endloop
  endfacet
  facet normal -0.227443 -0.67029 0.706386
    outer loop
      vertex -19.9225 -10.5764 9.73328
      vertex -20.29 -10.4517 9.73328
      vertex -20.0302 -10.9785 9.31705
    endloop
  endfacet
  facet normal -0.227595 -0.670311 0.706317
    outer loop
      vertex -20.29 -10.4517 9.73328
      vertex -20.4493 -10.8362 9.31705
      vertex -20.0302 -10.9785 9.31705
    endloop
  endfacet
  facet normal -0.66018 -0.440993 0.608019
    outer loop
      vertex -25.997 -6.39995 9.31705
      vertex -26.3074 -6.57912 8.85007
      vertex -25.7512 -6.76792 9.31705
    endloop
  endfacet
  facet normal -0.401898 -0.458316 0.792732
    outer loop
      vertex -23.3887 -8.05437 10.0916
      vertex -23.7189 -8.38459 9.73328
      vertex -23.1428 -8.27 10.0916
    endloop
  endfacet
  facet normal -0.571294 -0.651491 0.499182
    outer loop
      vertex -24.2666 -8.93228 8.85007
      vertex -24.4747 -9.14039 8.3403
      vertex -23.8986 -9.25498 8.85007
    endloop
  endfacet
  facet normal -0.190919 -0.174949 0.96589
    outer loop
      vertex -23.6544 -6.29866 10.6112
      vertex -22.769 -6.42404 10.7635
      vertex -23.2523 -5.89662 10.7635
    endloop
  endfacet
  facet normal -0.190919 -0.174949 0.96589
    outer loop
      vertex -22.769 -6.42404 10.7635
      vertex -23.6544 -6.29866 10.6112
      vertex -23.1711 -6.82608 10.6112
    endloop
  endfacet
  facet normal -0.318823 -0.212994 0.923572
    outer loop
      vertex -24.3197 -5.43155 10.6112
      vertex -24.7907 -5.70346 10.3859
      vertex -24.2146 -5.58887 10.6112
    endloop
  endfacet
  facet normal -0.318796 -0.2131 0.923557
    outer loop
      vertex -24.2146 -5.58887 10.6112
      vertex -24.7907 -5.70346 10.3859
      vertex -24.646 -5.91993 10.3859
    endloop
  endfacet
  facet normal -0.33976 -0.17686 0.923733
    outer loop
      vertex -25.5054 -4.46561 10.3859
      vertex -24.7041 -4.82823 10.6112
      vertex -25.0344 -4.1937 10.6112
    endloop
  endfacet
  facet normal -0.339784 -0.176926 0.923712
    outer loop
      vertex -24.7041 -4.82823 10.6112
      vertex -25.5054 -4.46561 10.3859
      vertex -25.175 -5.10014 10.3859
    endloop
  endfacet
  facet normal -0.232513 -0.114687 0.965808
    outer loop
      vertex -24.5928 -3.80642 10.7635
      vertex -25.1181 -4.024 10.6112
      vertex -24.542 -3.90941 10.7635
    endloop
  endfacet
  facet normal -0.11746 -0.0578286 0.991392
    outer loop
      vertex -24.0536 -3.58309 10.8404
      vertex -24.542 -3.90941 10.7635
      vertex -24.0366 -3.61762 10.8404
    endloop
  endfacet
  facet normal -0.128405 -0.0255042 0.991394
    outer loop
      vertex -24.7172 -1.46732 10.8404
      vertex -25.2958 -1.5435 10.7635
      vertex -24.7097 -1.50508 10.8404
    endloop
  endfacet
  facet normal -0.37945 -0.0499697 0.923862
    outer loop
      vertex -25.9529 -0.908468 10.6112
      vertex -26.3987 -1.68869 10.3859
      vertex -25.8595 -1.61771 10.6112
    endloop
  endfacet
  facet normal -0.379449 -0.0499699 0.923862
    outer loop
      vertex -26.3987 -1.68869 10.3859
      vertex -25.9529 -0.908468 10.6112
      vertex -26.4921 -0.979451 10.3859
    endloop
  endfacet
  facet normal -0.461889 -0.191353 0.86605
    outer loop
      vertex -25.8943 -3.57121 10.3859
      vertex -26.0915 -4.42719 10.0916
      vertex -25.6205 -4.23211 10.3859
    endloop
  endfacet
  facet normal -0.461976 -0.191319 0.866011
    outer loop
      vertex -26.0915 -4.42719 10.0916
      vertex -25.8943 -3.57121 10.3859
      vertex -26.3652 -3.76629 10.0916
    endloop
  endfacet
  facet normal -0.245473 -0.0834364 0.965806
    outer loop
      vertex -24.9035 -3.03677 10.7635
      vertex -25.4527 -3.18393 10.6112
      vertex -25.3918 -3.3631 10.6112
    endloop
  endfacet
  facet normal -0.246986 -0.07787 0.965885
    outer loop
      vertex -25.1186 -2.35452 10.7635
      vertex -25.4527 -3.18393 10.6112
      vertex -24.9035 -3.03677 10.7635
    endloop
  endfacet
  facet normal -0.246986 -0.07787 0.965885
    outer loop
      vertex -25.4527 -3.18393 10.6112
      vertex -25.1186 -2.35452 10.7635
      vertex -25.6678 -2.50168 10.6112
    endloop
  endfacet
  facet normal -0.373973 -0.082891 0.923728
    outer loop
      vertex -26.3479 -1.94404 10.3859
      vertex -25.6678 -2.50168 10.6112
      vertex -25.8226 -1.80328 10.6112
    endloop
  endfacet
  facet normal -0.373974 -0.0828924 0.923727
    outer loop
      vertex -25.6678 -2.50168 10.6112
      vertex -26.3479 -1.94404 10.3859
      vertex -26.1931 -2.64243 10.3859
    endloop
  endfacet
  facet normal -0.488483 -0.108274 0.86583
    outer loop
      vertex -26.8403 -2.07597 10.0916
      vertex -26.1931 -2.64243 10.3859
      vertex -26.3479 -1.94404 10.3859
    endloop
  endfacet
  facet normal -0.488482 -0.108272 0.865831
    outer loop
      vertex -26.1931 -2.64243 10.3859
      vertex -26.8403 -2.07597 10.0916
      vertex -26.6855 -2.77437 10.0916
    endloop
  endfacet
  facet normal -0.245426 -0.083509 0.965812
    outer loop
      vertex -24.9035 -3.03677 10.7635
      vertex -25.3918 -3.3631 10.6112
      vertex -24.8665 -3.14551 10.7635
    endloop
  endfacet
  facet normal -0.123946 -0.042174 0.991392
    outer loop
      vertex -24.3274 -2.92218 10.8404
      vertex -24.9035 -3.03677 10.7635
      vertex -24.8665 -3.14551 10.7635
    endloop
  endfacet
  facet normal -0.499912 0.0218242 0.865801
    outer loop
      vertex -27.0188 0.719666 10.0916
      vertex -26.5403 0.00498962 10.3859
      vertex -26.5091 0.719666 10.3859
    endloop
  endfacet
  facet normal -0.499838 0.0218909 0.865842
    outer loop
      vertex -26.5403 0.00498962 10.3859
      vertex -27.0188 0.719666 10.0916
      vertex -27.0501 0.00498962 10.0916
    endloop
  endfacet
  facet normal -0.793375 0 0.608733
    outer loop
      vertex -28.2916 -0.00498962 8.85007
      vertex -27.9333 0.00498962 9.31705
      vertex -28.2916 0.00498962 8.85007
    endloop
  endfacet
  facet normal -0.793375 0 0.608733
    outer loop
      vertex -27.9333 0.00498962 9.31705
      vertex -28.2916 -0.00498962 8.85007
      vertex -27.9333 -0.00498962 9.31705
    endloop
  endfacet
  facet normal -0.792305 0.0519146 0.607912
    outer loop
      vertex -28.2284 1.20804 8.85007
      vertex -28.2604 0.719666 8.85007
      vertex -27.9021 0.719666 9.31705
    endloop
  endfacet
  facet normal -0.7929 0.0346149 0.608368
    outer loop
      vertex -28.2916 0.00498962 8.85007
      vertex -27.9021 0.719666 9.31705
      vertex -28.2604 0.719666 8.85007
    endloop
  endfacet
  facet normal -0.7929 0.0346149 0.608368
    outer loop
      vertex -27.9021 0.719666 9.31705
      vertex -28.2916 0.00498962 8.85007
      vertex -27.9333 0.00498962 9.31705
    endloop
  endfacet
  facet normal -0.59785 0.118921 0.792738
    outer loop
      vertex -26.8403 2.07597 10.0916
      vertex -27.3671 1.81619 9.73328
      vertex -26.9041 1.75523 10.0916
    endloop
  endfacet
  facet normal -0.706398 0.046389 0.706293
    outer loop
      vertex -27.8731 1.16127 9.31705
      vertex -27.9021 0.719666 9.31705
      vertex -27.4605 1.10694 9.73328
    endloop
  endfacet
  facet normal -0.608276 0.0397037 0.792732
    outer loop
      vertex -26.9975 1.04599 10.0916
      vertex -27.4605 1.10694 9.73328
      vertex -27.0188 0.719666 10.0916
    endloop
  endfacet
  facet normal -0.0923209 -0.701105 0.707056
    outer loop
      vertex -18.1612 -11.0221 9.73328
      vertex -17.5063 -11.5281 9.31705
      vertex -17.4519 -11.1155 9.73328
    endloop
  endfacet
  facet normal -0.0923351 -0.701114 0.707045
    outer loop
      vertex -17.5063 -11.5281 9.31705
      vertex -18.1612 -11.0221 9.73328
      vertex -18.2155 -11.4347 9.31705
    endloop
  endfacet
  facet normal -0.803226 -0.5368 0.258214
    outer loop
      vertex -26.4477 -7.30236 7.79648
      vertex -26.8893 -6.91508 7.22791
      vertex -26.5685 -7.3951 7.22791
    endloop
  endfacet
  facet normal -0.803289 -0.536624 0.258383
    outer loop
      vertex -26.7573 -6.83891 7.79648
      vertex -26.8893 -6.91508 7.22791
      vertex -26.4477 -7.30236 7.79648
    endloop
  endfacet
  facet normal -0.330163 0.376511 0.865582
    outer loop
      vertex -23.1428 8.27 10.0916
      vertex -23.3887 8.05437 10.0916
      vertex -23.0282 7.69391 10.3859
    endloop
  endfacet
  facet normal -0.30432 0.396656 0.866056
    outer loop
      vertex -22.5753 8.70547 10.0916
      vertex -22.8325 7.86557 10.3859
      vertex -22.2649 8.30104 10.3859
    endloop
  endfacet
  facet normal -0.304381 0.396666 0.866031
    outer loop
      vertex -22.8325 7.86557 10.3859
      vertex -22.5753 8.70547 10.0916
      vertex -23.1428 8.27 10.0916
    endloop
  endfacet
  facet normal -0.368869 0.338013 0.865842
    outer loop
      vertex -24.3994 7.04366 10.0916
      vertex -23.5556 7.21062 10.3859
      vertex -23.9161 7.57108 10.0916
    endloop
  endfacet
  facet normal -0.368869 0.338013 0.865842
    outer loop
      vertex -23.5556 7.21062 10.3859
      vertex -24.3994 7.04366 10.0916
      vertex -24.0389 6.6832 10.3859
    endloop
  endfacet
  facet normal -0.461889 0.191353 0.86605
    outer loop
      vertex -26.0915 4.42719 10.0916
      vertex -25.8943 3.57121 10.3859
      vertex -25.6205 4.23211 10.3859
    endloop
  endfacet
  facet normal -0.461976 0.191319 0.866011
    outer loop
      vertex -25.8943 3.57121 10.3859
      vertex -26.0915 4.42719 10.0916
      vertex -26.3652 3.76629 10.0916
    endloop
  endfacet
  facet normal -0.0579459 0.117389 0.991394
    outer loop
      vertex -19.9281 7.70862 10.8404
      vertex -20.2544 8.197 10.7635
      vertex -19.9626 7.69159 10.8404
    endloop
  endfacet
  facet normal -0.146468 0.35361 0.923854
    outer loop
      vertex -19.9162 9.54926 10.3859
      vertex -20.369 8.77308 10.6112
      vertex -19.7081 9.04683 10.6112
    endloop
  endfacet
  facet normal -0.146475 0.353613 0.923852
    outer loop
      vertex -20.369 8.77308 10.6112
      vertex -19.9162 9.54926 10.3859
      vertex -20.5771 9.2755 10.3859
    endloop
  endfacet
  facet normal -0.131809 0.594673 0.793089
    outer loop
      vertex -18.5418 10.9464 9.73328
      vertex -19.1194 10.3405 10.0916
      vertex -18.421 10.4953 10.0916
    endloop
  endfacet
  facet normal -0.131907 0.594731 0.793029
    outer loop
      vertex -19.1194 10.3405 10.0916
      vertex -18.5418 10.9464 9.73328
      vertex -19.2402 10.7915 9.73328
    endloop
  endfacet
  facet normal -0.114671 -0.232522 0.965807
    outer loop
      vertex -20.2544 -8.197 10.7635
      vertex -20.5387 -8.68939 10.6112
      vertex -20.369 -8.77308 10.6112
    endloop
  endfacet
  facet normal -0.624258 -0.681234 0.38239
    outer loop
      vertex -24.634 -9.29967 7.79648
      vertex -25.0021 -8.6571 8.3403
      vertex -25.1614 -8.81638 7.79648
    endloop
  endfacet
  facet normal -0.624258 -0.681234 0.38239
    outer loop
      vertex -25.0021 -8.6571 8.3403
      vertex -24.634 -9.29967 7.79648
      vertex -24.4747 -9.14039 8.3403
    endloop
  endfacet
  facet normal -0.229713 -0.119574 0.965885
    outer loop
      vertex -25.0344 -4.1937 10.6112
      vertex -24.2117 -4.54395 10.7635
      vertex -24.542 -3.90941 10.7635
    endloop
  endfacet
  facet normal -0.229714 -0.119576 0.965885
    outer loop
      vertex -24.2117 -4.54395 10.7635
      vertex -25.0344 -4.1937 10.6112
      vertex -24.7041 -4.82823 10.6112
    endloop
  endfacet
  facet normal -0.343872 -0.169605 0.923573
    outer loop
      vertex -25.1181 -4.024 10.6112
      vertex -25.5054 -4.46561 10.3859
      vertex -25.0344 -4.1937 10.6112
    endloop
  endfacet
  facet normal -0.232514 -0.114681 0.965808
    outer loop
      vertex -24.542 -3.90941 10.7635
      vertex -25.1181 -4.024 10.6112
      vertex -25.0344 -4.1937 10.6112
    endloop
  endfacet
  facet normal -0.608257 0.0397365 0.792745
    outer loop
      vertex -27.4605 1.10694 9.73328
      vertex -27.4858 0.719666 9.73328
      vertex -27.0188 0.719666 10.0916
    endloop
  endfacet
  facet normal -0.449153 -0.221403 0.865588
    outer loop
      vertex -25.6205 -4.23211 10.3859
      vertex -26.0915 -4.42719 10.0916
      vertex -25.5054 -4.46561 10.3859
    endloop
  endfacet
  facet normal -0.343939 -0.169539 0.923559
    outer loop
      vertex -25.1181 -4.024 10.6112
      vertex -25.6205 -4.23211 10.3859
      vertex -25.5054 -4.46561 10.3859
    endloop
  endfacet
  facet normal -0.256531 -0.0337824 0.965945
    outer loop
      vertex -25.3892 -0.834255 10.7635
      vertex -25.8595 -1.61771 10.6112
      vertex -25.2958 -1.5435 10.7635
    endloop
  endfacet
  facet normal -0.256531 -0.0337825 0.965945
    outer loop
      vertex -25.8595 -1.61771 10.6112
      vertex -25.3892 -0.834255 10.7635
      vertex -25.9529 -0.908468 10.6112
    endloop
  endfacet
  facet normal -0.254284 -0.0505636 0.965807
    outer loop
      vertex -25.2958 -1.5435 10.7635
      vertex -25.8595 -1.61771 10.6112
      vertex -25.8226 -1.80328 10.6112
    endloop
  endfacet
  facet normal -0.701112 0.0923283 0.707049
    outer loop
      vertex -27.7797 1.87052 9.31705
      vertex -27.4605 1.10694 9.73328
      vertex -27.3671 1.81619 9.73328
    endloop
  endfacet
  facet normal -0.701112 0.0923283 0.707049
    outer loop
      vertex -27.4605 1.10694 9.73328
      vertex -27.7797 1.87052 9.31705
      vertex -27.8731 1.16127 9.31705
    endloop
  endfacet
  facet normal -0.128403 -0.025537 0.991393
    outer loop
      vertex -24.7097 -1.50508 10.8404
      vertex -25.2958 -1.5435 10.7635
      vertex -25.2734 -1.65613 10.7635
    endloop
  endfacet
  facet normal -0.254281 -0.0505716 0.965807
    outer loop
      vertex -25.2958 -1.5435 10.7635
      vertex -25.8226 -1.80328 10.6112
      vertex -25.2734 -1.65613 10.7635
    endloop
  endfacet
  facet normal 1 0 0
    outer loop
      vertex 20.05 9.96647 10.1325
      vertex 20.05 10.2913 9.90937
      vertex 20.05 10.041 10.0916
    endloop
  endfacet
  facet normal 1 0 0
    outer loop
      vertex 20.05 10.2913 9.90937
      vertex 20.05 9.96647 10.1325
      vertex 20.05 10.0963 6.55
    endloop
  endfacet
  facet normal 1 0 0
    outer loop
      vertex 20.05 9.87226 10.1841
      vertex 20.05 10.0963 6.55
      vertex 20.05 9.96647 10.1325
    endloop
  endfacet
  facet normal 1 0 0
    outer loop
      vertex 20.05 9.49384 10.3859
      vertex 20.05 10.0963 6.55
      vertex 20.05 9.87226 10.1841
    endloop
  endfacet
  facet normal 1 0 0
    outer loop
      vertex 20.05 8.90521 10.6112
      vertex 20.05 10.0963 6.55
      vertex 20.05 9.49384 10.3859
    endloop
  endfacet
  facet normal 1 0 0
    outer loop
      vertex 20.05 8.2898 10.7635
      vertex 20.05 10.0963 6.55
      vertex 20.05 8.90521 10.6112
    endloop
  endfacet
  facet normal 1 0 0
    outer loop
      vertex 20.05 8.00293 10.7984
      vertex 20.05 10.0963 6.55
      vertex 20.05 8.2898 10.7635
    endloop
  endfacet
  facet normal 1 0 0
    outer loop
      vertex 20.05 7.89107 10.8117
      vertex 20.05 10.0963 6.55
      vertex 20.05 8.00293 10.7984
    endloop
  endfacet
  facet normal 1 0 0
    outer loop
      vertex 20.05 7.84294 10.8174
      vertex 20.05 10.0963 6.55
      vertex 20.05 7.89107 10.8117
    endloop
  endfacet
  facet normal 1 0 0
    outer loop
      vertex 20.05 7.6461 10.8404
      vertex 20.05 10.0963 6.55
      vertex 20.05 7.84294 10.8174
    endloop
  endfacet
  facet normal 1 -0 0
    outer loop
      vertex 20.05 -7.6461 10.8404
      vertex 20.05 10.0963 6.55
      vertex 20.05 7.6461 10.8404
    endloop
  endfacet
  facet normal 1 0 0
    outer loop
      vertex 20.05 -10.0963 6.55
      vertex 20.05 -7.6461 10.8404
      vertex 20.05 -7.84294 10.8174
    endloop
  endfacet
  facet normal 1 0 0
    outer loop
      vertex 20.05 -10.0963 6.55
      vertex 20.05 -7.84294 10.8174
      vertex 20.05 -7.89107 10.8117
    endloop
  endfacet
  facet normal 1 0 0
    outer loop
      vertex 20.05 -10.0963 6.55
      vertex 20.05 -7.89107 10.8117
      vertex 20.05 -8.00293 10.7984
    endloop
  endfacet
  facet normal 1 0 0
    outer loop
      vertex 20.05 -10.0963 6.55
      vertex 20.05 -8.00293 10.7984
      vertex 20.05 -8.2898 10.7635
    endloop
  endfacet
  facet normal 1 0 0
    outer loop
      vertex 20.05 -10.0963 6.55
      vertex 20.05 -8.2898 10.7635
      vertex 20.05 -8.90521 10.6112
    endloop
  endfacet
  facet normal 1 0 0
    outer loop
      vertex 20.05 -10.0963 6.55
      vertex 20.05 -8.90521 10.6112
      vertex 20.05 -9.49384 10.3859
    endloop
  endfacet
  facet normal 1 0 0
    outer loop
      vertex 20.05 -10.0963 6.55
      vertex 20.05 -9.49384 10.3859
      vertex 20.05 -9.87226 10.1841
    endloop
  endfacet
  facet normal 1 0 0
    outer loop
      vertex 20.05 -10.0963 6.55
      vertex 20.05 -9.87226 10.1841
      vertex 20.05 -9.96647 10.1325
    endloop
  endfacet
  facet normal 1 0 0
    outer loop
      vertex 20.05 -10.2913 9.90937
      vertex 20.05 -9.96647 10.1325
      vertex 20.05 -10.041 10.0916
    endloop
  endfacet
  facet normal 1 0 0
    outer loop
      vertex 20.05 -7.6461 10.8404
      vertex 20.05 -10.0963 6.55
      vertex 20.05 10.0963 6.55
    endloop
  endfacet
  facet normal 1 0 0
    outer loop
      vertex 20.05 -9.96647 10.1325
      vertex 20.05 -10.2913 9.90937
      vertex 20.05 -10.0963 6.55
    endloop
  endfacet
  facet normal 1 -0 0
    outer loop
      vertex 20.05 -10.5331 9.73328
      vertex 20.05 -10.0963 6.55
      vertex 20.05 -10.2913 9.90937
    endloop
  endfacet
  facet normal 1 -0 0
    outer loop
      vertex 20.05 -10.9383 9.34876
      vertex 20.05 -10.0963 6.55
      vertex 20.05 -10.5331 9.73328
    endloop
  endfacet
  facet normal 1 -0 0
    outer loop
      vertex 20.05 -11.0523 9.21742
      vertex 20.05 -10.0963 6.55
      vertex 20.05 -10.9383 9.34876
    endloop
  endfacet
  facet normal 1 0 0
    outer loop
      vertex 20.05 -11.0523 9.21742
      vertex 20.05 -10.9383 9.34876
      vertex 20.05 -10.9717 9.31705
    endloop
  endfacet
  facet normal 1 -0 0
    outer loop
      vertex 20.05 -11.3476 8.85007
      vertex 20.05 -10.0963 6.55
      vertex 20.05 -11.0523 9.21742
    endloop
  endfacet
  facet normal 1 -0 0
    outer loop
      vertex 20.05 -11.6559 8.3403
      vertex 20.05 -10.0963 6.55
      vertex 20.05 -11.3476 8.85007
    endloop
  endfacet
  facet normal 1 -0 0
    outer loop
      vertex 20.05 -11.8919 7.79648
      vertex 20.05 -10.0963 6.55
      vertex 20.05 -11.6559 8.3403
    endloop
  endfacet
  facet normal 1 -0 0
    outer loop
      vertex 20.05 -12.0514 7.22791
      vertex 20.05 -10.0963 6.55
      vertex 20.05 -11.8919 7.79648
    endloop
  endfacet
  facet normal 1 -0 0
    outer loop
      vertex 20.05 -12.1319 6.64431
      vertex 20.05 -10.0963 6.55
      vertex 20.05 -12.0514 7.22791
    endloop
  endfacet
  facet normal 1 0 0
    outer loop
      vertex 20.05 -12.1319 6.45
      vertex 20.05 -10.0963 6.55
      vertex 20.05 -12.1319 6.64431
    endloop
  endfacet
  facet normal 1 0 0
    outer loop
      vertex 20.05 -10.0963 6.55
      vertex 20.05 -12.1319 6.45
      vertex 20.05 -10.0963 6.45
    endloop
  endfacet
  facet normal 1 0 0
    outer loop
      vertex 20.05 10.0963 6.55
      vertex 20.05 12.1319 6.64431
      vertex 20.05 12.0514 7.22791
    endloop
  endfacet
  facet normal 1 0 0
    outer loop
      vertex 20.05 10.0963 6.55
      vertex 20.05 12.0514 7.22791
      vertex 20.05 11.8919 7.79648
    endloop
  endfacet
  facet normal 1 0 0
    outer loop
      vertex 20.05 10.0963 6.55
      vertex 20.05 11.8919 7.79648
      vertex 20.05 11.6559 8.3403
    endloop
  endfacet
  facet normal 1 0 0
    outer loop
      vertex 20.05 10.0963 6.55
      vertex 20.05 11.6559 8.3403
      vertex 20.05 11.3476 8.85007
    endloop
  endfacet
  facet normal 1 0 0
    outer loop
      vertex 20.05 10.0963 6.55
      vertex 20.05 11.3476 8.85007
      vertex 20.05 11.0523 9.21742
    endloop
  endfacet
  facet normal 1 0 0
    outer loop
      vertex 20.05 10.9383 9.34876
      vertex 20.05 11.0523 9.21742
      vertex 20.05 10.9717 9.31705
    endloop
  endfacet
  facet normal 1 0 0
    outer loop
      vertex 20.05 11.0523 9.21742
      vertex 20.05 10.9383 9.34876
      vertex 20.05 10.0963 6.55
    endloop
  endfacet
  facet normal 1 0 0
    outer loop
      vertex 20.05 10.0963 6.55
      vertex 20.05 10.9383 9.34876
      vertex 20.05 10.5331 9.73328
    endloop
  endfacet
  facet normal 1 0 0
    outer loop
      vertex 20.05 10.0963 6.55
      vertex 20.05 10.5331 9.73328
      vertex 20.05 10.2913 9.90937
    endloop
  endfacet
  facet normal 1 0 0
    outer loop
      vertex 20.05 12.1319 6.64431
      vertex 20.05 10.0963 6.55
      vertex 20.05 12.1319 6.45
    endloop
  endfacet
  facet normal 1 0 0
    outer loop
      vertex 20.05 12.1319 6.45
      vertex 20.05 10.0963 6.55
      vertex 20.05 10.0963 6.45
    endloop
  endfacet
  facet normal 0 0 -1
    outer loop
      vertex -25.8067 -8.45102 6.45
      vertex -25.75 8.51293 6.45
      vertex -25.75 -8.51293 6.45
    endloop
  endfacet
  facet normal 0 0 -1
    outer loop
      vertex -25.8067 -8.45102 6.45
      vertex -25.8067 8.45102 6.45
      vertex -25.75 8.51293 6.45
    endloop
  endfacet
  facet normal 0 0 -1
    outer loop
      vertex -26.9558 -6.9535 6.45
      vertex -25.8067 -8.45102 6.45
      vertex -26.194 -8.00941 6.45
    endloop
  endfacet
  facet normal 0 0 -1
    outer loop
      vertex -25.8067 -8.45102 6.45
      vertex -26.9558 -6.9535 6.45
      vertex -25.8067 8.45102 6.45
    endloop
  endfacet
  facet normal 0 0 -1
    outer loop
      vertex -26.9558 -6.9535 6.45
      vertex -26.194 -8.00941 6.45
      vertex -26.6295 -7.44187 6.45
    endloop
  endfacet
  facet normal 0 0 -1
    outer loop
      vertex -26.9558 6.9535 6.45
      vertex -25.8067 8.45102 6.45
      vertex -26.9558 -6.9535 6.45
    endloop
  endfacet
  facet normal 0 0 -1
    outer loop
      vertex -25.8067 8.45102 6.45
      vertex -26.9558 6.9535 6.45
      vertex -26.194 8.00941 6.45
    endloop
  endfacet
  facet normal 0 0 -1
    outer loop
      vertex -26.194 8.00941 6.45
      vertex -26.9558 6.9535 6.45
      vertex -26.6295 7.44187 6.45
    endloop
  endfacet
  facet normal 0 0 -1
    outer loop
      vertex -27.6705 -5.71564 6.45
      vertex -26.9558 -6.9535 6.45
      vertex -27.3402 -6.35018 6.45
    endloop
  endfacet
  facet normal 0 0 -1
    outer loop
      vertex -26.9558 -6.9535 6.45
      vertex -27.6705 -5.71564 6.45
      vertex -26.9558 6.9535 6.45
    endloop
  endfacet
  facet normal 0 0 -1
    outer loop
      vertex -27.6705 5.71564 6.45
      vertex -26.9558 6.9535 6.45
      vertex -27.6705 -5.71564 6.45
    endloop
  endfacet
  facet normal 0 0 -1
    outer loop
      vertex -26.9558 6.9535 6.45
      vertex -27.6705 5.71564 6.45
      vertex -27.3402 6.35018 6.45
    endloop
  endfacet
  facet normal 0 0 -1
    outer loop
      vertex -28.3928 -3.97175 6.45
      vertex -27.6705 -5.71564 6.45
      vertex -27.9303 -5.18885 6.45
    endloop
  endfacet
  facet normal 0 0 -1
    outer loop
      vertex -27.6705 -5.71564 6.45
      vertex -28.3928 -3.97175 6.45
      vertex -27.6705 5.71564 6.45
    endloop
  endfacet
  facet normal 0 0 -1
    outer loop
      vertex -28.3928 -3.97175 6.45
      vertex -27.9303 -5.18885 6.45
      vertex -28.204 -4.52794 6.45
    endloop
  endfacet
  facet normal 0 0 -1
    outer loop
      vertex -28.3928 3.97175 6.45
      vertex -27.6705 5.71564 6.45
      vertex -28.3928 -3.97175 6.45
    endloop
  endfacet
  facet normal 0 0 -1
    outer loop
      vertex -27.6705 5.71564 6.45
      vertex -28.3928 3.97175 6.45
      vertex -27.9303 5.18885 6.45
    endloop
  endfacet
  facet normal 0 0 -1
    outer loop
      vertex -27.9303 5.18885 6.45
      vertex -28.3928 3.97175 6.45
      vertex -28.204 4.52794 6.45
    endloop
  endfacet
  facet normal 0 0 -1
    outer loop
      vertex -28.7628 -2.5911 6.45
      vertex -28.3928 -3.97175 6.45
      vertex -28.6079 -3.2895 6.45
    endloop
  endfacet
  facet normal 0 0 -1
    outer loop
      vertex -28.3928 -3.97175 6.45
      vertex -28.7628 -2.5911 6.45
      vertex -28.3928 3.97175 6.45
    endloop
  endfacet
  facet normal 0 0 -1
    outer loop
      vertex -28.7628 2.5911 6.45
      vertex -28.3928 3.97175 6.45
      vertex -28.7628 -2.5911 6.45
    endloop
  endfacet
  facet normal 0 0 -1
    outer loop
      vertex -28.3928 3.97175 6.45
      vertex -28.7628 2.5911 6.45
      vertex -28.6079 3.2895 6.45
    endloop
  endfacet
  facet normal 0 0 -1
    outer loop
      vertex -29.0091 -0.719666 6.45
      vertex -28.7628 -2.5911 6.45
      vertex -28.8774 -2.01502 6.45
    endloop
  endfacet
  facet normal 0 0 -1
    outer loop
      vertex -28.7628 -2.5911 6.45
      vertex -29.0091 -0.719666 6.45
      vertex -28.7628 2.5911 6.45
    endloop
  endfacet
  facet normal 0 0 -1
    outer loop
      vertex -29.0091 -0.719666 6.45
      vertex -28.8774 -2.01502 6.45
      vertex -28.9707 -1.30578 6.45
    endloop
  endfacet
  facet normal 0 0 -1
    outer loop
      vertex -29.0091 0.719666 6.45
      vertex -28.7628 2.5911 6.45
      vertex -29.0091 -0.719666 6.45
    endloop
  endfacet
  facet normal 0 0 -1
    outer loop
      vertex -28.7628 2.5911 6.45
      vertex -29.0091 0.719666 6.45
      vertex -28.8774 2.01502 6.45
    endloop
  endfacet
  facet normal 0 0 -1
    outer loop
      vertex -28.8774 2.01502 6.45
      vertex -29.0091 0.719666 6.45
      vertex -28.9707 1.30578 6.45
    endloop
  endfacet
  facet normal 0 0 -1
    outer loop
      vertex -29.0404 -0.00498962 6.45
      vertex -29.0091 0.719666 6.45
      vertex -29.0091 -0.719666 6.45
    endloop
  endfacet
  facet normal 0 0 -1
    outer loop
      vertex -29.0091 0.719666 6.45
      vertex -29.0404 -0.00498962 6.45
      vertex -29.0404 0.00498962 6.45
    endloop
  endfacet
  facet normal 0 0 -1
    outer loop
      vertex 20.0481 10.1 6.45
      vertex 20.05 12.1319 6.45
      vertex 20.05 10.0963 6.45
    endloop
  endfacet
  facet normal 0 0 -1
    outer loop
      vertex 19.9074 10.3207 6.45
      vertex 20.05 12.1319 6.45
      vertex 20.0481 10.1 6.45
    endloop
  endfacet
  facet normal 0 0 -1
    outer loop
      vertex 19.7481 10.5284 6.45
      vertex 20.05 12.1319 6.45
      vertex 19.9074 10.3207 6.45
    endloop
  endfacet
  facet normal 0 0 -1
    outer loop
      vertex 19.5713 10.7213 6.45
      vertex 20.05 12.1319 6.45
      vertex 19.7481 10.5284 6.45
    endloop
  endfacet
  facet normal 0 0 -1
    outer loop
      vertex 19.3783 10.8981 6.45
      vertex 20.05 12.1319 6.45
      vertex 19.5713 10.7213 6.45
    endloop
  endfacet
  facet normal 0 0 -1
    outer loop
      vertex 19.1707 11.0574 6.45
      vertex 20.05 12.1319 6.45
      vertex 19.3783 10.8981 6.45
    endloop
  endfacet
  facet normal -0 0 -1
    outer loop
      vertex 20.05 12.1319 6.45
      vertex 19.1707 11.0574 6.45
      vertex 19.6345 12.2629 6.45
    endloop
  endfacet
  facet normal 0 0 -1
    outer loop
      vertex 18.95 11.1981 6.45
      vertex 19.6345 12.2629 6.45
      vertex 19.1707 11.0574 6.45
    endloop
  endfacet
  facet normal 0 0 -1
    outer loop
      vertex 18.95 11.1981 6.45
      vertex 18.9361 12.4178 6.45
      vertex 19.6345 12.2629 6.45
    endloop
  endfacet
  facet normal 0 0 -1
    outer loop
      vertex 18.7178 11.3189 6.45
      vertex 18.9361 12.4178 6.45
      vertex 18.95 11.1981 6.45
    endloop
  endfacet
  facet normal 0 0 -1
    outer loop
      vertex 18.4761 11.4191 6.45
      vertex 18.9361 12.4178 6.45
      vertex 18.7178 11.3189 6.45
    endloop
  endfacet
  facet normal 0 0 -1
    outer loop
      vertex 18.4761 11.4191 6.45
      vertex 18.36 12.5324 6.45
      vertex 18.9361 12.4178 6.45
    endloop
  endfacet
  facet normal 0 0 -1
    outer loop
      vertex 18.2264 11.4978 6.45
      vertex 18.36 12.5324 6.45
      vertex 18.4761 11.4191 6.45
    endloop
  endfacet
  facet normal 0 0 -1
    outer loop
      vertex 17.9709 11.5544 6.45
      vertex 18.36 12.5324 6.45
      vertex 18.2264 11.4978 6.45
    endloop
  endfacet
  facet normal 0 0 -1
    outer loop
      vertex 17.6508 12.6257 6.45
      vertex 17.9709 11.5544 6.45
      vertex 17.7115 11.5886 6.45
    endloop
  endfacet
  facet normal 0 0 -1
    outer loop
      vertex 17.9709 11.5544 6.45
      vertex 17.6508 12.6257 6.45
      vertex 18.36 12.5324 6.45
    endloop
  endfacet
  facet normal 0 0 -1
    outer loop
      vertex 17.45 11.6 6.45
      vertex 17.6508 12.6257 6.45
      vertex 17.7115 11.5886 6.45
    endloop
  endfacet
  facet normal 0 0 -1
    outer loop
      vertex 17.45 11.6 6.45
      vertex 17.0647 12.6641 6.45
      vertex 17.6508 12.6257 6.45
    endloop
  endfacet
  facet normal 0 0 -1
    outer loop
      vertex 17.45 11.6 6.45
      vertex 16.35 12.6954 6.45
      vertex 17.0647 12.6641 6.45
    endloop
  endfacet
  facet normal 0 0 -1
    outer loop
      vertex 17.45 11.6 6.45
      vertex -16.35 12.6954 6.45
      vertex 16.35 12.6954 6.45
    endloop
  endfacet
  facet normal 0 0 -1
    outer loop
      vertex -21.4983 11.6 6.45
      vertex -16.35 12.6954 6.45
      vertex 17.45 11.6 6.45
    endloop
  endfacet
  facet normal 0 0 -1
    outer loop
      vertex -16.35 12.6954 6.45
      vertex -21.4983 11.6 6.45
      vertex -17.0647 12.6641 6.45
    endloop
  endfacet
  facet normal 0 -0 -1
    outer loop
      vertex -18.9361 12.4178 6.45
      vertex -17.0647 12.6641 6.45
      vertex -21.4983 11.6 6.45
    endloop
  endfacet
  facet normal 0 0 -1
    outer loop
      vertex -17.0647 12.6641 6.45
      vertex -18.9361 12.4178 6.45
      vertex -17.6508 12.6257 6.45
    endloop
  endfacet
  facet normal 0 0 -1
    outer loop
      vertex -17.6508 12.6257 6.45
      vertex -18.9361 12.4178 6.45
      vertex -18.36 12.5324 6.45
    endloop
  endfacet
  facet normal 0 -0 -1
    outer loop
      vertex -20.3167 12.0478 6.45
      vertex -18.9361 12.4178 6.45
      vertex -21.4983 11.6 6.45
    endloop
  endfacet
  facet normal 0 0 -1
    outer loop
      vertex -18.9361 12.4178 6.45
      vertex -20.3167 12.0478 6.45
      vertex -19.6345 12.2629 6.45
    endloop
  endfacet
  facet normal 0 0 -1
    outer loop
      vertex -20.3167 12.0478 6.45
      vertex -21.4983 11.6 6.45
      vertex -20.8729 11.859 6.45
    endloop
  endfacet
  facet normal 0 0 -1
    outer loop
      vertex 20.05 -12.1319 6.45
      vertex 20.0481 -10.1 6.45
      vertex 20.05 -10.0963 6.45
    endloop
  endfacet
  facet normal 0 0 -1
    outer loop
      vertex 20.05 -12.1319 6.45
      vertex 19.9074 -10.3207 6.45
      vertex 20.0481 -10.1 6.45
    endloop
  endfacet
  facet normal 0 0 -1
    outer loop
      vertex 20.05 -12.1319 6.45
      vertex 19.7481 -10.5284 6.45
      vertex 19.9074 -10.3207 6.45
    endloop
  endfacet
  facet normal 0 0 -1
    outer loop
      vertex 19.1707 -11.0574 6.45
      vertex 20.05 -12.1319 6.45
      vertex 19.6345 -12.2629 6.45
    endloop
  endfacet
  facet normal 0 0 -1
    outer loop
      vertex 20.05 -12.1319 6.45
      vertex 19.5713 -10.7213 6.45
      vertex 19.7481 -10.5284 6.45
    endloop
  endfacet
  facet normal 0 0 -1
    outer loop
      vertex 20.05 -12.1319 6.45
      vertex 19.3783 -10.8981 6.45
      vertex 19.5713 -10.7213 6.45
    endloop
  endfacet
  facet normal 0 0 -1
    outer loop
      vertex 20.05 -12.1319 6.45
      vertex 19.1707 -11.0574 6.45
      vertex 19.3783 -10.8981 6.45
    endloop
  endfacet
  facet normal 0 0 -1
    outer loop
      vertex 19.6345 -12.2629 6.45
      vertex 18.95 -11.1981 6.45
      vertex 19.1707 -11.0574 6.45
    endloop
  endfacet
  facet normal 0 0 -1
    outer loop
      vertex 18.9361 -12.4178 6.45
      vertex 18.95 -11.1981 6.45
      vertex 19.6345 -12.2629 6.45
    endloop
  endfacet
  facet normal 0 0 -1
    outer loop
      vertex 18.9361 -12.4178 6.45
      vertex 18.7178 -11.3189 6.45
      vertex 18.95 -11.1981 6.45
    endloop
  endfacet
  facet normal 0 0 -1
    outer loop
      vertex 18.9361 -12.4178 6.45
      vertex 18.4761 -11.4191 6.45
      vertex 18.7178 -11.3189 6.45
    endloop
  endfacet
  facet normal 0 0 -1
    outer loop
      vertex 18.36 -12.5324 6.45
      vertex 18.4761 -11.4191 6.45
      vertex 18.9361 -12.4178 6.45
    endloop
  endfacet
  facet normal 0 0 -1
    outer loop
      vertex 18.36 -12.5324 6.45
      vertex 18.2264 -11.4978 6.45
      vertex 18.4761 -11.4191 6.45
    endloop
  endfacet
  facet normal 0 0 -1
    outer loop
      vertex 18.36 -12.5324 6.45
      vertex 17.9709 -11.5544 6.45
      vertex 18.2264 -11.4978 6.45
    endloop
  endfacet
  facet normal 0 0 -1
    outer loop
      vertex 17.6508 -12.6257 6.45
      vertex 17.9709 -11.5544 6.45
      vertex 18.36 -12.5324 6.45
    endloop
  endfacet
  facet normal 0 0 -1
    outer loop
      vertex 17.9709 -11.5544 6.45
      vertex 17.6508 -12.6257 6.45
      vertex 17.7115 -11.5886 6.45
    endloop
  endfacet
  facet normal 0 0 -1
    outer loop
      vertex 17.6508 -12.6257 6.45
      vertex 17.45 -11.6 6.45
      vertex 17.7115 -11.5886 6.45
    endloop
  endfacet
  facet normal 0 0 -1
    outer loop
      vertex 17.0647 -12.6641 6.45
      vertex 17.45 -11.6 6.45
      vertex 17.6508 -12.6257 6.45
    endloop
  endfacet
  facet normal 0 0 -1
    outer loop
      vertex 16.35 -12.6954 6.45
      vertex 17.45 -11.6 6.45
      vertex 17.0647 -12.6641 6.45
    endloop
  endfacet
  facet normal 0 0 -1
    outer loop
      vertex -16.35 -12.6954 6.45
      vertex 17.45 -11.6 6.45
      vertex 16.35 -12.6954 6.45
    endloop
  endfacet
  facet normal 0 0 -1
    outer loop
      vertex -21.4983 -11.6 6.45
      vertex -16.35 -12.6954 6.45
      vertex -17.0647 -12.6641 6.45
    endloop
  endfacet
  facet normal 0 0 -1
    outer loop
      vertex -18.9361 -12.4178 6.45
      vertex -17.0647 -12.6641 6.45
      vertex -17.6508 -12.6257 6.45
    endloop
  endfacet
  facet normal 0 0 -1
    outer loop
      vertex -18.9361 -12.4178 6.45
      vertex -17.6508 -12.6257 6.45
      vertex -18.36 -12.5324 6.45
    endloop
  endfacet
  facet normal 0 0 -1
    outer loop
      vertex -17.0647 -12.6641 6.45
      vertex -18.9361 -12.4178 6.45
      vertex -21.4983 -11.6 6.45
    endloop
  endfacet
  facet normal 0 0 -1
    outer loop
      vertex -20.3167 -12.0478 6.45
      vertex -18.9361 -12.4178 6.45
      vertex -19.6345 -12.2629 6.45
    endloop
  endfacet
  facet normal 0 0 -1
    outer loop
      vertex -18.9361 -12.4178 6.45
      vertex -20.3167 -12.0478 6.45
      vertex -21.4983 -11.6 6.45
    endloop
  endfacet
  facet normal 0 0 -1
    outer loop
      vertex -21.4983 -11.6 6.45
      vertex -20.3167 -12.0478 6.45
      vertex -20.8729 -11.859 6.45
    endloop
  endfacet
  facet normal 0 0 -1
    outer loop
      vertex -16.35 -12.6954 6.45
      vertex -21.4983 -11.6 6.45
      vertex 17.45 -11.6 6.45
    endloop
  endfacet
  facet normal 0 0 -1
    outer loop
      vertex 15.25 -9.39999 6.45
      vertex 18.25 -6.39999 6.45
      vertex 18.2386 -6.66147 6.45
    endloop
  endfacet
  facet normal -0 0 -1
    outer loop
      vertex 18.25 -6.39999 6.45
      vertex 15.25 -9.39999 6.45
      vertex 18.25 6.39999 6.45
    endloop
  endfacet
  facet normal 0 0 -1
    outer loop
      vertex 15.25 -9.39999 6.45
      vertex 18.2386 -6.66147 6.45
      vertex 18.2044 -6.92094 6.45
    endloop
  endfacet
  facet normal 0 0 -1
    outer loop
      vertex 15.25 9.39999 6.45
      vertex 18.25 6.39999 6.45
      vertex 15.25 -9.39999 6.45
    endloop
  endfacet
  facet normal 0 0 -1
    outer loop
      vertex 15.25 -9.39999 6.45
      vertex 18.2044 -6.92094 6.45
      vertex 18.1478 -7.17645 6.45
    endloop
  endfacet
  facet normal 0 0 -1
    outer loop
      vertex 18.25 6.39999 6.45
      vertex 15.25 9.39999 6.45
      vertex 18.2386 6.66147 6.45
    endloop
  endfacet
  facet normal 0 0 -1
    outer loop
      vertex 15.25 -9.39999 6.45
      vertex 18.1478 -7.17645 6.45
      vertex 18.0691 -7.42606 6.45
    endloop
  endfacet
  facet normal 0 0 -1
    outer loop
      vertex 18.2386 6.66147 6.45
      vertex 15.25 9.39999 6.45
      vertex 18.2044 6.92094 6.45
    endloop
  endfacet
  facet normal 0 0 -1
    outer loop
      vertex 15.25 -9.39999 6.45
      vertex 18.0691 -7.42606 6.45
      vertex 17.9689 -7.66785 6.45
    endloop
  endfacet
  facet normal 0 0 -1
    outer loop
      vertex 18.2044 6.92094 6.45
      vertex 15.25 9.39999 6.45
      vertex 18.1478 7.17645 6.45
    endloop
  endfacet
  facet normal 0 0 -1
    outer loop
      vertex 15.25 -9.39999 6.45
      vertex 17.9689 -7.66785 6.45
      vertex 17.8481 -7.89999 6.45
    endloop
  endfacet
  facet normal 0 0 -1
    outer loop
      vertex 18.1478 7.17645 6.45
      vertex 15.25 9.39999 6.45
      vertex 18.0691 7.42606 6.45
    endloop
  endfacet
  facet normal 0 0 -1
    outer loop
      vertex 15.25 -9.39999 6.45
      vertex 17.8481 -7.89999 6.45
      vertex 17.7075 -8.12073 6.45
    endloop
  endfacet
  facet normal 0 0 -1
    outer loop
      vertex 18.0691 7.42606 6.45
      vertex 15.25 9.39999 6.45
      vertex 17.9689 7.66785 6.45
    endloop
  endfacet
  facet normal 0 0 -1
    outer loop
      vertex 15.25 -9.39999 6.45
      vertex 17.7075 -8.12073 6.45
      vertex 17.5481 -8.32835 6.45
    endloop
  endfacet
  facet normal 0 0 -1
    outer loop
      vertex 17.9689 7.66785 6.45
      vertex 15.25 9.39999 6.45
      vertex 17.8481 7.89999 6.45
    endloop
  endfacet
  facet normal 0 0 -1
    outer loop
      vertex 15.25 -9.39999 6.45
      vertex 17.5481 -8.32835 6.45
      vertex 17.3713 -8.52132 6.45
    endloop
  endfacet
  facet normal 0 0 -1
    outer loop
      vertex 17.8481 7.89999 6.45
      vertex 15.25 9.39999 6.45
      vertex 17.7075 8.12073 6.45
    endloop
  endfacet
  facet normal 0 0 -1
    outer loop
      vertex 15.25 -9.39999 6.45
      vertex 17.3713 -8.52132 6.45
      vertex 17.1784 -8.69812 6.45
    endloop
  endfacet
  facet normal 0 0 -1
    outer loop
      vertex 17.7075 8.12073 6.45
      vertex 15.25 9.39999 6.45
      vertex 17.5481 8.32835 6.45
    endloop
  endfacet
  facet normal 0 0 -1
    outer loop
      vertex 15.25 -9.39999 6.45
      vertex 17.1784 -8.69812 6.45
      vertex 16.9707 -8.85745 6.45
    endloop
  endfacet
  facet normal 0 0 -1
    outer loop
      vertex 17.5481 8.32835 6.45
      vertex 15.25 9.39999 6.45
      vertex 17.3713 8.52132 6.45
    endloop
  endfacet
  facet normal 0 0 -1
    outer loop
      vertex 15.25 -9.39999 6.45
      vertex 16.9707 -8.85745 6.45
      vertex 16.75 -8.99808 6.45
    endloop
  endfacet
  facet normal 0 0 -1
    outer loop
      vertex 17.3713 8.52132 6.45
      vertex 15.25 9.39999 6.45
      vertex 17.1784 8.69812 6.45
    endloop
  endfacet
  facet normal 0 0 -1
    outer loop
      vertex 15.25 -9.39999 6.45
      vertex 16.75 -8.99808 6.45
      vertex 16.5178 -9.11891 6.45
    endloop
  endfacet
  facet normal 0 0 -1
    outer loop
      vertex 17.1784 8.69812 6.45
      vertex 15.25 9.39999 6.45
      vertex 16.9707 8.85745 6.45
    endloop
  endfacet
  facet normal 0 0 -1
    outer loop
      vertex 15.25 -9.39999 6.45
      vertex 16.5178 -9.11891 6.45
      vertex 16.2761 -9.21907 6.45
    endloop
  endfacet
  facet normal 0 0 -1
    outer loop
      vertex 16.9707 8.85745 6.45
      vertex 15.25 9.39999 6.45
      vertex 16.75 8.99808 6.45
    endloop
  endfacet
  facet normal 0 0 -1
    outer loop
      vertex 15.25 -9.39999 6.45
      vertex 16.2761 -9.21907 6.45
      vertex 16.0265 -9.29778 6.45
    endloop
  endfacet
  facet normal 0 0 -1
    outer loop
      vertex 16.75 8.99808 6.45
      vertex 15.25 9.39999 6.45
      vertex 16.5178 9.11891 6.45
    endloop
  endfacet
  facet normal 0 0 -1
    outer loop
      vertex 15.25 -9.39999 6.45
      vertex 16.0265 -9.29778 6.45
      vertex 15.7709 -9.35442 6.45
    endloop
  endfacet
  facet normal 0 0 -1
    outer loop
      vertex 16.5178 9.11891 6.45
      vertex 15.25 9.39999 6.45
      vertex 16.2761 9.21907 6.45
    endloop
  endfacet
  facet normal 0 0 -1
    outer loop
      vertex 15.25 -9.39999 6.45
      vertex 15.7709 -9.35442 6.45
      vertex 15.5115 -9.38858 6.45
    endloop
  endfacet
  facet normal 0 0 -1
    outer loop
      vertex 16.2761 9.21907 6.45
      vertex 15.25 9.39999 6.45
      vertex 16.0265 9.29778 6.45
    endloop
  endfacet
  facet normal 0 0 -1
    outer loop
      vertex 16.0265 9.29778 6.45
      vertex 15.25 9.39999 6.45
      vertex 15.7709 9.35442 6.45
    endloop
  endfacet
  facet normal 0 0 -1
    outer loop
      vertex 15.7709 9.35442 6.45
      vertex 15.25 9.39999 6.45
      vertex 15.5115 9.38858 6.45
    endloop
  endfacet
  facet normal 0 0 -1
    outer loop
      vertex -20.55 -9.39999 6.45
      vertex 15.25 9.39999 6.45
      vertex 15.25 -9.39999 6.45
    endloop
  endfacet
  facet normal 0 0 -1
    outer loop
      vertex -20.55 -9.39999 6.45
      vertex -20.55 9.39999 6.45
      vertex 15.25 9.39999 6.45
    endloop
  endfacet
  facet normal 0 0 -1
    outer loop
      vertex -23.55 -6.39999 6.45
      vertex -20.55 -9.39999 6.45
      vertex -20.8115 -9.38858 6.45
    endloop
  endfacet
  facet normal 0 0 -1
    outer loop
      vertex -20.55 -9.39999 6.45
      vertex -23.55 -6.39999 6.45
      vertex -20.55 9.39999 6.45
    endloop
  endfacet
  facet normal 0 0 -1
    outer loop
      vertex -23.55 -6.39999 6.45
      vertex -20.8115 -9.38858 6.45
      vertex -21.0709 -9.35442 6.45
    endloop
  endfacet
  facet normal 0 0 -1
    outer loop
      vertex -23.55 6.39999 6.45
      vertex -20.55 9.39999 6.45
      vertex -23.55 -6.39999 6.45
    endloop
  endfacet
  facet normal 0 0 -1
    outer loop
      vertex -23.55 -6.39999 6.45
      vertex -21.0709 -9.35442 6.45
      vertex -21.3265 -9.29778 6.45
    endloop
  endfacet
  facet normal 0 0 -1
    outer loop
      vertex -20.55 9.39999 6.45
      vertex -23.55 6.39999 6.45
      vertex -20.8115 9.38858 6.45
    endloop
  endfacet
  facet normal 0 0 -1
    outer loop
      vertex -23.55 -6.39999 6.45
      vertex -21.3265 -9.29778 6.45
      vertex -21.5761 -9.21907 6.45
    endloop
  endfacet
  facet normal 0 0 -1
    outer loop
      vertex -20.8115 9.38858 6.45
      vertex -23.55 6.39999 6.45
      vertex -21.0709 9.35442 6.45
    endloop
  endfacet
  facet normal 0 0 -1
    outer loop
      vertex -23.55 -6.39999 6.45
      vertex -21.5761 -9.21907 6.45
      vertex -21.8178 -9.11891 6.45
    endloop
  endfacet
  facet normal 0 0 -1
    outer loop
      vertex -21.0709 9.35442 6.45
      vertex -23.55 6.39999 6.45
      vertex -21.3265 9.29778 6.45
    endloop
  endfacet
  facet normal 0 0 -1
    outer loop
      vertex -23.55 -6.39999 6.45
      vertex -21.8178 -9.11891 6.45
      vertex -22.05 -8.99808 6.45
    endloop
  endfacet
  facet normal 0 0 -1
    outer loop
      vertex -21.3265 9.29778 6.45
      vertex -23.55 6.39999 6.45
      vertex -21.5761 9.21907 6.45
    endloop
  endfacet
  facet normal 0 0 -1
    outer loop
      vertex -23.55 -6.39999 6.45
      vertex -22.05 -8.99808 6.45
      vertex -22.2707 -8.85745 6.45
    endloop
  endfacet
  facet normal 0 0 -1
    outer loop
      vertex -21.5761 9.21907 6.45
      vertex -23.55 6.39999 6.45
      vertex -21.8178 9.11891 6.45
    endloop
  endfacet
  facet normal 0 0 -1
    outer loop
      vertex -23.55 -6.39999 6.45
      vertex -22.2707 -8.85745 6.45
      vertex -22.4784 -8.69812 6.45
    endloop
  endfacet
  facet normal 0 0 -1
    outer loop
      vertex -21.8178 9.11891 6.45
      vertex -23.55 6.39999 6.45
      vertex -22.05 8.99808 6.45
    endloop
  endfacet
  facet normal 0 0 -1
    outer loop
      vertex -23.55 -6.39999 6.45
      vertex -22.4784 -8.69812 6.45
      vertex -22.6713 -8.52132 6.45
    endloop
  endfacet
  facet normal 0 0 -1
    outer loop
      vertex -22.05 8.99808 6.45
      vertex -23.55 6.39999 6.45
      vertex -22.2707 8.85745 6.45
    endloop
  endfacet
  facet normal 0 0 -1
    outer loop
      vertex -23.55 -6.39999 6.45
      vertex -22.6713 -8.52132 6.45
      vertex -22.8481 -8.32835 6.45
    endloop
  endfacet
  facet normal 0 0 -1
    outer loop
      vertex -22.2707 8.85745 6.45
      vertex -23.55 6.39999 6.45
      vertex -22.4784 8.69812 6.45
    endloop
  endfacet
  facet normal 0 0 -1
    outer loop
      vertex -23.55 -6.39999 6.45
      vertex -22.8481 -8.32835 6.45
      vertex -23.0075 -8.12073 6.45
    endloop
  endfacet
  facet normal 0 0 -1
    outer loop
      vertex -22.4784 8.69812 6.45
      vertex -23.55 6.39999 6.45
      vertex -22.6713 8.52132 6.45
    endloop
  endfacet
  facet normal 0 0 -1
    outer loop
      vertex -23.55 -6.39999 6.45
      vertex -23.0075 -8.12073 6.45
      vertex -23.1481 -7.89999 6.45
    endloop
  endfacet
  facet normal 0 0 -1
    outer loop
      vertex -22.6713 8.52132 6.45
      vertex -23.55 6.39999 6.45
      vertex -22.8481 8.32835 6.45
    endloop
  endfacet
  facet normal 0 0 -1
    outer loop
      vertex -23.55 -6.39999 6.45
      vertex -23.1481 -7.89999 6.45
      vertex -23.2689 -7.66785 6.45
    endloop
  endfacet
  facet normal 0 0 -1
    outer loop
      vertex -22.8481 8.32835 6.45
      vertex -23.55 6.39999 6.45
      vertex -23.0075 8.12073 6.45
    endloop
  endfacet
  facet normal 0 0 -1
    outer loop
      vertex -23.55 -6.39999 6.45
      vertex -23.2689 -7.66785 6.45
      vertex -23.3691 -7.42606 6.45
    endloop
  endfacet
  facet normal 0 0 -1
    outer loop
      vertex -23.0075 8.12073 6.45
      vertex -23.55 6.39999 6.45
      vertex -23.1481 7.89999 6.45
    endloop
  endfacet
  facet normal 0 0 -1
    outer loop
      vertex -23.55 -6.39999 6.45
      vertex -23.3691 -7.42606 6.45
      vertex -23.4478 -7.17645 6.45
    endloop
  endfacet
  facet normal 0 0 -1
    outer loop
      vertex -23.1481 7.89999 6.45
      vertex -23.55 6.39999 6.45
      vertex -23.2689 7.66785 6.45
    endloop
  endfacet
  facet normal 0 0 -1
    outer loop
      vertex -23.55 -6.39999 6.45
      vertex -23.4478 -7.17645 6.45
      vertex -23.5044 -6.92094 6.45
    endloop
  endfacet
  facet normal 0 0 -1
    outer loop
      vertex -23.2689 7.66785 6.45
      vertex -23.55 6.39999 6.45
      vertex -23.3691 7.42606 6.45
    endloop
  endfacet
  facet normal 0 0 -1
    outer loop
      vertex -23.55 -6.39999 6.45
      vertex -23.5044 -6.92094 6.45
      vertex -23.5386 -6.66147 6.45
    endloop
  endfacet
  facet normal 0 0 -1
    outer loop
      vertex -23.3691 7.42606 6.45
      vertex -23.55 6.39999 6.45
      vertex -23.4478 7.17645 6.45
    endloop
  endfacet
  facet normal 0 0 -1
    outer loop
      vertex -23.4478 7.17645 6.45
      vertex -23.55 6.39999 6.45
      vertex -23.5044 6.92094 6.45
    endloop
  endfacet
  facet normal 0 0 -1
    outer loop
      vertex -23.5044 6.92094 6.45
      vertex -23.55 6.39999 6.45
      vertex -23.5386 6.66147 6.45
    endloop
  endfacet
  facet normal 0 0 -1
    outer loop
      vertex 17.8481 -7.89999 3.85
      vertex 20.45 -8.59999 3.85
      vertex 20.4386 -8.86147 3.85
    endloop
  endfacet
  facet normal 0 0 -1
    outer loop
      vertex 20.45 -8.59999 3.85
      vertex 18.25 -6.39999 3.85
      vertex 20.45 8.59999 3.85
    endloop
  endfacet
  facet normal 0 0 -1
    outer loop
      vertex 17.7075 -8.12073 3.85
      vertex 20.4386 -8.86147 3.85
      vertex 20.4044 -9.12094 3.85
    endloop
  endfacet
  facet normal 0 0 -1
    outer loop
      vertex 18.25 6.39999 3.85
      vertex 20.45 8.59999 3.85
      vertex 18.25 -6.39999 3.85
    endloop
  endfacet
  facet normal 0 0 -1
    outer loop
      vertex 17.7075 -8.12073 3.85
      vertex 20.4044 -9.12094 3.85
      vertex 20.3478 -9.37645 3.85
    endloop
  endfacet
  facet normal 0 0 -1
    outer loop
      vertex 18.2386 6.66147 3.85
      vertex 20.45 8.59999 3.85
      vertex 18.25 6.39999 3.85
    endloop
  endfacet
  facet normal 0 0 -1
    outer loop
      vertex 17.7075 -8.12073 3.85
      vertex 20.3478 -9.37645 3.85
      vertex 20.2691 -9.62605 3.85
    endloop
  endfacet
  facet normal 0 0 -1
    outer loop
      vertex 18.2044 6.92094 3.85
      vertex 20.45 8.59999 3.85
      vertex 18.2386 6.66147 3.85
    endloop
  endfacet
  facet normal 0 0 -1
    outer loop
      vertex 17.5481 -8.32835 3.85
      vertex 20.2691 -9.62605 3.85
      vertex 20.1689 -9.86784 3.85
    endloop
  endfacet
  facet normal 0 0 -1
    outer loop
      vertex 18.1478 7.17645 3.85
      vertex 20.45 8.59999 3.85
      vertex 18.2044 6.92094 3.85
    endloop
  endfacet
  facet normal 0 0 -1
    outer loop
      vertex 17.5481 -8.32835 3.85
      vertex 20.1689 -9.86784 3.85
      vertex 20.0481 -10.1 3.85
    endloop
  endfacet
  facet normal 0 0 -1
    outer loop
      vertex 18.0691 7.42606 3.85
      vertex 20.45 8.59999 3.85
      vertex 18.1478 7.17645 3.85
    endloop
  endfacet
  facet normal 0 0 -1
    outer loop
      vertex 17.5481 -8.32835 3.85
      vertex 20.0481 -10.1 3.85
      vertex 19.9074 -10.3207 3.85
    endloop
  endfacet
  facet normal 0 0 -1
    outer loop
      vertex 17.9689 7.66785 3.85
      vertex 20.45 8.59999 3.85
      vertex 18.0691 7.42606 3.85
    endloop
  endfacet
  facet normal 0 0 -1
    outer loop
      vertex 17.5481 -8.32835 3.85
      vertex 19.9074 -10.3207 3.85
      vertex 19.7481 -10.5284 3.85
    endloop
  endfacet
  facet normal 0 0 -1
    outer loop
      vertex 17.8481 7.89999 3.85
      vertex 20.45 8.59999 3.85
      vertex 17.9689 7.66785 3.85
    endloop
  endfacet
  facet normal 0 0 -1
    outer loop
      vertex 17.3713 -8.52132 3.85
      vertex 19.7481 -10.5284 3.85
      vertex 19.5713 -10.7213 3.85
    endloop
  endfacet
  facet normal -0 0 -1
    outer loop
      vertex 20.45 8.59999 3.85
      vertex 17.8481 7.89999 3.85
      vertex 20.4386 8.86147 3.85
    endloop
  endfacet
  facet normal 0 0 -1
    outer loop
      vertex 17.3713 -8.52132 3.85
      vertex 19.5713 -10.7213 3.85
      vertex 19.3783 -10.8981 3.85
    endloop
  endfacet
  facet normal 0 0 -1
    outer loop
      vertex 17.7075 8.12073 3.85
      vertex 20.4386 8.86147 3.85
      vertex 17.8481 7.89999 3.85
    endloop
  endfacet
  facet normal 0 0 -1
    outer loop
      vertex 17.3713 -8.52132 3.85
      vertex 19.3783 -10.8981 3.85
      vertex 19.1707 -11.0574 3.85
    endloop
  endfacet
  facet normal -0 0 -1
    outer loop
      vertex 20.4386 8.86147 3.85
      vertex 17.7075 8.12073 3.85
      vertex 20.4044 9.12094 3.85
    endloop
  endfacet
  facet normal 0 0 -1
    outer loop
      vertex 17.1784 -8.69812 3.85
      vertex 19.1707 -11.0574 3.85
      vertex 18.95 -11.1981 3.85
    endloop
  endfacet
  facet normal -0 0 -1
    outer loop
      vertex 20.4044 9.12094 3.85
      vertex 17.7075 8.12073 3.85
      vertex 20.3478 9.37645 3.85
    endloop
  endfacet
  facet normal 0 0 -1
    outer loop
      vertex 17.1784 -8.69812 3.85
      vertex 18.95 -11.1981 3.85
      vertex 18.7178 -11.3189 3.85
    endloop
  endfacet
  facet normal -0 0 -1
    outer loop
      vertex 20.3478 9.37645 3.85
      vertex 17.7075 8.12073 3.85
      vertex 20.2691 9.62605 3.85
    endloop
  endfacet
  facet normal 0 0 -1
    outer loop
      vertex 17.1784 -8.69812 3.85
      vertex 18.7178 -11.3189 3.85
      vertex 18.4761 -11.4191 3.85
    endloop
  endfacet
  facet normal 0 0 -1
    outer loop
      vertex 17.5481 8.32835 3.85
      vertex 20.2691 9.62605 3.85
      vertex 17.7075 8.12073 3.85
    endloop
  endfacet
  facet normal -0 0 -1
    outer loop
      vertex 20.2691 9.62605 3.85
      vertex 17.5481 8.32835 3.85
      vertex 20.1689 9.86784 3.85
    endloop
  endfacet
  facet normal 0 0 -1
    outer loop
      vertex 20.45 -8.59999 3.85
      vertex 18.2386 -6.66147 3.85
      vertex 18.25 -6.39999 3.85
    endloop
  endfacet
  facet normal 0 0 -1
    outer loop
      vertex 16.9707 -8.85745 3.85
      vertex 18.4761 -11.4191 3.85
      vertex 18.2264 -11.4978 3.85
    endloop
  endfacet
  facet normal 0 0 -1
    outer loop
      vertex 20.45 -8.59999 3.85
      vertex 18.2044 -6.92094 3.85
      vertex 18.2386 -6.66147 3.85
    endloop
  endfacet
  facet normal 0 0 -1
    outer loop
      vertex 20.45 -8.59999 3.85
      vertex 18.1478 -7.17645 3.85
      vertex 18.2044 -6.92094 3.85
    endloop
  endfacet
  facet normal 0 0 -1
    outer loop
      vertex 20.45 -8.59999 3.85
      vertex 18.0691 -7.42606 3.85
      vertex 18.1478 -7.17645 3.85
    endloop
  endfacet
  facet normal 0 0 -1
    outer loop
      vertex 16.9707 -8.85745 3.85
      vertex 18.2264 -11.4978 3.85
      vertex 17.9709 -11.5544 3.85
    endloop
  endfacet
  facet normal 0 0 -1
    outer loop
      vertex 20.45 -8.59999 3.85
      vertex 17.9689 -7.66785 3.85
      vertex 18.0691 -7.42606 3.85
    endloop
  endfacet
  facet normal 0 0 -1
    outer loop
      vertex 20.45 -8.59999 3.85
      vertex 17.8481 -7.89999 3.85
      vertex 17.9689 -7.66785 3.85
    endloop
  endfacet
  facet normal 0 0 -1
    outer loop
      vertex 16.9707 -8.85745 3.85
      vertex 17.9709 -11.5544 3.85
      vertex 17.7115 -11.5886 3.85
    endloop
  endfacet
  facet normal 0 0 -1
    outer loop
      vertex 20.4386 -8.86147 3.85
      vertex 17.7075 -8.12073 3.85
      vertex 17.8481 -7.89999 3.85
    endloop
  endfacet
  facet normal 0 0 -1
    outer loop
      vertex 20.2691 -9.62605 3.85
      vertex 17.5481 -8.32835 3.85
      vertex 17.7075 -8.12073 3.85
    endloop
  endfacet
  facet normal 0 0 -1
    outer loop
      vertex 16.75 -8.99808 3.85
      vertex 17.7115 -11.5886 3.85
      vertex 17.45 -11.6 3.85
    endloop
  endfacet
  facet normal 0 0 -1
    outer loop
      vertex 19.7481 -10.5284 3.85
      vertex 17.3713 -8.52132 3.85
      vertex 17.5481 -8.32835 3.85
    endloop
  endfacet
  facet normal 0 0 -1
    outer loop
      vertex 19.1707 -11.0574 3.85
      vertex 17.1784 -8.69812 3.85
      vertex 17.3713 -8.52132 3.85
    endloop
  endfacet
  facet normal 0 0 -1
    outer loop
      vertex 18.4761 -11.4191 3.85
      vertex 16.9707 -8.85745 3.85
      vertex 17.1784 -8.69812 3.85
    endloop
  endfacet
  facet normal 0 0 -1
    outer loop
      vertex 17.7115 -11.5886 3.85
      vertex 16.75 -8.99808 3.85
      vertex 16.9707 -8.85745 3.85
    endloop
  endfacet
  facet normal 0 0 -1
    outer loop
      vertex 17.45 -11.6 3.85
      vertex 16.5178 -9.11891 3.85
      vertex 16.75 -8.99808 3.85
    endloop
  endfacet
  facet normal 0 0 -1
    outer loop
      vertex 17.45 -11.6 3.85
      vertex 16.2761 -9.21907 3.85
      vertex 16.5178 -9.11891 3.85
    endloop
  endfacet
  facet normal 0 0 -1
    outer loop
      vertex 17.45 -11.6 3.85
      vertex 16.0265 -9.29778 3.85
      vertex 16.2761 -9.21907 3.85
    endloop
  endfacet
  facet normal 0 0 -1
    outer loop
      vertex 17.45 -11.6 3.85
      vertex 15.7709 -9.35442 3.85
      vertex 16.0265 -9.29778 3.85
    endloop
  endfacet
  facet normal 0 0 -1
    outer loop
      vertex 17.45 -11.6 3.85
      vertex 15.5115 -9.38858 3.85
      vertex 15.7709 -9.35442 3.85
    endloop
  endfacet
  facet normal 0 0 -1
    outer loop
      vertex 17.45 -11.6 3.85
      vertex 15.25 -9.39999 3.85
      vertex 15.5115 -9.38858 3.85
    endloop
  endfacet
  facet normal 0 0 -1
    outer loop
      vertex 17.45 -11.6 3.85
      vertex -20.55 -9.39999 3.85
      vertex 15.25 -9.39999 3.85
    endloop
  endfacet
  facet normal 0 0 -1
    outer loop
      vertex -22.75 -11.6 3.85
      vertex -20.55 -9.39999 3.85
      vertex 17.45 -11.6 3.85
    endloop
  endfacet
  facet normal -0 0 -1
    outer loop
      vertex -20.55 -9.39999 3.85
      vertex -22.75 -11.6 3.85
      vertex -20.8115 -9.38858 3.85
    endloop
  endfacet
  facet normal 0 0 -1
    outer loop
      vertex -22.75 -11.6 3.85
      vertex -21.0709 -9.35442 3.85
      vertex -20.8115 -9.38858 3.85
    endloop
  endfacet
  facet normal 0 0 -1
    outer loop
      vertex -22.75 -11.6 3.85
      vertex -21.3265 -9.29778 3.85
      vertex -21.0709 -9.35442 3.85
    endloop
  endfacet
  facet normal 0 0 -1
    outer loop
      vertex -22.75 -11.6 3.85
      vertex -21.5761 -9.21907 3.85
      vertex -21.3265 -9.29778 3.85
    endloop
  endfacet
  facet normal 0 0 -1
    outer loop
      vertex -22.75 -11.6 3.85
      vertex -21.8178 -9.11891 3.85
      vertex -21.5761 -9.21907 3.85
    endloop
  endfacet
  facet normal 0 0 -1
    outer loop
      vertex -22.75 -11.6 3.85
      vertex -22.05 -8.99808 3.85
      vertex -21.8178 -9.11891 3.85
    endloop
  endfacet
  facet normal 0 0 -1
    outer loop
      vertex -23.0115 -11.5886 3.85
      vertex -22.05 -8.99808 3.85
      vertex -22.75 -11.6 3.85
    endloop
  endfacet
  facet normal -0 0 -1
    outer loop
      vertex -22.05 -8.99808 3.85
      vertex -23.0115 -11.5886 3.85
      vertex -22.2707 -8.85745 3.85
    endloop
  endfacet
  facet normal 0 0 -1
    outer loop
      vertex -23.2709 -11.5544 3.85
      vertex -22.2707 -8.85745 3.85
      vertex -23.0115 -11.5886 3.85
    endloop
  endfacet
  facet normal 0 0 -1
    outer loop
      vertex -23.5264 -11.4978 3.85
      vertex -22.2707 -8.85745 3.85
      vertex -23.2709 -11.5544 3.85
    endloop
  endfacet
  facet normal 0 0 -1
    outer loop
      vertex -23.7761 -11.4191 3.85
      vertex -22.2707 -8.85745 3.85
      vertex -23.5264 -11.4978 3.85
    endloop
  endfacet
  facet normal -0 0 -1
    outer loop
      vertex -22.2707 -8.85745 3.85
      vertex -23.7761 -11.4191 3.85
      vertex -22.4784 -8.69812 3.85
    endloop
  endfacet
  facet normal 0 0 -1
    outer loop
      vertex -24.0178 -11.3189 3.85
      vertex -22.4784 -8.69812 3.85
      vertex -23.7761 -11.4191 3.85
    endloop
  endfacet
  facet normal 0 0 -1
    outer loop
      vertex -24.25 -11.1981 3.85
      vertex -22.4784 -8.69812 3.85
      vertex -24.0178 -11.3189 3.85
    endloop
  endfacet
  facet normal 0 0 -1
    outer loop
      vertex -24.4707 -11.0574 3.85
      vertex -22.4784 -8.69812 3.85
      vertex -24.25 -11.1981 3.85
    endloop
  endfacet
  facet normal -0 0 -1
    outer loop
      vertex -22.4784 -8.69812 3.85
      vertex -24.4707 -11.0574 3.85
      vertex -22.6713 -8.52132 3.85
    endloop
  endfacet
  facet normal 0 0 -1
    outer loop
      vertex -24.6784 -10.8981 3.85
      vertex -22.6713 -8.52132 3.85
      vertex -24.4707 -11.0574 3.85
    endloop
  endfacet
  facet normal 0 0 -1
    outer loop
      vertex -24.8713 -10.7213 3.85
      vertex -22.6713 -8.52132 3.85
      vertex -24.6784 -10.8981 3.85
    endloop
  endfacet
  facet normal 0 0 -1
    outer loop
      vertex -25.0481 -10.5284 3.85
      vertex -22.6713 -8.52132 3.85
      vertex -24.8713 -10.7213 3.85
    endloop
  endfacet
  facet normal -0 0 -1
    outer loop
      vertex -22.6713 -8.52132 3.85
      vertex -25.0481 -10.5284 3.85
      vertex -22.8481 -8.32835 3.85
    endloop
  endfacet
  facet normal 0 0 -1
    outer loop
      vertex -25.2074 -10.3207 3.85
      vertex -22.8481 -8.32835 3.85
      vertex -25.0481 -10.5284 3.85
    endloop
  endfacet
  facet normal 0 0 -1
    outer loop
      vertex -25.4689 -9.86784 3.85
      vertex -22.8481 -8.32835 3.85
      vertex -25.3481 -10.1 3.85
    endloop
  endfacet
  facet normal 0 0 -1
    outer loop
      vertex -25.3481 -10.1 3.85
      vertex -22.8481 -8.32835 3.85
      vertex -25.2074 -10.3207 3.85
    endloop
  endfacet
  facet normal -0 0 -1
    outer loop
      vertex 20.1689 9.86784 3.85
      vertex 17.5481 8.32835 3.85
      vertex 20.0481 10.1 3.85
    endloop
  endfacet
  facet normal -0 0 -1
    outer loop
      vertex 20.0481 10.1 3.85
      vertex 17.5481 8.32835 3.85
      vertex 19.9074 10.3207 3.85
    endloop
  endfacet
  facet normal -0 0 -1
    outer loop
      vertex 19.9074 10.3207 3.85
      vertex 17.5481 8.32835 3.85
      vertex 19.7481 10.5284 3.85
    endloop
  endfacet
  facet normal 0 0 -1
    outer loop
      vertex 17.3713 8.52132 3.85
      vertex 19.7481 10.5284 3.85
      vertex 17.5481 8.32835 3.85
    endloop
  endfacet
  facet normal -0 0 -1
    outer loop
      vertex 19.7481 10.5284 3.85
      vertex 17.3713 8.52132 3.85
      vertex 19.5713 10.7213 3.85
    endloop
  endfacet
  facet normal -0 0 -1
    outer loop
      vertex 19.5713 10.7213 3.85
      vertex 17.3713 8.52132 3.85
      vertex 19.3783 10.8981 3.85
    endloop
  endfacet
  facet normal -0 0 -1
    outer loop
      vertex 19.3783 10.8981 3.85
      vertex 17.3713 8.52132 3.85
      vertex 19.1707 11.0574 3.85
    endloop
  endfacet
  facet normal 0 0 -1
    outer loop
      vertex 17.1784 8.69812 3.85
      vertex 19.1707 11.0574 3.85
      vertex 17.3713 8.52132 3.85
    endloop
  endfacet
  facet normal -0 0 -1
    outer loop
      vertex 19.1707 11.0574 3.85
      vertex 17.1784 8.69812 3.85
      vertex 18.95 11.1981 3.85
    endloop
  endfacet
  facet normal -0 0 -1
    outer loop
      vertex 18.95 11.1981 3.85
      vertex 17.1784 8.69812 3.85
      vertex 18.7178 11.3189 3.85
    endloop
  endfacet
  facet normal -0 0 -1
    outer loop
      vertex 18.7178 11.3189 3.85
      vertex 17.1784 8.69812 3.85
      vertex 18.4761 11.4191 3.85
    endloop
  endfacet
  facet normal 0 0 -1
    outer loop
      vertex 16.9707 8.85745 3.85
      vertex 18.4761 11.4191 3.85
      vertex 17.1784 8.69812 3.85
    endloop
  endfacet
  facet normal -0 0 -1
    outer loop
      vertex 18.4761 11.4191 3.85
      vertex 16.9707 8.85745 3.85
      vertex 18.2264 11.4978 3.85
    endloop
  endfacet
  facet normal -0 0 -1
    outer loop
      vertex 18.2264 11.4978 3.85
      vertex 16.9707 8.85745 3.85
      vertex 17.9709 11.5544 3.85
    endloop
  endfacet
  facet normal -0 0 -1
    outer loop
      vertex 17.9709 11.5544 3.85
      vertex 16.9707 8.85745 3.85
      vertex 17.7115 11.5886 3.85
    endloop
  endfacet
  facet normal 0 0 -1
    outer loop
      vertex 16.75 8.99808 3.85
      vertex 17.7115 11.5886 3.85
      vertex 16.9707 8.85745 3.85
    endloop
  endfacet
  facet normal -0 0 -1
    outer loop
      vertex 17.7115 11.5886 3.85
      vertex 16.75 8.99808 3.85
      vertex 17.45 11.6 3.85
    endloop
  endfacet
  facet normal 0 0 -1
    outer loop
      vertex 16.5178 9.11891 3.85
      vertex 17.45 11.6 3.85
      vertex 16.75 8.99808 3.85
    endloop
  endfacet
  facet normal 0 0 -1
    outer loop
      vertex 16.2761 9.21907 3.85
      vertex 17.45 11.6 3.85
      vertex 16.5178 9.11891 3.85
    endloop
  endfacet
  facet normal 0 0 -1
    outer loop
      vertex 16.0265 9.29778 3.85
      vertex 17.45 11.6 3.85
      vertex 16.2761 9.21907 3.85
    endloop
  endfacet
  facet normal 0 0 -1
    outer loop
      vertex 15.7709 9.35442 3.85
      vertex 17.45 11.6 3.85
      vertex 16.0265 9.29778 3.85
    endloop
  endfacet
  facet normal 0 0 -1
    outer loop
      vertex 15.5115 9.38858 3.85
      vertex 17.45 11.6 3.85
      vertex 15.7709 9.35442 3.85
    endloop
  endfacet
  facet normal 0 0 -1
    outer loop
      vertex 15.25 9.39999 3.85
      vertex 17.45 11.6 3.85
      vertex 15.5115 9.38858 3.85
    endloop
  endfacet
  facet normal 0 0 -1
    outer loop
      vertex -20.55 9.39999 3.85
      vertex 17.45 11.6 3.85
      vertex 15.25 9.39999 3.85
    endloop
  endfacet
  facet normal 0 0 -1
    outer loop
      vertex -22.75 11.6 3.85
      vertex -20.55 9.39999 3.85
      vertex -20.8115 9.38858 3.85
    endloop
  endfacet
  facet normal 0 0 -1
    outer loop
      vertex -20.55 9.39999 3.85
      vertex -22.75 11.6 3.85
      vertex 17.45 11.6 3.85
    endloop
  endfacet
  facet normal 0 0 -1
    outer loop
      vertex -21.0709 9.35442 3.85
      vertex -22.75 11.6 3.85
      vertex -20.8115 9.38858 3.85
    endloop
  endfacet
  facet normal 0 0 -1
    outer loop
      vertex -21.3265 9.29778 3.85
      vertex -22.75 11.6 3.85
      vertex -21.0709 9.35442 3.85
    endloop
  endfacet
  facet normal 0 0 -1
    outer loop
      vertex -21.5761 9.21907 3.85
      vertex -22.75 11.6 3.85
      vertex -21.3265 9.29778 3.85
    endloop
  endfacet
  facet normal 0 0 -1
    outer loop
      vertex -21.8178 9.11891 3.85
      vertex -22.75 11.6 3.85
      vertex -21.5761 9.21907 3.85
    endloop
  endfacet
  facet normal 0 0 -1
    outer loop
      vertex -22.05 8.99808 3.85
      vertex -22.75 11.6 3.85
      vertex -21.8178 9.11891 3.85
    endloop
  endfacet
  facet normal 0 0 -1
    outer loop
      vertex -23.0115 11.5886 3.85
      vertex -22.05 8.99808 3.85
      vertex -22.2707 8.85745 3.85
    endloop
  endfacet
  facet normal 0 0 -1
    outer loop
      vertex -23.7761 11.4191 3.85
      vertex -22.2707 8.85745 3.85
      vertex -22.4784 8.69812 3.85
    endloop
  endfacet
  facet normal 0 0 -1
    outer loop
      vertex -24.4707 11.0574 3.85
      vertex -22.4784 8.69812 3.85
      vertex -22.6713 8.52132 3.85
    endloop
  endfacet
  facet normal 0 0 -1
    outer loop
      vertex -25.0481 10.5284 3.85
      vertex -22.6713 8.52132 3.85
      vertex -22.8481 8.32835 3.85
    endloop
  endfacet
  facet normal 0 0 -1
    outer loop
      vertex -25.5691 9.62605 3.85
      vertex -22.8481 8.32835 3.85
      vertex -23.0075 8.12073 3.85
    endloop
  endfacet
  facet normal 0 0 -1
    outer loop
      vertex -22.05 8.99808 3.85
      vertex -23.0115 11.5886 3.85
      vertex -22.75 11.6 3.85
    endloop
  endfacet
  facet normal 0 0 -1
    outer loop
      vertex -25.7386 8.86147 3.85
      vertex -23.0075 8.12073 3.85
      vertex -23.1481 7.89999 3.85
    endloop
  endfacet
  facet normal 0 0 -1
    outer loop
      vertex -25.75 8.59999 3.85
      vertex -23.1481 7.89999 3.85
      vertex -23.2689 7.66785 3.85
    endloop
  endfacet
  facet normal 0 0 -1
    outer loop
      vertex -22.2707 8.85745 3.85
      vertex -23.2709 11.5544 3.85
      vertex -23.0115 11.5886 3.85
    endloop
  endfacet
  facet normal 0 0 -1
    outer loop
      vertex -25.75 8.59999 3.85
      vertex -23.2689 7.66785 3.85
      vertex -23.3691 7.42606 3.85
    endloop
  endfacet
  facet normal 0 0 -1
    outer loop
      vertex -25.75 8.59999 3.85
      vertex -23.3691 7.42606 3.85
      vertex -23.4478 7.17645 3.85
    endloop
  endfacet
  facet normal 0 0 -1
    outer loop
      vertex -25.75 8.59999 3.85
      vertex -23.4478 7.17645 3.85
      vertex -23.5044 6.92094 3.85
    endloop
  endfacet
  facet normal 0 0 -1
    outer loop
      vertex -22.2707 8.85745 3.85
      vertex -23.5264 11.4978 3.85
      vertex -23.2709 11.5544 3.85
    endloop
  endfacet
  facet normal 0 0 -1
    outer loop
      vertex -25.75 8.59999 3.85
      vertex -23.5044 6.92094 3.85
      vertex -23.5386 6.66147 3.85
    endloop
  endfacet
  facet normal 0 0 -1
    outer loop
      vertex -25.75 8.59999 3.85
      vertex -23.5386 6.66147 3.85
      vertex -23.55 6.39999 3.85
    endloop
  endfacet
  facet normal -0 0 -1
    outer loop
      vertex -23.55 -6.39999 3.85
      vertex -25.75 -8.59999 3.85
      vertex -23.55 6.39999 3.85
    endloop
  endfacet
  facet normal 0 0 -1
    outer loop
      vertex -25.75 8.59999 3.85
      vertex -23.55 6.39999 3.85
      vertex -25.75 -8.59999 3.85
    endloop
  endfacet
  facet normal 0 0 -1
    outer loop
      vertex -25.5691 -9.62605 3.85
      vertex -22.8481 -8.32835 3.85
      vertex -25.4689 -9.86784 3.85
    endloop
  endfacet
  facet normal 0 0 -1
    outer loop
      vertex -23.1481 7.89999 3.85
      vertex -25.75 8.59999 3.85
      vertex -25.7386 8.86147 3.85
    endloop
  endfacet
  facet normal -0 0 -1
    outer loop
      vertex -22.8481 -8.32835 3.85
      vertex -25.5691 -9.62605 3.85
      vertex -23.0075 -8.12073 3.85
    endloop
  endfacet
  facet normal 0 0 -1
    outer loop
      vertex -22.2707 8.85745 3.85
      vertex -23.7761 11.4191 3.85
      vertex -23.5264 11.4978 3.85
    endloop
  endfacet
  facet normal 0 0 -1
    outer loop
      vertex -25.6478 -9.37645 3.85
      vertex -23.0075 -8.12073 3.85
      vertex -25.5691 -9.62605 3.85
    endloop
  endfacet
  facet normal 0 0 -1
    outer loop
      vertex -22.4784 8.69812 3.85
      vertex -24.0178 11.3189 3.85
      vertex -23.7761 11.4191 3.85
    endloop
  endfacet
  facet normal 0 0 -1
    outer loop
      vertex -25.7044 -9.12094 3.85
      vertex -23.0075 -8.12073 3.85
      vertex -25.6478 -9.37645 3.85
    endloop
  endfacet
  facet normal 0 0 -1
    outer loop
      vertex -22.4784 8.69812 3.85
      vertex -24.25 11.1981 3.85
      vertex -24.0178 11.3189 3.85
    endloop
  endfacet
  facet normal 0 0 -1
    outer loop
      vertex -25.7386 -8.86147 3.85
      vertex -23.0075 -8.12073 3.85
      vertex -25.7044 -9.12094 3.85
    endloop
  endfacet
  facet normal 0 0 -1
    outer loop
      vertex -22.4784 8.69812 3.85
      vertex -24.4707 11.0574 3.85
      vertex -24.25 11.1981 3.85
    endloop
  endfacet
  facet normal -0 0 -1
    outer loop
      vertex -23.0075 -8.12073 3.85
      vertex -25.7386 -8.86147 3.85
      vertex -23.1481 -7.89999 3.85
    endloop
  endfacet
  facet normal 0 0 -1
    outer loop
      vertex -22.6713 8.52132 3.85
      vertex -24.6784 10.8981 3.85
      vertex -24.4707 11.0574 3.85
    endloop
  endfacet
  facet normal 0 0 -1
    outer loop
      vertex -25.75 -8.59999 3.85
      vertex -23.1481 -7.89999 3.85
      vertex -25.7386 -8.86147 3.85
    endloop
  endfacet
  facet normal 0 0 -1
    outer loop
      vertex -22.6713 8.52132 3.85
      vertex -24.8713 10.7213 3.85
      vertex -24.6784 10.8981 3.85
    endloop
  endfacet
  facet normal -0 0 -1
    outer loop
      vertex -23.1481 -7.89999 3.85
      vertex -25.75 -8.59999 3.85
      vertex -23.2689 -7.66785 3.85
    endloop
  endfacet
  facet normal 0 0 -1
    outer loop
      vertex -22.6713 8.52132 3.85
      vertex -25.0481 10.5284 3.85
      vertex -24.8713 10.7213 3.85
    endloop
  endfacet
  facet normal -0 0 -1
    outer loop
      vertex -23.2689 -7.66785 3.85
      vertex -25.75 -8.59999 3.85
      vertex -23.3691 -7.42606 3.85
    endloop
  endfacet
  facet normal 0 0 -1
    outer loop
      vertex -22.8481 8.32835 3.85
      vertex -25.2074 10.3207 3.85
      vertex -25.0481 10.5284 3.85
    endloop
  endfacet
  facet normal -0 0 -1
    outer loop
      vertex -23.3691 -7.42606 3.85
      vertex -25.75 -8.59999 3.85
      vertex -23.4478 -7.17645 3.85
    endloop
  endfacet
  facet normal 0 0 -1
    outer loop
      vertex -22.8481 8.32835 3.85
      vertex -25.3481 10.1 3.85
      vertex -25.2074 10.3207 3.85
    endloop
  endfacet
  facet normal -0 0 -1
    outer loop
      vertex -23.4478 -7.17645 3.85
      vertex -25.75 -8.59999 3.85
      vertex -23.5044 -6.92094 3.85
    endloop
  endfacet
  facet normal 0 0 -1
    outer loop
      vertex -22.8481 8.32835 3.85
      vertex -25.4689 9.86784 3.85
      vertex -25.3481 10.1 3.85
    endloop
  endfacet
  facet normal -0 0 -1
    outer loop
      vertex -23.5044 -6.92094 3.85
      vertex -25.75 -8.59999 3.85
      vertex -23.5386 -6.66147 3.85
    endloop
  endfacet
  facet normal 0 0 -1
    outer loop
      vertex -22.8481 8.32835 3.85
      vertex -25.5691 9.62605 3.85
      vertex -25.4689 9.86784 3.85
    endloop
  endfacet
  facet normal -0 0 -1
    outer loop
      vertex -23.5386 -6.66147 3.85
      vertex -25.75 -8.59999 3.85
      vertex -23.55 -6.39999 3.85
    endloop
  endfacet
  facet normal 0 0 -1
    outer loop
      vertex -23.0075 8.12073 3.85
      vertex -25.6478 9.37645 3.85
      vertex -25.5691 9.62605 3.85
    endloop
  endfacet
  facet normal 0 0 -1
    outer loop
      vertex -23.0075 8.12073 3.85
      vertex -25.7044 9.12094 3.85
      vertex -25.6478 9.37645 3.85
    endloop
  endfacet
  facet normal 0 0 -1
    outer loop
      vertex -23.0075 8.12073 3.85
      vertex -25.7386 8.86147 3.85
      vertex -25.7044 9.12094 3.85
    endloop
  endfacet
  facet normal 0 0 1
    outer loop
      vertex 20.05 10.0963 6.55
      vertex 20.45 8.59999 6.55
      vertex 20.4386 8.86147 6.55
    endloop
  endfacet
  facet normal 0 0 1
    outer loop
      vertex 20.45 8.59999 6.55
      vertex 20.05 10.0963 6.55
      vertex 20.45 -8.59999 6.55
    endloop
  endfacet
  facet normal 0 0 1
    outer loop
      vertex 20.05 10.0963 6.55
      vertex 20.4386 8.86147 6.55
      vertex 20.4044 9.12094 6.55
    endloop
  endfacet
  facet normal 0 0 1
    outer loop
      vertex 20.05 -10.0963 6.55
      vertex 20.45 -8.59999 6.55
      vertex 20.05 10.0963 6.55
    endloop
  endfacet
  facet normal 0 0 1
    outer loop
      vertex 20.05 10.0963 6.55
      vertex 20.4044 9.12094 6.55
      vertex 20.3478 9.37645 6.55
    endloop
  endfacet
  facet normal 0 0 1
    outer loop
      vertex 20.45 -8.59999 6.55
      vertex 20.05 -10.0963 6.55
      vertex 20.4386 -8.86147 6.55
    endloop
  endfacet
  facet normal 0 0 1
    outer loop
      vertex 20.05 10.0963 6.55
      vertex 20.3478 9.37645 6.55
      vertex 20.2691 9.62605 6.55
    endloop
  endfacet
  facet normal 0 0 1
    outer loop
      vertex 20.4386 -8.86147 6.55
      vertex 20.05 -10.0963 6.55
      vertex 20.4044 -9.12094 6.55
    endloop
  endfacet
  facet normal 0 0 1
    outer loop
      vertex 20.05 10.0963 6.55
      vertex 20.2691 9.62605 6.55
      vertex 20.1689 9.86784 6.55
    endloop
  endfacet
  facet normal 0 0 1
    outer loop
      vertex 20.4044 -9.12094 6.55
      vertex 20.05 -10.0963 6.55
      vertex 20.3478 -9.37645 6.55
    endloop
  endfacet
  facet normal 0 0 1
    outer loop
      vertex 20.3478 -9.37645 6.55
      vertex 20.05 -10.0963 6.55
      vertex 20.2691 -9.62605 6.55
    endloop
  endfacet
  facet normal 0 0 1
    outer loop
      vertex 20.2691 -9.62605 6.55
      vertex 20.05 -10.0963 6.55
      vertex 20.1689 -9.86784 6.55
    endloop
  endfacet
  facet normal -0 0 1
    outer loop
      vertex -22.75 11.6 6.55
      vertex -21.5338 11.5853 6.55
      vertex -21.4983 11.6 6.55
    endloop
  endfacet
  facet normal 0 0 1
    outer loop
      vertex -22.75 11.6 6.55
      vertex -22.0606 11.3255 6.55
      vertex -21.5338 11.5853 6.55
    endloop
  endfacet
  facet normal 0 0 1
    outer loop
      vertex -22.75 11.6 6.55
      vertex -22.6952 10.9952 6.55
      vertex -22.0606 11.3255 6.55
    endloop
  endfacet
  facet normal -0 0 1
    outer loop
      vertex -23.0115 11.5886 6.55
      vertex -22.6952 10.9952 6.55
      vertex -22.75 11.6 6.55
    endloop
  endfacet
  facet normal -0 0 1
    outer loop
      vertex -23.2709 11.5544 6.55
      vertex -22.6952 10.9952 6.55
      vertex -23.0115 11.5886 6.55
    endloop
  endfacet
  facet normal 0 0 1
    outer loop
      vertex -23.2709 11.5544 6.55
      vertex -23.2985 10.6108 6.55
      vertex -22.6952 10.9952 6.55
    endloop
  endfacet
  facet normal -0 0 1
    outer loop
      vertex -23.5264 11.4978 6.55
      vertex -23.2985 10.6108 6.55
      vertex -23.2709 11.5544 6.55
    endloop
  endfacet
  facet normal -0 0 1
    outer loop
      vertex -23.7761 11.4191 6.55
      vertex -23.2985 10.6108 6.55
      vertex -23.5264 11.4978 6.55
    endloop
  endfacet
  facet normal -0 0 1
    outer loop
      vertex -24.0178 11.3189 6.55
      vertex -23.2985 10.6108 6.55
      vertex -23.7761 11.4191 6.55
    endloop
  endfacet
  facet normal 0 0 1
    outer loop
      vertex -23.2985 10.6108 6.55
      vertex -24.0178 11.3189 6.55
      vertex -23.7869 10.2845 6.55
    endloop
  endfacet
  facet normal -0 0 1
    outer loop
      vertex -24.25 11.1981 6.55
      vertex -23.7869 10.2845 6.55
      vertex -24.0178 11.3189 6.55
    endloop
  endfacet
  facet normal -0 0 1
    outer loop
      vertex -24.4707 11.0574 6.55
      vertex -23.7869 10.2845 6.55
      vertex -24.25 11.1981 6.55
    endloop
  endfacet
  facet normal -0 0 1
    outer loop
      vertex -24.6784 10.8981 6.55
      vertex -23.7869 10.2845 6.55
      vertex -24.4707 11.0574 6.55
    endloop
  endfacet
  facet normal 0 0 1
    outer loop
      vertex -23.7869 10.2845 6.55
      vertex -24.6784 10.8981 6.55
      vertex -24.3544 9.84901 6.55
    endloop
  endfacet
  facet normal -0 0 1
    outer loop
      vertex -24.8713 10.7213 6.55
      vertex -24.3544 9.84901 6.55
      vertex -24.6784 10.8981 6.55
    endloop
  endfacet
  facet normal -0 0 1
    outer loop
      vertex -25.0481 10.5284 6.55
      vertex -24.3544 9.84901 6.55
      vertex -24.8713 10.7213 6.55
    endloop
  endfacet
  facet normal -0 0 1
    outer loop
      vertex -25.2074 10.3207 6.55
      vertex -24.3544 9.84901 6.55
      vertex -25.0481 10.5284 6.55
    endloop
  endfacet
  facet normal 0 0 1
    outer loop
      vertex -24.3544 9.84901 6.55
      vertex -25.2074 10.3207 6.55
      vertex -24.796 9.46173 6.55
    endloop
  endfacet
  facet normal -0 0 1
    outer loop
      vertex -25.3481 10.1 6.55
      vertex -24.796 9.46173 6.55
      vertex -25.2074 10.3207 6.55
    endloop
  endfacet
  facet normal -0 0 1
    outer loop
      vertex -25.4689 9.86784 6.55
      vertex -24.796 9.46173 6.55
      vertex -25.3481 10.1 6.55
    endloop
  endfacet
  facet normal -0 0 1
    outer loop
      vertex -25.5691 9.62605 6.55
      vertex -24.796 9.46173 6.55
      vertex -25.4689 9.86784 6.55
    endloop
  endfacet
  facet normal 0 0 1
    outer loop
      vertex -24.796 9.46173 6.55
      vertex -25.5691 9.62605 6.55
      vertex -25.3234 8.97844 6.55
    endloop
  endfacet
  facet normal -0 0 1
    outer loop
      vertex -25.6478 9.37645 6.55
      vertex -25.3234 8.97844 6.55
      vertex -25.5691 9.62605 6.55
    endloop
  endfacet
  facet normal -0 0 1
    outer loop
      vertex -25.7044 9.12094 6.55
      vertex -25.3234 8.97844 6.55
      vertex -25.6478 9.37645 6.55
    endloop
  endfacet
  facet normal 0 0 1
    outer loop
      vertex -25.7386 8.86147 6.55
      vertex -25.3234 8.97844 6.55
      vertex -25.7044 9.12094 6.55
    endloop
  endfacet
  facet normal 0 0 1
    outer loop
      vertex -25.75 8.59999 6.55
      vertex -25.3234 8.97844 6.55
      vertex -25.7386 8.86147 6.55
    endloop
  endfacet
  facet normal 0 0 1
    outer loop
      vertex -25.3234 8.97844 6.55
      vertex -25.75 8.59999 6.55
      vertex -25.75 8.51293 6.55
    endloop
  endfacet
  facet normal 0 0 1
    outer loop
      vertex -21.5338 -11.5853 6.55
      vertex -22.75 -11.6 6.55
      vertex -21.4983 -11.6 6.55
    endloop
  endfacet
  facet normal 0 0 1
    outer loop
      vertex -22.0606 -11.3255 6.55
      vertex -22.75 -11.6 6.55
      vertex -21.5338 -11.5853 6.55
    endloop
  endfacet
  facet normal 0 0 1
    outer loop
      vertex -22.6952 -10.9952 6.55
      vertex -22.75 -11.6 6.55
      vertex -22.0606 -11.3255 6.55
    endloop
  endfacet
  facet normal 0 0 1
    outer loop
      vertex -22.6952 -10.9952 6.55
      vertex -23.0115 -11.5886 6.55
      vertex -22.75 -11.6 6.55
    endloop
  endfacet
  facet normal 0 0 1
    outer loop
      vertex -22.6952 -10.9952 6.55
      vertex -23.2709 -11.5544 6.55
      vertex -23.0115 -11.5886 6.55
    endloop
  endfacet
  facet normal 0 0 1
    outer loop
      vertex -23.2985 -10.6108 6.55
      vertex -23.2709 -11.5544 6.55
      vertex -22.6952 -10.9952 6.55
    endloop
  endfacet
  facet normal 0 0 1
    outer loop
      vertex -23.2985 -10.6108 6.55
      vertex -23.5264 -11.4978 6.55
      vertex -23.2709 -11.5544 6.55
    endloop
  endfacet
  facet normal 0 0 1
    outer loop
      vertex -23.2985 -10.6108 6.55
      vertex -23.7761 -11.4191 6.55
      vertex -23.5264 -11.4978 6.55
    endloop
  endfacet
  facet normal 0 0 1
    outer loop
      vertex -24.0178 -11.3189 6.55
      vertex -23.2985 -10.6108 6.55
      vertex -23.7869 -10.2845 6.55
    endloop
  endfacet
  facet normal 0 0 1
    outer loop
      vertex -23.2985 -10.6108 6.55
      vertex -24.0178 -11.3189 6.55
      vertex -23.7761 -11.4191 6.55
    endloop
  endfacet
  facet normal 0 0 1
    outer loop
      vertex -23.7869 -10.2845 6.55
      vertex -24.25 -11.1981 6.55
      vertex -24.0178 -11.3189 6.55
    endloop
  endfacet
  facet normal 0 0 1
    outer loop
      vertex -24.6784 -10.8981 6.55
      vertex -23.7869 -10.2845 6.55
      vertex -24.3544 -9.84901 6.55
    endloop
  endfacet
  facet normal 0 0 1
    outer loop
      vertex -23.7869 -10.2845 6.55
      vertex -24.4707 -11.0574 6.55
      vertex -24.25 -11.1981 6.55
    endloop
  endfacet
  facet normal 0 0 1
    outer loop
      vertex -23.7869 -10.2845 6.55
      vertex -24.6784 -10.8981 6.55
      vertex -24.4707 -11.0574 6.55
    endloop
  endfacet
  facet normal 0 0 1
    outer loop
      vertex -25.2074 -10.3207 6.55
      vertex -24.3544 -9.84901 6.55
      vertex -24.796 -9.46173 6.55
    endloop
  endfacet
  facet normal 0 0 1
    outer loop
      vertex -24.3544 -9.84901 6.55
      vertex -24.8713 -10.7213 6.55
      vertex -24.6784 -10.8981 6.55
    endloop
  endfacet
  facet normal 0 0 1
    outer loop
      vertex -24.3544 -9.84901 6.55
      vertex -25.0481 -10.5284 6.55
      vertex -24.8713 -10.7213 6.55
    endloop
  endfacet
  facet normal 0 0 1
    outer loop
      vertex -24.3544 -9.84901 6.55
      vertex -25.2074 -10.3207 6.55
      vertex -25.0481 -10.5284 6.55
    endloop
  endfacet
  facet normal 0 0 1
    outer loop
      vertex -25.5691 -9.62605 6.55
      vertex -24.796 -9.46173 6.55
      vertex -25.3234 -8.97844 6.55
    endloop
  endfacet
  facet normal 0 0 1
    outer loop
      vertex -24.796 -9.46173 6.55
      vertex -25.3481 -10.1 6.55
      vertex -25.2074 -10.3207 6.55
    endloop
  endfacet
  facet normal 0 0 1
    outer loop
      vertex -24.796 -9.46173 6.55
      vertex -25.4689 -9.86784 6.55
      vertex -25.3481 -10.1 6.55
    endloop
  endfacet
  facet normal 0 0 1
    outer loop
      vertex -24.796 -9.46173 6.55
      vertex -25.5691 -9.62605 6.55
      vertex -25.4689 -9.86784 6.55
    endloop
  endfacet
  facet normal 0 0 1
    outer loop
      vertex -25.3234 -8.97844 6.55
      vertex -25.6478 -9.37645 6.55
      vertex -25.5691 -9.62605 6.55
    endloop
  endfacet
  facet normal 0 0 1
    outer loop
      vertex -25.3234 -8.97844 6.55
      vertex -25.7044 -9.12094 6.55
      vertex -25.6478 -9.37645 6.55
    endloop
  endfacet
  facet normal 0 0 1
    outer loop
      vertex -25.3234 -8.97844 6.55
      vertex -25.7386 -8.86147 6.55
      vertex -25.7044 -9.12094 6.55
    endloop
  endfacet
  facet normal -0 0 1
    outer loop
      vertex -25.75 -8.59999 6.55
      vertex -25.3234 -8.97844 6.55
      vertex -25.75 -8.51293 6.55
    endloop
  endfacet
  facet normal 0 0 1
    outer loop
      vertex -25.3234 -8.97844 6.55
      vertex -25.75 -8.59999 6.55
      vertex -25.7386 -8.86147 6.55
    endloop
  endfacet
  facet normal 0.130712 -0.99142 0
    outer loop
      vertex 17.7115 -11.5886 3.85
      vertex 17.9709 -11.5544 6.45
      vertex 17.7115 -11.5886 6.45
    endloop
  endfacet
  facet normal 0.130712 -0.99142 0
    outer loop
      vertex 17.9709 -11.5544 6.45
      vertex 17.7115 -11.5886 3.85
      vertex 17.9709 -11.5544 3.85
    endloop
  endfacet
  facet normal 0.216283 -0.976331 0
    outer loop
      vertex 17.9709 -11.5544 3.85
      vertex 18.2264 -11.4978 6.45
      vertex 17.9709 -11.5544 6.45
    endloop
  endfacet
  facet normal 0.216283 -0.976331 0
    outer loop
      vertex 18.2264 -11.4978 6.45
      vertex 17.9709 -11.5544 3.85
      vertex 18.2264 -11.4978 3.85
    endloop
  endfacet
  facet normal 0.300601 -0.95375 0
    outer loop
      vertex 18.2264 -11.4978 3.85
      vertex 18.4761 -11.4191 6.45
      vertex 18.2264 -11.4978 6.45
    endloop
  endfacet
  facet normal 0.300601 -0.95375 0
    outer loop
      vertex 18.4761 -11.4191 6.45
      vertex 18.2264 -11.4978 3.85
      vertex 18.4761 -11.4191 3.85
    endloop
  endfacet
  facet normal 0.382959 -0.923765 0
    outer loop
      vertex 18.4761 -11.4191 3.85
      vertex 18.7178 -11.3189 6.45
      vertex 18.4761 -11.4191 6.45
    endloop
  endfacet
  facet normal 0.382959 -0.923765 0
    outer loop
      vertex 18.7178 -11.3189 6.45
      vertex 18.4761 -11.4191 3.85
      vertex 18.7178 -11.3189 3.85
    endloop
  endfacet
  facet normal 0.461521 -0.887129 0
    outer loop
      vertex 18.7178 -11.3189 3.85
      vertex 18.95 -11.1981 6.45
      vertex 18.7178 -11.3189 6.45
    endloop
  endfacet
  facet normal 0.461521 -0.887129 0
    outer loop
      vertex 18.95 -11.1981 6.45
      vertex 18.7178 -11.3189 3.85
      vertex 18.95 -11.1981 3.85
    endloop
  endfacet
  facet normal 0.537568 -0.843221 0
    outer loop
      vertex 18.95 -11.1981 3.85
      vertex 19.1707 -11.0574 6.45
      vertex 18.95 -11.1981 6.45
    endloop
  endfacet
  facet normal 0.537568 -0.843221 0
    outer loop
      vertex 19.1707 -11.0574 6.45
      vertex 18.95 -11.1981 3.85
      vertex 19.1707 -11.0574 3.85
    endloop
  endfacet
  facet normal 0.608768 -0.793348 0
    outer loop
      vertex 19.1707 -11.0574 3.85
      vertex 19.3783 -10.8981 6.45
      vertex 19.1707 -11.0574 6.45
    endloop
  endfacet
  facet normal 0.608768 -0.793348 0
    outer loop
      vertex 19.3783 -10.8981 6.45
      vertex 19.1707 -11.0574 3.85
      vertex 19.3783 -10.8981 3.85
    endloop
  endfacet
  facet normal 0.675482 -0.737376 0
    outer loop
      vertex 19.3783 -10.8981 3.85
      vertex 19.5713 -10.7213 6.45
      vertex 19.3783 -10.8981 6.45
    endloop
  endfacet
  facet normal 0.675482 -0.737376 0
    outer loop
      vertex 19.5713 -10.7213 6.45
      vertex 19.3783 -10.8981 3.85
      vertex 19.5713 -10.7213 3.85
    endloop
  endfacet
  facet normal 0.737202 -0.675673 0
    outer loop
      vertex 19.5713 -10.7213 6.45
      vertex 19.7481 -10.5284 3.85
      vertex 19.7481 -10.5284 6.45
    endloop
  endfacet
  facet normal 0.737202 -0.675673 0
    outer loop
      vertex 19.7481 -10.5284 3.85
      vertex 19.5713 -10.7213 6.45
      vertex 19.5713 -10.7213 3.85
    endloop
  endfacet
  facet normal 0.79349 -0.608584 0
    outer loop
      vertex 19.7481 -10.5284 6.45
      vertex 19.9074 -10.3207 3.85
      vertex 19.9074 -10.3207 6.45
    endloop
  endfacet
  facet normal 0.79349 -0.608584 0
    outer loop
      vertex 19.9074 -10.3207 3.85
      vertex 19.7481 -10.5284 6.45
      vertex 19.7481 -10.5284 3.85
    endloop
  endfacet
  facet normal 0.843221 -0.537568 0
    outer loop
      vertex 19.9074 -10.3207 6.45
      vertex 20.0481 -10.1 3.85
      vertex 20.0481 -10.1 6.45
    endloop
  endfacet
  facet normal 0.843221 -0.537568 0
    outer loop
      vertex 20.0481 -10.1 3.85
      vertex 19.9074 -10.3207 6.45
      vertex 19.9074 -10.3207 3.85
    endloop
  endfacet
  facet normal 0.887057 -0.461661 0
    outer loop
      vertex 20.05 -10.0963 6.45
      vertex 20.1689 -9.86784 6.55
      vertex 20.05 -10.0963 6.55
    endloop
  endfacet
  facet normal 0.887057 -0.461661 0
    outer loop
      vertex 20.1689 -9.86784 6.55
      vertex 20.05 -10.0963 6.45
      vertex 20.1689 -9.86784 3.85
    endloop
  endfacet
  facet normal 0.889567 -0.456805 0
    outer loop
      vertex 20.0481 -10.1 3.85
      vertex 20.05 -10.0963 6.45
      vertex 20.0481 -10.1 6.45
    endloop
  endfacet
  facet normal 0.887097 -0.461584 8.6062e-06
    outer loop
      vertex 20.05 -10.0963 6.45
      vertex 20.0481 -10.1 3.85
      vertex 20.1689 -9.86784 3.85
    endloop
  endfacet
  facet normal 0.923816 -0.382838 0
    outer loop
      vertex 20.1689 -9.86784 6.55
      vertex 20.2691 -9.62605 3.85
      vertex 20.2691 -9.62605 6.55
    endloop
  endfacet
  facet normal 0.923816 -0.382838 0
    outer loop
      vertex 20.2691 -9.62605 3.85
      vertex 20.1689 -9.86784 6.55
      vertex 20.1689 -9.86784 3.85
    endloop
  endfacet
  facet normal 0.953715 -0.300711 0
    outer loop
      vertex 20.2691 -9.62605 6.55
      vertex 20.3478 -9.37645 3.85
      vertex 20.3478 -9.37645 6.55
    endloop
  endfacet
  facet normal 0.953715 -0.300711 0
    outer loop
      vertex 20.3478 -9.37645 3.85
      vertex 20.2691 -9.62605 6.55
      vertex 20.2691 -9.62605 3.85
    endloop
  endfacet
  facet normal 0.976332 -0.216275 0
    outer loop
      vertex 20.3478 -9.37645 6.55
      vertex 20.4044 -9.12094 3.85
      vertex 20.4044 -9.12094 6.55
    endloop
  endfacet
  facet normal 0.976332 -0.216275 0
    outer loop
      vertex 20.4044 -9.12094 3.85
      vertex 20.3478 -9.37645 6.55
      vertex 20.3478 -9.37645 3.85
    endloop
  endfacet
  facet normal 0.991425 -0.130677 0
    outer loop
      vertex 20.4044 -9.12094 6.55
      vertex 20.4386 -8.86147 3.85
      vertex 20.4386 -8.86147 6.55
    endloop
  endfacet
  facet normal 0.991425 -0.130677 0
    outer loop
      vertex 20.4386 -8.86147 3.85
      vertex 20.4044 -9.12094 6.55
      vertex 20.4044 -9.12094 3.85
    endloop
  endfacet
  facet normal 0.999051 -0.0435566 0
    outer loop
      vertex 20.4386 -8.86147 6.55
      vertex 20.45 -8.59999 3.85
      vertex 20.45 -8.59999 6.55
    endloop
  endfacet
  facet normal 0.999051 -0.0435566 0
    outer loop
      vertex 20.45 -8.59999 3.85
      vertex 20.4386 -8.86147 6.55
      vertex 20.4386 -8.86147 3.85
    endloop
  endfacet
  facet normal 1 -0 0
    outer loop
      vertex 20.45 -8.59999 6.55
      vertex 20.45 8.59999 3.85
      vertex 20.45 8.59999 6.55
    endloop
  endfacet
  facet normal 1 0 0
    outer loop
      vertex 20.45 8.59999 3.85
      vertex 20.45 -8.59999 6.55
      vertex 20.45 -8.59999 3.85
    endloop
  endfacet
  facet normal 0.999051 0.0435566 0
    outer loop
      vertex 20.45 8.59999 6.55
      vertex 20.4386 8.86147 3.85
      vertex 20.4386 8.86147 6.55
    endloop
  endfacet
  facet normal 0.999051 0.0435566 0
    outer loop
      vertex 20.4386 8.86147 3.85
      vertex 20.45 8.59999 6.55
      vertex 20.45 8.59999 3.85
    endloop
  endfacet
  facet normal 0.991425 0.130677 0
    outer loop
      vertex 20.4386 8.86147 6.55
      vertex 20.4044 9.12094 3.85
      vertex 20.4044 9.12094 6.55
    endloop
  endfacet
  facet normal 0.991425 0.130677 0
    outer loop
      vertex 20.4044 9.12094 3.85
      vertex 20.4386 8.86147 6.55
      vertex 20.4386 8.86147 3.85
    endloop
  endfacet
  facet normal 0.976332 0.216275 0
    outer loop
      vertex 20.4044 9.12094 6.55
      vertex 20.3478 9.37645 3.85
      vertex 20.3478 9.37645 6.55
    endloop
  endfacet
  facet normal 0.976332 0.216275 0
    outer loop
      vertex 20.3478 9.37645 3.85
      vertex 20.4044 9.12094 6.55
      vertex 20.4044 9.12094 3.85
    endloop
  endfacet
  facet normal 0.953715 0.300711 0
    outer loop
      vertex 20.3478 9.37645 6.55
      vertex 20.2691 9.62605 3.85
      vertex 20.2691 9.62605 6.55
    endloop
  endfacet
  facet normal 0.953715 0.300711 0
    outer loop
      vertex 20.2691 9.62605 3.85
      vertex 20.3478 9.37645 6.55
      vertex 20.3478 9.37645 3.85
    endloop
  endfacet
  facet normal 0.923816 0.382838 0
    outer loop
      vertex 20.2691 9.62605 6.55
      vertex 20.1689 9.86784 3.85
      vertex 20.1689 9.86784 6.55
    endloop
  endfacet
  facet normal 0.923816 0.382838 0
    outer loop
      vertex 20.1689 9.86784 3.85
      vertex 20.2691 9.62605 6.55
      vertex 20.2691 9.62605 3.85
    endloop
  endfacet
  facet normal 0.887057 0.461661 0
    outer loop
      vertex 20.05 10.0963 6.55
      vertex 20.1689 9.86784 6.55
      vertex 20.05 10.0963 6.45
    endloop
  endfacet
  facet normal 0.889567 0.456805 0
    outer loop
      vertex 20.05 10.0963 6.45
      vertex 20.0481 10.1 3.85
      vertex 20.0481 10.1 6.45
    endloop
  endfacet
  facet normal 0.887057 0.461661 -0
    outer loop
      vertex 20.1689 9.86784 3.85
      vertex 20.05 10.0963 6.45
      vertex 20.1689 9.86784 6.55
    endloop
  endfacet
  facet normal 0.887097 0.461584 8.6062e-06
    outer loop
      vertex 20.05 10.0963 6.45
      vertex 20.1689 9.86784 3.85
      vertex 20.0481 10.1 3.85
    endloop
  endfacet
  facet normal 0.843221 0.537568 0
    outer loop
      vertex 20.0481 10.1 6.45
      vertex 19.9074 10.3207 3.85
      vertex 19.9074 10.3207 6.45
    endloop
  endfacet
  facet normal 0.843221 0.537568 0
    outer loop
      vertex 19.9074 10.3207 3.85
      vertex 20.0481 10.1 6.45
      vertex 20.0481 10.1 3.85
    endloop
  endfacet
  facet normal 0.79349 0.608584 0
    outer loop
      vertex 19.9074 10.3207 6.45
      vertex 19.7481 10.5284 3.85
      vertex 19.7481 10.5284 6.45
    endloop
  endfacet
  facet normal 0.79349 0.608584 0
    outer loop
      vertex 19.7481 10.5284 3.85
      vertex 19.9074 10.3207 6.45
      vertex 19.9074 10.3207 3.85
    endloop
  endfacet
  facet normal 0.737202 0.675673 0
    outer loop
      vertex 19.7481 10.5284 6.45
      vertex 19.5713 10.7213 3.85
      vertex 19.5713 10.7213 6.45
    endloop
  endfacet
  facet normal 0.737202 0.675673 0
    outer loop
      vertex 19.5713 10.7213 3.85
      vertex 19.7481 10.5284 6.45
      vertex 19.7481 10.5284 3.85
    endloop
  endfacet
  facet normal 0.675482 0.737376 -0
    outer loop
      vertex 19.5713 10.7213 3.85
      vertex 19.3783 10.8981 6.45
      vertex 19.5713 10.7213 6.45
    endloop
  endfacet
  facet normal 0.675482 0.737376 0
    outer loop
      vertex 19.3783 10.8981 6.45
      vertex 19.5713 10.7213 3.85
      vertex 19.3783 10.8981 3.85
    endloop
  endfacet
  facet normal 0.608768 0.793348 -0
    outer loop
      vertex 19.3783 10.8981 3.85
      vertex 19.1707 11.0574 6.45
      vertex 19.3783 10.8981 6.45
    endloop
  endfacet
  facet normal 0.608768 0.793348 0
    outer loop
      vertex 19.1707 11.0574 6.45
      vertex 19.3783 10.8981 3.85
      vertex 19.1707 11.0574 3.85
    endloop
  endfacet
  facet normal 0.537568 0.843221 -0
    outer loop
      vertex 19.1707 11.0574 3.85
      vertex 18.95 11.1981 6.45
      vertex 19.1707 11.0574 6.45
    endloop
  endfacet
  facet normal 0.537568 0.843221 0
    outer loop
      vertex 18.95 11.1981 6.45
      vertex 19.1707 11.0574 3.85
      vertex 18.95 11.1981 3.85
    endloop
  endfacet
  facet normal 0.461521 0.887129 -0
    outer loop
      vertex 18.95 11.1981 3.85
      vertex 18.7178 11.3189 6.45
      vertex 18.95 11.1981 6.45
    endloop
  endfacet
  facet normal 0.461521 0.887129 0
    outer loop
      vertex 18.7178 11.3189 6.45
      vertex 18.95 11.1981 3.85
      vertex 18.7178 11.3189 3.85
    endloop
  endfacet
  facet normal 0.382959 0.923765 -0
    outer loop
      vertex 18.7178 11.3189 3.85
      vertex 18.4761 11.4191 6.45
      vertex 18.7178 11.3189 6.45
    endloop
  endfacet
  facet normal 0.382959 0.923765 0
    outer loop
      vertex 18.4761 11.4191 6.45
      vertex 18.7178 11.3189 3.85
      vertex 18.4761 11.4191 3.85
    endloop
  endfacet
  facet normal 0.300601 0.95375 -0
    outer loop
      vertex 18.4761 11.4191 3.85
      vertex 18.2264 11.4978 6.45
      vertex 18.4761 11.4191 6.45
    endloop
  endfacet
  facet normal 0.300601 0.95375 0
    outer loop
      vertex 18.2264 11.4978 6.45
      vertex 18.4761 11.4191 3.85
      vertex 18.2264 11.4978 3.85
    endloop
  endfacet
  facet normal 0.216283 0.976331 -0
    outer loop
      vertex 18.2264 11.4978 3.85
      vertex 17.9709 11.5544 6.45
      vertex 18.2264 11.4978 6.45
    endloop
  endfacet
  facet normal 0.216283 0.976331 0
    outer loop
      vertex 17.9709 11.5544 6.45
      vertex 18.2264 11.4978 3.85
      vertex 17.9709 11.5544 3.85
    endloop
  endfacet
  facet normal 0.130712 0.99142 -0
    outer loop
      vertex 17.9709 11.5544 3.85
      vertex 17.7115 11.5886 6.45
      vertex 17.9709 11.5544 6.45
    endloop
  endfacet
  facet normal 0.130712 0.99142 0
    outer loop
      vertex 17.7115 11.5886 6.45
      vertex 17.9709 11.5544 3.85
      vertex 17.7115 11.5886 3.85
    endloop
  endfacet
  facet normal 0.0435533 0.999051 -0
    outer loop
      vertex 17.7115 11.5886 3.85
      vertex 17.45 11.6 6.45
      vertex 17.7115 11.5886 6.45
    endloop
  endfacet
  facet normal 0.0435533 0.999051 0
    outer loop
      vertex 17.45 11.6 6.45
      vertex 17.7115 11.5886 3.85
      vertex 17.45 11.6 3.85
    endloop
  endfacet
  facet normal 0 1 0
    outer loop
      vertex 17.45 11.6 6.45
      vertex 17.45 11.6 3.85
      vertex -21.4983 11.6 6.45
    endloop
  endfacet
  facet normal 0 1 -0
    outer loop
      vertex -21.4983 11.6 6.45
      vertex -22.75 11.6 6.55
      vertex -21.4983 11.6 6.55
    endloop
  endfacet
  facet normal 0 1 0
    outer loop
      vertex -21.4983 11.6 6.45
      vertex -22.75 11.6 3.85
      vertex -22.75 11.6 6.55
    endloop
  endfacet
  facet normal 0 1 0
    outer loop
      vertex -22.75 11.6 3.85
      vertex -21.4983 11.6 6.45
      vertex 17.45 11.6 3.85
    endloop
  endfacet
  facet normal -0.0435533 0.999051 0
    outer loop
      vertex -22.75 11.6 3.85
      vertex -23.0115 11.5886 6.55
      vertex -22.75 11.6 6.55
    endloop
  endfacet
  facet normal -0.0435533 0.999051 0
    outer loop
      vertex -23.0115 11.5886 6.55
      vertex -22.75 11.6 3.85
      vertex -23.0115 11.5886 3.85
    endloop
  endfacet
  facet normal -0.130712 0.99142 0
    outer loop
      vertex -23.0115 11.5886 3.85
      vertex -23.2709 11.5544 6.55
      vertex -23.0115 11.5886 6.55
    endloop
  endfacet
  facet normal -0.130712 0.99142 0
    outer loop
      vertex -23.2709 11.5544 6.55
      vertex -23.0115 11.5886 3.85
      vertex -23.2709 11.5544 3.85
    endloop
  endfacet
  facet normal -0.216283 0.976331 0
    outer loop
      vertex -23.2709 11.5544 3.85
      vertex -23.5264 11.4978 6.55
      vertex -23.2709 11.5544 6.55
    endloop
  endfacet
  facet normal -0.216283 0.976331 0
    outer loop
      vertex -23.5264 11.4978 6.55
      vertex -23.2709 11.5544 3.85
      vertex -23.5264 11.4978 3.85
    endloop
  endfacet
  facet normal -0.300601 0.95375 0
    outer loop
      vertex -23.5264 11.4978 3.85
      vertex -23.7761 11.4191 6.55
      vertex -23.5264 11.4978 6.55
    endloop
  endfacet
  facet normal -0.300601 0.95375 0
    outer loop
      vertex -23.7761 11.4191 6.55
      vertex -23.5264 11.4978 3.85
      vertex -23.7761 11.4191 3.85
    endloop
  endfacet
  facet normal -0.382959 0.923765 0
    outer loop
      vertex -23.7761 11.4191 3.85
      vertex -24.0178 11.3189 6.55
      vertex -23.7761 11.4191 6.55
    endloop
  endfacet
  facet normal -0.382959 0.923765 0
    outer loop
      vertex -24.0178 11.3189 6.55
      vertex -23.7761 11.4191 3.85
      vertex -24.0178 11.3189 3.85
    endloop
  endfacet
  facet normal -0.461521 0.887129 0
    outer loop
      vertex -24.0178 11.3189 3.85
      vertex -24.25 11.1981 6.55
      vertex -24.0178 11.3189 6.55
    endloop
  endfacet
  facet normal -0.461521 0.887129 0
    outer loop
      vertex -24.25 11.1981 6.55
      vertex -24.0178 11.3189 3.85
      vertex -24.25 11.1981 3.85
    endloop
  endfacet
  facet normal -0.537568 0.843221 0
    outer loop
      vertex -24.25 11.1981 3.85
      vertex -24.4707 11.0574 6.55
      vertex -24.25 11.1981 6.55
    endloop
  endfacet
  facet normal -0.537568 0.843221 0
    outer loop
      vertex -24.4707 11.0574 6.55
      vertex -24.25 11.1981 3.85
      vertex -24.4707 11.0574 3.85
    endloop
  endfacet
  facet normal -0.608584 0.79349 0
    outer loop
      vertex -24.4707 11.0574 3.85
      vertex -24.6784 10.8981 6.55
      vertex -24.4707 11.0574 6.55
    endloop
  endfacet
  facet normal -0.608584 0.79349 0
    outer loop
      vertex -24.6784 10.8981 6.55
      vertex -24.4707 11.0574 3.85
      vertex -24.6784 10.8981 3.85
    endloop
  endfacet
  facet normal -0.675673 0.737202 0
    outer loop
      vertex -24.6784 10.8981 3.85
      vertex -24.8713 10.7213 6.55
      vertex -24.6784 10.8981 6.55
    endloop
  endfacet
  facet normal -0.675673 0.737202 0
    outer loop
      vertex -24.8713 10.7213 6.55
      vertex -24.6784 10.8981 3.85
      vertex -24.8713 10.7213 3.85
    endloop
  endfacet
  facet normal -0.737202 0.675673 0
    outer loop
      vertex -25.0481 10.5284 3.85
      vertex -24.8713 10.7213 6.55
      vertex -24.8713 10.7213 3.85
    endloop
  endfacet
  facet normal -0.737202 0.675673 0
    outer loop
      vertex -24.8713 10.7213 6.55
      vertex -25.0481 10.5284 3.85
      vertex -25.0481 10.5284 6.55
    endloop
  endfacet
  facet normal -0.79349 0.608584 0
    outer loop
      vertex -25.2074 10.3207 3.85
      vertex -25.0481 10.5284 6.55
      vertex -25.0481 10.5284 3.85
    endloop
  endfacet
  facet normal -0.79349 0.608584 0
    outer loop
      vertex -25.0481 10.5284 6.55
      vertex -25.2074 10.3207 3.85
      vertex -25.2074 10.3207 6.55
    endloop
  endfacet
  facet normal -0.843221 0.537568 0
    outer loop
      vertex -25.3481 10.1 3.85
      vertex -25.2074 10.3207 6.55
      vertex -25.2074 10.3207 3.85
    endloop
  endfacet
  facet normal -0.843221 0.537568 0
    outer loop
      vertex -25.2074 10.3207 6.55
      vertex -25.3481 10.1 3.85
      vertex -25.3481 10.1 6.55
    endloop
  endfacet
  facet normal -0.887097 0.461584 0
    outer loop
      vertex -25.4689 9.86784 3.85
      vertex -25.3481 10.1 6.55
      vertex -25.3481 10.1 3.85
    endloop
  endfacet
  facet normal -0.887097 0.461584 0
    outer loop
      vertex -25.3481 10.1 6.55
      vertex -25.4689 9.86784 3.85
      vertex -25.4689 9.86784 6.55
    endloop
  endfacet
  facet normal -0.923816 0.382838 0
    outer loop
      vertex -25.5691 9.62605 3.85
      vertex -25.4689 9.86784 6.55
      vertex -25.4689 9.86784 3.85
    endloop
  endfacet
  facet normal -0.923816 0.382838 0
    outer loop
      vertex -25.4689 9.86784 6.55
      vertex -25.5691 9.62605 3.85
      vertex -25.5691 9.62605 6.55
    endloop
  endfacet
  facet normal -0.953715 0.300711 0
    outer loop
      vertex -25.6478 9.37645 3.85
      vertex -25.5691 9.62605 6.55
      vertex -25.5691 9.62605 3.85
    endloop
  endfacet
  facet normal -0.953715 0.300711 0
    outer loop
      vertex -25.5691 9.62605 6.55
      vertex -25.6478 9.37645 3.85
      vertex -25.6478 9.37645 6.55
    endloop
  endfacet
  facet normal -0.976332 0.216275 0
    outer loop
      vertex -25.7044 9.12094 3.85
      vertex -25.6478 9.37645 6.55
      vertex -25.6478 9.37645 3.85
    endloop
  endfacet
  facet normal -0.976332 0.216275 0
    outer loop
      vertex -25.6478 9.37645 6.55
      vertex -25.7044 9.12094 3.85
      vertex -25.7044 9.12094 6.55
    endloop
  endfacet
  facet normal -0.991425 0.130677 0
    outer loop
      vertex -25.7386 8.86147 3.85
      vertex -25.7044 9.12094 6.55
      vertex -25.7044 9.12094 3.85
    endloop
  endfacet
  facet normal -0.991425 0.130677 0
    outer loop
      vertex -25.7044 9.12094 6.55
      vertex -25.7386 8.86147 3.85
      vertex -25.7386 8.86147 6.55
    endloop
  endfacet
  facet normal -0.999051 0.0435566 0
    outer loop
      vertex -25.75 8.59999 3.85
      vertex -25.7386 8.86147 6.55
      vertex -25.7386 8.86147 3.85
    endloop
  endfacet
  facet normal -0.999051 0.0435566 0
    outer loop
      vertex -25.7386 8.86147 6.55
      vertex -25.75 8.59999 3.85
      vertex -25.75 8.59999 6.55
    endloop
  endfacet
  facet normal -1 0 0
    outer loop
      vertex -25.75 8.59999 3.85
      vertex -25.75 8.51293 6.45
      vertex -25.75 8.59999 6.55
    endloop
  endfacet
  facet normal -1 0 0
    outer loop
      vertex -25.75 8.59999 3.85
      vertex -25.75 -8.51293 6.45
      vertex -25.75 8.51293 6.45
    endloop
  endfacet
  facet normal -1 0 0
    outer loop
      vertex -25.75 -8.59999 3.85
      vertex -25.75 -8.51293 6.45
      vertex -25.75 8.59999 3.85
    endloop
  endfacet
  facet normal -1 0 0
    outer loop
      vertex -25.75 -8.59999 6.55
      vertex -25.75 -8.51293 6.45
      vertex -25.75 -8.59999 3.85
    endloop
  endfacet
  facet normal -1 0 0
    outer loop
      vertex -25.75 -8.51293 6.45
      vertex -25.75 -8.59999 6.55
      vertex -25.75 -8.51293 6.55
    endloop
  endfacet
  facet normal -1 -0 0
    outer loop
      vertex -25.75 8.59999 6.55
      vertex -25.75 8.51293 6.45
      vertex -25.75 8.51293 6.55
    endloop
  endfacet
  facet normal -0.999051 -0.0435566 0
    outer loop
      vertex -25.7386 -8.86147 3.85
      vertex -25.75 -8.59999 6.55
      vertex -25.75 -8.59999 3.85
    endloop
  endfacet
  facet normal -0.999051 -0.0435566 0
    outer loop
      vertex -25.75 -8.59999 6.55
      vertex -25.7386 -8.86147 3.85
      vertex -25.7386 -8.86147 6.55
    endloop
  endfacet
  facet normal -0.991425 -0.130677 0
    outer loop
      vertex -25.7044 -9.12094 3.85
      vertex -25.7386 -8.86147 6.55
      vertex -25.7386 -8.86147 3.85
    endloop
  endfacet
  facet normal -0.991425 -0.130677 0
    outer loop
      vertex -25.7386 -8.86147 6.55
      vertex -25.7044 -9.12094 3.85
      vertex -25.7044 -9.12094 6.55
    endloop
  endfacet
  facet normal -0.976332 -0.216275 0
    outer loop
      vertex -25.6478 -9.37645 3.85
      vertex -25.7044 -9.12094 6.55
      vertex -25.7044 -9.12094 3.85
    endloop
  endfacet
  facet normal -0.976332 -0.216275 0
    outer loop
      vertex -25.7044 -9.12094 6.55
      vertex -25.6478 -9.37645 3.85
      vertex -25.6478 -9.37645 6.55
    endloop
  endfacet
  facet normal -0.953715 -0.300711 0
    outer loop
      vertex -25.5691 -9.62605 3.85
      vertex -25.6478 -9.37645 6.55
      vertex -25.6478 -9.37645 3.85
    endloop
  endfacet
  facet normal -0.953715 -0.300711 0
    outer loop
      vertex -25.6478 -9.37645 6.55
      vertex -25.5691 -9.62605 3.85
      vertex -25.5691 -9.62605 6.55
    endloop
  endfacet
  facet normal -0.923816 -0.382838 0
    outer loop
      vertex -25.4689 -9.86784 3.85
      vertex -25.5691 -9.62605 6.55
      vertex -25.5691 -9.62605 3.85
    endloop
  endfacet
  facet normal -0.923816 -0.382838 0
    outer loop
      vertex -25.5691 -9.62605 6.55
      vertex -25.4689 -9.86784 3.85
      vertex -25.4689 -9.86784 6.55
    endloop
  endfacet
  facet normal -0.887097 -0.461584 0
    outer loop
      vertex -25.3481 -10.1 3.85
      vertex -25.4689 -9.86784 6.55
      vertex -25.4689 -9.86784 3.85
    endloop
  endfacet
  facet normal -0.887097 -0.461584 0
    outer loop
      vertex -25.4689 -9.86784 6.55
      vertex -25.3481 -10.1 3.85
      vertex -25.3481 -10.1 6.55
    endloop
  endfacet
  facet normal -0.843221 -0.537568 0
    outer loop
      vertex -25.2074 -10.3207 3.85
      vertex -25.3481 -10.1 6.55
      vertex -25.3481 -10.1 3.85
    endloop
  endfacet
  facet normal -0.843221 -0.537568 0
    outer loop
      vertex -25.3481 -10.1 6.55
      vertex -25.2074 -10.3207 3.85
      vertex -25.2074 -10.3207 6.55
    endloop
  endfacet
  facet normal -0.79349 -0.608584 0
    outer loop
      vertex -25.0481 -10.5284 3.85
      vertex -25.2074 -10.3207 6.55
      vertex -25.2074 -10.3207 3.85
    endloop
  endfacet
  facet normal -0.79349 -0.608584 0
    outer loop
      vertex -25.2074 -10.3207 6.55
      vertex -25.0481 -10.5284 3.85
      vertex -25.0481 -10.5284 6.55
    endloop
  endfacet
  facet normal -0.737202 -0.675673 0
    outer loop
      vertex -24.8713 -10.7213 3.85
      vertex -25.0481 -10.5284 6.55
      vertex -25.0481 -10.5284 3.85
    endloop
  endfacet
  facet normal -0.737202 -0.675673 0
    outer loop
      vertex -25.0481 -10.5284 6.55
      vertex -24.8713 -10.7213 3.85
      vertex -24.8713 -10.7213 6.55
    endloop
  endfacet
  facet normal -0.675673 -0.737202 0
    outer loop
      vertex -24.8713 -10.7213 3.85
      vertex -24.6784 -10.8981 6.55
      vertex -24.8713 -10.7213 6.55
    endloop
  endfacet
  facet normal -0.675673 -0.737202 -0
    outer loop
      vertex -24.6784 -10.8981 6.55
      vertex -24.8713 -10.7213 3.85
      vertex -24.6784 -10.8981 3.85
    endloop
  endfacet
  facet normal -0.608584 -0.79349 0
    outer loop
      vertex -24.6784 -10.8981 3.85
      vertex -24.4707 -11.0574 6.55
      vertex -24.6784 -10.8981 6.55
    endloop
  endfacet
  facet normal -0.608584 -0.79349 -0
    outer loop
      vertex -24.4707 -11.0574 6.55
      vertex -24.6784 -10.8981 3.85
      vertex -24.4707 -11.0574 3.85
    endloop
  endfacet
  facet normal -0.537568 -0.843221 0
    outer loop
      vertex -24.4707 -11.0574 3.85
      vertex -24.25 -11.1981 6.55
      vertex -24.4707 -11.0574 6.55
    endloop
  endfacet
  facet normal -0.537568 -0.843221 -0
    outer loop
      vertex -24.25 -11.1981 6.55
      vertex -24.4707 -11.0574 3.85
      vertex -24.25 -11.1981 3.85
    endloop
  endfacet
  facet normal -0.461521 -0.887129 0
    outer loop
      vertex -24.25 -11.1981 3.85
      vertex -24.0178 -11.3189 6.55
      vertex -24.25 -11.1981 6.55
    endloop
  endfacet
  facet normal -0.461521 -0.887129 -0
    outer loop
      vertex -24.0178 -11.3189 6.55
      vertex -24.25 -11.1981 3.85
      vertex -24.0178 -11.3189 3.85
    endloop
  endfacet
  facet normal -0.382959 -0.923765 0
    outer loop
      vertex -24.0178 -11.3189 3.85
      vertex -23.7761 -11.4191 6.55
      vertex -24.0178 -11.3189 6.55
    endloop
  endfacet
  facet normal -0.382959 -0.923765 -0
    outer loop
      vertex -23.7761 -11.4191 6.55
      vertex -24.0178 -11.3189 3.85
      vertex -23.7761 -11.4191 3.85
    endloop
  endfacet
  facet normal -0.300601 -0.95375 0
    outer loop
      vertex -23.7761 -11.4191 3.85
      vertex -23.5264 -11.4978 6.55
      vertex -23.7761 -11.4191 6.55
    endloop
  endfacet
  facet normal -0.300601 -0.95375 -0
    outer loop
      vertex -23.5264 -11.4978 6.55
      vertex -23.7761 -11.4191 3.85
      vertex -23.5264 -11.4978 3.85
    endloop
  endfacet
  facet normal -0.216283 -0.976331 0
    outer loop
      vertex -23.5264 -11.4978 3.85
      vertex -23.2709 -11.5544 6.55
      vertex -23.5264 -11.4978 6.55
    endloop
  endfacet
  facet normal -0.216283 -0.976331 -0
    outer loop
      vertex -23.2709 -11.5544 6.55
      vertex -23.5264 -11.4978 3.85
      vertex -23.2709 -11.5544 3.85
    endloop
  endfacet
  facet normal -0.130712 -0.99142 0
    outer loop
      vertex -23.2709 -11.5544 3.85
      vertex -23.0115 -11.5886 6.55
      vertex -23.2709 -11.5544 6.55
    endloop
  endfacet
  facet normal -0.130712 -0.99142 -0
    outer loop
      vertex -23.0115 -11.5886 6.55
      vertex -23.2709 -11.5544 3.85
      vertex -23.0115 -11.5886 3.85
    endloop
  endfacet
  facet normal -0.0435533 -0.999051 0
    outer loop
      vertex -23.0115 -11.5886 3.85
      vertex -22.75 -11.6 6.55
      vertex -23.0115 -11.5886 6.55
    endloop
  endfacet
  facet normal -0.0435533 -0.999051 -0
    outer loop
      vertex -22.75 -11.6 6.55
      vertex -23.0115 -11.5886 3.85
      vertex -22.75 -11.6 3.85
    endloop
  endfacet
  facet normal 0 -1 0
    outer loop
      vertex -22.75 -11.6 6.55
      vertex -21.4983 -11.6 6.45
      vertex -21.4983 -11.6 6.55
    endloop
  endfacet
  facet normal 0 -1 0
    outer loop
      vertex -22.75 -11.6 3.85
      vertex -21.4983 -11.6 6.45
      vertex -22.75 -11.6 6.55
    endloop
  endfacet
  facet normal 0 -1 0
    outer loop
      vertex 17.45 -11.6 3.85
      vertex -21.4983 -11.6 6.45
      vertex -22.75 -11.6 3.85
    endloop
  endfacet
  facet normal 0 -1 0
    outer loop
      vertex -21.4983 -11.6 6.45
      vertex 17.45 -11.6 3.85
      vertex 17.45 -11.6 6.45
    endloop
  endfacet
  facet normal 0.0435533 -0.999051 0
    outer loop
      vertex 17.45 -11.6 3.85
      vertex 17.7115 -11.5886 6.45
      vertex 17.45 -11.6 6.45
    endloop
  endfacet
  facet normal 0.0435533 -0.999051 0
    outer loop
      vertex 17.7115 -11.5886 6.45
      vertex 17.45 -11.6 3.85
      vertex 17.7115 -11.5886 3.85
    endloop
  endfacet
  facet normal 0.0435914 0.999049 -0
    outer loop
      vertex -20.55 -9.39999 3.85
      vertex -20.8115 -9.38858 6.45
      vertex -20.55 -9.39999 6.45
    endloop
  endfacet
  facet normal 0.0435914 0.999049 0
    outer loop
      vertex -20.8115 -9.38858 6.45
      vertex -20.55 -9.39999 3.85
      vertex -20.8115 -9.38858 3.85
    endloop
  endfacet
  facet normal 0.130561 0.99144 -0
    outer loop
      vertex -20.8115 -9.38858 3.85
      vertex -21.0709 -9.35442 6.45
      vertex -20.8115 -9.38858 6.45
    endloop
  endfacet
  facet normal 0.130561 0.99144 0
    outer loop
      vertex -21.0709 -9.35442 6.45
      vertex -20.8115 -9.38858 3.85
      vertex -21.0709 -9.35442 3.85
    endloop
  endfacet
  facet normal 0.216348 0.976316 -0
    outer loop
      vertex -21.0709 -9.35442 3.85
      vertex -21.3265 -9.29778 6.45
      vertex -21.0709 -9.35442 6.45
    endloop
  endfacet
  facet normal 0.216348 0.976316 0
    outer loop
      vertex -21.3265 -9.29778 6.45
      vertex -21.0709 -9.35442 3.85
      vertex -21.3265 -9.29778 3.85
    endloop
  endfacet
  facet normal 0.300745 0.953704 -0
    outer loop
      vertex -21.3265 -9.29778 3.85
      vertex -21.5761 -9.21907 6.45
      vertex -21.3265 -9.29778 6.45
    endloop
  endfacet
  facet normal 0.300745 0.953704 0
    outer loop
      vertex -21.5761 -9.21907 6.45
      vertex -21.3265 -9.29778 3.85
      vertex -21.5761 -9.21907 3.85
    endloop
  endfacet
  facet normal 0.382829 0.923819 -0
    outer loop
      vertex -21.5761 -9.21907 3.85
      vertex -21.8178 -9.11891 6.45
      vertex -21.5761 -9.21907 6.45
    endloop
  endfacet
  facet normal 0.382829 0.923819 0
    outer loop
      vertex -21.8178 -9.11891 6.45
      vertex -21.5761 -9.21907 3.85
      vertex -21.8178 -9.11891 3.85
    endloop
  endfacet
  facet normal 0.461611 0.887082 -0
    outer loop
      vertex -21.8178 -9.11891 3.85
      vertex -22.05 -8.99808 6.45
      vertex -21.8178 -9.11891 6.45
    endloop
  endfacet
  facet normal 0.461611 0.887082 0
    outer loop
      vertex -22.05 -8.99808 6.45
      vertex -21.8178 -9.11891 3.85
      vertex -22.05 -8.99808 3.85
    endloop
  endfacet
  facet normal 0.537377 0.843342 -0
    outer loop
      vertex -22.05 -8.99808 3.85
      vertex -22.2707 -8.85745 6.45
      vertex -22.05 -8.99808 6.45
    endloop
  endfacet
  facet normal 0.537377 0.843342 0
    outer loop
      vertex -22.2707 -8.85745 6.45
      vertex -22.05 -8.99808 3.85
      vertex -22.2707 -8.85745 3.85
    endloop
  endfacet
  facet normal 0.608656 0.793434 -0
    outer loop
      vertex -22.2707 -8.85745 3.85
      vertex -22.4784 -8.69812 6.45
      vertex -22.2707 -8.85745 6.45
    endloop
  endfacet
  facet normal 0.608656 0.793434 0
    outer loop
      vertex -22.4784 -8.69812 6.45
      vertex -22.2707 -8.85745 3.85
      vertex -22.4784 -8.69812 3.85
    endloop
  endfacet
  facet normal 0.675673 0.737202 -0
    outer loop
      vertex -22.4784 -8.69812 3.85
      vertex -22.6713 -8.52132 6.45
      vertex -22.4784 -8.69812 6.45
    endloop
  endfacet
  facet normal 0.675673 0.737202 0
    outer loop
      vertex -22.6713 -8.52132 6.45
      vertex -22.4784 -8.69812 3.85
      vertex -22.6713 -8.52132 3.85
    endloop
  endfacet
  facet normal 0.737324 0.675539 0
    outer loop
      vertex -22.6713 -8.52132 6.45
      vertex -22.8481 -8.32835 3.85
      vertex -22.8481 -8.32835 6.45
    endloop
  endfacet
  facet normal 0.737324 0.675539 0
    outer loop
      vertex -22.8481 -8.32835 3.85
      vertex -22.6713 -8.52132 6.45
      vertex -22.6713 -8.52132 3.85
    endloop
  endfacet
  facet normal 0.793192 0.608972 0
    outer loop
      vertex -22.8481 -8.32835 6.45
      vertex -23.0075 -8.12073 3.85
      vertex -23.0075 -8.12073 6.45
    endloop
  endfacet
  facet normal 0.793192 0.608972 0
    outer loop
      vertex -23.0075 -8.12073 3.85
      vertex -22.8481 -8.32835 6.45
      vertex -22.8481 -8.32835 3.85
    endloop
  endfacet
  facet normal 0.843438 0.537227 0
    outer loop
      vertex -23.0075 -8.12073 6.45
      vertex -23.1481 -7.89999 3.85
      vertex -23.1481 -7.89999 6.45
    endloop
  endfacet
  facet normal 0.843438 0.537227 0
    outer loop
      vertex -23.1481 -7.89999 3.85
      vertex -23.0075 -8.12073 6.45
      vertex -23.0075 -8.12073 3.85
    endloop
  endfacet
  facet normal 0.88708 0.461615 0
    outer loop
      vertex -23.1481 -7.89999 6.45
      vertex -23.2689 -7.66785 3.85
      vertex -23.2689 -7.66785 6.45
    endloop
  endfacet
  facet normal 0.88708 0.461615 0
    outer loop
      vertex -23.2689 -7.66785 3.85
      vertex -23.1481 -7.89999 6.45
      vertex -23.1481 -7.89999 3.85
    endloop
  endfacet
  facet normal 0.923816 0.382838 0
    outer loop
      vertex -23.2689 -7.66785 6.45
      vertex -23.3691 -7.42606 3.85
      vertex -23.3691 -7.42606 6.45
    endloop
  endfacet
  facet normal 0.923816 0.382838 0
    outer loop
      vertex -23.3691 -7.42606 3.85
      vertex -23.2689 -7.66785 6.45
      vertex -23.2689 -7.66785 3.85
    endloop
  endfacet
  facet normal 0.953719 0.3007 0
    outer loop
      vertex -23.3691 -7.42606 6.45
      vertex -23.4478 -7.17645 3.85
      vertex -23.4478 -7.17645 6.45
    endloop
  endfacet
  facet normal 0.953719 0.3007 0
    outer loop
      vertex -23.4478 -7.17645 3.85
      vertex -23.3691 -7.42606 6.45
      vertex -23.3691 -7.42606 3.85
    endloop
  endfacet
  facet normal 0.976332 0.216275 0
    outer loop
      vertex -23.4478 -7.17645 6.45
      vertex -23.5044 -6.92094 3.85
      vertex -23.5044 -6.92094 6.45
    endloop
  endfacet
  facet normal 0.976332 0.216275 0
    outer loop
      vertex -23.5044 -6.92094 3.85
      vertex -23.4478 -7.17645 6.45
      vertex -23.4478 -7.17645 3.85
    endloop
  endfacet
  facet normal 0.991425 0.130677 0
    outer loop
      vertex -23.5044 -6.92094 6.45
      vertex -23.5386 -6.66147 3.85
      vertex -23.5386 -6.66147 6.45
    endloop
  endfacet
  facet normal 0.991425 0.130677 0
    outer loop
      vertex -23.5386 -6.66147 3.85
      vertex -23.5044 -6.92094 6.45
      vertex -23.5044 -6.92094 3.85
    endloop
  endfacet
  facet normal 0.999051 0.0435566 0
    outer loop
      vertex -23.5386 -6.66147 6.45
      vertex -23.55 -6.39999 3.85
      vertex -23.55 -6.39999 6.45
    endloop
  endfacet
  facet normal 0.999051 0.0435566 0
    outer loop
      vertex -23.55 -6.39999 3.85
      vertex -23.5386 -6.66147 6.45
      vertex -23.5386 -6.66147 3.85
    endloop
  endfacet
  facet normal 1 -0 0
    outer loop
      vertex -23.55 -6.39999 6.45
      vertex -23.55 6.39999 3.85
      vertex -23.55 6.39999 6.45
    endloop
  endfacet
  facet normal 1 0 0
    outer loop
      vertex -23.55 6.39999 3.85
      vertex -23.55 -6.39999 6.45
      vertex -23.55 -6.39999 3.85
    endloop
  endfacet
  facet normal 0.999051 -0.0435566 0
    outer loop
      vertex -23.55 6.39999 6.45
      vertex -23.5386 6.66147 3.85
      vertex -23.5386 6.66147 6.45
    endloop
  endfacet
  facet normal 0.999051 -0.0435566 0
    outer loop
      vertex -23.5386 6.66147 3.85
      vertex -23.55 6.39999 6.45
      vertex -23.55 6.39999 3.85
    endloop
  endfacet
  facet normal 0.991425 -0.130677 0
    outer loop
      vertex -23.5386 6.66147 6.45
      vertex -23.5044 6.92094 3.85
      vertex -23.5044 6.92094 6.45
    endloop
  endfacet
  facet normal 0.991425 -0.130677 0
    outer loop
      vertex -23.5044 6.92094 3.85
      vertex -23.5386 6.66147 6.45
      vertex -23.5386 6.66147 3.85
    endloop
  endfacet
  facet normal 0.976332 -0.216275 0
    outer loop
      vertex -23.5044 6.92094 6.45
      vertex -23.4478 7.17645 3.85
      vertex -23.4478 7.17645 6.45
    endloop
  endfacet
  facet normal 0.976332 -0.216275 0
    outer loop
      vertex -23.4478 7.17645 3.85
      vertex -23.5044 6.92094 6.45
      vertex -23.5044 6.92094 3.85
    endloop
  endfacet
  facet normal 0.953719 -0.3007 0
    outer loop
      vertex -23.4478 7.17645 6.45
      vertex -23.3691 7.42606 3.85
      vertex -23.3691 7.42606 6.45
    endloop
  endfacet
  facet normal 0.953719 -0.3007 0
    outer loop
      vertex -23.3691 7.42606 3.85
      vertex -23.4478 7.17645 6.45
      vertex -23.4478 7.17645 3.85
    endloop
  endfacet
  facet normal 0.923816 -0.382838 0
    outer loop
      vertex -23.3691 7.42606 6.45
      vertex -23.2689 7.66785 3.85
      vertex -23.2689 7.66785 6.45
    endloop
  endfacet
  facet normal 0.923816 -0.382838 0
    outer loop
      vertex -23.2689 7.66785 3.85
      vertex -23.3691 7.42606 6.45
      vertex -23.3691 7.42606 3.85
    endloop
  endfacet
  facet normal 0.88708 -0.461615 0
    outer loop
      vertex -23.2689 7.66785 6.45
      vertex -23.1481 7.89999 3.85
      vertex -23.1481 7.89999 6.45
    endloop
  endfacet
  facet normal 0.88708 -0.461615 0
    outer loop
      vertex -23.1481 7.89999 3.85
      vertex -23.2689 7.66785 6.45
      vertex -23.2689 7.66785 3.85
    endloop
  endfacet
  facet normal 0.843438 -0.537227 0
    outer loop
      vertex -23.1481 7.89999 6.45
      vertex -23.0075 8.12073 3.85
      vertex -23.0075 8.12073 6.45
    endloop
  endfacet
  facet normal 0.843438 -0.537227 0
    outer loop
      vertex -23.0075 8.12073 3.85
      vertex -23.1481 7.89999 6.45
      vertex -23.1481 7.89999 3.85
    endloop
  endfacet
  facet normal 0.793192 -0.608972 0
    outer loop
      vertex -23.0075 8.12073 6.45
      vertex -22.8481 8.32835 3.85
      vertex -22.8481 8.32835 6.45
    endloop
  endfacet
  facet normal 0.793192 -0.608972 0
    outer loop
      vertex -22.8481 8.32835 3.85
      vertex -23.0075 8.12073 6.45
      vertex -23.0075 8.12073 3.85
    endloop
  endfacet
  facet normal 0.737324 -0.675539 0
    outer loop
      vertex -22.8481 8.32835 6.45
      vertex -22.6713 8.52132 3.85
      vertex -22.6713 8.52132 6.45
    endloop
  endfacet
  facet normal 0.737324 -0.675539 0
    outer loop
      vertex -22.6713 8.52132 3.85
      vertex -22.8481 8.32835 6.45
      vertex -22.8481 8.32835 3.85
    endloop
  endfacet
  facet normal 0.675673 -0.737202 0
    outer loop
      vertex -22.6713 8.52132 3.85
      vertex -22.4784 8.69812 6.45
      vertex -22.6713 8.52132 6.45
    endloop
  endfacet
  facet normal 0.675673 -0.737202 0
    outer loop
      vertex -22.4784 8.69812 6.45
      vertex -22.6713 8.52132 3.85
      vertex -22.4784 8.69812 3.85
    endloop
  endfacet
  facet normal 0.608656 -0.793434 0
    outer loop
      vertex -22.4784 8.69812 3.85
      vertex -22.2707 8.85745 6.45
      vertex -22.4784 8.69812 6.45
    endloop
  endfacet
  facet normal 0.608656 -0.793434 0
    outer loop
      vertex -22.2707 8.85745 6.45
      vertex -22.4784 8.69812 3.85
      vertex -22.2707 8.85745 3.85
    endloop
  endfacet
  facet normal 0.537377 -0.843342 0
    outer loop
      vertex -22.2707 8.85745 3.85
      vertex -22.05 8.99808 6.45
      vertex -22.2707 8.85745 6.45
    endloop
  endfacet
  facet normal 0.537377 -0.843342 0
    outer loop
      vertex -22.05 8.99808 6.45
      vertex -22.2707 8.85745 3.85
      vertex -22.05 8.99808 3.85
    endloop
  endfacet
  facet normal 0.461611 -0.887082 0
    outer loop
      vertex -22.05 8.99808 3.85
      vertex -21.8178 9.11891 6.45
      vertex -22.05 8.99808 6.45
    endloop
  endfacet
  facet normal 0.461611 -0.887082 0
    outer loop
      vertex -21.8178 9.11891 6.45
      vertex -22.05 8.99808 3.85
      vertex -21.8178 9.11891 3.85
    endloop
  endfacet
  facet normal 0.382829 -0.923819 0
    outer loop
      vertex -21.8178 9.11891 3.85
      vertex -21.5761 9.21907 6.45
      vertex -21.8178 9.11891 6.45
    endloop
  endfacet
  facet normal 0.382829 -0.923819 0
    outer loop
      vertex -21.5761 9.21907 6.45
      vertex -21.8178 9.11891 3.85
      vertex -21.5761 9.21907 3.85
    endloop
  endfacet
  facet normal 0.300745 -0.953704 0
    outer loop
      vertex -21.5761 9.21907 3.85
      vertex -21.3265 9.29778 6.45
      vertex -21.5761 9.21907 6.45
    endloop
  endfacet
  facet normal 0.300745 -0.953704 0
    outer loop
      vertex -21.3265 9.29778 6.45
      vertex -21.5761 9.21907 3.85
      vertex -21.3265 9.29778 3.85
    endloop
  endfacet
  facet normal 0.216348 -0.976316 0
    outer loop
      vertex -21.3265 9.29778 3.85
      vertex -21.0709 9.35442 6.45
      vertex -21.3265 9.29778 6.45
    endloop
  endfacet
  facet normal 0.216348 -0.976316 0
    outer loop
      vertex -21.0709 9.35442 6.45
      vertex -21.3265 9.29778 3.85
      vertex -21.0709 9.35442 3.85
    endloop
  endfacet
  facet normal 0.130561 -0.99144 0
    outer loop
      vertex -21.0709 9.35442 3.85
      vertex -20.8115 9.38858 6.45
      vertex -21.0709 9.35442 6.45
    endloop
  endfacet
  facet normal 0.130561 -0.99144 0
    outer loop
      vertex -20.8115 9.38858 6.45
      vertex -21.0709 9.35442 3.85
      vertex -20.8115 9.38858 3.85
    endloop
  endfacet
  facet normal 0.0435914 -0.999049 0
    outer loop
      vertex -20.8115 9.38858 3.85
      vertex -20.55 9.39999 6.45
      vertex -20.8115 9.38858 6.45
    endloop
  endfacet
  facet normal 0.0435914 -0.999049 0
    outer loop
      vertex -20.55 9.39999 6.45
      vertex -20.8115 9.38858 3.85
      vertex -20.55 9.39999 3.85
    endloop
  endfacet
  facet normal 0 -1 0
    outer loop
      vertex -20.55 9.39999 3.85
      vertex 15.25 9.39999 6.45
      vertex -20.55 9.39999 6.45
    endloop
  endfacet
  facet normal 0 -1 -0
    outer loop
      vertex 15.25 9.39999 6.45
      vertex -20.55 9.39999 3.85
      vertex 15.25 9.39999 3.85
    endloop
  endfacet
  facet normal -0.0435914 -0.999049 0
    outer loop
      vertex 15.25 9.39999 3.85
      vertex 15.5115 9.38858 6.45
      vertex 15.25 9.39999 6.45
    endloop
  endfacet
  facet normal -0.0435914 -0.999049 -0
    outer loop
      vertex 15.5115 9.38858 6.45
      vertex 15.25 9.39999 3.85
      vertex 15.5115 9.38858 3.85
    endloop
  endfacet
  facet normal -0.130561 -0.99144 0
    outer loop
      vertex 15.5115 9.38858 3.85
      vertex 15.7709 9.35442 6.45
      vertex 15.5115 9.38858 6.45
    endloop
  endfacet
  facet normal -0.130561 -0.99144 -0
    outer loop
      vertex 15.7709 9.35442 6.45
      vertex 15.5115 9.38858 3.85
      vertex 15.7709 9.35442 3.85
    endloop
  endfacet
  facet normal -0.216348 -0.976316 0
    outer loop
      vertex 15.7709 9.35442 3.85
      vertex 16.0265 9.29778 6.45
      vertex 15.7709 9.35442 6.45
    endloop
  endfacet
  facet normal -0.216348 -0.976316 -0
    outer loop
      vertex 16.0265 9.29778 6.45
      vertex 15.7709 9.35442 3.85
      vertex 16.0265 9.29778 3.85
    endloop
  endfacet
  facet normal -0.300745 -0.953704 0
    outer loop
      vertex 16.0265 9.29778 3.85
      vertex 16.2761 9.21907 6.45
      vertex 16.0265 9.29778 6.45
    endloop
  endfacet
  facet normal -0.300745 -0.953704 -0
    outer loop
      vertex 16.2761 9.21907 6.45
      vertex 16.0265 9.29778 3.85
      vertex 16.2761 9.21907 3.85
    endloop
  endfacet
  facet normal -0.382829 -0.923819 0
    outer loop
      vertex 16.2761 9.21907 3.85
      vertex 16.5178 9.11891 6.45
      vertex 16.2761 9.21907 6.45
    endloop
  endfacet
  facet normal -0.382829 -0.923819 -0
    outer loop
      vertex 16.5178 9.11891 6.45
      vertex 16.2761 9.21907 3.85
      vertex 16.5178 9.11891 3.85
    endloop
  endfacet
  facet normal -0.461611 -0.887082 0
    outer loop
      vertex 16.5178 9.11891 3.85
      vertex 16.75 8.99808 6.45
      vertex 16.5178 9.11891 6.45
    endloop
  endfacet
  facet normal -0.461611 -0.887082 -0
    outer loop
      vertex 16.75 8.99808 6.45
      vertex 16.5178 9.11891 3.85
      vertex 16.75 8.99808 3.85
    endloop
  endfacet
  facet normal -0.537377 -0.843342 0
    outer loop
      vertex 16.75 8.99808 3.85
      vertex 16.9707 8.85745 6.45
      vertex 16.75 8.99808 6.45
    endloop
  endfacet
  facet normal -0.537377 -0.843342 -0
    outer loop
      vertex 16.9707 8.85745 6.45
      vertex 16.75 8.99808 3.85
      vertex 16.9707 8.85745 3.85
    endloop
  endfacet
  facet normal -0.608656 -0.793434 0
    outer loop
      vertex 16.9707 8.85745 3.85
      vertex 17.1784 8.69812 6.45
      vertex 16.9707 8.85745 6.45
    endloop
  endfacet
  facet normal -0.608656 -0.793434 -0
    outer loop
      vertex 17.1784 8.69812 6.45
      vertex 16.9707 8.85745 3.85
      vertex 17.1784 8.69812 3.85
    endloop
  endfacet
  facet normal -0.675673 -0.737202 0
    outer loop
      vertex 17.1784 8.69812 3.85
      vertex 17.3713 8.52132 6.45
      vertex 17.1784 8.69812 6.45
    endloop
  endfacet
  facet normal -0.675673 -0.737202 -0
    outer loop
      vertex 17.3713 8.52132 6.45
      vertex 17.1784 8.69812 3.85
      vertex 17.3713 8.52132 3.85
    endloop
  endfacet
  facet normal -0.737324 -0.675539 0
    outer loop
      vertex 17.5481 8.32835 3.85
      vertex 17.3713 8.52132 6.45
      vertex 17.3713 8.52132 3.85
    endloop
  endfacet
  facet normal -0.737324 -0.675539 0
    outer loop
      vertex 17.3713 8.52132 6.45
      vertex 17.5481 8.32835 3.85
      vertex 17.5481 8.32835 6.45
    endloop
  endfacet
  facet normal -0.793192 -0.608972 0
    outer loop
      vertex 17.7075 8.12073 3.85
      vertex 17.5481 8.32835 6.45
      vertex 17.5481 8.32835 3.85
    endloop
  endfacet
  facet normal -0.793192 -0.608972 0
    outer loop
      vertex 17.5481 8.32835 6.45
      vertex 17.7075 8.12073 3.85
      vertex 17.7075 8.12073 6.45
    endloop
  endfacet
  facet normal -0.843438 -0.537227 0
    outer loop
      vertex 17.8481 7.89999 3.85
      vertex 17.7075 8.12073 6.45
      vertex 17.7075 8.12073 3.85
    endloop
  endfacet
  facet normal -0.843438 -0.537227 0
    outer loop
      vertex 17.7075 8.12073 6.45
      vertex 17.8481 7.89999 3.85
      vertex 17.8481 7.89999 6.45
    endloop
  endfacet
  facet normal -0.88708 -0.461615 0
    outer loop
      vertex 17.9689 7.66785 3.85
      vertex 17.8481 7.89999 6.45
      vertex 17.8481 7.89999 3.85
    endloop
  endfacet
  facet normal -0.88708 -0.461615 0
    outer loop
      vertex 17.8481 7.89999 6.45
      vertex 17.9689 7.66785 3.85
      vertex 17.9689 7.66785 6.45
    endloop
  endfacet
  facet normal -0.923816 -0.382838 0
    outer loop
      vertex 18.0691 7.42606 3.85
      vertex 17.9689 7.66785 6.45
      vertex 17.9689 7.66785 3.85
    endloop
  endfacet
  facet normal -0.923816 -0.382838 0
    outer loop
      vertex 17.9689 7.66785 6.45
      vertex 18.0691 7.42606 3.85
      vertex 18.0691 7.42606 6.45
    endloop
  endfacet
  facet normal -0.953719 -0.3007 0
    outer loop
      vertex 18.1478 7.17645 3.85
      vertex 18.0691 7.42606 6.45
      vertex 18.0691 7.42606 3.85
    endloop
  endfacet
  facet normal -0.953719 -0.3007 0
    outer loop
      vertex 18.0691 7.42606 6.45
      vertex 18.1478 7.17645 3.85
      vertex 18.1478 7.17645 6.45
    endloop
  endfacet
  facet normal -0.976332 -0.216275 0
    outer loop
      vertex 18.2044 6.92094 3.85
      vertex 18.1478 7.17645 6.45
      vertex 18.1478 7.17645 3.85
    endloop
  endfacet
  facet normal -0.976332 -0.216275 0
    outer loop
      vertex 18.1478 7.17645 6.45
      vertex 18.2044 6.92094 3.85
      vertex 18.2044 6.92094 6.45
    endloop
  endfacet
  facet normal -0.991425 -0.130677 0
    outer loop
      vertex 18.2386 6.66147 3.85
      vertex 18.2044 6.92094 6.45
      vertex 18.2044 6.92094 3.85
    endloop
  endfacet
  facet normal -0.991425 -0.130677 0
    outer loop
      vertex 18.2044 6.92094 6.45
      vertex 18.2386 6.66147 3.85
      vertex 18.2386 6.66147 6.45
    endloop
  endfacet
  facet normal -0.999051 -0.0435566 0
    outer loop
      vertex 18.25 6.39999 3.85
      vertex 18.2386 6.66147 6.45
      vertex 18.2386 6.66147 3.85
    endloop
  endfacet
  facet normal -0.999051 -0.0435566 0
    outer loop
      vertex 18.2386 6.66147 6.45
      vertex 18.25 6.39999 3.85
      vertex 18.25 6.39999 6.45
    endloop
  endfacet
  facet normal -1 0 0
    outer loop
      vertex 18.25 -6.39999 3.85
      vertex 18.25 6.39999 6.45
      vertex 18.25 6.39999 3.85
    endloop
  endfacet
  facet normal -1 -0 0
    outer loop
      vertex 18.25 6.39999 6.45
      vertex 18.25 -6.39999 3.85
      vertex 18.25 -6.39999 6.45
    endloop
  endfacet
  facet normal -0.999051 0.0435566 0
    outer loop
      vertex 18.2386 -6.66147 3.85
      vertex 18.25 -6.39999 6.45
      vertex 18.25 -6.39999 3.85
    endloop
  endfacet
  facet normal -0.999051 0.0435566 0
    outer loop
      vertex 18.25 -6.39999 6.45
      vertex 18.2386 -6.66147 3.85
      vertex 18.2386 -6.66147 6.45
    endloop
  endfacet
  facet normal -0.991425 0.130677 0
    outer loop
      vertex 18.2044 -6.92094 3.85
      vertex 18.2386 -6.66147 6.45
      vertex 18.2386 -6.66147 3.85
    endloop
  endfacet
  facet normal -0.991425 0.130677 0
    outer loop
      vertex 18.2386 -6.66147 6.45
      vertex 18.2044 -6.92094 3.85
      vertex 18.2044 -6.92094 6.45
    endloop
  endfacet
  facet normal -0.976332 0.216275 0
    outer loop
      vertex 18.1478 -7.17645 3.85
      vertex 18.2044 -6.92094 6.45
      vertex 18.2044 -6.92094 3.85
    endloop
  endfacet
  facet normal -0.976332 0.216275 0
    outer loop
      vertex 18.2044 -6.92094 6.45
      vertex 18.1478 -7.17645 3.85
      vertex 18.1478 -7.17645 6.45
    endloop
  endfacet
  facet normal -0.953719 0.3007 0
    outer loop
      vertex 18.0691 -7.42606 3.85
      vertex 18.1478 -7.17645 6.45
      vertex 18.1478 -7.17645 3.85
    endloop
  endfacet
  facet normal -0.953719 0.3007 0
    outer loop
      vertex 18.1478 -7.17645 6.45
      vertex 18.0691 -7.42606 3.85
      vertex 18.0691 -7.42606 6.45
    endloop
  endfacet
  facet normal -0.923816 0.382838 0
    outer loop
      vertex 17.9689 -7.66785 3.85
      vertex 18.0691 -7.42606 6.45
      vertex 18.0691 -7.42606 3.85
    endloop
  endfacet
  facet normal -0.923816 0.382838 0
    outer loop
      vertex 18.0691 -7.42606 6.45
      vertex 17.9689 -7.66785 3.85
      vertex 17.9689 -7.66785 6.45
    endloop
  endfacet
  facet normal -0.88708 0.461615 0
    outer loop
      vertex 17.8481 -7.89999 3.85
      vertex 17.9689 -7.66785 6.45
      vertex 17.9689 -7.66785 3.85
    endloop
  endfacet
  facet normal -0.88708 0.461615 0
    outer loop
      vertex 17.9689 -7.66785 6.45
      vertex 17.8481 -7.89999 3.85
      vertex 17.8481 -7.89999 6.45
    endloop
  endfacet
  facet normal -0.843438 0.537227 0
    outer loop
      vertex 17.7075 -8.12073 3.85
      vertex 17.8481 -7.89999 6.45
      vertex 17.8481 -7.89999 3.85
    endloop
  endfacet
  facet normal -0.843438 0.537227 0
    outer loop
      vertex 17.8481 -7.89999 6.45
      vertex 17.7075 -8.12073 3.85
      vertex 17.7075 -8.12073 6.45
    endloop
  endfacet
  facet normal -0.793192 0.608972 0
    outer loop
      vertex 17.5481 -8.32835 3.85
      vertex 17.7075 -8.12073 6.45
      vertex 17.7075 -8.12073 3.85
    endloop
  endfacet
  facet normal -0.793192 0.608972 0
    outer loop
      vertex 17.7075 -8.12073 6.45
      vertex 17.5481 -8.32835 3.85
      vertex 17.5481 -8.32835 6.45
    endloop
  endfacet
  facet normal -0.737324 0.675539 0
    outer loop
      vertex 17.3713 -8.52132 3.85
      vertex 17.5481 -8.32835 6.45
      vertex 17.5481 -8.32835 3.85
    endloop
  endfacet
  facet normal -0.737324 0.675539 0
    outer loop
      vertex 17.5481 -8.32835 6.45
      vertex 17.3713 -8.52132 3.85
      vertex 17.3713 -8.52132 6.45
    endloop
  endfacet
  facet normal -0.675673 0.737202 0
    outer loop
      vertex 17.3713 -8.52132 3.85
      vertex 17.1784 -8.69812 6.45
      vertex 17.3713 -8.52132 6.45
    endloop
  endfacet
  facet normal -0.675673 0.737202 0
    outer loop
      vertex 17.1784 -8.69812 6.45
      vertex 17.3713 -8.52132 3.85
      vertex 17.1784 -8.69812 3.85
    endloop
  endfacet
  facet normal -0.608656 0.793434 0
    outer loop
      vertex 17.1784 -8.69812 3.85
      vertex 16.9707 -8.85745 6.45
      vertex 17.1784 -8.69812 6.45
    endloop
  endfacet
  facet normal -0.608656 0.793434 0
    outer loop
      vertex 16.9707 -8.85745 6.45
      vertex 17.1784 -8.69812 3.85
      vertex 16.9707 -8.85745 3.85
    endloop
  endfacet
  facet normal -0.537377 0.843342 0
    outer loop
      vertex 16.9707 -8.85745 3.85
      vertex 16.75 -8.99808 6.45
      vertex 16.9707 -8.85745 6.45
    endloop
  endfacet
  facet normal -0.537377 0.843342 0
    outer loop
      vertex 16.75 -8.99808 6.45
      vertex 16.9707 -8.85745 3.85
      vertex 16.75 -8.99808 3.85
    endloop
  endfacet
  facet normal -0.461611 0.887082 0
    outer loop
      vertex 16.75 -8.99808 3.85
      vertex 16.5178 -9.11891 6.45
      vertex 16.75 -8.99808 6.45
    endloop
  endfacet
  facet normal -0.461611 0.887082 0
    outer loop
      vertex 16.5178 -9.11891 6.45
      vertex 16.75 -8.99808 3.85
      vertex 16.5178 -9.11891 3.85
    endloop
  endfacet
  facet normal -0.382829 0.923819 0
    outer loop
      vertex 16.5178 -9.11891 3.85
      vertex 16.2761 -9.21907 6.45
      vertex 16.5178 -9.11891 6.45
    endloop
  endfacet
  facet normal -0.382829 0.923819 0
    outer loop
      vertex 16.2761 -9.21907 6.45
      vertex 16.5178 -9.11891 3.85
      vertex 16.2761 -9.21907 3.85
    endloop
  endfacet
  facet normal -0.300745 0.953704 0
    outer loop
      vertex 16.2761 -9.21907 3.85
      vertex 16.0265 -9.29778 6.45
      vertex 16.2761 -9.21907 6.45
    endloop
  endfacet
  facet normal -0.300745 0.953704 0
    outer loop
      vertex 16.0265 -9.29778 6.45
      vertex 16.2761 -9.21907 3.85
      vertex 16.0265 -9.29778 3.85
    endloop
  endfacet
  facet normal -0.216348 0.976316 0
    outer loop
      vertex 16.0265 -9.29778 3.85
      vertex 15.7709 -9.35442 6.45
      vertex 16.0265 -9.29778 6.45
    endloop
  endfacet
  facet normal -0.216348 0.976316 0
    outer loop
      vertex 15.7709 -9.35442 6.45
      vertex 16.0265 -9.29778 3.85
      vertex 15.7709 -9.35442 3.85
    endloop
  endfacet
  facet normal -0.130561 0.99144 0
    outer loop
      vertex 15.7709 -9.35442 3.85
      vertex 15.5115 -9.38858 6.45
      vertex 15.7709 -9.35442 6.45
    endloop
  endfacet
  facet normal -0.130561 0.99144 0
    outer loop
      vertex 15.5115 -9.38858 6.45
      vertex 15.7709 -9.35442 3.85
      vertex 15.5115 -9.38858 3.85
    endloop
  endfacet
  facet normal -0.0435914 0.999049 0
    outer loop
      vertex 15.5115 -9.38858 3.85
      vertex 15.25 -9.39999 6.45
      vertex 15.5115 -9.38858 6.45
    endloop
  endfacet
  facet normal -0.0435914 0.999049 0
    outer loop
      vertex 15.25 -9.39999 6.45
      vertex 15.5115 -9.38858 3.85
      vertex 15.25 -9.39999 3.85
    endloop
  endfacet
  facet normal 0 1 -0
    outer loop
      vertex 15.25 -9.39999 3.85
      vertex -20.55 -9.39999 6.45
      vertex 15.25 -9.39999 6.45
    endloop
  endfacet
  facet normal 0 1 0
    outer loop
      vertex -20.55 -9.39999 6.45
      vertex 15.25 -9.39999 3.85
      vertex -20.55 -9.39999 3.85
    endloop
  endfacet
  facet normal -0.999051 0 0.0435616
    outer loop
      vertex -2.05228 -5.21157 7.69771
      vertex -2.05 -12.4786 7.75
      vertex -2.05 -5.21127 7.75
    endloop
  endfacet
  facet normal -0.999051 0 0.0435616
    outer loop
      vertex -2.05 -12.4786 7.75
      vertex -2.05228 -5.21157 7.69771
      vertex -2.05228 -12.4926 7.69771
    endloop
  endfacet
  facet normal -0.999051 0 0.0435616
    outer loop
      vertex -2.05228 5.21157 7.69771
      vertex -2.05 12.4786 7.75
      vertex -2.05228 12.4926 7.69771
    endloop
  endfacet
  facet normal -0.999051 0 0.0435616
    outer loop
      vertex -2.05 12.4786 7.75
      vertex -2.05228 5.21157 7.69771
      vertex -2.05 5.21127 7.75
    endloop
  endfacet
  facet normal 0.300711 -0 0.953715
    outer loop
      vertex -2.85521 -12.624 7.18618
      vertex -2.80529 -5.24322 7.17044
      vertex -2.85521 -5.24104 7.18618
    endloop
  endfacet
  facet normal 0.300711 0 0.953715
    outer loop
      vertex -2.80529 -5.24322 7.17044
      vertex -2.85521 -12.624 7.18618
      vertex -2.80529 -12.6261 7.17044
    endloop
  endfacet
  facet normal 0.300711 0 0.953715
    outer loop
      vertex -2.85521 12.624 7.18618
      vertex -2.80529 5.24322 7.17044
      vertex -2.80529 12.6261 7.17044
    endloop
  endfacet
  facet normal 0.300711 0 0.953715
    outer loop
      vertex -2.80529 5.24322 7.17044
      vertex -2.85521 12.624 7.18618
      vertex -2.85521 5.24104 7.18618
    endloop
  endfacet
  facet normal -0.2243 -0.0996402 -0.969413
    outer loop
      vertex -2.54581 -12.2406 8.34088
      vertex -2.49471 -12.2454 8.32955
      vertex -2.54317 -12.2409 8.3403
    endloop
  endfacet
  facet normal -0.216465 0 -0.97629
    outer loop
      vertex -2.49471 -12.2454 8.32955
      vertex -2.54581 -12.2406 8.34088
      vertex -2.49471 -5.24322 8.32955
    endloop
  endfacet
  facet normal -0.216465 0 -0.97629
    outer loop
      vertex -2.49471 -5.24322 8.32955
      vertex -2.54581 -12.2406 8.34088
      vertex -2.54581 -5.24545 8.34088
    endloop
  endfacet
  facet normal -0.216465 0 -0.97629
    outer loop
      vertex -2.54581 12.2406 8.34088
      vertex -2.49471 12.2454 8.32955
      vertex -2.49471 5.24322 8.32955
    endloop
  endfacet
  facet normal -0.216465 -0 -0.97629
    outer loop
      vertex -2.54581 12.2406 8.34088
      vertex -2.49471 5.24322 8.32955
      vertex -2.54581 5.24545 8.34088
    endloop
  endfacet
  facet normal -0.2243 0.0996402 -0.969413
    outer loop
      vertex -2.49471 12.2454 8.32955
      vertex -2.54581 12.2406 8.34088
      vertex -2.54317 12.2409 8.3403
    endloop
  endfacet
  facet normal 0.976331 -0 0.216283
    outer loop
      vertex -3.24088 -12.5065 7.64581
      vertex -3.22956 -5.21396 7.59471
      vertex -3.24088 -5.21247 7.64581
    endloop
  endfacet
  facet normal 0.976331 0 0.216283
    outer loop
      vertex -3.22956 -5.21396 7.59471
      vertex -3.24088 -12.5065 7.64581
      vertex -3.22956 -12.5202 7.59471
    endloop
  endfacet
  facet normal 0.976331 0 0.216283
    outer loop
      vertex -3.24088 12.5065 7.64581
      vertex -3.22956 5.21396 7.59471
      vertex -3.22956 12.5202 7.59471
    endloop
  endfacet
  facet normal 0.976331 0 0.216283
    outer loop
      vertex -3.22956 5.21396 7.59471
      vertex -3.24088 12.5065 7.64581
      vertex -3.24088 5.21247 7.64581
    endloop
  endfacet
  facet normal 0.923889 0 -0.382661
    outer loop
      vertex -3.19378 -12.3804 8.00357
      vertex -3.21381 -5.21603 7.95521
      vertex -3.19378 -5.21867 8.00357
    endloop
  endfacet
  facet normal 0.923889 0 -0.382661
    outer loop
      vertex -3.21381 -5.21603 7.95521
      vertex -3.19378 -12.3804 8.00357
      vertex -3.21381 -12.4004 7.95521
    endloop
  endfacet
  facet normal 0.923889 0 -0.382661
    outer loop
      vertex -3.21381 5.21603 7.95521
      vertex -3.19378 12.3804 8.00357
      vertex -3.19378 5.21867 8.00357
    endloop
  endfacet
  facet normal 0.923889 0 -0.382661
    outer loop
      vertex -3.19378 12.3804 8.00357
      vertex -3.21381 5.21603 7.95521
      vertex -3.21381 12.4004 7.95521
    endloop
  endfacet
  facet normal -0.923889 0 0.382661
    outer loop
      vertex -2.10621 -5.21867 7.49643
      vertex -2.08618 -12.5336 7.54479
      vertex -2.08618 -5.21603 7.54479
    endloop
  endfacet
  facet normal -0.923889 0 0.382661
    outer loop
      vertex -2.08618 -12.5336 7.54479
      vertex -2.10621 -5.21867 7.49643
      vertex -2.10621 -12.5466 7.49643
    endloop
  endfacet
  facet normal -0.923889 0 0.382661
    outer loop
      vertex -2.10621 5.21867 7.49643
      vertex -2.08618 12.5336 7.54479
      vertex -2.10621 12.5466 7.49643
    endloop
  endfacet
  facet normal -0.923889 0 0.382661
    outer loop
      vertex -2.08618 12.5336 7.54479
      vertex -2.10621 5.21867 7.49643
      vertex -2.08618 5.21603 7.54479
    endloop
  endfacet
  facet normal 0.300537 0 -0.95377
    outer loop
      vertex -2.85521 -5.24104 8.31382
      vertex -2.80529 -12.2454 8.32955
      vertex -2.85521 -12.2519 8.31382
    endloop
  endfacet
  facet normal 0.300537 0 -0.95377
    outer loop
      vertex -2.80529 -12.2454 8.32955
      vertex -2.85521 -5.24104 8.31382
      vertex -2.80529 -5.24322 8.32955
    endloop
  endfacet
  facet normal 0.300537 0 -0.95377
    outer loop
      vertex -2.85521 5.24104 8.31382
      vertex -2.80529 12.2454 8.32955
      vertex -2.80529 5.24322 8.32955
    endloop
  endfacet
  facet normal 0.300537 0 -0.95377
    outer loop
      vertex -2.80529 12.2454 8.32955
      vertex -2.85521 5.24104 8.31382
      vertex -2.85521 12.2519 8.31382
    endloop
  endfacet
  facet normal -0.97629 0 -0.216465
    outer loop
      vertex -2.05911 -5.21247 7.85419
      vertex -2.07044 -12.4211 7.90529
      vertex -2.07044 -5.21396 7.90529
    endloop
  endfacet
  facet normal -0.97629 0 -0.216465
    outer loop
      vertex -2.07044 -12.4211 7.90529
      vertex -2.05911 -5.21247 7.85419
      vertex -2.05911 -12.4423 7.85419
    endloop
  endfacet
  facet normal -0.97629 0 -0.216465
    outer loop
      vertex -2.05911 5.21247 7.85419
      vertex -2.07044 12.4211 7.90529
      vertex -2.05911 12.4423 7.85419
    endloop
  endfacet
  facet normal -0.97629 -0 -0.216465
    outer loop
      vertex -2.07044 12.4211 7.90529
      vertex -2.05911 5.21247 7.85419
      vertex -2.07044 5.21396 7.90529
    endloop
  endfacet
  facet normal -0.793348 0 -0.608768
    outer loop
      vertex -2.15851 -5.22556 8.09415
      vertex -2.19037 -12.3257 8.13567
      vertex -2.19037 -5.22975 8.13567
    endloop
  endfacet
  facet normal -0.793348 0 -0.608768
    outer loop
      vertex -2.19037 -12.3257 8.13567
      vertex -2.15851 -5.22556 8.09415
      vertex -2.15851 -12.3429 8.09415
    endloop
  endfacet
  facet normal -0.793348 0 -0.608768
    outer loop
      vertex -2.15851 5.22556 8.09415
      vertex -2.19037 12.3257 8.13567
      vertex -2.15851 12.3429 8.09415
    endloop
  endfacet
  facet normal -0.793348 -0 -0.608768
    outer loop
      vertex -2.19037 12.3257 8.13567
      vertex -2.15851 5.22556 8.09415
      vertex -2.19037 5.22975 8.13567
    endloop
  endfacet
  facet normal 0.0435616 0 -0.999051
    outer loop
      vertex -2.70229 -12.2366 8.34772
      vertex -2.65 -5.25 8.35
      vertex -2.65 -12.2353 8.35
    endloop
  endfacet
  facet normal 0.0435616 0 -0.999051
    outer loop
      vertex -2.65 -5.25 8.35
      vertex -2.70229 -12.2366 8.34772
      vertex -2.70229 -5.24772 8.34772
    endloop
  endfacet
  facet normal 0.0435616 0 -0.999051
    outer loop
      vertex -2.70229 12.2366 8.34772
      vertex -2.65 5.25 8.35
      vertex -2.70229 5.24772 8.34772
    endloop
  endfacet
  facet normal 0.0435616 0 -0.999051
    outer loop
      vertex -2.65 5.25 8.35
      vertex -2.70229 12.2366 8.34772
      vertex -2.65 12.2353 8.35
    endloop
  endfacet
  facet normal -0.0435616 0 0.999051
    outer loop
      vertex -2.65 5.25 7.15
      vertex -2.59771 12.6285 7.15228
      vertex -2.65 12.6288 7.15
    endloop
  endfacet
  facet normal -0.0435616 0 0.999051
    outer loop
      vertex -2.59771 12.6285 7.15228
      vertex -2.65 5.25 7.15
      vertex -2.59771 5.24772 7.15228
    endloop
  endfacet
  facet normal -0.0435616 0 0.999051
    outer loop
      vertex -2.65 -5.25 7.15
      vertex -2.59771 -12.6285 7.15228
      vertex -2.59771 -5.24772 7.15228
    endloop
  endfacet
  facet normal -0.0435616 0 0.999051
    outer loop
      vertex -2.59771 -12.6285 7.15228
      vertex -2.65 -5.25 7.15
      vertex -2.65 -12.6288 7.15
    endloop
  endfacet
  facet normal -0.991452 0 -0.130474
    outer loop
      vertex -2.05228 -5.21157 7.80229
      vertex -2.05911 -12.4423 7.85419
      vertex -2.05911 -5.21247 7.85419
    endloop
  endfacet
  facet normal -0.991452 0 -0.130474
    outer loop
      vertex -2.05911 -12.4423 7.85419
      vertex -2.05228 -5.21157 7.80229
      vertex -2.05228 -12.4638 7.80229
    endloop
  endfacet
  facet normal -0.991452 0 -0.130474
    outer loop
      vertex -2.05228 5.21157 7.80229
      vertex -2.05911 12.4423 7.85419
      vertex -2.05228 12.4638 7.80229
    endloop
  endfacet
  facet normal -0.991452 -0 -0.130474
    outer loop
      vertex -2.05911 12.4423 7.85419
      vertex -2.05228 5.21157 7.80229
      vertex -2.05911 5.21247 7.85419
    endloop
  endfacet
  facet normal -0.843362 0 0.537345
    outer loop
      vertex -2.15851 -5.22556 7.40585
      vertex -2.13038 -12.559 7.45
      vertex -2.13038 -5.22185 7.45
    endloop
  endfacet
  facet normal -0.843362 0 0.537345
    outer loop
      vertex -2.13038 -12.559 7.45
      vertex -2.15851 -5.22556 7.40585
      vertex -2.15851 -12.5708 7.40585
    endloop
  endfacet
  facet normal -0.843362 0 0.537345
    outer loop
      vertex -2.15851 5.22556 7.40585
      vertex -2.13038 12.559 7.45
      vertex -2.15851 12.5708 7.40585
    endloop
  endfacet
  facet normal -0.843362 0 0.537345
    outer loop
      vertex -2.13038 12.559 7.45
      vertex -2.15851 5.22556 7.40585
      vertex -2.13038 5.22185 7.45
    endloop
  endfacet
  facet normal -0.382824 0 -0.923821
    outer loop
      vertex -2.44479 -12.2519 8.31382
      vertex -2.39643 -5.23893 8.29378
      vertex -2.39643 -12.2602 8.29378
    endloop
  endfacet
  facet normal -0.382824 0 -0.923821
    outer loop
      vertex -2.39643 -5.23893 8.29378
      vertex -2.44479 -12.2519 8.31382
      vertex -2.44479 -5.24104 8.31382
    endloop
  endfacet
  facet normal -0.382824 -0 -0.923821
    outer loop
      vertex -2.44479 12.2519 8.31382
      vertex -2.39643 5.23893 8.29378
      vertex -2.44479 5.24104 8.31382
    endloop
  endfacet
  facet normal -0.382824 0 -0.923821
    outer loop
      vertex -2.39643 5.23893 8.29378
      vertex -2.44479 12.2519 8.31382
      vertex -2.39643 12.2602 8.29378
    endloop
  endfacet
  facet normal 0.998986 -0.00440729 -0.0448062
    outer loop
      vertex -3.24772 12.4638 7.80229
      vertex -3.25 12.4786 7.75
      vertex -3.24797 12.4662 7.79648
    endloop
  endfacet
  facet normal 0.999051 0 -0.0435616
    outer loop
      vertex -3.25 5.21127 7.75
      vertex -3.24772 12.4638 7.80229
      vertex -3.24772 5.21157 7.80229
    endloop
  endfacet
  facet normal 0.999051 0 -0.0435616
    outer loop
      vertex -3.24772 12.4638 7.80229
      vertex -3.25 5.21127 7.75
      vertex -3.25 12.4786 7.75
    endloop
  endfacet
  facet normal 0.999051 0 -0.0435616
    outer loop
      vertex -3.24772 -12.4638 7.80229
      vertex -3.25 -5.21127 7.75
      vertex -3.24772 -5.21157 7.80229
    endloop
  endfacet
  facet normal 0.998986 0.00440729 -0.0448062
    outer loop
      vertex -3.25 -12.4786 7.75
      vertex -3.24772 -12.4638 7.80229
      vertex -3.24797 -12.4662 7.79648
    endloop
  endfacet
  facet normal 0.999051 0 -0.0435616
    outer loop
      vertex -3.24772 -12.4638 7.80229
      vertex -3.25 -12.4786 7.75
      vertex -3.25 -5.21127 7.75
    endloop
  endfacet
  facet normal 0.216465 -0 0.97629
    outer loop
      vertex -2.80529 -12.6261 7.17044
      vertex -2.75419 -5.24545 7.15911
      vertex -2.80529 -5.24322 7.17044
    endloop
  endfacet
  facet normal 0.216465 0 0.97629
    outer loop
      vertex -2.75419 -5.24545 7.15911
      vertex -2.80529 -12.6261 7.17044
      vertex -2.75419 -12.6276 7.15911
    endloop
  endfacet
  facet normal 0.216465 0 0.97629
    outer loop
      vertex -2.80529 12.6261 7.17044
      vertex -2.75419 5.24545 7.15911
      vertex -2.75419 12.6276 7.15911
    endloop
  endfacet
  facet normal 0.216465 0 0.97629
    outer loop
      vertex -2.75419 5.24545 7.15911
      vertex -2.80529 12.6261 7.17044
      vertex -2.80529 5.24322 7.17044
    endloop
  endfacet
  facet normal -0.461599 0 -0.887089
    outer loop
      vertex -2.39643 -12.2602 8.29378
      vertex -2.35 -5.2369 8.26962
      vertex -2.35 -12.2702 8.26962
    endloop
  endfacet
  facet normal -0.461599 0 -0.887089
    outer loop
      vertex -2.35 -5.2369 8.26962
      vertex -2.39643 -12.2602 8.29378
      vertex -2.39643 -5.23893 8.29378
    endloop
  endfacet
  facet normal -0.461599 -0 -0.887089
    outer loop
      vertex -2.39643 12.2602 8.29378
      vertex -2.35 5.2369 8.26962
      vertex -2.39643 5.23893 8.29378
    endloop
  endfacet
  facet normal -0.461599 0 -0.887089
    outer loop
      vertex -2.35 5.2369 8.26962
      vertex -2.39643 12.2602 8.29378
      vertex -2.35 12.2702 8.26962
    endloop
  endfacet
  facet normal 0.46175 0 0.88701
    outer loop
      vertex -2.95 -12.6179 7.23038
      vertex -2.90357 -12.6214 7.20621
      vertex -2.90357 -5.23893 7.20621
    endloop
  endfacet
  facet normal 0.46175 -0 0.88701
    outer loop
      vertex -2.95 -12.6179 7.23038
      vertex -2.90357 -5.23893 7.20621
      vertex -2.95 -5.2369 7.23038
    endloop
  endfacet
  facet normal 0.463276 0.0290368 0.885738
    outer loop
      vertex -2.90357 -12.6214 7.20621
      vertex -2.95 -12.6179 7.23038
      vertex -2.94524 -12.6185 7.22791
    endloop
  endfacet
  facet normal 0.463276 -0.0290368 0.885738
    outer loop
      vertex -2.95 12.6179 7.23038
      vertex -2.90357 12.6214 7.20621
      vertex -2.94524 12.6185 7.22791
    endloop
  endfacet
  facet normal 0.46175 0 0.88701
    outer loop
      vertex -2.90357 12.6214 7.20621
      vertex -2.95 12.6179 7.23038
      vertex -2.90357 5.23893 7.20621
    endloop
  endfacet
  facet normal 0.46175 0 0.88701
    outer loop
      vertex -2.90357 5.23893 7.20621
      vertex -2.95 12.6179 7.23038
      vertex -2.95 5.2369 7.23038
    endloop
  endfacet
  facet normal 0.382661 -0 0.923889
    outer loop
      vertex -2.90357 -12.6214 7.20621
      vertex -2.85521 -5.24104 7.18618
      vertex -2.90357 -5.23893 7.20621
    endloop
  endfacet
  facet normal 0.382661 0 0.923889
    outer loop
      vertex -2.85521 -5.24104 7.18618
      vertex -2.90357 -12.6214 7.20621
      vertex -2.85521 -12.624 7.18618
    endloop
  endfacet
  facet normal 0.382661 0 0.923889
    outer loop
      vertex -2.90357 12.6214 7.20621
      vertex -2.85521 5.24104 7.18618
      vertex -2.85521 12.624 7.18618
    endloop
  endfacet
  facet normal 0.382661 0 0.923889
    outer loop
      vertex -2.85521 5.24104 7.18618
      vertex -2.90357 12.6214 7.20621
      vertex -2.90357 5.23893 7.20621
    endloop
  endfacet
  facet normal -0.998986 -0.00440729 -0.0448062
    outer loop
      vertex -2.05 12.4786 7.75
      vertex -2.05228 12.4638 7.80229
      vertex -2.05203 12.4662 7.79648
    endloop
  endfacet
  facet normal -0.999051 0 -0.0435616
    outer loop
      vertex -2.05 5.21127 7.75
      vertex -2.05228 12.4638 7.80229
      vertex -2.05 12.4786 7.75
    endloop
  endfacet
  facet normal -0.999051 -0 -0.0435616
    outer loop
      vertex -2.05228 12.4638 7.80229
      vertex -2.05 5.21127 7.75
      vertex -2.05228 5.21157 7.80229
    endloop
  endfacet
  facet normal -0.999051 0 -0.0435616
    outer loop
      vertex -2.05 -5.21127 7.75
      vertex -2.05228 -12.4638 7.80229
      vertex -2.05228 -5.21157 7.80229
    endloop
  endfacet
  facet normal -0.999051 0 -0.0435616
    outer loop
      vertex -2.05 -12.4786 7.75
      vertex -2.05228 -12.4638 7.80229
      vertex -2.05 -5.21127 7.75
    endloop
  endfacet
  facet normal -0.998986 0.00440729 -0.0448062
    outer loop
      vertex -2.05228 -12.4638 7.80229
      vertex -2.05 -12.4786 7.75
      vertex -2.05203 -12.4662 7.79648
    endloop
  endfacet
  facet normal 0.675681 -0 0.737194
    outer loop
      vertex -3.07426 -12.5923 7.32574
      vertex -3.03567 -5.23316 7.29037
      vertex -3.07426 -5.23148 7.32574
    endloop
  endfacet
  facet normal 0.675681 0 0.737194
    outer loop
      vertex -3.03567 -5.23316 7.29037
      vertex -3.07426 -12.5923 7.32574
      vertex -3.03567 -12.6018 7.29037
    endloop
  endfacet
  facet normal 0.675681 0 0.737194
    outer loop
      vertex -3.07426 12.5923 7.32574
      vertex -3.03567 5.23316 7.29037
      vertex -3.03567 12.6018 7.29037
    endloop
  endfacet
  facet normal 0.675681 0 0.737194
    outer loop
      vertex -3.03567 5.23316 7.29037
      vertex -3.07426 12.5923 7.32574
      vertex -3.07426 5.23148 7.32574
    endloop
  endfacet
  facet normal -0.953715 0 -0.300711
    outer loop
      vertex -2.07044 -5.21396 7.90529
      vertex -2.08618 -12.4004 7.95521
      vertex -2.08618 -5.21603 7.95521
    endloop
  endfacet
  facet normal -0.953715 0 -0.300711
    outer loop
      vertex -2.08618 -12.4004 7.95521
      vertex -2.07044 -5.21396 7.90529
      vertex -2.07044 -12.4211 7.90529
    endloop
  endfacet
  facet normal -0.953715 0 -0.300711
    outer loop
      vertex -2.07044 5.21396 7.90529
      vertex -2.08618 12.4004 7.95521
      vertex -2.07044 12.4211 7.90529
    endloop
  endfacet
  facet normal -0.953715 -0 -0.300711
    outer loop
      vertex -2.08618 12.4004 7.95521
      vertex -2.07044 5.21396 7.90529
      vertex -2.08618 5.21603 7.95521
    endloop
  endfacet
  facet normal 0.130474 0 0.991452
    outer loop
      vertex -2.75419 12.6276 7.15911
      vertex -2.70229 5.24772 7.15228
      vertex -2.70229 12.6285 7.15228
    endloop
  endfacet
  facet normal 0.130474 0 0.991452
    outer loop
      vertex -2.70229 5.24772 7.15228
      vertex -2.75419 12.6276 7.15911
      vertex -2.75419 5.24545 7.15911
    endloop
  endfacet
  facet normal 0.130474 -0 0.991452
    outer loop
      vertex -2.75419 -12.6276 7.15911
      vertex -2.70229 -5.24772 7.15228
      vertex -2.75419 -5.24545 7.15911
    endloop
  endfacet
  facet normal 0.130474 0 0.991452
    outer loop
      vertex -2.70229 -5.24772 7.15228
      vertex -2.75419 -12.6276 7.15911
      vertex -2.70229 -12.6285 7.15228
    endloop
  endfacet
  facet normal -0.130474 0 0.991452
    outer loop
      vertex -2.59771 5.24772 7.15228
      vertex -2.54581 12.6276 7.15911
      vertex -2.59771 12.6285 7.15228
    endloop
  endfacet
  facet normal -0.130474 0 0.991452
    outer loop
      vertex -2.54581 12.6276 7.15911
      vertex -2.59771 5.24772 7.15228
      vertex -2.54581 5.24545 7.15911
    endloop
  endfacet
  facet normal -0.130474 0 0.991452
    outer loop
      vertex -2.59771 -5.24772 7.15228
      vertex -2.54581 -12.6276 7.15911
      vertex -2.54581 -5.24545 7.15911
    endloop
  endfacet
  facet normal -0.130474 0 0.991452
    outer loop
      vertex -2.54581 -12.6276 7.15911
      vertex -2.59771 -5.24772 7.15228
      vertex -2.59771 -12.6285 7.15228
    endloop
  endfacet
  facet normal 0.737562 -0 0.675279
    outer loop
      vertex -3.10963 -12.582 7.36433
      vertex -3.10757 -5.23002 7.36208
      vertex -3.10963 -5.22975 7.36433
    endloop
  endfacet
  facet normal 0.737171 2.40321e-07 0.675706
    outer loop
      vertex -3.10963 -12.582 7.36433
      vertex -3.07426 -5.23148 7.32574
      vertex -3.10757 -5.23002 7.36208
    endloop
  endfacet
  facet normal 0.737194 0 0.675681
    outer loop
      vertex -3.07426 -5.23148 7.32574
      vertex -3.10963 -12.582 7.36433
      vertex -3.07426 -12.5923 7.32574
    endloop
  endfacet
  facet normal 0.737194 0 0.675681
    outer loop
      vertex -3.10963 12.582 7.36433
      vertex -3.07426 5.23148 7.32574
      vertex -3.07426 12.5923 7.32574
    endloop
  endfacet
  facet normal 0.737171 -2.40321e-07 0.675706
    outer loop
      vertex -3.10963 12.582 7.36433
      vertex -3.10757 5.23002 7.36208
      vertex -3.07426 5.23148 7.32574
    endloop
  endfacet
  facet normal 0.737562 0 0.675279
    outer loop
      vertex -3.10757 5.23002 7.36208
      vertex -3.10963 12.582 7.36433
      vertex -3.10963 5.22975 7.36433
    endloop
  endfacet
  facet normal -0.46175 0 0.88701
    outer loop
      vertex -2.39643 -5.23893 7.20621
      vertex -2.35 -12.6179 7.23038
      vertex -2.35 -5.2369 7.23038
    endloop
  endfacet
  facet normal -0.46175 0 0.88701
    outer loop
      vertex -2.39643 -12.6214 7.20621
      vertex -2.35 -12.6179 7.23038
      vertex -2.39643 -5.23893 7.20621
    endloop
  endfacet
  facet normal -0.463276 0.0290368 0.885738
    outer loop
      vertex -2.35 -12.6179 7.23038
      vertex -2.39643 -12.6214 7.20621
      vertex -2.35476 -12.6185 7.22791
    endloop
  endfacet
  facet normal -0.463276 -0.0290368 0.885738
    outer loop
      vertex -2.39643 12.6214 7.20621
      vertex -2.35 12.6179 7.23038
      vertex -2.35476 12.6185 7.22791
    endloop
  endfacet
  facet normal -0.46175 0 0.88701
    outer loop
      vertex -2.35 12.6179 7.23038
      vertex -2.39643 12.6214 7.20621
      vertex -2.39643 5.23893 7.20621
    endloop
  endfacet
  facet normal -0.46175 0 0.88701
    outer loop
      vertex -2.35 12.6179 7.23038
      vertex -2.39643 5.23893 7.20621
      vertex -2.35 5.2369 7.23038
    endloop
  endfacet
  facet normal 0.843449 0 -0.537209
    outer loop
      vertex -3.14149 -12.3429 8.09415
      vertex -3.16961 -5.22185 8.05
      vertex -3.14149 -5.22556 8.09415
    endloop
  endfacet
  facet normal 0.843449 0 -0.537209
    outer loop
      vertex -3.16961 -5.22185 8.05
      vertex -3.14149 -12.3429 8.09415
      vertex -3.16961 -12.3612 8.05
    endloop
  endfacet
  facet normal 0.843449 0 -0.537209
    outer loop
      vertex -3.16961 5.22185 8.05
      vertex -3.14149 12.3429 8.09415
      vertex -3.14149 5.22556 8.09415
    endloop
  endfacet
  facet normal 0.843449 0 -0.537209
    outer loop
      vertex -3.14149 12.3429 8.09415
      vertex -3.16961 5.22185 8.05
      vertex -3.16961 12.3612 8.05
    endloop
  endfacet
  facet normal -0.608768 0 -0.793348
    outer loop
      vertex -2.30585 -12.2818 8.24149
      vertex -2.26433 -5.23316 8.20963
      vertex -2.26433 -12.295 8.20963
    endloop
  endfacet
  facet normal -0.608768 0 -0.793348
    outer loop
      vertex -2.26433 -5.23316 8.20963
      vertex -2.30585 -12.2818 8.24149
      vertex -2.30585 -5.23497 8.24149
    endloop
  endfacet
  facet normal -0.608768 -0 -0.793348
    outer loop
      vertex -2.30585 12.2818 8.24149
      vertex -2.26433 5.23316 8.20963
      vertex -2.30585 5.23497 8.24149
    endloop
  endfacet
  facet normal -0.608768 0 -0.793348
    outer loop
      vertex -2.26433 5.23316 8.20963
      vertex -2.30585 12.2818 8.24149
      vertex -2.26433 12.295 8.20963
    endloop
  endfacet
  facet normal 0.2243 -0.0996402 -0.969413
    outer loop
      vertex -2.80529 -12.2454 8.32955
      vertex -2.75419 -12.2406 8.34088
      vertex -2.75683 -12.2409 8.3403
    endloop
  endfacet
  facet normal 0.216465 0 -0.97629
    outer loop
      vertex -2.75419 -12.2406 8.34088
      vertex -2.80529 -12.2454 8.32955
      vertex -2.80529 -5.24322 8.32955
    endloop
  endfacet
  facet normal 0.216465 0 -0.97629
    outer loop
      vertex -2.75419 -12.2406 8.34088
      vertex -2.80529 -5.24322 8.32955
      vertex -2.75419 -5.24545 8.34088
    endloop
  endfacet
  facet normal 0.216465 0 -0.97629
    outer loop
      vertex -2.80529 5.24322 8.32955
      vertex -2.75419 12.2406 8.34088
      vertex -2.75419 5.24545 8.34088
    endloop
  endfacet
  facet normal 0.216465 0 -0.97629
    outer loop
      vertex -2.80529 12.2454 8.32955
      vertex -2.75419 12.2406 8.34088
      vertex -2.80529 5.24322 8.32955
    endloop
  endfacet
  facet normal 0.2243 0.0996402 -0.969413
    outer loop
      vertex -2.75419 12.2406 8.34088
      vertex -2.80529 12.2454 8.32955
      vertex -2.75683 12.2409 8.3403
    endloop
  endfacet
  facet normal -0.675681 0 0.737194
    outer loop
      vertex -2.26433 -5.23316 7.29037
      vertex -2.22574 -12.5923 7.32574
      vertex -2.22574 -5.23148 7.32574
    endloop
  endfacet
  facet normal -0.675681 0 0.737194
    outer loop
      vertex -2.22574 -12.5923 7.32574
      vertex -2.26433 -5.23316 7.29037
      vertex -2.26433 -12.6018 7.29037
    endloop
  endfacet
  facet normal -0.675681 0 0.737194
    outer loop
      vertex -2.26433 5.23316 7.29037
      vertex -2.22574 12.5923 7.32574
      vertex -2.26433 12.6018 7.29037
    endloop
  endfacet
  facet normal -0.675681 0 0.737194
    outer loop
      vertex -2.22574 12.5923 7.32574
      vertex -2.26433 5.23316 7.29037
      vertex -2.22574 5.23148 7.32574
    endloop
  endfacet
  facet normal 0.537345 0 -0.843362
    outer loop
      vertex -2.99415 -5.23497 8.24149
      vertex -2.95 -12.2702 8.26962
      vertex -2.99415 -12.2818 8.24149
    endloop
  endfacet
  facet normal 0.537345 0 -0.843362
    outer loop
      vertex -2.95 -12.2702 8.26962
      vertex -2.99415 -5.23497 8.24149
      vertex -2.95 -5.2369 8.26962
    endloop
  endfacet
  facet normal 0.537345 0 -0.843362
    outer loop
      vertex -2.99415 5.23497 8.24149
      vertex -2.95 12.2702 8.26962
      vertex -2.95 5.2369 8.26962
    endloop
  endfacet
  facet normal 0.537345 0 -0.843362
    outer loop
      vertex -2.95 12.2702 8.26962
      vertex -2.99415 5.23497 8.24149
      vertex -2.99415 12.2818 8.24149
    endloop
  endfacet
  facet normal 0.461599 0 -0.887089
    outer loop
      vertex -2.95 -5.2369 8.26962
      vertex -2.90357 -12.2602 8.29378
      vertex -2.95 -12.2702 8.26962
    endloop
  endfacet
  facet normal 0.461599 0 -0.887089
    outer loop
      vertex -2.90357 -12.2602 8.29378
      vertex -2.95 -5.2369 8.26962
      vertex -2.90357 -5.23893 8.29378
    endloop
  endfacet
  facet normal 0.461599 0 -0.887089
    outer loop
      vertex -2.95 5.2369 8.26962
      vertex -2.90357 12.2602 8.29378
      vertex -2.90357 5.23893 8.29378
    endloop
  endfacet
  facet normal 0.461599 0 -0.887089
    outer loop
      vertex -2.90357 12.2602 8.29378
      vertex -2.95 5.2369 8.26962
      vertex -2.95 12.2702 8.26962
    endloop
  endfacet
  facet normal -0.923889 0 -0.382661
    outer loop
      vertex -2.08618 -5.21603 7.95521
      vertex -2.10621 -12.3804 8.00357
      vertex -2.10621 -5.21867 8.00357
    endloop
  endfacet
  facet normal -0.923889 0 -0.382661
    outer loop
      vertex -2.10621 -12.3804 8.00357
      vertex -2.08618 -5.21603 7.95521
      vertex -2.08618 -12.4004 7.95521
    endloop
  endfacet
  facet normal -0.923889 0 -0.382661
    outer loop
      vertex -2.08618 5.21603 7.95521
      vertex -2.10621 12.3804 8.00357
      vertex -2.08618 12.4004 7.95521
    endloop
  endfacet
  facet normal -0.923889 -0 -0.382661
    outer loop
      vertex -2.10621 12.3804 8.00357
      vertex -2.08618 5.21603 7.95521
      vertex -2.10621 5.21867 8.00357
    endloop
  endfacet
  facet normal 0.0435616 0 0.999051
    outer loop
      vertex -2.70229 12.6285 7.15228
      vertex -2.65 5.25 7.15
      vertex -2.65 12.6288 7.15
    endloop
  endfacet
  facet normal 0.0435616 0 0.999051
    outer loop
      vertex -2.65 5.25 7.15
      vertex -2.70229 12.6285 7.15228
      vertex -2.70229 5.24772 7.15228
    endloop
  endfacet
  facet normal 0.0435616 -0 0.999051
    outer loop
      vertex -2.70229 -12.6285 7.15228
      vertex -2.65 -5.25 7.15
      vertex -2.70229 -5.24772 7.15228
    endloop
  endfacet
  facet normal 0.0435616 0 0.999051
    outer loop
      vertex -2.65 -5.25 7.15
      vertex -2.70229 -12.6285 7.15228
      vertex -2.65 -12.6288 7.15
    endloop
  endfacet
  facet normal -0.88701 0 0.46175
    outer loop
      vertex -2.13038 -5.22185 7.45
      vertex -2.10621 -12.5466 7.49643
      vertex -2.10621 -5.21867 7.49643
    endloop
  endfacet
  facet normal -0.88701 0 0.46175
    outer loop
      vertex -2.10621 -12.5466 7.49643
      vertex -2.13038 -5.22185 7.45
      vertex -2.13038 -12.559 7.45
    endloop
  endfacet
  facet normal -0.88701 0 0.46175
    outer loop
      vertex -2.13038 5.22185 7.45
      vertex -2.10621 12.5466 7.49643
      vertex -2.13038 12.559 7.45
    endloop
  endfacet
  facet normal -0.88701 0 0.46175
    outer loop
      vertex -2.10621 12.5466 7.49643
      vertex -2.13038 5.22185 7.45
      vertex -2.10621 5.21867 7.49643
    endloop
  endfacet
  facet normal -0.608768 0 0.793348
    outer loop
      vertex -2.30585 -5.23497 7.25851
      vertex -2.26433 -12.6018 7.29037
      vertex -2.26433 -5.23316 7.29037
    endloop
  endfacet
  facet normal -0.608768 0 0.793348
    outer loop
      vertex -2.26433 -12.6018 7.29037
      vertex -2.30585 -5.23497 7.25851
      vertex -2.30585 -12.6103 7.25851
    endloop
  endfacet
  facet normal -0.608768 0 0.793348
    outer loop
      vertex -2.30585 5.23497 7.25851
      vertex -2.26433 12.6018 7.29037
      vertex -2.30585 12.6103 7.25851
    endloop
  endfacet
  facet normal -0.608768 0 0.793348
    outer loop
      vertex -2.26433 12.6018 7.29037
      vertex -2.30585 5.23497 7.25851
      vertex -2.26433 5.23316 7.29037
    endloop
  endfacet
  facet normal -0.300711 0 0.953715
    outer loop
      vertex -2.49471 -5.24322 7.17044
      vertex -2.44479 -12.624 7.18618
      vertex -2.44479 -5.24104 7.18618
    endloop
  endfacet
  facet normal -0.300711 0 0.953715
    outer loop
      vertex -2.44479 -12.624 7.18618
      vertex -2.49471 -5.24322 7.17044
      vertex -2.49471 -12.6261 7.17044
    endloop
  endfacet
  facet normal -0.300711 0 0.953715
    outer loop
      vertex -2.49471 5.24322 7.17044
      vertex -2.44479 12.624 7.18618
      vertex -2.49471 12.6261 7.17044
    endloop
  endfacet
  facet normal -0.300711 0 0.953715
    outer loop
      vertex -2.44479 12.624 7.18618
      vertex -2.49471 5.24322 7.17044
      vertex -2.44479 5.24104 7.18618
    endloop
  endfacet
  facet normal 0.953661 0 -0.300885
    outer loop
      vertex -3.21381 -12.4004 7.95521
      vertex -3.22956 -5.21396 7.90529
      vertex -3.21381 -5.21603 7.95521
    endloop
  endfacet
  facet normal 0.953661 0 -0.300885
    outer loop
      vertex -3.22956 -5.21396 7.90529
      vertex -3.21381 -12.4004 7.95521
      vertex -3.22956 -12.4211 7.90529
    endloop
  endfacet
  facet normal 0.953661 0 -0.300885
    outer loop
      vertex -3.22956 5.21396 7.90529
      vertex -3.21381 12.4004 7.95521
      vertex -3.21381 5.21603 7.95521
    endloop
  endfacet
  facet normal 0.953661 0 -0.300885
    outer loop
      vertex -3.21381 12.4004 7.95521
      vertex -3.22956 5.21396 7.90529
      vertex -3.22956 12.4211 7.90529
    endloop
  endfacet
  facet normal 0.130662 0 -0.991427
    outer loop
      vertex -2.75419 -5.24545 8.34088
      vertex -2.70229 -12.2366 8.34772
      vertex -2.75419 -12.2406 8.34088
    endloop
  endfacet
  facet normal 0.130662 0 -0.991427
    outer loop
      vertex -2.70229 -12.2366 8.34772
      vertex -2.75419 -5.24545 8.34088
      vertex -2.70229 -5.24772 8.34772
    endloop
  endfacet
  facet normal 0.130662 0 -0.991427
    outer loop
      vertex -2.75419 5.24545 8.34088
      vertex -2.70229 12.2366 8.34772
      vertex -2.70229 5.24772 8.34772
    endloop
  endfacet
  facet normal 0.130662 0 -0.991427
    outer loop
      vertex -2.70229 12.2366 8.34772
      vertex -2.75419 5.24545 8.34088
      vertex -2.75419 12.2406 8.34088
    endloop
  endfacet
  facet normal -0.737562 0 0.675279
    outer loop
      vertex -2.19243 -5.23002 7.36208
      vertex -2.19037 -12.582 7.36433
      vertex -2.19037 -5.22975 7.36433
    endloop
  endfacet
  facet normal -0.737171 2.40321e-07 0.675706
    outer loop
      vertex -2.22574 -5.23148 7.32574
      vertex -2.19037 -12.582 7.36433
      vertex -2.19243 -5.23002 7.36208
    endloop
  endfacet
  facet normal -0.737194 0 0.675681
    outer loop
      vertex -2.19037 -12.582 7.36433
      vertex -2.22574 -5.23148 7.32574
      vertex -2.22574 -12.5923 7.32574
    endloop
  endfacet
  facet normal -0.737194 0 0.675681
    outer loop
      vertex -2.22574 5.23148 7.32574
      vertex -2.19037 12.582 7.36433
      vertex -2.22574 12.5923 7.32574
    endloop
  endfacet
  facet normal -0.737171 -2.40321e-07 0.675706
    outer loop
      vertex -2.19243 5.23002 7.36208
      vertex -2.19037 12.582 7.36433
      vertex -2.22574 5.23148 7.32574
    endloop
  endfacet
  facet normal -0.737562 0 0.675279
    outer loop
      vertex -2.19037 12.582 7.36433
      vertex -2.19243 5.23002 7.36208
      vertex -2.19037 5.22975 7.36433
    endloop
  endfacet
  facet normal -0.97629 0 0.216465
    outer loop
      vertex -2.07044 -5.21396 7.59471
      vertex -2.05911 -12.5065 7.64581
      vertex -2.05911 -5.21247 7.64581
    endloop
  endfacet
  facet normal -0.97629 0 0.216465
    outer loop
      vertex -2.05911 -12.5065 7.64581
      vertex -2.07044 -5.21396 7.59471
      vertex -2.07044 -12.5202 7.59471
    endloop
  endfacet
  facet normal -0.97629 0 0.216465
    outer loop
      vertex -2.07044 5.21396 7.59471
      vertex -2.05911 12.5065 7.64581
      vertex -2.07044 12.5202 7.59471
    endloop
  endfacet
  facet normal -0.97629 0 0.216465
    outer loop
      vertex -2.05911 12.5065 7.64581
      vertex -2.07044 5.21396 7.59471
      vertex -2.05911 5.21247 7.64581
    endloop
  endfacet
  facet normal -0.300537 0 -0.95377
    outer loop
      vertex -2.49471 -12.2454 8.32955
      vertex -2.44479 -5.24104 8.31382
      vertex -2.44479 -12.2519 8.31382
    endloop
  endfacet
  facet normal -0.300537 0 -0.95377
    outer loop
      vertex -2.44479 -5.24104 8.31382
      vertex -2.49471 -12.2454 8.32955
      vertex -2.49471 -5.24322 8.32955
    endloop
  endfacet
  facet normal -0.300537 -0 -0.95377
    outer loop
      vertex -2.49471 12.2454 8.32955
      vertex -2.44479 5.24104 8.31382
      vertex -2.49471 5.24322 8.32955
    endloop
  endfacet
  facet normal -0.300537 0 -0.95377
    outer loop
      vertex -2.44479 5.24104 8.31382
      vertex -2.49471 12.2454 8.32955
      vertex -2.44479 12.2519 8.31382
    endloop
  endfacet
  facet normal 0.999051 -0 0.0435616
    outer loop
      vertex -3.25 -12.4786 7.75
      vertex -3.24772 -5.21157 7.69771
      vertex -3.25 -5.21127 7.75
    endloop
  endfacet
  facet normal 0.999051 0 0.0435616
    outer loop
      vertex -3.24772 -5.21157 7.69771
      vertex -3.25 -12.4786 7.75
      vertex -3.24772 -12.4926 7.69771
    endloop
  endfacet
  facet normal 0.999051 0 0.0435616
    outer loop
      vertex -3.25 12.4786 7.75
      vertex -3.24772 5.21157 7.69771
      vertex -3.24772 12.4926 7.69771
    endloop
  endfacet
  facet normal 0.999051 0 0.0435616
    outer loop
      vertex -3.24772 5.21157 7.69771
      vertex -3.25 12.4786 7.75
      vertex -3.25 5.21127 7.75
    endloop
  endfacet
  facet normal -0.537345 0 -0.843362
    outer loop
      vertex -2.35 -12.2702 8.26962
      vertex -2.30585 -5.23497 8.24149
      vertex -2.30585 -12.2818 8.24149
    endloop
  endfacet
  facet normal -0.537345 0 -0.843362
    outer loop
      vertex -2.30585 -5.23497 8.24149
      vertex -2.35 -12.2702 8.26962
      vertex -2.35 -5.2369 8.26962
    endloop
  endfacet
  facet normal -0.537345 -0 -0.843362
    outer loop
      vertex -2.35 12.2702 8.26962
      vertex -2.30585 5.23497 8.24149
      vertex -2.35 5.2369 8.26962
    endloop
  endfacet
  facet normal -0.537345 0 -0.843362
    outer loop
      vertex -2.30585 5.23497 8.24149
      vertex -2.35 12.2702 8.26962
      vertex -2.30585 12.2818 8.24149
    endloop
  endfacet
  facet normal -0.675681 0 -0.737194
    outer loop
      vertex -2.26433 -12.295 8.20963
      vertex -2.22574 -5.23148 8.17426
      vertex -2.22574 -12.3097 8.17426
    endloop
  endfacet
  facet normal -0.675681 0 -0.737194
    outer loop
      vertex -2.22574 -5.23148 8.17426
      vertex -2.26433 -12.295 8.20963
      vertex -2.26433 -5.23316 8.20963
    endloop
  endfacet
  facet normal -0.675681 -0 -0.737194
    outer loop
      vertex -2.26433 12.295 8.20963
      vertex -2.22574 5.23148 8.17426
      vertex -2.26433 5.23316 8.20963
    endloop
  endfacet
  facet normal -0.675681 0 -0.737194
    outer loop
      vertex -2.22574 5.23148 8.17426
      vertex -2.26433 12.295 8.20963
      vertex -2.22574 12.3097 8.17426
    endloop
  endfacet
  facet normal -0.88701 0 -0.46175
    outer loop
      vertex -2.10621 -5.21867 8.00357
      vertex -2.13038 -12.3612 8.05
      vertex -2.13038 -5.22185 8.05
    endloop
  endfacet
  facet normal -0.88701 0 -0.46175
    outer loop
      vertex -2.13038 -12.3612 8.05
      vertex -2.10621 -5.21867 8.00357
      vertex -2.10621 -12.3804 8.00357
    endloop
  endfacet
  facet normal -0.88701 0 -0.46175
    outer loop
      vertex -2.10621 5.21867 8.00357
      vertex -2.13038 12.3612 8.05
      vertex -2.10621 12.3804 8.00357
    endloop
  endfacet
  facet normal -0.88701 -0 -0.46175
    outer loop
      vertex -2.13038 12.3612 8.05
      vertex -2.10621 5.21867 8.00357
      vertex -2.13038 5.22185 8.05
    endloop
  endfacet
  facet normal -0.843362 0 -0.537345
    outer loop
      vertex -2.13038 -5.22185 8.05
      vertex -2.15851 -12.3429 8.09415
      vertex -2.15851 -5.22556 8.09415
    endloop
  endfacet
  facet normal -0.843362 0 -0.537345
    outer loop
      vertex -2.15851 -12.3429 8.09415
      vertex -2.13038 -5.22185 8.05
      vertex -2.13038 -12.3612 8.05
    endloop
  endfacet
  facet normal -0.843362 0 -0.537345
    outer loop
      vertex -2.13038 5.22185 8.05
      vertex -2.15851 12.3429 8.09415
      vertex -2.13038 12.3612 8.05
    endloop
  endfacet
  facet normal -0.843362 -0 -0.537345
    outer loop
      vertex -2.15851 12.3429 8.09415
      vertex -2.13038 5.22185 8.05
      vertex -2.15851 5.22556 8.09415
    endloop
  endfacet
  facet normal -0.216465 0 0.97629
    outer loop
      vertex -2.54581 -5.24545 7.15911
      vertex -2.49471 -12.6261 7.17044
      vertex -2.49471 -5.24322 7.17044
    endloop
  endfacet
  facet normal -0.216465 0 0.97629
    outer loop
      vertex -2.49471 -12.6261 7.17044
      vertex -2.54581 -5.24545 7.15911
      vertex -2.54581 -12.6276 7.15911
    endloop
  endfacet
  facet normal -0.216465 0 0.97629
    outer loop
      vertex -2.54581 5.24545 7.15911
      vertex -2.49471 12.6261 7.17044
      vertex -2.54581 12.6276 7.15911
    endloop
  endfacet
  facet normal -0.216465 0 0.97629
    outer loop
      vertex -2.49471 12.6261 7.17044
      vertex -2.54581 5.24545 7.15911
      vertex -2.49471 5.24322 7.17044
    endloop
  endfacet
  facet normal 0.737171 0 -0.675706
    outer loop
      vertex -3.07426 -12.3097 8.17426
      vertex -3.10757 -5.23002 8.13792
      vertex -3.07426 -5.23148 8.17426
    endloop
  endfacet
  facet normal 0.737562 4.03542e-06 -0.675279
    outer loop
      vertex -3.07426 -12.3097 8.17426
      vertex -3.10963 -5.22975 8.13567
      vertex -3.10757 -5.23002 8.13792
    endloop
  endfacet
  facet normal 0.737194 0 -0.675681
    outer loop
      vertex -3.10963 -5.22975 8.13567
      vertex -3.07426 -12.3097 8.17426
      vertex -3.10963 -12.3257 8.13567
    endloop
  endfacet
  facet normal 0.737171 0 -0.675706
    outer loop
      vertex -3.10757 5.23002 8.13792
      vertex -3.07426 12.3097 8.17426
      vertex -3.07426 5.23148 8.17426
    endloop
  endfacet
  facet normal 0.737562 -4.03542e-06 -0.675279
    outer loop
      vertex -3.10963 5.22975 8.13567
      vertex -3.07426 12.3097 8.17426
      vertex -3.10757 5.23002 8.13792
    endloop
  endfacet
  facet normal 0.737194 0 -0.675681
    outer loop
      vertex -3.07426 12.3097 8.17426
      vertex -3.10963 5.22975 8.13567
      vertex -3.10963 12.3257 8.13567
    endloop
  endfacet
  facet normal 0.675681 0 -0.737194
    outer loop
      vertex -3.07426 -5.23148 8.17426
      vertex -3.03567 -12.295 8.20963
      vertex -3.07426 -12.3097 8.17426
    endloop
  endfacet
  facet normal 0.675681 0 -0.737194
    outer loop
      vertex -3.03567 -12.295 8.20963
      vertex -3.07426 -5.23148 8.17426
      vertex -3.03567 -5.23316 8.20963
    endloop
  endfacet
  facet normal 0.675681 0 -0.737194
    outer loop
      vertex -3.07426 5.23148 8.17426
      vertex -3.03567 12.295 8.20963
      vertex -3.03567 5.23316 8.20963
    endloop
  endfacet
  facet normal 0.675681 0 -0.737194
    outer loop
      vertex -3.03567 12.295 8.20963
      vertex -3.07426 5.23148 8.17426
      vertex -3.07426 12.3097 8.17426
    endloop
  endfacet
  facet normal 0.991427 -0 0.130662
    outer loop
      vertex -3.24772 -12.4926 7.69771
      vertex -3.24088 -5.21247 7.64581
      vertex -3.24772 -5.21157 7.69771
    endloop
  endfacet
  facet normal 0.991427 0 0.130662
    outer loop
      vertex -3.24088 -5.21247 7.64581
      vertex -3.24772 -12.4926 7.69771
      vertex -3.24088 -12.5065 7.64581
    endloop
  endfacet
  facet normal 0.991427 0 0.130662
    outer loop
      vertex -3.24772 12.4926 7.69771
      vertex -3.24088 5.21247 7.64581
      vertex -3.24088 12.5065 7.64581
    endloop
  endfacet
  facet normal 0.991427 0 0.130662
    outer loop
      vertex -3.24088 5.21247 7.64581
      vertex -3.24772 12.4926 7.69771
      vertex -3.24772 5.21157 7.69771
    endloop
  endfacet
  facet normal -0.382661 0 0.923889
    outer loop
      vertex -2.44479 -5.24104 7.18618
      vertex -2.39643 -12.6214 7.20621
      vertex -2.39643 -5.23893 7.20621
    endloop
  endfacet
  facet normal -0.382661 0 0.923889
    outer loop
      vertex -2.39643 -12.6214 7.20621
      vertex -2.44479 -5.24104 7.18618
      vertex -2.44479 -12.624 7.18618
    endloop
  endfacet
  facet normal -0.382661 0 0.923889
    outer loop
      vertex -2.44479 5.24104 7.18618
      vertex -2.39643 12.6214 7.20621
      vertex -2.44479 12.624 7.18618
    endloop
  endfacet
  facet normal -0.382661 0 0.923889
    outer loop
      vertex -2.39643 12.6214 7.20621
      vertex -2.44479 5.24104 7.18618
      vertex -2.39643 5.23893 7.20621
    endloop
  endfacet
  facet normal -0.737171 0 -0.675706
    outer loop
      vertex -2.19243 -5.23002 8.13792
      vertex -2.22574 -12.3097 8.17426
      vertex -2.22574 -5.23148 8.17426
    endloop
  endfacet
  facet normal -0.737562 4.03542e-06 -0.675279
    outer loop
      vertex -2.19037 -5.22975 8.13567
      vertex -2.22574 -12.3097 8.17426
      vertex -2.19243 -5.23002 8.13792
    endloop
  endfacet
  facet normal -0.737194 0 -0.675681
    outer loop
      vertex -2.22574 -12.3097 8.17426
      vertex -2.19037 -5.22975 8.13567
      vertex -2.19037 -12.3257 8.13567
    endloop
  endfacet
  facet normal -0.737194 0 -0.675681
    outer loop
      vertex -2.19037 5.22975 8.13567
      vertex -2.22574 12.3097 8.17426
      vertex -2.19037 12.3257 8.13567
    endloop
  endfacet
  facet normal -0.737171 -0 -0.675706
    outer loop
      vertex -2.22574 12.3097 8.17426
      vertex -2.19243 5.23002 8.13792
      vertex -2.22574 5.23148 8.17426
    endloop
  endfacet
  facet normal -0.737562 -4.03542e-06 -0.675279
    outer loop
      vertex -2.22574 12.3097 8.17426
      vertex -2.19037 5.22975 8.13567
      vertex -2.19243 5.23002 8.13792
    endloop
  endfacet
  facet normal 0.537345 0 0.843362
    outer loop
      vertex -2.99415 12.6103 7.25851
      vertex -2.95 5.2369 7.23038
      vertex -2.95 12.6179 7.23038
    endloop
  endfacet
  facet normal 0.537345 0 0.843362
    outer loop
      vertex -2.95 5.2369 7.23038
      vertex -2.99415 12.6103 7.25851
      vertex -2.99415 5.23497 7.25851
    endloop
  endfacet
  facet normal 0.537345 -0 0.843362
    outer loop
      vertex -2.99415 -12.6103 7.25851
      vertex -2.95 -5.2369 7.23038
      vertex -2.99415 -5.23497 7.25851
    endloop
  endfacet
  facet normal 0.537345 0 0.843362
    outer loop
      vertex -2.95 -5.2369 7.23038
      vertex -2.99415 -12.6103 7.25851
      vertex -2.95 -12.6179 7.23038
    endloop
  endfacet
  facet normal 0.382824 0 -0.923821
    outer loop
      vertex -2.90357 -5.23893 8.29378
      vertex -2.85521 -12.2519 8.31382
      vertex -2.90357 -12.2602 8.29378
    endloop
  endfacet
  facet normal 0.382824 0 -0.923821
    outer loop
      vertex -2.85521 -12.2519 8.31382
      vertex -2.90357 -5.23893 8.29378
      vertex -2.85521 -5.24104 8.31382
    endloop
  endfacet
  facet normal 0.382824 0 -0.923821
    outer loop
      vertex -2.90357 5.23893 8.29378
      vertex -2.85521 12.2519 8.31382
      vertex -2.85521 5.24104 8.31382
    endloop
  endfacet
  facet normal 0.382824 0 -0.923821
    outer loop
      vertex -2.85521 12.2519 8.31382
      vertex -2.90357 5.23893 8.29378
      vertex -2.90357 12.2602 8.29378
    endloop
  endfacet
  facet normal 0.976331 0 -0.216283
    outer loop
      vertex -3.22956 -12.4211 7.90529
      vertex -3.24088 -5.21247 7.85419
      vertex -3.22956 -5.21396 7.90529
    endloop
  endfacet
  facet normal 0.976331 0 -0.216283
    outer loop
      vertex -3.24088 -5.21247 7.85419
      vertex -3.22956 -12.4211 7.90529
      vertex -3.24088 -12.4423 7.85419
    endloop
  endfacet
  facet normal 0.976331 0 -0.216283
    outer loop
      vertex -3.24088 5.21247 7.85419
      vertex -3.22956 12.4211 7.90529
      vertex -3.22956 5.21396 7.90529
    endloop
  endfacet
  facet normal 0.976331 0 -0.216283
    outer loop
      vertex -3.22956 12.4211 7.90529
      vertex -3.24088 5.21247 7.85419
      vertex -3.24088 12.4423 7.85419
    endloop
  endfacet
  facet normal 0.991427 0 -0.130662
    outer loop
      vertex -3.24088 -12.4423 7.85419
      vertex -3.24772 -5.21157 7.80229
      vertex -3.24088 -5.21247 7.85419
    endloop
  endfacet
  facet normal 0.991427 0 -0.130662
    outer loop
      vertex -3.24772 -5.21157 7.80229
      vertex -3.24088 -12.4423 7.85419
      vertex -3.24772 -12.4638 7.80229
    endloop
  endfacet
  facet normal 0.991427 0 -0.130662
    outer loop
      vertex -3.24772 5.21157 7.80229
      vertex -3.24088 12.4423 7.85419
      vertex -3.24088 5.21247 7.85419
    endloop
  endfacet
  facet normal 0.991427 0 -0.130662
    outer loop
      vertex -3.24088 12.4423 7.85419
      vertex -3.24772 5.21157 7.80229
      vertex -3.24772 12.4638 7.80229
    endloop
  endfacet
  facet normal 0.793348 0 -0.608768
    outer loop
      vertex -3.10963 -12.3257 8.13567
      vertex -3.14149 -5.22556 8.09415
      vertex -3.10963 -5.22975 8.13567
    endloop
  endfacet
  facet normal 0.793348 0 -0.608768
    outer loop
      vertex -3.14149 -5.22556 8.09415
      vertex -3.10963 -12.3257 8.13567
      vertex -3.14149 -12.3429 8.09415
    endloop
  endfacet
  facet normal 0.793348 0 -0.608768
    outer loop
      vertex -3.14149 5.22556 8.09415
      vertex -3.10963 12.3257 8.13567
      vertex -3.10963 5.22975 8.13567
    endloop
  endfacet
  facet normal 0.793348 0 -0.608768
    outer loop
      vertex -3.10963 12.3257 8.13567
      vertex -3.14149 5.22556 8.09415
      vertex -3.14149 12.3429 8.09415
    endloop
  endfacet
  facet normal -0.130662 0 -0.991427
    outer loop
      vertex -2.59771 -12.2366 8.34772
      vertex -2.54581 -5.24545 8.34088
      vertex -2.54581 -12.2406 8.34088
    endloop
  endfacet
  facet normal -0.130662 0 -0.991427
    outer loop
      vertex -2.54581 -5.24545 8.34088
      vertex -2.59771 -12.2366 8.34772
      vertex -2.59771 -5.24772 8.34772
    endloop
  endfacet
  facet normal -0.130662 -0 -0.991427
    outer loop
      vertex -2.59771 12.2366 8.34772
      vertex -2.54581 5.24545 8.34088
      vertex -2.59771 5.24772 8.34772
    endloop
  endfacet
  facet normal -0.130662 0 -0.991427
    outer loop
      vertex -2.54581 5.24545 8.34088
      vertex -2.59771 12.2366 8.34772
      vertex -2.54581 12.2406 8.34088
    endloop
  endfacet
  facet normal 0.953661 -0 0.300885
    outer loop
      vertex -3.22956 -12.5202 7.59471
      vertex -3.21381 -5.21603 7.54479
      vertex -3.22956 -5.21396 7.59471
    endloop
  endfacet
  facet normal 0.953661 0 0.300885
    outer loop
      vertex -3.21381 -5.21603 7.54479
      vertex -3.22956 -12.5202 7.59471
      vertex -3.21381 -12.5336 7.54479
    endloop
  endfacet
  facet normal 0.953661 0 0.300885
    outer loop
      vertex -3.22956 12.5202 7.59471
      vertex -3.21381 5.21603 7.54479
      vertex -3.21381 12.5336 7.54479
    endloop
  endfacet
  facet normal 0.953661 0 0.300885
    outer loop
      vertex -3.21381 5.21603 7.54479
      vertex -3.22956 12.5202 7.59471
      vertex -3.22956 5.21396 7.59471
    endloop
  endfacet
  facet normal 0.923889 -0 0.382661
    outer loop
      vertex -3.21381 -12.5336 7.54479
      vertex -3.19378 -5.21867 7.49643
      vertex -3.21381 -5.21603 7.54479
    endloop
  endfacet
  facet normal 0.923889 0 0.382661
    outer loop
      vertex -3.19378 -5.21867 7.49643
      vertex -3.21381 -12.5336 7.54479
      vertex -3.19378 -12.5466 7.49643
    endloop
  endfacet
  facet normal 0.923889 0 0.382661
    outer loop
      vertex -3.21381 12.5336 7.54479
      vertex -3.19378 5.21867 7.49643
      vertex -3.19378 12.5466 7.49643
    endloop
  endfacet
  facet normal 0.923889 0 0.382661
    outer loop
      vertex -3.19378 5.21867 7.49643
      vertex -3.21381 12.5336 7.54479
      vertex -3.21381 5.21603 7.54479
    endloop
  endfacet
  facet normal 0.608768 0 -0.793348
    outer loop
      vertex -3.03567 -5.23316 8.20963
      vertex -2.99415 -12.2818 8.24149
      vertex -3.03567 -12.295 8.20963
    endloop
  endfacet
  facet normal 0.608768 0 -0.793348
    outer loop
      vertex -2.99415 -12.2818 8.24149
      vertex -3.03567 -5.23316 8.20963
      vertex -2.99415 -5.23497 8.24149
    endloop
  endfacet
  facet normal 0.608768 0 -0.793348
    outer loop
      vertex -3.03567 5.23316 8.20963
      vertex -2.99415 12.2818 8.24149
      vertex -2.99415 5.23497 8.24149
    endloop
  endfacet
  facet normal 0.608768 0 -0.793348
    outer loop
      vertex -2.99415 12.2818 8.24149
      vertex -3.03567 5.23316 8.20963
      vertex -3.03567 12.295 8.20963
    endloop
  endfacet
  facet normal -0.793348 0 0.608768
    outer loop
      vertex -2.19037 -5.22975 7.36433
      vertex -2.15851 -12.5708 7.40585
      vertex -2.15851 -5.22556 7.40585
    endloop
  endfacet
  facet normal -0.793348 0 0.608768
    outer loop
      vertex -2.15851 -12.5708 7.40585
      vertex -2.19037 -5.22975 7.36433
      vertex -2.19037 -12.582 7.36433
    endloop
  endfacet
  facet normal -0.793348 0 0.608768
    outer loop
      vertex -2.19037 5.22975 7.36433
      vertex -2.15851 12.5708 7.40585
      vertex -2.19037 12.582 7.36433
    endloop
  endfacet
  facet normal -0.793348 0 0.608768
    outer loop
      vertex -2.15851 12.5708 7.40585
      vertex -2.19037 5.22975 7.36433
      vertex -2.15851 5.22556 7.40585
    endloop
  endfacet
  facet normal 0.793348 -0 0.608768
    outer loop
      vertex -3.14149 -12.5708 7.40585
      vertex -3.10963 -5.22975 7.36433
      vertex -3.14149 -5.22556 7.40585
    endloop
  endfacet
  facet normal 0.793348 0 0.608768
    outer loop
      vertex -3.10963 -5.22975 7.36433
      vertex -3.14149 -12.5708 7.40585
      vertex -3.10963 -12.582 7.36433
    endloop
  endfacet
  facet normal 0.793348 0 0.608768
    outer loop
      vertex -3.14149 12.5708 7.40585
      vertex -3.10963 5.22975 7.36433
      vertex -3.10963 12.582 7.36433
    endloop
  endfacet
  facet normal 0.793348 0 0.608768
    outer loop
      vertex -3.10963 5.22975 7.36433
      vertex -3.14149 12.5708 7.40585
      vertex -3.14149 5.22556 7.40585
    endloop
  endfacet
  facet normal -0.991452 0 0.130474
    outer loop
      vertex -2.05911 -5.21247 7.64581
      vertex -2.05228 -12.4926 7.69771
      vertex -2.05228 -5.21157 7.69771
    endloop
  endfacet
  facet normal -0.991452 0 0.130474
    outer loop
      vertex -2.05228 -12.4926 7.69771
      vertex -2.05911 -5.21247 7.64581
      vertex -2.05911 -12.5065 7.64581
    endloop
  endfacet
  facet normal -0.991452 0 0.130474
    outer loop
      vertex -2.05911 5.21247 7.64581
      vertex -2.05228 12.4926 7.69771
      vertex -2.05911 12.5065 7.64581
    endloop
  endfacet
  facet normal -0.991452 0 0.130474
    outer loop
      vertex -2.05228 12.4926 7.69771
      vertex -2.05911 5.21247 7.64581
      vertex -2.05228 5.21157 7.69771
    endloop
  endfacet
  facet normal -0.953715 0 0.300711
    outer loop
      vertex -2.08618 -5.21603 7.54479
      vertex -2.07044 -12.5202 7.59471
      vertex -2.07044 -5.21396 7.59471
    endloop
  endfacet
  facet normal -0.953715 0 0.300711
    outer loop
      vertex -2.07044 -12.5202 7.59471
      vertex -2.08618 -5.21603 7.54479
      vertex -2.08618 -12.5336 7.54479
    endloop
  endfacet
  facet normal -0.953715 0 0.300711
    outer loop
      vertex -2.08618 5.21603 7.54479
      vertex -2.07044 12.5202 7.59471
      vertex -2.08618 12.5336 7.54479
    endloop
  endfacet
  facet normal -0.953715 0 0.300711
    outer loop
      vertex -2.07044 12.5202 7.59471
      vertex -2.08618 5.21603 7.54479
      vertex -2.07044 5.21396 7.59471
    endloop
  endfacet
  facet normal -0.537345 0 0.843362
    outer loop
      vertex -2.35 5.2369 7.23038
      vertex -2.30585 12.6103 7.25851
      vertex -2.35 12.6179 7.23038
    endloop
  endfacet
  facet normal -0.537345 0 0.843362
    outer loop
      vertex -2.30585 12.6103 7.25851
      vertex -2.35 5.2369 7.23038
      vertex -2.30585 5.23497 7.25851
    endloop
  endfacet
  facet normal -0.537345 0 0.843362
    outer loop
      vertex -2.35 -5.2369 7.23038
      vertex -2.30585 -12.6103 7.25851
      vertex -2.30585 -5.23497 7.25851
    endloop
  endfacet
  facet normal -0.537345 0 0.843362
    outer loop
      vertex -2.30585 -12.6103 7.25851
      vertex -2.35 -5.2369 7.23038
      vertex -2.35 -12.6179 7.23038
    endloop
  endfacet
  facet normal 0.843449 -0 0.537209
    outer loop
      vertex -3.16961 -12.559 7.45
      vertex -3.14149 -5.22556 7.40585
      vertex -3.16961 -5.22185 7.45
    endloop
  endfacet
  facet normal 0.843449 0 0.537209
    outer loop
      vertex -3.14149 -5.22556 7.40585
      vertex -3.16961 -12.559 7.45
      vertex -3.14149 -12.5708 7.40585
    endloop
  endfacet
  facet normal 0.843449 0 0.537209
    outer loop
      vertex -3.16961 12.559 7.45
      vertex -3.14149 5.22556 7.40585
      vertex -3.14149 12.5708 7.40585
    endloop
  endfacet
  facet normal 0.843449 0 0.537209
    outer loop
      vertex -3.14149 5.22556 7.40585
      vertex -3.16961 12.559 7.45
      vertex -3.16961 5.22185 7.45
    endloop
  endfacet
  facet normal -0.0435616 -0 -0.999051
    outer loop
      vertex -2.65 -5.25 8.35
      vertex -2.59771 -12.2366 8.34772
      vertex -2.65 -12.2353 8.35
    endloop
  endfacet
  facet normal -0.0435616 0 -0.999051
    outer loop
      vertex -2.59771 -12.2366 8.34772
      vertex -2.65 -5.25 8.35
      vertex -2.59771 -5.24772 8.34772
    endloop
  endfacet
  facet normal -0.0435616 0 -0.999051
    outer loop
      vertex -2.65 5.25 8.35
      vertex -2.59771 12.2366 8.34772
      vertex -2.59771 5.24772 8.34772
    endloop
  endfacet
  facet normal -0.0435616 0 -0.999051
    outer loop
      vertex -2.59771 12.2366 8.34772
      vertex -2.65 5.25 8.35
      vertex -2.65 12.2353 8.35
    endloop
  endfacet
  facet normal 0.88701 0 -0.46175
    outer loop
      vertex -3.16961 -12.3612 8.05
      vertex -3.19378 -5.21867 8.00357
      vertex -3.16961 -5.22185 8.05
    endloop
  endfacet
  facet normal 0.88701 0 -0.46175
    outer loop
      vertex -3.19378 -5.21867 8.00357
      vertex -3.16961 -12.3612 8.05
      vertex -3.19378 -12.3804 8.00357
    endloop
  endfacet
  facet normal 0.88701 0 -0.46175
    outer loop
      vertex -3.19378 5.21867 8.00357
      vertex -3.16961 12.3612 8.05
      vertex -3.16961 5.22185 8.05
    endloop
  endfacet
  facet normal 0.88701 0 -0.46175
    outer loop
      vertex -3.16961 12.3612 8.05
      vertex -3.19378 5.21867 8.00357
      vertex -3.19378 12.3804 8.00357
    endloop
  endfacet
  facet normal 0.88701 -0 0.46175
    outer loop
      vertex -3.19378 -12.5466 7.49643
      vertex -3.16961 -5.22185 7.45
      vertex -3.19378 -5.21867 7.49643
    endloop
  endfacet
  facet normal 0.88701 0 0.46175
    outer loop
      vertex -3.16961 -5.22185 7.45
      vertex -3.19378 -12.5466 7.49643
      vertex -3.16961 -12.559 7.45
    endloop
  endfacet
  facet normal 0.88701 0 0.46175
    outer loop
      vertex -3.19378 12.5466 7.49643
      vertex -3.16961 5.22185 7.45
      vertex -3.16961 12.559 7.45
    endloop
  endfacet
  facet normal 0.88701 0 0.46175
    outer loop
      vertex -3.16961 5.22185 7.45
      vertex -3.19378 12.5466 7.49643
      vertex -3.19378 5.21867 7.49643
    endloop
  endfacet
  facet normal 0.608768 -0 0.793348
    outer loop
      vertex -3.03567 -12.6018 7.29037
      vertex -2.99415 -5.23497 7.25851
      vertex -3.03567 -5.23316 7.29037
    endloop
  endfacet
  facet normal 0.608768 0 0.793348
    outer loop
      vertex -2.99415 -5.23497 7.25851
      vertex -3.03567 -12.6018 7.29037
      vertex -2.99415 -12.6103 7.25851
    endloop
  endfacet
  facet normal 0.608768 0 0.793348
    outer loop
      vertex -3.03567 12.6018 7.29037
      vertex -2.99415 5.23497 7.25851
      vertex -2.99415 12.6103 7.25851
    endloop
  endfacet
  facet normal 0.608768 0 0.793348
    outer loop
      vertex -2.99415 5.23497 7.25851
      vertex -3.03567 12.6018 7.29037
      vertex -3.03567 5.23316 7.29037
    endloop
  endfacet
  facet normal -0.130525 0.991445 0
    outer loop
      vertex -1.73835 -5.17024 10.25
      vertex -2.19243 -5.23002 8.13792
      vertex -2.19243 -5.23002 10.25
    endloop
  endfacet
  facet normal -0.130065 0.991506 -0.000100617
    outer loop
      vertex -1.73835 -5.17024 10.25
      vertex -2.19037 -5.22975 8.13567
      vertex -2.19243 -5.23002 8.13792
    endloop
  endfacet
  facet normal -0.13042 0.991459 -2.33077e-05
    outer loop
      vertex -1.73835 -5.17024 10.25
      vertex -2.15851 -5.22556 8.09415
      vertex -2.19037 -5.22975 8.13567
    endloop
  endfacet
  facet normal -0.130704 0.991421 3.30749e-05
    outer loop
      vertex -1.73835 -5.17024 10.25
      vertex -2.13038 -5.22185 8.05
      vertex -2.15851 -5.22556 8.09415
    endloop
  endfacet
  facet normal -0.130464 0.991453 -1.05332e-05
    outer loop
      vertex -1.73835 -5.17024 10.25
      vertex -2.10621 -5.21867 8.00357
      vertex -2.13038 -5.22185 8.05
    endloop
  endfacet
  facet normal -0.130631 0.991431 1.73303e-05
    outer loop
      vertex -1.73835 -5.17024 10.25
      vertex -2.08618 -5.21603 7.95521
      vertex -2.10621 -5.21867 8.00357
    endloop
  endfacet
  facet normal -0.130431 0.991457 -1.34675e-05
    outer loop
      vertex -1.73835 -5.17024 10.25
      vertex -2.07044 -5.21396 7.90529
      vertex -2.08618 -5.21603 7.95521
    endloop
  endfacet
  facet normal -0.13044 0.991456 -1.21497e-05
    outer loop
      vertex -1.73835 -5.17024 10.25
      vertex -2.05911 -5.21247 7.85419
      vertex -2.07044 -5.21396 7.90529
    endloop
  endfacet
  facet normal -0.13053 0.991444 0
    outer loop
      vertex -1.73835 -5.17024 6.85
      vertex -2.05911 -5.21247 7.85419
      vertex -1.73835 -5.17024 10.25
    endloop
  endfacet
  facet normal -0.130451 0.991455 2.56351e-05
    outer loop
      vertex -2.05911 -5.21247 7.85419
      vertex -1.73835 -5.17024 6.85
      vertex -2.05228 -5.21157 7.80229
    endloop
  endfacet
  facet normal -0.130538 0.991443 -3.71682e-06
    outer loop
      vertex -2.05228 -5.21157 7.80229
      vertex -1.73835 -5.17024 6.85
      vertex -2.05 -5.21127 7.75
    endloop
  endfacet
  facet normal -0.13052 0.991446 2.88547e-06
    outer loop
      vertex -2.05 -5.21127 7.75
      vertex -1.73835 -5.17024 6.85
      vertex -2.05228 -5.21157 7.69771
    endloop
  endfacet
  facet normal -0.130557 0.991441 -1.13633e-05
    outer loop
      vertex -1.73835 -5.17024 6.85
      vertex -2.05911 -5.21247 7.64581
      vertex -2.05228 -5.21157 7.69771
    endloop
  endfacet
  facet normal -0.130479 0.991451 2.08183e-05
    outer loop
      vertex -1.73835 -5.17024 6.85
      vertex -2.07044 -5.21396 7.59471
      vertex -2.05911 -5.21247 7.64581
    endloop
  endfacet
  facet normal -0.130469 0.991452 2.54522e-05
    outer loop
      vertex -1.73835 -5.17024 6.85
      vertex -2.08618 -5.21603 7.54479
      vertex -2.07044 -5.21396 7.59471
    endloop
  endfacet
  facet normal -0.130588 0.991437 -3.53996e-05
    outer loop
      vertex -1.73835 -5.17024 6.85
      vertex -2.10621 -5.21867 7.49643
      vertex -2.08618 -5.21603 7.54479
    endloop
  endfacet
  facet normal -0.130487 0.99145 2.29886e-05
    outer loop
      vertex -1.73835 -5.17024 6.85
      vertex -2.13038 -5.22185 7.45
      vertex -2.10621 -5.21867 7.49643
    endloop
  endfacet
  facet normal -0.130637 0.99143 -7.66205e-05
    outer loop
      vertex -1.73835 -5.17024 6.85
      vertex -2.15851 -5.22556 7.40585
      vertex -2.13038 -5.22185 7.45
    endloop
  endfacet
  facet normal -0.130463 0.991453 5.7105e-05
    outer loop
      vertex -1.73835 -5.17024 6.85
      vertex -2.19037 -5.22975 7.36433
      vertex -2.15851 -5.22556 7.40585
    endloop
  endfacet
  facet normal -0.130236 0.991483 0.000260313
    outer loop
      vertex -1.73835 -5.17024 6.85
      vertex -2.19243 -5.23002 7.36208
      vertex -2.19037 -5.22975 7.36433
    endloop
  endfacet
  facet normal -0.130525 0.991445 0
    outer loop
      vertex -2.19243 -5.23002 7.36208
      vertex -1.73835 -5.17024 6.85
      vertex -2.19243 -5.23002 6.85
    endloop
  endfacet
  facet normal 0.130525 0.991445 -0
    outer loop
      vertex -3.10757 -5.23002 8.13792
      vertex -3.56165 -5.17024 10.25
      vertex -3.10757 -5.23002 10.25
    endloop
  endfacet
  facet normal 0.130065 0.991506 -0.000100617
    outer loop
      vertex -3.10963 -5.22975 8.13567
      vertex -3.56165 -5.17024 10.25
      vertex -3.10757 -5.23002 8.13792
    endloop
  endfacet
  facet normal 0.13042 0.991459 -2.33077e-05
    outer loop
      vertex -3.14149 -5.22556 8.09415
      vertex -3.56165 -5.17024 10.25
      vertex -3.10963 -5.22975 8.13567
    endloop
  endfacet
  facet normal 0.130739 0.991417 4.0011e-05
    outer loop
      vertex -3.16961 -5.22185 8.05
      vertex -3.56165 -5.17024 10.25
      vertex -3.14149 -5.22556 8.09415
    endloop
  endfacet
  facet normal 0.130463 0.991453 -1.00914e-05
    outer loop
      vertex -3.19378 -5.21867 8.00357
      vertex -3.56165 -5.17024 10.25
      vertex -3.16961 -5.22185 8.05
    endloop
  endfacet
  facet normal 0.13063 0.991431 1.7747e-05
    outer loop
      vertex -3.21381 -5.21603 7.95521
      vertex -3.56165 -5.17024 10.25
      vertex -3.19378 -5.21867 8.00357
    endloop
  endfacet
  facet normal 0.130375 0.991465 -2.15629e-05
    outer loop
      vertex -3.22956 -5.21396 7.90529
      vertex -3.56165 -5.17024 10.25
      vertex -3.21381 -5.21603 7.95521
    endloop
  endfacet
  facet normal 0.13051 0.991447 -2.19426e-06
    outer loop
      vertex -3.24088 -5.21247 7.85419
      vertex -3.56165 -5.17024 10.25
      vertex -3.22956 -5.21396 7.90529
    endloop
  endfacet
  facet normal 0.130576 0.991438 -1.62413e-05
    outer loop
      vertex -3.56165 -5.17024 6.85
      vertex -3.24088 -5.21247 7.85419
      vertex -3.24772 -5.21157 7.80229
    endloop
  endfacet
  facet normal 0.130538 0.991443 -3.71682e-06
    outer loop
      vertex -3.56165 -5.17024 6.85
      vertex -3.24772 -5.21157 7.80229
      vertex -3.25 -5.21127 7.75
    endloop
  endfacet
  facet normal 0.13052 0.991446 2.88547e-06
    outer loop
      vertex -3.56165 -5.17024 6.85
      vertex -3.25 -5.21127 7.75
      vertex -3.24772 -5.21157 7.69771
    endloop
  endfacet
  facet normal 0.130525 0.991445 0
    outer loop
      vertex -3.56165 -5.17024 6.85
      vertex -3.10757 -5.23002 7.36208
      vertex -3.10757 -5.23002 6.85
    endloop
  endfacet
  facet normal 0.130236 0.991483 0.000260313
    outer loop
      vertex -3.10757 -5.23002 7.36208
      vertex -3.56165 -5.17024 6.85
      vertex -3.10963 -5.22975 7.36433
    endloop
  endfacet
  facet normal 0.130463 0.991453 5.7105e-05
    outer loop
      vertex -3.10963 -5.22975 7.36433
      vertex -3.56165 -5.17024 6.85
      vertex -3.14149 -5.22556 7.40585
    endloop
  endfacet
  facet normal 0.130658 0.991427 -9.26787e-05
    outer loop
      vertex -3.14149 -5.22556 7.40585
      vertex -3.56165 -5.17024 6.85
      vertex -3.16961 -5.22185 7.45
    endloop
  endfacet
  facet normal 0.130485 0.99145 2.20242e-05
    outer loop
      vertex -3.16961 -5.22185 7.45
      vertex -3.56165 -5.17024 6.85
      vertex -3.19378 -5.21867 7.49643
    endloop
  endfacet
  facet normal 0.130586 0.991437 -3.62505e-05
    outer loop
      vertex -3.19378 -5.21867 7.49643
      vertex -3.56165 -5.17024 6.85
      vertex -3.21381 -5.21603 7.54479
    endloop
  endfacet
  facet normal 0.130435 0.991457 4.07586e-05
    outer loop
      vertex -3.21381 -5.21603 7.54479
      vertex -3.56165 -5.17024 6.85
      vertex -3.22956 -5.21396 7.59471
    endloop
  endfacet
  facet normal 0.130526 0.991445 0
    outer loop
      vertex -3.24088 -5.21247 7.85419
      vertex -3.56165 -5.17024 6.85
      vertex -3.56165 -5.17024 10.25
    endloop
  endfacet
  facet normal 0.130508 0.991447 7.1897e-06
    outer loop
      vertex -3.24088 -5.21247 7.64581
      vertex -3.56165 -5.17024 6.85
      vertex -3.24772 -5.21157 7.69771
    endloop
  endfacet
  facet normal 0.130517 0.991446 3.75892e-06
    outer loop
      vertex -3.22956 -5.21396 7.59471
      vertex -3.56165 -5.17024 6.85
      vertex -3.24088 -5.21247 7.64581
    endloop
  endfacet
  facet normal -0.843399 0.537288 0
    outer loop
      vertex 1.65055 -3.01128 6.85
      vertex 1.89663 -2.625 10.25
      vertex 1.89663 -2.625 6.85
    endloop
  endfacet
  facet normal -0.843399 0.537288 0
    outer loop
      vertex 1.89663 -2.625 10.25
      vertex 1.65055 -3.01128 6.85
      vertex 1.65055 -3.01128 10.25
    endloop
  endfacet
  facet normal 0.130525 -0.991445 0
    outer loop
      vertex -3.56165 5.17024 10.25
      vertex -3.10757 5.23002 8.13792
      vertex -3.10757 5.23002 10.25
    endloop
  endfacet
  facet normal 0.130065 -0.991506 -0.000100617
    outer loop
      vertex -3.56165 5.17024 10.25
      vertex -3.10963 5.22975 8.13567
      vertex -3.10757 5.23002 8.13792
    endloop
  endfacet
  facet normal 0.13042 -0.991459 -2.33077e-05
    outer loop
      vertex -3.56165 5.17024 10.25
      vertex -3.14149 5.22556 8.09415
      vertex -3.10963 5.22975 8.13567
    endloop
  endfacet
  facet normal 0.130739 -0.991417 4.0011e-05
    outer loop
      vertex -3.56165 5.17024 10.25
      vertex -3.16961 5.22185 8.05
      vertex -3.14149 5.22556 8.09415
    endloop
  endfacet
  facet normal 0.130463 -0.991453 -1.00914e-05
    outer loop
      vertex -3.56165 5.17024 10.25
      vertex -3.19378 5.21867 8.00357
      vertex -3.16961 5.22185 8.05
    endloop
  endfacet
  facet normal 0.13063 -0.991431 1.7747e-05
    outer loop
      vertex -3.56165 5.17024 10.25
      vertex -3.21381 5.21603 7.95521
      vertex -3.19378 5.21867 8.00357
    endloop
  endfacet
  facet normal 0.130375 -0.991465 -2.15629e-05
    outer loop
      vertex -3.56165 5.17024 10.25
      vertex -3.22956 5.21396 7.90529
      vertex -3.21381 5.21603 7.95521
    endloop
  endfacet
  facet normal 0.13051 -0.991447 -2.19426e-06
    outer loop
      vertex -3.56165 5.17024 10.25
      vertex -3.24088 5.21247 7.85419
      vertex -3.22956 5.21396 7.90529
    endloop
  endfacet
  facet normal 0.130526 -0.991445 0
    outer loop
      vertex -3.56165 5.17024 6.85
      vertex -3.24088 5.21247 7.85419
      vertex -3.56165 5.17024 10.25
    endloop
  endfacet
  facet normal 0.130576 -0.991438 -1.62413e-05
    outer loop
      vertex -3.24088 5.21247 7.85419
      vertex -3.56165 5.17024 6.85
      vertex -3.24772 5.21157 7.80229
    endloop
  endfacet
  facet normal 0.130538 -0.991443 -3.71682e-06
    outer loop
      vertex -3.24772 5.21157 7.80229
      vertex -3.56165 5.17024 6.85
      vertex -3.25 5.21127 7.75
    endloop
  endfacet
  facet normal 0.13052 -0.991446 2.88547e-06
    outer loop
      vertex -3.25 5.21127 7.75
      vertex -3.56165 5.17024 6.85
      vertex -3.24772 5.21157 7.69771
    endloop
  endfacet
  facet normal 0.130508 -0.991447 7.1897e-06
    outer loop
      vertex -3.56165 5.17024 6.85
      vertex -3.24088 5.21247 7.64581
      vertex -3.24772 5.21157 7.69771
    endloop
  endfacet
  facet normal 0.130517 -0.991446 3.75892e-06
    outer loop
      vertex -3.56165 5.17024 6.85
      vertex -3.22956 5.21396 7.59471
      vertex -3.24088 5.21247 7.64581
    endloop
  endfacet
  facet normal 0.130435 -0.991457 4.07586e-05
    outer loop
      vertex -3.56165 5.17024 6.85
      vertex -3.21381 5.21603 7.54479
      vertex -3.22956 5.21396 7.59471
    endloop
  endfacet
  facet normal 0.130586 -0.991437 -3.62505e-05
    outer loop
      vertex -3.56165 5.17024 6.85
      vertex -3.19378 5.21867 7.49643
      vertex -3.21381 5.21603 7.54479
    endloop
  endfacet
  facet normal 0.130485 -0.99145 2.20242e-05
    outer loop
      vertex -3.56165 5.17024 6.85
      vertex -3.16961 5.22185 7.45
      vertex -3.19378 5.21867 7.49643
    endloop
  endfacet
  facet normal 0.130658 -0.991427 -9.26787e-05
    outer loop
      vertex -3.56165 5.17024 6.85
      vertex -3.14149 5.22556 7.40585
      vertex -3.16961 5.22185 7.45
    endloop
  endfacet
  facet normal 0.130463 -0.991453 5.7105e-05
    outer loop
      vertex -3.56165 5.17024 6.85
      vertex -3.10963 5.22975 7.36433
      vertex -3.14149 5.22556 7.40585
    endloop
  endfacet
  facet normal 0.130236 -0.991483 0.000260313
    outer loop
      vertex -3.56165 5.17024 6.85
      vertex -3.10757 5.23002 7.36208
      vertex -3.10963 5.22975 7.36433
    endloop
  endfacet
  facet normal 0.130525 -0.991445 0
    outer loop
      vertex -3.10757 5.23002 7.36208
      vertex -3.56165 5.17024 6.85
      vertex -3.10757 5.23002 6.85
    endloop
  endfacet
  facet normal 0 0 -1
    outer loop
      vertex 2.58002 -0.457567 10.25
      vertex 2.58002 0.457567 10.25
      vertex 2.6 0 10.25
    endloop
  endfacet
  facet normal 0 0 -1
    outer loop
      vertex 2.52024 -0.911653 10.25
      vertex 2.58002 0.457567 10.25
      vertex 2.58002 -0.457567 10.25
    endloop
  endfacet
  facet normal 0 0 -1
    outer loop
      vertex 2.52024 -0.911653 10.25
      vertex 2.52024 0.911653 10.25
      vertex 2.58002 0.457567 10.25
    endloop
  endfacet
  facet normal 0 0 -1
    outer loop
      vertex 2.42111 -1.3588 10.25
      vertex 2.52024 0.911653 10.25
      vertex 2.52024 -0.911653 10.25
    endloop
  endfacet
  facet normal 0 0 -1
    outer loop
      vertex 2.42111 -1.3588 10.25
      vertex 2.42111 1.3588 10.25
      vertex 2.52024 0.911653 10.25
    endloop
  endfacet
  facet normal 0 0 -1
    outer loop
      vertex 2.28339 -1.79561 10.25
      vertex 2.42111 1.3588 10.25
      vertex 2.42111 -1.3588 10.25
    endloop
  endfacet
  facet normal 0 0 -1
    outer loop
      vertex 2.28339 -1.79561 10.25
      vertex 2.28339 1.79561 10.25
      vertex 2.42111 1.3588 10.25
    endloop
  endfacet
  facet normal 0 0 -1
    outer loop
      vertex 2.10812 -2.21875 10.25
      vertex 2.28339 1.79561 10.25
      vertex 2.28339 -1.79561 10.25
    endloop
  endfacet
  facet normal 0 0 -1
    outer loop
      vertex 2.10812 -2.21875 10.25
      vertex 2.10812 2.21875 10.25
      vertex 2.28339 1.79561 10.25
    endloop
  endfacet
  facet normal 0 0 -1
    outer loop
      vertex 1.89663 -2.625 10.25
      vertex 2.10812 2.21875 10.25
      vertex 2.10812 -2.21875 10.25
    endloop
  endfacet
  facet normal 0 0 -1
    outer loop
      vertex 1.89663 -2.625 10.25
      vertex 1.89663 2.625 10.25
      vertex 2.10812 2.21875 10.25
    endloop
  endfacet
  facet normal 0 0 -1
    outer loop
      vertex 1.65055 -3.01128 10.25
      vertex 1.89663 2.625 10.25
      vertex 1.89663 -2.625 10.25
    endloop
  endfacet
  facet normal 0 0 -1
    outer loop
      vertex 1.65055 -3.01128 10.25
      vertex 1.65055 3.01128 10.25
      vertex 1.89663 2.625 10.25
    endloop
  endfacet
  facet normal 0 0 -1
    outer loop
      vertex 1.37173 -3.37463 10.25
      vertex 1.65055 3.01128 10.25
      vertex 1.65055 -3.01128 10.25
    endloop
  endfacet
  facet normal 0 0 -1
    outer loop
      vertex 1.37173 -3.37463 10.25
      vertex 1.37173 3.37463 10.25
      vertex 1.65055 3.01128 10.25
    endloop
  endfacet
  facet normal 0 0 -1
    outer loop
      vertex 1.06231 -3.71231 10.25
      vertex 1.37173 3.37463 10.25
      vertex 1.37173 -3.37463 10.25
    endloop
  endfacet
  facet normal 0 0 -1
    outer loop
      vertex 1.06231 -3.71231 10.25
      vertex 1.06231 3.71231 10.25
      vertex 1.37173 3.37463 10.25
    endloop
  endfacet
  facet normal 0 0 -1
    outer loop
      vertex 0.724634 -4.02173 10.25
      vertex 1.06231 3.71231 10.25
      vertex 1.06231 -3.71231 10.25
    endloop
  endfacet
  facet normal 0 0 -1
    outer loop
      vertex 0.724634 -4.02173 10.25
      vertex 0.724634 4.02173 10.25
      vertex 1.06231 3.71231 10.25
    endloop
  endfacet
  facet normal 0 0 -1
    outer loop
      vertex 0.361276 -4.30055 10.25
      vertex 0.724634 4.02173 10.25
      vertex 0.724634 -4.02173 10.25
    endloop
  endfacet
  facet normal 0 0 -1
    outer loop
      vertex 0.361276 -4.30055 10.25
      vertex 0.361276 4.30055 10.25
      vertex 0.724634 4.02173 10.25
    endloop
  endfacet
  facet normal 0 0 -1
    outer loop
      vertex -0.0249996 -4.54663 10.25
      vertex 0.361276 4.30055 10.25
      vertex 0.361276 -4.30055 10.25
    endloop
  endfacet
  facet normal 0 0 -1
    outer loop
      vertex -0.0249996 -4.54663 10.25
      vertex -0.0249996 4.54663 10.25
      vertex 0.361276 4.30055 10.25
    endloop
  endfacet
  facet normal 0 0 -1
    outer loop
      vertex -0.431253 -4.75812 10.25
      vertex -0.0249996 4.54663 10.25
      vertex -0.0249996 -4.54663 10.25
    endloop
  endfacet
  facet normal 0 0 -1
    outer loop
      vertex -0.431253 -4.75812 10.25
      vertex -0.431253 4.75812 10.25
      vertex -0.0249996 4.54663 10.25
    endloop
  endfacet
  facet normal 0 0 -1
    outer loop
      vertex -0.854394 -4.93339 10.25
      vertex -0.431253 4.75812 10.25
      vertex -0.431253 -4.75812 10.25
    endloop
  endfacet
  facet normal 0 0 -1
    outer loop
      vertex -0.854394 -4.93339 10.25
      vertex -0.854394 4.93339 10.25
      vertex -0.431253 4.75812 10.25
    endloop
  endfacet
  facet normal 0 0 -1
    outer loop
      vertex -1.2912 -5.07111 10.25
      vertex -0.854394 4.93339 10.25
      vertex -0.854394 -4.93339 10.25
    endloop
  endfacet
  facet normal 0 0 -1
    outer loop
      vertex -1.2912 -5.07111 10.25
      vertex -1.2912 5.07111 10.25
      vertex -0.854394 4.93339 10.25
    endloop
  endfacet
  facet normal 0 0 -1
    outer loop
      vertex -1.73835 -5.17024 10.25
      vertex -1.2912 5.07111 10.25
      vertex -1.2912 -5.07111 10.25
    endloop
  endfacet
  facet normal 0 0 -1
    outer loop
      vertex -1.73835 -5.17024 10.25
      vertex -1.73835 5.17024 10.25
      vertex -1.2912 5.07111 10.25
    endloop
  endfacet
  facet normal 0 0 -1
    outer loop
      vertex -2.19243 -5.23002 10.25
      vertex -1.73835 5.17024 10.25
      vertex -1.73835 -5.17024 10.25
    endloop
  endfacet
  facet normal 0 0 -1
    outer loop
      vertex -2.19243 -5.23002 10.25
      vertex -2.19243 5.23002 10.25
      vertex -1.73835 5.17024 10.25
    endloop
  endfacet
  facet normal 0 0 -1
    outer loop
      vertex -2.65 -5.25 10.25
      vertex -2.19243 5.23002 10.25
      vertex -2.19243 -5.23002 10.25
    endloop
  endfacet
  facet normal 0 0 -1
    outer loop
      vertex -2.65 -5.25 10.25
      vertex -2.65 5.25 10.25
      vertex -2.19243 5.23002 10.25
    endloop
  endfacet
  facet normal 0 0 -1
    outer loop
      vertex -3.10757 -5.23002 10.25
      vertex -2.65 5.25 10.25
      vertex -2.65 -5.25 10.25
    endloop
  endfacet
  facet normal 0 0 -1
    outer loop
      vertex -3.10757 -5.23002 10.25
      vertex -3.10757 5.23002 10.25
      vertex -2.65 5.25 10.25
    endloop
  endfacet
  facet normal 0 0 -1
    outer loop
      vertex -3.56165 -5.17024 10.25
      vertex -3.10757 5.23002 10.25
      vertex -3.10757 -5.23002 10.25
    endloop
  endfacet
  facet normal 0 0 -1
    outer loop
      vertex -3.56165 -5.17024 10.25
      vertex -3.56165 5.17024 10.25
      vertex -3.10757 5.23002 10.25
    endloop
  endfacet
  facet normal 0 0 -1
    outer loop
      vertex -4.0088 -5.07111 10.25
      vertex -3.56165 5.17024 10.25
      vertex -3.56165 -5.17024 10.25
    endloop
  endfacet
  facet normal 0 0 -1
    outer loop
      vertex -4.0088 -5.07111 10.25
      vertex -4.0088 5.07111 10.25
      vertex -3.56165 5.17024 10.25
    endloop
  endfacet
  facet normal 0 0 -1
    outer loop
      vertex -4.44561 -4.93339 10.25
      vertex -4.0088 5.07111 10.25
      vertex -4.0088 -5.07111 10.25
    endloop
  endfacet
  facet normal 0 0 -1
    outer loop
      vertex -4.44561 -4.93339 10.25
      vertex -4.44561 4.93339 10.25
      vertex -4.0088 5.07111 10.25
    endloop
  endfacet
  facet normal 0 0 -1
    outer loop
      vertex -4.86875 -4.75812 10.25
      vertex -4.44561 4.93339 10.25
      vertex -4.44561 -4.93339 10.25
    endloop
  endfacet
  facet normal 0 0 -1
    outer loop
      vertex -4.86875 -4.75812 10.25
      vertex -4.86875 4.75812 10.25
      vertex -4.44561 4.93339 10.25
    endloop
  endfacet
  facet normal 0 0 -1
    outer loop
      vertex -5.275 -4.54663 10.25
      vertex -4.86875 4.75812 10.25
      vertex -4.86875 -4.75812 10.25
    endloop
  endfacet
  facet normal 0 0 -1
    outer loop
      vertex -5.275 -4.54663 10.25
      vertex -5.275 4.54663 10.25
      vertex -4.86875 4.75812 10.25
    endloop
  endfacet
  facet normal 0 0 -1
    outer loop
      vertex -5.66128 -4.30055 10.25
      vertex -5.275 4.54663 10.25
      vertex -5.275 -4.54663 10.25
    endloop
  endfacet
  facet normal 0 0 -1
    outer loop
      vertex -5.66128 -4.30055 10.25
      vertex -5.66128 4.30055 10.25
      vertex -5.275 4.54663 10.25
    endloop
  endfacet
  facet normal 0 0 -1
    outer loop
      vertex -6.02463 -4.02173 10.25
      vertex -5.66128 4.30055 10.25
      vertex -5.66128 -4.30055 10.25
    endloop
  endfacet
  facet normal 0 0 -1
    outer loop
      vertex -6.02463 -4.02173 10.25
      vertex -6.02463 4.02173 10.25
      vertex -5.66128 4.30055 10.25
    endloop
  endfacet
  facet normal 0 0 -1
    outer loop
      vertex -6.36231 -3.71231 10.25
      vertex -6.02463 4.02173 10.25
      vertex -6.02463 -4.02173 10.25
    endloop
  endfacet
  facet normal 0 0 -1
    outer loop
      vertex -6.36231 -3.71231 10.25
      vertex -6.36231 3.71231 10.25
      vertex -6.02463 4.02173 10.25
    endloop
  endfacet
  facet normal 0 0 -1
    outer loop
      vertex -6.67173 -3.37463 10.25
      vertex -6.36231 3.71231 10.25
      vertex -6.36231 -3.71231 10.25
    endloop
  endfacet
  facet normal 0 0 -1
    outer loop
      vertex -6.67173 -3.37463 10.25
      vertex -6.67173 3.37463 10.25
      vertex -6.36231 3.71231 10.25
    endloop
  endfacet
  facet normal 0 0 -1
    outer loop
      vertex -6.95055 -3.01128 10.25
      vertex -6.67173 3.37463 10.25
      vertex -6.67173 -3.37463 10.25
    endloop
  endfacet
  facet normal 0 0 -1
    outer loop
      vertex -6.95055 -3.01128 10.25
      vertex -6.95055 3.01128 10.25
      vertex -6.67173 3.37463 10.25
    endloop
  endfacet
  facet normal 0 0 -1
    outer loop
      vertex -7.19663 -2.625 10.25
      vertex -6.95055 3.01128 10.25
      vertex -6.95055 -3.01128 10.25
    endloop
  endfacet
  facet normal 0 0 -1
    outer loop
      vertex -7.19663 -2.625 10.25
      vertex -7.19663 2.625 10.25
      vertex -6.95055 3.01128 10.25
    endloop
  endfacet
  facet normal 0 0 -1
    outer loop
      vertex -7.40812 -2.21875 10.25
      vertex -7.19663 2.625 10.25
      vertex -7.19663 -2.625 10.25
    endloop
  endfacet
  facet normal 0 0 -1
    outer loop
      vertex -7.40812 -2.21875 10.25
      vertex -7.40812 2.21875 10.25
      vertex -7.19663 2.625 10.25
    endloop
  endfacet
  facet normal 0 0 -1
    outer loop
      vertex -7.58339 -1.79561 10.25
      vertex -7.40812 2.21875 10.25
      vertex -7.40812 -2.21875 10.25
    endloop
  endfacet
  facet normal 0 0 -1
    outer loop
      vertex -7.58339 -1.79561 10.25
      vertex -7.58339 1.79561 10.25
      vertex -7.40812 2.21875 10.25
    endloop
  endfacet
  facet normal 0 0 -1
    outer loop
      vertex -7.72111 -1.3588 10.25
      vertex -7.58339 1.79561 10.25
      vertex -7.58339 -1.79561 10.25
    endloop
  endfacet
  facet normal 0 0 -1
    outer loop
      vertex -7.72111 -1.3588 10.25
      vertex -7.72111 1.3588 10.25
      vertex -7.58339 1.79561 10.25
    endloop
  endfacet
  facet normal 0 0 -1
    outer loop
      vertex -7.82024 -0.911653 10.25
      vertex -7.72111 1.3588 10.25
      vertex -7.72111 -1.3588 10.25
    endloop
  endfacet
  facet normal 0 0 -1
    outer loop
      vertex -7.82024 -0.911653 10.25
      vertex -7.82024 0.911653 10.25
      vertex -7.72111 1.3588 10.25
    endloop
  endfacet
  facet normal 0 0 -1
    outer loop
      vertex -7.88002 -0.457567 10.25
      vertex -7.82024 0.911653 10.25
      vertex -7.82024 -0.911653 10.25
    endloop
  endfacet
  facet normal 0 0 -1
    outer loop
      vertex -7.88002 -0.457567 10.25
      vertex -7.88002 0.457567 10.25
      vertex -7.82024 0.911653 10.25
    endloop
  endfacet
  facet normal 0 -0 -1
    outer loop
      vertex -7.88002 0.457567 10.25
      vertex -7.88002 -0.457567 10.25
      vertex -7.9 0 10.25
    endloop
  endfacet
  facet normal -0.675587 0.737281 0
    outer loop
      vertex 1.06231 -3.71231 6.85
      vertex 0.724634 -4.02173 10.25
      vertex 1.06231 -3.71231 10.25
    endloop
  endfacet
  facet normal -0.675587 0.737281 0
    outer loop
      vertex 0.724634 -4.02173 10.25
      vertex 1.06231 -3.71231 6.85
      vertex 0.724634 -4.02173 6.85
    endloop
  endfacet
  facet normal -0.300697 -0.95372 0
    outer loop
      vertex -1.2912 5.07111 6.85
      vertex -0.854394 4.93339 10.25
      vertex -1.2912 5.07111 10.25
    endloop
  endfacet
  facet normal -0.300697 -0.95372 -0
    outer loop
      vertex -0.854394 4.93339 10.25
      vertex -1.2912 5.07111 6.85
      vertex -0.854394 4.93339 6.85
    endloop
  endfacet
  facet normal -0.608769 -0.793347 0
    outer loop
      vertex 0.361276 4.30055 6.85
      vertex 0.724634 4.02173 10.25
      vertex 0.361276 4.30055 10.25
    endloop
  endfacet
  facet normal -0.608769 -0.793347 -0
    outer loop
      vertex 0.724634 4.02173 10.25
      vertex 0.361276 4.30055 6.85
      vertex 0.724634 4.02173 6.85
    endloop
  endfacet
  facet normal -0.461762 -0.887004 0
    outer loop
      vertex -0.431253 4.75812 6.85
      vertex -0.0249996 4.54663 10.25
      vertex -0.431253 4.75812 10.25
    endloop
  endfacet
  facet normal -0.461762 -0.887004 -0
    outer loop
      vertex -0.0249996 4.54663 10.25
      vertex -0.431253 4.75812 6.85
      vertex -0.0249996 4.54663 6.85
    endloop
  endfacet
  facet normal 0.608778 0.793341 -0
    outer loop
      vertex -5.66128 -4.30055 6.85
      vertex -6.02463 -4.02173 10.25
      vertex -5.66128 -4.30055 10.25
    endloop
  endfacet
  facet normal 0.608778 0.793341 0
    outer loop
      vertex -6.02463 -4.02173 10.25
      vertex -5.66128 -4.30055 6.85
      vertex -6.02463 -4.02173 6.85
    endloop
  endfacet
  facet normal -0.537292 0.843396 0
    outer loop
      vertex 0.361276 -4.30055 6.85
      vertex -0.0249996 -4.54663 10.25
      vertex 0.361276 -4.30055 10.25
    endloop
  endfacet
  facet normal -0.537292 0.843396 0
    outer loop
      vertex -0.0249996 -4.54663 10.25
      vertex 0.361276 -4.30055 6.85
      vertex -0.0249996 -4.54663 6.85
    endloop
  endfacet
  facet normal -0.999048 -0.0436242 0
    outer loop
      vertex 2.6 0 6.85
      vertex 2.58002 0.457567 10.25
      vertex 2.58002 0.457567 6.85
    endloop
  endfacet
  facet normal -0.999048 -0.0436242 0
    outer loop
      vertex 2.58002 0.457567 10.25
      vertex 2.6 0 6.85
      vertex 2.6 0 10.25
    endloop
  endfacet
  facet normal 0.976296 0.216439 0
    outer loop
      vertex -7.72111 -1.3588 10.25
      vertex -7.82024 -0.911653 6.85
      vertex -7.82024 -0.911653 10.25
    endloop
  endfacet
  facet normal 0.976296 0.216439 0
    outer loop
      vertex -7.82024 -0.911653 6.85
      vertex -7.72111 -1.3588 10.25
      vertex -7.72111 -1.3588 6.85
    endloop
  endfacet
  facet normal -0.999048 0.0436242 0
    outer loop
      vertex 2.58002 -0.457567 6.85
      vertex 2.6 0 10.25
      vertex 2.6 0 6.85
    endloop
  endfacet
  facet normal -0.999048 0.0436242 0
    outer loop
      vertex 2.6 0 10.25
      vertex 2.58002 -0.457567 6.85
      vertex 2.58002 -0.457567 10.25
    endloop
  endfacet
  facet normal 0.675582 -0.737285 0
    outer loop
      vertex -6.36231 3.71231 6.85
      vertex -6.02463 4.02173 10.25
      vertex -6.36231 3.71231 10.25
    endloop
  endfacet
  facet normal 0.675582 -0.737285 0
    outer loop
      vertex -6.02463 4.02173 10.25
      vertex -6.36231 3.71231 6.85
      vertex -6.02463 4.02173 6.85
    endloop
  endfacet
  facet normal -0.537292 -0.843396 0
    outer loop
      vertex -0.0249996 4.54663 6.85
      vertex 0.361276 4.30055 10.25
      vertex -0.0249996 4.54663 10.25
    endloop
  endfacet
  facet normal -0.537292 -0.843396 -0
    outer loop
      vertex 0.361276 4.30055 10.25
      vertex -0.0249996 4.54663 6.85
      vertex 0.361276 4.30055 6.85
    endloop
  endfacet
  facet normal -0.0437886 0.999041 0
    outer loop
      vertex -2.19243 -5.23002 6.85
      vertex -2.22574 -5.23148 7.32574
      vertex -2.19243 -5.23002 7.36208
    endloop
  endfacet
  facet normal -0.0435112 0.999053 1.94626e-05
    outer loop
      vertex -2.19243 -5.23002 6.85
      vertex -2.26433 -5.23316 7.29037
      vertex -2.22574 -5.23148 7.32574
    endloop
  endfacet
  facet normal -0.0435608 0.999051 1.13526e-05
    outer loop
      vertex -2.19243 -5.23002 6.85
      vertex -2.30585 -5.23497 7.25851
      vertex -2.26433 -5.23316 7.29037
    endloop
  endfacet
  facet normal -0.0436622 0.999046 -1.68546e-05
    outer loop
      vertex -2.19243 -5.23002 6.85
      vertex -2.35 -5.2369 7.23038
      vertex -2.30585 -5.23497 7.25851
    endloop
  endfacet
  facet normal -0.0436696 0.999046 -1.99488e-05
    outer loop
      vertex -2.19243 -5.23002 6.85
      vertex -2.39643 -5.23893 7.20621
      vertex -2.35 -5.2369 7.23038
    endloop
  endfacet
  facet normal -0.0435983 0.999049 2.09819e-05
    outer loop
      vertex -2.19243 -5.23002 6.85
      vertex -2.44479 -5.24104 7.18618
      vertex -2.39643 -5.23893 7.20621
    endloop
  endfacet
  facet normal -0.0436279 0.999048 -1.27082e-06
    outer loop
      vertex -2.19243 -5.23002 6.85
      vertex -2.49471 -5.24322 7.17044
      vertex -2.44479 -5.24104 7.18618
    endloop
  endfacet
  facet normal -0.0436239 0.999048 2.51834e-06
    outer loop
      vertex -2.65 -5.25 6.85
      vertex -2.49471 -5.24322 7.17044
      vertex -2.19243 -5.23002 6.85
    endloop
  endfacet
  facet normal -0.043596 0.999049 -1.10261e-05
    outer loop
      vertex -2.49471 -5.24322 7.17044
      vertex -2.65 -5.25 6.85
      vertex -2.54581 -5.24545 7.15911
    endloop
  endfacet
  facet normal -0.0436993 0.999045 2.38696e-05
    outer loop
      vertex -2.54581 -5.24545 7.15911
      vertex -2.65 -5.25 6.85
      vertex -2.59771 -5.24772 7.15228
    endloop
  endfacet
  facet normal -0.0435616 0.999051 0
    outer loop
      vertex -2.59771 -5.24772 7.15228
      vertex -2.65 -5.25 6.85
      vertex -2.65 -5.25 7.15
    endloop
  endfacet
  facet normal -0.0436239 0.999048 2.59953e-07
    outer loop
      vertex -2.54581 -5.24545 8.34088
      vertex -2.65 -5.25 10.25
      vertex -2.19243 -5.23002 10.25
    endloop
  endfacet
  facet normal -0.0435616 0.999051 0
    outer loop
      vertex -2.65 -5.25 10.25
      vertex -2.59771 -5.24772 8.34772
      vertex -2.65 -5.25 8.35
    endloop
  endfacet
  facet normal -0.0436967 0.999045 -3.72011e-06
    outer loop
      vertex -2.65 -5.25 10.25
      vertex -2.54581 -5.24545 8.34088
      vertex -2.59771 -5.24772 8.34772
    endloop
  endfacet
  facet normal -0.0435994 0.999049 -4.28502e-06
    outer loop
      vertex -2.19243 -5.23002 10.25
      vertex -2.49471 -5.24322 8.32955
      vertex -2.54581 -5.24545 8.34088
    endloop
  endfacet
  facet normal -0.0436282 0.999048 2.62114e-07
    outer loop
      vertex -2.19243 -5.23002 10.25
      vertex -2.44479 -5.24104 8.31382
      vertex -2.49471 -5.24322 8.32955
    endloop
  endfacet
  facet normal -0.0435915 0.999049 -4.53106e-06
    outer loop
      vertex -2.19243 -5.23002 10.25
      vertex -2.39643 -5.23893 8.29378
      vertex -2.44479 -5.24104 8.31382
    endloop
  endfacet
  facet normal -0.0436777 0.999046 4.47273e-06
    outer loop
      vertex -2.19243 -5.23002 10.25
      vertex -2.35 -5.2369 8.26962
      vertex -2.39643 -5.23893 8.29378
    endloop
  endfacet
  facet normal -0.0436704 0.999046 3.89434e-06
    outer loop
      vertex -2.19243 -5.23002 10.25
      vertex -2.30585 -5.23497 8.24149
      vertex -2.35 -5.2369 8.26962
    endloop
  endfacet
  facet normal -0.0435541 0.999051 -2.68459e-06
    outer loop
      vertex -2.19243 -5.23002 10.25
      vertex -2.26433 -5.23316 8.20963
      vertex -2.30585 -5.23497 8.24149
    endloop
  endfacet
  facet normal -0.0434977 0.999054 -4.67809e-06
    outer loop
      vertex -2.19243 -5.23002 10.25
      vertex -2.22574 -5.23148 8.17426
      vertex -2.26433 -5.23316 8.20963
    endloop
  endfacet
  facet normal -0.0437886 0.999041 0
    outer loop
      vertex -2.22574 -5.23148 8.17426
      vertex -2.19243 -5.23002 10.25
      vertex -2.19243 -5.23002 8.13792
    endloop
  endfacet
  facet normal 0.95372 0.300695 0
    outer loop
      vertex -7.58339 -1.79561 10.25
      vertex -7.72111 -1.3588 6.85
      vertex -7.72111 -1.3588 10.25
    endloop
  endfacet
  facet normal 0.95372 0.300695 0
    outer loop
      vertex -7.72111 -1.3588 6.85
      vertex -7.58339 -1.79561 10.25
      vertex -7.58339 -1.79561 6.85
    endloop
  endfacet
  facet normal -0.976296 -0.216439 0
    outer loop
      vertex 2.52024 0.911653 6.85
      vertex 2.42111 1.3588 10.25
      vertex 2.42111 1.3588 6.85
    endloop
  endfacet
  facet normal -0.976296 -0.216439 0
    outer loop
      vertex 2.42111 1.3588 10.25
      vertex 2.52024 0.911653 6.85
      vertex 2.52024 0.911653 10.25
    endloop
  endfacet
  facet normal 0.608778 -0.793341 0
    outer loop
      vertex -6.02463 4.02173 6.85
      vertex -5.66128 4.30055 10.25
      vertex -6.02463 4.02173 10.25
    endloop
  endfacet
  facet normal 0.608778 -0.793341 0
    outer loop
      vertex -5.66128 4.30055 10.25
      vertex -6.02463 4.02173 6.85
      vertex -5.66128 4.30055 6.85
    endloop
  endfacet
  facet normal -0.991445 -0.130523 0
    outer loop
      vertex 2.58002 0.457567 6.85
      vertex 2.52024 0.911653 10.25
      vertex 2.52024 0.911653 6.85
    endloop
  endfacet
  facet normal -0.991445 -0.130523 0
    outer loop
      vertex 2.52024 0.911653 10.25
      vertex 2.58002 0.457567 6.85
      vertex 2.58002 0.457567 10.25
    endloop
  endfacet
  facet normal 0.999048 -0.0436242 0
    outer loop
      vertex -7.9 0 10.25
      vertex -7.88002 0.457567 6.85
      vertex -7.88002 0.457567 10.25
    endloop
  endfacet
  facet normal 0.999048 -0.0436242 0
    outer loop
      vertex -7.88002 0.457567 6.85
      vertex -7.9 0 10.25
      vertex -7.9 0 6.85
    endloop
  endfacet
  facet normal -0.95372 -0.300695 0
    outer loop
      vertex 2.42111 1.3588 6.85
      vertex 2.28339 1.79561 10.25
      vertex 2.28339 1.79561 6.85
    endloop
  endfacet
  facet normal -0.95372 -0.300695 0
    outer loop
      vertex 2.28339 1.79561 10.25
      vertex 2.42111 1.3588 6.85
      vertex 2.42111 1.3588 10.25
    endloop
  endfacet
  facet normal 0.461765 -0.887002 0
    outer loop
      vertex -5.275 4.54663 6.85
      vertex -4.86875 4.75812 10.25
      vertex -5.275 4.54663 10.25
    endloop
  endfacet
  facet normal 0.461765 -0.887002 0
    outer loop
      vertex -4.86875 4.75812 10.25
      vertex -5.275 4.54663 6.85
      vertex -4.86875 4.75812 6.85
    endloop
  endfacet
  facet normal 0.843399 -0.537288 0
    outer loop
      vertex -7.19663 2.625 10.25
      vertex -6.95055 3.01128 6.85
      vertex -6.95055 3.01128 10.25
    endloop
  endfacet
  facet normal 0.843399 -0.537288 0
    outer loop
      vertex -6.95055 3.01128 6.85
      vertex -7.19663 2.625 10.25
      vertex -7.19663 2.625 6.85
    endloop
  endfacet
  facet normal 0.999048 0.0436242 0
    outer loop
      vertex -7.88002 -0.457567 10.25
      vertex -7.9 0 6.85
      vertex -7.9 0 10.25
    endloop
  endfacet
  facet normal 0.999048 0.0436242 0
    outer loop
      vertex -7.9 0 6.85
      vertex -7.88002 -0.457567 10.25
      vertex -7.88002 -0.457567 6.85
    endloop
  endfacet
  facet normal -0.92388 -0.382683 0
    outer loop
      vertex 2.28339 1.79561 6.85
      vertex 2.10812 2.21875 10.25
      vertex 2.10812 2.21875 6.85
    endloop
  endfacet
  facet normal -0.92388 -0.382683 0
    outer loop
      vertex 2.10812 2.21875 10.25
      vertex 2.28339 1.79561 6.85
      vertex 2.28339 1.79561 10.25
    endloop
  endfacet
  facet normal 0.92388 -0.382683 0
    outer loop
      vertex -7.58339 1.79561 10.25
      vertex -7.40812 2.21875 6.85
      vertex -7.40812 2.21875 10.25
    endloop
  endfacet
  facet normal 0.92388 -0.382683 0
    outer loop
      vertex -7.40812 2.21875 6.85
      vertex -7.58339 1.79561 10.25
      vertex -7.58339 1.79561 6.85
    endloop
  endfacet
  facet normal -0.382682 -0.92388 0
    outer loop
      vertex -0.854394 4.93339 6.85
      vertex -0.431253 4.75812 10.25
      vertex -0.854394 4.93339 10.25
    endloop
  endfacet
  facet normal -0.382682 -0.92388 -0
    outer loop
      vertex -0.431253 4.75812 10.25
      vertex -0.854394 4.93339 6.85
      vertex -0.431253 4.75812 6.85
    endloop
  endfacet
  facet normal -0.887002 -0.461765 0
    outer loop
      vertex 2.10812 2.21875 6.85
      vertex 1.89663 2.625 10.25
      vertex 1.89663 2.625 6.85
    endloop
  endfacet
  facet normal -0.887002 -0.461765 0
    outer loop
      vertex 1.89663 2.625 10.25
      vertex 2.10812 2.21875 6.85
      vertex 2.10812 2.21875 10.25
    endloop
  endfacet
  facet normal 0.991445 0.130523 0
    outer loop
      vertex -7.82024 -0.911653 10.25
      vertex -7.88002 -0.457567 6.85
      vertex -7.88002 -0.457567 10.25
    endloop
  endfacet
  facet normal 0.991445 0.130523 0
    outer loop
      vertex -7.88002 -0.457567 6.85
      vertex -7.82024 -0.911653 10.25
      vertex -7.82024 -0.911653 6.85
    endloop
  endfacet
  facet normal -0.216438 0.976296 0
    outer loop
      vertex -1.2912 -5.07111 6.85
      vertex -1.73835 -5.17024 10.25
      vertex -1.2912 -5.07111 10.25
    endloop
  endfacet
  facet normal -0.216438 0.976296 0
    outer loop
      vertex -1.73835 -5.17024 10.25
      vertex -1.2912 -5.07111 6.85
      vertex -1.73835 -5.17024 6.85
    endloop
  endfacet
  facet normal -0.843399 -0.537288 0
    outer loop
      vertex 1.89663 2.625 6.85
      vertex 1.65055 3.01128 10.25
      vertex 1.65055 3.01128 6.85
    endloop
  endfacet
  facet normal -0.843399 -0.537288 0
    outer loop
      vertex 1.65055 3.01128 10.25
      vertex 1.89663 2.625 6.85
      vertex 1.89663 2.625 10.25
    endloop
  endfacet
  facet normal 0.300695 0.95372 -0
    outer loop
      vertex -4.0088 -5.07111 6.85
      vertex -4.44561 -4.93339 10.25
      vertex -4.0088 -5.07111 10.25
    endloop
  endfacet
  facet normal 0.300695 0.95372 0
    outer loop
      vertex -4.44561 -4.93339 10.25
      vertex -4.0088 -5.07111 6.85
      vertex -4.44561 -4.93339 6.85
    endloop
  endfacet
  facet normal 0.737285 0.675582 0
    outer loop
      vertex -6.36231 -3.71231 10.25
      vertex -6.67173 -3.37463 6.85
      vertex -6.67173 -3.37463 10.25
    endloop
  endfacet
  facet normal 0.737285 0.675582 0
    outer loop
      vertex -6.67173 -3.37463 6.85
      vertex -6.36231 -3.71231 10.25
      vertex -6.36231 -3.71231 6.85
    endloop
  endfacet
  facet normal 0.793341 0.608778 0
    outer loop
      vertex -6.67173 -3.37463 10.25
      vertex -6.95055 -3.01128 6.85
      vertex -6.95055 -3.01128 10.25
    endloop
  endfacet
  facet normal 0.793341 0.608778 0
    outer loop
      vertex -6.95055 -3.01128 6.85
      vertex -6.67173 -3.37463 10.25
      vertex -6.67173 -3.37463 6.85
    endloop
  endfacet
  facet normal -0.130525 -0.991445 0
    outer loop
      vertex -2.19243 5.23002 8.13792
      vertex -1.73835 5.17024 10.25
      vertex -2.19243 5.23002 10.25
    endloop
  endfacet
  facet normal -0.130065 -0.991506 -0.000100617
    outer loop
      vertex -2.19037 5.22975 8.13567
      vertex -1.73835 5.17024 10.25
      vertex -2.19243 5.23002 8.13792
    endloop
  endfacet
  facet normal -0.13042 -0.991459 -2.33077e-05
    outer loop
      vertex -2.15851 5.22556 8.09415
      vertex -1.73835 5.17024 10.25
      vertex -2.19037 5.22975 8.13567
    endloop
  endfacet
  facet normal -0.130704 -0.991421 3.30749e-05
    outer loop
      vertex -2.13038 5.22185 8.05
      vertex -1.73835 5.17024 10.25
      vertex -2.15851 5.22556 8.09415
    endloop
  endfacet
  facet normal -0.130464 -0.991453 -1.05332e-05
    outer loop
      vertex -2.10621 5.21867 8.00357
      vertex -1.73835 5.17024 10.25
      vertex -2.13038 5.22185 8.05
    endloop
  endfacet
  facet normal -0.130631 -0.991431 1.73303e-05
    outer loop
      vertex -2.08618 5.21603 7.95521
      vertex -1.73835 5.17024 10.25
      vertex -2.10621 5.21867 8.00357
    endloop
  endfacet
  facet normal -0.130431 -0.991457 -1.34675e-05
    outer loop
      vertex -2.07044 5.21396 7.90529
      vertex -1.73835 5.17024 10.25
      vertex -2.08618 5.21603 7.95521
    endloop
  endfacet
  facet normal -0.13044 -0.991456 -1.21497e-05
    outer loop
      vertex -2.05911 5.21247 7.85419
      vertex -1.73835 5.17024 10.25
      vertex -2.07044 5.21396 7.90529
    endloop
  endfacet
  facet normal -0.130451 -0.991455 2.56351e-05
    outer loop
      vertex -1.73835 5.17024 6.85
      vertex -2.05911 5.21247 7.85419
      vertex -2.05228 5.21157 7.80229
    endloop
  endfacet
  facet normal -0.130538 -0.991443 -3.71682e-06
    outer loop
      vertex -1.73835 5.17024 6.85
      vertex -2.05228 5.21157 7.80229
      vertex -2.05 5.21127 7.75
    endloop
  endfacet
  facet normal -0.13052 -0.991446 2.88547e-06
    outer loop
      vertex -1.73835 5.17024 6.85
      vertex -2.05 5.21127 7.75
      vertex -2.05228 5.21157 7.69771
    endloop
  endfacet
  facet normal -0.130525 -0.991445 0
    outer loop
      vertex -1.73835 5.17024 6.85
      vertex -2.19243 5.23002 7.36208
      vertex -2.19243 5.23002 6.85
    endloop
  endfacet
  facet normal -0.130236 -0.991483 0.000260313
    outer loop
      vertex -2.19243 5.23002 7.36208
      vertex -1.73835 5.17024 6.85
      vertex -2.19037 5.22975 7.36433
    endloop
  endfacet
  facet normal -0.130463 -0.991453 5.7105e-05
    outer loop
      vertex -2.19037 5.22975 7.36433
      vertex -1.73835 5.17024 6.85
      vertex -2.15851 5.22556 7.40585
    endloop
  endfacet
  facet normal -0.130637 -0.99143 -7.66205e-05
    outer loop
      vertex -2.15851 5.22556 7.40585
      vertex -1.73835 5.17024 6.85
      vertex -2.13038 5.22185 7.45
    endloop
  endfacet
  facet normal -0.130487 -0.99145 2.29886e-05
    outer loop
      vertex -2.13038 5.22185 7.45
      vertex -1.73835 5.17024 6.85
      vertex -2.10621 5.21867 7.49643
    endloop
  endfacet
  facet normal -0.130588 -0.991437 -3.53996e-05
    outer loop
      vertex -2.10621 5.21867 7.49643
      vertex -1.73835 5.17024 6.85
      vertex -2.08618 5.21603 7.54479
    endloop
  endfacet
  facet normal -0.130469 -0.991452 2.54522e-05
    outer loop
      vertex -2.08618 5.21603 7.54479
      vertex -1.73835 5.17024 6.85
      vertex -2.07044 5.21396 7.59471
    endloop
  endfacet
  facet normal -0.13053 -0.991444 0
    outer loop
      vertex -2.05911 5.21247 7.85419
      vertex -1.73835 5.17024 6.85
      vertex -1.73835 5.17024 10.25
    endloop
  endfacet
  facet normal -0.130557 -0.991441 -1.13633e-05
    outer loop
      vertex -2.05911 5.21247 7.64581
      vertex -1.73835 5.17024 6.85
      vertex -2.05228 5.21157 7.69771
    endloop
  endfacet
  facet normal -0.130479 -0.991451 2.08183e-05
    outer loop
      vertex -2.07044 5.21396 7.59471
      vertex -1.73835 5.17024 6.85
      vertex -2.05911 5.21247 7.64581
    endloop
  endfacet
  facet normal -0.675587 -0.737281 0
    outer loop
      vertex 0.724634 4.02173 6.85
      vertex 1.06231 3.71231 10.25
      vertex 0.724634 4.02173 10.25
    endloop
  endfacet
  facet normal -0.675587 -0.737281 -0
    outer loop
      vertex 1.06231 3.71231 10.25
      vertex 0.724634 4.02173 6.85
      vertex 1.06231 3.71231 6.85
    endloop
  endfacet
  facet normal -0.95372 0.300695 0
    outer loop
      vertex 2.28339 -1.79561 6.85
      vertex 2.42111 -1.3588 10.25
      vertex 2.42111 -1.3588 6.85
    endloop
  endfacet
  facet normal -0.95372 0.300695 0
    outer loop
      vertex 2.42111 -1.3588 10.25
      vertex 2.28339 -1.79561 6.85
      vertex 2.28339 -1.79561 10.25
    endloop
  endfacet
  facet normal 0.737285 -0.675582 0
    outer loop
      vertex -6.67173 3.37463 10.25
      vertex -6.36231 3.71231 6.85
      vertex -6.36231 3.71231 10.25
    endloop
  endfacet
  facet normal 0.737285 -0.675582 0
    outer loop
      vertex -6.36231 3.71231 6.85
      vertex -6.67173 3.37463 10.25
      vertex -6.67173 3.37463 6.85
    endloop
  endfacet
  facet normal 0.887002 -0.461765 0
    outer loop
      vertex -7.40812 2.21875 10.25
      vertex -7.19663 2.625 6.85
      vertex -7.19663 2.625 10.25
    endloop
  endfacet
  facet normal 0.887002 -0.461765 0
    outer loop
      vertex -7.19663 2.625 6.85
      vertex -7.40812 2.21875 10.25
      vertex -7.40812 2.21875 6.85
    endloop
  endfacet
  facet normal 0.537288 -0.843399 0
    outer loop
      vertex -5.66128 4.30055 6.85
      vertex -5.275 4.54663 10.25
      vertex -5.66128 4.30055 10.25
    endloop
  endfacet
  facet normal 0.537288 -0.843399 0
    outer loop
      vertex -5.275 4.54663 10.25
      vertex -5.66128 4.30055 6.85
      vertex -5.275 4.54663 6.85
    endloop
  endfacet
  facet normal -0.737285 0.675582 0
    outer loop
      vertex 1.06231 -3.71231 6.85
      vertex 1.37173 -3.37463 10.25
      vertex 1.37173 -3.37463 6.85
    endloop
  endfacet
  facet normal -0.737285 0.675582 0
    outer loop
      vertex 1.37173 -3.37463 10.25
      vertex 1.06231 -3.71231 6.85
      vertex 1.06231 -3.71231 10.25
    endloop
  endfacet
  facet normal -0.793341 -0.608778 0
    outer loop
      vertex 1.65055 3.01128 6.85
      vertex 1.37173 3.37463 10.25
      vertex 1.37173 3.37463 6.85
    endloop
  endfacet
  facet normal -0.793341 -0.608778 0
    outer loop
      vertex 1.37173 3.37463 10.25
      vertex 1.65055 3.01128 6.85
      vertex 1.65055 3.01128 10.25
    endloop
  endfacet
  facet normal 0.92388 0.382683 0
    outer loop
      vertex -7.40812 -2.21875 10.25
      vertex -7.58339 -1.79561 6.85
      vertex -7.58339 -1.79561 10.25
    endloop
  endfacet
  facet normal 0.92388 0.382683 0
    outer loop
      vertex -7.58339 -1.79561 6.85
      vertex -7.40812 -2.21875 10.25
      vertex -7.40812 -2.21875 6.85
    endloop
  endfacet
  facet normal 0.0437886 -0.999041 0
    outer loop
      vertex -3.10757 5.23002 6.85
      vertex -3.07426 5.23148 7.32574
      vertex -3.10757 5.23002 7.36208
    endloop
  endfacet
  facet normal 0.0435112 -0.999053 1.94626e-05
    outer loop
      vertex -3.10757 5.23002 6.85
      vertex -3.03567 5.23316 7.29037
      vertex -3.07426 5.23148 7.32574
    endloop
  endfacet
  facet normal 0.0435608 -0.999051 1.13526e-05
    outer loop
      vertex -3.10757 5.23002 6.85
      vertex -2.99415 5.23497 7.25851
      vertex -3.03567 5.23316 7.29037
    endloop
  endfacet
  facet normal 0.0436622 -0.999046 -1.68546e-05
    outer loop
      vertex -3.10757 5.23002 6.85
      vertex -2.95 5.2369 7.23038
      vertex -2.99415 5.23497 7.25851
    endloop
  endfacet
  facet normal 0.0436696 -0.999046 -1.99488e-05
    outer loop
      vertex -3.10757 5.23002 6.85
      vertex -2.90357 5.23893 7.20621
      vertex -2.95 5.2369 7.23038
    endloop
  endfacet
  facet normal 0.0435983 -0.999049 2.09819e-05
    outer loop
      vertex -3.10757 5.23002 6.85
      vertex -2.85521 5.24104 7.18618
      vertex -2.90357 5.23893 7.20621
    endloop
  endfacet
  facet normal 0.0436279 -0.999048 -1.27082e-06
    outer loop
      vertex -3.10757 5.23002 6.85
      vertex -2.80529 5.24322 7.17044
      vertex -2.85521 5.24104 7.18618
    endloop
  endfacet
  facet normal 0.0436239 -0.999048 2.51834e-06
    outer loop
      vertex -2.65 5.25 6.85
      vertex -2.80529 5.24322 7.17044
      vertex -3.10757 5.23002 6.85
    endloop
  endfacet
  facet normal 0.043596 -0.999049 -1.10261e-05
    outer loop
      vertex -2.80529 5.24322 7.17044
      vertex -2.65 5.25 6.85
      vertex -2.75419 5.24545 7.15911
    endloop
  endfacet
  facet normal 0.0436993 -0.999045 2.38696e-05
    outer loop
      vertex -2.75419 5.24545 7.15911
      vertex -2.65 5.25 6.85
      vertex -2.70229 5.24772 7.15228
    endloop
  endfacet
  facet normal 0.0435616 -0.999051 0
    outer loop
      vertex -2.70229 5.24772 7.15228
      vertex -2.65 5.25 6.85
      vertex -2.65 5.25 7.15
    endloop
  endfacet
  facet normal 0.0436239 -0.999048 2.59953e-07
    outer loop
      vertex -2.75419 5.24545 8.34088
      vertex -2.65 5.25 10.25
      vertex -3.10757 5.23002 10.25
    endloop
  endfacet
  facet normal 0.0435616 -0.999051 0
    outer loop
      vertex -2.65 5.25 10.25
      vertex -2.70229 5.24772 8.34772
      vertex -2.65 5.25 8.35
    endloop
  endfacet
  facet normal 0.0436967 -0.999045 -3.72011e-06
    outer loop
      vertex -2.65 5.25 10.25
      vertex -2.75419 5.24545 8.34088
      vertex -2.70229 5.24772 8.34772
    endloop
  endfacet
  facet normal 0.0435994 -0.999049 -4.28502e-06
    outer loop
      vertex -3.10757 5.23002 10.25
      vertex -2.80529 5.24322 8.32955
      vertex -2.75419 5.24545 8.34088
    endloop
  endfacet
  facet normal 0.0436282 -0.999048 2.62114e-07
    outer loop
      vertex -3.10757 5.23002 10.25
      vertex -2.85521 5.24104 8.31382
      vertex -2.80529 5.24322 8.32955
    endloop
  endfacet
  facet normal 0.0435915 -0.999049 -4.53106e-06
    outer loop
      vertex -3.10757 5.23002 10.25
      vertex -2.90357 5.23893 8.29378
      vertex -2.85521 5.24104 8.31382
    endloop
  endfacet
  facet normal 0.0436777 -0.999046 4.47273e-06
    outer loop
      vertex -3.10757 5.23002 10.25
      vertex -2.95 5.2369 8.26962
      vertex -2.90357 5.23893 8.29378
    endloop
  endfacet
  facet normal 0.0436704 -0.999046 3.89434e-06
    outer loop
      vertex -3.10757 5.23002 10.25
      vertex -2.99415 5.23497 8.24149
      vertex -2.95 5.2369 8.26962
    endloop
  endfacet
  facet normal 0.0435541 -0.999051 -2.68459e-06
    outer loop
      vertex -3.10757 5.23002 10.25
      vertex -3.03567 5.23316 8.20963
      vertex -2.99415 5.23497 8.24149
    endloop
  endfacet
  facet normal 0.0434977 -0.999054 -4.67809e-06
    outer loop
      vertex -3.10757 5.23002 10.25
      vertex -3.07426 5.23148 8.17426
      vertex -3.03567 5.23316 8.20963
    endloop
  endfacet
  facet normal 0.0437886 -0.999041 0
    outer loop
      vertex -3.07426 5.23148 8.17426
      vertex -3.10757 5.23002 10.25
      vertex -3.10757 5.23002 8.13792
    endloop
  endfacet
  facet normal -0.300697 0.95372 0
    outer loop
      vertex -0.854394 -4.93339 6.85
      vertex -1.2912 -5.07111 10.25
      vertex -0.854394 -4.93339 10.25
    endloop
  endfacet
  facet normal -0.300697 0.95372 0
    outer loop
      vertex -1.2912 -5.07111 10.25
      vertex -0.854394 -4.93339 6.85
      vertex -1.2912 -5.07111 6.85
    endloop
  endfacet
  facet normal -0.382682 0.92388 0
    outer loop
      vertex -0.431253 -4.75812 6.85
      vertex -0.854394 -4.93339 10.25
      vertex -0.431253 -4.75812 10.25
    endloop
  endfacet
  facet normal -0.382682 0.92388 0
    outer loop
      vertex -0.854394 -4.93339 10.25
      vertex -0.431253 -4.75812 6.85
      vertex -0.854394 -4.93339 6.85
    endloop
  endfacet
  facet normal 0.382683 0.92388 -0
    outer loop
      vertex -4.44561 -4.93339 6.85
      vertex -4.86875 -4.75812 10.25
      vertex -4.44561 -4.93339 10.25
    endloop
  endfacet
  facet normal 0.382683 0.92388 0
    outer loop
      vertex -4.86875 -4.75812 10.25
      vertex -4.44561 -4.93339 6.85
      vertex -4.86875 -4.75812 6.85
    endloop
  endfacet
  facet normal 0.0435616 0.999051 0
    outer loop
      vertex -2.70229 -5.24772 8.34772
      vertex -2.65 -5.25 10.25
      vertex -2.65 -5.25 8.35
    endloop
  endfacet
  facet normal 0.0436967 0.999045 -3.72011e-06
    outer loop
      vertex -2.75419 -5.24545 8.34088
      vertex -2.65 -5.25 10.25
      vertex -2.70229 -5.24772 8.34772
    endloop
  endfacet
  facet normal 0.0436239 0.999048 2.59953e-07
    outer loop
      vertex -2.65 -5.25 10.25
      vertex -2.75419 -5.24545 8.34088
      vertex -3.10757 -5.23002 10.25
    endloop
  endfacet
  facet normal 0.0435994 0.999049 -4.28502e-06
    outer loop
      vertex -2.80529 -5.24322 8.32955
      vertex -3.10757 -5.23002 10.25
      vertex -2.75419 -5.24545 8.34088
    endloop
  endfacet
  facet normal 0.0436282 0.999048 2.62114e-07
    outer loop
      vertex -2.85521 -5.24104 8.31382
      vertex -3.10757 -5.23002 10.25
      vertex -2.80529 -5.24322 8.32955
    endloop
  endfacet
  facet normal 0.0435915 0.999049 -4.53106e-06
    outer loop
      vertex -2.90357 -5.23893 8.29378
      vertex -3.10757 -5.23002 10.25
      vertex -2.85521 -5.24104 8.31382
    endloop
  endfacet
  facet normal 0.0436777 0.999046 4.47273e-06
    outer loop
      vertex -2.95 -5.2369 8.26962
      vertex -3.10757 -5.23002 10.25
      vertex -2.90357 -5.23893 8.29378
    endloop
  endfacet
  facet normal 0.0436704 0.999046 3.89434e-06
    outer loop
      vertex -2.99415 -5.23497 8.24149
      vertex -3.10757 -5.23002 10.25
      vertex -2.95 -5.2369 8.26962
    endloop
  endfacet
  facet normal 0.0435541 0.999051 -2.68459e-06
    outer loop
      vertex -3.03567 -5.23316 8.20963
      vertex -3.10757 -5.23002 10.25
      vertex -2.99415 -5.23497 8.24149
    endloop
  endfacet
  facet normal 0.0434977 0.999054 -4.67809e-06
    outer loop
      vertex -3.07426 -5.23148 8.17426
      vertex -3.10757 -5.23002 10.25
      vertex -3.03567 -5.23316 8.20963
    endloop
  endfacet
  facet normal 0.0437886 0.999041 0
    outer loop
      vertex -3.10757 -5.23002 10.25
      vertex -3.07426 -5.23148 8.17426
      vertex -3.10757 -5.23002 8.13792
    endloop
  endfacet
  facet normal 0.0435616 0.999051 -0
    outer loop
      vertex -2.65 -5.25 6.85
      vertex -2.70229 -5.24772 7.15228
      vertex -2.65 -5.25 7.15
    endloop
  endfacet
  facet normal 0.0436993 0.999045 2.38696e-05
    outer loop
      vertex -2.65 -5.25 6.85
      vertex -2.75419 -5.24545 7.15911
      vertex -2.70229 -5.24772 7.15228
    endloop
  endfacet
  facet normal 0.043596 0.999049 -1.10261e-05
    outer loop
      vertex -2.65 -5.25 6.85
      vertex -2.80529 -5.24322 7.17044
      vertex -2.75419 -5.24545 7.15911
    endloop
  endfacet
  facet normal 0.0436239 0.999048 2.51834e-06
    outer loop
      vertex -3.10757 -5.23002 6.85
      vertex -2.80529 -5.24322 7.17044
      vertex -2.65 -5.25 6.85
    endloop
  endfacet
  facet normal 0.0436279 0.999048 -1.27082e-06
    outer loop
      vertex -2.80529 -5.24322 7.17044
      vertex -3.10757 -5.23002 6.85
      vertex -2.85521 -5.24104 7.18618
    endloop
  endfacet
  facet normal 0.0435983 0.999049 2.09819e-05
    outer loop
      vertex -2.85521 -5.24104 7.18618
      vertex -3.10757 -5.23002 6.85
      vertex -2.90357 -5.23893 7.20621
    endloop
  endfacet
  facet normal 0.0436696 0.999046 -1.99488e-05
    outer loop
      vertex -2.90357 -5.23893 7.20621
      vertex -3.10757 -5.23002 6.85
      vertex -2.95 -5.2369 7.23038
    endloop
  endfacet
  facet normal 0.0436622 0.999046 -1.68546e-05
    outer loop
      vertex -2.95 -5.2369 7.23038
      vertex -3.10757 -5.23002 6.85
      vertex -2.99415 -5.23497 7.25851
    endloop
  endfacet
  facet normal 0.0435608 0.999051 1.13526e-05
    outer loop
      vertex -2.99415 -5.23497 7.25851
      vertex -3.10757 -5.23002 6.85
      vertex -3.03567 -5.23316 7.29037
    endloop
  endfacet
  facet normal 0.0435112 0.999053 1.94626e-05
    outer loop
      vertex -3.03567 -5.23316 7.29037
      vertex -3.10757 -5.23002 6.85
      vertex -3.07426 -5.23148 7.32574
    endloop
  endfacet
  facet normal 0.0437886 0.999041 0
    outer loop
      vertex -3.07426 -5.23148 7.32574
      vertex -3.10757 -5.23002 6.85
      vertex -3.10757 -5.23002 7.36208
    endloop
  endfacet
  facet normal -0.92388 0.382683 0
    outer loop
      vertex 2.10812 -2.21875 6.85
      vertex 2.28339 -1.79561 10.25
      vertex 2.28339 -1.79561 6.85
    endloop
  endfacet
  facet normal -0.92388 0.382683 0
    outer loop
      vertex 2.28339 -1.79561 10.25
      vertex 2.10812 -2.21875 6.85
      vertex 2.10812 -2.21875 10.25
    endloop
  endfacet
  facet normal 0.382683 -0.92388 0
    outer loop
      vertex -4.86875 4.75812 6.85
      vertex -4.44561 4.93339 10.25
      vertex -4.86875 4.75812 10.25
    endloop
  endfacet
  facet normal 0.382683 -0.92388 0
    outer loop
      vertex -4.44561 4.93339 10.25
      vertex -4.86875 4.75812 6.85
      vertex -4.44561 4.93339 6.85
    endloop
  endfacet
  facet normal -0.737285 -0.675582 0
    outer loop
      vertex 1.37173 3.37463 6.85
      vertex 1.06231 3.71231 10.25
      vertex 1.06231 3.71231 6.85
    endloop
  endfacet
  facet normal -0.737285 -0.675582 0
    outer loop
      vertex 1.06231 3.71231 10.25
      vertex 1.37173 3.37463 6.85
      vertex 1.37173 3.37463 10.25
    endloop
  endfacet
  facet normal 0.461765 0.887002 -0
    outer loop
      vertex -4.86875 -4.75812 6.85
      vertex -5.275 -4.54663 10.25
      vertex -4.86875 -4.75812 10.25
    endloop
  endfacet
  facet normal 0.461765 0.887002 0
    outer loop
      vertex -5.275 -4.54663 10.25
      vertex -4.86875 -4.75812 6.85
      vertex -5.275 -4.54663 6.85
    endloop
  endfacet
  facet normal -0.0435616 -0.999051 0
    outer loop
      vertex -2.59771 5.24772 8.34772
      vertex -2.65 5.25 10.25
      vertex -2.65 5.25 8.35
    endloop
  endfacet
  facet normal -0.0436967 -0.999045 -3.72011e-06
    outer loop
      vertex -2.54581 5.24545 8.34088
      vertex -2.65 5.25 10.25
      vertex -2.59771 5.24772 8.34772
    endloop
  endfacet
  facet normal -0.0436239 -0.999048 2.59953e-07
    outer loop
      vertex -2.65 5.25 10.25
      vertex -2.54581 5.24545 8.34088
      vertex -2.19243 5.23002 10.25
    endloop
  endfacet
  facet normal -0.0435994 -0.999049 -4.28502e-06
    outer loop
      vertex -2.49471 5.24322 8.32955
      vertex -2.19243 5.23002 10.25
      vertex -2.54581 5.24545 8.34088
    endloop
  endfacet
  facet normal -0.0436282 -0.999048 2.62114e-07
    outer loop
      vertex -2.44479 5.24104 8.31382
      vertex -2.19243 5.23002 10.25
      vertex -2.49471 5.24322 8.32955
    endloop
  endfacet
  facet normal -0.0435915 -0.999049 -4.53106e-06
    outer loop
      vertex -2.39643 5.23893 8.29378
      vertex -2.19243 5.23002 10.25
      vertex -2.44479 5.24104 8.31382
    endloop
  endfacet
  facet normal -0.0436777 -0.999046 4.47273e-06
    outer loop
      vertex -2.35 5.2369 8.26962
      vertex -2.19243 5.23002 10.25
      vertex -2.39643 5.23893 8.29378
    endloop
  endfacet
  facet normal -0.0436704 -0.999046 3.89434e-06
    outer loop
      vertex -2.30585 5.23497 8.24149
      vertex -2.19243 5.23002 10.25
      vertex -2.35 5.2369 8.26962
    endloop
  endfacet
  facet normal -0.0435541 -0.999051 -2.68459e-06
    outer loop
      vertex -2.26433 5.23316 8.20963
      vertex -2.19243 5.23002 10.25
      vertex -2.30585 5.23497 8.24149
    endloop
  endfacet
  facet normal -0.0434977 -0.999054 -4.67809e-06
    outer loop
      vertex -2.22574 5.23148 8.17426
      vertex -2.19243 5.23002 10.25
      vertex -2.26433 5.23316 8.20963
    endloop
  endfacet
  facet normal -0.0437886 -0.999041 -0
    outer loop
      vertex -2.19243 5.23002 10.25
      vertex -2.22574 5.23148 8.17426
      vertex -2.19243 5.23002 8.13792
    endloop
  endfacet
  facet normal -0.0435616 -0.999051 0
    outer loop
      vertex -2.65 5.25 6.85
      vertex -2.59771 5.24772 7.15228
      vertex -2.65 5.25 7.15
    endloop
  endfacet
  facet normal -0.0436993 -0.999045 2.38696e-05
    outer loop
      vertex -2.65 5.25 6.85
      vertex -2.54581 5.24545 7.15911
      vertex -2.59771 5.24772 7.15228
    endloop
  endfacet
  facet normal -0.043596 -0.999049 -1.10261e-05
    outer loop
      vertex -2.65 5.25 6.85
      vertex -2.49471 5.24322 7.17044
      vertex -2.54581 5.24545 7.15911
    endloop
  endfacet
  facet normal -0.0436239 -0.999048 2.51834e-06
    outer loop
      vertex -2.19243 5.23002 6.85
      vertex -2.49471 5.24322 7.17044
      vertex -2.65 5.25 6.85
    endloop
  endfacet
  facet normal -0.0436279 -0.999048 -1.27082e-06
    outer loop
      vertex -2.49471 5.24322 7.17044
      vertex -2.19243 5.23002 6.85
      vertex -2.44479 5.24104 7.18618
    endloop
  endfacet
  facet normal -0.0435983 -0.999049 2.09819e-05
    outer loop
      vertex -2.44479 5.24104 7.18618
      vertex -2.19243 5.23002 6.85
      vertex -2.39643 5.23893 7.20621
    endloop
  endfacet
  facet normal -0.0436696 -0.999046 -1.99488e-05
    outer loop
      vertex -2.39643 5.23893 7.20621
      vertex -2.19243 5.23002 6.85
      vertex -2.35 5.2369 7.23038
    endloop
  endfacet
  facet normal -0.0436622 -0.999046 -1.68546e-05
    outer loop
      vertex -2.35 5.2369 7.23038
      vertex -2.19243 5.23002 6.85
      vertex -2.30585 5.23497 7.25851
    endloop
  endfacet
  facet normal -0.0435608 -0.999051 1.13526e-05
    outer loop
      vertex -2.30585 5.23497 7.25851
      vertex -2.19243 5.23002 6.85
      vertex -2.26433 5.23316 7.29037
    endloop
  endfacet
  facet normal -0.0435112 -0.999053 1.94626e-05
    outer loop
      vertex -2.26433 5.23316 7.29037
      vertex -2.19243 5.23002 6.85
      vertex -2.22574 5.23148 7.32574
    endloop
  endfacet
  facet normal -0.0437886 -0.999041 0
    outer loop
      vertex -2.22574 5.23148 7.32574
      vertex -2.19243 5.23002 6.85
      vertex -2.19243 5.23002 7.36208
    endloop
  endfacet
  facet normal -0.793341 0.608778 0
    outer loop
      vertex 1.37173 -3.37463 6.85
      vertex 1.65055 -3.01128 10.25
      vertex 1.65055 -3.01128 6.85
    endloop
  endfacet
  facet normal -0.793341 0.608778 0
    outer loop
      vertex 1.65055 -3.01128 10.25
      vertex 1.37173 -3.37463 6.85
      vertex 1.37173 -3.37463 10.25
    endloop
  endfacet
  facet normal -0.991445 0.130523 0
    outer loop
      vertex 2.52024 -0.911653 6.85
      vertex 2.58002 -0.457567 10.25
      vertex 2.58002 -0.457567 6.85
    endloop
  endfacet
  facet normal -0.991445 0.130523 0
    outer loop
      vertex 2.58002 -0.457567 10.25
      vertex 2.52024 -0.911653 6.85
      vertex 2.52024 -0.911653 10.25
    endloop
  endfacet
  facet normal -0.976296 0.216439 0
    outer loop
      vertex 2.42111 -1.3588 6.85
      vertex 2.52024 -0.911653 10.25
      vertex 2.52024 -0.911653 6.85
    endloop
  endfacet
  facet normal -0.976296 0.216439 0
    outer loop
      vertex 2.52024 -0.911653 10.25
      vertex 2.42111 -1.3588 6.85
      vertex 2.42111 -1.3588 10.25
    endloop
  endfacet
  facet normal -0.461762 0.887004 0
    outer loop
      vertex -0.0249996 -4.54663 6.85
      vertex -0.431253 -4.75812 10.25
      vertex -0.0249996 -4.54663 10.25
    endloop
  endfacet
  facet normal -0.461762 0.887004 0
    outer loop
      vertex -0.431253 -4.75812 10.25
      vertex -0.0249996 -4.54663 6.85
      vertex -0.431253 -4.75812 6.85
    endloop
  endfacet
  facet normal 0.976296 -0.216439 0
    outer loop
      vertex -7.82024 0.911653 10.25
      vertex -7.72111 1.3588 6.85
      vertex -7.72111 1.3588 10.25
    endloop
  endfacet
  facet normal 0.976296 -0.216439 0
    outer loop
      vertex -7.72111 1.3588 6.85
      vertex -7.82024 0.911653 10.25
      vertex -7.82024 0.911653 6.85
    endloop
  endfacet
  facet normal 0.675582 0.737285 -0
    outer loop
      vertex -6.02463 -4.02173 6.85
      vertex -6.36231 -3.71231 10.25
      vertex -6.02463 -4.02173 10.25
    endloop
  endfacet
  facet normal 0.675582 0.737285 0
    outer loop
      vertex -6.36231 -3.71231 10.25
      vertex -6.02463 -4.02173 6.85
      vertex -6.36231 -3.71231 6.85
    endloop
  endfacet
  facet normal 0.991445 -0.130523 0
    outer loop
      vertex -7.88002 0.457567 10.25
      vertex -7.82024 0.911653 6.85
      vertex -7.82024 0.911653 10.25
    endloop
  endfacet
  facet normal 0.991445 -0.130523 0
    outer loop
      vertex -7.82024 0.911653 6.85
      vertex -7.88002 0.457567 10.25
      vertex -7.88002 0.457567 6.85
    endloop
  endfacet
  facet normal -0.608769 0.793347 0
    outer loop
      vertex 0.724634 -4.02173 6.85
      vertex 0.361276 -4.30055 10.25
      vertex 0.724634 -4.02173 10.25
    endloop
  endfacet
  facet normal -0.608769 0.793347 0
    outer loop
      vertex 0.361276 -4.30055 10.25
      vertex 0.724634 -4.02173 6.85
      vertex 0.361276 -4.30055 6.85
    endloop
  endfacet
  facet normal 0.843399 0.537288 0
    outer loop
      vertex -6.95055 -3.01128 10.25
      vertex -7.19663 -2.625 6.85
      vertex -7.19663 -2.625 10.25
    endloop
  endfacet
  facet normal 0.843399 0.537288 0
    outer loop
      vertex -7.19663 -2.625 6.85
      vertex -6.95055 -3.01128 10.25
      vertex -6.95055 -3.01128 6.85
    endloop
  endfacet
  facet normal -0.887002 0.461765 0
    outer loop
      vertex 1.89663 -2.625 6.85
      vertex 2.10812 -2.21875 10.25
      vertex 2.10812 -2.21875 6.85
    endloop
  endfacet
  facet normal -0.887002 0.461765 0
    outer loop
      vertex 2.10812 -2.21875 10.25
      vertex 1.89663 -2.625 6.85
      vertex 1.89663 -2.625 10.25
    endloop
  endfacet
  facet normal 0.95372 -0.300695 0
    outer loop
      vertex -7.72111 1.3588 10.25
      vertex -7.58339 1.79561 6.85
      vertex -7.58339 1.79561 10.25
    endloop
  endfacet
  facet normal 0.95372 -0.300695 0
    outer loop
      vertex -7.58339 1.79561 6.85
      vertex -7.72111 1.3588 10.25
      vertex -7.72111 1.3588 6.85
    endloop
  endfacet
  facet normal 0.216438 -0.976296 0
    outer loop
      vertex -4.0088 5.07111 6.85
      vertex -3.56165 5.17024 10.25
      vertex -4.0088 5.07111 10.25
    endloop
  endfacet
  facet normal 0.216438 -0.976296 0
    outer loop
      vertex -3.56165 5.17024 10.25
      vertex -4.0088 5.07111 6.85
      vertex -3.56165 5.17024 6.85
    endloop
  endfacet
  facet normal -0.216438 -0.976296 0
    outer loop
      vertex -1.73835 5.17024 6.85
      vertex -1.2912 5.07111 10.25
      vertex -1.73835 5.17024 10.25
    endloop
  endfacet
  facet normal -0.216438 -0.976296 -0
    outer loop
      vertex -1.2912 5.07111 10.25
      vertex -1.73835 5.17024 6.85
      vertex -1.2912 5.07111 6.85
    endloop
  endfacet
  facet normal 0.887002 0.461765 0
    outer loop
      vertex -7.19663 -2.625 10.25
      vertex -7.40812 -2.21875 6.85
      vertex -7.40812 -2.21875 10.25
    endloop
  endfacet
  facet normal 0.887002 0.461765 0
    outer loop
      vertex -7.40812 -2.21875 6.85
      vertex -7.19663 -2.625 10.25
      vertex -7.19663 -2.625 6.85
    endloop
  endfacet
  facet normal 0.300695 -0.95372 0
    outer loop
      vertex -4.44561 4.93339 6.85
      vertex -4.0088 5.07111 10.25
      vertex -4.44561 4.93339 10.25
    endloop
  endfacet
  facet normal 0.300695 -0.95372 0
    outer loop
      vertex -4.0088 5.07111 10.25
      vertex -4.44561 4.93339 6.85
      vertex -4.0088 5.07111 6.85
    endloop
  endfacet
  facet normal 0.216438 0.976296 -0
    outer loop
      vertex -3.56165 -5.17024 6.85
      vertex -4.0088 -5.07111 10.25
      vertex -3.56165 -5.17024 10.25
    endloop
  endfacet
  facet normal 0.216438 0.976296 0
    outer loop
      vertex -4.0088 -5.07111 10.25
      vertex -3.56165 -5.17024 6.85
      vertex -4.0088 -5.07111 6.85
    endloop
  endfacet
  facet normal 0.793341 -0.608778 0
    outer loop
      vertex -6.95055 3.01128 10.25
      vertex -6.67173 3.37463 6.85
      vertex -6.67173 3.37463 10.25
    endloop
  endfacet
  facet normal 0.793341 -0.608778 0
    outer loop
      vertex -6.67173 3.37463 6.85
      vertex -6.95055 3.01128 10.25
      vertex -6.95055 3.01128 6.85
    endloop
  endfacet
  facet normal 0 0 1
    outer loop
      vertex 2.58002 0.457567 6.85
      vertex 2.58002 -0.457567 6.85
      vertex 2.6 0 6.85
    endloop
  endfacet
  facet normal 0 0 1
    outer loop
      vertex 2.52024 0.911653 6.85
      vertex 2.58002 -0.457567 6.85
      vertex 2.58002 0.457567 6.85
    endloop
  endfacet
  facet normal 0 0 1
    outer loop
      vertex 2.52024 0.911653 6.85
      vertex 2.52024 -0.911653 6.85
      vertex 2.58002 -0.457567 6.85
    endloop
  endfacet
  facet normal 0 0 1
    outer loop
      vertex 2.42111 1.3588 6.85
      vertex 2.52024 -0.911653 6.85
      vertex 2.52024 0.911653 6.85
    endloop
  endfacet
  facet normal 0 0 1
    outer loop
      vertex 2.42111 1.3588 6.85
      vertex 2.42111 -1.3588 6.85
      vertex 2.52024 -0.911653 6.85
    endloop
  endfacet
  facet normal 0 0 1
    outer loop
      vertex 2.28339 1.79561 6.85
      vertex 2.42111 -1.3588 6.85
      vertex 2.42111 1.3588 6.85
    endloop
  endfacet
  facet normal 0 0 1
    outer loop
      vertex 2.28339 1.79561 6.85
      vertex 2.28339 -1.79561 6.85
      vertex 2.42111 -1.3588 6.85
    endloop
  endfacet
  facet normal 0 0 1
    outer loop
      vertex 2.10812 2.21875 6.85
      vertex 2.28339 -1.79561 6.85
      vertex 2.28339 1.79561 6.85
    endloop
  endfacet
  facet normal 0 0 1
    outer loop
      vertex 2.10812 2.21875 6.85
      vertex 2.10812 -2.21875 6.85
      vertex 2.28339 -1.79561 6.85
    endloop
  endfacet
  facet normal 0 0 1
    outer loop
      vertex 1.89663 2.625 6.85
      vertex 2.10812 -2.21875 6.85
      vertex 2.10812 2.21875 6.85
    endloop
  endfacet
  facet normal 0 0 1
    outer loop
      vertex 1.89663 2.625 6.85
      vertex 1.89663 -2.625 6.85
      vertex 2.10812 -2.21875 6.85
    endloop
  endfacet
  facet normal 0 0 1
    outer loop
      vertex 1.65055 3.01128 6.85
      vertex 1.89663 -2.625 6.85
      vertex 1.89663 2.625 6.85
    endloop
  endfacet
  facet normal 0 0 1
    outer loop
      vertex 1.65055 3.01128 6.85
      vertex 1.65055 -3.01128 6.85
      vertex 1.89663 -2.625 6.85
    endloop
  endfacet
  facet normal 0 0 1
    outer loop
      vertex 1.37173 3.37463 6.85
      vertex 1.65055 -3.01128 6.85
      vertex 1.65055 3.01128 6.85
    endloop
  endfacet
  facet normal 0 0 1
    outer loop
      vertex 1.37173 3.37463 6.85
      vertex 1.37173 -3.37463 6.85
      vertex 1.65055 -3.01128 6.85
    endloop
  endfacet
  facet normal 0 0 1
    outer loop
      vertex 1.06231 3.71231 6.85
      vertex 1.37173 -3.37463 6.85
      vertex 1.37173 3.37463 6.85
    endloop
  endfacet
  facet normal 0 0 1
    outer loop
      vertex 1.06231 3.71231 6.85
      vertex 1.06231 -3.71231 6.85
      vertex 1.37173 -3.37463 6.85
    endloop
  endfacet
  facet normal 0 0 1
    outer loop
      vertex 0.724634 4.02173 6.85
      vertex 1.06231 -3.71231 6.85
      vertex 1.06231 3.71231 6.85
    endloop
  endfacet
  facet normal 0 0 1
    outer loop
      vertex 0.724634 4.02173 6.85
      vertex 0.724634 -4.02173 6.85
      vertex 1.06231 -3.71231 6.85
    endloop
  endfacet
  facet normal 0 0 1
    outer loop
      vertex 0.361276 4.30055 6.85
      vertex 0.724634 -4.02173 6.85
      vertex 0.724634 4.02173 6.85
    endloop
  endfacet
  facet normal 0 0 1
    outer loop
      vertex 0.361276 4.30055 6.85
      vertex 0.361276 -4.30055 6.85
      vertex 0.724634 -4.02173 6.85
    endloop
  endfacet
  facet normal 0 0 1
    outer loop
      vertex -0.0249996 4.54663 6.85
      vertex 0.361276 -4.30055 6.85
      vertex 0.361276 4.30055 6.85
    endloop
  endfacet
  facet normal 0 0 1
    outer loop
      vertex -0.0249996 4.54663 6.85
      vertex -0.0249996 -4.54663 6.85
      vertex 0.361276 -4.30055 6.85
    endloop
  endfacet
  facet normal 0 0 1
    outer loop
      vertex -0.431253 4.75812 6.85
      vertex -0.0249996 -4.54663 6.85
      vertex -0.0249996 4.54663 6.85
    endloop
  endfacet
  facet normal 0 0 1
    outer loop
      vertex -0.431253 4.75812 6.85
      vertex -0.431253 -4.75812 6.85
      vertex -0.0249996 -4.54663 6.85
    endloop
  endfacet
  facet normal 0 0 1
    outer loop
      vertex -0.854394 4.93339 6.85
      vertex -0.431253 -4.75812 6.85
      vertex -0.431253 4.75812 6.85
    endloop
  endfacet
  facet normal 0 0 1
    outer loop
      vertex -0.854394 4.93339 6.85
      vertex -0.854394 -4.93339 6.85
      vertex -0.431253 -4.75812 6.85
    endloop
  endfacet
  facet normal 0 0 1
    outer loop
      vertex -1.2912 5.07111 6.85
      vertex -0.854394 -4.93339 6.85
      vertex -0.854394 4.93339 6.85
    endloop
  endfacet
  facet normal 0 0 1
    outer loop
      vertex -1.2912 5.07111 6.85
      vertex -1.2912 -5.07111 6.85
      vertex -0.854394 -4.93339 6.85
    endloop
  endfacet
  facet normal 0 0 1
    outer loop
      vertex -1.73835 5.17024 6.85
      vertex -1.2912 -5.07111 6.85
      vertex -1.2912 5.07111 6.85
    endloop
  endfacet
  facet normal 0 0 1
    outer loop
      vertex -1.73835 5.17024 6.85
      vertex -1.73835 -5.17024 6.85
      vertex -1.2912 -5.07111 6.85
    endloop
  endfacet
  facet normal 0 0 1
    outer loop
      vertex -2.19243 5.23002 6.85
      vertex -1.73835 -5.17024 6.85
      vertex -1.73835 5.17024 6.85
    endloop
  endfacet
  facet normal 0 0 1
    outer loop
      vertex -2.19243 5.23002 6.85
      vertex -2.19243 -5.23002 6.85
      vertex -1.73835 -5.17024 6.85
    endloop
  endfacet
  facet normal 0 0 1
    outer loop
      vertex -2.65 5.25 6.85
      vertex -2.19243 -5.23002 6.85
      vertex -2.19243 5.23002 6.85
    endloop
  endfacet
  facet normal 0 0 1
    outer loop
      vertex -2.65 5.25 6.85
      vertex -2.65 -5.25 6.85
      vertex -2.19243 -5.23002 6.85
    endloop
  endfacet
  facet normal -0 0 1
    outer loop
      vertex -3.10757 5.23002 6.85
      vertex -2.65 -5.25 6.85
      vertex -2.65 5.25 6.85
    endloop
  endfacet
  facet normal 0 0 1
    outer loop
      vertex -3.10757 5.23002 6.85
      vertex -3.10757 -5.23002 6.85
      vertex -2.65 -5.25 6.85
    endloop
  endfacet
  facet normal -0 0 1
    outer loop
      vertex -3.56165 5.17024 6.85
      vertex -3.10757 -5.23002 6.85
      vertex -3.10757 5.23002 6.85
    endloop
  endfacet
  facet normal 0 0 1
    outer loop
      vertex -3.56165 5.17024 6.85
      vertex -3.56165 -5.17024 6.85
      vertex -3.10757 -5.23002 6.85
    endloop
  endfacet
  facet normal -0 0 1
    outer loop
      vertex -4.0088 5.07111 6.85
      vertex -3.56165 -5.17024 6.85
      vertex -3.56165 5.17024 6.85
    endloop
  endfacet
  facet normal 0 0 1
    outer loop
      vertex -4.0088 5.07111 6.85
      vertex -4.0088 -5.07111 6.85
      vertex -3.56165 -5.17024 6.85
    endloop
  endfacet
  facet normal -0 0 1
    outer loop
      vertex -4.44561 4.93339 6.85
      vertex -4.0088 -5.07111 6.85
      vertex -4.0088 5.07111 6.85
    endloop
  endfacet
  facet normal 0 0 1
    outer loop
      vertex -4.44561 4.93339 6.85
      vertex -4.44561 -4.93339 6.85
      vertex -4.0088 -5.07111 6.85
    endloop
  endfacet
  facet normal -0 0 1
    outer loop
      vertex -4.86875 4.75812 6.85
      vertex -4.44561 -4.93339 6.85
      vertex -4.44561 4.93339 6.85
    endloop
  endfacet
  facet normal 0 0 1
    outer loop
      vertex -4.86875 4.75812 6.85
      vertex -4.86875 -4.75812 6.85
      vertex -4.44561 -4.93339 6.85
    endloop
  endfacet
  facet normal -0 0 1
    outer loop
      vertex -5.275 4.54663 6.85
      vertex -4.86875 -4.75812 6.85
      vertex -4.86875 4.75812 6.85
    endloop
  endfacet
  facet normal 0 0 1
    outer loop
      vertex -5.275 4.54663 6.85
      vertex -5.275 -4.54663 6.85
      vertex -4.86875 -4.75812 6.85
    endloop
  endfacet
  facet normal -0 0 1
    outer loop
      vertex -5.66128 4.30055 6.85
      vertex -5.275 -4.54663 6.85
      vertex -5.275 4.54663 6.85
    endloop
  endfacet
  facet normal 0 0 1
    outer loop
      vertex -5.66128 4.30055 6.85
      vertex -5.66128 -4.30055 6.85
      vertex -5.275 -4.54663 6.85
    endloop
  endfacet
  facet normal -0 0 1
    outer loop
      vertex -6.02463 4.02173 6.85
      vertex -5.66128 -4.30055 6.85
      vertex -5.66128 4.30055 6.85
    endloop
  endfacet
  facet normal 0 0 1
    outer loop
      vertex -6.02463 4.02173 6.85
      vertex -6.02463 -4.02173 6.85
      vertex -5.66128 -4.30055 6.85
    endloop
  endfacet
  facet normal -0 0 1
    outer loop
      vertex -6.36231 3.71231 6.85
      vertex -6.02463 -4.02173 6.85
      vertex -6.02463 4.02173 6.85
    endloop
  endfacet
  facet normal 0 0 1
    outer loop
      vertex -6.36231 3.71231 6.85
      vertex -6.36231 -3.71231 6.85
      vertex -6.02463 -4.02173 6.85
    endloop
  endfacet
  facet normal -0 0 1
    outer loop
      vertex -6.67173 3.37463 6.85
      vertex -6.36231 -3.71231 6.85
      vertex -6.36231 3.71231 6.85
    endloop
  endfacet
  facet normal 0 0 1
    outer loop
      vertex -6.67173 3.37463 6.85
      vertex -6.67173 -3.37463 6.85
      vertex -6.36231 -3.71231 6.85
    endloop
  endfacet
  facet normal -0 0 1
    outer loop
      vertex -6.95055 3.01128 6.85
      vertex -6.67173 -3.37463 6.85
      vertex -6.67173 3.37463 6.85
    endloop
  endfacet
  facet normal 0 0 1
    outer loop
      vertex -6.95055 3.01128 6.85
      vertex -6.95055 -3.01128 6.85
      vertex -6.67173 -3.37463 6.85
    endloop
  endfacet
  facet normal -0 0 1
    outer loop
      vertex -7.19663 2.625 6.85
      vertex -6.95055 -3.01128 6.85
      vertex -6.95055 3.01128 6.85
    endloop
  endfacet
  facet normal 0 0 1
    outer loop
      vertex -7.19663 2.625 6.85
      vertex -7.19663 -2.625 6.85
      vertex -6.95055 -3.01128 6.85
    endloop
  endfacet
  facet normal -0 0 1
    outer loop
      vertex -7.40812 2.21875 6.85
      vertex -7.19663 -2.625 6.85
      vertex -7.19663 2.625 6.85
    endloop
  endfacet
  facet normal 0 0 1
    outer loop
      vertex -7.40812 2.21875 6.85
      vertex -7.40812 -2.21875 6.85
      vertex -7.19663 -2.625 6.85
    endloop
  endfacet
  facet normal -0 0 1
    outer loop
      vertex -7.58339 1.79561 6.85
      vertex -7.40812 -2.21875 6.85
      vertex -7.40812 2.21875 6.85
    endloop
  endfacet
  facet normal 0 0 1
    outer loop
      vertex -7.58339 1.79561 6.85
      vertex -7.58339 -1.79561 6.85
      vertex -7.40812 -2.21875 6.85
    endloop
  endfacet
  facet normal -0 0 1
    outer loop
      vertex -7.72111 1.3588 6.85
      vertex -7.58339 -1.79561 6.85
      vertex -7.58339 1.79561 6.85
    endloop
  endfacet
  facet normal 0 0 1
    outer loop
      vertex -7.72111 1.3588 6.85
      vertex -7.72111 -1.3588 6.85
      vertex -7.58339 -1.79561 6.85
    endloop
  endfacet
  facet normal -0 0 1
    outer loop
      vertex -7.82024 0.911653 6.85
      vertex -7.72111 -1.3588 6.85
      vertex -7.72111 1.3588 6.85
    endloop
  endfacet
  facet normal 0 0 1
    outer loop
      vertex -7.82024 0.911653 6.85
      vertex -7.82024 -0.911653 6.85
      vertex -7.72111 -1.3588 6.85
    endloop
  endfacet
  facet normal -0 0 1
    outer loop
      vertex -7.88002 0.457567 6.85
      vertex -7.82024 -0.911653 6.85
      vertex -7.82024 0.911653 6.85
    endloop
  endfacet
  facet normal 0 0 1
    outer loop
      vertex -7.88002 0.457567 6.85
      vertex -7.88002 -0.457567 6.85
      vertex -7.82024 -0.911653 6.85
    endloop
  endfacet
  facet normal 0 -0 1
    outer loop
      vertex -7.88002 -0.457567 6.85
      vertex -7.88002 0.457567 6.85
      vertex -7.9 0 6.85
    endloop
  endfacet
  facet normal 0.537288 0.843399 -0
    outer loop
      vertex -5.275 -4.54663 6.85
      vertex -5.66128 -4.30055 10.25
      vertex -5.275 -4.54663 10.25
    endloop
  endfacet
  facet normal 0.537288 0.843399 0
    outer loop
      vertex -5.66128 -4.30055 10.25
      vertex -5.275 -4.54663 6.85
      vertex -5.66128 -4.30055 6.85
    endloop
  endfacet
endsolid OpenSCAD_Model
