solid OpenSCAD_Model
  facet normal 0.130426 -0.991458 0
    outer loop
      vertex 8.65078 -12.6257 5.05
      vertex 9.36002 -12.5324 5.24431
      vertex 8.65078 -12.6257 5.24431
    endloop
  endfacet
  facet normal 0.130426 -0.991458 0
    outer loop
      vertex 9.36002 -12.5324 5.24431
      vertex 8.65078 -12.6257 5.05
      vertex 9.36002 -12.5324 5.05
    endloop
  endfacet
  facet normal -0.585231 -0.638645 0.499637
    outer loop
      vertex -15.4747 -9.14039 6.9403
      vertex -15.794 -8.44899 7.45006
      vertex -16.0021 -8.6571 6.9403
    endloop
  endfacet
  facet normal -0.585231 -0.638645 0.499637
    outer loop
      vertex -15.794 -8.44899 7.45006
      vertex -15.4747 -9.14039 6.9403
      vertex -15.2666 -8.93228 7.45006
    endloop
  endfacet
  facet normal -0.129448 0.982974 0.130404
    outer loop
      vertex -8.65078 12.6257 5.24431
      vertex -9.34999 12.4562 5.8279
      vertex -8.64075 12.5496 5.8279
    endloop
  endfacet
  facet normal -0.129309 0.98297 0.13057
    outer loop
      vertex -9.34999 12.4562 5.8279
      vertex -8.65078 12.6257 5.24431
      vertex -9.36002 12.5324 5.24431
    endloop
  endfacet
  facet normal -0.580893 0.183229 0.793089
    outer loop
      vertex -17.9214 3.57749 8.33328
      vertex -17.6855 2.77437 8.69161
      vertex -17.4703 3.45662 8.69161
    endloop
  endfacet
  facet normal -0.580993 0.183173 0.793029
    outer loop
      vertex -17.6855 2.77437 8.69161
      vertex -17.9214 3.57749 8.33328
      vertex -18.1365 2.89523 8.33328
    endloop
  endfacet
  facet normal -0.0652821 0.495732 0.866019
    outer loop
      vertex -8.39099 10.6525 8.69161
      vertex -9.0337 10.0537 8.98593
      vertex -8.32445 10.1471 8.98593
    endloop
  endfacet
  facet normal -0.0652831 0.495732 0.866018
    outer loop
      vertex -9.0337 10.0537 8.98593
      vertex -8.39099 10.6525 8.69161
      vertex -9.10023 10.5591 8.69161
    endloop
  endfacet
  facet normal -0.180308 -0.906426 0.381942
    outer loop
      vertex -9.3007 -12.0818 6.9403
      vertex -9.81849 -11.9788 6.9403
      vertex -9.33011 -12.3051 6.39648
    endloop
  endfacet
  facet normal -0.252724 0.288254 0.923602
    outer loop
      vertex -13.5014 7.43413 9.21118
      vertex -13.8325 7.86557 8.98593
      vertex -13.6437 7.30937 9.21118
    endloop
  endfacet
  facet normal -0.195108 -0.980782 0
    outer loop
      vertex -9.9361 -12.4178 5.05
      vertex -9.36002 -12.5324 5.24431
      vertex -9.9361 -12.4178 5.24431
    endloop
  endfacet
  facet normal -0.195108 -0.980782 -0
    outer loop
      vertex -9.36002 -12.5324 5.24431
      vertex -9.9361 -12.4178 5.05
      vertex -9.36002 -12.5324 5.05
    endloop
  endfacet
  facet normal -0.681239 0.624252 0.382392
    outer loop
      vertex -16.6447 8.28896 6.39648
      vertex -16.0021 8.6571 6.9403
      vertex -16.1614 8.81638 6.39648
    endloop
  endfacet
  facet normal -0.681239 0.624252 0.382392
    outer loop
      vertex -16.0021 8.6571 6.9403
      vertex -16.6447 8.28896 6.39648
      vertex -16.4854 8.12968 6.9403
    endloop
  endfacet
  facet normal -0.12058 0.0499535 0.991446
    outer loop
      vertex -15.5928 3.80642 9.36353
      vertex -15.3274 2.92218 9.44036
      vertex -15.0536 3.58309 9.44036
    endloop
  endfacet
  facet normal -0.120605 0.0499457 0.991443
    outer loop
      vertex -15.3274 2.92218 9.44036
      vertex -15.5928 3.80642 9.36353
      vertex -15.8665 3.14551 9.36353
    endloop
  endfacet
  facet normal 0.298123 0.945574 0.130432
    outer loop
      vertex 10.6345 12.2629 5.24431
      vertex 11.05 12.0514 5.8279
      vertex 11.05 12.1319 5.24431
    endloop
  endfacet
  facet normal 0.298176 0.945563 0.13039
    outer loop
      vertex 11.05 12.0514 5.8279
      vertex 10.6345 12.2629 5.24431
      vertex 10.6146 12.1887 5.8279
    endloop
  endfacet
  facet normal -0.0963293 -0.0882711 0.991428
    outer loop
      vertex -14.2523 -5.89662 9.36353
      vertex -13.3564 -6.01138 9.44036
      vertex -13.8397 -5.48396 9.44036
    endloop
  endfacet
  facet normal -0.0963293 -0.0882711 0.991428
    outer loop
      vertex -13.3564 -6.01138 9.44036
      vertex -14.2523 -5.89662 9.36353
      vertex -13.769 -6.42404 9.36353
    endloop
  endfacet
  facet normal -0.0603966 -0.922212 0.381938
    outer loop
      vertex -8.59146 -12.1752 6.9403
      vertex -8.62086 -12.3985 6.39648
      vertex -8.06467 -12.2097 6.9403
    endloop
  endfacet
  facet normal -0.550786 0.824407 0.130341
    outer loop
      vertex -14.2985 10.6108 5.24431
      vertex -14.7869 10.2845 5.24431
      vertex -14.7401 10.2235 5.8279
    endloop
  endfacet
  facet normal -0.536174 -0.58511 0.608411
    outer loop
      vertex -15.5406 -8.19561 7.91705
      vertex -15.2666 -8.93228 7.45006
      vertex -15.0132 -8.6789 7.91705
    endloop
  endfacet
  facet normal -0.536174 -0.58511 0.608411
    outer loop
      vertex -15.2666 -8.93228 7.45006
      vertex -15.5406 -8.19561 7.91705
      vertex -15.794 -8.44899 7.45006
    endloop
  endfacet
  facet normal -0.896862 -0.44231 0
    outer loop
      vertex -18.6705 -5.71564 5.05
      vertex -18.9303 -5.18885 5.24431
      vertex -18.9303 -5.18885 5.05
    endloop
  endfacet
  facet normal -0.896862 -0.44231 0
    outer loop
      vertex -18.9303 -5.18885 5.24431
      vertex -18.6705 -5.71564 5.05
      vertex -18.6705 -5.71564 5.24431
    endloop
  endfacet
  facet normal -0.5134 -0.768393 0.382091
    outer loop
      vertex -14.5102 -9.92395 6.9403
      vertex -14.6474 -10.1027 6.39648
      vertex -14.0713 -10.2172 6.9403
    endloop
  endfacet
  facet normal -0.238623 -0.756915 0.608391
    outer loop
      vertex -10.4407 -11.5397 7.45006
      vertex -11.0302 -10.9785 7.91705
      vertex -11.123 -11.3246 7.45006
    endloop
  endfacet
  facet normal -0.238662 -0.756929 0.608358
    outer loop
      vertex -11.0302 -10.9785 7.91705
      vertex -10.4407 -11.5397 7.45006
      vertex -10.348 -11.1936 7.91705
    endloop
  endfacet
  facet normal -0.499789 0.0327056 0.865529
    outer loop
      vertex -17.4921 0.979451 8.98593
      vertex -18.0188 0.719666 8.69161
      vertex -17.5091 0.719666 8.98593
    endloop
  endfacet
  facet normal -0.120627 0.915989 0.382639
    outer loop
      vertex -8.62086 12.3985 6.39648
      vertex -9.3007 12.0818 6.9403
      vertex -8.59146 12.1752 6.9403
    endloop
  endfacet
  facet normal -0.120625 0.915989 0.382641
    outer loop
      vertex -9.3007 12.0818 6.9403
      vertex -8.62086 12.3985 6.39648
      vertex -9.33011 12.3051 6.39648
    endloop
  endfacet
  facet normal 0.154837 0.778761 0.607912
    outer loop
      vertex 9.74231 11.6945 7.45006
      vertex 9.21552 11.4347 7.91705
      vertex 9.64957 11.3484 7.91705
    endloop
  endfacet
  facet normal -0.0923283 0.701112 0.707049
    outer loop
      vertex -8.50627 11.5281 7.91705
      vertex -9.16119 11.0221 8.33328
      vertex -8.45194 11.1155 8.33328
    endloop
  endfacet
  facet normal -0.0923283 0.701112 0.707049
    outer loop
      vertex -9.16119 11.0221 8.33328
      vertex -8.50627 11.5281 7.91705
      vertex -9.21552 11.4347 7.91705
    endloop
  endfacet
  facet normal 0.00045683 -0.864167 0.503204
    outer loop
      vertex -2.59771 -12.2366 6.94772
      vertex -7.34999 -11.9466 7.45006
      vertex -2.65 -12.2353 6.95
    endloop
  endfacet
  facet normal -0.000191825 -0.866812 0.498634
    outer loop
      vertex -7.34999 -11.9466 7.45006
      vertex -2.70229 -12.2366 6.94772
      vertex -2.65 -12.2353 6.95
    endloop
  endfacet
  facet normal 0.000384874 -0.864499 0.502635
    outer loop
      vertex -7.34999 -11.9466 7.45006
      vertex -2.75419 -12.2406 6.94088
      vertex -2.70229 -12.2366 6.94772
    endloop
  endfacet
  facet normal 0 -0.866033 0.499987
    outer loop
      vertex -2.75684 -12.2409 6.9403
      vertex -7.34999 -11.9466 7.45006
      vertex -7.34999 -12.2409 6.9403
    endloop
  endfacet
  facet normal -0.00389771 -0.880833 0.473412
    outer loop
      vertex -7.34999 -11.9466 7.45006
      vertex -2.75684 -12.2409 6.9403
      vertex -2.75419 -12.2406 6.94088
    endloop
  endfacet
  facet normal 0 -0.866045 0.499966
    outer loop
      vertex -7.34999 -11.9466 7.45006
      vertex -2.59771 -12.2366 6.94772
      vertex 7.34999 -11.9466 7.45006
    endloop
  endfacet
  facet normal -0.000236489 -0.86401 0.503475
    outer loop
      vertex -2.54581 -12.2406 6.94088
      vertex 7.34999 -11.9466 7.45006
      vertex -2.59771 -12.2366 6.94772
    endloop
  endfacet
  facet normal 0.00221558 -0.884049 0.467389
    outer loop
      vertex -2.54316 -12.2409 6.9403
      vertex 7.34999 -11.9466 7.45006
      vertex -2.54581 -12.2406 6.94088
    endloop
  endfacet
  facet normal 0 -0.866033 0.499987
    outer loop
      vertex 7.34999 -11.9466 7.45006
      vertex -2.54316 -12.2409 6.9403
      vertex 7.34999 -12.2409 6.9403
    endloop
  endfacet
  facet normal -0.171048 -0.194948 0.965783
    outer loop
      vertex -13.2416 -6.90733 9.36353
      vertex -13.5014 -7.43413 9.21118
      vertex -13.1553 -6.98305 9.36353
    endloop
  endfacet
  facet normal -0.127552 0.0282723 0.991429
    outer loop
      vertex -16.2734 1.65613 9.36353
      vertex -15.5549 2.20348 9.44036
      vertex -16.1186 2.35452 9.36353
    endloop
  endfacet
  facet normal -0.127552 0.0282718 0.991429
    outer loop
      vertex -15.5549 2.20348 9.44036
      vertex -16.2734 1.65613 9.36353
      vertex -15.7097 1.50508 9.44036
    endloop
  endfacet
  facet normal -0.836215 -0.532649 0.130496
    outer loop
      vertex -18.3402 -6.35018 5.24431
      vertex -17.8893 -6.91508 5.8279
      vertex -18.2736 -6.31176 5.8279
    endloop
  endfacet
  facet normal -0.836168 -0.532757 0.130355
    outer loop
      vertex -17.8893 -6.91508 5.8279
      vertex -18.3402 -6.35018 5.24431
      vertex -17.9558 -6.9535 5.24431
    endloop
  endfacet
  facet normal 0 -1 0
    outer loop
      vertex -7.34999 -12.6954 5.05
      vertex 7.34999 -12.6954 5.24431
      vertex -7.34999 -12.6954 5.24431
    endloop
  endfacet
  facet normal 0 -1 -0
    outer loop
      vertex 7.34999 -12.6954 5.24431
      vertex -7.34999 -12.6954 5.05
      vertex 7.34999 -12.6954 5.05
    endloop
  endfacet
  facet normal -0.13805 -0.694329 0.706293
    outer loop
      vertex -9.16119 -11.0221 8.33328
      vertex -9.64957 -11.3484 7.91705
      vertex -9.21552 -11.4347 7.91705
    endloop
  endfacet
  facet normal 0.180308 0.906426 0.381942
    outer loop
      vertex 9.33011 12.3051 6.39648
      vertex 9.3007 12.0818 6.9403
      vertex 9.81849 11.9788 6.9403
    endloop
  endfacet
  facet normal 0.214682 0.967941 0.130388
    outer loop
      vertex 9.9361 12.4178 5.24431
      vertex 10.6146 12.1887 5.8279
      vertex 10.6345 12.2629 5.24431
    endloop
  endfacet
  facet normal 0.214688 0.967941 0.130381
    outer loop
      vertex 10.6146 12.1887 5.8279
      vertex 9.9361 12.4178 5.24431
      vertex 9.91622 12.3436 5.8279
    endloop
  endfacet
  facet normal -0.188396 0.947494 0.258383
    outer loop
      vertex -9.34999 12.4562 5.8279
      vertex -9.87679 12.1964 6.39648
      vertex -9.33011 12.3051 6.39648
    endloop
  endfacet
  facet normal -0.0169692 0.258787 0.965785
    outer loop
      vertex -8.06467 9.62026 9.21118
      vertex -8.25347 9.60788 9.21118
      vertex -8.17926 9.04418 9.36353
    endloop
  endfacet
  facet normal -0.221483 0.449161 0.865563
    outer loop
      vertex -11.7722 9.74647 8.69161
      vertex -11.8106 9.16036 8.98593
      vertex -11.5771 9.2755 8.98593
    endloop
  endfacet
  facet normal 0.238697 -0.757039 0.608207
    outer loop
      vertex 10.348 -11.1936 7.91705
      vertex 11.05 -11.0523 7.81742
      vertex 11.0302 -10.9785 7.91705
    endloop
  endfacet
  facet normal 0.238694 -0.756919 0.608357
    outer loop
      vertex 10.4407 -11.5397 7.45006
      vertex 11.05 -11.0523 7.81742
      vertex 10.348 -11.1936 7.91705
    endloop
  endfacet
  facet normal 0.238632 -0.756888 0.60842
    outer loop
      vertex 11.05 -11.0523 7.81742
      vertex 10.4407 -11.5397 7.45006
      vertex 11.05 -11.3476 7.45006
    endloop
  endfacet
  facet normal -0.477188 -0.150518 0.865815
    outer loop
      vertex -17.1931 -2.64243 8.98593
      vertex -17.4703 -3.45662 8.69161
      vertex -16.9779 -3.32468 8.98593
    endloop
  endfacet
  facet normal -0.477188 -0.150518 0.865815
    outer loop
      vertex -17.4703 -3.45662 8.69161
      vertex -17.1931 -2.64243 8.98593
      vertex -17.6855 -2.77437 8.69161
    endloop
  endfacet
  facet normal 0.0250826 -0.382519 0.923607
    outer loop
      vertex 8.25347 -9.60788 9.21118
      vertex 8.06467 -9.62026 9.21118
      vertex 8.32445 -10.1471 8.98593
    endloop
  endfacet
  facet normal -0.0701967 0.110198 0.991428
    outer loop
      vertex -12.4923 7.48232 9.36353
      vertex -11.5972 7.36128 9.44036
      vertex -11.8889 7.86669 9.36353
    endloop
  endfacet
  facet normal -0.0701988 0.110183 0.991429
    outer loop
      vertex -11.5972 7.36128 9.44036
      vertex -12.4923 7.48232 9.36353
      vertex -12.2005 6.97691 9.44036
    endloop
  endfacet
  facet normal 0.118923 0.59786 0.79273
    outer loop
      vertex 9.16119 11.0221 8.33328
      vertex 9.10023 10.5591 8.69161
      vertex 9.42097 10.4953 8.69161
    endloop
  endfacet
  facet normal -0.706398 0.046389 0.706293
    outer loop
      vertex -18.8731 1.16127 7.91705
      vertex -18.9021 0.719666 7.91705
      vertex -18.4605 1.10694 8.33328
    endloop
  endfacet
  facet normal -0.481351 -0.720495 0.499187
    outer loop
      vertex -13.9241 -9.96236 7.45006
      vertex -14.3311 -9.69045 7.45006
      vertex -14.0713 -10.2172 6.9403
    endloop
  endfacet
  facet normal -0.550786 -0.824407 0.130341
    outer loop
      vertex -14.7401 -10.2235 5.8279
      vertex -14.7869 -10.2845 5.24431
      vertex -14.2985 -10.6108 5.24431
    endloop
  endfacet
  facet normal -0.843364 -0.537342 0
    outer loop
      vertex -17.9558 -6.9535 5.05
      vertex -18.3402 -6.35018 5.24431
      vertex -18.3402 -6.35018 5.05
    endloop
  endfacet
  facet normal -0.843364 -0.537342 0
    outer loop
      vertex -18.3402 -6.35018 5.24431
      vertex -17.9558 -6.9535 5.05
      vertex -17.9558 -6.9535 5.24431
    endloop
  endfacet
  facet normal -0.126111 -0.957636 0.258901
    outer loop
      vertex -8.64075 -12.5496 5.8279
      vertex -9.33011 -12.3051 6.39648
      vertex -9.34999 -12.4562 5.8279
    endloop
  endfacet
  facet normal -0.126109 -0.957635 0.258903
    outer loop
      vertex -9.33011 -12.3051 6.39648
      vertex -8.64075 -12.5496 5.8279
      vertex -8.62086 -12.3985 6.39648
    endloop
  endfacet
  facet normal -0.216531 -0.976276 0
    outer loop
      vertex -10.6345 -12.2629 5.05
      vertex -9.9361 -12.4178 5.24431
      vertex -10.6345 -12.2629 5.24431
    endloop
  endfacet
  facet normal -0.216531 -0.976276 -0
    outer loop
      vertex -9.9361 -12.4178 5.24431
      vertex -10.6345 -12.2629 5.05
      vertex -9.9361 -12.4178 5.05
    endloop
  endfacet
  facet normal -0.532662 0.836209 0.130478
    outer loop
      vertex -13.6952 10.9952 5.24431
      vertex -14.2601 10.5443 5.8279
      vertex -13.6568 10.9286 5.8279
    endloop
  endfacet
  facet normal -0.532771 0.836162 0.130337
    outer loop
      vertex -14.2601 10.5443 5.8279
      vertex -13.6952 10.9952 5.24431
      vertex -14.2985 10.6108 5.24431
    endloop
  endfacet
  facet normal -0.282375 0.258754 0.923748
    outer loop
      vertex -15.0389 6.6832 8.98593
      vertex -14.1711 6.82608 9.21118
      vertex -14.5556 7.21062 8.98593
    endloop
  endfacet
  facet normal -0.282375 0.258754 0.923748
    outer loop
      vertex -14.1711 6.82608 9.21118
      vertex -15.0389 6.6832 8.98593
      vertex -14.6544 6.29866 9.21118
    endloop
  endfacet
  facet normal -0.138077 0.694308 0.706308
    outer loop
      vertex -9.16119 11.0221 8.33328
      vertex -9.64957 11.3484 7.91705
      vertex -9.54184 10.9464 8.33328
    endloop
  endfacet
  facet normal -0.216531 0.976276 0
    outer loop
      vertex -9.9361 12.4178 5.05
      vertex -10.6345 12.2629 5.24431
      vertex -9.9361 12.4178 5.24431
    endloop
  endfacet
  facet normal -0.216531 0.976276 0
    outer loop
      vertex -10.6345 12.2629 5.24431
      vertex -9.9361 12.4178 5.05
      vertex -10.6345 12.2629 5.05
    endloop
  endfacet
  facet normal 0.169074 0.849829 0.499204
    outer loop
      vertex 9.3007 12.0818 6.9403
      vertex 9.26229 11.79 7.45006
      vertex 9.74231 11.6945 7.45006
    endloop
  endfacet
  facet normal 0 0.99143 0.130641
    outer loop
      vertex 7.34999 12.6954 5.24431
      vertex -2.35476 12.6185 5.8279
      vertex 7.34999 12.6185 5.8279
    endloop
  endfacet
  facet normal 0.000106499 0.991199 0.132382
    outer loop
      vertex -2.35476 12.6185 5.8279
      vertex 7.34999 12.6954 5.24431
      vertex -2.39643 12.6214 5.80622
    endloop
  endfacet
  facet normal -9.80283e-05 0.991658 0.128895
    outer loop
      vertex -2.39643 12.6214 5.80622
      vertex 7.34999 12.6954 5.24431
      vertex -2.44479 12.624 5.78618
    endloop
  endfacet
  facet normal 7.70759e-05 0.991249 0.132006
    outer loop
      vertex -2.44479 12.624 5.78618
      vertex 7.34999 12.6954 5.24431
      vertex -2.49471 12.6261 5.77044
    endloop
  endfacet
  facet normal 3.38198e-05 0.991355 0.131211
    outer loop
      vertex -2.49471 12.6261 5.77044
      vertex 7.34999 12.6954 5.24431
      vertex -2.54581 12.6276 5.75912
    endloop
  endfacet
  facet normal -4.44234e-06 0.99145 0.130488
    outer loop
      vertex -2.54581 12.6276 5.75912
      vertex 7.34999 12.6954 5.24431
      vertex -2.59771 12.6285 5.75228
    endloop
  endfacet
  facet normal -0 0.991439 0.130573
    outer loop
      vertex -7.34999 12.6954 5.24431
      vertex -2.59771 12.6285 5.75228
      vertex 7.34999 12.6954 5.24431
    endloop
  endfacet
  facet normal -0.000208639 0.991225 0.132189
    outer loop
      vertex -7.34999 12.6954 5.24431
      vertex -2.94524 12.6185 5.8279
      vertex -2.90357 12.6214 5.80622
    endloop
  endfacet
  facet normal 0.000187563 0.991631 0.129107
    outer loop
      vertex -7.34999 12.6954 5.24431
      vertex -2.90357 12.6214 5.80622
      vertex -2.85521 12.624 5.78618
    endloop
  endfacet
  facet normal -0.000142826 0.991276 0.131801
    outer loop
      vertex -7.34999 12.6954 5.24431
      vertex -2.85521 12.624 5.78618
      vertex -2.80529 12.6261 5.77044
    endloop
  endfacet
  facet normal -5.97242e-05 0.99137 0.131096
    outer loop
      vertex -7.34999 12.6954 5.24431
      vertex -2.80529 12.6261 5.77044
      vertex -2.75419 12.6276 5.75912
    endloop
  endfacet
  facet normal 7.21159e-06 0.991447 0.130508
    outer loop
      vertex -7.34999 12.6954 5.24431
      vertex -2.75419 12.6276 5.75912
      vertex -2.70229 12.6285 5.75228
    endloop
  endfacet
  facet normal 3.76209e-06 0.991443 0.130539
    outer loop
      vertex -7.34999 12.6954 5.24431
      vertex -2.70229 12.6285 5.75228
      vertex -2.65 12.6288 5.75
    endloop
  endfacet
  facet normal -8.88887e-06 0.991428 0.130655
    outer loop
      vertex -2.59771 12.6285 5.75228
      vertex -7.34999 12.6954 5.24431
      vertex -2.65 12.6288 5.75
    endloop
  endfacet
  facet normal 0 0.99143 0.130641
    outer loop
      vertex -2.94524 12.6185 5.8279
      vertex -7.34999 12.6954 5.24431
      vertex -7.34999 12.6185 5.8279
    endloop
  endfacet
  facet normal 0.0377805 0.865415 0.49963
    outer loop
      vertex 8.06467 12.2097 6.9403
      vertex 7.34999 11.9466 7.45006
      vertex 8.06467 11.9154 7.45006
    endloop
  endfacet
  facet normal 0.0377805 0.865415 0.49963
    outer loop
      vertex 7.34999 11.9466 7.45006
      vertex 8.06467 12.2097 6.9403
      vertex 7.34999 12.2409 6.9403
    endloop
  endfacet
  facet normal 0 0.793381 0.608725
    outer loop
      vertex 7.34999 11.9466 7.45006
      vertex -7.34999 11.5883 7.91705
      vertex 7.34999 11.5883 7.91705
    endloop
  endfacet
  facet normal 0 0.793381 0.608725
    outer loop
      vertex -7.34999 11.5883 7.91705
      vertex 7.34999 11.9466 7.45006
      vertex -7.34999 11.9466 7.45006
    endloop
  endfacet
  facet normal 0.129309 0.98297 0.13057
    outer loop
      vertex 8.65078 12.6257 5.24431
      vertex 9.34999 12.4562 5.8279
      vertex 9.36002 12.5324 5.24431
    endloop
  endfacet
  facet normal 0.129448 0.982974 0.130404
    outer loop
      vertex 9.34999 12.4562 5.8279
      vertex 8.65078 12.6257 5.24431
      vertex 8.64075 12.5496 5.8279
    endloop
  endfacet
  facet normal 0.120627 -0.915989 0.382639
    outer loop
      vertex 8.62086 -12.3985 6.39648
      vertex 9.3007 -12.0818 6.9403
      vertex 8.59146 -12.1752 6.9403
    endloop
  endfacet
  facet normal 0.120625 -0.915989 0.382641
    outer loop
      vertex 9.3007 -12.0818 6.9403
      vertex 8.62086 -12.3985 6.39648
      vertex 9.33011 -12.3051 6.39648
    endloop
  endfacet
  facet normal 0.11307 -0.858607 0.500009
    outer loop
      vertex 8.59146 -12.1752 6.9403
      vertex 9.26229 -11.79 7.45006
      vertex 8.55305 -11.8834 7.45006
    endloop
  endfacet
  facet normal 0.11307 -0.858607 0.500009
    outer loop
      vertex 9.26229 -11.79 7.45006
      vertex 8.59146 -12.1752 6.9403
      vertex 9.3007 -12.0818 6.9403
    endloop
  endfacet
  facet normal 0.169049 -0.849824 0.499221
    outer loop
      vertex 9.74231 -11.6945 7.45006
      vertex 9.3007 -12.0818 6.9403
      vertex 9.81849 -11.9788 6.9403
    endloop
  endfacet
  facet normal -0.532205 0.466744 0.706334
    outer loop
      vertex -15.7296 7.37387 8.33328
      vertex -16.3157 7.33546 7.91705
      vertex -15.9855 7.08208 8.33328
    endloop
  endfacet
  facet normal -0.0748047 0.375996 0.923597
    outer loop
      vertex -9.0337 10.0537 8.98593
      vertex -9.28904 10.0029 8.98593
      vertex -8.96271 9.51452 9.21118
    endloop
  endfacet
  facet normal -0.571318 0.65143 0.499233
    outer loop
      vertex -15.0778 9.48848 6.9403
      vertex -15.4747 9.14039 6.9403
      vertex -14.8986 9.25498 7.45006
    endloop
  endfacet
  facet normal -0.193379 0.972443 0.130228
    outer loop
      vertex -9.34999 12.4562 5.8279
      vertex -9.9361 12.4178 5.24431
      vertex -9.91622 12.3436 5.8279
    endloop
  endfacet
  facet normal 0.0308521 0.706711 0.70683
    outer loop
      vertex 8.06467 11.5571 7.91705
      vertex 7.34999 11.172 8.33328
      vertex 8.06467 11.1408 8.33328
    endloop
  endfacet
  facet normal 0.0308521 0.706711 0.70683
    outer loop
      vertex 7.34999 11.172 8.33328
      vertex 8.06467 11.5571 7.91705
      vertex 7.34999 11.5883 7.91705
    endloop
  endfacet
  facet normal 0.0397376 0.608268 0.792736
    outer loop
      vertex 8.06467 11.1408 8.33328
      vertex 8.06467 10.6738 8.69161
      vertex 8.45194 11.1155 8.33328
    endloop
  endfacet
  facet normal 0 -0.99143 0.130641
    outer loop
      vertex -7.34999 -12.6954 5.24431
      vertex -2.94524 -12.6185 5.8279
      vertex -7.34999 -12.6185 5.8279
    endloop
  endfacet
  facet normal -0.000208639 -0.991225 0.132189
    outer loop
      vertex -2.94524 -12.6185 5.8279
      vertex -7.34999 -12.6954 5.24431
      vertex -2.90357 -12.6214 5.80622
    endloop
  endfacet
  facet normal 0.000187563 -0.991631 0.129107
    outer loop
      vertex -2.90357 -12.6214 5.80622
      vertex -7.34999 -12.6954 5.24431
      vertex -2.85521 -12.624 5.78618
    endloop
  endfacet
  facet normal -0.000142826 -0.991276 0.131801
    outer loop
      vertex -2.85521 -12.624 5.78618
      vertex -7.34999 -12.6954 5.24431
      vertex -2.80529 -12.6261 5.77044
    endloop
  endfacet
  facet normal -5.97242e-05 -0.99137 0.131096
    outer loop
      vertex -2.80529 -12.6261 5.77044
      vertex -7.34999 -12.6954 5.24431
      vertex -2.75419 -12.6276 5.75912
    endloop
  endfacet
  facet normal 7.21159e-06 -0.991447 0.130508
    outer loop
      vertex -2.75419 -12.6276 5.75912
      vertex -7.34999 -12.6954 5.24431
      vertex -2.70229 -12.6285 5.75228
    endloop
  endfacet
  facet normal 3.76209e-06 -0.991443 0.130539
    outer loop
      vertex -2.70229 -12.6285 5.75228
      vertex -7.34999 -12.6954 5.24431
      vertex -2.65 -12.6288 5.75
    endloop
  endfacet
  facet normal 0.000106499 -0.991199 0.132382
    outer loop
      vertex 7.34999 -12.6954 5.24431
      vertex -2.35476 -12.6185 5.8279
      vertex -2.39643 -12.6214 5.80622
    endloop
  endfacet
  facet normal -9.80283e-05 -0.991658 0.128895
    outer loop
      vertex 7.34999 -12.6954 5.24431
      vertex -2.39643 -12.6214 5.80622
      vertex -2.44479 -12.624 5.78618
    endloop
  endfacet
  facet normal 7.70759e-05 -0.991249 0.132006
    outer loop
      vertex 7.34999 -12.6954 5.24431
      vertex -2.44479 -12.624 5.78618
      vertex -2.49471 -12.6261 5.77044
    endloop
  endfacet
  facet normal 3.38198e-05 -0.991355 0.131211
    outer loop
      vertex 7.34999 -12.6954 5.24431
      vertex -2.49471 -12.6261 5.77044
      vertex -2.54581 -12.6276 5.75912
    endloop
  endfacet
  facet normal -4.44234e-06 -0.99145 0.130488
    outer loop
      vertex 7.34999 -12.6954 5.24431
      vertex -2.54581 -12.6276 5.75912
      vertex -2.59771 -12.6285 5.75228
    endloop
  endfacet
  facet normal -8.88887e-06 -0.991428 0.130655
    outer loop
      vertex -7.34999 -12.6954 5.24431
      vertex -2.59771 -12.6285 5.75228
      vertex -2.65 -12.6288 5.75
    endloop
  endfacet
  facet normal 0 -0.991439 0.130573
    outer loop
      vertex -2.59771 -12.6285 5.75228
      vertex -7.34999 -12.6954 5.24431
      vertex 7.34999 -12.6954 5.24431
    endloop
  endfacet
  facet normal 0 -0.99143 0.130641
    outer loop
      vertex -2.35476 -12.6185 5.8279
      vertex 7.34999 -12.6954 5.24431
      vertex 7.34999 -12.6185 5.8279
    endloop
  endfacet
  facet normal 0.0566529 -0.86463 0.499205
    outer loop
      vertex 8.55305 -11.8834 7.45006
      vertex 8.06467 -11.9154 7.45006
      vertex 8.59146 -12.1752 6.9403
    endloop
  endfacet
  facet normal -0.820507 -0.27853 0.499189
    outer loop
      vertex -18.5123 -4.24141 7.45006
      vertex -18.9539 -3.85413 6.9403
      vertex -18.7842 -4.35404 6.9403
    endloop
  endfacet
  facet normal -0.232585 -0.114716 0.965787
    outer loop
      vertex -15.542 -3.90941 9.36353
      vertex -16.1181 -4.024 9.21118
      vertex -16.0344 -4.1937 9.21118
    endloop
  endfacet
  facet normal -0.303571 -0.232944 0.923895
    outer loop
      vertex -15.2146 -5.58887 9.21118
      vertex -15.2106 -6.48746 8.98593
      vertex -14.7791 -6.15641 9.21118
    endloop
  endfacet
  facet normal -0.30363 -0.23294 0.923876
    outer loop
      vertex -15.2106 -6.48746 8.98593
      vertex -15.2146 -5.58887 9.21118
      vertex -15.646 -5.91993 8.98593
    endloop
  endfacet
  facet normal -0.199948 -0.902105 0.382397
    outer loop
      vertex -9.87679 -12.1964 6.39648
      vertex -10.5169 -11.824 6.9403
      vertex -10.5752 -12.0416 6.39648
    endloop
  endfacet
  facet normal -0.199948 -0.902105 0.382397
    outer loop
      vertex -10.5169 -11.824 6.9403
      vertex -9.87679 -12.1964 6.39648
      vertex -9.81849 -11.9788 6.9403
    endloop
  endfacet
  facet normal -0.229784 0.119613 0.965863
    outer loop
      vertex -16.0344 4.1937 9.21118
      vertex -15.2117 4.54395 9.36353
      vertex -15.7041 4.82823 9.21118
    endloop
  endfacet
  facet normal -0.229783 0.11961 0.965864
    outer loop
      vertex -15.2117 4.54395 9.36353
      vertex -16.0344 4.1937 9.21118
      vertex -15.542 3.90941 9.36353
    endloop
  endfacet
  facet normal -0.303571 0.232944 0.923895
    outer loop
      vertex -15.2106 6.48746 8.98593
      vertex -15.2146 5.58887 9.21118
      vertex -14.7791 6.15641 9.21118
    endloop
  endfacet
  facet normal -0.30363 0.23294 0.923876
    outer loop
      vertex -15.2146 5.58887 9.21118
      vertex -15.2106 6.48746 8.98593
      vertex -15.646 5.91993 8.98593
    endloop
  endfacet
  facet normal -0.636932 -0.726369 0.258274
    outer loop
      vertex -15.634 -9.29967 6.39648
      vertex -15.7417 -9.4074 5.8279
      vertex -15.3076 -9.78805 5.8279
    endloop
  endfacet
  facet normal -0.777092 0.383279 0.499224
    outer loop
      vertex -18.022 5.34126 7.45006
      vertex -18.2769 5.48842 6.9403
      vertex -18.2385 4.90231 7.45006
    endloop
  endfacet
  facet normal -0.130426 -0.991458 0
    outer loop
      vertex -9.36002 -12.5324 5.05
      vertex -8.65078 -12.6257 5.24431
      vertex -9.36002 -12.5324 5.24431
    endloop
  endfacet
  facet normal -0.130426 -0.991458 -0
    outer loop
      vertex -8.65078 -12.6257 5.24431
      vertex -9.36002 -12.5324 5.05
      vertex -8.65078 -12.6257 5.05
    endloop
  endfacet
  facet normal -0.188396 -0.947494 0.258383
    outer loop
      vertex -9.33011 -12.3051 6.39648
      vertex -9.87679 -12.1964 6.39648
      vertex -9.34999 -12.4562 5.8279
    endloop
  endfacet
  facet normal -0.461692 -0.887041 0
    outer loop
      vertex -13.6952 -10.9952 5.15
      vertex -13.0606 -11.3255 5.24431
      vertex -13.6952 -10.9952 5.24431
    endloop
  endfacet
  facet normal -0.461692 -0.887041 -0
    outer loop
      vertex -13.0606 -11.3255 5.24431
      vertex -13.6952 -10.9952 5.15
      vertex -13.0606 -11.3255 5.15
    endloop
  endfacet
  facet normal -0.562342 0.732967 0.382794
    outer loop
      vertex -14.6474 10.1027 6.39648
      vertex -15.0778 9.48848 6.9403
      vertex -14.5102 9.92395 6.9403
    endloop
  endfacet
  facet normal -0.56247 0.732938 0.38266
    outer loop
      vertex -15.0778 9.48848 6.9403
      vertex -14.6474 10.1027 6.39648
      vertex -15.2149 9.66719 6.39648
    endloop
  endfacet
  facet normal -0.318693 0.938862 0.130278
    outer loop
      vertex -11.3167 12.0478 5.24431
      vertex -11.8729 11.859 5.24431
      vertex -11.8435 11.788 5.8279
    endloop
  endfacet
  facet normal -0.5134 0.768393 0.382091
    outer loop
      vertex -14.0713 10.2172 6.9403
      vertex -14.6474 10.1027 6.39648
      vertex -14.5102 9.92395 6.9403
    endloop
  endfacet
  facet normal -0.0603966 0.922212 0.381938
    outer loop
      vertex -8.06467 12.2097 6.9403
      vertex -8.62086 12.3985 6.39648
      vertex -8.59146 12.1752 6.9403
    endloop
  endfacet
  facet normal -0.0566263 0.864643 0.499185
    outer loop
      vertex -8.06467 12.2097 6.9403
      vertex -8.59146 12.1752 6.9403
      vertex -8.06467 11.9154 7.45006
    endloop
  endfacet
  facet normal 0.195108 0.980782 -0
    outer loop
      vertex 9.9361 12.4178 5.05
      vertex 9.36002 12.5324 5.24431
      vertex 9.9361 12.4178 5.24431
    endloop
  endfacet
  facet normal 0.195108 0.980782 0
    outer loop
      vertex 9.36002 12.5324 5.24431
      vertex 9.9361 12.4178 5.05
      vertex 9.36002 12.5324 5.05
    endloop
  endfacet
  facet normal 0.0519144 0.792311 0.607904
    outer loop
      vertex 8.06467 11.9154 7.45006
      vertex 8.06467 11.5571 7.91705
      vertex 8.55305 11.8834 7.45006
    endloop
  endfacet
  facet normal 0.0566529 0.86463 0.499205
    outer loop
      vertex 8.59146 12.1752 6.9403
      vertex 8.06467 11.9154 7.45006
      vertex 8.55305 11.8834 7.45006
    endloop
  endfacet
  facet normal -0.0828919 0.373899 0.923758
    outer loop
      vertex -9.28904 10.0029 8.98593
      vertex -9.84668 9.32277 9.21118
      vertex -9.14829 9.4776 9.21118
    endloop
  endfacet
  facet normal -0.0828982 0.373904 0.923755
    outer loop
      vertex -9.84668 9.32277 9.21118
      vertex -9.28904 10.0029 8.98593
      vertex -9.98743 9.84806 8.98593
    endloop
  endfacet
  facet normal 0 0.707047 0.707166
    outer loop
      vertex 7.34999 11.5883 7.91705
      vertex -7.34999 11.172 8.33328
      vertex 7.34999 11.172 8.33328
    endloop
  endfacet
  facet normal 0 0.707047 0.707166
    outer loop
      vertex -7.34999 11.172 8.33328
      vertex 7.34999 11.5883 7.91705
      vertex -7.34999 11.5883 7.91705
    endloop
  endfacet
  facet normal 0.130426 0.991458 -0
    outer loop
      vertex 9.36002 12.5324 5.05
      vertex 8.65078 12.6257 5.24431
      vertex 9.36002 12.5324 5.24431
    endloop
  endfacet
  facet normal 0.130426 0.991458 0
    outer loop
      vertex 8.65078 12.6257 5.24431
      vertex 9.36002 12.5324 5.05
      vertex 8.65078 12.6257 5.05
    endloop
  endfacet
  facet normal -0.130426 0.991458 0
    outer loop
      vertex -8.65078 12.6257 5.05
      vertex -9.36002 12.5324 5.24431
      vertex -8.65078 12.6257 5.24431
    endloop
  endfacet
  facet normal -0.130426 0.991458 0
    outer loop
      vertex -9.36002 12.5324 5.24431
      vertex -8.65078 12.6257 5.05
      vertex -9.36002 12.5324 5.05
    endloop
  endfacet
  facet normal 0.126111 0.957636 0.258901
    outer loop
      vertex 8.64075 12.5496 5.8279
      vertex 9.33011 12.3051 6.39648
      vertex 9.34999 12.4562 5.8279
    endloop
  endfacet
  facet normal 0.126109 0.957635 0.258903
    outer loop
      vertex 9.33011 12.3051 6.39648
      vertex 8.64075 12.5496 5.8279
      vertex 8.62086 12.3985 6.39648
    endloop
  endfacet
  facet normal 0.0605169 -0.922161 0.382043
    outer loop
      vertex 8.06467 -12.2097 6.9403
      vertex 8.06467 -12.435 6.39648
      vertex 8.62086 -12.3985 6.39648
    endloop
  endfacet
  facet normal 0.0923283 -0.701112 0.707049
    outer loop
      vertex 9.16119 -11.0221 8.33328
      vertex 8.50627 -11.5281 7.91705
      vertex 9.21552 -11.4347 7.91705
    endloop
  endfacet
  facet normal 0.0923283 -0.701112 0.707049
    outer loop
      vertex 8.50627 -11.5281 7.91705
      vertex 9.16119 -11.0221 8.33328
      vertex 8.45194 -11.1155 8.33328
    endloop
  endfacet
  facet normal 0.0463894 -0.706398 0.706293
    outer loop
      vertex 8.45194 -11.1155 8.33328
      vertex 8.06467 -11.5571 7.91705
      vertex 8.50627 -11.5281 7.91705
    endloop
  endfacet
  facet normal 0 -0.966207 0.257766
    outer loop
      vertex -2.05 -12.4786 6.35
      vertex 7.34999 -12.4662 6.39648
      vertex -2.05203 -12.4662 6.39648
    endloop
  endfacet
  facet normal -4.56826e-06 -0.965977 0.258629
    outer loop
      vertex -2.05228 -12.4926 6.29771
      vertex 7.34999 -12.4662 6.39648
      vertex -2.05 -12.4786 6.35
    endloop
  endfacet
  facet normal -7.57329e-06 -0.965956 0.258706
    outer loop
      vertex 7.34999 -12.6185 5.8279
      vertex -2.05228 -12.4926 6.29771
      vertex -2.05911 -12.5065 6.24581
    endloop
  endfacet
  facet normal 4.31083e-06 -0.965889 0.258956
    outer loop
      vertex 7.34999 -12.6185 5.8279
      vertex -2.05911 -12.5065 6.24581
      vertex -2.07044 -12.5202 6.19471
    endloop
  endfacet
  facet normal 1.64701e-05 -0.965811 0.259247
    outer loop
      vertex 7.34999 -12.6185 5.8279
      vertex -2.07044 -12.5202 6.19471
      vertex -2.08618 -12.5336 6.14479
    endloop
  endfacet
  facet normal 2.88162e-05 -0.965719 0.25959
    outer loop
      vertex 7.34999 -12.6185 5.8279
      vertex -2.08618 -12.5336 6.14479
      vertex -2.10621 -12.5466 6.09643
    endloop
  endfacet
  facet normal -1.85294e-05 -0.966136 0.258034
    outer loop
      vertex 7.34999 -12.6185 5.8279
      vertex -2.10621 -12.5466 6.09643
      vertex -2.13038 -12.559 6.05
    endloop
  endfacet
  facet normal -1.39749e-05 -0.966087 0.258216
    outer loop
      vertex 7.34999 -12.6185 5.8279
      vertex -2.13038 -12.559 6.05
      vertex -2.15851 -12.5708 6.00585
    endloop
  endfacet
  facet normal 3.02237e-05 -0.965496 0.260419
    outer loop
      vertex 7.34999 -12.6185 5.8279
      vertex -2.15851 -12.5708 6.00585
      vertex -2.19037 -12.582 5.96433
    endloop
  endfacet
  facet normal -8.56374e-06 -0.966175 0.257888
    outer loop
      vertex 7.34999 -12.6185 5.8279
      vertex -2.19037 -12.582 5.96433
      vertex -2.22574 -12.5923 5.92574
    endloop
  endfacet
  facet normal 7.8566e-06 -0.965773 0.259388
    outer loop
      vertex 7.34999 -12.6185 5.8279
      vertex -2.22574 -12.5923 5.92574
      vertex -2.26433 -12.6018 5.89037
    endloop
  endfacet
  facet normal -3.33739e-06 -0.966204 0.25778
    outer loop
      vertex 7.34999 -12.6185 5.8279
      vertex -2.26433 -12.6018 5.89037
      vertex -2.30585 -12.6103 5.85851
    endloop
  endfacet
  facet normal 6.96712e-06 -0.96539 0.260812
    outer loop
      vertex 7.34999 -12.6185 5.8279
      vertex -2.30585 -12.6103 5.85851
      vertex -2.35 -12.6179 5.83038
    endloop
  endfacet
  facet normal 0 -0.971959 0.235151
    outer loop
      vertex 7.34999 -12.6185 5.8279
      vertex -2.35 -12.6179 5.83038
      vertex -2.35476 -12.6185 5.8279
    endloop
  endfacet
  facet normal -5.81074e-06 -0.965947 0.258739
    outer loop
      vertex -2.05228 -12.4926 6.29771
      vertex 7.34999 -12.6185 5.8279
      vertex 7.34999 -12.4662 6.39648
    endloop
  endfacet
  facet normal 0 -0.966207 0.257766
    outer loop
      vertex -7.34999 -12.4662 6.39648
      vertex -3.25 -12.4786 6.35
      vertex -3.24797 -12.4662 6.39648
    endloop
  endfacet
  facet normal 1.04765e-05 -0.965977 0.258629
    outer loop
      vertex -7.34999 -12.4662 6.39648
      vertex -3.24772 -12.4926 6.29771
      vertex -3.25 -12.4786 6.35
    endloop
  endfacet
  facet normal 1.3318e-05 -0.965947 0.258739
    outer loop
      vertex -7.34999 -12.6185 5.8279
      vertex -3.24772 -12.4926 6.29771
      vertex -7.34999 -12.4662 6.39648
    endloop
  endfacet
  facet normal 1.72121e-05 -0.965956 0.258707
    outer loop
      vertex -3.24772 -12.4926 6.29771
      vertex -7.34999 -12.6185 5.8279
      vertex -3.24088 -12.5065 6.24581
    endloop
  endfacet
  facet normal -9.74859e-06 -0.96589 0.258955
    outer loop
      vertex -3.24088 -12.5065 6.24581
      vertex -7.34999 -12.6185 5.8279
      vertex -3.22956 -12.5202 6.19471
    endloop
  endfacet
  facet normal -3.70762e-05 -0.965813 0.259241
    outer loop
      vertex -3.22956 -12.5202 6.19471
      vertex -7.34999 -12.6185 5.8279
      vertex -3.21381 -12.5336 6.14479
    endloop
  endfacet
  facet normal -6.46052e-05 -0.965723 0.259576
    outer loop
      vertex -3.21381 -12.5336 6.14479
      vertex -7.34999 -12.6185 5.8279
      vertex -3.19378 -12.5466 6.09643
    endloop
  endfacet
  facet normal 4.13891e-05 -0.966133 0.258045
    outer loop
      vertex -3.19378 -12.5466 6.09643
      vertex -7.34999 -12.6185 5.8279
      vertex -3.16961 -12.559 6.05
    endloop
  endfacet
  facet normal 3.11127e-05 -0.966085 0.258226
    outer loop
      vertex -3.16961 -12.559 6.05
      vertex -7.34999 -12.6185 5.8279
      vertex -3.14149 -12.5708 6.00585
    endloop
  endfacet
  facet normal -6.70904e-05 -0.965503 0.260392
    outer loop
      vertex -3.14149 -12.5708 6.00585
      vertex -7.34999 -12.6185 5.8279
      vertex -3.10963 -12.582 5.96433
    endloop
  endfacet
  facet normal 1.89609e-05 -0.966172 0.257897
    outer loop
      vertex -3.10963 -12.582 5.96433
      vertex -7.34999 -12.6185 5.8279
      vertex -3.07426 -12.5923 5.92574
    endloop
  endfacet
  facet normal -1.73581e-05 -0.965776 0.259378
    outer loop
      vertex -3.07426 -12.5923 5.92574
      vertex -7.34999 -12.6185 5.8279
      vertex -3.03567 -12.6018 5.89037
    endloop
  endfacet
  facet normal 7.36132e-06 -0.966202 0.257785
    outer loop
      vertex -3.03567 -12.6018 5.89037
      vertex -7.34999 -12.6185 5.8279
      vertex -2.99415 -12.6103 5.85851
    endloop
  endfacet
  facet normal -1.5352e-05 -0.965393 0.2608
    outer loop
      vertex -2.99415 -12.6103 5.85851
      vertex -7.34999 -12.6185 5.8279
      vertex -2.95 -12.6179 5.83038
    endloop
  endfacet
  facet normal 0 -0.971959 0.235151
    outer loop
      vertex -2.95 -12.6179 5.83038
      vertex -7.34999 -12.6185 5.8279
      vertex -2.94524 -12.6185 5.8279
    endloop
  endfacet
  facet normal 0.193444 -0.972421 0.130295
    outer loop
      vertex 9.9361 -12.4178 5.24431
      vertex 9.34999 -12.4562 5.8279
      vertex 9.36002 -12.5324 5.24431
    endloop
  endfacet
  facet normal -0.0461416 0.706294 0.706413
    outer loop
      vertex -8.06467 11.5571 7.91705
      vertex -8.45194 11.1155 8.33328
      vertex -8.06467 11.1408 8.33328
    endloop
  endfacet
  facet normal -0.0794665 0.103558 0.991444
    outer loop
      vertex -12.5877 7.41852 9.36353
      vertex -12.8 6.52005 9.44036
      vertex -12.2325 6.95553 9.44036
    endloop
  endfacet
  facet normal -0.0794474 0.103553 0.991446
    outer loop
      vertex -12.8 6.52005 9.44036
      vertex -12.5877 7.41852 9.36353
      vertex -13.1553 6.98305 9.36353
    endloop
  endfacet
  facet normal -0.588598 0.39325 0.706333
    outer loop
      vertex -16.421 6.51454 8.33328
      vertex -16.7512 6.76792 7.91705
      vertex -16.6366 6.19184 8.33328
    endloop
  endfacet
  facet normal -0.00856312 0.13052 0.991409
    outer loop
      vertex -8.06467 9.05169 9.36353
      vertex -8.10308 8.46558 9.44036
      vertex -8.06467 8.4681 9.44036
    endloop
  endfacet
  facet normal -0.370623 0.482993 0.79332
    outer loop
      vertex -13.8595 9.07595 8.33328
      vertex -14.1428 8.27 8.69161
      vertex -13.5753 8.70547 8.69161
    endloop
  endfacet
  facet normal -0.370552 0.482985 0.793358
    outer loop
      vertex -14.1428 8.27 8.69161
      vertex -13.8595 9.07595 8.33328
      vertex -14.4271 8.64048 8.33328
    endloop
  endfacet
  facet normal -0.585114 0.536168 0.608412
    outer loop
      vertex -16.2773 7.92157 7.45006
      vertex -15.5406 8.19561 7.91705
      vertex -15.794 8.44899 7.45006
    endloop
  endfacet
  facet normal -0.585114 0.536168 0.608412
    outer loop
      vertex -15.5406 8.19561 7.91705
      vertex -16.2773 7.92157 7.45006
      vertex -16.0239 7.66819 7.91705
    endloop
  endfacet
  facet normal -0.442304 0.896865 0
    outer loop
      vertex -12.5338 11.5853 5.15
      vertex -13.0606 11.3255 5.24431
      vertex -12.5338 11.5853 5.24431
    endloop
  endfacet
  facet normal -0.442304 0.896865 0
    outer loop
      vertex -13.0606 11.3255 5.24431
      vertex -12.5338 11.5853 5.15
      vertex -13.0606 11.3255 5.15
    endloop
  endfacet
  facet normal 0.0250826 0.382519 0.923607
    outer loop
      vertex 8.32445 10.1471 8.98593
      vertex 8.06467 9.62026 9.21118
      vertex 8.25347 9.60788 9.21118
    endloop
  endfacet
  facet normal -0 0.38266 0.923889
    outer loop
      vertex -7.34999 10.1953 8.98593
      vertex 7.34999 9.65146 9.21118
      vertex 7.34999 10.1953 8.98593
    endloop
  endfacet
  facet normal 0 0.38266 0.923889
    outer loop
      vertex 7.34999 9.65146 9.21118
      vertex -7.34999 10.1953 8.98593
      vertex -7.34999 9.65146 9.21118
    endloop
  endfacet
  facet normal -0.232585 0.114716 0.965787
    outer loop
      vertex -16.0344 4.1937 9.21118
      vertex -16.1181 4.024 9.21118
      vertex -15.542 3.90941 9.36353
    endloop
  endfacet
  facet normal -0.0250826 0.382519 0.923607
    outer loop
      vertex -8.06467 9.62026 9.21118
      vertex -8.32445 10.1471 8.98593
      vertex -8.25347 9.60788 9.21118
    endloop
  endfacet
  facet normal 0.0630851 -0.96398 0.258384
    outer loop
      vertex 8.62086 -12.3985 6.39648
      vertex 8.06467 -12.5873 5.8279
      vertex 8.64075 -12.5496 5.8279
    endloop
  endfacet
  facet normal 0.154922 -0.778697 0.607972
    outer loop
      vertex 9.74231 -11.6945 7.45006
      vertex 9.21552 -11.4347 7.91705
      vertex 9.26229 -11.79 7.45006
    endloop
  endfacet
  facet normal 0.214688 -0.967941 0.130381
    outer loop
      vertex 9.9361 -12.4178 5.24431
      vertex 10.6146 -12.1887 5.8279
      vertex 9.91622 -12.3436 5.8279
    endloop
  endfacet
  facet normal 0.214682 -0.967941 0.130388
    outer loop
      vertex 10.6146 -12.1887 5.8279
      vertex 9.9361 -12.4178 5.24431
      vertex 10.6345 -12.2629 5.24431
    endloop
  endfacet
  facet normal -0.120625 -0.915989 0.382641
    outer loop
      vertex -8.62086 -12.3985 6.39648
      vertex -9.3007 -12.0818 6.9403
      vertex -9.33011 -12.3051 6.39648
    endloop
  endfacet
  facet normal -0.120627 -0.915989 0.382639
    outer loop
      vertex -9.3007 -12.0818 6.9403
      vertex -8.62086 -12.3985 6.39648
      vertex -8.59146 -12.1752 6.9403
    endloop
  endfacet
  facet normal -0.0605169 -0.922161 0.382043
    outer loop
      vertex -8.06467 -12.2097 6.9403
      vertex -8.62086 -12.3985 6.39648
      vertex -8.06467 -12.435 6.39648
    endloop
  endfacet
  facet normal -0.0402989 -0.923104 0.382434
    outer loop
      vertex -8.06467 -12.435 6.39648
      vertex -7.34999 -12.2409 6.9403
      vertex -8.06467 -12.2097 6.9403
    endloop
  endfacet
  facet normal -0.0402989 -0.923104 0.382434
    outer loop
      vertex -7.34999 -12.2409 6.9403
      vertex -8.06467 -12.435 6.39648
      vertex -7.34999 -12.4662 6.39648
    endloop
  endfacet
  facet normal 0.0326209 -0.499759 0.86555
    outer loop
      vertex 8.32445 -10.1471 8.98593
      vertex 8.06467 -10.6738 8.69161
      vertex 8.39099 -10.6525 8.69161
    endloop
  endfacet
  facet normal 0.29048 -0.921307 0.258485
    outer loop
      vertex 10.6146 -12.1887 5.8279
      vertex 11.05 -11.8919 6.39648
      vertex 10.5752 -12.0416 6.39648
    endloop
  endfacet
  facet normal 0.290526 -0.921303 0.258447
    outer loop
      vertex 11.05 -11.8919 6.39648
      vertex 10.6146 -12.1887 5.8279
      vertex 11.05 -12.0514 5.8279
    endloop
  endfacet
  facet normal -0.157534 0.205332 0.965931
    outer loop
      vertex -12.9339 7.8696 9.21118
      vertex -13.1553 6.98305 9.36353
      vertex -12.5877 7.41852 9.36353
    endloop
  endfacet
  facet normal -0.157567 0.20534 0.965924
    outer loop
      vertex -13.1553 6.98305 9.36353
      vertex -12.9339 7.8696 9.21118
      vertex -13.5014 7.43413 9.21118
    endloop
  endfacet
  facet normal -0.0834038 -0.245558 0.965787
    outer loop
      vertex -10.4905 -8.52154 9.36353
      vertex -10.7081 -9.04683 9.21118
      vertex -10.3818 -8.55846 9.36353
    endloop
  endfacet
  facet normal -0.957636 0.126111 0.258901
    outer loop
      vertex -19.8946 1.29575 5.8279
      vertex -19.6501 1.98511 6.39648
      vertex -19.8012 2.00499 5.8279
    endloop
  endfacet
  facet normal -0.957635 0.126109 0.258903
    outer loop
      vertex -19.6501 1.98511 6.39648
      vertex -19.8946 1.29575 5.8279
      vertex -19.7435 1.27586 6.39648
    endloop
  endfacet
  facet normal -0.730979 0.669831 0.130372
    outer loop
      vertex -16.8067 8.45102 5.24431
      vertex -16.2691 8.92411 5.8279
      vertex -16.3234 8.97844 5.24431
    endloop
  endfacet
  facet normal -0.730979 0.669831 0.130372
    outer loop
      vertex -16.2691 8.92411 5.8279
      vertex -16.8067 8.45102 5.24431
      vertex -16.7524 8.39669 5.8279
    endloop
  endfacet
  facet normal -0.0834038 0.245558 0.965787
    outer loop
      vertex -10.3818 8.55846 9.36353
      vertex -10.7081 9.04683 9.21118
      vertex -10.4905 8.52154 9.36353
    endloop
  endfacet
  facet normal -0.221483 -0.449161 0.865563
    outer loop
      vertex -11.5771 -9.2755 8.98593
      vertex -11.8106 -9.16036 8.98593
      vertex -11.7722 -9.74647 8.69161
    endloop
  endfacet
  facet normal -0.0505878 -0.254362 0.965785
    outer loop
      vertex -9.00113 -8.92841 9.36353
      vertex -9.14829 -9.4776 9.21118
      vertex -8.8885 -8.95081 9.36353
    endloop
  endfacet
  facet normal -0.365309 -0.115175 0.923734
    outer loop
      vertex -16.6678 -2.50168 9.21118
      vertex -16.9779 -3.32468 8.98593
      vertex -16.4527 -3.18393 9.21118
    endloop
  endfacet
  facet normal -0.365241 -0.115207 0.923757
    outer loop
      vertex -16.9779 -3.32468 8.98593
      vertex -16.6678 -2.50168 9.21118
      vertex -17.1931 -2.64243 8.98593
    endloop
  endfacet
  facet normal -0.532206 -0.466738 0.706337
    outer loop
      vertex -15.7296 -7.37387 8.33328
      vertex -16.3157 -7.33546 7.91705
      vertex -16.0239 -7.66819 7.91705
    endloop
  endfacet
  facet normal -0.365309 0.115175 0.923734
    outer loop
      vertex -16.9779 3.32468 8.98593
      vertex -16.6678 2.50168 9.21118
      vertex -16.4527 3.18393 9.21118
    endloop
  endfacet
  facet normal -0.365241 0.115207 0.923757
    outer loop
      vertex -16.6678 2.50168 9.21118
      vertex -16.9779 3.32468 8.98593
      vertex -17.1931 2.64243 8.98593
    endloop
  endfacet
  facet normal -0.169074 -0.849829 0.499204
    outer loop
      vertex -9.26229 -11.79 7.45006
      vertex -9.74231 -11.6945 7.45006
      vertex -9.3007 -12.0818 6.9403
    endloop
  endfacet
  facet normal -0.227595 -0.670311 0.706317
    outer loop
      vertex -11.29 -10.4517 8.33328
      vertex -11.4493 -10.8362 7.91705
      vertex -11.0302 -10.9785 7.91705
    endloop
  endfacet
  facet normal 0 -0.499983 0.866035
    outer loop
      vertex -7.34999 -10.1953 8.98593
      vertex 7.34999 -10.7051 8.69161
      vertex 7.34999 -10.1953 8.98593
    endloop
  endfacet
  facet normal 0 -0.499983 0.866035
    outer loop
      vertex 7.34999 -10.7051 8.69161
      vertex -7.34999 -10.1953 8.98593
      vertex -7.34999 -10.7051 8.69161
    endloop
  endfacet
  facet normal -0.0506023 -0.254355 0.965786
    outer loop
      vertex -8.8885 -8.95081 9.36353
      vertex -9.14829 -9.4776 9.21118
      vertex -8.96271 -9.51452 9.21118
    endloop
  endfacet
  facet normal -0.255275 -0.751832 0.607933
    outer loop
      vertex -11.0302 -10.9785 7.91705
      vertex -11.4493 -10.8362 7.91705
      vertex -11.123 -11.3246 7.45006
    endloop
  endfacet
  facet normal -0.0421319 -0.96509 0.258509
    outer loop
      vertex -8.06467 -12.5873 5.8279
      vertex -7.34999 -12.4662 6.39648
      vertex -8.06467 -12.435 6.39648
    endloop
  endfacet
  facet normal -0.0421319 -0.96509 0.258509
    outer loop
      vertex -7.34999 -12.4662 6.39648
      vertex -8.06467 -12.5873 5.8279
      vertex -7.34999 -12.6185 5.8279
    endloop
  endfacet
  facet normal -0.318788 -0.938843 0.130184
    outer loop
      vertex -11.2969 -11.9736 5.8279
      vertex -11.8435 -11.788 5.8279
      vertex -11.3167 -12.0478 5.24431
    endloop
  endfacet
  facet normal -0.298145 -0.94558 0.13034
    outer loop
      vertex -10.6345 -12.2629 5.24431
      vertex -11.2969 -11.9736 5.8279
      vertex -11.3167 -12.0478 5.24431
    endloop
  endfacet
  facet normal -0.298103 -0.945586 0.130391
    outer loop
      vertex -11.2969 -11.9736 5.8279
      vertex -10.6345 -12.2629 5.24431
      vertex -10.6146 -12.1887 5.8279
    endloop
  endfacet
  facet normal -0.169049 -0.849824 0.499221
    outer loop
      vertex -9.74231 -11.6945 7.45006
      vertex -9.81849 -11.9788 6.9403
      vertex -9.3007 -12.0818 6.9403
    endloop
  endfacet
  facet normal -0.209178 -0.943095 0.258488
    outer loop
      vertex -9.91622 -12.3436 5.8279
      vertex -10.5752 -12.0416 6.39648
      vertex -10.6146 -12.1887 5.8279
    endloop
  endfacet
  facet normal -0.209031 -0.943083 0.258651
    outer loop
      vertex -10.5752 -12.0416 6.39648
      vertex -9.91622 -12.3436 5.8279
      vertex -9.87679 -12.1964 6.39648
    endloop
  endfacet
  facet normal -0.902103 -0.199951 0.3824
    outer loop
      vertex -19.5414 -2.53179 6.39648
      vertex -19.169 -3.17188 6.9403
      vertex -19.3238 -2.47348 6.9403
    endloop
  endfacet
  facet normal -0.902104 -0.199954 0.382397
    outer loop
      vertex -19.169 -3.17188 6.9403
      vertex -19.5414 -2.53179 6.39648
      vertex -19.3866 -3.23018 6.39648
    endloop
  endfacet
  facet normal -0.849825 -0.169052 0.499219
    outer loop
      vertex -19.0395 -2.39731 7.45006
      vertex -19.4268 -1.9557 6.9403
      vertex -19.3238 -2.47348 6.9403
    endloop
  endfacet
  facet normal -0.720502 -0.481429 0.499103
    outer loop
      vertex -17.0355 -6.98606 7.45006
      vertex -17.5622 -6.72628 6.9403
      vertex -17.2689 -7.16523 6.9403
    endloop
  endfacet
  facet normal -0.957635 -0.126109 0.258903
    outer loop
      vertex -19.8946 -1.29575 5.8279
      vertex -19.6501 -1.98511 6.39648
      vertex -19.7435 -1.27586 6.39648
    endloop
  endfacet
  facet normal -0.957636 -0.126111 0.258901
    outer loop
      vertex -19.6501 -1.98511 6.39648
      vertex -19.8946 -1.29575 5.8279
      vertex -19.8012 -2.00499 5.8279
    endloop
  endfacet
  facet normal -0.826131 -0.260459 0.499668
    outer loop
      vertex -19.169 -3.17188 6.9403
      vertex -18.6696 -3.77796 7.45006
      vertex -18.8847 -3.0957 7.45006
    endloop
  endfacet
  facet normal -0.826132 -0.260463 0.499664
    outer loop
      vertex -18.6696 -3.77796 7.45006
      vertex -19.169 -3.17188 6.9403
      vertex -18.9539 -3.85413 6.9403
    endloop
  endfacet
  facet normal -0.730979 -0.669831 0.130372
    outer loop
      vertex -16.8067 -8.45102 5.24431
      vertex -16.2691 -8.92411 5.8279
      vertex -16.7524 -8.39669 5.8279
    endloop
  endfacet
  facet normal -0.730979 -0.669831 0.130372
    outer loop
      vertex -16.2691 -8.92411 5.8279
      vertex -16.8067 -8.45102 5.24431
      vertex -16.3234 -8.97844 5.24431
    endloop
  endfacet
  facet normal -0.892397 -0.369705 0.258739
    outer loop
      vertex -19.133 -4.49854 5.8279
      vertex -18.7185 -5.10114 6.39648
      vertex -18.9923 -4.44024 6.39648
    endloop
  endfacet
  facet normal -0.892408 -0.369575 0.258886
    outer loop
      vertex -18.7185 -5.10114 6.39648
      vertex -19.133 -4.49854 5.8279
      vertex -18.8593 -5.15944 5.8279
    endloop
  endfacet
  facet normal -0.129309 -0.98297 0.13057
    outer loop
      vertex -8.65078 -12.6257 5.24431
      vertex -9.34999 -12.4562 5.8279
      vertex -9.36002 -12.5324 5.24431
    endloop
  endfacet
  facet normal -0.129448 -0.982974 0.130404
    outer loop
      vertex -9.34999 -12.4562 5.8279
      vertex -8.65078 -12.6257 5.24431
      vertex -8.64075 -12.5496 5.8279
    endloop
  endfacet
  facet normal -0.669837 -0.730973 0.130376
    outer loop
      vertex -15.796 -9.46173 5.24431
      vertex -16.2691 -8.92411 5.8279
      vertex -16.3234 -8.97844 5.24431
    endloop
  endfacet
  facet normal -0.669837 -0.730973 0.130376
    outer loop
      vertex -16.2691 -8.92411 5.8279
      vertex -15.796 -9.46173 5.24431
      vertex -15.7417 -9.4074 5.8279
    endloop
  endfacet
  facet normal -0.465478 -0.730548 0.49963
    outer loop
      vertex -13.468 -10.6016 6.9403
      vertex -13.9241 -9.96236 7.45006
      vertex -14.0713 -10.2172 6.9403
    endloop
  endfacet
  facet normal -0.465406 -0.730549 0.499695
    outer loop
      vertex -13.9241 -9.96236 7.45006
      vertex -13.468 -10.6016 6.9403
      vertex -13.3208 -10.3467 7.45006
    endloop
  endfacet
  facet normal -0.30071 0.953716 0
    outer loop
      vertex -10.6345 12.2629 5.05
      vertex -11.3167 12.0478 5.24431
      vertex -10.6345 12.2629 5.24431
    endloop
  endfacet
  facet normal -0.30071 0.953716 0
    outer loop
      vertex -11.3167 12.0478 5.24431
      vertex -10.6345 12.2629 5.05
      vertex -11.3167 12.0478 5.05
    endloop
  endfacet
  facet normal -0.864643 -0.0566259 0.499185
    outer loop
      vertex -19.2604 -0.719666 7.45006
      vertex -19.5547 -0.719666 6.9403
      vertex -19.5202 -1.24646 6.9403
    endloop
  endfacet
  facet normal -0.193444 0.972421 0.130295
    outer loop
      vertex -9.36002 12.5324 5.24431
      vertex -9.9361 12.4178 5.24431
      vertex -9.34999 12.4562 5.8279
    endloop
  endfacet
  facet normal -0.694308 0.138077 0.706308
    outer loop
      vertex -18.2914 2.19684 8.33328
      vertex -18.6934 2.30457 7.91705
      vertex -18.3671 1.81619 8.33328
    endloop
  endfacet
  facet normal -0.338034 0.368886 0.865827
    outer loop
      vertex -14.3887 8.05437 8.69161
      vertex -14.5556 7.21062 8.98593
      vertex -14.0282 7.69391 8.98593
    endloop
  endfacet
  facet normal -0.338034 0.368886 0.865827
    outer loop
      vertex -14.5556 7.21062 8.98593
      vertex -14.3887 8.05437 8.69161
      vertex -14.9161 7.57108 8.69161
    endloop
  endfacet
  facet normal -0.596718 0.380095 0.706722
    outer loop
      vertex -16.997 6.39995 7.91705
      vertex -17.0209 5.58852 8.33328
      vertex -16.6366 6.19184 8.33328
    endloop
  endfacet
  facet normal -0.596614 0.380128 0.706792
    outer loop
      vertex -17.0209 5.58852 8.33328
      vertex -16.997 6.39995 7.91705
      vertex -17.3814 5.79663 7.91705
    endloop
  endfacet
  facet normal -0.466764 0.532188 0.706333
    outer loop
      vertex -14.6805 8.9707 7.91705
      vertex -15.0132 8.6789 7.91705
      vertex -14.7189 8.38459 8.33328
    endloop
  endfacet
  facet normal -0.65144 0.571329 0.499208
    outer loop
      vertex -16.4854 8.12968 6.9403
      vertex -16.8335 7.73277 6.9403
      vertex -16.6 7.5536 7.45006
    endloop
  endfacet
  facet normal -0.0437539 0.999042 0
    outer loop
      vertex -7.34999 12.6954 5.05
      vertex -8.06467 12.6641 5.24431
      vertex -7.34999 12.6954 5.24431
    endloop
  endfacet
  facet normal -0.0437539 0.999042 0
    outer loop
      vertex -8.06467 12.6641 5.24431
      vertex -7.34999 12.6954 5.05
      vertex -8.06467 12.6641 5.05
    endloop
  endfacet
  facet normal 0 1 -0
    outer loop
      vertex 7.34999 12.6954 5.05
      vertex -7.34999 12.6954 5.24431
      vertex 7.34999 12.6954 5.24431
    endloop
  endfacet
  facet normal 0 1 0
    outer loop
      vertex -7.34999 12.6954 5.24431
      vertex 7.34999 12.6954 5.05
      vertex -7.34999 12.6954 5.05
    endloop
  endfacet
  facet normal -0.0605169 0.922161 0.382043
    outer loop
      vertex -8.06467 12.435 6.39648
      vertex -8.62086 12.3985 6.39648
      vertex -8.06467 12.2097 6.9403
    endloop
  endfacet
  facet normal -0.0421319 0.96509 0.258509
    outer loop
      vertex -7.34999 12.6185 5.8279
      vertex -8.06467 12.435 6.39648
      vertex -7.34999 12.4662 6.39648
    endloop
  endfacet
  facet normal -0.0421319 0.96509 0.258509
    outer loop
      vertex -8.06467 12.435 6.39648
      vertex -7.34999 12.6185 5.8279
      vertex -8.06467 12.5873 5.8279
    endloop
  endfacet
  facet normal 0.193379 0.972443 0.130228
    outer loop
      vertex 9.9361 12.4178 5.24431
      vertex 9.34999 12.4562 5.8279
      vertex 9.91622 12.3436 5.8279
    endloop
  endfacet
  facet normal 0.0648207 0.989376 0.130128
    outer loop
      vertex 8.65078 12.6257 5.24431
      vertex 8.06467 12.6641 5.24431
      vertex 8.64075 12.5496 5.8279
    endloop
  endfacet
  facet normal 0.0603966 0.922212 0.381938
    outer loop
      vertex 8.62086 12.3985 6.39648
      vertex 8.06467 12.2097 6.9403
      vertex 8.59146 12.1752 6.9403
    endloop
  endfacet
  facet normal -0.0377805 0.865415 0.49963
    outer loop
      vertex -7.34999 12.2409 6.9403
      vertex -8.06467 11.9154 7.45006
      vertex -7.34999 11.9466 7.45006
    endloop
  endfacet
  facet normal -0.0377805 0.865415 0.49963
    outer loop
      vertex -8.06467 11.9154 7.45006
      vertex -7.34999 12.2409 6.9403
      vertex -8.06467 12.2097 6.9403
    endloop
  endfacet
  facet normal -0.18745 0.845692 0.499667
    outer loop
      vertex -9.81849 11.9788 6.9403
      vertex -10.4407 11.5397 7.45006
      vertex -9.74231 11.6945 7.45006
    endloop
  endfacet
  facet normal -0.187444 0.84569 0.499672
    outer loop
      vertex -10.4407 11.5397 7.45006
      vertex -9.81849 11.9788 6.9403
      vertex -10.5169 11.824 6.9403
    endloop
  endfacet
  facet normal -0.408746 0.828871 0.381968
    outer loop
      vertex -12.4461 11.3735 6.39648
      vertex -12.8334 10.9319 6.9403
      vertex -12.3599 11.1654 6.9403
    endloop
  endfacet
  facet normal -0.29049 0.921304 0.258485
    outer loop
      vertex -10.6146 12.1887 5.8279
      vertex -11.2574 11.8265 6.39648
      vertex -10.5752 12.0416 6.39648
    endloop
  endfacet
  facet normal -0.290448 0.921304 0.258533
    outer loop
      vertex -11.2574 11.8265 6.39648
      vertex -10.6146 12.1887 5.8279
      vertex -11.2969 11.9736 5.8279
    endloop
  endfacet
  facet normal -0 0.608831 0.7933
    outer loop
      vertex -7.34999 11.172 8.33328
      vertex 7.34999 10.7051 8.69161
      vertex 7.34999 11.172 8.33328
    endloop
  endfacet
  facet normal 0 0.608831 0.7933
    outer loop
      vertex 7.34999 10.7051 8.69161
      vertex -7.34999 11.172 8.33328
      vertex -7.34999 10.7051 8.69161
    endloop
  endfacet
  facet normal 0.0112984 0.258806 0.965863
    outer loop
      vertex 7.34999 9.08289 9.36353
      vertex 8.06467 9.62026 9.21118
      vertex 7.34999 9.65146 9.21118
    endloop
  endfacet
  facet normal 0.0112984 0.258806 0.965863
    outer loop
      vertex 8.06467 9.62026 9.21118
      vertex 7.34999 9.08289 9.36353
      vertex 8.06467 9.05169 9.36353
    endloop
  endfacet
  facet normal 0.0653765 0.997861 -0
    outer loop
      vertex 8.65078 12.6257 5.05
      vertex 8.06467 12.6641 5.24431
      vertex 8.65078 12.6257 5.24431
    endloop
  endfacet
  facet normal 0.0653765 0.997861 0
    outer loop
      vertex 8.06467 12.6641 5.24431
      vertex 8.65078 12.6257 5.05
      vertex 8.06467 12.6641 5.05
    endloop
  endfacet
  facet normal 0.187444 0.84569 0.499672
    outer loop
      vertex 9.81849 11.9788 6.9403
      vertex 10.4407 11.5397 7.45006
      vertex 10.5169 11.824 6.9403
    endloop
  endfacet
  facet normal 0.18745 0.845692 0.499667
    outer loop
      vertex 10.4407 11.5397 7.45006
      vertex 9.81849 11.9788 6.9403
      vertex 9.74231 11.6945 7.45006
    endloop
  endfacet
  facet normal 0.216531 0.976276 -0
    outer loop
      vertex 10.6345 12.2629 5.05
      vertex 9.9361 12.4178 5.24431
      vertex 10.6345 12.2629 5.24431
    endloop
  endfacet
  facet normal 0.216531 0.976276 0
    outer loop
      vertex 9.9361 12.4178 5.24431
      vertex 10.6345 12.2629 5.05
      vertex 9.9361 12.4178 5.05
    endloop
  endfacet
  facet normal 0.193444 0.972421 0.130295
    outer loop
      vertex 9.36002 12.5324 5.24431
      vertex 9.34999 12.4562 5.8279
      vertex 9.9361 12.4178 5.24431
    endloop
  endfacet
  facet normal 0.0977058 -0.491194 0.865553
    outer loop
      vertex 9.42097 -10.4953 8.69161
      vertex 9.0337 -10.0537 8.98593
      vertex 9.10023 -10.5591 8.69161
    endloop
  endfacet
  facet normal 0.0308521 -0.706711 0.70683
    outer loop
      vertex 7.34999 -11.5883 7.91705
      vertex 8.06467 -11.1408 8.33328
      vertex 7.34999 -11.172 8.33328
    endloop
  endfacet
  facet normal 0.0308521 -0.706711 0.70683
    outer loop
      vertex 8.06467 -11.1408 8.33328
      vertex 7.34999 -11.5883 7.91705
      vertex 8.06467 -11.5571 7.91705
    endloop
  endfacet
  facet normal 0 -0.707047 0.707166
    outer loop
      vertex -7.34999 -11.5883 7.91705
      vertex 7.34999 -11.172 8.33328
      vertex -7.34999 -11.172 8.33328
    endloop
  endfacet
  facet normal 0 -0.707047 0.707166
    outer loop
      vertex 7.34999 -11.172 8.33328
      vertex -7.34999 -11.5883 7.91705
      vertex 7.34999 -11.5883 7.91705
    endloop
  endfacet
  facet normal 0 -0.258822 0.965925
    outer loop
      vertex -7.34999 -9.08289 9.36353
      vertex 7.34999 -9.65146 9.21118
      vertex 7.34999 -9.08289 9.36353
    endloop
  endfacet
  facet normal 0 -0.258822 0.965925
    outer loop
      vertex 7.34999 -9.65146 9.21118
      vertex -7.34999 -9.08289 9.36353
      vertex -7.34999 -9.65146 9.21118
    endloop
  endfacet
  facet normal 0.195108 -0.980782 0
    outer loop
      vertex 9.36002 -12.5324 5.05
      vertex 9.9361 -12.4178 5.24431
      vertex 9.36002 -12.5324 5.24431
    endloop
  endfacet
  facet normal 0.195108 -0.980782 0
    outer loop
      vertex 9.9361 -12.4178 5.24431
      vertex 9.36002 -12.5324 5.05
      vertex 9.9361 -12.4178 5.05
    endloop
  endfacet
  facet normal 0.180308 -0.906426 0.381942
    outer loop
      vertex 9.81849 -11.9788 6.9403
      vertex 9.3007 -12.0818 6.9403
      vertex 9.33011 -12.3051 6.39648
    endloop
  endfacet
  facet normal -0.0794807 0.603542 0.79336
    outer loop
      vertex -8.45194 11.1155 8.33328
      vertex -9.10023 10.5591 8.69161
      vertex -8.39099 10.6525 8.69161
    endloop
  endfacet
  facet normal -0.0794794 0.603542 0.79336
    outer loop
      vertex -9.10023 10.5591 8.69161
      vertex -8.45194 11.1155 8.33328
      vertex -9.16119 11.0221 8.33328
    endloop
  endfacet
  facet normal -0.0499378 0.379369 0.923897
    outer loop
      vertex -8.32445 10.1471 8.98593
      vertex -8.96271 9.51452 9.21118
      vertex -8.25347 9.60788 9.21118
    endloop
  endfacet
  facet normal -0.0499611 0.379389 0.923887
    outer loop
      vertex -8.96271 9.51452 9.21118
      vertex -8.32445 10.1471 8.98593
      vertex -9.0337 10.0537 8.98593
    endloop
  endfacet
  facet normal -0.0463894 0.706398 0.706293
    outer loop
      vertex -8.06467 11.5571 7.91705
      vertex -8.50627 11.5281 7.91705
      vertex -8.45194 11.1155 8.33328
    endloop
  endfacet
  facet normal -0.338698 0.506876 0.792692
    outer loop
      vertex -13.5368 9.29158 8.33328
      vertex -13.8595 9.07595 8.33328
      vertex -13.5753 8.70547 8.69161
    endloop
  endfacet
  facet normal -0.12325 0.363019 0.923595
    outer loop
      vertex -10.6697 9.63295 8.98593
      vertex -10.9162 9.54926 8.98593
      vertex -10.7081 9.04683 9.21118
    endloop
  endfacet
  facet normal -0.232928 0.562388 0.793388
    outer loop
      vertex -11.29 10.4517 8.33328
      vertex -11.7722 9.74647 8.69161
      vertex -11.1113 10.0202 8.69161
    endloop
  endfacet
  facet normal -0.233 0.562416 0.793347
    outer loop
      vertex -11.7722 9.74647 8.69161
      vertex -11.29 10.4517 8.33328
      vertex -11.9509 10.1779 8.33328
    endloop
  endfacet
  facet normal -0.161009 0.474235 0.865551
    outer loop
      vertex -10.6697 9.63295 8.98593
      vertex -11.1113 10.0202 8.69161
      vertex -10.9162 9.54926 8.98593
    endloop
  endfacet
  facet normal -0.555525 0.8315 0
    outer loop
      vertex -14.2985 10.6108 5.15
      vertex -14.7869 10.2845 5.24431
      vertex -14.2985 10.6108 5.24431
    endloop
  endfacet
  facet normal -0.555525 0.8315 0
    outer loop
      vertex -14.7869 10.2845 5.24431
      vertex -14.2985 10.6108 5.15
      vertex -14.7869 10.2845 5.15
    endloop
  endfacet
  facet normal -0.379345 0.915999 0.130552
    outer loop
      vertex -11.8729 11.859 5.24431
      vertex -12.5044 11.5143 5.8279
      vertex -11.8435 11.788 5.8279
    endloop
  endfacet
  facet normal -0.379345 0.915999 0.130552
    outer loop
      vertex -12.5044 11.5143 5.8279
      vertex -11.8729 11.859 5.24431
      vertex -12.5338 11.5853 5.24431
    endloop
  endfacet
  facet normal -0.441192 0.660164 0.607892
    outer loop
      vertex -13.9241 9.96236 7.45006
      vertex -14.1129 9.40617 7.91705
      vertex -13.745 9.65204 7.91705
    endloop
  endfacet
  facet normal -0.221502 0.44916 0.865559
    outer loop
      vertex -11.7722 9.74647 8.69161
      vertex -12.0655 9.60183 8.69161
      vertex -11.8106 9.16036 8.98593
    endloop
  endfacet
  facet normal -0.277855 0.881232 0.382397
    outer loop
      vertex -10.5752 12.0416 6.39648
      vertex -11.1991 11.6089 6.9403
      vertex -10.5169 11.824 6.9403
    endloop
  endfacet
  facet normal -0.277855 0.881232 0.382397
    outer loop
      vertex -11.1991 11.6089 6.9403
      vertex -10.5752 12.0416 6.39648
      vertex -11.2574 11.8265 6.39648
    endloop
  endfacet
  facet normal 0.0397049 0.608287 0.792724
    outer loop
      vertex 8.45194 11.1155 8.33328
      vertex 8.06467 10.6738 8.69161
      vertex 8.39099 10.6525 8.69161
    endloop
  endfacet
  facet normal 0.0463894 0.706398 0.706293
    outer loop
      vertex 8.50627 11.5281 7.91705
      vertex 8.06467 11.5571 7.91705
      vertex 8.45194 11.1155 8.33328
    endloop
  endfacet
  facet normal 0.0255212 0.128286 0.991409
    outer loop
      vertex 8.8885 8.95081 9.36353
      vertex 8.81233 8.37221 9.44036
      vertex 8.85008 8.3647 9.44036
    endloop
  endfacet
  facet normal 0.0505878 0.254362 0.965785
    outer loop
      vertex 9.14829 9.4776 9.21118
      vertex 8.8885 8.95081 9.36353
      vertex 9.00113 8.92841 9.36353
    endloop
  endfacet
  facet normal -0.0727153 0.108731 0.991408
    outer loop
      vertex -12.4923 7.48232 9.36353
      vertex -12.5877 7.41852 9.36353
      vertex -12.2325 6.95553 9.44036
    endloop
  endfacet
  facet normal -0.205764 0.323017 0.923754
    outer loop
      vertex -13.0485 8.44568 8.98593
      vertex -12.1732 8.35909 9.21118
      vertex -12.4451 8.83005 8.98593
    endloop
  endfacet
  facet normal -0.205764 0.323017 0.923754
    outer loop
      vertex -12.1732 8.35909 9.21118
      vertex -13.0485 8.44568 8.98593
      vertex -12.7766 7.97472 9.21118
    endloop
  endfacet
  facet normal 0.0169692 0.258787 0.965785
    outer loop
      vertex 8.25347 9.60788 9.21118
      vertex 8.06467 9.62026 9.21118
      vertex 8.17926 9.04418 9.36353
    endloop
  endfacet
  facet normal 0 -0.922441 0.386138
    outer loop
      vertex -7.34999 -12.2409 6.9403
      vertex -2.80529 -12.2454 6.92955
      vertex -2.75684 -12.2409 6.9403
    endloop
  endfacet
  facet normal -1.16767e-05 -0.92419 0.381934
    outer loop
      vertex -7.34999 -12.2409 6.9403
      vertex -2.85521 -12.2519 6.91382
      vertex -2.80529 -12.2454 6.92955
    endloop
  endfacet
  facet normal -6.63416e-06 -0.923888 0.382664
    outer loop
      vertex -7.34999 -12.2409 6.9403
      vertex -2.90357 -12.2602 6.89378
      vertex -2.85521 -12.2519 6.91382
    endloop
  endfacet
  facet normal -1.07971e-05 -0.924028 0.382324
    outer loop
      vertex -7.34999 -12.2409 6.9403
      vertex -2.95 -12.2702 6.86961
      vertex -2.90357 -12.2602 6.89378
    endloop
  endfacet
  facet normal -2.85089e-05 -0.924417 0.381383
    outer loop
      vertex -7.34999 -12.2409 6.9403
      vertex -2.99415 -12.2818 6.84149
      vertex -2.95 -12.2702 6.86961
    endloop
  endfacet
  facet normal 7.87551e-06 -0.923851 0.382753
    outer loop
      vertex -7.34999 -12.2409 6.9403
      vertex -3.03567 -12.295 6.80963
      vertex -2.99415 -12.2818 6.84149
    endloop
  endfacet
  facet normal 4.29502e-05 -0.923441 0.383741
    outer loop
      vertex -7.34999 -12.2409 6.9403
      vertex -3.07426 -12.3097 6.77426
      vertex -3.03567 -12.295 6.80963
    endloop
  endfacet
  facet normal 8.90919e-06 -0.923751 0.382993
    outer loop
      vertex -7.34999 -12.2409 6.9403
      vertex -3.10963 -12.3257 6.73567
      vertex -3.07426 -12.3097 6.77426
    endloop
  endfacet
  facet normal -6.37568e-06 -0.923863 0.382723
    outer loop
      vertex -7.34999 -12.2409 6.9403
      vertex -3.14149 -12.3429 6.69415
      vertex -3.10963 -12.3257 6.73567
    endloop
  endfacet
  facet normal 5.9676e-06 -0.923789 0.382903
    outer loop
      vertex -7.34999 -12.2409 6.9403
      vertex -3.16961 -12.3612 6.65
      vertex -3.14149 -12.3429 6.69415
    endloop
  endfacet
  facet normal -5.40778e-05 -0.924094 0.382165
    outer loop
      vertex -7.34999 -12.2409 6.9403
      vertex -3.19378 -12.3804 6.60357
      vertex -3.16961 -12.3612 6.65
    endloop
  endfacet
  facet normal -5.16891e-05 -0.924084 0.38219
    outer loop
      vertex -7.34999 -12.2409 6.9403
      vertex -3.21381 -12.4004 6.55521
      vertex -3.19378 -12.3804 6.60357
    endloop
  endfacet
  facet normal 3.96496e-05 -0.923737 0.383027
    outer loop
      vertex -7.34999 -12.2409 6.9403
      vertex -3.22956 -12.4211 6.50529
      vertex -3.21381 -12.4004 6.55521
    endloop
  endfacet
  facet normal 5.99781e-05 -0.923669 0.383192
    outer loop
      vertex -7.34999 -12.2409 6.9403
      vertex -3.24088 -12.4423 6.45419
      vertex -3.22956 -12.4211 6.50529
    endloop
  endfacet
  facet normal -5.52388e-06 -0.923865 0.382719
    outer loop
      vertex -7.34999 -12.2409 6.9403
      vertex -3.24772 -12.4638 6.40229
      vertex -3.24088 -12.4423 6.45419
    endloop
  endfacet
  facet normal -1.584e-06 -0.923854 0.382745
    outer loop
      vertex -7.34999 -12.4662 6.39648
      vertex -3.24772 -12.4638 6.40229
      vertex -7.34999 -12.2409 6.9403
    endloop
  endfacet
  facet normal 0 -0.924249 0.38179
    outer loop
      vertex -3.24772 -12.4638 6.40229
      vertex -7.34999 -12.4662 6.39648
      vertex -3.24797 -12.4662 6.39648
    endloop
  endfacet
  facet normal 0 -0.922441 0.386138
    outer loop
      vertex -2.49471 -12.2454 6.92955
      vertex 7.34999 -12.2409 6.9403
      vertex -2.54316 -12.2409 6.9403
    endloop
  endfacet
  facet normal 5.41218e-06 -0.924197 0.381917
    outer loop
      vertex -2.44479 -12.2519 6.91382
      vertex 7.34999 -12.2409 6.9403
      vertex -2.49471 -12.2454 6.92955
    endloop
  endfacet
  facet normal 3.06766e-06 -0.923891 0.382657
    outer loop
      vertex -2.39643 -12.2602 6.89378
      vertex 7.34999 -12.2409 6.9403
      vertex -2.44479 -12.2519 6.91382
    endloop
  endfacet
  facet normal 4.9791e-06 -0.924032 0.382315
    outer loop
      vertex -2.35 -12.2702 6.86961
      vertex 7.34999 -12.2409 6.9403
      vertex -2.39643 -12.2602 6.89378
    endloop
  endfacet
  facet normal 1.31082e-05 -0.924426 0.381363
    outer loop
      vertex -2.30585 -12.2818 6.84149
      vertex 7.34999 -12.2409 6.9403
      vertex -2.35 -12.2702 6.86961
    endloop
  endfacet
  facet normal -3.6096e-06 -0.923849 0.382758
    outer loop
      vertex -2.26433 -12.295 6.80963
      vertex 7.34999 -12.2409 6.9403
      vertex -2.30585 -12.2818 6.84149
    endloop
  endfacet
  facet normal -1.96192e-05 -0.923432 0.383763
    outer loop
      vertex -2.22574 -12.3097 6.77426
      vertex 7.34999 -12.2409 6.9403
      vertex -2.26433 -12.295 6.80963
    endloop
  endfacet
  facet normal -4.05524e-06 -0.92375 0.382997
    outer loop
      vertex -2.19037 -12.3257 6.73567
      vertex 7.34999 -12.2409 6.9403
      vertex -2.22574 -12.3097 6.77426
    endloop
  endfacet
  facet normal 2.89112e-06 -0.923864 0.382721
    outer loop
      vertex -2.15851 -12.3429 6.69415
      vertex 7.34999 -12.2409 6.9403
      vertex -2.19037 -12.3257 6.73567
    endloop
  endfacet
  facet normal -2.69522e-06 -0.923788 0.382905
    outer loop
      vertex -2.13038 -12.3612 6.65
      vertex 7.34999 -12.2409 6.9403
      vertex -2.15851 -12.3429 6.69415
    endloop
  endfacet
  facet normal 2.43201e-05 -0.9241 0.382152
    outer loop
      vertex -2.10621 -12.3804 6.60357
      vertex 7.34999 -12.2409 6.9403
      vertex -2.13038 -12.3612 6.65
    endloop
  endfacet
  facet normal 2.31397e-05 -0.924088 0.38218
    outer loop
      vertex -2.08618 -12.4004 6.55521
      vertex 7.34999 -12.2409 6.9403
      vertex -2.10621 -12.3804 6.60357
    endloop
  endfacet
  facet normal -1.76629e-05 -0.923735 0.383033
    outer loop
      vertex -2.07044 -12.4211 6.50529
      vertex 7.34999 -12.2409 6.9403
      vertex -2.08618 -12.4004 6.55521
    endloop
  endfacet
  facet normal -2.65754e-05 -0.923666 0.383198
    outer loop
      vertex -2.05911 -12.4423 6.45419
      vertex 7.34999 -12.2409 6.9403
      vertex -2.07044 -12.4211 6.50529
    endloop
  endfacet
  facet normal 2.43344e-06 -0.923865 0.382719
    outer loop
      vertex -2.05228 -12.4638 6.40229
      vertex 7.34999 -12.2409 6.9403
      vertex -2.05911 -12.4423 6.45419
    endloop
  endfacet
  facet normal 0 -0.924249 0.38179
    outer loop
      vertex 7.34999 -12.4662 6.39648
      vertex -2.05228 -12.4638 6.40229
      vertex -2.05203 -12.4662 6.39648
    endloop
  endfacet
  facet normal 6.9111e-07 -0.923854 0.382745
    outer loop
      vertex -2.05228 -12.4638 6.40229
      vertex 7.34999 -12.4662 6.39648
      vertex 7.34999 -12.2409 6.9403
    endloop
  endfacet
  facet normal 0.188396 -0.947494 0.258383
    outer loop
      vertex 9.87679 -12.1964 6.39648
      vertex 9.33011 -12.3051 6.39648
      vertex 9.34999 -12.4562 5.8279
    endloop
  endfacet
  facet normal 0.0437539 -0.999042 0
    outer loop
      vertex 7.34999 -12.6954 5.05
      vertex 8.06467 -12.6641 5.24431
      vertex 7.34999 -12.6954 5.24431
    endloop
  endfacet
  facet normal 0.0437539 -0.999042 0
    outer loop
      vertex 8.06467 -12.6641 5.24431
      vertex 7.34999 -12.6954 5.05
      vertex 8.06467 -12.6641 5.05
    endloop
  endfacet
  facet normal -0.0647467 -0.989371 0.130201
    outer loop
      vertex -8.06467 -12.5873 5.8279
      vertex -8.64075 -12.5496 5.8279
      vertex -8.06467 -12.6641 5.24431
    endloop
  endfacet
  facet normal -0.239125 0.0990278 0.965926
    outer loop
      vertex -16.1181 4.024 9.21118
      vertex -15.8665 3.14551 9.36353
      vertex -15.5928 3.80642 9.36353
    endloop
  endfacet
  facet normal -0.239123 0.0990285 0.965926
    outer loop
      vertex -15.8665 3.14551 9.36353
      vertex -16.1181 4.024 9.21118
      vertex -16.3918 3.3631 9.21118
    endloop
  endfacet
  facet normal -0.252913 0.056058 0.965864
    outer loop
      vertex -16.8226 1.80328 9.21118
      vertex -16.1186 2.35452 9.36353
      vertex -16.6678 2.50168 9.21118
    endloop
  endfacet
  facet normal -0.252914 0.056059 0.965863
    outer loop
      vertex -16.1186 2.35452 9.36353
      vertex -16.8226 1.80328 9.21118
      vertex -16.2734 1.65613 9.36353
    endloop
  endfacet
  facet normal -0.0990448 0.239119 0.965926
    outer loop
      vertex -10.7081 9.04683 9.21118
      vertex -11.1514 8.24779 9.36353
      vertex -10.4905 8.52154 9.36353
    endloop
  endfacet
  facet normal -0.0990448 0.239119 0.965926
    outer loop
      vertex -11.1514 8.24779 9.36353
      vertex -10.7081 9.04683 9.21118
      vertex -11.369 8.77308 9.21118
    endloop
  endfacet
  facet normal -0 0.258822 0.965925
    outer loop
      vertex -7.34999 9.65146 9.21118
      vertex 7.34999 9.08289 9.36353
      vertex 7.34999 9.65146 9.21118
    endloop
  endfacet
  facet normal 0 0.258822 0.965925
    outer loop
      vertex 7.34999 9.08289 9.36353
      vertex -7.34999 9.65146 9.21118
      vertex -7.34999 9.08289 9.36353
    endloop
  endfacet
  facet normal -0.491192 0.0977055 0.865554
    outer loop
      vertex -17.8403 2.07597 8.69161
      vertex -17.9041 1.75523 8.69161
      vertex -17.3987 1.68869 8.98593
    endloop
  endfacet
  facet normal -0.39672 0.304358 0.866013
    outer loop
      vertex -15.615 6.79779 8.69161
      vertex -15.646 5.91993 8.98593
      vertex -15.2106 6.48746 8.98593
    endloop
  endfacet
  facet normal -0.39664 0.304366 0.866047
    outer loop
      vertex -15.646 5.91993 8.98593
      vertex -15.615 6.79779 8.69161
      vertex -16.0505 6.23026 8.69161
    endloop
  endfacet
  facet normal 0.0748047 -0.375996 0.923597
    outer loop
      vertex 9.28904 -10.0029 8.98593
      vertex 8.96271 -9.51452 9.21118
      vertex 9.0337 -10.0537 8.98593
    endloop
  endfacet
  facet normal -0.161009 -0.474235 0.865551
    outer loop
      vertex -10.9162 -9.54926 8.98593
      vertex -11.1113 -10.0202 8.69161
      vertex -10.6697 -9.63295 8.98593
    endloop
  endfacet
  facet normal -0.0419801 -0.12387 0.99141
    outer loop
      vertex -10.2672 -7.98238 9.44036
      vertex -10.3818 -8.55846 9.36353
      vertex -10.2307 -7.99475 9.44036
    endloop
  endfacet
  facet normal -0.130517 -0.00849413 0.99141
    outer loop
      vertex -15.8131 -0.719666 9.44036
      vertex -16.3967 -0.719666 9.36353
      vertex -15.8106 -0.75808 9.44036
    endloop
  endfacet
  facet normal -0.499759 0.0326205 0.86555
    outer loop
      vertex -17.9975 1.04599 8.69161
      vertex -18.0188 0.719666 8.69161
      vertex -17.4921 0.979451 8.98593
    endloop
  endfacet
  facet normal -0.864629 -0.0566536 0.499206
    outer loop
      vertex -19.2604 -0.719666 7.45006
      vertex -19.5202 -1.24646 6.9403
      vertex -19.2284 -1.20804 7.45006
    endloop
  endfacet
  facet normal -0.972443 -0.193379 0.130228
    outer loop
      vertex -19.6886 -2.57122 5.8279
      vertex -19.8012 -2.00499 5.8279
      vertex -19.7628 -2.5911 5.24431
    endloop
  endfacet
  facet normal -0.1532 -0.690694 0.706733
    outer loop
      vertex -10.2402 -10.7915 8.33328
      vertex -9.64957 -11.3484 7.91705
      vertex -9.54184 -10.9464 8.33328
    endloop
  endfacet
  facet normal -0.153071 -0.690627 0.706826
    outer loop
      vertex -9.64957 -11.3484 7.91705
      vertex -10.2402 -10.7915 8.33328
      vertex -10.348 -11.1936 7.91705
    endloop
  endfacet
  facet normal -0.118923 -0.59786 0.79273
    outer loop
      vertex -9.10023 -10.5591 8.69161
      vertex -9.42097 -10.4953 8.69161
      vertex -9.16119 -11.0221 8.33328
    endloop
  endfacet
  facet normal -0.297077 -0.875126 0.381968
    outer loop
      vertex -11.699 -11.4392 6.9403
      vertex -11.7852 -11.6473 6.39648
      vertex -11.1991 -11.6089 6.9403
    endloop
  endfacet
  facet normal -0.154922 -0.778697 0.607972
    outer loop
      vertex -9.21552 -11.4347 7.91705
      vertex -9.74231 -11.6945 7.45006
      vertex -9.26229 -11.79 7.45006
    endloop
  endfacet
  facet normal -0.0326209 -0.499759 0.86555
    outer loop
      vertex -8.32445 -10.1471 8.98593
      vertex -8.39099 -10.6525 8.69161
      vertex -8.06467 -10.6738 8.69161
    endloop
  endfacet
  facet normal -0.304335 -0.396676 0.866042
    outer loop
      vertex -13.8325 -7.86557 8.98593
      vertex -13.5753 -8.70547 8.69161
      vertex -13.2649 -8.30104 8.98593
    endloop
  endfacet
  facet normal -0.304396 -0.396686 0.866016
    outer loop
      vertex -13.5753 -8.70547 8.69161
      vertex -13.8325 -7.86557 8.98593
      vertex -14.1428 -8.27 8.69161
    endloop
  endfacet
  facet normal -0.441057 -0.660183 0.607969
    outer loop
      vertex -14.1129 -9.40617 7.91705
      vertex -14.3311 -9.69045 7.45006
      vertex -13.9241 -9.96236 7.45006
    endloop
  endfacet
  facet normal -0.426433 -0.669374 0.608352
    outer loop
      vertex -13.3208 -10.3467 7.45006
      vertex -13.745 -9.65204 7.91705
      vertex -13.9241 -9.96236 7.45006
    endloop
  endfacet
  facet normal -0.426382 -0.66937 0.608393
    outer loop
      vertex -13.745 -9.65204 7.91705
      vertex -13.3208 -10.3467 7.45006
      vertex -13.1416 -10.0364 7.91705
    endloop
  endfacet
  facet normal -0.268844 -0.422043 0.865796
    outer loop
      vertex -13.3033 -8.88715 8.69161
      vertex -12.4451 -8.83005 8.98593
      vertex -13.0485 -8.44568 8.98593
    endloop
  endfacet
  facet normal -0.268856 -0.421991 0.865818
    outer loop
      vertex -12.4451 -8.83005 8.98593
      vertex -13.3033 -8.88715 8.69161
      vertex -12.7 -9.27152 8.69161
    endloop
  endfacet
  facet normal -0.278537 -0.820512 0.499177
    outer loop
      vertex -11.5864 -11.1673 7.45006
      vertex -11.699 -11.4392 6.9403
      vertex -11.1991 -11.6089 6.9403
    endloop
  endfacet
  facet normal -0.30071 -0.953716 0
    outer loop
      vertex -11.3167 -12.0478 5.05
      vertex -10.6345 -12.2629 5.24431
      vertex -11.3167 -12.0478 5.24431
    endloop
  endfacet
  facet normal -0.30071 -0.953716 -0
    outer loop
      vertex -10.6345 -12.2629 5.24431
      vertex -11.3167 -12.0478 5.05
      vertex -10.6345 -12.2629 5.05
    endloop
  endfacet
  facet normal -0.214682 -0.967941 0.130388
    outer loop
      vertex -9.9361 -12.4178 5.24431
      vertex -10.6146 -12.1887 5.8279
      vertex -10.6345 -12.2629 5.24431
    endloop
  endfacet
  facet normal -0.214688 -0.967941 0.130381
    outer loop
      vertex -10.6146 -12.1887 5.8279
      vertex -9.9361 -12.4178 5.24431
      vertex -9.91622 -12.3436 5.8279
    endloop
  endfacet
  facet normal -0.310592 -0.91479 0.258247
    outer loop
      vertex -11.2574 -11.8265 6.39648
      vertex -11.7852 -11.6473 6.39648
      vertex -11.2969 -11.9736 5.8279
    endloop
  endfacet
  facet normal -0.408746 -0.828871 0.381968
    outer loop
      vertex -12.3599 -11.1654 6.9403
      vertex -12.8334 -10.9319 6.9403
      vertex -12.4461 -11.3735 6.39648
    endloop
  endfacet
  facet normal -0.0461416 -0.706294 0.706413
    outer loop
      vertex -8.06467 -11.1408 8.33328
      vertex -8.45194 -11.1155 8.33328
      vertex -8.06467 -11.5571 7.91705
    endloop
  endfacet
  facet normal -0.0397376 -0.608268 0.792736
    outer loop
      vertex -8.06467 -10.6738 8.69161
      vertex -8.45194 -11.1155 8.33328
      vertex -8.06467 -11.1408 8.33328
    endloop
  endfacet
  facet normal -0.449176 -0.221414 0.865573
    outer loop
      vertex -16.6205 -4.23211 8.98593
      vertex -17.0915 -4.42719 8.69161
      vertex -16.5054 -4.46561 8.98593
    endloop
  endfacet
  facet normal -0.792248 0.0520267 0.607977
    outer loop
      vertex -18.8731 1.16127 7.91705
      vertex -19.2284 1.20804 7.45006
      vertex -18.9021 0.719666 7.91705
    endloop
  endfacet
  facet normal -0.674666 -0.212706 0.706811
    outer loop
      vertex -18.1365 -2.89523 8.33328
      vertex -18.3235 -3.68521 7.91705
      vertex -17.9214 -3.57749 8.33328
    endloop
  endfacet
  facet normal -0.674663 -0.212708 0.706813
    outer loop
      vertex -18.3235 -3.68521 7.91705
      vertex -18.1365 -2.89523 8.33328
      vertex -18.5386 -3.00296 7.91705
    endloop
  endfacet
  facet normal -0.523532 -0.596913 0.607955
    outer loop
      vertex -15.0132 -8.6789 7.91705
      vertex -15.2666 -8.93228 7.45006
      vertex -14.6805 -8.9707 7.91705
    endloop
  endfacet
  facet normal -0.482944 -0.370592 0.793364
    outer loop
      vertex -16.0505 -6.23026 8.69161
      vertex -15.9855 -7.08208 8.33328
      vertex -15.615 -6.79779 8.69161
    endloop
  endfacet
  facet normal -0.482951 -0.370591 0.79336
    outer loop
      vertex -15.9855 -7.08208 8.33328
      vertex -16.0505 -6.23026 8.69161
      vertex -16.421 -6.51454 8.33328
    endloop
  endfacet
  facet normal -0.915999 -0.379345 0.130552
    outer loop
      vertex -19.204 -4.52794 5.24431
      vertex -18.8593 -5.15944 5.8279
      vertex -19.133 -4.49854 5.8279
    endloop
  endfacet
  facet normal -0.916 -0.379339 0.130558
    outer loop
      vertex -18.8593 -5.15944 5.8279
      vertex -19.204 -4.52794 5.24431
      vertex -18.9303 -5.18885 5.24431
    endloop
  endfacet
  facet normal -0.75184 0.255296 0.607915
    outer loop
      vertex -18.1812 4.10428 7.91705
      vertex -18.6696 3.77796 7.45006
      vertex -18.3235 3.68521 7.91705
    endloop
  endfacet
  facet normal -0.923908 -0.382614 0
    outer loop
      vertex -18.9303 -5.18885 5.05
      vertex -19.204 -4.52794 5.24431
      vertex -19.204 -4.52794 5.05
    endloop
  endfacet
  facet normal -0.923908 -0.382614 0
    outer loop
      vertex -19.204 -4.52794 5.24431
      vertex -18.9303 -5.18885 5.05
      vertex -18.9303 -5.18885 5.24431
    endloop
  endfacet
  facet normal -0.751824 -0.659364 0
    outer loop
      vertex -16.8067 -8.45102 5.05
      vertex -17.194 -8.00941 5.24431
      vertex -17.194 -8.00941 5.05
    endloop
  endfacet
  facet normal -0.751824 -0.659364 0
    outer loop
      vertex -17.194 -8.00941 5.24431
      vertex -16.8067 -8.45102 5.05
      vertex -16.8067 -8.45102 5.24431
    endloop
  endfacet
  facet normal -0.726329 -0.636948 0.258346
    outer loop
      vertex -17.0122 -7.86989 6.39648
      vertex -17.1331 -7.96264 5.8279
      vertex -16.6447 -8.28896 6.39648
    endloop
  endfacet
  facet normal -0.866469 -0.427246 0.258248
    outer loop
      vertex -18.472 -5.60105 6.39648
      vertex -18.7185 -5.10114 6.39648
      vertex -18.6039 -5.67723 5.8279
    endloop
  endfacet
  facet normal -0.193444 -0.972421 0.130295
    outer loop
      vertex -9.34999 -12.4562 5.8279
      vertex -9.9361 -12.4178 5.24431
      vertex -9.36002 -12.5324 5.24431
    endloop
  endfacet
  facet normal -0.0653765 -0.997861 0
    outer loop
      vertex -8.65078 -12.6257 5.05
      vertex -8.06467 -12.6641 5.24431
      vertex -8.65078 -12.6257 5.24431
    endloop
  endfacet
  facet normal -0.0653765 -0.997861 -0
    outer loop
      vertex -8.06467 -12.6641 5.24431
      vertex -8.65078 -12.6257 5.05
      vertex -8.06467 -12.6641 5.05
    endloop
  endfacet
  facet normal -0.0648207 -0.989376 0.130128
    outer loop
      vertex -8.64075 -12.5496 5.8279
      vertex -8.65078 -12.6257 5.24431
      vertex -8.06467 -12.6641 5.24431
    endloop
  endfacet
  facet normal -0.438534 0.889222 0.130276
    outer loop
      vertex -12.5338 11.5853 5.24431
      vertex -13.0606 11.3255 5.24431
      vertex -12.5044 11.5143 5.8279
    endloop
  endfacet
  facet normal -0.427338 0.866389 0.258365
    outer loop
      vertex -12.5044 11.5143 5.8279
      vertex -13.0222 11.2589 5.8279
      vertex -12.4461 11.3735 6.39648
    endloop
  endfacet
  facet normal 0.0432413 -0.990502 0.130519
    outer loop
      vertex 7.34999 -12.6954 5.24431
      vertex 8.06467 -12.5873 5.8279
      vertex 7.34999 -12.6185 5.8279
    endloop
  endfacet
  facet normal 0.0433806 -0.990518 0.130351
    outer loop
      vertex 8.06467 -12.5873 5.8279
      vertex 7.34999 -12.6954 5.24431
      vertex 8.06467 -12.6641 5.24431
    endloop
  endfacet
  facet normal -0.745397 -0.653779 0.13022
    outer loop
      vertex -16.7524 -8.39669 5.8279
      vertex -17.1331 -7.96264 5.8279
      vertex -16.8067 -8.45102 5.24431
    endloop
  endfacet
  facet normal -0.298103 0.945586 0.130391
    outer loop
      vertex -10.6345 12.2629 5.24431
      vertex -11.2969 11.9736 5.8279
      vertex -10.6146 12.1887 5.8279
    endloop
  endfacet
  facet normal -0.298145 0.94558 0.13034
    outer loop
      vertex -11.2969 11.9736 5.8279
      vertex -10.6345 12.2629 5.24431
      vertex -11.3167 12.0478 5.24431
    endloop
  endfacet
  facet normal -0.603539 0.786562 0.130616
    outer loop
      vertex -14.7869 10.2845 5.24431
      vertex -15.3076 9.78805 5.8279
      vertex -14.7401 10.2235 5.8279
    endloop
  endfacet
  facet normal -0.603578 0.786541 0.130563
    outer loop
      vertex -15.3076 9.78805 5.8279
      vertex -14.7869 10.2845 5.24431
      vertex -15.3544 9.84901 5.24431
    endloop
  endfacet
  facet normal -0.629396 0.482965 0.608774
    outer loop
      vertex -17.0355 6.98606 7.45006
      vertex -16.3157 7.33546 7.91705
      vertex -16.6 7.5536 7.45006
    endloop
  endfacet
  facet normal -0.629396 0.482965 0.608774
    outer loop
      vertex -16.3157 7.33546 7.91705
      vertex -17.0355 6.98606 7.45006
      vertex -16.7512 6.76792 7.91705
    endloop
  endfacet
  facet normal -0.653732 0.745425 0.13029
    outer loop
      vertex -15.3544 9.84901 5.24431
      vertex -15.796 9.46173 5.24431
      vertex -15.3076 9.78805 5.8279
    endloop
  endfacet
  facet normal -0.627495 0.326638 0.706794
    outer loop
      vertex -17.7117 5.1621 7.91705
      vertex -17.0209 5.58852 8.33328
      vertex -17.3814 5.79663 7.91705
    endloop
  endfacet
  facet normal -0.62752 0.32675 0.70672
    outer loop
      vertex -17.0209 5.58852 8.33328
      vertex -17.7117 5.1621 7.91705
      vertex -17.3513 4.95399 8.33328
    endloop
  endfacet
  facet normal -0.766369 0.587936 0.258864
    outer loop
      vertex -17.5685 7.3951 5.8279
      vertex -17.0122 7.86989 6.39648
      vertex -17.1331 7.96264 5.8279
    endloop
  endfacet
  facet normal -0.766327 0.588049 0.258729
    outer loop
      vertex -17.0122 7.86989 6.39648
      vertex -17.5685 7.3951 5.8279
      vertex -17.4477 7.30236 6.39648
    endloop
  endfacet
  facet normal -0.481351 0.720495 0.499187
    outer loop
      vertex -14.0713 10.2172 6.9403
      vertex -14.3311 9.69045 7.45006
      vertex -13.9241 9.96236 7.45006
    endloop
  endfacet
  facet normal -0.383238 0.777145 0.499173
    outer loop
      vertex -12.3599 11.1654 6.9403
      vertex -12.8334 10.9319 6.9403
      vertex -12.2473 10.8935 7.45006
    endloop
  endfacet
  facet normal -0.0432413 0.990502 0.130519
    outer loop
      vertex -7.34999 12.6954 5.24431
      vertex -8.06467 12.5873 5.8279
      vertex -7.34999 12.6185 5.8279
    endloop
  endfacet
  facet normal -0.0433806 0.990518 0.130351
    outer loop
      vertex -8.06467 12.5873 5.8279
      vertex -7.34999 12.6954 5.24431
      vertex -8.06467 12.6641 5.24431
    endloop
  endfacet
  facet normal -0.0653765 0.997861 0
    outer loop
      vertex -8.06467 12.6641 5.05
      vertex -8.65078 12.6257 5.24431
      vertex -8.06467 12.6641 5.24431
    endloop
  endfacet
  facet normal -0.0653765 0.997861 0
    outer loop
      vertex -8.65078 12.6257 5.24431
      vertex -8.06467 12.6641 5.05
      vertex -8.65078 12.6257 5.05
    endloop
  endfacet
  facet normal 0 0.966207 0.257766
    outer loop
      vertex -3.25 12.4786 6.35
      vertex -7.34999 12.4662 6.39648
      vertex -3.24797 12.4662 6.39648
    endloop
  endfacet
  facet normal 1.04765e-05 0.965977 0.258629
    outer loop
      vertex -3.24772 12.4926 6.29771
      vertex -7.34999 12.4662 6.39648
      vertex -3.25 12.4786 6.35
    endloop
  endfacet
  facet normal 1.72121e-05 0.965956 0.258707
    outer loop
      vertex -7.34999 12.6185 5.8279
      vertex -3.24772 12.4926 6.29771
      vertex -3.24088 12.5065 6.24581
    endloop
  endfacet
  facet normal -9.74859e-06 0.96589 0.258955
    outer loop
      vertex -7.34999 12.6185 5.8279
      vertex -3.24088 12.5065 6.24581
      vertex -3.22956 12.5202 6.19471
    endloop
  endfacet
  facet normal -3.70762e-05 0.965813 0.259241
    outer loop
      vertex -7.34999 12.6185 5.8279
      vertex -3.22956 12.5202 6.19471
      vertex -3.21381 12.5336 6.14479
    endloop
  endfacet
  facet normal -6.46052e-05 0.965723 0.259576
    outer loop
      vertex -7.34999 12.6185 5.8279
      vertex -3.21381 12.5336 6.14479
      vertex -3.19378 12.5466 6.09643
    endloop
  endfacet
  facet normal 4.13891e-05 0.966133 0.258045
    outer loop
      vertex -7.34999 12.6185 5.8279
      vertex -3.19378 12.5466 6.09643
      vertex -3.16961 12.559 6.05
    endloop
  endfacet
  facet normal 3.11127e-05 0.966085 0.258226
    outer loop
      vertex -7.34999 12.6185 5.8279
      vertex -3.16961 12.559 6.05
      vertex -3.14149 12.5708 6.00585
    endloop
  endfacet
  facet normal -6.70904e-05 0.965503 0.260392
    outer loop
      vertex -7.34999 12.6185 5.8279
      vertex -3.14149 12.5708 6.00585
      vertex -3.10963 12.582 5.96433
    endloop
  endfacet
  facet normal 1.89609e-05 0.966172 0.257897
    outer loop
      vertex -7.34999 12.6185 5.8279
      vertex -3.10963 12.582 5.96433
      vertex -3.07426 12.5923 5.92574
    endloop
  endfacet
  facet normal -1.73581e-05 0.965776 0.259378
    outer loop
      vertex -7.34999 12.6185 5.8279
      vertex -3.07426 12.5923 5.92574
      vertex -3.03567 12.6018 5.89037
    endloop
  endfacet
  facet normal 7.36132e-06 0.966202 0.257785
    outer loop
      vertex -7.34999 12.6185 5.8279
      vertex -3.03567 12.6018 5.89037
      vertex -2.99415 12.6103 5.85851
    endloop
  endfacet
  facet normal -1.5352e-05 0.965393 0.2608
    outer loop
      vertex -7.34999 12.6185 5.8279
      vertex -2.99415 12.6103 5.85851
      vertex -2.95 12.6179 5.83038
    endloop
  endfacet
  facet normal -0 0.971959 0.235151
    outer loop
      vertex -7.34999 12.6185 5.8279
      vertex -2.95 12.6179 5.83038
      vertex -2.94524 12.6185 5.8279
    endloop
  endfacet
  facet normal 1.3318e-05 0.965947 0.258739
    outer loop
      vertex -3.24772 12.4926 6.29771
      vertex -7.34999 12.6185 5.8279
      vertex -7.34999 12.4662 6.39648
    endloop
  endfacet
  facet normal 0 0.966207 0.257766
    outer loop
      vertex 7.34999 12.4662 6.39648
      vertex -2.05 12.4786 6.35
      vertex -2.05203 12.4662 6.39648
    endloop
  endfacet
  facet normal -4.56826e-06 0.965977 0.258629
    outer loop
      vertex 7.34999 12.4662 6.39648
      vertex -2.05228 12.4926 6.29771
      vertex -2.05 12.4786 6.35
    endloop
  endfacet
  facet normal -5.81074e-06 0.965947 0.258739
    outer loop
      vertex 7.34999 12.6185 5.8279
      vertex -2.05228 12.4926 6.29771
      vertex 7.34999 12.4662 6.39648
    endloop
  endfacet
  facet normal -7.57329e-06 0.965956 0.258706
    outer loop
      vertex -2.05228 12.4926 6.29771
      vertex 7.34999 12.6185 5.8279
      vertex -2.05911 12.5065 6.24581
    endloop
  endfacet
  facet normal 4.31083e-06 0.965889 0.258956
    outer loop
      vertex -2.05911 12.5065 6.24581
      vertex 7.34999 12.6185 5.8279
      vertex -2.07044 12.5202 6.19471
    endloop
  endfacet
  facet normal 1.64701e-05 0.965811 0.259247
    outer loop
      vertex -2.07044 12.5202 6.19471
      vertex 7.34999 12.6185 5.8279
      vertex -2.08618 12.5336 6.14479
    endloop
  endfacet
  facet normal 2.88162e-05 0.965719 0.25959
    outer loop
      vertex -2.08618 12.5336 6.14479
      vertex 7.34999 12.6185 5.8279
      vertex -2.10621 12.5466 6.09643
    endloop
  endfacet
  facet normal -1.85294e-05 0.966136 0.258034
    outer loop
      vertex -2.10621 12.5466 6.09643
      vertex 7.34999 12.6185 5.8279
      vertex -2.13038 12.559 6.05
    endloop
  endfacet
  facet normal -1.39749e-05 0.966087 0.258216
    outer loop
      vertex -2.13038 12.559 6.05
      vertex 7.34999 12.6185 5.8279
      vertex -2.15851 12.5708 6.00585
    endloop
  endfacet
  facet normal 3.02237e-05 0.965496 0.260419
    outer loop
      vertex -2.15851 12.5708 6.00585
      vertex 7.34999 12.6185 5.8279
      vertex -2.19037 12.582 5.96433
    endloop
  endfacet
  facet normal -8.56374e-06 0.966175 0.257888
    outer loop
      vertex -2.19037 12.582 5.96433
      vertex 7.34999 12.6185 5.8279
      vertex -2.22574 12.5923 5.92574
    endloop
  endfacet
  facet normal 7.8566e-06 0.965773 0.259388
    outer loop
      vertex -2.22574 12.5923 5.92574
      vertex 7.34999 12.6185 5.8279
      vertex -2.26433 12.6018 5.89037
    endloop
  endfacet
  facet normal -3.33739e-06 0.966204 0.25778
    outer loop
      vertex -2.26433 12.6018 5.89037
      vertex 7.34999 12.6185 5.8279
      vertex -2.30585 12.6103 5.85851
    endloop
  endfacet
  facet normal 6.96712e-06 0.96539 0.260812
    outer loop
      vertex -2.30585 12.6103 5.85851
      vertex 7.34999 12.6185 5.8279
      vertex -2.35 12.6179 5.83038
    endloop
  endfacet
  facet normal 0 0.971959 0.235151
    outer loop
      vertex -2.35 12.6179 5.83038
      vertex 7.34999 12.6185 5.8279
      vertex -2.35476 12.6185 5.8279
    endloop
  endfacet
  facet normal -0.0402989 0.923104 0.382434
    outer loop
      vertex -7.34999 12.4662 6.39648
      vertex -8.06467 12.2097 6.9403
      vertex -7.34999 12.2409 6.9403
    endloop
  endfacet
  facet normal -0.0402989 0.923104 0.382434
    outer loop
      vertex -8.06467 12.2097 6.9403
      vertex -7.34999 12.4662 6.39648
      vertex -8.06467 12.435 6.39648
    endloop
  endfacet
  facet normal 0.0432422 0.990524 0.130352
    outer loop
      vertex 8.06467 12.6641 5.24431
      vertex 7.34999 12.6185 5.8279
      vertex 8.06467 12.5873 5.8279
    endloop
  endfacet
  facet normal 0.0433796 0.990496 0.130518
    outer loop
      vertex 7.34999 12.6185 5.8279
      vertex 8.06467 12.6641 5.24431
      vertex 7.34999 12.6954 5.24431
    endloop
  endfacet
  facet normal 0.0566263 0.864643 0.499185
    outer loop
      vertex 8.06467 12.2097 6.9403
      vertex 8.06467 11.9154 7.45006
      vertex 8.59146 12.1752 6.9403
    endloop
  endfacet
  facet normal 0.169049 0.849824 0.499221
    outer loop
      vertex 9.81849 11.9788 6.9403
      vertex 9.3007 12.0818 6.9403
      vertex 9.74231 11.6945 7.45006
    endloop
  endfacet
  facet normal 0.034615 0.792906 0.60836
    outer loop
      vertex 8.06467 11.9154 7.45006
      vertex 7.34999 11.5883 7.91705
      vertex 8.06467 11.5571 7.91705
    endloop
  endfacet
  facet normal 0.034615 0.792906 0.60836
    outer loop
      vertex 7.34999 11.5883 7.91705
      vertex 8.06467 11.9154 7.45006
      vertex 7.34999 11.9466 7.45006
    endloop
  endfacet
  facet normal 0 0.922441 0.386138
    outer loop
      vertex 7.34999 12.2409 6.9403
      vertex -2.49471 12.2454 6.92955
      vertex -2.54316 12.2409 6.9403
    endloop
  endfacet
  facet normal 5.41218e-06 0.924197 0.381917
    outer loop
      vertex 7.34999 12.2409 6.9403
      vertex -2.44479 12.2519 6.91382
      vertex -2.49471 12.2454 6.92955
    endloop
  endfacet
  facet normal 3.06766e-06 0.923891 0.382657
    outer loop
      vertex 7.34999 12.2409 6.9403
      vertex -2.39643 12.2602 6.89378
      vertex -2.44479 12.2519 6.91382
    endloop
  endfacet
  facet normal 4.9791e-06 0.924032 0.382315
    outer loop
      vertex 7.34999 12.2409 6.9403
      vertex -2.35 12.2702 6.86961
      vertex -2.39643 12.2602 6.89378
    endloop
  endfacet
  facet normal 1.31082e-05 0.924426 0.381363
    outer loop
      vertex 7.34999 12.2409 6.9403
      vertex -2.30585 12.2818 6.84149
      vertex -2.35 12.2702 6.86961
    endloop
  endfacet
  facet normal -3.6096e-06 0.923849 0.382758
    outer loop
      vertex 7.34999 12.2409 6.9403
      vertex -2.26433 12.295 6.80963
      vertex -2.30585 12.2818 6.84149
    endloop
  endfacet
  facet normal -1.96192e-05 0.923432 0.383763
    outer loop
      vertex 7.34999 12.2409 6.9403
      vertex -2.22574 12.3097 6.77426
      vertex -2.26433 12.295 6.80963
    endloop
  endfacet
  facet normal -4.05524e-06 0.92375 0.382997
    outer loop
      vertex 7.34999 12.2409 6.9403
      vertex -2.19037 12.3257 6.73567
      vertex -2.22574 12.3097 6.77426
    endloop
  endfacet
  facet normal 2.89112e-06 0.923864 0.382721
    outer loop
      vertex 7.34999 12.2409 6.9403
      vertex -2.15851 12.3429 6.69415
      vertex -2.19037 12.3257 6.73567
    endloop
  endfacet
  facet normal -2.69522e-06 0.923788 0.382905
    outer loop
      vertex 7.34999 12.2409 6.9403
      vertex -2.13038 12.3612 6.65
      vertex -2.15851 12.3429 6.69415
    endloop
  endfacet
  facet normal 2.43201e-05 0.9241 0.382152
    outer loop
      vertex 7.34999 12.2409 6.9403
      vertex -2.10621 12.3804 6.60357
      vertex -2.13038 12.3612 6.65
    endloop
  endfacet
  facet normal 2.31397e-05 0.924088 0.38218
    outer loop
      vertex 7.34999 12.2409 6.9403
      vertex -2.08618 12.4004 6.55521
      vertex -2.10621 12.3804 6.60357
    endloop
  endfacet
  facet normal -1.76629e-05 0.923735 0.383033
    outer loop
      vertex 7.34999 12.2409 6.9403
      vertex -2.07044 12.4211 6.50529
      vertex -2.08618 12.4004 6.55521
    endloop
  endfacet
  facet normal -2.65754e-05 0.923666 0.383198
    outer loop
      vertex 7.34999 12.2409 6.9403
      vertex -2.05911 12.4423 6.45419
      vertex -2.07044 12.4211 6.50529
    endloop
  endfacet
  facet normal 2.43344e-06 0.923865 0.382719
    outer loop
      vertex 7.34999 12.2409 6.9403
      vertex -2.05228 12.4638 6.40229
      vertex -2.05911 12.4423 6.45419
    endloop
  endfacet
  facet normal 6.9111e-07 0.923854 0.382745
    outer loop
      vertex 7.34999 12.4662 6.39648
      vertex -2.05228 12.4638 6.40229
      vertex 7.34999 12.2409 6.9403
    endloop
  endfacet
  facet normal 0 0.924249 0.38179
    outer loop
      vertex -2.05228 12.4638 6.40229
      vertex 7.34999 12.4662 6.39648
      vertex -2.05203 12.4662 6.39648
    endloop
  endfacet
  facet normal 0 0.922441 0.386138
    outer loop
      vertex -2.80529 12.2454 6.92955
      vertex -7.34999 12.2409 6.9403
      vertex -2.75684 12.2409 6.9403
    endloop
  endfacet
  facet normal -1.16767e-05 0.92419 0.381934
    outer loop
      vertex -2.85521 12.2519 6.91382
      vertex -7.34999 12.2409 6.9403
      vertex -2.80529 12.2454 6.92955
    endloop
  endfacet
  facet normal -6.63416e-06 0.923888 0.382664
    outer loop
      vertex -2.90357 12.2602 6.89378
      vertex -7.34999 12.2409 6.9403
      vertex -2.85521 12.2519 6.91382
    endloop
  endfacet
  facet normal -1.07971e-05 0.924028 0.382324
    outer loop
      vertex -2.95 12.2702 6.86961
      vertex -7.34999 12.2409 6.9403
      vertex -2.90357 12.2602 6.89378
    endloop
  endfacet
  facet normal -2.85089e-05 0.924417 0.381383
    outer loop
      vertex -2.99415 12.2818 6.84149
      vertex -7.34999 12.2409 6.9403
      vertex -2.95 12.2702 6.86961
    endloop
  endfacet
  facet normal 7.87551e-06 0.923851 0.382753
    outer loop
      vertex -3.03567 12.295 6.80963
      vertex -7.34999 12.2409 6.9403
      vertex -2.99415 12.2818 6.84149
    endloop
  endfacet
  facet normal 4.29502e-05 0.923441 0.383741
    outer loop
      vertex -3.07426 12.3097 6.77426
      vertex -7.34999 12.2409 6.9403
      vertex -3.03567 12.295 6.80963
    endloop
  endfacet
  facet normal 8.90919e-06 0.923751 0.382993
    outer loop
      vertex -3.10963 12.3257 6.73567
      vertex -7.34999 12.2409 6.9403
      vertex -3.07426 12.3097 6.77426
    endloop
  endfacet
  facet normal -6.37568e-06 0.923863 0.382723
    outer loop
      vertex -3.14149 12.3429 6.69415
      vertex -7.34999 12.2409 6.9403
      vertex -3.10963 12.3257 6.73567
    endloop
  endfacet
  facet normal 5.9676e-06 0.923789 0.382903
    outer loop
      vertex -3.16961 12.3612 6.65
      vertex -7.34999 12.2409 6.9403
      vertex -3.14149 12.3429 6.69415
    endloop
  endfacet
  facet normal -5.40778e-05 0.924094 0.382165
    outer loop
      vertex -3.19378 12.3804 6.60357
      vertex -7.34999 12.2409 6.9403
      vertex -3.16961 12.3612 6.65
    endloop
  endfacet
  facet normal -5.16891e-05 0.924084 0.38219
    outer loop
      vertex -3.21381 12.4004 6.55521
      vertex -7.34999 12.2409 6.9403
      vertex -3.19378 12.3804 6.60357
    endloop
  endfacet
  facet normal 3.96496e-05 0.923737 0.383027
    outer loop
      vertex -3.22956 12.4211 6.50529
      vertex -7.34999 12.2409 6.9403
      vertex -3.21381 12.4004 6.55521
    endloop
  endfacet
  facet normal 5.99781e-05 0.923669 0.383192
    outer loop
      vertex -3.24088 12.4423 6.45419
      vertex -7.34999 12.2409 6.9403
      vertex -3.22956 12.4211 6.50529
    endloop
  endfacet
  facet normal -5.52388e-06 0.923865 0.382719
    outer loop
      vertex -3.24772 12.4638 6.40229
      vertex -7.34999 12.2409 6.9403
      vertex -3.24088 12.4423 6.45419
    endloop
  endfacet
  facet normal -0 0.924249 0.38179
    outer loop
      vertex -7.34999 12.4662 6.39648
      vertex -3.24772 12.4638 6.40229
      vertex -3.24797 12.4662 6.39648
    endloop
  endfacet
  facet normal -1.584e-06 0.923854 0.382745
    outer loop
      vertex -3.24772 12.4638 6.40229
      vertex -7.34999 12.4662 6.39648
      vertex -7.34999 12.2409 6.9403
    endloop
  endfacet
  facet normal -0.0520271 0.792248 0.607978
    outer loop
      vertex -8.06467 11.5571 7.91705
      vertex -8.55305 11.8834 7.45006
      vertex -8.50627 11.5281 7.91705
    endloop
  endfacet
  facet normal -0.0566529 0.86463 0.499205
    outer loop
      vertex -8.06467 11.9154 7.45006
      vertex -8.59146 12.1752 6.9403
      vertex -8.55305 11.8834 7.45006
    endloop
  endfacet
  facet normal -0.353607 0.853538 0.382668
    outer loop
      vertex -11.7852 11.6473 6.39648
      vertex -12.3599 11.1654 6.9403
      vertex -11.699 11.4392 6.9403
    endloop
  endfacet
  facet normal -0.353607 0.853538 0.382668
    outer loop
      vertex -12.3599 11.1654 6.9403
      vertex -11.7852 11.6473 6.39648
      vertex -12.4461 11.3735 6.39648
    endloop
  endfacet
  facet normal 0.118923 -0.59786 0.79273
    outer loop
      vertex 9.42097 -10.4953 8.69161
      vertex 9.10023 -10.5591 8.69161
      vertex 9.16119 -11.0221 8.33328
    endloop
  endfacet
  facet normal 0.0977211 -0.491183 0.865558
    outer loop
      vertex 9.28904 -10.0029 8.98593
      vertex 9.0337 -10.0537 8.98593
      vertex 9.42097 -10.4953 8.69161
    endloop
  endfacet
  facet normal 0.153071 -0.690627 0.706826
    outer loop
      vertex 10.2402 -10.7915 8.33328
      vertex 9.64957 -11.3484 7.91705
      vertex 10.348 -11.1936 7.91705
    endloop
  endfacet
  facet normal 0.1532 -0.690694 0.706733
    outer loop
      vertex 9.64957 -11.3484 7.91705
      vertex 10.2402 -10.7915 8.33328
      vertex 9.54184 -10.9464 8.33328
    endloop
  endfacet
  facet normal 0.0461416 -0.706294 0.706413
    outer loop
      vertex 8.06467 -11.1408 8.33328
      vertex 8.06467 -11.5571 7.91705
      vertex 8.45194 -11.1155 8.33328
    endloop
  endfacet
  facet normal 0.0519144 -0.792311 0.607904
    outer loop
      vertex 8.06467 -11.5571 7.91705
      vertex 8.06467 -11.9154 7.45006
      vertex 8.55305 -11.8834 7.45006
    endloop
  endfacet
  facet normal 0.0506023 -0.254355 0.965786
    outer loop
      vertex 9.14829 -9.4776 9.21118
      vertex 8.8885 -8.95081 9.36353
      vertex 8.96271 -9.51452 9.21118
    endloop
  endfacet
  facet normal 0.209031 -0.943083 0.258651
    outer loop
      vertex 9.91622 -12.3436 5.8279
      vertex 10.5752 -12.0416 6.39648
      vertex 9.87679 -12.1964 6.39648
    endloop
  endfacet
  facet normal 0.209178 -0.943095 0.258488
    outer loop
      vertex 10.5752 -12.0416 6.39648
      vertex 9.91622 -12.3436 5.8279
      vertex 10.6146 -12.1887 5.8279
    endloop
  endfacet
  facet normal 0.300692 -0.953721 0
    outer loop
      vertex 10.6345 -12.2629 5.05
      vertex 11.05 -12.1319 5.24431
      vertex 10.6345 -12.2629 5.24431
    endloop
  endfacet
  facet normal 0.300692 -0.953721 0
    outer loop
      vertex 11.05 -12.1319 5.24431
      vertex 10.6345 -12.2629 5.05
      vertex 11.05 -12.1319 5.05
    endloop
  endfacet
  facet normal 0.216531 -0.976276 0
    outer loop
      vertex 9.9361 -12.4178 5.05
      vertex 10.6345 -12.2629 5.24431
      vertex 9.9361 -12.4178 5.24431
    endloop
  endfacet
  facet normal 0.216531 -0.976276 0
    outer loop
      vertex 10.6345 -12.2629 5.24431
      vertex 9.9361 -12.4178 5.05
      vertex 10.6345 -12.2629 5.05
    endloop
  endfacet
  facet normal 0.277873 -0.881226 0.382396
    outer loop
      vertex 10.5752 -12.0416 6.39648
      vertex 11.05 -11.6559 6.9403
      vertex 10.5169 -11.824 6.9403
    endloop
  endfacet
  facet normal 0.277842 -0.881225 0.382423
    outer loop
      vertex 11.05 -11.6559 6.9403
      vertex 10.5752 -12.0416 6.39648
      vertex 11.05 -11.8919 6.39648
    endloop
  endfacet
  facet normal 0.129448 -0.982974 0.130404
    outer loop
      vertex 8.65078 -12.6257 5.24431
      vertex 9.34999 -12.4562 5.8279
      vertex 8.64075 -12.5496 5.8279
    endloop
  endfacet
  facet normal 0.129309 -0.98297 0.13057
    outer loop
      vertex 9.34999 -12.4562 5.8279
      vertex 8.65078 -12.6257 5.24431
      vertex 9.36002 -12.5324 5.24431
    endloop
  endfacet
  facet normal 0.298176 -0.945563 0.13039
    outer loop
      vertex 10.6345 -12.2629 5.24431
      vertex 11.05 -12.0514 5.8279
      vertex 10.6146 -12.1887 5.8279
    endloop
  endfacet
  facet normal 0.298123 -0.945574 0.130432
    outer loop
      vertex 11.05 -12.0514 5.8279
      vertex 10.6345 -12.2629 5.24431
      vertex 11.05 -12.1319 5.24431
    endloop
  endfacet
  facet normal -0.0560734 0.252913 0.965863
    outer loop
      vertex -9.14829 9.4776 9.21118
      vertex -9.69952 8.77357 9.36353
      vertex -9.00113 8.92841 9.36353
    endloop
  endfacet
  facet normal -0.0560691 0.25291 0.965864
    outer loop
      vertex -9.69952 8.77357 9.36353
      vertex -9.14829 9.4776 9.21118
      vertex -9.84668 9.32277 9.21118
    endloop
  endfacet
  facet normal -0.0167031 0.382607 0.92376
    outer loop
      vertex -8.06467 10.1641 8.98593
      vertex -7.34999 9.65146 9.21118
      vertex -7.34999 10.1953 8.98593
    endloop
  endfacet
  facet normal -0.0167031 0.382607 0.92376
    outer loop
      vertex -7.34999 9.65146 9.21118
      vertex -8.06467 10.1641 8.98593
      vertex -8.06467 9.62026 9.21118
    endloop
  endfacet
  facet normal -0.0397376 0.608268 0.792736
    outer loop
      vertex -8.06467 11.1408 8.33328
      vertex -8.45194 11.1155 8.33328
      vertex -8.06467 10.6738 8.69161
    endloop
  endfacet
  facet normal -0.0327062 0.499789 0.865529
    outer loop
      vertex -8.06467 10.6738 8.69161
      vertex -8.32445 10.1471 8.98593
      vertex -8.06467 10.1641 8.98593
    endloop
  endfacet
  facet normal -0.0218919 0.499863 0.865828
    outer loop
      vertex -8.06467 10.6738 8.69161
      vertex -7.34999 10.1953 8.98593
      vertex -7.34999 10.7051 8.69161
    endloop
  endfacet
  facet normal -0.0218252 0.499938 0.865786
    outer loop
      vertex -7.34999 10.1953 8.98593
      vertex -8.06467 10.6738 8.69161
      vertex -8.06467 10.1641 8.98593
    endloop
  endfacet
  facet normal -0.13805 0.694329 0.706293
    outer loop
      vertex -9.21552 11.4347 7.91705
      vertex -9.64957 11.3484 7.91705
      vertex -9.16119 11.0221 8.33328
    endloop
  endfacet
  facet normal -0.169074 0.849829 0.499204
    outer loop
      vertex -9.3007 12.0818 6.9403
      vertex -9.74231 11.6945 7.45006
      vertex -9.26229 11.79 7.45006
    endloop
  endfacet
  facet normal -0.108306 0.488501 0.865815
    outer loop
      vertex -9.42097 10.4953 8.69161
      vertex -9.98743 9.84806 8.98593
      vertex -9.28904 10.0029 8.98593
    endloop
  endfacet
  facet normal -0.108266 0.488475 0.865835
    outer loop
      vertex -9.98743 9.84806 8.98593
      vertex -9.42097 10.4953 8.69161
      vertex -10.1194 10.3405 8.69161
    endloop
  endfacet
  facet normal -0.238662 0.756929 0.608358
    outer loop
      vertex -10.4407 11.5397 7.45006
      vertex -11.0302 10.9785 7.91705
      vertex -10.348 11.1936 7.91705
    endloop
  endfacet
  facet normal -0.238623 0.756915 0.608391
    outer loop
      vertex -11.0302 10.9785 7.91705
      vertex -10.4407 11.5397 7.45006
      vertex -11.123 11.3246 7.45006
    endloop
  endfacet
  facet normal -0.393274 0.588552 0.706358
    outer loop
      vertex -13.5368 9.29158 8.33328
      vertex -14.1129 9.40617 7.91705
      vertex -13.8595 9.07595 8.33328
    endloop
  endfacet
  facet normal -0.11962 0.22978 0.965863
    outer loop
      vertex -11.5387 8.68939 9.21118
      vertex -11.8889 7.86669 9.36353
      vertex -11.2544 8.197 9.36353
    endloop
  endfacet
  facet normal -0.119615 0.229778 0.965864
    outer loop
      vertex -11.8889 7.86669 9.36353
      vertex -11.5387 8.68939 9.21118
      vertex -12.1732 8.35909 9.21118
    endloop
  endfacet
  facet normal -0.169566 0.343832 0.923594
    outer loop
      vertex -11.369 8.77308 9.21118
      vertex -11.8106 9.16036 8.98593
      vertex -11.5387 8.68939 9.21118
    endloop
  endfacet
  facet normal -0.281252 0.540263 0.793103
    outer loop
      vertex -12.299 10.0063 8.33328
      vertex -12.7 9.27152 8.69161
      vertex -12.0655 9.60183 8.69161
    endloop
  endfacet
  facet normal -0.281292 0.540275 0.793082
    outer loop
      vertex -12.7 9.27152 8.69161
      vertex -12.299 10.0063 8.33328
      vertex -12.9335 9.67595 8.33328
    endloop
  endfacet
  facet normal -0.40864 0.828884 0.382054
    outer loop
      vertex -12.4461 11.3735 6.39648
      vertex -12.9461 11.127 6.39648
      vertex -12.8334 10.9319 6.9403
    endloop
  endfacet
  facet normal -0.426593 0.819606 0.382446
    outer loop
      vertex -12.9461 11.127 6.39648
      vertex -13.468 10.6016 6.9403
      vertex -12.8334 10.9319 6.9403
    endloop
  endfacet
  facet normal -0.426658 0.819602 0.38238
    outer loop
      vertex -13.468 10.6016 6.9403
      vertex -12.9461 11.127 6.39648
      vertex -13.5806 10.7967 6.39648
    endloop
  endfacet
  facet normal -0.461692 0.887041 0
    outer loop
      vertex -13.0606 11.3255 5.15
      vertex -13.6952 10.9952 5.24431
      vertex -13.0606 11.3255 5.24431
    endloop
  endfacet
  facet normal -0.461692 0.887041 0
    outer loop
      vertex -13.6952 10.9952 5.24431
      vertex -13.0606 11.3255 5.15
      vertex -13.6952 10.9952 5.15
    endloop
  endfacet
  facet normal 0.0923283 0.701112 0.707049
    outer loop
      vertex 8.50627 11.5281 7.91705
      vertex 9.16119 11.0221 8.33328
      vertex 9.21552 11.4347 7.91705
    endloop
  endfacet
  facet normal 0.0923283 0.701112 0.707049
    outer loop
      vertex 9.16119 11.0221 8.33328
      vertex 8.50627 11.5281 7.91705
      vertex 8.45194 11.1155 8.33328
    endloop
  endfacet
  facet normal 0.13805 0.694329 0.706293
    outer loop
      vertex 9.21552 11.4347 7.91705
      vertex 9.16119 11.0221 8.33328
      vertex 9.64957 11.3484 7.91705
    endloop
  endfacet
  facet normal 0.0326209 0.499759 0.86555
    outer loop
      vertex 8.39099 10.6525 8.69161
      vertex 8.06467 10.6738 8.69161
      vertex 8.32445 10.1471 8.98593
    endloop
  endfacet
  facet normal -0.0112984 -0.258806 0.965863
    outer loop
      vertex -8.06467 -9.62026 9.21118
      vertex -7.34999 -9.08289 9.36353
      vertex -8.06467 -9.05169 9.36353
    endloop
  endfacet
  facet normal -0.0112984 -0.258806 0.965863
    outer loop
      vertex -7.34999 -9.08289 9.36353
      vertex -8.06467 -9.62026 9.21118
      vertex -7.34999 -9.65146 9.21118
    endloop
  endfacet
  facet normal 0.154922 0.778697 0.607972
    outer loop
      vertex 9.26229 11.79 7.45006
      vertex 9.21552 11.4347 7.91705
      vertex 9.74231 11.6945 7.45006
    endloop
  endfacet
  facet normal 0.238697 0.757039 0.608207
    outer loop
      vertex 11.05 11.0523 7.81742
      vertex 10.348 11.1936 7.91705
      vertex 11.0302 10.9785 7.91705
    endloop
  endfacet
  facet normal 0.238632 0.756888 0.60842
    outer loop
      vertex 10.4407 11.5397 7.45006
      vertex 11.05 11.0523 7.81742
      vertex 11.05 11.3476 7.45006
    endloop
  endfacet
  facet normal 0.238694 0.756919 0.608357
    outer loop
      vertex 11.05 11.0523 7.81742
      vertex 10.4407 11.5397 7.45006
      vertex 10.348 11.1936 7.91705
    endloop
  endfacet
  facet normal 0.00856312 -0.13052 0.991409
    outer loop
      vertex 8.06467 -8.4681 9.44036
      vertex 8.06467 -9.05169 9.36353
      vertex 8.10308 -8.46558 9.44036
    endloop
  endfacet
  facet normal -0.0726632 0.108757 0.991409
    outer loop
      vertex -12.2005 6.97691 9.44036
      vertex -12.4923 7.48232 9.36353
      vertex -12.2325 6.95553 9.44036
    endloop
  endfacet
  facet normal -0.0862634 0.0983166 0.991409
    outer loop
      vertex -13.1553 6.98305 9.36353
      vertex -13.2416 6.90733 9.36353
      vertex -12.8 6.52005 9.44036
    endloop
  endfacet
  facet normal -0.194914 -0.17112 0.965778
    outer loop
      vertex -14.3281 -5.81028 9.36353
      vertex -14.7791 -6.15641 9.21118
      vertex -14.2523 -5.89662 9.36353
    endloop
  endfacet
  facet normal -0.170959 0.194994 0.96579
    outer loop
      vertex -13.5014 7.43413 9.21118
      vertex -13.6437 7.30937 9.21118
      vertex -13.2416 6.90733 9.36353
    endloop
  endfacet
  facet normal 0.199948 -0.902105 0.382397
    outer loop
      vertex 9.87679 -12.1964 6.39648
      vertex 10.5169 -11.824 6.9403
      vertex 9.81849 -11.9788 6.9403
    endloop
  endfacet
  facet normal 0.199948 -0.902105 0.382397
    outer loop
      vertex 10.5169 -11.824 6.9403
      vertex 9.87679 -12.1964 6.39648
      vertex 10.5752 -12.0416 6.39648
    endloop
  endfacet
  facet normal 0.180228 -0.906415 0.382007
    outer loop
      vertex 9.81849 -11.9788 6.9403
      vertex 9.33011 -12.3051 6.39648
      vertex 9.87679 -12.1964 6.39648
    endloop
  endfacet
  facet normal 0.0520271 -0.792248 0.607978
    outer loop
      vertex 8.50627 -11.5281 7.91705
      vertex 8.06467 -11.5571 7.91705
      vertex 8.55305 -11.8834 7.45006
    endloop
  endfacet
  facet normal 0.0377805 -0.865415 0.49963
    outer loop
      vertex 7.34999 -12.2409 6.9403
      vertex 8.06467 -11.9154 7.45006
      vertex 7.34999 -11.9466 7.45006
    endloop
  endfacet
  facet normal 0.0377805 -0.865415 0.49963
    outer loop
      vertex 8.06467 -11.9154 7.45006
      vertex 7.34999 -12.2409 6.9403
      vertex 8.06467 -12.2097 6.9403
    endloop
  endfacet
  facet normal 0 -0.793381 0.608725
    outer loop
      vertex -7.34999 -11.9466 7.45006
      vertex 7.34999 -11.5883 7.91705
      vertex -7.34999 -11.5883 7.91705
    endloop
  endfacet
  facet normal 0 -0.793381 0.608725
    outer loop
      vertex 7.34999 -11.5883 7.91705
      vertex -7.34999 -11.9466 7.45006
      vertex 7.34999 -11.9466 7.45006
    endloop
  endfacet
  facet normal -0.0432422 -0.990524 0.130352
    outer loop
      vertex -8.06467 -12.6641 5.24431
      vertex -7.34999 -12.6185 5.8279
      vertex -8.06467 -12.5873 5.8279
    endloop
  endfacet
  facet normal -0.0433796 -0.990496 0.130518
    outer loop
      vertex -7.34999 -12.6185 5.8279
      vertex -8.06467 -12.6641 5.24431
      vertex -7.34999 -12.6954 5.24431
    endloop
  endfacet
  facet normal -0.103579 -0.786537 0.608795
    outer loop
      vertex -8.55305 -11.8834 7.45006
      vertex -9.21552 -11.4347 7.91705
      vertex -9.26229 -11.79 7.45006
    endloop
  endfacet
  facet normal -0.103578 -0.786536 0.608796
    outer loop
      vertex -9.21552 -11.4347 7.91705
      vertex -8.55305 -11.8834 7.45006
      vertex -8.50627 -11.5281 7.91705
    endloop
  endfacet
  facet normal -0.0566529 -0.86463 0.499205
    outer loop
      vertex -8.55305 -11.8834 7.45006
      vertex -8.59146 -12.1752 6.9403
      vertex -8.06467 -11.9154 7.45006
    endloop
  endfacet
  facet normal 0 -0.608831 0.7933
    outer loop
      vertex -7.34999 -10.7051 8.69161
      vertex 7.34999 -11.172 8.33328
      vertex 7.34999 -10.7051 8.69161
    endloop
  endfacet
  facet normal 0 -0.608831 0.7933
    outer loop
      vertex 7.34999 -11.172 8.33328
      vertex -7.34999 -10.7051 8.69161
      vertex -7.34999 -11.172 8.33328
    endloop
  endfacet
  facet normal -0.154837 -0.778761 0.607912
    outer loop
      vertex -9.64957 -11.3484 7.91705
      vertex -9.74231 -11.6945 7.45006
      vertex -9.21552 -11.4347 7.91705
    endloop
  endfacet
  facet normal -0.227443 -0.67029 0.706386
    outer loop
      vertex -10.9225 -10.5764 8.33328
      vertex -11.29 -10.4517 8.33328
      vertex -11.0302 -10.9785 7.91705
    endloop
  endfacet
  facet normal 0.00855396 0.130519 0.991409
    outer loop
      vertex 8.17926 9.04418 9.36353
      vertex 8.06467 9.05169 9.36353
      vertex 8.10308 8.46558 9.44036
    endloop
  endfacet
  facet normal 0.0337782 0.256607 0.965925
    outer loop
      vertex 8.25347 9.60788 9.21118
      vertex 8.8885 8.95081 9.36353
      vertex 8.96271 9.51452 9.21118
    endloop
  endfacet
  facet normal 0.0337823 0.256611 0.965924
    outer loop
      vertex 8.8885 8.95081 9.36353
      vertex 8.25347 9.60788 9.21118
      vertex 8.17926 9.04418 9.36353
    endloop
  endfacet
  facet normal -0.0578941 -0.117284 0.991409
    outer loop
      vertex -10.9626 -7.69159 9.44036
      vertex -11.2544 -8.197 9.36353
      vertex -10.9281 -7.70862 9.44036
    endloop
  endfacet
  facet normal -0.634956 0.313018 0.706293
    outer loop
      vertex -17.3513 4.95399 8.33328
      vertex -17.7117 5.1621 7.91705
      vertex -17.5229 4.6059 8.33328
    endloop
  endfacet
  facet normal -0.443816 0.231022 0.865827
    outer loop
      vertex -16.9468 4.72049 8.69161
      vertex -16.175 5.10014 8.98593
      vertex -16.6165 5.35503 8.69161
    endloop
  endfacet
  facet normal -0.443845 0.23111 0.865788
    outer loop
      vertex -16.175 5.10014 8.98593
      vertex -16.9468 4.72049 8.69161
      vertex -16.5054 4.46561 8.98593
    endloop
  endfacet
  facet normal -0.506857 0.338638 0.792729
    outer loop
      vertex -16.421 6.51454 8.33328
      vertex -16.6366 6.19184 8.33328
      vertex -16.0505 6.23026 8.69161
    endloop
  endfacet
  facet normal -0.376531 0.330175 0.865569
    outer loop
      vertex -15.3994 7.04366 8.69161
      vertex -15.615 6.79779 8.69161
      vertex -15.0389 6.6832 8.98593
    endloop
  endfacet
  facet normal -0.0167031 -0.382607 0.92376
    outer loop
      vertex -8.06467 -10.1641 8.98593
      vertex -7.34999 -9.65146 9.21118
      vertex -8.06467 -9.62026 9.21118
    endloop
  endfacet
  facet normal -0.0167031 -0.382607 0.92376
    outer loop
      vertex -7.34999 -9.65146 9.21118
      vertex -8.06467 -10.1641 8.98593
      vertex -7.34999 -10.1953 8.98593
    endloop
  endfacet
  facet normal -0.0861533 -0.0984416 0.991407
    outer loop
      vertex -12.829 -6.49467 9.44036
      vertex -13.2416 -6.90733 9.36353
      vertex -12.8 -6.52005 9.44036
    endloop
  endfacet
  facet normal -0.160954 -0.474285 0.865533
    outer loop
      vertex -10.6697 -9.63295 8.98593
      vertex -11.1113 -10.0202 8.69161
      vertex -10.8016 -10.1253 8.69161
    endloop
  endfacet
  facet normal -0.0726632 -0.108757 0.991409
    outer loop
      vertex -12.2325 -6.95553 9.44036
      vertex -12.4923 -7.48232 9.36353
      vertex -12.2005 -6.97691 9.44036
    endloop
  endfacet
  facet normal 0.150469 -0.477247 0.865791
    outer loop
      vertex 9.98743 -9.84806 8.98593
      vertex 10.8016 -10.1253 8.69161
      vertex 10.6697 -9.63295 8.98593
    endloop
  endfacet
  facet normal 0.150518 -0.477152 0.865835
    outer loop
      vertex 10.8016 -10.1253 8.69161
      vertex 9.98743 -9.84806 8.98593
      vertex 10.1194 -10.3405 8.69161
    endloop
  endfacet
  facet normal 0.123207 -0.363018 0.9236
    outer loop
      vertex 10.7081 -9.04683 9.21118
      vertex 10.5289 -9.10765 9.21118
      vertex 10.6697 -9.63295 8.98593
    endloop
  endfacet
  facet normal 0.0794794 -0.603542 0.79336
    outer loop
      vertex 9.10023 -10.5591 8.69161
      vertex 8.45194 -11.1155 8.33328
      vertex 9.16119 -11.0221 8.33328
    endloop
  endfacet
  facet normal 0.0794807 -0.603542 0.79336
    outer loop
      vertex 8.45194 -11.1155 8.33328
      vertex 9.10023 -10.5591 8.69161
      vertex 8.39099 -10.6525 8.69161
    endloop
  endfacet
  facet normal 0.0748024 0.375998 0.923596
    outer loop
      vertex 9.28904 10.0029 8.98593
      vertex 8.96271 9.51452 9.21118
      vertex 9.14829 9.4776 9.21118
    endloop
  endfacet
  facet normal -0.288264 0.2527 0.923605
    outer loop
      vertex -14.6544 6.29866 9.21118
      vertex -15.2106 6.48746 8.98593
      vertex -14.7791 6.15641 9.21118
    endloop
  endfacet
  facet normal -0.343874 0.169507 0.92359
    outer loop
      vertex -16.5054 4.46561 8.98593
      vertex -16.6205 4.23211 8.98593
      vertex -16.1181 4.024 9.21118
    endloop
  endfacet
  facet normal -0.330255 -0.376506 0.865549
    outer loop
      vertex -14.0282 -7.69391 8.98593
      vertex -14.1428 -8.27 8.69161
      vertex -13.8325 -7.86557 8.98593
    endloop
  endfacet
  facet normal -0.540255 -0.281222 0.79312
    outer loop
      vertex -17.3513 -4.95399 8.33328
      vertex -16.6165 -5.35503 8.69161
      vertex -16.9468 -4.72049 8.69161
    endloop
  endfacet
  facet normal -0.540285 -0.281326 0.793062
    outer loop
      vertex -16.6165 -5.35503 8.69161
      vertex -17.3513 -4.95399 8.33328
      vertex -17.0209 -5.58852 8.33328
    endloop
  endfacet
  facet normal -0.577197 0.195897 0.792759
    outer loop
      vertex -17.3652 3.76629 8.69161
      vertex -17.7967 3.945 8.33328
      vertex -17.4703 3.45662 8.69161
    endloop
  endfacet
  facet normal -0.499938 0.0218253 0.865786
    outer loop
      vertex -18.0188 0.719666 8.69161
      vertex -17.5403 0.00498962 8.98593
      vertex -17.5091 0.719666 8.98593
    endloop
  endfacet
  facet normal -0.499863 0.021892 0.865828
    outer loop
      vertex -17.5403 0.00498962 8.98593
      vertex -18.0188 0.719666 8.69161
      vertex -18.0501 0.00498962 8.69161
    endloop
  endfacet
  facet normal -0.660185 0.440997 0.608011
    outer loop
      vertex -16.7512 6.76792 7.91705
      vertex -17.3074 6.57912 7.45006
      vertex -16.997 6.39995 7.91705
    endloop
  endfacet
  facet normal -0.0463894 -0.706398 0.706293
    outer loop
      vertex -8.45194 -11.1155 8.33328
      vertex -8.50627 -11.5281 7.91705
      vertex -8.06467 -11.5571 7.91705
    endloop
  endfacet
  facet normal -0.171749 -0.774855 0.608361
    outer loop
      vertex -9.74231 -11.6945 7.45006
      vertex -10.348 -11.1936 7.91705
      vertex -10.4407 -11.5397 7.45006
    endloop
  endfacet
  facet normal -0.171738 -0.77485 0.60837
    outer loop
      vertex -10.348 -11.1936 7.91705
      vertex -9.74231 -11.6945 7.45006
      vertex -9.64957 -11.3484 7.91705
    endloop
  endfacet
  facet normal -0.290448 -0.921304 0.258533
    outer loop
      vertex -10.6146 -12.1887 5.8279
      vertex -11.2574 -11.8265 6.39648
      vertex -11.2969 -11.9736 5.8279
    endloop
  endfacet
  facet normal -0.29049 -0.921304 0.258485
    outer loop
      vertex -11.2574 -11.8265 6.39648
      vertex -10.6146 -12.1887 5.8279
      vertex -10.5752 -12.0416 6.39648
    endloop
  endfacet
  facet normal -0.0250334 -0.38254 0.9236
    outer loop
      vertex -8.06467 -9.62026 9.21118
      vertex -8.32445 -10.1471 8.98593
      vertex -8.06467 -10.1641 8.98593
    endloop
  endfacet
  facet normal -0.0327062 -0.499789 0.865529
    outer loop
      vertex -8.06467 -10.1641 8.98593
      vertex -8.32445 -10.1471 8.98593
      vertex -8.06467 -10.6738 8.69161
    endloop
  endfacet
  facet normal -0.150469 -0.477247 0.865791
    outer loop
      vertex -10.8016 -10.1253 8.69161
      vertex -9.98743 -9.84806 8.98593
      vertex -10.6697 -9.63295 8.98593
    endloop
  endfacet
  facet normal -0.150518 -0.477152 0.865835
    outer loop
      vertex -9.98743 -9.84806 8.98593
      vertex -10.8016 -10.1253 8.69161
      vertex -10.1194 -10.3405 8.69161
    endloop
  endfacet
  facet normal -0.213047 -0.318745 0.923587
    outer loop
      vertex -12.9339 -7.8696 9.21118
      vertex -13.2649 -8.30104 8.98593
      vertex -13.0485 -8.44568 8.98593
    endloop
  endfacet
  facet normal -0.157534 -0.205332 0.965931
    outer loop
      vertex -13.1553 -6.98305 9.36353
      vertex -12.9339 -7.8696 9.21118
      vertex -12.5877 -7.41852 9.36353
    endloop
  endfacet
  facet normal -0.157567 -0.20534 0.965924
    outer loop
      vertex -12.9339 -7.8696 9.21118
      vertex -13.1553 -6.98305 9.36353
      vertex -13.5014 -7.43413 9.21118
    endloop
  endfacet
  facet normal -0.221502 -0.44916 0.865559
    outer loop
      vertex -11.8106 -9.16036 8.98593
      vertex -12.0655 -9.60183 8.69161
      vertex -11.7722 -9.74647 8.69161
    endloop
  endfacet
  facet normal -0.176841 -0.339709 0.923756
    outer loop
      vertex -12.1732 -8.35909 9.21118
      vertex -11.8106 -9.16036 8.98593
      vertex -11.5387 -8.68939 9.21118
    endloop
  endfacet
  facet normal -0.176848 -0.339711 0.923754
    outer loop
      vertex -11.8106 -9.16036 8.98593
      vertex -12.1732 -8.35909 9.21118
      vertex -12.4451 -8.83005 8.98593
    endloop
  endfacet
  facet normal -0.441192 -0.660164 0.607892
    outer loop
      vertex -13.745 -9.65204 7.91705
      vertex -14.1129 -9.40617 7.91705
      vertex -13.9241 -9.96236 7.45006
    endloop
  endfacet
  facet normal -0.313055 -0.634908 0.70632
    outer loop
      vertex -11.9509 -10.1779 8.33328
      vertex -12.5071 -10.3667 7.91705
      vertex -12.1102 -10.5624 7.91705
    endloop
  endfacet
  facet normal -0.270649 -0.653294 0.707075
    outer loop
      vertex -11.9509 -10.1779 8.33328
      vertex -11.4493 -10.8362 7.91705
      vertex -11.29 -10.4517 8.33328
    endloop
  endfacet
  facet normal -0.270649 -0.653294 0.707075
    outer loop
      vertex -11.4493 -10.8362 7.91705
      vertex -11.9509 -10.1779 8.33328
      vertex -12.1102 -10.5624 7.91705
    endloop
  endfacet
  facet normal -0.183239 -0.580882 0.793095
    outer loop
      vertex -10.9225 -10.5764 8.33328
      vertex -10.1194 -10.3405 8.69161
      vertex -10.8016 -10.1253 8.69161
    endloop
  endfacet
  facet normal -0.183168 -0.58101 0.793018
    outer loop
      vertex -10.1194 -10.3405 8.69161
      vertex -10.9225 -10.5764 8.33328
      vertex -10.2402 -10.7915 8.33328
    endloop
  endfacet
  facet normal -0.0560734 -0.252913 0.965863
    outer loop
      vertex -9.69952 -8.77357 9.36353
      vertex -9.14829 -9.4776 9.21118
      vertex -9.00113 -8.92841 9.36353
    endloop
  endfacet
  facet normal -0.0560691 -0.25291 0.965864
    outer loop
      vertex -9.14829 -9.4776 9.21118
      vertex -9.69952 -8.77357 9.36353
      vertex -9.84668 -9.32277 9.21118
    endloop
  endfacet
  facet normal -0.56247 -0.732938 0.38266
    outer loop
      vertex -14.6474 -10.1027 6.39648
      vertex -15.0778 -9.48848 6.9403
      vertex -15.2149 -9.66719 6.39648
    endloop
  endfacet
  facet normal -0.562342 -0.732967 0.382794
    outer loop
      vertex -15.0778 -9.48848 6.9403
      vertex -14.6474 -10.1027 6.39648
      vertex -14.5102 -9.92395 6.9403
    endloop
  endfacet
  facet normal -0.281252 -0.540263 0.793103
    outer loop
      vertex -12.7 -9.27152 8.69161
      vertex -12.299 -10.0063 8.33328
      vertex -12.0655 -9.60183 8.69161
    endloop
  endfacet
  facet normal -0.281292 -0.540275 0.793082
    outer loop
      vertex -12.299 -10.0063 8.33328
      vertex -12.7 -9.27152 8.69161
      vertex -12.9335 -9.67595 8.33328
    endloop
  endfacet
  facet normal -0.430413 -0.561009 0.707116
    outer loop
      vertex -14.4271 -8.64048 8.33328
      vertex -14.1129 -9.40617 7.91705
      vertex -13.8595 -9.07595 8.33328
    endloop
  endfacet
  facet normal -0.430413 -0.561009 0.707116
    outer loop
      vertex -14.1129 -9.40617 7.91705
      vertex -14.4271 -8.64048 8.33328
      vertex -14.6805 -8.9707 7.91705
    endloop
  endfacet
  facet normal -0.438534 -0.889222 0.130276
    outer loop
      vertex -12.5044 -11.5143 5.8279
      vertex -13.0606 -11.3255 5.24431
      vertex -12.5338 -11.5853 5.24431
    endloop
  endfacet
  facet normal -0.382582 -0.923922 0
    outer loop
      vertex -12.4983 -11.6 5.15
      vertex -12.5338 -11.5853 5.24431
      vertex -12.5338 -11.5853 5.15
    endloop
  endfacet
  facet normal -0.382619 -0.923906 -1.66017e-05
    outer loop
      vertex -12.5338 -11.5853 5.24431
      vertex -12.4983 -11.6 5.15
      vertex -11.8729 -11.859 5.24431
    endloop
  endfacet
  facet normal -0.382621 -0.923905 0
    outer loop
      vertex -11.8729 -11.859 5.05
      vertex -12.4983 -11.6 5.15
      vertex -12.4983 -11.6 5.05
    endloop
  endfacet
  facet normal -0.382621 -0.923905 0
    outer loop
      vertex -12.4983 -11.6 5.15
      vertex -11.8729 -11.859 5.05
      vertex -11.8729 -11.859 5.24431
    endloop
  endfacet
  facet normal -0.379345 -0.915999 0.130552
    outer loop
      vertex -11.8729 -11.859 5.24431
      vertex -12.5044 -11.5143 5.8279
      vertex -12.5338 -11.5853 5.24431
    endloop
  endfacet
  facet normal -0.379345 -0.915999 0.130552
    outer loop
      vertex -12.5044 -11.5143 5.8279
      vertex -11.8729 -11.859 5.24431
      vertex -11.8435 -11.788 5.8279
    endloop
  endfacet
  facet normal -0.751825 -0.255178 0.607983
    outer loop
      vertex -18.1812 -4.10428 7.91705
      vertex -18.6696 -3.77796 7.45006
      vertex -18.5123 -4.24141 7.45006
    endloop
  endfacet
  facet normal -0.449167 -0.221597 0.865531
    outer loop
      vertex -16.5054 -4.46561 8.98593
      vertex -17.0915 -4.42719 8.69161
      vertex -16.9468 -4.72049 8.69161
    endloop
  endfacet
  facet normal -0.588598 -0.39325 0.706333
    outer loop
      vertex -16.6366 -6.19184 8.33328
      vertex -16.7512 -6.76792 7.91705
      vertex -16.421 -6.51454 8.33328
    endloop
  endfacet
  facet normal -0.858606 -0.113068 0.500011
    outer loop
      vertex -19.5202 -1.24646 6.9403
      vertex -19.135 -1.91729 7.45006
      vertex -19.2284 -1.20804 7.45006
    endloop
  endfacet
  facet normal -0.858607 -0.11307 0.500009
    outer loop
      vertex -19.135 -1.91729 7.45006
      vertex -19.5202 -1.24646 6.9403
      vertex -19.4268 -1.9557 6.9403
    endloop
  endfacet
  facet normal -0.608268 -0.0397372 0.792736
    outer loop
      vertex -18.0188 -0.719666 8.69161
      vertex -18.4858 -0.719666 8.33328
      vertex -18.4605 -1.10694 8.33328
    endloop
  endfacet
  facet normal -0.786537 -0.103578 0.608795
    outer loop
      vertex -19.2284 -1.20804 7.45006
      vertex -18.7797 -1.87052 7.91705
      vertex -18.8731 -1.16127 7.91705
    endloop
  endfacet
  facet normal -0.786537 -0.103578 0.608795
    outer loop
      vertex -18.7797 -1.87052 7.91705
      vertex -19.2284 -1.20804 7.45006
      vertex -19.135 -1.91729 7.45006
    endloop
  endfacet
  facet normal -0.368888 -0.33803 0.865828
    outer loop
      vertex -15.3994 -7.04366 8.69161
      vertex -14.5556 -7.21062 8.98593
      vertex -15.0389 -6.6832 8.98593
    endloop
  endfacet
  facet normal -0.368888 -0.33803 0.865828
    outer loop
      vertex -14.5556 -7.21062 8.98593
      vertex -15.3994 -7.04366 8.69161
      vertex -14.9161 -7.57108 8.69161
    endloop
  endfacet
  facet normal -0.449094 -0.411526 0.79307
    outer loop
      vertex -15.7296 -7.37387 8.33328
      vertex -14.9161 -7.57108 8.69161
      vertex -15.3994 -7.04366 8.69161
    endloop
  endfacet
  facet normal -0.449094 -0.411526 0.79307
    outer loop
      vertex -14.9161 -7.57108 8.69161
      vertex -15.7296 -7.37387 8.33328
      vertex -15.2463 -7.90129 8.33328
    endloop
  endfacet
  facet normal -0.466764 -0.532188 0.706333
    outer loop
      vertex -14.7189 -8.38459 8.33328
      vertex -15.0132 -8.6789 7.91705
      vertex -14.6805 -8.9707 7.91705
    endloop
  endfacet
  facet normal -0.596718 -0.380095 0.706722
    outer loop
      vertex -17.0209 -5.58852 8.33328
      vertex -16.997 -6.39995 7.91705
      vertex -16.6366 -6.19184 8.33328
    endloop
  endfacet
  facet normal -0.596614 -0.380128 0.706792
    outer loop
      vertex -16.997 -6.39995 7.91705
      vertex -17.0209 -5.58852 8.33328
      vertex -17.3814 -5.79663 7.91705
    endloop
  endfacet
  facet normal -0.694844 -0.609338 0.381967
    outer loop
      vertex -16.8335 -7.73277 6.9403
      vertex -17.0122 -7.86989 6.39648
      vertex -16.6447 -8.28896 6.39648
    endloop
  endfacet
  facet normal -0.845694 -0.18745 0.499664
    outer loop
      vertex -19.3238 -2.47348 6.9403
      vertex -18.8847 -3.0957 7.45006
      vertex -19.0395 -2.39731 7.45006
    endloop
  endfacet
  facet normal -0.845693 -0.187447 0.499667
    outer loop
      vertex -18.8847 -3.0957 7.45006
      vertex -19.3238 -2.47348 6.9403
      vertex -19.169 -3.17188 6.9403
    endloop
  endfacet
  facet normal -0.947494 -0.188396 0.258383
    outer loop
      vertex -19.6501 -1.98511 6.39648
      vertex -19.8012 -2.00499 5.8279
      vertex -19.5414 -2.53179 6.39648
    endloop
  endfacet
  facet normal -0.732915 -0.303634 0.608804
    outer loop
      vertex -18.5123 -4.24141 7.45006
      vertex -17.9074 -4.76518 7.91705
      vertex -18.1812 -4.10428 7.91705
    endloop
  endfacet
  facet normal -0.732915 -0.303634 0.608804
    outer loop
      vertex -17.9074 -4.76518 7.91705
      vertex -18.5123 -4.24141 7.45006
      vertex -18.2385 -4.90231 7.45006
    endloop
  endfacet
  facet normal -0.875098 -0.29711 0.382007
    outer loop
      vertex -18.9539 -3.85413 6.9403
      vertex -19.1715 -3.91243 6.39648
      vertex -18.9923 -4.44024 6.39648
    endloop
  endfacet
  facet normal -0.938851 -0.318744 0.130233
    outer loop
      vertex -19.3186 -3.95186 5.8279
      vertex -19.3928 -3.97175 5.24431
      vertex -19.133 -4.49854 5.8279
    endloop
  endfacet
  facet normal -0.914802 -0.310579 0.258221
    outer loop
      vertex -18.9923 -4.44024 6.39648
      vertex -19.3186 -3.95186 5.8279
      vertex -19.133 -4.49854 5.8279
    endloop
  endfacet
  facet normal -0.793346 -0.608771 0
    outer loop
      vertex -17.194 -8.00941 5.05
      vertex -17.6295 -7.44187 5.24431
      vertex -17.6295 -7.44187 5.05
    endloop
  endfacet
  facet normal -0.793346 -0.608771 0
    outer loop
      vertex -17.6295 -7.44187 5.24431
      vertex -17.194 -8.00941 5.05
      vertex -17.194 -8.00941 5.24431
    endloop
  endfacet
  facet normal -0.80329 -0.536624 0.258379
    outer loop
      vertex -17.7573 -6.83891 6.39648
      vertex -17.8893 -6.91508 5.8279
      vertex -17.4477 -7.30236 6.39648
    endloop
  endfacet
  facet normal -0.856865 -0.446028 0.258537
    outer loop
      vertex -18.6039 -5.67723 5.8279
      vertex -18.1417 -6.23559 6.39648
      vertex -18.472 -5.60105 6.39648
    endloop
  endfacet
  facet normal -0.856864 -0.446034 0.25853
    outer loop
      vertex -18.1417 -6.23559 6.39648
      vertex -18.6039 -5.67723 5.8279
      vertex -18.2736 -6.31176 5.8279
    endloop
  endfacet
  facet normal -0.732983 -0.562323 0.38279
    outer loop
      vertex -17.4477 -7.30236 6.39648
      vertex -16.8335 -7.73277 6.9403
      vertex -17.2689 -7.16523 6.9403
    endloop
  endfacet
  facet normal -0.732957 -0.562442 0.382666
    outer loop
      vertex -16.8335 -7.73277 6.9403
      vertex -17.4477 -7.30236 6.39648
      vertex -17.0122 -7.86989 6.39648
    endloop
  endfacet
  facet normal -0.803227 -0.536801 0.258209
    outer loop
      vertex -17.4477 -7.30236 6.39648
      vertex -17.8893 -6.91508 5.8279
      vertex -17.5685 -7.3951 5.8279
    endloop
  endfacet
  facet normal -0.824343 -0.550913 0.130203
    outer loop
      vertex -17.8893 -6.91508 5.8279
      vertex -17.9558 -6.9535 5.24431
      vertex -17.5685 -7.3951 5.8279
    endloop
  endfacet
  facet normal -0.887023 -0.461726 0
    outer loop
      vertex -18.3402 -6.35018 5.05
      vertex -18.6705 -5.71564 5.24431
      vertex -18.6705 -5.71564 5.05
    endloop
  endfacet
  facet normal -0.887023 -0.461726 0
    outer loop
      vertex -18.6705 -5.71564 5.24431
      vertex -18.3402 -6.35018 5.05
      vertex -18.3402 -6.35018 5.24431
    endloop
  endfacet
  facet normal -0.0630851 -0.96398 0.258384
    outer loop
      vertex -8.62086 -12.3985 6.39648
      vertex -8.64075 -12.5496 5.8279
      vertex -8.06467 -12.5873 5.8279
    endloop
  endfacet
  facet normal -0.0632634 -0.964012 0.258221
    outer loop
      vertex -8.06467 -12.435 6.39648
      vertex -8.62086 -12.3985 6.39648
      vertex -8.06467 -12.5873 5.8279
    endloop
  endfacet
  facet normal -0.180228 -0.906415 0.382007
    outer loop
      vertex -9.81849 -11.9788 6.9403
      vertex -9.87679 -12.1964 6.39648
      vertex -9.33011 -12.3051 6.39648
    endloop
  endfacet
  facet normal -0.188418 -0.947495 0.258364
    outer loop
      vertex -9.87679 -12.1964 6.39648
      vertex -9.91622 -12.3436 5.8279
      vertex -9.34999 -12.4562 5.8279
    endloop
  endfacet
  facet normal -0.193379 -0.972443 0.130228
    outer loop
      vertex -9.91622 -12.3436 5.8279
      vertex -9.9361 -12.4178 5.24431
      vertex -9.34999 -12.4562 5.8279
    endloop
  endfacet
  facet normal -0.536821 -0.803224 0.258174
    outer loop
      vertex -14.6474 -10.1027 6.39648
      vertex -14.7401 -10.2235 5.8279
      vertex -14.2601 -10.5443 5.8279
    endloop
  endfacet
  facet normal -0.537355 -0.843356 0
    outer loop
      vertex -14.2985 -10.6108 5.15
      vertex -13.6952 -10.9952 5.24431
      vertex -14.2985 -10.6108 5.24431
    endloop
  endfacet
  facet normal -0.537355 -0.843356 -0
    outer loop
      vertex -13.6952 -10.9952 5.24431
      vertex -14.2985 -10.6108 5.15
      vertex -13.6952 -10.9952 5.15
    endloop
  endfacet
  facet normal -0.438584 -0.889189 0.130334
    outer loop
      vertex -13.0222 -11.2589 5.8279
      vertex -13.0606 -11.3255 5.24431
      vertex -12.5044 -11.5143 5.8279
    endloop
  endfacet
  facet normal -0.636932 0.726369 0.258274
    outer loop
      vertex -15.3076 9.78805 5.8279
      vertex -15.7417 9.4074 5.8279
      vertex -15.634 9.29967 6.39648
    endloop
  endfacet
  facet normal 0.0653765 -0.997861 0
    outer loop
      vertex 8.06467 -12.6641 5.05
      vertex 8.65078 -12.6257 5.24431
      vertex 8.06467 -12.6641 5.24431
    endloop
  endfacet
  facet normal 0.0653765 -0.997861 0
    outer loop
      vertex 8.65078 -12.6257 5.24431
      vertex 8.06467 -12.6641 5.05
      vertex 8.65078 -12.6257 5.05
    endloop
  endfacet
  facet normal -0.318788 0.938843 0.130184
    outer loop
      vertex -11.3167 12.0478 5.24431
      vertex -11.8435 11.788 5.8279
      vertex -11.2969 11.9736 5.8279
    endloop
  endfacet
  facet normal -0.195108 0.980782 0
    outer loop
      vertex -9.36002 12.5324 5.05
      vertex -9.9361 12.4178 5.24431
      vertex -9.36002 12.5324 5.24431
    endloop
  endfacet
  facet normal -0.195108 0.980782 0
    outer loop
      vertex -9.9361 12.4178 5.24431
      vertex -9.36002 12.5324 5.05
      vertex -9.9361 12.4178 5.05
    endloop
  endfacet
  facet normal -0.214688 0.967941 0.130381
    outer loop
      vertex -9.9361 12.4178 5.24431
      vertex -10.6146 12.1887 5.8279
      vertex -9.91622 12.3436 5.8279
    endloop
  endfacet
  facet normal -0.214682 0.967941 0.130388
    outer loop
      vertex -10.6146 12.1887 5.8279
      vertex -9.9361 12.4178 5.24431
      vertex -10.6345 12.2629 5.24431
    endloop
  endfacet
  facet normal -0.653687 0.745476 0.130223
    outer loop
      vertex -15.3076 9.78805 5.8279
      vertex -15.796 9.46173 5.24431
      vertex -15.7417 9.4074 5.8279
    endloop
  endfacet
  facet normal -0.60879 0.793332 0
    outer loop
      vertex -14.7869 10.2845 5.15
      vertex -15.3544 9.84901 5.24431
      vertex -14.7869 10.2845 5.24431
    endloop
  endfacet
  facet normal -0.60879 0.793332 0
    outer loop
      vertex -15.3544 9.84901 5.24431
      vertex -14.7869 10.2845 5.15
      vertex -15.3544 9.84901 5.15
    endloop
  endfacet
  facet normal -0.737456 0.675396 0
    outer loop
      vertex -16.75 8.51293 5.05
      vertex -16.8067 8.45102 5.05
      vertex -16.75 8.51293 5.15
    endloop
  endfacet
  facet normal -0.737247 0.675624 0
    outer loop
      vertex -16.75 8.51293 5.15
      vertex -16.3234 8.97844 5.24431
      vertex -16.3234 8.97844 5.15
    endloop
  endfacet
  facet normal -0.737271 0.675597 0.000242921
    outer loop
      vertex -16.75 8.51293 5.15
      vertex -16.8067 8.45102 5.24431
      vertex -16.3234 8.97844 5.24431
    endloop
  endfacet
  facet normal -0.737456 0.675396 0
    outer loop
      vertex -16.8067 8.45102 5.24431
      vertex -16.75 8.51293 5.15
      vertex -16.8067 8.45102 5.05
    endloop
  endfacet
  facet normal -0.536174 0.58511 0.608411
    outer loop
      vertex -15.2666 8.93228 7.45006
      vertex -15.5406 8.19561 7.91705
      vertex -15.0132 8.6789 7.91705
    endloop
  endfacet
  facet normal -0.536174 0.58511 0.608411
    outer loop
      vertex -15.5406 8.19561 7.91705
      vertex -15.2666 8.93228 7.45006
      vertex -15.794 8.44899 7.45006
    endloop
  endfacet
  facet normal -0.571291 0.651488 0.499189
    outer loop
      vertex -14.8986 9.25498 7.45006
      vertex -15.4747 9.14039 6.9403
      vertex -15.2666 8.93228 7.45006
    endloop
  endfacet
  facet normal -0.527227 0.687076 0.499958
    outer loop
      vertex -14.5102 9.92395 6.9403
      vertex -14.8986 9.25498 7.45006
      vertex -14.3311 9.69045 7.45006
    endloop
  endfacet
  facet normal -0.527141 0.687086 0.500036
    outer loop
      vertex -14.8986 9.25498 7.45006
      vertex -14.5102 9.92395 6.9403
      vertex -15.0778 9.48848 6.9403
    endloop
  endfacet
  facet normal -0.634921 0.313045 0.706313
    outer loop
      vertex -17.7117 5.1621 7.91705
      vertex -17.9074 4.76518 7.91705
      vertex -17.5229 4.6059 8.33328
    endloop
  endfacet
  facet normal -0.674666 0.212706 0.706811
    outer loop
      vertex -18.3235 3.68521 7.91705
      vertex -18.1365 2.89523 8.33328
      vertex -17.9214 3.57749 8.33328
    endloop
  endfacet
  facet normal -0.674663 0.212708 0.706813
    outer loop
      vertex -18.1365 2.89523 8.33328
      vertex -18.3235 3.68521 7.91705
      vertex -18.5386 3.00296 7.91705
    endloop
  endfacet
  facet normal -0.560991 0.430475 0.707093
    outer loop
      vertex -16.3157 7.33546 7.91705
      vertex -16.421 6.51454 8.33328
      vertex -15.9855 7.08208 8.33328
    endloop
  endfacet
  facet normal -0.560991 0.430475 0.707093
    outer loop
      vertex -16.421 6.51454 8.33328
      vertex -16.3157 7.33546 7.91705
      vertex -16.7512 6.76792 7.91705
    endloop
  endfacet
  facet normal -0.523532 0.596913 0.607955
    outer loop
      vertex -14.6805 8.9707 7.91705
      vertex -15.2666 8.93228 7.45006
      vertex -15.0132 8.6789 7.91705
    endloop
  endfacet
  facet normal -0.5235 0.596988 0.607908
    outer loop
      vertex -14.8986 9.25498 7.45006
      vertex -15.2666 8.93228 7.45006
      vertex -14.6805 8.9707 7.91705
    endloop
  endfacet
  facet normal -0.609334 0.694852 0.381959
    outer loop
      vertex -15.2149 9.66719 6.39648
      vertex -15.634 9.29967 6.39648
      vertex -15.0778 9.48848 6.9403
    endloop
  endfacet
  facet normal -0.596942 0.523502 0.607952
    outer loop
      vertex -16.2773 7.92157 7.45006
      vertex -16.6 7.5536 7.45006
      vertex -16.3157 7.33546 7.91705
    endloop
  endfacet
  facet normal -0.651465 0.571317 0.499189
    outer loop
      vertex -16.4854 8.12968 6.9403
      vertex -16.6 7.5536 7.45006
      vertex -16.2773 7.92157 7.45006
    endloop
  endfacet
  facet normal -0.53658 0.803311 0.258406
    outer loop
      vertex -14.2601 10.5443 5.8279
      vertex -14.6474 10.1027 6.39648
      vertex -14.1839 10.4123 6.39648
    endloop
  endfacet
  facet normal -0.399984 0.768362 0.499633
    outer loop
      vertex -12.8334 10.9319 6.9403
      vertex -13.3208 10.3467 7.45006
      vertex -12.6863 10.677 7.45006
    endloop
  endfacet
  facet normal -0.399919 0.768358 0.499691
    outer loop
      vertex -13.3208 10.3467 7.45006
      vertex -12.8334 10.9319 6.9403
      vertex -13.468 10.6016 6.9403
    endloop
  endfacet
  facet normal -0.0648207 0.989376 0.130128
    outer loop
      vertex -8.06467 12.6641 5.24431
      vertex -8.65078 12.6257 5.24431
      vertex -8.64075 12.5496 5.8279
    endloop
  endfacet
  facet normal -0.0630851 0.96398 0.258384
    outer loop
      vertex -8.06467 12.5873 5.8279
      vertex -8.64075 12.5496 5.8279
      vertex -8.62086 12.3985 6.39648
    endloop
  endfacet
  facet normal -0.0632634 0.964012 0.258221
    outer loop
      vertex -8.06467 12.5873 5.8279
      vertex -8.62086 12.3985 6.39648
      vertex -8.06467 12.435 6.39648
    endloop
  endfacet
  facet normal -0.0647467 0.989371 0.130201
    outer loop
      vertex -8.06467 12.6641 5.24431
      vertex -8.64075 12.5496 5.8279
      vertex -8.06467 12.5873 5.8279
    endloop
  endfacet
  facet normal 0.188418 0.947495 0.258364
    outer loop
      vertex 9.91622 12.3436 5.8279
      vertex 9.34999 12.4562 5.8279
      vertex 9.87679 12.1964 6.39648
    endloop
  endfacet
  facet normal 0.199948 0.902105 0.382397
    outer loop
      vertex 9.87679 12.1964 6.39648
      vertex 10.5169 11.824 6.9403
      vertex 10.5752 12.0416 6.39648
    endloop
  endfacet
  facet normal 0.199948 0.902105 0.382397
    outer loop
      vertex 10.5169 11.824 6.9403
      vertex 9.87679 12.1964 6.39648
      vertex 9.81849 11.9788 6.9403
    endloop
  endfacet
  facet normal 0.0605169 0.922161 0.382043
    outer loop
      vertex 8.06467 12.435 6.39648
      vertex 8.06467 12.2097 6.9403
      vertex 8.62086 12.3985 6.39648
    endloop
  endfacet
  facet normal 0.0421319 0.96509 0.258509
    outer loop
      vertex 8.06467 12.5873 5.8279
      vertex 7.34999 12.4662 6.39648
      vertex 8.06467 12.435 6.39648
    endloop
  endfacet
  facet normal 0.0421319 0.96509 0.258509
    outer loop
      vertex 7.34999 12.4662 6.39648
      vertex 8.06467 12.5873 5.8279
      vertex 7.34999 12.6185 5.8279
    endloop
  endfacet
  facet normal -0.0519144 0.792311 0.607904
    outer loop
      vertex -8.06467 11.9154 7.45006
      vertex -8.55305 11.8834 7.45006
      vertex -8.06467 11.5571 7.91705
    endloop
  endfacet
  facet normal -0.0308521 0.706711 0.70683
    outer loop
      vertex -7.34999 11.5883 7.91705
      vertex -8.06467 11.1408 8.33328
      vertex -7.34999 11.172 8.33328
    endloop
  endfacet
  facet normal -0.0308521 0.706711 0.70683
    outer loop
      vertex -8.06467 11.1408 8.33328
      vertex -7.34999 11.5883 7.91705
      vertex -8.06467 11.5571 7.91705
    endloop
  endfacet
  facet normal -0.169049 0.849824 0.499221
    outer loop
      vertex -9.3007 12.0818 6.9403
      vertex -9.81849 11.9788 6.9403
      vertex -9.74231 11.6945 7.45006
    endloop
  endfacet
  facet normal -0.310592 0.91479 0.258247
    outer loop
      vertex -11.2969 11.9736 5.8279
      vertex -11.7852 11.6473 6.39648
      vertex -11.2574 11.8265 6.39648
    endloop
  endfacet
  facet normal -0.199948 0.902105 0.382397
    outer loop
      vertex -9.87679 12.1964 6.39648
      vertex -10.5169 11.824 6.9403
      vertex -9.81849 11.9788 6.9403
    endloop
  endfacet
  facet normal -0.199948 0.902105 0.382397
    outer loop
      vertex -10.5169 11.824 6.9403
      vertex -9.87679 12.1964 6.39648
      vertex -10.5752 12.0416 6.39648
    endloop
  endfacet
  facet normal 0.0437539 0.999042 -0
    outer loop
      vertex 8.06467 12.6641 5.05
      vertex 7.34999 12.6954 5.24431
      vertex 8.06467 12.6641 5.24431
    endloop
  endfacet
  facet normal 0.0437539 0.999042 0
    outer loop
      vertex 7.34999 12.6954 5.24431
      vertex 8.06467 12.6641 5.05
      vertex 7.34999 12.6954 5.05
    endloop
  endfacet
  facet normal 0.12325 -0.363019 0.923595
    outer loop
      vertex 10.7081 -9.04683 9.21118
      vertex 10.6697 -9.63295 8.98593
      vertex 10.9162 -9.54926 8.98593
    endloop
  endfacet
  facet normal 0.103578 -0.786536 0.608796
    outer loop
      vertex 8.55305 -11.8834 7.45006
      vertex 9.21552 -11.4347 7.91705
      vertex 8.50627 -11.5281 7.91705
    endloop
  endfacet
  facet normal 0.103579 -0.786537 0.608795
    outer loop
      vertex 9.21552 -11.4347 7.91705
      vertex 8.55305 -11.8834 7.45006
      vertex 9.26229 -11.79 7.45006
    endloop
  endfacet
  facet normal 0.0397376 -0.608268 0.792736
    outer loop
      vertex 8.06467 -10.6738 8.69161
      vertex 8.06467 -11.1408 8.33328
      vertex 8.45194 -11.1155 8.33328
    endloop
  endfacet
  facet normal 0.0397049 -0.608287 0.792724
    outer loop
      vertex 8.39099 -10.6525 8.69161
      vertex 8.06467 -10.6738 8.69161
      vertex 8.45194 -11.1155 8.33328
    endloop
  endfacet
  facet normal 0.0218252 -0.499938 0.865786
    outer loop
      vertex 7.34999 -10.1953 8.98593
      vertex 8.06467 -10.6738 8.69161
      vertex 8.06467 -10.1641 8.98593
    endloop
  endfacet
  facet normal 0.0218919 -0.499863 0.865828
    outer loop
      vertex 8.06467 -10.6738 8.69161
      vertex 7.34999 -10.1953 8.98593
      vertex 7.34999 -10.7051 8.69161
    endloop
  endfacet
  facet normal 0.188418 -0.947495 0.258364
    outer loop
      vertex 9.87679 -12.1964 6.39648
      vertex 9.34999 -12.4562 5.8279
      vertex 9.91622 -12.3436 5.8279
    endloop
  endfacet
  facet normal 0.193379 -0.972443 0.130228
    outer loop
      vertex 9.91622 -12.3436 5.8279
      vertex 9.34999 -12.4562 5.8279
      vertex 9.9361 -12.4178 5.24431
    endloop
  endfacet
  facet normal 0.0647467 -0.989371 0.130201
    outer loop
      vertex 8.06467 -12.5873 5.8279
      vertex 8.06467 -12.6641 5.24431
      vertex 8.64075 -12.5496 5.8279
    endloop
  endfacet
  facet normal 0.0648207 -0.989376 0.130128
    outer loop
      vertex 8.64075 -12.5496 5.8279
      vertex 8.06467 -12.6641 5.24431
      vertex 8.65078 -12.6257 5.24431
    endloop
  endfacet
  facet normal -0.115161 0.365259 0.923755
    outer loop
      vertex -10.6697 9.63295 8.98593
      vertex -9.84668 9.32277 9.21118
      vertex -9.98743 9.84806 8.98593
    endloop
  endfacet
  facet normal -0.115169 0.365242 0.923761
    outer loop
      vertex -9.84668 9.32277 9.21118
      vertex -10.6697 9.63295 8.98593
      vertex -10.5289 9.10765 9.21118
    endloop
  endfacet
  facet normal -0.123207 0.363018 0.9236
    outer loop
      vertex -10.6697 9.63295 8.98593
      vertex -10.7081 9.04683 9.21118
      vertex -10.5289 9.10765 9.21118
    endloop
  endfacet
  facet normal -0.0748024 0.375998 0.923596
    outer loop
      vertex -8.96271 9.51452 9.21118
      vertex -9.28904 10.0029 8.98593
      vertex -9.14829 9.4776 9.21118
    endloop
  endfacet
  facet normal -0.150518 0.477152 0.865835
    outer loop
      vertex -10.8016 10.1253 8.69161
      vertex -9.98743 9.84806 8.98593
      vertex -10.1194 10.3405 8.69161
    endloop
  endfacet
  facet normal -0.150469 0.477247 0.865791
    outer loop
      vertex -9.98743 9.84806 8.98593
      vertex -10.8016 10.1253 8.69161
      vertex -10.6697 9.63295 8.98593
    endloop
  endfacet
  facet normal -0.0250334 0.38254 0.9236
    outer loop
      vertex -8.06467 10.1641 8.98593
      vertex -8.32445 10.1471 8.98593
      vertex -8.06467 9.62026 9.21118
    endloop
  endfacet
  facet normal -0.0326209 0.499759 0.86555
    outer loop
      vertex -8.06467 10.6738 8.69161
      vertex -8.39099 10.6525 8.69161
      vertex -8.32445 10.1471 8.98593
    endloop
  endfacet
  facet normal -0.0506023 0.254355 0.965786
    outer loop
      vertex -8.96271 9.51452 9.21118
      vertex -9.14829 9.4776 9.21118
      vertex -8.8885 8.95081 9.36353
    endloop
  endfacet
  facet normal -0.103578 0.786536 0.608796
    outer loop
      vertex -8.55305 11.8834 7.45006
      vertex -9.21552 11.4347 7.91705
      vertex -8.50627 11.5281 7.91705
    endloop
  endfacet
  facet normal -0.103579 0.786537 0.608795
    outer loop
      vertex -9.21552 11.4347 7.91705
      vertex -8.55305 11.8834 7.45006
      vertex -9.26229 11.79 7.45006
    endloop
  endfacet
  facet normal -0.118923 0.59786 0.79273
    outer loop
      vertex -9.16119 11.0221 8.33328
      vertex -9.42097 10.4953 8.69161
      vertex -9.10023 10.5591 8.69161
    endloop
  endfacet
  facet normal -0.213047 0.318745 0.923587
    outer loop
      vertex -13.0485 8.44568 8.98593
      vertex -13.2649 8.30104 8.98593
      vertex -12.9339 7.8696 9.21118
    endloop
  endfacet
  facet normal -0.160954 0.474285 0.865533
    outer loop
      vertex -10.8016 10.1253 8.69161
      vertex -11.1113 10.0202 8.69161
      vertex -10.6697 9.63295 8.98593
    endloop
  endfacet
  facet normal -0.176841 0.339709 0.923756
    outer loop
      vertex -11.8106 9.16036 8.98593
      vertex -12.1732 8.35909 9.21118
      vertex -11.5387 8.68939 9.21118
    endloop
  endfacet
  facet normal -0.176848 0.339711 0.923754
    outer loop
      vertex -12.1732 8.35909 9.21118
      vertex -11.8106 9.16036 8.98593
      vertex -12.4451 8.83005 8.98593
    endloop
  endfacet
  facet normal -0.330255 0.376506 0.865549
    outer loop
      vertex -13.8325 7.86557 8.98593
      vertex -14.1428 8.27 8.69161
      vertex -14.0282 7.69391 8.98593
    endloop
  endfacet
  facet normal -0.401905 0.458324 0.792724
    outer loop
      vertex -14.1428 8.27 8.69161
      vertex -14.7189 8.38459 8.33328
      vertex -14.3887 8.05437 8.69161
    endloop
  endfacet
  facet normal -0.380084 0.596688 0.706753
    outer loop
      vertex -13.745 9.65204 7.91705
      vertex -12.9335 9.67595 8.33328
      vertex -13.1416 10.0364 7.91705
    endloop
  endfacet
  facet normal -0.380109 0.596611 0.706804
    outer loop
      vertex -12.9335 9.67595 8.33328
      vertex -13.745 9.65204 7.91705
      vertex -13.5368 9.29158 8.33328
    endloop
  endfacet
  facet normal -0.338575 0.506893 0.792733
    outer loop
      vertex -13.5368 9.29158 8.33328
      vertex -13.5753 8.70547 8.69161
      vertex -13.3033 8.88715 8.69161
    endloop
  endfacet
  facet normal -0.482902 0.629423 0.608796
    outer loop
      vertex -14.3311 9.69045 7.45006
      vertex -14.6805 8.9707 7.91705
      vertex -14.1129 9.40617 7.91705
    endloop
  endfacet
  facet normal -0.482986 0.629422 0.608731
    outer loop
      vertex -14.6805 8.9707 7.91705
      vertex -14.3311 9.69045 7.45006
      vertex -14.8986 9.25498 7.45006
    endloop
  endfacet
  facet normal -0.40191 0.458312 0.792729
    outer loop
      vertex -14.4271 8.64048 8.33328
      vertex -14.7189 8.38459 8.33328
      vertex -14.1428 8.27 8.69161
    endloop
  endfacet
  facet normal -0.446057 0.856867 0.258479
    outer loop
      vertex -13.0222 11.2589 5.8279
      vertex -13.5806 10.7967 6.39648
      vertex -12.9461 11.127 6.39648
    endloop
  endfacet
  facet normal -0.445993 0.856879 0.258551
    outer loop
      vertex -13.5806 10.7967 6.39648
      vertex -13.0222 11.2589 5.8279
      vertex -13.6568 10.9286 5.8279
    endloop
  endfacet
  facet normal -0.457744 0.879457 0.130484
    outer loop
      vertex -13.0606 11.3255 5.24431
      vertex -13.6568 10.9286 5.8279
      vertex -13.0222 11.2589 5.8279
    endloop
  endfacet
  facet normal -0.457744 0.879457 0.130484
    outer loop
      vertex -13.6568 10.9286 5.8279
      vertex -13.0606 11.3255 5.24431
      vertex -13.6952 10.9952 5.24431
    endloop
  endfacet
  facet normal -0.513324 0.768494 0.381989
    outer loop
      vertex -14.1839 10.4123 6.39648
      vertex -14.6474 10.1027 6.39648
      vertex -14.0713 10.2172 6.9403
    endloop
  endfacet
  facet normal 0.131917 0.59474 0.793021
    outer loop
      vertex 9.54184 10.9464 8.33328
      vertex 10.1194 10.3405 8.69161
      vertex 10.2402 10.7915 8.33328
    endloop
  endfacet
  facet normal 0.131803 0.594673 0.79309
    outer loop
      vertex 10.1194 10.3405 8.69161
      vertex 9.54184 10.9464 8.33328
      vertex 9.42097 10.4953 8.69161
    endloop
  endfacet
  facet normal 0.118895 0.597853 0.792739
    outer loop
      vertex 9.54184 10.9464 8.33328
      vertex 9.16119 11.0221 8.33328
      vertex 9.42097 10.4953 8.69161
    endloop
  endfacet
  facet normal 0.0977211 0.491183 0.865558
    outer loop
      vertex 9.42097 10.4953 8.69161
      vertex 9.0337 10.0537 8.98593
      vertex 9.28904 10.0029 8.98593
    endloop
  endfacet
  facet normal 0.0652831 0.495732 0.866018
    outer loop
      vertex 8.39099 10.6525 8.69161
      vertex 9.0337 10.0537 8.98593
      vertex 9.10023 10.5591 8.69161
    endloop
  endfacet
  facet normal 0.0652821 0.495732 0.866019
    outer loop
      vertex 9.0337 10.0537 8.98593
      vertex 8.39099 10.6525 8.69161
      vertex 8.32445 10.1471 8.98593
    endloop
  endfacet
  facet normal 0.0499611 0.379389 0.923887
    outer loop
      vertex 8.32445 10.1471 8.98593
      vertex 8.96271 9.51452 9.21118
      vertex 9.0337 10.0537 8.98593
    endloop
  endfacet
  facet normal 0.0499378 0.379369 0.923897
    outer loop
      vertex 8.96271 9.51452 9.21118
      vertex 8.32445 10.1471 8.98593
      vertex 8.25347 9.60788 9.21118
    endloop
  endfacet
  facet normal 0.103579 0.786537 0.608795
    outer loop
      vertex 8.55305 11.8834 7.45006
      vertex 9.21552 11.4347 7.91705
      vertex 9.26229 11.79 7.45006
    endloop
  endfacet
  facet normal 0.103578 0.786536 0.608796
    outer loop
      vertex 9.21552 11.4347 7.91705
      vertex 8.55305 11.8834 7.45006
      vertex 8.50627 11.5281 7.91705
    endloop
  endfacet
  facet normal -0 0.130524 0.991445
    outer loop
      vertex -7.34999 9.08289 9.36353
      vertex 7.34999 8.4993 9.44036
      vertex 7.34999 9.08289 9.36353
    endloop
  endfacet
  facet normal 0 0.130524 0.991445
    outer loop
      vertex 7.34999 8.4993 9.44036
      vertex -7.34999 9.08289 9.36353
      vertex -7.34999 8.4993 9.44036
    endloop
  endfacet
  facet normal 0.00856312 0.13052 0.991409
    outer loop
      vertex 8.06467 9.05169 9.36353
      vertex 8.06467 8.4681 9.44036
      vertex 8.10308 8.46558 9.44036
    endloop
  endfacet
  facet normal -0.215644 0.144064 0.965786
    outer loop
      vertex -15.2146 5.58887 9.21118
      vertex -15.3197 5.43155 9.21118
      vertex -14.8273 5.14727 9.36353
    endloop
  endfacet
  facet normal -0.232973 0.303608 0.923875
    outer loop
      vertex -13.2649 8.30104 8.98593
      vertex -13.5014 7.43413 9.21118
      vertex -12.9339 7.8696 9.21118
    endloop
  endfacet
  facet normal -0.232925 0.303599 0.92389
    outer loop
      vertex -13.5014 7.43413 9.21118
      vertex -13.2649 8.30104 8.98593
      vertex -13.8325 7.86557 8.98593
    endloop
  endfacet
  facet normal -0.0505878 0.254362 0.965785
    outer loop
      vertex -8.8885 8.95081 9.36353
      vertex -9.14829 9.4776 9.21118
      vertex -9.00113 8.92841 9.36353
    endloop
  endfacet
  facet normal -0.175005 0.190977 0.965868
    outer loop
      vertex -13.6437 7.30937 9.21118
      vertex -13.769 6.42404 9.36353
      vertex -13.2416 6.90733 9.36353
    endloop
  endfacet
  facet normal -0.175005 0.190977 0.965868
    outer loop
      vertex -13.769 6.42404 9.36353
      vertex -13.6437 7.30937 9.21118
      vertex -14.1711 6.82608 9.21118
    endloop
  endfacet
  facet normal 0.00569807 0.130522 0.991429
    outer loop
      vertex 7.34999 8.4993 9.44036
      vertex 8.06467 9.05169 9.36353
      vertex 7.34999 9.08289 9.36353
    endloop
  endfacet
  facet normal 0.00569807 0.130522 0.991429
    outer loop
      vertex 8.06467 9.05169 9.36353
      vertex 7.34999 8.4993 9.44036
      vertex 8.06467 8.4681 9.44036
    endloop
  endfacet
  facet normal -0.0337823 0.256611 0.965924
    outer loop
      vertex -8.25347 9.60788 9.21118
      vertex -8.8885 8.95081 9.36353
      vertex -8.17926 9.04418 9.36353
    endloop
  endfacet
  facet normal -0.0337782 0.256607 0.965925
    outer loop
      vertex -8.8885 8.95081 9.36353
      vertex -8.25347 9.60788 9.21118
      vertex -8.96271 9.51452 9.21118
    endloop
  endfacet
  facet normal 0.146438 0.353544 0.923884
    outer loop
      vertex 10.7081 9.04683 9.21118
      vertex 11.05 9.49384 8.98593
      vertex 10.9162 9.54926 8.98593
    endloop
  endfacet
  facet normal 0.146442 0.353541 0.923885
    outer loop
      vertex 11.05 9.49384 8.98593
      vertex 10.7081 9.04683 9.21118
      vertex 11.05 8.90521 9.21118
    endloop
  endfacet
  facet normal -0.0963293 0.0882711 0.991428
    outer loop
      vertex -14.2523 5.89662 9.36353
      vertex -13.3564 6.01138 9.44036
      vertex -13.769 6.42404 9.36353
    endloop
  endfacet
  facet normal -0.0963293 0.0882711 0.991428
    outer loop
      vertex -13.3564 6.01138 9.44036
      vertex -14.2523 5.89662 9.36353
      vertex -13.8397 5.48396 9.44036
    endloop
  endfacet
  facet normal 0.0632634 -0.964012 0.258221
    outer loop
      vertex 8.06467 -12.435 6.39648
      vertex 8.06467 -12.5873 5.8279
      vertex 8.62086 -12.3985 6.39648
    endloop
  endfacet
  facet normal 0.169074 -0.849829 0.499204
    outer loop
      vertex 9.74231 -11.6945 7.45006
      vertex 9.26229 -11.79 7.45006
      vertex 9.3007 -12.0818 6.9403
    endloop
  endfacet
  facet normal 0.034615 -0.792906 0.60836
    outer loop
      vertex 7.34999 -11.9466 7.45006
      vertex 8.06467 -11.5571 7.91705
      vertex 7.34999 -11.5883 7.91705
    endloop
  endfacet
  facet normal 0.034615 -0.792906 0.60836
    outer loop
      vertex 8.06467 -11.5571 7.91705
      vertex 7.34999 -11.9466 7.45006
      vertex 8.06467 -11.9154 7.45006
    endloop
  endfacet
  facet normal -0.0437539 -0.999042 0
    outer loop
      vertex -8.06467 -12.6641 5.05
      vertex -7.34999 -12.6954 5.24431
      vertex -8.06467 -12.6641 5.24431
    endloop
  endfacet
  facet normal -0.0437539 -0.999042 -0
    outer loop
      vertex -7.34999 -12.6954 5.24431
      vertex -8.06467 -12.6641 5.05
      vertex -7.34999 -12.6954 5.05
    endloop
  endfacet
  facet normal -0.0218252 -0.499938 0.865786
    outer loop
      vertex -8.06467 -10.6738 8.69161
      vertex -7.34999 -10.1953 8.98593
      vertex -8.06467 -10.1641 8.98593
    endloop
  endfacet
  facet normal -0.0218919 -0.499863 0.865828
    outer loop
      vertex -7.34999 -10.1953 8.98593
      vertex -8.06467 -10.6738 8.69161
      vertex -7.34999 -10.7051 8.69161
    endloop
  endfacet
  facet normal -0.187444 -0.84569 0.499672
    outer loop
      vertex -9.81849 -11.9788 6.9403
      vertex -10.4407 -11.5397 7.45006
      vertex -10.5169 -11.824 6.9403
    endloop
  endfacet
  facet normal -0.18745 -0.845692 0.499667
    outer loop
      vertex -10.4407 -11.5397 7.45006
      vertex -9.81849 -11.9788 6.9403
      vertex -9.74231 -11.6945 7.45006
    endloop
  endfacet
  facet normal -0.11307 -0.858607 0.500009
    outer loop
      vertex -8.59146 -12.1752 6.9403
      vertex -9.26229 -11.79 7.45006
      vertex -9.3007 -12.0818 6.9403
    endloop
  endfacet
  facet normal -0.11307 -0.858607 0.500009
    outer loop
      vertex -9.26229 -11.79 7.45006
      vertex -8.59146 -12.1752 6.9403
      vertex -8.55305 -11.8834 7.45006
    endloop
  endfacet
  facet normal -0.416314 -0.278286 0.865586
    outer loop
      vertex -15.7907 -5.70346 8.98593
      vertex -16.0505 -6.23026 8.69161
      vertex -15.646 -5.91993 8.98593
    endloop
  endfacet
  facet normal -0.458333 0.401906 0.792719
    outer loop
      vertex -15.3994 7.04366 8.69161
      vertex -15.7296 7.37387 8.33328
      vertex -15.615 6.79779 8.69161
    endloop
  endfacet
  facet normal -0.343806 0.169573 0.923603
    outer loop
      vertex -16.0344 4.1937 9.21118
      vertex -16.5054 4.46561 8.98593
      vertex -16.1181 4.024 9.21118
    endloop
  endfacet
  facet normal -0.546701 0.269716 0.792699
    outer loop
      vertex -16.9468 4.72049 8.69161
      vertex -17.5229 4.6059 8.33328
      vertex -17.0915 4.42719 8.69161
    endloop
  endfacet
  facet normal -0.422003 0.268806 0.865827
    outer loop
      vertex -16.2322 5.95835 8.69161
      vertex -16.175 5.10014 8.98593
      vertex -15.7907 5.70346 8.98593
    endloop
  endfacet
  facet normal -0.422003 0.268806 0.865827
    outer loop
      vertex -16.175 5.10014 8.98593
      vertex -16.2322 5.95835 8.69161
      vertex -16.6165 5.35503 8.69161
    endloop
  endfacet
  facet normal -0.449094 0.411526 0.79307
    outer loop
      vertex -15.7296 7.37387 8.33328
      vertex -14.9161 7.57108 8.69161
      vertex -15.2463 7.90129 8.33328
    endloop
  endfacet
  facet normal -0.449094 0.411526 0.79307
    outer loop
      vertex -14.9161 7.57108 8.69161
      vertex -15.7296 7.37387 8.33328
      vertex -15.3994 7.04366 8.69161
    endloop
  endfacet
  facet normal -0.0833528 -0.245591 0.965783
    outer loop
      vertex -10.3818 -8.55846 9.36353
      vertex -10.7081 -9.04683 9.21118
      vertex -10.5289 -9.10765 9.21118
    endloop
  endfacet
  facet normal -0.0828919 -0.373899 0.923758
    outer loop
      vertex -9.84668 -9.32277 9.21118
      vertex -9.28904 -10.0029 8.98593
      vertex -9.14829 -9.4776 9.21118
    endloop
  endfacet
  facet normal -0.0828982 -0.373904 0.923755
    outer loop
      vertex -9.28904 -10.0029 8.98593
      vertex -9.84668 -9.32277 9.21118
      vertex -9.98743 -9.84806 8.98593
    endloop
  endfacet
  facet normal 0.0576836 0.117412 0.991407
    outer loop
      vertex 10.9281 7.70862 9.44036
      vertex 11.05 7.84294 9.41736
      vertex 11.05 7.89107 9.41166
    endloop
  endfacet
  facet normal 0.057873 0.117241 0.991416
    outer loop
      vertex 11.05 7.84294 9.41736
      vertex 10.9281 7.70862 9.44036
      vertex 10.9626 7.69159 9.44036
    endloop
  endfacet
  facet normal 0.0392845 0.124602 0.991429
    outer loop
      vertex 9.54848 8.20987 9.44036
      vertex 10.3818 8.55846 9.36353
      vertex 9.69952 8.77357 9.36353
    endloop
  endfacet
  facet normal 0.0392876 0.124595 0.99143
    outer loop
      vertex 10.3818 8.55846 9.36353
      vertex 9.54848 8.20987 9.44036
      vertex 10.2307 7.99475 9.44036
    endloop
  endfacet
  facet normal -0.382526 -0.0251233 0.923603
    outer loop
      vertex -16.9653 -0.719666 9.21118
      vertex -17.4921 -0.979451 8.98593
      vertex -16.9529 -0.908468 9.21118
    endloop
  endfacet
  facet normal -0.338575 -0.506893 0.792733
    outer loop
      vertex -13.3033 -8.88715 8.69161
      vertex -13.5753 -8.70547 8.69161
      vertex -13.5368 -9.29158 8.33328
    endloop
  endfacet
  facet normal -0.117355 -0.0577768 0.991408
    outer loop
      vertex -15.0536 -3.58309 9.44036
      vertex -15.542 -3.90941 9.36353
      vertex -15.0366 -3.61762 9.44036
    endloop
  endfacet
  facet normal -0.129406 0.0170416 0.991445
    outer loop
      vertex -16.2958 1.5435 9.36353
      vertex -15.8106 0.75808 9.44036
      vertex -15.7172 1.46732 9.44036
    endloop
  endfacet
  facet normal -0.129406 0.0170415 0.991445
    outer loop
      vertex -15.8106 0.75808 9.44036
      vertex -16.2958 1.5435 9.36353
      vertex -16.3892 0.834255 9.36353
    endloop
  endfacet
  facet normal -0.130517 0.00849413 0.99141
    outer loop
      vertex -15.8106 0.75808 9.44036
      vertex -16.3967 0.719666 9.36353
      vertex -15.8131 0.719666 9.44036
    endloop
  endfacet
  facet normal -0.130522 0 0.991445
    outer loop
      vertex -16.4279 0.00498962 9.36353
      vertex -15.8443 -0.00498962 9.44036
      vertex -15.8443 0.00498962 9.44036
    endloop
  endfacet
  facet normal -0.130522 0 0.991445
    outer loop
      vertex -15.8443 -0.00498962 9.44036
      vertex -16.4279 0.00498962 9.36353
      vertex -16.4279 -0.00498962 9.36353
    endloop
  endfacet
  facet normal 0.131917 -0.59474 0.793021
    outer loop
      vertex 10.1194 -10.3405 8.69161
      vertex 9.54184 -10.9464 8.33328
      vertex 10.2402 -10.7915 8.33328
    endloop
  endfacet
  facet normal 0.131803 -0.594673 0.79309
    outer loop
      vertex 9.54184 -10.9464 8.33328
      vertex 10.1194 -10.3405 8.69161
      vertex 9.42097 -10.4953 8.69161
    endloop
  endfacet
  facet normal -0.379378 -0.0499602 0.923892
    outer loop
      vertex -16.9529 -0.908468 9.21118
      vertex -17.3987 -1.68869 8.98593
      vertex -16.8595 -1.61771 9.21118
    endloop
  endfacet
  facet normal -0.379378 -0.0499604 0.923892
    outer loop
      vertex -17.3987 -1.68869 8.98593
      vertex -16.9529 -0.908468 9.21118
      vertex -17.4921 -0.979451 8.98593
    endloop
  endfacet
  facet normal -0.123837 -0.0421283 0.991408
    outer loop
      vertex -15.3398 -2.88573 9.44036
      vertex -15.9035 -3.03677 9.36353
      vertex -15.3274 -2.92218 9.44036
    endloop
  endfacet
  facet normal -0.382564 0.0250345 0.92359
    outer loop
      vertex -17.4921 0.979451 8.98593
      vertex -17.5091 0.719666 8.98593
      vertex -16.9653 0.719666 9.21118
    endloop
  endfacet
  facet normal 0.0833528 0.245591 0.965783
    outer loop
      vertex 10.5289 9.10765 9.21118
      vertex 10.3818 8.55846 9.36353
      vertex 10.7081 9.04683 9.21118
    endloop
  endfacet
  facet normal -0.382564 -0.0250345 0.92359
    outer loop
      vertex -16.9653 -0.719666 9.21118
      vertex -17.5091 -0.719666 8.98593
      vertex -17.4921 -0.979451 8.98593
    endloop
  endfacet
  facet normal -0.0882713 -0.0963279 0.991428
    outer loop
      vertex -13.3564 -6.01138 9.44036
      vertex -13.2416 -6.90733 9.36353
      vertex -12.829 -6.49467 9.44036
    endloop
  endfacet
  facet normal -0.0882713 -0.0963279 0.991428
    outer loop
      vertex -13.2416 -6.90733 9.36353
      vertex -13.3564 -6.01138 9.44036
      vertex -13.769 -6.42404 9.36353
    endloop
  endfacet
  facet normal -0.0982975 -0.0862978 0.991408
    outer loop
      vertex -13.8651 -5.45502 9.44036
      vertex -14.3281 -5.81028 9.36353
      vertex -14.2523 -5.89662 9.36353
    endloop
  endfacet
  facet normal -0.532205 -0.466744 0.706334
    outer loop
      vertex -15.9855 -7.08208 8.33328
      vertex -16.3157 -7.33546 7.91705
      vertex -15.7296 -7.37387 8.33328
    endloop
  endfacet
  facet normal -0.594731 0.131909 0.793029
    outer loop
      vertex -18.2914 2.19684 8.33328
      vertex -17.6855 2.77437 8.69161
      vertex -18.1365 2.89523 8.33328
    endloop
  endfacet
  facet normal -0.594672 0.131809 0.79309
    outer loop
      vertex -17.6855 2.77437 8.69161
      vertex -18.2914 2.19684 8.33328
      vertex -17.8403 2.07597 8.69161
    endloop
  endfacet
  facet normal -0.707047 0 0.707166
    outer loop
      vertex -18.9333 -0.00498962 7.91705
      vertex -18.517 0.00498962 8.33328
      vertex -18.9333 0.00498962 7.91705
    endloop
  endfacet
  facet normal -0.707047 0 0.707166
    outer loop
      vertex -18.517 0.00498962 8.33328
      vertex -18.9333 -0.00498962 7.91705
      vertex -18.517 -0.00498962 8.33328
    endloop
  endfacet
  facet normal -0.706294 -0.0461411 0.706413
    outer loop
      vertex -18.4858 -0.719666 8.33328
      vertex -18.9021 -0.719666 7.91705
      vertex -18.4605 -1.10694 8.33328
    endloop
  endfacet
  facet normal -0.879437 0.457777 0.1305
    outer loop
      vertex -18.6705 5.71564 5.24431
      vertex -18.2736 6.31176 5.8279
      vertex -18.3402 6.35018 5.24431
    endloop
  endfacet
  facet normal -0.879435 0.457784 0.130492
    outer loop
      vertex -18.2736 6.31176 5.8279
      vertex -18.6705 5.71564 5.24431
      vertex -18.6039 5.67723 5.8279
    endloop
  endfacet
  facet normal -0.669327 0.426345 0.608466
    outer loop
      vertex -17.6917 5.9758 7.45006
      vertex -16.997 6.39995 7.91705
      vertex -17.3074 6.57912 7.45006
    endloop
  endfacet
  facet normal -0.669337 0.426462 0.608374
    outer loop
      vertex -16.997 6.39995 7.91705
      vertex -17.6917 5.9758 7.45006
      vertex -17.3814 5.79663 7.91705
    endloop
  endfacet
  facet normal -0.562464 0.232934 0.793332
    outer loop
      vertex -17.5229 4.6059 8.33328
      vertex -17.3652 3.76629 8.69161
      vertex -17.0915 4.42719 8.69161
    endloop
  endfacet
  facet normal -0.562364 0.232978 0.79339
    outer loop
      vertex -17.3652 3.76629 8.69161
      vertex -17.5229 4.6059 8.33328
      vertex -17.7967 3.945 8.33328
    endloop
  endfacet
  facet normal -0.540285 0.281326 0.793062
    outer loop
      vertex -17.3513 4.95399 8.33328
      vertex -16.6165 5.35503 8.69161
      vertex -17.0209 5.58852 8.33328
    endloop
  endfacet
  facet normal -0.540255 0.281222 0.79312
    outer loop
      vertex -16.6165 5.35503 8.69161
      vertex -17.3513 4.95399 8.33328
      vertex -16.9468 4.72049 8.69161
    endloop
  endfacet
  facet normal -0.0977058 -0.491194 0.865553
    outer loop
      vertex -9.0337 -10.0537 8.98593
      vertex -9.42097 -10.4953 8.69161
      vertex -9.10023 -10.5591 8.69161
    endloop
  endfacet
  facet normal -0.0794807 -0.603542 0.79336
    outer loop
      vertex -9.10023 -10.5591 8.69161
      vertex -8.45194 -11.1155 8.33328
      vertex -8.39099 -10.6525 8.69161
    endloop
  endfacet
  facet normal -0.0794794 -0.603542 0.79336
    outer loop
      vertex -8.45194 -11.1155 8.33328
      vertex -9.10023 -10.5591 8.69161
      vertex -9.16119 -11.0221 8.33328
    endloop
  endfacet
  facet normal -0.212696 -0.674674 0.706806
    outer loop
      vertex -11.0302 -10.9785 7.91705
      vertex -10.2402 -10.7915 8.33328
      vertex -10.9225 -10.5764 8.33328
    endloop
  endfacet
  facet normal -0.212717 -0.674642 0.706831
    outer loop
      vertex -10.2402 -10.7915 8.33328
      vertex -11.0302 -10.9785 7.91705
      vertex -10.348 -11.1936 7.91705
    endloop
  endfacet
  facet normal -0.108306 -0.488501 0.865815
    outer loop
      vertex -9.98743 -9.84806 8.98593
      vertex -9.42097 -10.4953 8.69161
      vertex -9.28904 -10.0029 8.98593
    endloop
  endfacet
  facet normal -0.108266 -0.488475 0.865835
    outer loop
      vertex -9.42097 -10.4953 8.69161
      vertex -9.98743 -9.84806 8.98593
      vertex -10.1194 -10.3405 8.69161
    endloop
  endfacet
  facet normal -0.0520271 -0.792248 0.607978
    outer loop
      vertex -8.50627 -11.5281 7.91705
      vertex -8.55305 -11.8834 7.45006
      vertex -8.06467 -11.5571 7.91705
    endloop
  endfacet
  facet normal -0.338698 -0.506876 0.792692
    outer loop
      vertex -13.5753 -8.70547 8.69161
      vertex -13.8595 -9.07595 8.33328
      vertex -13.5368 -9.29158 8.33328
    endloop
  endfacet
  facet normal -0.393274 -0.588552 0.706358
    outer loop
      vertex -13.8595 -9.07595 8.33328
      vertex -14.1129 -9.40617 7.91705
      vertex -13.5368 -9.29158 8.33328
    endloop
  endfacet
  facet normal -0.313013 -0.634963 0.706289
    outer loop
      vertex -12.299 -10.0063 8.33328
      vertex -12.5071 -10.3667 7.91705
      vertex -11.9509 -10.1779 8.33328
    endloop
  endfacet
  facet normal -0.269515 -0.546726 0.79275
    outer loop
      vertex -12.0655 -9.60183 8.69161
      vertex -12.299 -10.0063 8.33328
      vertex -11.9509 -10.1779 8.33328
    endloop
  endfacet
  facet normal -0.14644 -0.353543 0.923884
    outer loop
      vertex -11.369 -8.77308 9.21118
      vertex -10.9162 -9.54926 8.98593
      vertex -10.7081 -9.04683 9.21118
    endloop
  endfacet
  facet normal -0.146447 -0.353546 0.923882
    outer loop
      vertex -10.9162 -9.54926 8.98593
      vertex -11.369 -8.77308 9.21118
      vertex -11.5771 -9.2755 8.98593
    endloop
  endfacet
  facet normal -0.169566 -0.343832 0.923594
    outer loop
      vertex -11.5387 -8.68939 9.21118
      vertex -11.8106 -9.16036 8.98593
      vertex -11.369 -8.77308 9.21118
    endloop
  endfacet
  facet normal -0.232928 -0.562388 0.793388
    outer loop
      vertex -11.7722 -9.74647 8.69161
      vertex -11.29 -10.4517 8.33328
      vertex -11.1113 -10.0202 8.69161
    endloop
  endfacet
  facet normal -0.233 -0.562416 0.793347
    outer loop
      vertex -11.29 -10.4517 8.33328
      vertex -11.7722 -9.74647 8.69161
      vertex -11.9509 -10.1779 8.33328
    endloop
  endfacet
  facet normal -0.58802 -0.766337 0.258766
    outer loop
      vertex -14.7401 -10.2235 5.8279
      vertex -15.2149 -9.66719 6.39648
      vertex -15.3076 -9.78805 5.8279
    endloop
  endfacet
  facet normal -0.588084 -0.766314 0.25869
    outer loop
      vertex -15.2149 -9.66719 6.39648
      vertex -14.7401 -10.2235 5.8279
      vertex -14.6474 -10.1027 6.39648
    endloop
  endfacet
  facet normal -0.603578 -0.786541 0.130563
    outer loop
      vertex -14.7869 -10.2845 5.24431
      vertex -15.3076 -9.78805 5.8279
      vertex -15.3544 -9.84901 5.24431
    endloop
  endfacet
  facet normal -0.603539 -0.786562 0.130616
    outer loop
      vertex -15.3076 -9.78805 5.8279
      vertex -14.7869 -10.2845 5.24431
      vertex -14.7401 -10.2235 5.8279
    endloop
  endfacet
  facet normal -0.571291 -0.651488 0.499189
    outer loop
      vertex -15.2666 -8.93228 7.45006
      vertex -15.4747 -9.14039 6.9403
      vertex -14.8986 -9.25498 7.45006
    endloop
  endfacet
  facet normal -0.63696 -0.726355 0.258246
    outer loop
      vertex -15.2149 -9.66719 6.39648
      vertex -15.634 -9.29967 6.39648
      vertex -15.3076 -9.78805 5.8279
    endloop
  endfacet
  facet normal -0.399919 -0.768358 0.499691
    outer loop
      vertex -12.8334 -10.9319 6.9403
      vertex -13.3208 -10.3467 7.45006
      vertex -13.468 -10.6016 6.9403
    endloop
  endfacet
  facet normal -0.399984 -0.768362 0.499633
    outer loop
      vertex -13.3208 -10.3467 7.45006
      vertex -12.8334 -10.9319 6.9403
      vertex -12.6863 -10.677 7.45006
    endloop
  endfacet
  facet normal -0.277855 -0.881232 0.382397
    outer loop
      vertex -10.5752 -12.0416 6.39648
      vertex -11.1991 -11.6089 6.9403
      vertex -11.2574 -11.8265 6.39648
    endloop
  endfacet
  facet normal -0.277855 -0.881232 0.382397
    outer loop
      vertex -11.1991 -11.6089 6.9403
      vertex -10.5752 -12.0416 6.39648
      vertex -10.5169 -11.824 6.9403
    endloop
  endfacet
  facet normal -0.318693 -0.938862 0.130278
    outer loop
      vertex -11.8435 -11.788 5.8279
      vertex -11.8729 -11.859 5.24431
      vertex -11.3167 -12.0478 5.24431
    endloop
  endfacet
  facet normal -0.445993 -0.856879 0.258551
    outer loop
      vertex -13.0222 -11.2589 5.8279
      vertex -13.5806 -10.7967 6.39648
      vertex -13.6568 -10.9286 5.8279
    endloop
  endfacet
  facet normal -0.446057 -0.856867 0.258479
    outer loop
      vertex -13.5806 -10.7967 6.39648
      vertex -13.0222 -11.2589 5.8279
      vertex -12.9461 -11.127 6.39648
    endloop
  endfacet
  facet normal -0.297115 -0.875096 0.382007
    outer loop
      vertex -11.1991 -11.6089 6.9403
      vertex -11.7852 -11.6473 6.39648
      vertex -11.2574 -11.8265 6.39648
    endloop
  endfacet
  facet normal -0.474333 -0.160849 0.865526
    outer loop
      vertex -16.9779 -3.32468 8.98593
      vertex -17.3652 -3.76629 8.69161
      vertex -16.8943 -3.57121 8.98593
    endloop
  endfacet
  facet normal -0.712098 -0.351223 0.607913
    outer loop
      vertex -17.7117 -5.1621 7.91705
      vertex -18.2385 -4.90231 7.45006
      vertex -18.022 -5.34126 7.45006
    endloop
  endfacet
  facet normal -0.820503 -0.278488 0.499218
    outer loop
      vertex -18.6696 -3.77796 7.45006
      vertex -18.9539 -3.85413 6.9403
      vertex -18.5123 -4.24141 7.45006
    endloop
  endfacet
  facet normal -0.401905 -0.458324 0.792724
    outer loop
      vertex -14.3887 -8.05437 8.69161
      vertex -14.7189 -8.38459 8.33328
      vertex -14.1428 -8.27 8.69161
    endloop
  endfacet
  facet normal -0.376531 -0.330175 0.865569
    outer loop
      vertex -15.0389 -6.6832 8.98593
      vertex -15.615 -6.79779 8.69161
      vertex -15.3994 -7.04366 8.69161
    endloop
  endfacet
  facet normal -0.376503 -0.330262 0.865548
    outer loop
      vertex -15.2106 -6.48746 8.98593
      vertex -15.615 -6.79779 8.69161
      vertex -15.0389 -6.6832 8.98593
    endloop
  endfacet
  facet normal -0.59786 -0.118923 0.79273
    outer loop
      vertex -17.9041 -1.75523 8.69161
      vertex -18.3671 -1.81619 8.33328
      vertex -17.8403 -2.07597 8.69161
    endloop
  endfacet
  facet normal -0.597853 -0.118895 0.792739
    outer loop
      vertex -17.8403 -2.07597 8.69161
      vertex -18.3671 -1.81619 8.33328
      vertex -18.2914 -2.19684 8.33328
    endloop
  endfacet
  facet normal -0.792311 0.0519151 0.607904
    outer loop
      vertex -19.2284 1.20804 7.45006
      vertex -19.2604 0.719666 7.45006
      vertex -18.9021 0.719666 7.91705
    endloop
  endfacet
  facet normal -0.77713 0.383247 0.49919
    outer loop
      vertex -18.2769 5.48842 6.9403
      vertex -18.5104 5.01494 6.9403
      vertex -18.2385 4.90231 7.45006
    endloop
  endfacet
  facet normal -0.596936 -0.523505 0.607956
    outer loop
      vertex -16.0239 -7.66819 7.91705
      vertex -16.3157 -7.33546 7.91705
      vertex -16.2773 -7.92157 7.45006
    endloop
  endfacet
  facet normal -0.875128 -0.297072 0.381968
    outer loop
      vertex -18.9539 -3.85413 6.9403
      vertex -18.9923 -4.44024 6.39648
      vertex -18.7842 -4.35404 6.9403
    endloop
  endfacet
  facet normal -0.906426 -0.180312 0.381942
    outer loop
      vertex -19.4268 -1.9557 6.9403
      vertex -19.6501 -1.98511 6.39648
      vertex -19.3238 -2.47348 6.9403
    endloop
  endfacet
  facet normal -0.7121 -0.351098 0.607984
    outer loop
      vertex -17.9074 -4.76518 7.91705
      vertex -18.2385 -4.90231 7.45006
      vertex -17.7117 -5.1621 7.91705
    endloop
  endfacet
  facet normal -0.756924 -0.238643 0.608371
    outer loop
      vertex -18.8847 -3.0957 7.45006
      vertex -18.3235 -3.68521 7.91705
      vertex -18.5386 -3.00296 7.91705
    endloop
  endfacet
  facet normal -0.756923 -0.238639 0.608374
    outer loop
      vertex -18.3235 -3.68521 7.91705
      vertex -18.8847 -3.0957 7.45006
      vertex -18.6696 -3.77796 7.45006
    endloop
  endfacet
  facet normal -0.62752 -0.32675 0.70672
    outer loop
      vertex -17.7117 -5.1621 7.91705
      vertex -17.0209 -5.58852 8.33328
      vertex -17.3513 -4.95399 8.33328
    endloop
  endfacet
  facet normal -0.627495 -0.326638 0.706794
    outer loop
      vertex -17.0209 -5.58852 8.33328
      vertex -17.7117 -5.1621 7.91705
      vertex -17.3814 -5.79663 7.91705
    endloop
  endfacet
  facet normal -0.634956 -0.313018 0.706293
    outer loop
      vertex -17.5229 -4.6059 8.33328
      vertex -17.7117 -5.1621 7.91705
      vertex -17.3513 -4.95399 8.33328
    endloop
  endfacet
  facet normal -0.670286 -0.227435 0.706392
    outer loop
      vertex -17.9214 -3.57749 8.33328
      vertex -18.3235 -3.68521 7.91705
      vertex -17.7967 -3.945 8.33328
    endloop
  endfacet
  facet normal -0.562464 -0.232934 0.793332
    outer loop
      vertex -17.3652 -3.76629 8.69161
      vertex -17.5229 -4.6059 8.33328
      vertex -17.0915 -4.42719 8.69161
    endloop
  endfacet
  facet normal -0.562364 -0.232978 0.79339
    outer loop
      vertex -17.5229 -4.6059 8.33328
      vertex -17.3652 -3.76629 8.69161
      vertex -17.7967 -3.945 8.33328
    endloop
  endfacet
  facet normal -0.906414 -0.180228 0.38201
    outer loop
      vertex -19.3238 -2.47348 6.9403
      vertex -19.6501 -1.98511 6.39648
      vertex -19.5414 -2.53179 6.39648
    endloop
  endfacet
  facet normal -0.967942 -0.214685 0.130381
    outer loop
      vertex -19.7628 -2.5911 5.24431
      vertex -19.5337 -3.26961 5.8279
      vertex -19.6886 -2.57122 5.8279
    endloop
  endfacet
  facet normal -0.967942 -0.214682 0.130385
    outer loop
      vertex -19.5337 -3.26961 5.8279
      vertex -19.7628 -2.5911 5.24431
      vertex -19.6079 -3.2895 5.24431
    endloop
  endfacet
  facet normal -0.94558 -0.298123 0.130386
    outer loop
      vertex -19.6079 -3.2895 5.24431
      vertex -19.3186 -3.95186 5.8279
      vertex -19.5337 -3.26961 5.8279
    endloop
  endfacet
  facet normal -0.94558 -0.298123 0.130386
    outer loop
      vertex -19.3186 -3.95186 5.8279
      vertex -19.6079 -3.2895 5.24431
      vertex -19.3928 -3.97175 5.24431
    endloop
  endfacet
  facet normal -0.828864 -0.40876 0.381968
    outer loop
      vertex -18.5104 -5.01494 6.9403
      vertex -18.7185 -5.10114 6.39648
      vertex -18.2769 -5.48842 6.9403
    endloop
  endfacet
  facet normal -0.93886 -0.318698 0.130278
    outer loop
      vertex -19.133 -4.49854 5.8279
      vertex -19.3928 -3.97175 5.24431
      vertex -19.204 -4.52794 5.24431
    endloop
  endfacet
  facet normal -0.889218 -0.438541 0.130283
    outer loop
      vertex -18.8593 -5.15944 5.8279
      vertex -18.9303 -5.18885 5.24431
      vertex -18.6705 -5.71564 5.24431
    endloop
  endfacet
  facet normal -0.828864 0.40876 0.381968
    outer loop
      vertex -18.2769 5.48842 6.9403
      vertex -18.7185 5.10114 6.39648
      vertex -18.5104 5.01494 6.9403
    endloop
  endfacet
  facet normal -0.675603 -0.737266 0
    outer loop
      vertex -16.3234 -8.97844 5.15
      vertex -15.796 -9.46173 5.24431
      vertex -16.3234 -8.97844 5.24431
    endloop
  endfacet
  facet normal -0.675603 -0.737266 -0
    outer loop
      vertex -15.796 -9.46173 5.24431
      vertex -16.3234 -8.97844 5.15
      vertex -15.796 -9.46173 5.15
    endloop
  endfacet
  facet normal -0.712201 -0.652623 0.258558
    outer loop
      vertex -16.7524 -8.39669 5.8279
      vertex -16.1614 -8.81638 6.39648
      vertex -16.6447 -8.28896 6.39648
    endloop
  endfacet
  facet normal -0.712201 -0.652623 0.258558
    outer loop
      vertex -16.1614 -8.81638 6.39648
      vertex -16.7524 -8.39669 5.8279
      vertex -16.2691 -8.92411 5.8279
    endloop
  endfacet
  facet normal -0.745426 -0.653753 0.130181
    outer loop
      vertex -17.1331 -7.96264 5.8279
      vertex -17.194 -8.00941 5.24431
      vertex -16.8067 -8.45102 5.24431
    endloop
  endfacet
  facet normal -0.828871 -0.408707 0.382011
    outer loop
      vertex -18.2769 -5.48842 6.9403
      vertex -18.7185 -5.10114 6.39648
      vertex -18.472 -5.60105 6.39648
    endloop
  endfacet
  facet normal -0.737456 -0.675396 -0
    outer loop
      vertex -16.75 -8.51293 5.15
      vertex -16.8067 -8.45102 5.05
      vertex -16.75 -8.51293 5.05
    endloop
  endfacet
  facet normal -0.737456 -0.675396 0
    outer loop
      vertex -16.8067 -8.45102 5.05
      vertex -16.75 -8.51293 5.15
      vertex -16.8067 -8.45102 5.24431
    endloop
  endfacet
  facet normal -0.737247 -0.675624 -0
    outer loop
      vertex -16.3234 -8.97844 5.24431
      vertex -16.75 -8.51293 5.15
      vertex -16.3234 -8.97844 5.15
    endloop
  endfacet
  facet normal -0.737271 -0.675597 0.000242921
    outer loop
      vertex -16.75 -8.51293 5.15
      vertex -16.3234 -8.97844 5.24431
      vertex -16.8067 -8.45102 5.24431
    endloop
  endfacet
  facet normal -0.555525 -0.8315 0
    outer loop
      vertex -14.7869 -10.2845 5.15
      vertex -14.2985 -10.6108 5.24431
      vertex -14.7869 -10.2845 5.24431
    endloop
  endfacet
  facet normal -0.555525 -0.8315 -0
    outer loop
      vertex -14.2985 -10.6108 5.24431
      vertex -14.7869 -10.2845 5.15
      vertex -14.2985 -10.6108 5.15
    endloop
  endfacet
  facet normal -0.60879 -0.793332 0
    outer loop
      vertex -15.3544 -9.84901 5.15
      vertex -14.7869 -10.2845 5.24431
      vertex -15.3544 -9.84901 5.24431
    endloop
  endfacet
  facet normal -0.60879 -0.793332 -0
    outer loop
      vertex -14.7869 -10.2845 5.24431
      vertex -15.3544 -9.84901 5.15
      vertex -14.7869 -10.2845 5.15
    endloop
  endfacet
  facet normal -0.774848 0.171747 0.60837
    outer loop
      vertex -19.0395 2.39731 7.45006
      vertex -18.5386 3.00296 7.91705
      vertex -18.8847 3.0957 7.45006
    endloop
  endfacet
  facet normal -0.774848 0.171747 0.60837
    outer loop
      vertex -18.5386 3.00296 7.91705
      vertex -19.0395 2.39731 7.45006
      vertex -18.6934 2.30457 7.91705
    endloop
  endfacet
  facet normal -0.321433 0.946932 0
    outer loop
      vertex -11.3167 12.0478 5.05
      vertex -11.8729 11.859 5.24431
      vertex -11.3167 12.0478 5.24431
    endloop
  endfacet
  facet normal -0.321433 0.946932 0
    outer loop
      vertex -11.8729 11.859 5.24431
      vertex -11.3167 12.0478 5.05
      vertex -11.8729 11.859 5.05
    endloop
  endfacet
  facet normal -0.669837 0.730973 0.130376
    outer loop
      vertex -15.796 9.46173 5.24431
      vertex -16.2691 8.92411 5.8279
      vertex -15.7417 9.4074 5.8279
    endloop
  endfacet
  facet normal -0.669837 0.730973 0.130376
    outer loop
      vertex -16.2691 8.92411 5.8279
      vertex -15.796 9.46173 5.24431
      vertex -16.3234 8.97844 5.24431
    endloop
  endfacet
  facet normal -0.991458 -0.130426 0
    outer loop
      vertex -19.8774 -2.01502 5.05
      vertex -19.9707 -1.30578 5.24431
      vertex -19.9707 -1.30578 5.05
    endloop
  endfacet
  facet normal -0.991458 -0.130426 0
    outer loop
      vertex -19.9707 -1.30578 5.24431
      vertex -19.8774 -2.01502 5.05
      vertex -19.8774 -2.01502 5.24431
    endloop
  endfacet
  facet normal -0.793346 0.608771 0
    outer loop
      vertex -17.6295 7.44187 5.05
      vertex -17.194 8.00941 5.24431
      vertex -17.194 8.00941 5.05
    endloop
  endfacet
  facet normal -0.793346 0.608771 0
    outer loop
      vertex -17.194 8.00941 5.24431
      vertex -17.6295 7.44187 5.05
      vertex -17.6295 7.44187 5.24431
    endloop
  endfacet
  facet normal -0.588657 0.393217 0.706303
    outer loop
      vertex -16.7512 6.76792 7.91705
      vertex -16.997 6.39995 7.91705
      vertex -16.6366 6.19184 8.33328
    endloop
  endfacet
  facet normal -0.416314 0.278286 0.865586
    outer loop
      vertex -15.646 5.91993 8.98593
      vertex -16.0505 6.23026 8.69161
      vertex -15.7907 5.70346 8.98593
    endloop
  endfacet
  facet normal -0.732957 0.562442 0.382666
    outer loop
      vertex -17.4477 7.30236 6.39648
      vertex -16.8335 7.73277 6.9403
      vertex -17.0122 7.86989 6.39648
    endloop
  endfacet
  facet normal -0.732983 0.562323 0.38279
    outer loop
      vertex -16.8335 7.73277 6.9403
      vertex -17.4477 7.30236 6.39648
      vertex -17.2689 7.16523 6.9403
    endloop
  endfacet
  facet normal -0.466708 0.532203 0.706359
    outer loop
      vertex -14.6805 8.9707 7.91705
      vertex -14.7189 8.38459 8.33328
      vertex -14.4271 8.64048 8.33328
    endloop
  endfacet
  facet normal -0.481392 0.720488 0.499159
    outer loop
      vertex -14.0713 10.2172 6.9403
      vertex -14.5102 9.92395 6.9403
      vertex -14.3311 9.69045 7.45006
    endloop
  endfacet
  facet normal -0.596936 0.523505 0.607956
    outer loop
      vertex -16.2773 7.92157 7.45006
      vertex -16.3157 7.33546 7.91705
      vertex -16.0239 7.66819 7.91705
    endloop
  endfacet
  facet normal -0.588084 0.766314 0.25869
    outer loop
      vertex -14.7401 10.2235 5.8279
      vertex -15.2149 9.66719 6.39648
      vertex -14.6474 10.1027 6.39648
    endloop
  endfacet
  facet normal -0.58802 0.766337 0.258766
    outer loop
      vertex -15.2149 9.66719 6.39648
      vertex -14.7401 10.2235 5.8279
      vertex -15.3076 9.78805 5.8279
    endloop
  endfacet
  facet normal -0.638651 0.585226 0.499636
    outer loop
      vertex -16.4854 8.12968 6.9403
      vertex -15.794 8.44899 7.45006
      vertex -16.0021 8.6571 6.9403
    endloop
  endfacet
  facet normal -0.638651 0.585226 0.499636
    outer loop
      vertex -15.794 8.44899 7.45006
      vertex -16.4854 8.12968 6.9403
      vertex -16.2773 7.92157 7.45006
    endloop
  endfacet
  facet normal -0.965947 0 0.258739
    outer loop
      vertex -19.9635 -0.00498962 5.8279
      vertex -19.8112 0.00498962 6.39648
      vertex -19.9635 0.00498962 5.8279
    endloop
  endfacet
  facet normal -0.965947 0 0.258739
    outer loop
      vertex -19.8112 0.00498962 6.39648
      vertex -19.9635 -0.00498962 5.8279
      vertex -19.8112 -0.00498962 6.39648
    endloop
  endfacet
  facet normal -0.195863 0.577224 0.792748
    outer loop
      vertex -10.9225 10.5764 8.33328
      vertex -11.29 10.4517 8.33328
      vertex -10.8016 10.1253 8.69161
    endloop
  endfacet
  facet normal 0.0630851 0.96398 0.258384
    outer loop
      vertex 8.64075 12.5496 5.8279
      vertex 8.06467 12.5873 5.8279
      vertex 8.62086 12.3985 6.39648
    endloop
  endfacet
  facet normal 0.120625 0.915989 0.382641
    outer loop
      vertex 8.62086 12.3985 6.39648
      vertex 9.3007 12.0818 6.9403
      vertex 9.33011 12.3051 6.39648
    endloop
  endfacet
  facet normal 0.120627 0.915989 0.382639
    outer loop
      vertex 9.3007 12.0818 6.9403
      vertex 8.62086 12.3985 6.39648
      vertex 8.59146 12.1752 6.9403
    endloop
  endfacet
  facet normal 0.0632634 0.964012 0.258221
    outer loop
      vertex 8.06467 12.5873 5.8279
      vertex 8.06467 12.435 6.39648
      vertex 8.62086 12.3985 6.39648
    endloop
  endfacet
  facet normal 0.0402989 0.923104 0.382434
    outer loop
      vertex 8.06467 12.435 6.39648
      vertex 7.34999 12.2409 6.9403
      vertex 8.06467 12.2097 6.9403
    endloop
  endfacet
  facet normal 0.0402989 0.923104 0.382434
    outer loop
      vertex 7.34999 12.2409 6.9403
      vertex 8.06467 12.435 6.39648
      vertex 7.34999 12.4662 6.39648
    endloop
  endfacet
  facet normal 0.180228 0.906415 0.382007
    outer loop
      vertex 9.87679 12.1964 6.39648
      vertex 9.33011 12.3051 6.39648
      vertex 9.81849 11.9788 6.9403
    endloop
  endfacet
  facet normal 0.188396 0.947494 0.258383
    outer loop
      vertex 9.34999 12.4562 5.8279
      vertex 9.33011 12.3051 6.39648
      vertex 9.87679 12.1964 6.39648
    endloop
  endfacet
  facet normal 0 0.866045 0.499966
    outer loop
      vertex -2.59771 12.2366 6.94772
      vertex -7.34999 11.9466 7.45006
      vertex 7.34999 11.9466 7.45006
    endloop
  endfacet
  facet normal 0.00045683 0.864167 0.503204
    outer loop
      vertex -7.34999 11.9466 7.45006
      vertex -2.59771 12.2366 6.94772
      vertex -2.65 12.2353 6.95
    endloop
  endfacet
  facet normal -0.000236489 0.86401 0.503475
    outer loop
      vertex 7.34999 11.9466 7.45006
      vertex -2.54581 12.2406 6.94088
      vertex -2.59771 12.2366 6.94772
    endloop
  endfacet
  facet normal -0 0.866033 0.499987
    outer loop
      vertex -2.54316 12.2409 6.9403
      vertex 7.34999 11.9466 7.45006
      vertex 7.34999 12.2409 6.9403
    endloop
  endfacet
  facet normal 0.00221558 0.884049 0.467389
    outer loop
      vertex 7.34999 11.9466 7.45006
      vertex -2.54316 12.2409 6.9403
      vertex -2.54581 12.2406 6.94088
    endloop
  endfacet
  facet normal -0.000191825 0.866812 0.498634
    outer loop
      vertex -2.70229 12.2366 6.94772
      vertex -7.34999 11.9466 7.45006
      vertex -2.65 12.2353 6.95
    endloop
  endfacet
  facet normal 0.000384874 0.864499 0.502635
    outer loop
      vertex -2.75419 12.2406 6.94088
      vertex -7.34999 11.9466 7.45006
      vertex -2.70229 12.2366 6.94772
    endloop
  endfacet
  facet normal -0.00389771 0.880833 0.473412
    outer loop
      vertex -2.75684 12.2409 6.9403
      vertex -7.34999 11.9466 7.45006
      vertex -2.75419 12.2406 6.94088
    endloop
  endfacet
  facet normal 0 0.866033 0.499987
    outer loop
      vertex -7.34999 11.9466 7.45006
      vertex -2.75684 12.2409 6.9403
      vertex -7.34999 12.2409 6.9403
    endloop
  endfacet
  facet normal -0.126109 0.957635 0.258903
    outer loop
      vertex -8.64075 12.5496 5.8279
      vertex -9.33011 12.3051 6.39648
      vertex -8.62086 12.3985 6.39648
    endloop
  endfacet
  facet normal -0.126111 0.957636 0.258901
    outer loop
      vertex -9.33011 12.3051 6.39648
      vertex -8.64075 12.5496 5.8279
      vertex -9.34999 12.4562 5.8279
    endloop
  endfacet
  facet normal -0.11307 0.858607 0.500009
    outer loop
      vertex -8.59146 12.1752 6.9403
      vertex -9.26229 11.79 7.45006
      vertex -8.55305 11.8834 7.45006
    endloop
  endfacet
  facet normal -0.11307 0.858607 0.500009
    outer loop
      vertex -9.26229 11.79 7.45006
      vertex -8.59146 12.1752 6.9403
      vertex -9.3007 12.0818 6.9403
    endloop
  endfacet
  facet normal -0.034615 0.792906 0.60836
    outer loop
      vertex -7.34999 11.9466 7.45006
      vertex -8.06467 11.5571 7.91705
      vertex -7.34999 11.5883 7.91705
    endloop
  endfacet
  facet normal -0.034615 0.792906 0.60836
    outer loop
      vertex -8.06467 11.5571 7.91705
      vertex -7.34999 11.9466 7.45006
      vertex -8.06467 11.9154 7.45006
    endloop
  endfacet
  facet normal -0.154837 0.778761 0.607912
    outer loop
      vertex -9.21552 11.4347 7.91705
      vertex -9.74231 11.6945 7.45006
      vertex -9.64957 11.3484 7.91705
    endloop
  endfacet
  facet normal -0.154922 0.778697 0.607972
    outer loop
      vertex -9.26229 11.79 7.45006
      vertex -9.74231 11.6945 7.45006
      vertex -9.21552 11.4347 7.91705
    endloop
  endfacet
  facet normal -0.188418 0.947495 0.258364
    outer loop
      vertex -9.34999 12.4562 5.8279
      vertex -9.91622 12.3436 5.8279
      vertex -9.87679 12.1964 6.39648
    endloop
  endfacet
  facet normal -0.297115 0.875096 0.382007
    outer loop
      vertex -11.2574 11.8265 6.39648
      vertex -11.7852 11.6473 6.39648
      vertex -11.1991 11.6089 6.9403
    endloop
  endfacet
  facet normal -0.260444 0.826131 0.499676
    outer loop
      vertex -10.5169 11.824 6.9403
      vertex -11.123 11.3246 7.45006
      vertex -10.4407 11.5397 7.45006
    endloop
  endfacet
  facet normal -0.260485 0.826142 0.499637
    outer loop
      vertex -11.123 11.3246 7.45006
      vertex -10.5169 11.824 6.9403
      vertex -11.1991 11.6089 6.9403
    endloop
  endfacet
  facet normal -0.31062 0.914788 0.258222
    outer loop
      vertex -11.2969 11.9736 5.8279
      vertex -11.8435 11.788 5.8279
      vertex -11.7852 11.6473 6.39648
    endloop
  endfacet
  facet normal -0.438584 0.889189 0.130334
    outer loop
      vertex -12.5044 11.5143 5.8279
      vertex -13.0606 11.3255 5.24431
      vertex -13.0222 11.2589 5.8279
    endloop
  endfacet
  facet normal 0.300692 0.953721 -0
    outer loop
      vertex 11.05 12.1319 5.05
      vertex 10.6345 12.2629 5.24431
      vertex 11.05 12.1319 5.24431
    endloop
  endfacet
  facet normal 0.300692 0.953721 0
    outer loop
      vertex 10.6345 12.2629 5.24431
      vertex 11.05 12.1319 5.05
      vertex 10.6345 12.2629 5.05
    endloop
  endfacet
  facet normal 0.209178 0.943095 0.258488
    outer loop
      vertex 9.91622 12.3436 5.8279
      vertex 10.5752 12.0416 6.39648
      vertex 10.6146 12.1887 5.8279
    endloop
  endfacet
  facet normal 0.209031 0.943083 0.258651
    outer loop
      vertex 10.5752 12.0416 6.39648
      vertex 9.91622 12.3436 5.8279
      vertex 9.87679 12.1964 6.39648
    endloop
  endfacet
  facet normal 0.260501 0.826134 0.499641
    outer loop
      vertex 10.5169 11.824 6.9403
      vertex 11.05 11.3476 7.45006
      vertex 11.05 11.6559 6.9403
    endloop
  endfacet
  facet normal 0.260461 0.826126 0.499676
    outer loop
      vertex 11.05 11.3476 7.45006
      vertex 10.5169 11.824 6.9403
      vertex 10.4407 11.5397 7.45006
    endloop
  endfacet
  facet normal 0.183168 0.58101 0.793018
    outer loop
      vertex 10.1194 10.3405 8.69161
      vertex 10.9225 10.5764 8.33328
      vertex 10.2402 10.7915 8.33328
    endloop
  endfacet
  facet normal 0.183239 0.580882 0.793095
    outer loop
      vertex 10.9225 10.5764 8.33328
      vertex 10.1194 10.3405 8.69161
      vertex 10.8016 10.1253 8.69161
    endloop
  endfacet
  facet normal 0.230116 -0.670043 0.705754
    outer loop
      vertex 11.05 -10.9383 7.94876
      vertex 11.0302 -10.9785 7.91705
      vertex 11.05 -10.9717 7.91705
    endloop
  endfacet
  facet normal 0.260461 -0.826126 0.499676
    outer loop
      vertex 10.5169 -11.824 6.9403
      vertex 11.05 -11.3476 7.45006
      vertex 10.4407 -11.5397 7.45006
    endloop
  endfacet
  facet normal 0.260501 -0.826134 0.499641
    outer loop
      vertex 11.05 -11.3476 7.45006
      vertex 10.5169 -11.824 6.9403
      vertex 11.05 -11.6559 6.9403
    endloop
  endfacet
  facet normal 0.195885 -0.577199 0.792761
    outer loop
      vertex 11.05 -10.041 8.69161
      vertex 10.8016 -10.1253 8.69161
      vertex 11.05 -10.2913 8.50937
    endloop
  endfacet
  facet normal 0.146442 -0.353541 0.923885
    outer loop
      vertex 10.7081 -9.04683 9.21118
      vertex 11.05 -9.49384 8.98593
      vertex 11.05 -8.90521 9.21118
    endloop
  endfacet
  facet normal 0.146438 -0.353544 0.923884
    outer loop
      vertex 11.05 -9.49384 8.98593
      vertex 10.7081 -9.04683 9.21118
      vertex 10.9162 -9.54926 8.98593
    endloop
  endfacet
  facet normal 0.13805 -0.694329 0.706293
    outer loop
      vertex 9.64957 -11.3484 7.91705
      vertex 9.16119 -11.0221 8.33328
      vertex 9.21552 -11.4347 7.91705
    endloop
  endfacet
  facet normal 0.154837 -0.778761 0.607912
    outer loop
      vertex 9.64957 -11.3484 7.91705
      vertex 9.21552 -11.4347 7.91705
      vertex 9.74231 -11.6945 7.45006
    endloop
  endfacet
  facet normal 0.0167031 -0.382607 0.92376
    outer loop
      vertex 7.34999 -9.65146 9.21118
      vertex 8.06467 -10.1641 8.98593
      vertex 8.06467 -9.62026 9.21118
    endloop
  endfacet
  facet normal 0.0167031 -0.382607 0.92376
    outer loop
      vertex 8.06467 -10.1641 8.98593
      vertex 7.34999 -9.65146 9.21118
      vertex 7.34999 -10.1953 8.98593
    endloop
  endfacet
  facet normal 0.0266512 -0.608533 0.793081
    outer loop
      vertex 7.34999 -10.7051 8.69161
      vertex 8.06467 -11.1408 8.33328
      vertex 8.06467 -10.6738 8.69161
    endloop
  endfacet
  facet normal 0.0265697 -0.608616 0.79302
    outer loop
      vertex 8.06467 -11.1408 8.33328
      vertex 7.34999 -10.7051 8.69161
      vertex 7.34999 -11.172 8.33328
    endloop
  endfacet
  facet normal 0 -0.38266 0.923889
    outer loop
      vertex -7.34999 -9.65146 9.21118
      vertex 7.34999 -10.1953 8.98593
      vertex 7.34999 -9.65146 9.21118
    endloop
  endfacet
  facet normal 0 -0.38266 0.923889
    outer loop
      vertex 7.34999 -10.1953 8.98593
      vertex -7.34999 -9.65146 9.21118
      vertex -7.34999 -10.1953 8.98593
    endloop
  endfacet
  facet normal -0.255275 0.751832 0.607933
    outer loop
      vertex -11.123 11.3246 7.45006
      vertex -11.4493 10.8362 7.91705
      vertex -11.0302 10.9785 7.91705
    endloop
  endfacet
  facet normal -0.131803 0.594673 0.79309
    outer loop
      vertex -9.54184 10.9464 8.33328
      vertex -10.1194 10.3405 8.69161
      vertex -9.42097 10.4953 8.69161
    endloop
  endfacet
  facet normal -0.131917 0.59474 0.793021
    outer loop
      vertex -10.1194 10.3405 8.69161
      vertex -9.54184 10.9464 8.33328
      vertex -10.2402 10.7915 8.33328
    endloop
  endfacet
  facet normal -0.0265697 0.608616 0.79302
    outer loop
      vertex -8.06467 11.1408 8.33328
      vertex -7.34999 10.7051 8.69161
      vertex -7.34999 11.172 8.33328
    endloop
  endfacet
  facet normal -0.0266512 0.608533 0.793081
    outer loop
      vertex -7.34999 10.7051 8.69161
      vertex -8.06467 11.1408 8.33328
      vertex -8.06467 10.6738 8.69161
    endloop
  endfacet
  facet normal -0.0169603 0.258785 0.965786
    outer loop
      vertex -8.06467 9.62026 9.21118
      vertex -8.17926 9.04418 9.36353
      vertex -8.06467 9.05169 9.36353
    endloop
  endfacet
  facet normal -0.268856 0.421991 0.865818
    outer loop
      vertex -13.3033 8.88715 8.69161
      vertex -12.4451 8.83005 8.98593
      vertex -12.7 9.27152 8.69161
    endloop
  endfacet
  facet normal -0.268844 0.422043 0.865796
    outer loop
      vertex -12.4451 8.83005 8.98593
      vertex -13.3033 8.88715 8.69161
      vertex -13.0485 8.44568 8.98593
    endloop
  endfacet
  facet normal -0.383253 0.777128 0.499189
    outer loop
      vertex -12.2473 10.8935 7.45006
      vertex -12.8334 10.9319 6.9403
      vertex -12.6863 10.677 7.45006
    endloop
  endfacet
  facet normal -0.366462 0.703967 0.608388
    outer loop
      vertex -12.6863 10.677 7.45006
      vertex -13.1416 10.0364 7.91705
      vertex -12.5071 10.3667 7.91705
    endloop
  endfacet
  facet normal -0.366462 0.703967 0.608388
    outer loop
      vertex -13.1416 10.0364 7.91705
      vertex -12.6863 10.677 7.45006
      vertex -13.3208 10.3467 7.45006
    endloop
  endfacet
  facet normal -0.0977058 0.491194 0.865553
    outer loop
      vertex -9.10023 10.5591 8.69161
      vertex -9.42097 10.4953 8.69161
      vertex -9.0337 10.0537 8.98593
    endloop
  endfacet
  facet normal -0.0977211 0.491183 0.865558
    outer loop
      vertex -9.0337 10.0537 8.98593
      vertex -9.42097 10.4953 8.69161
      vertex -9.28904 10.0029 8.98593
    endloop
  endfacet
  facet normal -0.227443 0.67029 0.706386
    outer loop
      vertex -11.0302 10.9785 7.91705
      vertex -11.29 10.4517 8.33328
      vertex -10.9225 10.5764 8.33328
    endloop
  endfacet
  facet normal -0.351185 0.712102 0.607931
    outer loop
      vertex -12.2473 10.8935 7.45006
      vertex -12.6863 10.677 7.45006
      vertex -12.5071 10.3667 7.91705
    endloop
  endfacet
  facet normal -0.191352 0.461954 0.866015
    outer loop
      vertex -11.1113 10.0202 8.69161
      vertex -11.5771 9.2755 8.98593
      vertex -10.9162 9.54926 8.98593
    endloop
  endfacet
  facet normal -0.191326 0.461943 0.866027
    outer loop
      vertex -11.5771 9.2755 8.98593
      vertex -11.1113 10.0202 8.69161
      vertex -11.7722 9.74647 8.69161
    endloop
  endfacet
  facet normal -0.14644 0.353543 0.923884
    outer loop
      vertex -10.9162 9.54926 8.98593
      vertex -11.369 8.77308 9.21118
      vertex -10.7081 9.04683 9.21118
    endloop
  endfacet
  facet normal -0.146447 0.353546 0.923882
    outer loop
      vertex -11.369 8.77308 9.21118
      vertex -10.9162 9.54926 8.98593
      vertex -11.5771 9.2755 8.98593
    endloop
  endfacet
  facet normal -0.327294 0.513714 0.79308
    outer loop
      vertex -13.5368 9.29158 8.33328
      vertex -12.7 9.27152 8.69161
      vertex -12.9335 9.67595 8.33328
    endloop
  endfacet
  facet normal -0.327294 0.513714 0.79308
    outer loop
      vertex -12.7 9.27152 8.69161
      vertex -13.5368 9.29158 8.33328
      vertex -13.3033 8.88715 8.69161
    endloop
  endfacet
  facet normal -0.213015 0.318753 0.923591
    outer loop
      vertex -12.7766 7.97472 9.21118
      vertex -13.0485 8.44568 8.98593
      vertex -12.9339 7.8696 9.21118
    endloop
  endfacet
  facet normal -0.144155 0.215554 0.965793
    outer loop
      vertex -12.4923 7.48232 9.36353
      vertex -12.9339 7.8696 9.21118
      vertex -12.5877 7.41852 9.36353
    endloop
  endfacet
  facet normal -0.304335 0.396676 0.866042
    outer loop
      vertex -13.5753 8.70547 8.69161
      vertex -13.8325 7.86557 8.98593
      vertex -13.2649 8.30104 8.98593
    endloop
  endfacet
  facet normal -0.304396 0.396686 0.866016
    outer loop
      vertex -13.8325 7.86557 8.98593
      vertex -13.5753 8.70547 8.69161
      vertex -14.1428 8.27 8.69161
    endloop
  endfacet
  facet normal -0.477967 0.521581 0.706754
    outer loop
      vertex -15.0132 8.6789 7.91705
      vertex -15.2463 7.90129 8.33328
      vertex -14.7189 8.38459 8.33328
    endloop
  endfacet
  facet normal -0.477958 0.521581 0.70676
    outer loop
      vertex -15.2463 7.90129 8.33328
      vertex -15.0132 8.6789 7.91705
      vertex -15.5406 8.19561 7.91705
    endloop
  endfacet
  facet normal -0.430413 0.561009 0.707116
    outer loop
      vertex -14.1129 9.40617 7.91705
      vertex -14.4271 8.64048 8.33328
      vertex -13.8595 9.07595 8.33328
    endloop
  endfacet
  facet normal -0.430413 0.561009 0.707116
    outer loop
      vertex -14.4271 8.64048 8.33328
      vertex -14.1129 9.40617 7.91705
      vertex -14.6805 8.9707 7.91705
    endloop
  endfacet
  facet normal -0.382619 0.923906 -1.66017e-05
    outer loop
      vertex -11.8729 11.859 5.24431
      vertex -12.4983 11.6 5.15
      vertex -12.5338 11.5853 5.24431
    endloop
  endfacet
  facet normal -0.382621 0.923905 0
    outer loop
      vertex -11.8729 11.859 5.05
      vertex -12.4983 11.6 5.15
      vertex -11.8729 11.859 5.24431
    endloop
  endfacet
  facet normal -0.382621 0.923905 0
    outer loop
      vertex -12.4983 11.6 5.15
      vertex -11.8729 11.859 5.05
      vertex -12.4983 11.6 5.05
    endloop
  endfacet
  facet normal -0.382582 0.923922 0
    outer loop
      vertex -12.5338 11.5853 5.24431
      vertex -12.4983 11.6 5.15
      vertex -12.5338 11.5853 5.15
    endloop
  endfacet
  facet normal -0.55093 0.824335 0.130184
    outer loop
      vertex -14.2985 10.6108 5.24431
      vertex -14.7401 10.2235 5.8279
      vertex -14.2601 10.5443 5.8279
    endloop
  endfacet
  facet normal -0.427191 0.866513 0.258191
    outer loop
      vertex -12.4461 11.3735 6.39648
      vertex -13.0222 11.2589 5.8279
      vertex -12.9461 11.127 6.39648
    endloop
  endfacet
  facet normal 0.0218919 0.499863 0.865828
    outer loop
      vertex 7.34999 10.1953 8.98593
      vertex 8.06467 10.6738 8.69161
      vertex 7.34999 10.7051 8.69161
    endloop
  endfacet
  facet normal 0.0218252 0.499938 0.865786
    outer loop
      vertex 8.06467 10.6738 8.69161
      vertex 7.34999 10.1953 8.98593
      vertex 8.06467 10.1641 8.98593
    endloop
  endfacet
  facet normal 0.0461416 0.706294 0.706413
    outer loop
      vertex 8.06467 11.5571 7.91705
      vertex 8.06467 11.1408 8.33328
      vertex 8.45194 11.1155 8.33328
    endloop
  endfacet
  facet normal -0 0.499983 0.866035
    outer loop
      vertex -7.34999 10.7051 8.69161
      vertex 7.34999 10.1953 8.98593
      vertex 7.34999 10.7051 8.69161
    endloop
  endfacet
  facet normal 0 0.499983 0.866035
    outer loop
      vertex 7.34999 10.1953 8.98593
      vertex -7.34999 10.7051 8.69161
      vertex -7.34999 10.1953 8.98593
    endloop
  endfacet
  facet normal 0.0250334 0.38254 0.9236
    outer loop
      vertex 8.06467 10.1641 8.98593
      vertex 8.06467 9.62026 9.21118
      vertex 8.32445 10.1471 8.98593
    endloop
  endfacet
  facet normal 0.0169603 0.258785 0.965786
    outer loop
      vertex 8.06467 9.62026 9.21118
      vertex 8.06467 9.05169 9.36353
      vertex 8.17926 9.04418 9.36353
    endloop
  endfacet
  facet normal 0.195885 0.577199 0.792761
    outer loop
      vertex 11.05 10.2913 8.50937
      vertex 10.8016 10.1253 8.69161
      vertex 11.05 10.041 8.69161
    endloop
  endfacet
  facet normal 0.0748047 0.375996 0.923597
    outer loop
      vertex 9.0337 10.0537 8.98593
      vertex 8.96271 9.51452 9.21118
      vertex 9.28904 10.0029 8.98593
    endloop
  endfacet
  facet normal 0.0506023 0.254355 0.965786
    outer loop
      vertex 8.96271 9.51452 9.21118
      vertex 8.8885 8.95081 9.36353
      vertex 9.14829 9.4776 9.21118
    endloop
  endfacet
  facet normal -0.205371 -0.157557 0.965918
    outer loop
      vertex -14.7635 -5.24275 9.36353
      vertex -14.7791 -6.15641 9.21118
      vertex -14.3281 -5.81028 9.36353
    endloop
  endfacet
  facet normal -0.20533 -0.157559 0.965927
    outer loop
      vertex -14.7791 -6.15641 9.21118
      vertex -14.7635 -5.24275 9.36353
      vertex -15.2146 -5.58887 9.21118
    endloop
  endfacet
  facet normal 0.0977058 0.491194 0.865553
    outer loop
      vertex 9.10023 10.5591 8.69161
      vertex 9.0337 10.0537 8.98593
      vertex 9.42097 10.4953 8.69161
    endloop
  endfacet
  facet normal 0.0828982 0.373904 0.923755
    outer loop
      vertex 9.28904 10.0029 8.98593
      vertex 9.84668 9.32277 9.21118
      vertex 9.98743 9.84806 8.98593
    endloop
  endfacet
  facet normal 0.0828919 0.373899 0.923758
    outer loop
      vertex 9.84668 9.32277 9.21118
      vertex 9.28904 10.0029 8.98593
      vertex 9.14829 9.4776 9.21118
    endloop
  endfacet
  facet normal 0.0520271 0.792248 0.607978
    outer loop
      vertex 8.55305 11.8834 7.45006
      vertex 8.06467 11.5571 7.91705
      vertex 8.50627 11.5281 7.91705
    endloop
  endfacet
  facet normal 0.11307 0.858607 0.500009
    outer loop
      vertex 8.59146 12.1752 6.9403
      vertex 9.26229 11.79 7.45006
      vertex 9.3007 12.0818 6.9403
    endloop
  endfacet
  facet normal 0.11307 0.858607 0.500009
    outer loop
      vertex 9.26229 11.79 7.45006
      vertex 8.59146 12.1752 6.9403
      vertex 8.55305 11.8834 7.45006
    endloop
  endfacet
  facet normal 0.0282792 -0.12755 0.991429
    outer loop
      vertex 9.54848 -8.20987 9.44036
      vertex 9.00113 -8.92841 9.36353
      vertex 9.69952 -8.77357 9.36353
    endloop
  endfacet
  facet normal 0.0282765 -0.127548 0.991429
    outer loop
      vertex 9.00113 -8.92841 9.36353
      vertex 9.54848 -8.20987 9.44036
      vertex 8.85008 -8.3647 9.44036
    endloop
  endfacet
  facet normal -0.049952 -0.120592 0.991445
    outer loop
      vertex -10.9281 -7.70862 9.44036
      vertex -10.4905 -8.52154 9.36353
      vertex -10.2672 -7.98238 9.44036
    endloop
  endfacet
  facet normal -0.0499497 -0.120591 0.991445
    outer loop
      vertex -10.4905 -8.52154 9.36353
      vertex -10.9281 -7.70862 9.44036
      vertex -11.1514 -8.24779 9.36353
    endloop
  endfacet
  facet normal -0.33018 0.37653 0.865567
    outer loop
      vertex -14.1428 8.27 8.69161
      vertex -14.3887 8.05437 8.69161
      vertex -14.0282 7.69391 8.98593
    endloop
  endfacet
  facet normal -0.506849 0.338695 0.79271
    outer loop
      vertex -16.0505 6.23026 8.69161
      vertex -16.6366 6.19184 8.33328
      vertex -16.2322 5.95835 8.69161
    endloop
  endfacet
  facet normal -0.00855396 0.130519 0.991409
    outer loop
      vertex -8.06467 9.05169 9.36353
      vertex -8.17926 9.04418 9.36353
      vertex -8.10308 8.46558 9.44036
    endloop
  endfacet
  facet normal -0.0112984 0.258806 0.965863
    outer loop
      vertex -8.06467 9.62026 9.21118
      vertex -7.34999 9.08289 9.36353
      vertex -7.34999 9.65146 9.21118
    endloop
  endfacet
  facet normal -0.0112984 0.258806 0.965863
    outer loop
      vertex -7.34999 9.08289 9.36353
      vertex -8.06467 9.62026 9.21118
      vertex -8.06467 9.05169 9.36353
    endloop
  endfacet
  facet normal -0.12829 -0.0254814 0.991409
    outer loop
      vertex -15.7172 -1.46732 9.44036
      vertex -16.2958 -1.5435 9.36353
      vertex -15.7097 -1.50508 9.44036
    endloop
  endfacet
  facet normal -0.0861533 0.0984416 0.991407
    outer loop
      vertex -12.8 6.52005 9.44036
      vertex -13.2416 6.90733 9.36353
      vertex -12.829 6.49467 9.44036
    endloop
  endfacet
  facet normal -0.368888 0.33803 0.865828
    outer loop
      vertex -15.3994 7.04366 8.69161
      vertex -14.5556 7.21062 8.98593
      vertex -14.9161 7.57108 8.69161
    endloop
  endfacet
  facet normal -0.368888 0.33803 0.865828
    outer loop
      vertex -14.5556 7.21062 8.98593
      vertex -15.3994 7.04366 8.69161
      vertex -15.0389 6.6832 8.98593
    endloop
  endfacet
  facet normal -0.10356 0.0794479 0.991445
    outer loop
      vertex -14.3281 5.81028 9.36353
      vertex -14.3005 4.88748 9.44036
      vertex -13.8651 5.45502 9.44036
    endloop
  endfacet
  facet normal -0.103558 0.0794479 0.991445
    outer loop
      vertex -14.3005 4.88748 9.44036
      vertex -14.3281 5.81028 9.36353
      vertex -14.7635 5.24275 9.36353
    endloop
  endfacet
  facet normal -0.379378 0.0499602 0.923892
    outer loop
      vertex -17.3987 1.68869 8.98593
      vertex -16.9529 0.908468 9.21118
      vertex -16.8595 1.61771 9.21118
    endloop
  endfacet
  facet normal -0.379378 0.0499604 0.923892
    outer loop
      vertex -16.9529 0.908468 9.21118
      vertex -17.3987 1.68869 8.98593
      vertex -17.4921 0.979451 8.98593
    endloop
  endfacet
  facet normal 0.126109 -0.957635 0.258903
    outer loop
      vertex 8.64075 -12.5496 5.8279
      vertex 9.33011 -12.3051 6.39648
      vertex 8.62086 -12.3985 6.39648
    endloop
  endfacet
  facet normal 0.126111 -0.957636 0.258901
    outer loop
      vertex 9.33011 -12.3051 6.39648
      vertex 8.64075 -12.5496 5.8279
      vertex 9.34999 -12.4562 5.8279
    endloop
  endfacet
  facet normal -0.260485 -0.826142 0.499637
    outer loop
      vertex -10.5169 -11.824 6.9403
      vertex -11.123 -11.3246 7.45006
      vertex -11.1991 -11.6089 6.9403
    endloop
  endfacet
  facet normal -0.260444 -0.826131 0.499676
    outer loop
      vertex -11.123 -11.3246 7.45006
      vertex -10.5169 -11.824 6.9403
      vertex -10.4407 -11.5397 7.45006
    endloop
  endfacet
  facet normal -0.0566263 -0.864643 0.499185
    outer loop
      vertex -8.06467 -11.9154 7.45006
      vertex -8.59146 -12.1752 6.9403
      vertex -8.06467 -12.2097 6.9403
    endloop
  endfacet
  facet normal -0.0377805 -0.865415 0.49963
    outer loop
      vertex -8.06467 -12.2097 6.9403
      vertex -7.34999 -11.9466 7.45006
      vertex -8.06467 -11.9154 7.45006
    endloop
  endfacet
  facet normal -0.0377805 -0.865415 0.49963
    outer loop
      vertex -7.34999 -11.9466 7.45006
      vertex -8.06467 -12.2097 6.9403
      vertex -7.34999 -12.2409 6.9403
    endloop
  endfacet
  facet normal -0.0420666 0.123853 0.991409
    outer loop
      vertex -10.3818 8.55846 9.36353
      vertex -10.4905 8.52154 9.36353
      vertex -10.2672 7.98238 9.44036
    endloop
  endfacet
  facet normal -0.373903 0.0828767 0.923757
    outer loop
      vertex -17.3479 1.94404 8.98593
      vertex -16.6678 2.50168 9.21118
      vertex -17.1931 2.64243 8.98593
    endloop
  endfacet
  facet normal -0.373902 0.0828753 0.923758
    outer loop
      vertex -16.6678 2.50168 9.21118
      vertex -17.3479 1.94404 8.98593
      vertex -16.8226 1.80328 9.21118
    endloop
  endfacet
  facet normal -0.376503 0.330262 0.865548
    outer loop
      vertex -15.0389 6.6832 8.98593
      vertex -15.615 6.79779 8.69161
      vertex -15.2106 6.48746 8.98593
    endloop
  endfacet
  facet normal -0.108753 0.0726692 0.991409
    outer loop
      vertex -14.7635 5.24275 9.36353
      vertex -14.8273 5.14727 9.36353
      vertex -14.3005 4.88748 9.44036
    endloop
  endfacet
  facet normal -0.577233 0.195861 0.792743
    outer loop
      vertex -17.7967 3.945 8.33328
      vertex -17.9214 3.57749 8.33328
      vertex -17.4703 3.45662 8.69161
    endloop
  endfacet
  facet normal -0.375986 0.0747997 0.923601
    outer loop
      vertex -17.3479 1.94404 8.98593
      vertex -17.3987 1.68869 8.98593
      vertex -16.8595 1.61771 9.21118
    endloop
  endfacet
  facet normal -0.461912 0.191363 0.866036
    outer loop
      vertex -17.0915 4.42719 8.69161
      vertex -16.8943 3.57121 8.98593
      vertex -16.6205 4.23211 8.98593
    endloop
  endfacet
  facet normal -0.462 0.191329 0.865996
    outer loop
      vertex -16.8943 3.57121 8.98593
      vertex -17.0915 4.42719 8.69161
      vertex -17.3652 3.76629 8.69161
    endloop
  endfacet
  facet normal 0.0169603 -0.258785 0.965786
    outer loop
      vertex 8.06467 -9.05169 9.36353
      vertex 8.06467 -9.62026 9.21118
      vertex 8.17926 -9.04418 9.36353
    endloop
  endfacet
  facet normal 0.00855396 -0.130519 0.991409
    outer loop
      vertex 8.10308 -8.46558 9.44036
      vertex 8.06467 -9.05169 9.36353
      vertex 8.17926 -9.04418 9.36353
    endloop
  endfacet
  facet normal -0.0170359 -0.129407 0.991445
    outer loop
      vertex -8.81233 -8.37221 9.44036
      vertex -8.17926 -9.04418 9.36353
      vertex -8.10308 -8.46558 9.44036
    endloop
  endfacet
  facet normal -0.0170362 -0.129407 0.991445
    outer loop
      vertex -8.17926 -9.04418 9.36353
      vertex -8.81233 -8.37221 9.44036
      vertex -8.8885 -8.95081 9.36353
    endloop
  endfacet
  facet normal -0.123207 -0.363018 0.9236
    outer loop
      vertex -10.5289 -9.10765 9.21118
      vertex -10.7081 -9.04683 9.21118
      vertex -10.6697 -9.63295 8.98593
    endloop
  endfacet
  facet normal -0.12325 -0.363019 0.923595
    outer loop
      vertex -10.7081 -9.04683 9.21118
      vertex -10.9162 -9.54926 8.98593
      vertex -10.6697 -9.63295 8.98593
    endloop
  endfacet
  facet normal -0.115169 -0.365242 0.923761
    outer loop
      vertex -10.6697 -9.63295 8.98593
      vertex -9.84668 -9.32277 9.21118
      vertex -10.5289 -9.10765 9.21118
    endloop
  endfacet
  facet normal -0.115161 -0.365259 0.923755
    outer loop
      vertex -9.84668 -9.32277 9.21118
      vertex -10.6697 -9.63295 8.98593
      vertex -9.98743 -9.84806 8.98593
    endloop
  endfacet
  facet normal -0.215644 -0.144064 0.965786
    outer loop
      vertex -14.8273 -5.14727 9.36353
      vertex -15.3197 -5.43155 9.21118
      vertex -15.2146 -5.58887 9.21118
    endloop
  endfacet
  facet normal -0.0578485 -0.117314 0.991409
    outer loop
      vertex -10.9281 -7.70862 9.44036
      vertex -11.2544 -8.197 9.36353
      vertex -11.1514 -8.24779 9.36353
    endloop
  endfacet
  facet normal -0.1173 0.0578587 0.99141
    outer loop
      vertex -15.542 3.90941 9.36353
      vertex -15.5928 3.80642 9.36353
      vertex -15.0536 3.58309 9.44036
    endloop
  endfacet
  facet normal -0.218476 0.1392 0.965863
    outer loop
      vertex -15.3197 5.43155 9.21118
      vertex -15.2117 4.54395 9.36353
      vertex -14.8273 5.14727 9.36353
    endloop
  endfacet
  facet normal -0.218476 0.1392 0.965863
    outer loop
      vertex -15.2117 4.54395 9.36353
      vertex -15.3197 5.43155 9.21118
      vertex -15.7041 4.82823 9.21118
    endloop
  endfacet
  facet normal -0.288264 -0.2527 0.923605
    outer loop
      vertex -14.7791 -6.15641 9.21118
      vertex -15.2106 -6.48746 8.98593
      vertex -14.6544 -6.29866 9.21118
    endloop
  endfacet
  facet normal -0.170959 -0.194994 0.96579
    outer loop
      vertex -13.2416 -6.90733 9.36353
      vertex -13.6437 -7.30937 9.21118
      vertex -13.5014 -7.43413 9.21118
    endloop
  endfacet
  facet normal -0.0701988 -0.110183 0.991429
    outer loop
      vertex -12.4923 -7.48232 9.36353
      vertex -11.5972 -7.36128 9.44036
      vertex -12.2005 -6.97691 9.44036
    endloop
  endfacet
  facet normal -0.0701967 -0.110198 0.991428
    outer loop
      vertex -11.5972 -7.36128 9.44036
      vertex -12.4923 -7.48232 9.36353
      vertex -11.8889 -7.86669 9.36353
    endloop
  endfacet
  facet normal -0.231046 -0.443821 0.865818
    outer loop
      vertex -12.4451 -8.83005 8.98593
      vertex -12.0655 -9.60183 8.69161
      vertex -11.8106 -9.16036 8.98593
    endloop
  endfacet
  facet normal -0.231046 -0.443821 0.865818
    outer loop
      vertex -12.0655 -9.60183 8.69161
      vertex -12.4451 -8.83005 8.98593
      vertex -12.7 -9.27152 8.69161
    endloop
  endfacet
  facet normal -0.258755 -0.282372 0.923749
    outer loop
      vertex -14.1711 -6.82608 9.21118
      vertex -14.0282 -7.69391 8.98593
      vertex -13.6437 -7.30937 9.21118
    endloop
  endfacet
  facet normal -0.258755 -0.282372 0.923749
    outer loop
      vertex -14.0282 -7.69391 8.98593
      vertex -14.1711 -6.82608 9.21118
      vertex -14.5556 -7.21062 8.98593
    endloop
  endfacet
  facet normal -0.278277 -0.416338 0.865578
    outer loop
      vertex -13.2649 -8.30104 8.98593
      vertex -13.5753 -8.70547 8.69161
      vertex -13.0485 -8.44568 8.98593
    endloop
  endfacet
  facet normal -0.278185 -0.416481 0.865539
    outer loop
      vertex -13.0485 -8.44568 8.98593
      vertex -13.5753 -8.70547 8.69161
      vertex -13.3033 -8.88715 8.69161
    endloop
  endfacet
  facet normal 0.0419801 -0.12387 0.99141
    outer loop
      vertex 10.2672 -7.98238 9.44036
      vertex 10.2307 -7.99475 9.44036
      vertex 10.3818 -8.55846 9.36353
    endloop
  endfacet
  facet normal 0.0748024 -0.375998 0.923596
    outer loop
      vertex 9.14829 -9.4776 9.21118
      vertex 8.96271 -9.51452 9.21118
      vertex 9.28904 -10.0029 8.98593
    endloop
  endfacet
  facet normal 0.0337782 -0.256607 0.965925
    outer loop
      vertex 8.8885 -8.95081 9.36353
      vertex 8.25347 -9.60788 9.21118
      vertex 8.96271 -9.51452 9.21118
    endloop
  endfacet
  facet normal 0.0337823 -0.256611 0.965924
    outer loop
      vertex 8.25347 -9.60788 9.21118
      vertex 8.8885 -8.95081 9.36353
      vertex 8.17926 -9.04418 9.36353
    endloop
  endfacet
  facet normal 0.0169692 -0.258787 0.965785
    outer loop
      vertex 8.17926 -9.04418 9.36353
      vertex 8.06467 -9.62026 9.21118
      vertex 8.25347 -9.60788 9.21118
    endloop
  endfacet
  facet normal 0.118895 -0.597853 0.792739
    outer loop
      vertex 9.42097 -10.4953 8.69161
      vertex 9.16119 -11.0221 8.33328
      vertex 9.54184 -10.9464 8.33328
    endloop
  endfacet
  facet normal -0.1173 -0.0578587 0.99141
    outer loop
      vertex -15.0536 -3.58309 9.44036
      vertex -15.5928 -3.80642 9.36353
      vertex -15.542 -3.90941 9.36353
    endloop
  endfacet
  facet normal -0.130521 0.00854274 0.991409
    outer loop
      vertex -16.3892 0.834255 9.36353
      vertex -16.3967 0.719666 9.36353
      vertex -15.8106 0.75808 9.44036
    endloop
  endfacet
  facet normal -0.258773 0.016937 0.96579
    outer loop
      vertex -16.3892 0.834255 9.36353
      vertex -16.9653 0.719666 9.21118
      vertex -16.3967 0.719666 9.36353
    endloop
  endfacet
  facet normal -0.245548 0.083462 0.965785
    outer loop
      vertex -16.3918 3.3631 9.21118
      vertex -16.4527 3.18393 9.21118
      vertex -15.9035 3.03677 9.36353
    endloop
  endfacet
  facet normal -0.477188 0.150518 0.865815
    outer loop
      vertex -17.4703 3.45662 8.69161
      vertex -17.1931 2.64243 8.98593
      vertex -16.9779 3.32468 8.98593
    endloop
  endfacet
  facet normal -0.477188 0.150518 0.865815
    outer loop
      vertex -17.1931 2.64243 8.98593
      vertex -17.4703 3.45662 8.69161
      vertex -17.6855 2.77437 8.69161
    endloop
  endfacet
  facet normal -0.491184 0.0977174 0.865557
    outer loop
      vertex -17.3479 1.94404 8.98593
      vertex -17.8403 2.07597 8.69161
      vertex -17.3987 1.68869 8.98593
    endloop
  endfacet
  facet normal -0.382526 0.0251233 0.923603
    outer loop
      vertex -16.9529 0.908468 9.21118
      vertex -17.4921 0.979451 8.98593
      vertex -16.9653 0.719666 9.21118
    endloop
  endfacet
  facet normal 0.0577832 0.117345 0.991409
    outer loop
      vertex 11.05 8.00293 9.39842
      vertex 10.9281 7.70862 9.44036
      vertex 11.05 7.89107 9.41166
    endloop
  endfacet
  facet normal 0.0834038 0.245558 0.965787
    outer loop
      vertex 10.7081 9.04683 9.21118
      vertex 10.3818 8.55846 9.36353
      vertex 10.4905 8.52154 9.36353
    endloop
  endfacet
  facet normal -0.793381 0 0.608725
    outer loop
      vertex -19.2916 -0.00498962 7.45006
      vertex -18.9333 0.00498962 7.91705
      vertex -19.2916 0.00498962 7.45006
    endloop
  endfacet
  facet normal -0.793381 0 0.608725
    outer loop
      vertex -18.9333 0.00498962 7.91705
      vertex -19.2916 -0.00498962 7.45006
      vertex -18.9333 -0.00498962 7.91705
    endloop
  endfacet
  facet normal -0.694329 -0.13805 0.706293
    outer loop
      vertex -18.3671 -1.81619 8.33328
      vertex -18.7797 -1.87052 7.91705
      vertex -18.6934 -2.30457 7.91705
    endloop
  endfacet
  facet normal -0.25881 0 0.965928
    outer loop
      vertex -16.9965 0.00498962 9.21118
      vertex -16.4279 -0.00498962 9.36353
      vertex -16.4279 0.00498962 9.36353
    endloop
  endfacet
  facet normal -0.25881 0 0.965928
    outer loop
      vertex -16.4279 -0.00498962 9.36353
      vertex -16.9965 0.00498962 9.21118
      vertex -16.9965 -0.00498962 9.21118
    endloop
  endfacet
  facet normal -0.786566 0.603569 0.130453
    outer loop
      vertex -17.6295 7.44187 5.24431
      vertex -17.1331 7.96264 5.8279
      vertex -17.194 8.00941 5.24431
    endloop
  endfacet
  facet normal -0.786619 0.603471 0.130585
    outer loop
      vertex -17.1331 7.96264 5.8279
      vertex -17.6295 7.44187 5.24431
      vertex -17.5685 7.3951 5.8279
    endloop
  endfacet
  facet normal -0.694844 0.609338 0.381967
    outer loop
      vertex -16.6447 8.28896 6.39648
      vertex -17.0122 7.86989 6.39648
      vertex -16.8335 7.73277 6.9403
    endloop
  endfacet
  facet normal -0.694804 0.609361 0.382004
    outer loop
      vertex -16.6447 8.28896 6.39648
      vertex -16.8335 7.73277 6.9403
      vertex -16.4854 8.12968 6.9403
    endloop
  endfacet
  facet normal -0.474238 0.160953 0.865559
    outer loop
      vertex -17.3652 3.76629 8.69161
      vertex -17.4703 3.45662 8.69161
      vertex -16.9779 3.32468 8.98593
    endloop
  endfacet
  facet normal -0.947495 0.188418 0.258364
    outer loop
      vertex -19.6886 2.57122 5.8279
      vertex -19.8012 2.00499 5.8279
      vertex -19.5414 2.53179 6.39648
    endloop
  endfacet
  facet normal -0.546703 0.269511 0.792767
    outer loop
      vertex -17.3513 4.95399 8.33328
      vertex -17.5229 4.6059 8.33328
      vertex -16.9468 4.72049 8.69161
    endloop
  endfacet
  facet normal -0.118895 -0.597853 0.792739
    outer loop
      vertex -9.42097 -10.4953 8.69161
      vertex -9.54184 -10.9464 8.33328
      vertex -9.16119 -11.0221 8.33328
    endloop
  endfacet
  facet normal -0.0519144 -0.792311 0.607904
    outer loop
      vertex -8.06467 -11.5571 7.91705
      vertex -8.55305 -11.8834 7.45006
      vertex -8.06467 -11.9154 7.45006
    endloop
  endfacet
  facet normal -0.0308521 -0.706711 0.70683
    outer loop
      vertex -8.06467 -11.5571 7.91705
      vertex -7.34999 -11.172 8.33328
      vertex -8.06467 -11.1408 8.33328
    endloop
  endfacet
  facet normal -0.0308521 -0.706711 0.70683
    outer loop
      vertex -7.34999 -11.172 8.33328
      vertex -8.06467 -11.5571 7.91705
      vertex -7.34999 -11.5883 7.91705
    endloop
  endfacet
  facet normal -0.0397049 -0.608287 0.792724
    outer loop
      vertex -8.39099 -10.6525 8.69161
      vertex -8.45194 -11.1155 8.33328
      vertex -8.06467 -10.6738 8.69161
    endloop
  endfacet
  facet normal -0.138077 -0.694308 0.706308
    outer loop
      vertex -9.54184 -10.9464 8.33328
      vertex -9.64957 -11.3484 7.91705
      vertex -9.16119 -11.0221 8.33328
    endloop
  endfacet
  facet normal -0.327294 -0.513714 0.79308
    outer loop
      vertex -13.5368 -9.29158 8.33328
      vertex -12.7 -9.27152 8.69161
      vertex -13.3033 -8.88715 8.69161
    endloop
  endfacet
  facet normal -0.327294 -0.513714 0.79308
    outer loop
      vertex -12.7 -9.27152 8.69161
      vertex -13.5368 -9.29158 8.33328
      vertex -12.9335 -9.67595 8.33328
    endloop
  endfacet
  facet normal -0.353607 -0.853538 0.382668
    outer loop
      vertex -11.7852 -11.6473 6.39648
      vertex -12.3599 -11.1654 6.9403
      vertex -12.4461 -11.3735 6.39648
    endloop
  endfacet
  facet normal -0.353607 -0.853538 0.382668
    outer loop
      vertex -12.3599 -11.1654 6.9403
      vertex -11.7852 -11.6473 6.39648
      vertex -11.699 -11.4392 6.9403
    endloop
  endfacet
  facet normal -0.40864 -0.828884 0.382054
    outer loop
      vertex -12.8334 -10.9319 6.9403
      vertex -12.9461 -11.127 6.39648
      vertex -12.4461 -11.3735 6.39648
    endloop
  endfacet
  facet normal -0.326725 -0.627538 0.706715
    outer loop
      vertex -12.9335 -9.67595 8.33328
      vertex -12.5071 -10.3667 7.91705
      vertex -12.299 -10.0063 8.33328
    endloop
  endfacet
  facet normal -0.326669 -0.627526 0.706752
    outer loop
      vertex -12.5071 -10.3667 7.91705
      vertex -12.9335 -9.67595 8.33328
      vertex -13.1416 -10.0364 7.91705
    endloop
  endfacet
  facet normal -0.269616 -0.546725 0.792716
    outer loop
      vertex -11.7722 -9.74647 8.69161
      vertex -12.0655 -9.60183 8.69161
      vertex -11.9509 -10.1779 8.33328
    endloop
  endfacet
  facet normal -0.169552 -0.343846 0.923592
    outer loop
      vertex -11.369 -8.77308 9.21118
      vertex -11.8106 -9.16036 8.98593
      vertex -11.5771 -9.2755 8.98593
    endloop
  endfacet
  facet normal -0.0990448 -0.239119 0.965926
    outer loop
      vertex -11.1514 -8.24779 9.36353
      vertex -10.7081 -9.04683 9.21118
      vertex -10.4905 -8.52154 9.36353
    endloop
  endfacet
  facet normal -0.0990448 -0.239119 0.965926
    outer loop
      vertex -10.7081 -9.04683 9.21118
      vertex -11.1514 -8.24779 9.36353
      vertex -11.369 -8.77308 9.21118
    endloop
  endfacet
  facet normal -0.254358 -0.0505871 0.965786
    outer loop
      vertex -16.2958 -1.5435 9.36353
      vertex -16.8226 -1.80328 9.21118
      vertex -16.2734 -1.65613 9.36353
    endloop
  endfacet
  facet normal -0.195881 -0.577206 0.792757
    outer loop
      vertex -11.1113 -10.0202 8.69161
      vertex -11.29 -10.4517 8.33328
      vertex -10.8016 -10.1253 8.69161
    endloop
  endfacet
  facet normal -0.195863 -0.577224 0.792748
    outer loop
      vertex -10.8016 -10.1253 8.69161
      vertex -11.29 -10.4517 8.33328
      vertex -10.9225 -10.5764 8.33328
    endloop
  endfacet
  facet normal -0.191352 -0.461954 0.866015
    outer loop
      vertex -11.5771 -9.2755 8.98593
      vertex -11.1113 -10.0202 8.69161
      vertex -10.9162 -9.54926 8.98593
    endloop
  endfacet
  facet normal -0.191326 -0.461943 0.866027
    outer loop
      vertex -11.1113 -10.0202 8.69161
      vertex -11.5771 -9.2755 8.98593
      vertex -11.7722 -9.74647 8.69161
    endloop
  endfacet
  facet normal -0.65144 -0.571329 0.499208
    outer loop
      vertex -16.6 -7.5536 7.45006
      vertex -16.8335 -7.73277 6.9403
      vertex -16.4854 -8.12968 6.9403
    endloop
  endfacet
  facet normal -0.624258 -0.681234 0.38239
    outer loop
      vertex -15.634 -9.29967 6.39648
      vertex -16.0021 -8.6571 6.9403
      vertex -16.1614 -8.81638 6.39648
    endloop
  endfacet
  facet normal -0.624258 -0.681234 0.38239
    outer loop
      vertex -16.0021 -8.6571 6.9403
      vertex -15.634 -9.29967 6.39648
      vertex -15.4747 -9.14039 6.9403
    endloop
  endfacet
  facet normal -0.609334 -0.694852 0.381959
    outer loop
      vertex -15.0778 -9.48848 6.9403
      vertex -15.634 -9.29967 6.39648
      vertex -15.2149 -9.66719 6.39648
    endloop
  endfacet
  facet normal -0.513324 -0.768494 0.381989
    outer loop
      vertex -14.0713 -10.2172 6.9403
      vertex -14.6474 -10.1027 6.39648
      vertex -14.1839 -10.4123 6.39648
    endloop
  endfacet
  facet normal -0.653687 -0.745476 0.130223
    outer loop
      vertex -15.7417 -9.4074 5.8279
      vertex -15.796 -9.46173 5.24431
      vertex -15.3076 -9.78805 5.8279
    endloop
  endfacet
  facet normal -0.653732 -0.745425 0.13029
    outer loop
      vertex -15.3076 -9.78805 5.8279
      vertex -15.796 -9.46173 5.24431
      vertex -15.3544 -9.84901 5.24431
    endloop
  endfacet
  facet normal -0.571318 -0.65143 0.499233
    outer loop
      vertex -14.8986 -9.25498 7.45006
      vertex -15.4747 -9.14039 6.9403
      vertex -15.0778 -9.48848 6.9403
    endloop
  endfacet
  facet normal -0.481392 -0.720488 0.499159
    outer loop
      vertex -14.3311 -9.69045 7.45006
      vertex -14.5102 -9.92395 6.9403
      vertex -14.0713 -10.2172 6.9403
    endloop
  endfacet
  facet normal -0.482986 -0.629422 0.608731
    outer loop
      vertex -14.3311 -9.69045 7.45006
      vertex -14.6805 -8.9707 7.91705
      vertex -14.8986 -9.25498 7.45006
    endloop
  endfacet
  facet normal -0.482902 -0.629423 0.608796
    outer loop
      vertex -14.6805 -8.9707 7.91705
      vertex -14.3311 -9.69045 7.45006
      vertex -14.1129 -9.40617 7.91705
    endloop
  endfacet
  facet normal -0.527141 -0.687086 0.500036
    outer loop
      vertex -14.5102 -9.92395 6.9403
      vertex -14.8986 -9.25498 7.45006
      vertex -15.0778 -9.48848 6.9403
    endloop
  endfacet
  facet normal -0.527227 -0.687076 0.499958
    outer loop
      vertex -14.8986 -9.25498 7.45006
      vertex -14.5102 -9.92395 6.9403
      vertex -14.3311 -9.69045 7.45006
    endloop
  endfacet
  facet normal -0.380109 -0.596611 0.706804
    outer loop
      vertex -13.745 -9.65204 7.91705
      vertex -12.9335 -9.67595 8.33328
      vertex -13.5368 -9.29158 8.33328
    endloop
  endfacet
  facet normal -0.380084 -0.596688 0.706753
    outer loop
      vertex -12.9335 -9.67595 8.33328
      vertex -13.745 -9.65204 7.91705
      vertex -13.1416 -10.0364 7.91705
    endloop
  endfacet
  facet normal -0.393301 -0.588504 0.706383
    outer loop
      vertex -13.5368 -9.29158 8.33328
      vertex -14.1129 -9.40617 7.91705
      vertex -13.745 -9.65204 7.91705
    endloop
  endfacet
  facet normal -0.366462 -0.703967 0.608388
    outer loop
      vertex -12.6863 -10.677 7.45006
      vertex -13.1416 -10.0364 7.91705
      vertex -13.3208 -10.3467 7.45006
    endloop
  endfacet
  facet normal -0.366462 -0.703967 0.608388
    outer loop
      vertex -13.1416 -10.0364 7.91705
      vertex -12.6863 -10.677 7.45006
      vertex -12.5071 -10.3667 7.91705
    endloop
  endfacet
  facet normal -0.303638 -0.732923 0.608792
    outer loop
      vertex -11.5864 -11.1673 7.45006
      vertex -12.1102 -10.5624 7.91705
      vertex -12.2473 -10.8935 7.45006
    endloop
  endfacet
  facet normal -0.303638 -0.732923 0.608792
    outer loop
      vertex -12.1102 -10.5624 7.91705
      vertex -11.5864 -11.1673 7.45006
      vertex -11.4493 -10.8362 7.91705
    endloop
  endfacet
  facet normal -0.27852 -0.82051 0.499189
    outer loop
      vertex -11.123 -11.3246 7.45006
      vertex -11.5864 -11.1673 7.45006
      vertex -11.1991 -11.6089 6.9403
    endloop
  endfacet
  facet normal -0.255205 -0.751824 0.607973
    outer loop
      vertex -11.4493 -10.8362 7.91705
      vertex -11.5864 -11.1673 7.45006
      vertex -11.123 -11.3246 7.45006
    endloop
  endfacet
  facet normal -0.321433 -0.946932 0
    outer loop
      vertex -11.8729 -11.859 5.05
      vertex -11.3167 -12.0478 5.24431
      vertex -11.8729 -11.859 5.24431
    endloop
  endfacet
  facet normal -0.321433 -0.946932 -0
    outer loop
      vertex -11.3167 -12.0478 5.24431
      vertex -11.8729 -11.859 5.05
      vertex -11.3167 -12.0478 5.05
    endloop
  endfacet
  facet normal -0.442304 -0.896865 0
    outer loop
      vertex -13.0606 -11.3255 5.15
      vertex -12.5338 -11.5853 5.24431
      vertex -13.0606 -11.3255 5.24431
    endloop
  endfacet
  facet normal -0.442304 -0.896865 -0
    outer loop
      vertex -12.5338 -11.5853 5.24431
      vertex -13.0606 -11.3255 5.15
      vertex -12.5338 -11.5853 5.15
    endloop
  endfacet
  facet normal -0.546701 -0.269716 0.792699
    outer loop
      vertex -17.0915 -4.42719 8.69161
      vertex -17.5229 -4.6059 8.33328
      vertex -16.9468 -4.72049 8.69161
    endloop
  endfacet
  facet normal -0.363035 -0.123396 0.923569
    outer loop
      vertex -16.4527 -3.18393 9.21118
      vertex -16.9779 -3.32468 8.98593
      vertex -16.3918 -3.3631 9.21118
    endloop
  endfacet
  facet normal -0.124602 -0.0392845 0.991429
    outer loop
      vertex -15.5549 -2.20348 9.44036
      vertex -15.9035 -3.03677 9.36353
      vertex -15.3398 -2.88573 9.44036
    endloop
  endfacet
  facet normal -0.124602 -0.0392845 0.991429
    outer loop
      vertex -15.9035 -3.03677 9.36353
      vertex -15.5549 -2.20348 9.44036
      vertex -16.1186 -2.35452 9.36353
    endloop
  endfacet
  facet normal -0.491184 -0.0977174 0.865557
    outer loop
      vertex -17.3987 -1.68869 8.98593
      vertex -17.8403 -2.07597 8.69161
      vertex -17.3479 -1.94404 8.98593
    endloop
  endfacet
  facet normal -0.701112 -0.0923283 0.707049
    outer loop
      vertex -18.4605 -1.10694 8.33328
      vertex -18.7797 -1.87052 7.91705
      vertex -18.3671 -1.81619 8.33328
    endloop
  endfacet
  facet normal -0.701112 -0.0923283 0.707049
    outer loop
      vertex -18.7797 -1.87052 7.91705
      vertex -18.4605 -1.10694 8.33328
      vertex -18.8731 -1.16127 7.91705
    endloop
  endfacet
  facet normal -0.416382 -0.278242 0.865568
    outer loop
      vertex -15.7907 -5.70346 8.98593
      vertex -16.2322 -5.95835 8.69161
      vertex -16.0505 -6.23026 8.69161
    endloop
  endfacet
  facet normal -0.546703 -0.269511 0.792767
    outer loop
      vertex -16.9468 -4.72049 8.69161
      vertex -17.5229 -4.6059 8.33328
      vertex -17.3513 -4.95399 8.33328
    endloop
  endfacet
  facet normal -0.588657 -0.393217 0.706303
    outer loop
      vertex -16.6366 -6.19184 8.33328
      vertex -16.997 -6.39995 7.91705
      vertex -16.7512 -6.76792 7.91705
    endloop
  endfacet
  facet normal -0.39672 -0.304358 0.866013
    outer loop
      vertex -15.646 -5.91993 8.98593
      vertex -15.615 -6.79779 8.69161
      vertex -15.2106 -6.48746 8.98593
    endloop
  endfacet
  facet normal -0.39664 -0.304366 0.866047
    outer loop
      vertex -15.615 -6.79779 8.69161
      vertex -15.646 -5.91993 8.98593
      vertex -16.0505 -6.23026 8.69161
    endloop
  endfacet
  facet normal -0.506849 -0.338695 0.79271
    outer loop
      vertex -16.2322 -5.95835 8.69161
      vertex -16.6366 -6.19184 8.33328
      vertex -16.0505 -6.23026 8.69161
    endloop
  endfacet
  facet normal -0.694308 -0.138077 0.706308
    outer loop
      vertex -18.3671 -1.81619 8.33328
      vertex -18.6934 -2.30457 7.91705
      vertex -18.2914 -2.19684 8.33328
    endloop
  endfacet
  facet normal -0.690696 -0.153193 0.706733
    outer loop
      vertex -18.6934 -2.30457 7.91705
      vertex -18.1365 -2.89523 8.33328
      vertex -18.2914 -2.19684 8.33328
    endloop
  endfacet
  facet normal -0.690638 -0.153082 0.706813
    outer loop
      vertex -18.1365 -2.89523 8.33328
      vertex -18.6934 -2.30457 7.91705
      vertex -18.5386 -3.00296 7.91705
    endloop
  endfacet
  facet normal -0.915989 -0.120627 0.382639
    outer loop
      vertex -19.7435 -1.27586 6.39648
      vertex -19.4268 -1.9557 6.9403
      vertex -19.5202 -1.24646 6.9403
    endloop
  endfacet
  facet normal -0.915989 -0.120625 0.382641
    outer loop
      vertex -19.4268 -1.9557 6.9403
      vertex -19.7435 -1.27586 6.39648
      vertex -19.6501 -1.98511 6.39648
    endloop
  endfacet
  facet normal -0.732915 0.303634 0.608804
    outer loop
      vertex -18.5123 4.24141 7.45006
      vertex -17.9074 4.76518 7.91705
      vertex -18.2385 4.90231 7.45006
    endloop
  endfacet
  facet normal -0.732915 0.303634 0.608804
    outer loop
      vertex -17.9074 4.76518 7.91705
      vertex -18.5123 4.24141 7.45006
      vertex -18.1812 4.10428 7.91705
    endloop
  endfacet
  facet normal -0.922212 -0.0603961 0.381938
    outer loop
      vertex -19.5547 -0.719666 6.9403
      vertex -19.7435 -1.27586 6.39648
      vertex -19.5202 -1.24646 6.9403
    endloop
  endfacet
  facet normal -0.865415 -0.0377806 0.49963
    outer loop
      vertex -19.5547 -0.719666 6.9403
      vertex -19.2916 -0.00498962 7.45006
      vertex -19.5859 -0.00498962 6.9403
    endloop
  endfacet
  facet normal -0.865415 -0.0377806 0.49963
    outer loop
      vertex -19.2916 -0.00498962 7.45006
      vertex -19.5547 -0.719666 6.9403
      vertex -19.2604 -0.719666 7.45006
    endloop
  endfacet
  facet normal -0.792311 -0.0519151 0.607904
    outer loop
      vertex -18.9021 -0.719666 7.91705
      vertex -19.2604 -0.719666 7.45006
      vertex -19.2284 -1.20804 7.45006
    endloop
  endfacet
  facet normal -0.458333 -0.401906 0.792719
    outer loop
      vertex -15.615 -6.79779 8.69161
      vertex -15.7296 -7.37387 8.33328
      vertex -15.3994 -7.04366 8.69161
    endloop
  endfacet
  facet normal -0.458293 -0.401923 0.792733
    outer loop
      vertex -15.615 -6.79779 8.69161
      vertex -15.9855 -7.08208 8.33328
      vertex -15.7296 -7.37387 8.33328
    endloop
  endfacet
  facet normal -0.720505 -0.481411 0.499115
    outer loop
      vertex -17.3074 -6.57912 7.45006
      vertex -17.5622 -6.72628 6.9403
      vertex -17.0355 -6.98606 7.45006
    endloop
  endfacet
  facet normal -0.730591 -0.465368 0.499669
    outer loop
      vertex -17.9466 -6.12296 6.9403
      vertex -17.3074 -6.57912 7.45006
      vertex -17.6917 -5.9758 7.45006
    endloop
  endfacet
  facet normal -0.730589 -0.465489 0.499559
    outer loop
      vertex -17.3074 -6.57912 7.45006
      vertex -17.9466 -6.12296 6.9403
      vertex -17.5622 -6.72628 6.9403
    endloop
  endfacet
  facet normal -0.560991 -0.430475 0.707093
    outer loop
      vertex -16.421 -6.51454 8.33328
      vertex -16.3157 -7.33546 7.91705
      vertex -15.9855 -7.08208 8.33328
    endloop
  endfacet
  facet normal -0.560991 -0.430475 0.707093
    outer loop
      vertex -16.3157 -7.33546 7.91705
      vertex -16.421 -6.51454 8.33328
      vertex -16.7512 -6.76792 7.91705
    endloop
  endfacet
  facet normal -0.778761 -0.154837 0.607912
    outer loop
      vertex -18.7797 -1.87052 7.91705
      vertex -19.0395 -2.39731 7.45006
      vertex -18.6934 -2.30457 7.91705
    endloop
  endfacet
  facet normal -0.703988 -0.366456 0.608368
    outer loop
      vertex -18.022 -5.34126 7.45006
      vertex -17.3814 -5.79663 7.91705
      vertex -17.7117 -5.1621 7.91705
    endloop
  endfacet
  facet normal -0.703987 -0.36645 0.608373
    outer loop
      vertex -17.3814 -5.79663 7.91705
      vertex -18.022 -5.34126 7.45006
      vertex -17.6917 -5.9758 7.45006
    endloop
  endfacet
  facet normal -0.921306 -0.29047 0.258499
    outer loop
      vertex -19.5337 -3.26961 5.8279
      vertex -19.1715 -3.91243 6.39648
      vertex -19.3866 -3.23018 6.39648
    endloop
  endfacet
  facet normal -0.921306 -0.29047 0.258499
    outer loop
      vertex -19.1715 -3.91243 6.39648
      vertex -19.5337 -3.26961 5.8279
      vertex -19.3186 -3.95186 5.8279
    endloop
  endfacet
  facet normal -0.881237 -0.277837 0.382397
    outer loop
      vertex -19.3866 -3.23018 6.39648
      vertex -18.9539 -3.85413 6.9403
      vertex -19.169 -3.17188 6.9403
    endloop
  endfacet
  facet normal -0.881237 -0.277837 0.382397
    outer loop
      vertex -18.9539 -3.85413 6.9403
      vertex -19.3866 -3.23018 6.39648
      vertex -19.1715 -3.91243 6.39648
    endloop
  endfacet
  facet normal -0.778697 -0.154922 0.607972
    outer loop
      vertex -18.7797 -1.87052 7.91705
      vertex -19.135 -1.91729 7.45006
      vertex -19.0395 -2.39731 7.45006
    endloop
  endfacet
  facet normal -0.849829 -0.169074 0.499204
    outer loop
      vertex -19.135 -1.91729 7.45006
      vertex -19.4268 -1.9557 6.9403
      vertex -19.0395 -2.39731 7.45006
    endloop
  endfacet
  facet normal -0.506857 -0.338638 0.792729
    outer loop
      vertex -16.0505 -6.23026 8.69161
      vertex -16.6366 -6.19184 8.33328
      vertex -16.421 -6.51454 8.33328
    endloop
  endfacet
  facet normal -0.660185 -0.440997 0.608011
    outer loop
      vertex -16.997 -6.39995 7.91705
      vertex -17.3074 -6.57912 7.45006
      vertex -16.7512 -6.76792 7.91705
    endloop
  endfacet
  facet normal -0.577233 -0.195861 0.792743
    outer loop
      vertex -17.4703 -3.45662 8.69161
      vertex -17.9214 -3.57749 8.33328
      vertex -17.7967 -3.945 8.33328
    endloop
  endfacet
  facet normal -0.980782 -0.195108 0
    outer loop
      vertex -19.7628 -2.5911 5.05
      vertex -19.8774 -2.01502 5.24431
      vertex -19.8774 -2.01502 5.05
    endloop
  endfacet
  facet normal -0.980782 -0.195108 0
    outer loop
      vertex -19.8774 -2.01502 5.24431
      vertex -19.7628 -2.5911 5.05
      vertex -19.7628 -2.5911 5.24431
    endloop
  endfacet
  facet normal -0.947495 -0.188418 0.258364
    outer loop
      vertex -19.5414 -2.53179 6.39648
      vertex -19.8012 -2.00499 5.8279
      vertex -19.6886 -2.57122 5.8279
    endloop
  endfacet
  facet normal -0.943082 -0.209037 0.258651
    outer loop
      vertex -19.6886 -2.57122 5.8279
      vertex -19.3866 -3.23018 6.39648
      vertex -19.5414 -2.53179 6.39648
    endloop
  endfacet
  facet normal -0.943093 -0.209174 0.258498
    outer loop
      vertex -19.3866 -3.23018 6.39648
      vertex -19.6886 -2.57122 5.8279
      vertex -19.5337 -3.26961 5.8279
    endloop
  endfacet
  facet normal -0.914801 -0.31059 0.258211
    outer loop
      vertex -19.1715 -3.91243 6.39648
      vertex -19.3186 -3.95186 5.8279
      vertex -18.9923 -4.44024 6.39648
    endloop
  endfacet
  facet normal -0.831484 -0.555549 0
    outer loop
      vertex -17.6295 -7.44187 5.05
      vertex -17.9558 -6.9535 5.24431
      vertex -17.9558 -6.9535 5.05
    endloop
  endfacet
  facet normal -0.831484 -0.555549 0
    outer loop
      vertex -17.9558 -6.9535 5.24431
      vertex -17.6295 -7.44187 5.05
      vertex -17.6295 -7.44187 5.24431
    endloop
  endfacet
  facet normal -0.726292 -0.637022 0.258271
    outer loop
      vertex -16.6447 -8.28896 6.39648
      vertex -17.1331 -7.96264 5.8279
      vertex -16.7524 -8.39669 5.8279
    endloop
  endfacet
  facet normal -0.824394 -0.550811 0.130313
    outer loop
      vertex -17.5685 -7.3951 5.8279
      vertex -17.9558 -6.9535 5.24431
      vertex -17.6295 -7.44187 5.24431
    endloop
  endfacet
  facet normal -0.786619 -0.603471 0.130585
    outer loop
      vertex -17.6295 -7.44187 5.24431
      vertex -17.1331 -7.96264 5.8279
      vertex -17.5685 -7.3951 5.8279
    endloop
  endfacet
  facet normal -0.786566 -0.603569 0.130453
    outer loop
      vertex -17.1331 -7.96264 5.8279
      vertex -17.6295 -7.44187 5.24431
      vertex -17.194 -8.00941 5.24431
    endloop
  endfacet
  facet normal -0.866386 -0.427345 0.258365
    outer loop
      vertex -18.7185 -5.10114 6.39648
      vertex -18.8593 -5.15944 5.8279
      vertex -18.6039 -5.67723 5.8279
    endloop
  endfacet
  facet normal -0.976276 -0.216531 0
    outer loop
      vertex -19.6079 -3.2895 5.05
      vertex -19.7628 -2.5911 5.24431
      vertex -19.7628 -2.5911 5.05
    endloop
  endfacet
  facet normal -0.976276 -0.216531 0
    outer loop
      vertex -19.7628 -2.5911 5.24431
      vertex -19.6079 -3.2895 5.05
      vertex -19.6079 -3.2895 5.24431
    endloop
  endfacet
  facet normal -0.703987 0.36645 0.608373
    outer loop
      vertex -18.022 5.34126 7.45006
      vertex -17.3814 5.79663 7.91705
      vertex -17.6917 5.9758 7.45006
    endloop
  endfacet
  facet normal -0.703988 0.366456 0.608368
    outer loop
      vertex -17.3814 5.79663 7.91705
      vertex -18.022 5.34126 7.45006
      vertex -17.7117 5.1621 7.91705
    endloop
  endfacet
  facet normal -0.7121 0.351098 0.607984
    outer loop
      vertex -17.7117 5.1621 7.91705
      vertex -18.2385 4.90231 7.45006
      vertex -17.9074 4.76518 7.91705
    endloop
  endfacet
  facet normal -0.441057 0.660183 0.607969
    outer loop
      vertex -13.9241 9.96236 7.45006
      vertex -14.3311 9.69045 7.45006
      vertex -14.1129 9.40617 7.91705
    endloop
  endfacet
  facet normal -0.63696 0.726355 0.258246
    outer loop
      vertex -15.3076 9.78805 5.8279
      vertex -15.634 9.29967 6.39648
      vertex -15.2149 9.66719 6.39648
    endloop
  endfacet
  facet normal -0.652629 0.712195 0.258561
    outer loop
      vertex -15.7417 9.4074 5.8279
      vertex -16.1614 8.81638 6.39648
      vertex -15.634 9.29967 6.39648
    endloop
  endfacet
  facet normal -0.652629 0.712195 0.258561
    outer loop
      vertex -16.1614 8.81638 6.39648
      vertex -15.7417 9.4074 5.8279
      vertex -16.2691 8.92411 5.8279
    endloop
  endfacet
  facet normal -0.585231 0.638645 0.499637
    outer loop
      vertex -15.4747 9.14039 6.9403
      vertex -15.794 8.44899 7.45006
      vertex -15.2666 8.93228 7.45006
    endloop
  endfacet
  facet normal -0.585231 0.638645 0.499637
    outer loop
      vertex -15.794 8.44899 7.45006
      vertex -15.4747 9.14039 6.9403
      vertex -16.0021 8.6571 6.9403
    endloop
  endfacet
  facet normal -0.532206 0.466738 0.706337
    outer loop
      vertex -16.0239 7.66819 7.91705
      vertex -16.3157 7.33546 7.91705
      vertex -15.7296 7.37387 8.33328
    endloop
  endfacet
  facet normal -0.521586 0.477954 0.706759
    outer loop
      vertex -16.0239 7.66819 7.91705
      vertex -15.2463 7.90129 8.33328
      vertex -15.5406 8.19561 7.91705
    endloop
  endfacet
  facet normal -0.521586 0.477954 0.706759
    outer loop
      vertex -15.2463 7.90129 8.33328
      vertex -16.0239 7.66819 7.91705
      vertex -15.7296 7.37387 8.33328
    endloop
  endfacet
  facet normal -0.60936 0.694806 0.382001
    outer loop
      vertex -15.0778 9.48848 6.9403
      vertex -15.634 9.29967 6.39648
      vertex -15.4747 9.14039 6.9403
    endloop
  endfacet
  facet normal -0.519083 0.814679 0.258557
    outer loop
      vertex -13.6568 10.9286 5.8279
      vertex -14.1839 10.4123 6.39648
      vertex -13.5806 10.7967 6.39648
    endloop
  endfacet
  facet normal -0.518967 0.81471 0.258692
    outer loop
      vertex -14.1839 10.4123 6.39648
      vertex -13.6568 10.9286 5.8279
      vertex -14.2601 10.5443 5.8279
    endloop
  endfacet
  facet normal -0.536821 0.803224 0.258174
    outer loop
      vertex -14.2601 10.5443 5.8279
      vertex -14.7401 10.2235 5.8279
      vertex -14.6474 10.1027 6.39648
    endloop
  endfacet
  facet normal 0.0647467 0.989371 0.130201
    outer loop
      vertex 8.06467 12.6641 5.24431
      vertex 8.06467 12.5873 5.8279
      vertex 8.64075 12.5496 5.8279
    endloop
  endfacet
  facet normal -0.209031 0.943083 0.258651
    outer loop
      vertex -9.91622 12.3436 5.8279
      vertex -10.5752 12.0416 6.39648
      vertex -9.87679 12.1964 6.39648
    endloop
  endfacet
  facet normal -0.209178 0.943095 0.258488
    outer loop
      vertex -10.5752 12.0416 6.39648
      vertex -9.91622 12.3436 5.8279
      vertex -10.6146 12.1887 5.8279
    endloop
  endfacet
  facet normal -0.180228 0.906415 0.382007
    outer loop
      vertex -9.33011 12.3051 6.39648
      vertex -9.87679 12.1964 6.39648
      vertex -9.81849 11.9788 6.9403
    endloop
  endfacet
  facet normal -0.180308 0.906426 0.381942
    outer loop
      vertex -9.33011 12.3051 6.39648
      vertex -9.81849 11.9788 6.9403
      vertex -9.3007 12.0818 6.9403
    endloop
  endfacet
  facet normal -0.331466 0.800095 0.499978
    outer loop
      vertex -11.699 11.4392 6.9403
      vertex -12.2473 10.8935 7.45006
      vertex -11.5864 11.1673 7.45006
    endloop
  endfacet
  facet normal -0.331466 0.800095 0.499978
    outer loop
      vertex -12.2473 10.8935 7.45006
      vertex -11.699 11.4392 6.9403
      vertex -12.3599 11.1654 6.9403
    endloop
  endfacet
  facet normal -0.27852 0.82051 0.499189
    outer loop
      vertex -11.1991 11.6089 6.9403
      vertex -11.5864 11.1673 7.45006
      vertex -11.123 11.3246 7.45006
    endloop
  endfacet
  facet normal 0.290526 0.921303 0.258447
    outer loop
      vertex 10.6146 12.1887 5.8279
      vertex 11.05 11.8919 6.39648
      vertex 11.05 12.0514 5.8279
    endloop
  endfacet
  facet normal 0.29048 0.921307 0.258485
    outer loop
      vertex 11.05 11.8919 6.39648
      vertex 10.6146 12.1887 5.8279
      vertex 10.5752 12.0416 6.39648
    endloop
  endfacet
  facet normal 0.16097 0.474255 0.865547
    outer loop
      vertex 10.6697 9.63295 8.98593
      vertex 11.05 9.87226 8.78408
      vertex 11.05 9.96647 8.73246
    endloop
  endfacet
  facet normal 0.161002 0.474215 0.865562
    outer loop
      vertex 11.05 9.87226 8.78408
      vertex 10.6697 9.63295 8.98593
      vertex 10.9162 9.54926 8.98593
    endloop
  endfacet
  facet normal 0.171738 -0.77485 0.60837
    outer loop
      vertex 9.74231 -11.6945 7.45006
      vertex 10.348 -11.1936 7.91705
      vertex 9.64957 -11.3484 7.91705
    endloop
  endfacet
  facet normal 0.171749 -0.774855 0.608361
    outer loop
      vertex 10.348 -11.1936 7.91705
      vertex 9.74231 -11.6945 7.45006
      vertex 10.4407 -11.5397 7.45006
    endloop
  endfacet
  facet normal 0.257965 -0.751133 0.607662
    outer loop
      vertex 11.05 -10.9717 7.91705
      vertex 11.0302 -10.9785 7.91705
      vertex 11.05 -11.0523 7.81742
    endloop
  endfacet
  facet normal 0.18745 -0.845692 0.499667
    outer loop
      vertex 9.81849 -11.9788 6.9403
      vertex 10.4407 -11.5397 7.45006
      vertex 9.74231 -11.6945 7.45006
    endloop
  endfacet
  facet normal 0.187444 -0.84569 0.499672
    outer loop
      vertex 10.4407 -11.5397 7.45006
      vertex 9.81849 -11.9788 6.9403
      vertex 10.5169 -11.824 6.9403
    endloop
  endfacet
  facet normal 0.0833528 -0.245591 0.965783
    outer loop
      vertex 10.7081 -9.04683 9.21118
      vertex 10.3818 -8.55846 9.36353
      vertex 10.5289 -9.10765 9.21118
    endloop
  endfacet
  facet normal 0.191336 -0.46194 0.866026
    outer loop
      vertex 11.05 -9.49384 8.98593
      vertex 10.9162 -9.54926 8.98593
      vertex 11.05 -9.87226 8.78408
    endloop
  endfacet
  facet normal 0.0327062 -0.499789 0.865529
    outer loop
      vertex 8.06467 -10.1641 8.98593
      vertex 8.06467 -10.6738 8.69161
      vertex 8.32445 -10.1471 8.98593
    endloop
  endfacet
  facet normal 0.0250334 -0.38254 0.9236
    outer loop
      vertex 8.06467 -9.62026 9.21118
      vertex 8.06467 -10.1641 8.98593
      vertex 8.32445 -10.1471 8.98593
    endloop
  endfacet
  facet normal -0.118895 0.597853 0.792739
    outer loop
      vertex -9.16119 11.0221 8.33328
      vertex -9.54184 10.9464 8.33328
      vertex -9.42097 10.4953 8.69161
    endloop
  endfacet
  facet normal -0.0397049 0.608287 0.792724
    outer loop
      vertex -8.06467 10.6738 8.69161
      vertex -8.45194 11.1155 8.33328
      vertex -8.39099 10.6525 8.69161
    endloop
  endfacet
  facet normal -0.326725 0.627538 0.706715
    outer loop
      vertex -12.5071 10.3667 7.91705
      vertex -12.9335 9.67595 8.33328
      vertex -12.299 10.0063 8.33328
    endloop
  endfacet
  facet normal -0.326669 0.627526 0.706752
    outer loop
      vertex -12.9335 9.67595 8.33328
      vertex -12.5071 10.3667 7.91705
      vertex -13.1416 10.0364 7.91705
    endloop
  endfacet
  facet normal -0.393301 0.588504 0.706383
    outer loop
      vertex -13.745 9.65204 7.91705
      vertex -14.1129 9.40617 7.91705
      vertex -13.5368 9.29158 8.33328
    endloop
  endfacet
  facet normal -0.1532 0.690694 0.706733
    outer loop
      vertex -9.64957 11.3484 7.91705
      vertex -10.2402 10.7915 8.33328
      vertex -9.54184 10.9464 8.33328
    endloop
  endfacet
  facet normal -0.153071 0.690627 0.706826
    outer loop
      vertex -10.2402 10.7915 8.33328
      vertex -9.64957 11.3484 7.91705
      vertex -10.348 11.1936 7.91705
    endloop
  endfacet
  facet normal -0.278185 0.416481 0.865539
    outer loop
      vertex -13.3033 8.88715 8.69161
      vertex -13.5753 8.70547 8.69161
      vertex -13.0485 8.44568 8.98593
    endloop
  endfacet
  facet normal -0.278277 0.416338 0.865578
    outer loop
      vertex -13.0485 8.44568 8.98593
      vertex -13.5753 8.70547 8.69161
      vertex -13.2649 8.30104 8.98593
    endloop
  endfacet
  facet normal -0.00856312 -0.13052 0.991409
    outer loop
      vertex -8.06467 -8.4681 9.44036
      vertex -8.10308 -8.46558 9.44036
      vertex -8.06467 -9.05169 9.36353
    endloop
  endfacet
  facet normal -0.169552 0.343846 0.923592
    outer loop
      vertex -11.5771 9.2755 8.98593
      vertex -11.8106 9.16036 8.98593
      vertex -11.369 8.77308 9.21118
    endloop
  endfacet
  facet normal -0.231046 0.443821 0.865818
    outer loop
      vertex -12.0655 9.60183 8.69161
      vertex -12.4451 8.83005 8.98593
      vertex -11.8106 9.16036 8.98593
    endloop
  endfacet
  facet normal -0.231046 0.443821 0.865818
    outer loop
      vertex -12.4451 8.83005 8.98593
      vertex -12.0655 9.60183 8.69161
      vertex -12.7 9.27152 8.69161
    endloop
  endfacet
  facet normal -0.537355 0.843356 0
    outer loop
      vertex -13.6952 10.9952 5.15
      vertex -14.2985 10.6108 5.24431
      vertex -13.6952 10.9952 5.24431
    endloop
  endfacet
  facet normal -0.537355 0.843356 0
    outer loop
      vertex -14.2985 10.6108 5.24431
      vertex -13.6952 10.9952 5.15
      vertex -14.2985 10.6108 5.15
    endloop
  endfacet
  facet normal -0.369705 0.892397 0.258739
    outer loop
      vertex -11.8435 11.788 5.8279
      vertex -12.4461 11.3735 6.39648
      vertex -11.7852 11.6473 6.39648
    endloop
  endfacet
  facet normal -0.369575 0.892408 0.258886
    outer loop
      vertex -12.4461 11.3735 6.39648
      vertex -11.8435 11.788 5.8279
      vertex -12.5044 11.5143 5.8279
    endloop
  endfacet
  facet normal 0.0265697 0.608616 0.79302
    outer loop
      vertex 7.34999 10.7051 8.69161
      vertex 8.06467 11.1408 8.33328
      vertex 7.34999 11.172 8.33328
    endloop
  endfacet
  facet normal 0.0266512 0.608533 0.793081
    outer loop
      vertex 8.06467 11.1408 8.33328
      vertex 7.34999 10.7051 8.69161
      vertex 8.06467 10.6738 8.69161
    endloop
  endfacet
  facet normal 0.0167031 0.382607 0.92376
    outer loop
      vertex 7.34999 9.65146 9.21118
      vertex 8.06467 10.1641 8.98593
      vertex 7.34999 10.1953 8.98593
    endloop
  endfacet
  facet normal 0.0167031 0.382607 0.92376
    outer loop
      vertex 8.06467 10.1641 8.98593
      vertex 7.34999 9.65146 9.21118
      vertex 8.06467 9.62026 9.21118
    endloop
  endfacet
  facet normal 0.0170362 0.129407 0.991445
    outer loop
      vertex 8.17926 9.04418 9.36353
      vertex 8.81233 8.37221 9.44036
      vertex 8.8885 8.95081 9.36353
    endloop
  endfacet
  facet normal 0.0170359 0.129407 0.991445
    outer loop
      vertex 8.81233 8.37221 9.44036
      vertex 8.17926 9.04418 9.36353
      vertex 8.10308 8.46558 9.44036
    endloop
  endfacet
  facet normal 0.0794794 0.603542 0.79336
    outer loop
      vertex 8.45194 11.1155 8.33328
      vertex 9.10023 10.5591 8.69161
      vertex 9.16119 11.0221 8.33328
    endloop
  endfacet
  facet normal 0.0794807 0.603542 0.79336
    outer loop
      vertex 9.10023 10.5591 8.69161
      vertex 8.45194 11.1155 8.33328
      vertex 8.39099 10.6525 8.69161
    endloop
  endfacet
  facet normal 0.0327062 0.499789 0.865529
    outer loop
      vertex 8.06467 10.6738 8.69161
      vertex 8.06467 10.1641 8.98593
      vertex 8.32445 10.1471 8.98593
    endloop
  endfacet
  facet normal 0.0560691 0.25291 0.965864
    outer loop
      vertex 9.14829 9.4776 9.21118
      vertex 9.69952 8.77357 9.36353
      vertex 9.84668 9.32277 9.21118
    endloop
  endfacet
  facet normal 0.0560734 0.252913 0.965863
    outer loop
      vertex 9.69952 8.77357 9.36353
      vertex 9.14829 9.4776 9.21118
      vertex 9.00113 8.92841 9.36353
    endloop
  endfacet
  facet normal 0.0419801 0.12387 0.99141
    outer loop
      vertex 10.3818 8.55846 9.36353
      vertex 10.2307 7.99475 9.44036
      vertex 10.2672 7.98238 9.44036
    endloop
  endfacet
  facet normal 0.150518 0.477152 0.865835
    outer loop
      vertex 9.98743 9.84806 8.98593
      vertex 10.8016 10.1253 8.69161
      vertex 10.1194 10.3405 8.69161
    endloop
  endfacet
  facet normal 0.150469 0.477247 0.865791
    outer loop
      vertex 10.8016 10.1253 8.69161
      vertex 9.98743 9.84806 8.98593
      vertex 10.6697 9.63295 8.98593
    endloop
  endfacet
  facet normal 0.160988 0.474371 0.86548
    outer loop
      vertex 10.8016 10.1253 8.69161
      vertex 11.05 9.96647 8.73246
      vertex 11.05 10.041 8.69161
    endloop
  endfacet
  facet normal 0.160929 0.474292 0.865534
    outer loop
      vertex 11.05 9.96647 8.73246
      vertex 10.8016 10.1253 8.69161
      vertex 10.6697 9.63295 8.98593
    endloop
  endfacet
  facet normal 0.12325 0.363019 0.923595
    outer loop
      vertex 10.9162 9.54926 8.98593
      vertex 10.6697 9.63295 8.98593
      vertex 10.7081 9.04683 9.21118
    endloop
  endfacet
  facet normal 0.138077 0.694308 0.706308
    outer loop
      vertex 9.64957 11.3484 7.91705
      vertex 9.16119 11.0221 8.33328
      vertex 9.54184 10.9464 8.33328
    endloop
  endfacet
  facet normal 0.171749 0.774855 0.608361
    outer loop
      vertex 9.74231 11.6945 7.45006
      vertex 10.348 11.1936 7.91705
      vertex 10.4407 11.5397 7.45006
    endloop
  endfacet
  facet normal 0.171738 0.77485 0.60837
    outer loop
      vertex 10.348 11.1936 7.91705
      vertex 9.74231 11.6945 7.45006
      vertex 9.64957 11.3484 7.91705
    endloop
  endfacet
  facet normal -0.171048 0.194948 0.965783
    outer loop
      vertex -13.1553 6.98305 9.36353
      vertex -13.5014 7.43413 9.21118
      vertex -13.2416 6.90733 9.36353
    endloop
  endfacet
  facet normal 0.0499443 0.120583 0.991446
    outer loop
      vertex 10.4905 8.52154 9.36353
      vertex 11.05 8.00293 9.39842
      vertex 11.05 8.2898 9.36353
    endloop
  endfacet
  facet normal 0.0499528 0.120592 0.991445
    outer loop
      vertex 11.05 8.00293 9.39842
      vertex 10.4905 8.52154 9.36353
      vertex 10.2672 7.98238 9.44036
    endloop
  endfacet
  facet normal 0.0499527 0.120594 0.991444
    outer loop
      vertex 11.05 8.00293 9.39842
      vertex 10.2672 7.98238 9.44036
      vertex 10.9281 7.70862 9.44036
    endloop
  endfacet
  facet normal 0.0170362 -0.129407 0.991445
    outer loop
      vertex 8.81233 -8.37221 9.44036
      vertex 8.17926 -9.04418 9.36353
      vertex 8.8885 -8.95081 9.36353
    endloop
  endfacet
  facet normal 0.0170359 -0.129407 0.991445
    outer loop
      vertex 8.17926 -9.04418 9.36353
      vertex 8.81233 -8.37221 9.44036
      vertex 8.10308 -8.46558 9.44036
    endloop
  endfacet
  facet normal -0.247062 0.0778938 0.965864
    outer loop
      vertex -16.4527 3.18393 9.21118
      vertex -16.1186 2.35452 9.36353
      vertex -15.9035 3.03677 9.36353
    endloop
  endfacet
  facet normal -0.247062 0.0778938 0.965864
    outer loop
      vertex -16.1186 2.35452 9.36353
      vertex -16.4527 3.18393 9.21118
      vertex -16.6678 2.50168 9.21118
    endloop
  endfacet
  facet normal -0.117355 0.0577768 0.991408
    outer loop
      vertex -15.0366 3.61762 9.44036
      vertex -15.542 3.90941 9.36353
      vertex -15.0536 3.58309 9.44036
    endloop
  endfacet
  facet normal -0.00569807 0.130522 0.991429
    outer loop
      vertex -8.06467 9.05169 9.36353
      vertex -7.34999 8.4993 9.44036
      vertex -7.34999 9.08289 9.36353
    endloop
  endfacet
  facet normal -0.00569807 0.130522 0.991429
    outer loop
      vertex -7.34999 8.4993 9.44036
      vertex -8.06467 9.05169 9.36353
      vertex -8.06467 8.4681 9.44036
    endloop
  endfacet
  facet normal -0.239125 -0.0990278 0.965926
    outer loop
      vertex -15.8665 -3.14551 9.36353
      vertex -16.1181 -4.024 9.21118
      vertex -15.5928 -3.80642 9.36353
    endloop
  endfacet
  facet normal -0.239123 -0.0990285 0.965926
    outer loop
      vertex -16.1181 -4.024 9.21118
      vertex -15.8665 -3.14551 9.36353
      vertex -16.3918 -3.3631 9.21118
    endloop
  endfacet
  facet normal -0.0578485 0.117314 0.991409
    outer loop
      vertex -11.1514 8.24779 9.36353
      vertex -11.2544 8.197 9.36353
      vertex -10.9281 7.70862 9.44036
    endloop
  endfacet
  facet normal -0.139176 0.218484 0.965865
    outer loop
      vertex -12.7766 7.97472 9.21118
      vertex -11.8889 7.86669 9.36353
      vertex -12.1732 8.35909 9.21118
    endloop
  endfacet
  facet normal -0.139176 0.218484 0.965865
    outer loop
      vertex -11.8889 7.86669 9.36353
      vertex -12.7766 7.97472 9.21118
      vertex -12.4923 7.48232 9.36353
    endloop
  endfacet
  facet normal -0.144094 0.215621 0.965787
    outer loop
      vertex -12.7766 7.97472 9.21118
      vertex -12.9339 7.8696 9.21118
      vertex -12.4923 7.48232 9.36353
    endloop
  endfacet
  facet normal -0.115887 0.0603231 0.991429
    outer loop
      vertex -15.542 3.90941 9.36353
      vertex -14.7063 4.25215 9.44036
      vertex -15.2117 4.54395 9.36353
    endloop
  endfacet
  facet normal -0.115887 0.0603243 0.991429
    outer loop
      vertex -14.7063 4.25215 9.44036
      vertex -15.542 3.90941 9.36353
      vertex -15.0366 3.61762 9.44036
    endloop
  endfacet
  facet normal -0.049952 0.120592 0.991445
    outer loop
      vertex -10.4905 8.52154 9.36353
      vertex -10.9281 7.70862 9.44036
      vertex -10.2672 7.98238 9.44036
    endloop
  endfacet
  facet normal -0.0499497 0.120591 0.991445
    outer loop
      vertex -10.9281 7.70862 9.44036
      vertex -10.4905 8.52154 9.36353
      vertex -11.1514 8.24779 9.36353
    endloop
  endfacet
  facet normal -0.0420666 -0.123853 0.991409
    outer loop
      vertex -10.2672 -7.98238 9.44036
      vertex -10.4905 -8.52154 9.36353
      vertex -10.3818 -8.55846 9.36353
    endloop
  endfacet
  facet normal -0.252813 0.288218 0.923588
    outer loop
      vertex -13.8325 7.86557 8.98593
      vertex -14.0282 7.69391 8.98593
      vertex -13.6437 7.30937 9.21118
    endloop
  endfacet
  facet normal -0.258755 0.282372 0.923749
    outer loop
      vertex -14.0282 7.69391 8.98593
      vertex -14.1711 6.82608 9.21118
      vertex -13.6437 7.30937 9.21118
    endloop
  endfacet
  facet normal -0.258755 0.282372 0.923749
    outer loop
      vertex -14.1711 6.82608 9.21118
      vertex -14.0282 7.69391 8.98593
      vertex -14.5556 7.21062 8.98593
    endloop
  endfacet
  facet normal -0.10874 0.0726969 0.991409
    outer loop
      vertex -14.3005 4.88748 9.44036
      vertex -14.8273 5.14727 9.36353
      vertex -14.3219 4.85547 9.44036
    endloop
  endfacet
  facet normal -0.318735 0.21306 0.923587
    outer loop
      vertex -15.646 5.91993 8.98593
      vertex -15.7907 5.70346 8.98593
      vertex -15.2146 5.58887 9.21118
    endloop
  endfacet
  facet normal 0.00569807 -0.130522 0.991429
    outer loop
      vertex 7.34999 -8.4993 9.44036
      vertex 8.06467 -9.05169 9.36353
      vertex 8.06467 -8.4681 9.44036
    endloop
  endfacet
  facet normal 0.00569807 -0.130522 0.991429
    outer loop
      vertex 8.06467 -9.05169 9.36353
      vertex 7.34999 -8.4993 9.44036
      vertex 7.34999 -9.08289 9.36353
    endloop
  endfacet
  facet normal -0.0982975 0.0862978 0.991408
    outer loop
      vertex -14.2523 5.89662 9.36353
      vertex -14.3281 5.81028 9.36353
      vertex -13.8651 5.45502 9.44036
    endloop
  endfacet
  facet normal -0.0983113 0.0862856 0.991408
    outer loop
      vertex -13.8397 5.48396 9.44036
      vertex -14.2523 5.89662 9.36353
      vertex -13.8651 5.45502 9.44036
    endloop
  endfacet
  facet normal -0.449167 0.221597 0.865531
    outer loop
      vertex -16.9468 4.72049 8.69161
      vertex -17.0915 4.42719 8.69161
      vertex -16.5054 4.46561 8.98593
    endloop
  endfacet
  facet normal 0.0603966 -0.922212 0.381938
    outer loop
      vertex 8.59146 -12.1752 6.9403
      vertex 8.06467 -12.2097 6.9403
      vertex 8.62086 -12.3985 6.39648
    endloop
  endfacet
  facet normal -0.034615 -0.792906 0.60836
    outer loop
      vertex -8.06467 -11.9154 7.45006
      vertex -7.34999 -11.5883 7.91705
      vertex -8.06467 -11.5571 7.91705
    endloop
  endfacet
  facet normal -0.034615 -0.792906 0.60836
    outer loop
      vertex -7.34999 -11.5883 7.91705
      vertex -8.06467 -11.9154 7.45006
      vertex -7.34999 -11.9466 7.45006
    endloop
  endfacet
  facet normal -0.0603192 -0.115887 0.991429
    outer loop
      vertex -11.5972 -7.36128 9.44036
      vertex -11.2544 -8.197 9.36353
      vertex -10.9626 -7.69159 9.44036
    endloop
  endfacet
  facet normal -0.0603312 -0.115892 0.991428
    outer loop
      vertex -11.2544 -8.197 9.36353
      vertex -11.5972 -7.36128 9.44036
      vertex -11.8889 -7.86669 9.36353
    endloop
  endfacet
  facet normal -0.129406 -0.0170416 0.991445
    outer loop
      vertex -15.8106 -0.75808 9.44036
      vertex -16.2958 -1.5435 9.36353
      vertex -15.7172 -1.46732 9.44036
    endloop
  endfacet
  facet normal -0.129406 -0.0170415 0.991445
    outer loop
      vertex -16.2958 -1.5435 9.36353
      vertex -15.8106 -0.75808 9.44036
      vertex -16.3892 -0.834255 9.36353
    endloop
  endfacet
  facet normal -0.0392876 -0.124595 0.99143
    outer loop
      vertex -10.3818 -8.55846 9.36353
      vertex -9.54848 -8.20987 9.44036
      vertex -10.2307 -7.99475 9.44036
    endloop
  endfacet
  facet normal -0.0392845 -0.124602 0.991429
    outer loop
      vertex -9.54848 -8.20987 9.44036
      vertex -10.3818 -8.55846 9.36353
      vertex -9.69952 -8.77357 9.36353
    endloop
  endfacet
  facet normal -0.0419801 0.12387 0.99141
    outer loop
      vertex -10.2307 7.99475 9.44036
      vertex -10.3818 8.55846 9.36353
      vertex -10.2672 7.98238 9.44036
    endloop
  endfacet
  facet normal -0.288216 0.252819 0.923588
    outer loop
      vertex -15.0389 6.6832 8.98593
      vertex -15.2106 6.48746 8.98593
      vertex -14.6544 6.29866 9.21118
    endloop
  endfacet
  facet normal -0.513766 0.327256 0.793062
    outer loop
      vertex -16.6366 6.19184 8.33328
      vertex -16.6165 5.35503 8.69161
      vertex -16.2322 5.95835 8.69161
    endloop
  endfacet
  facet normal -0.513766 0.327256 0.793062
    outer loop
      vertex -16.6165 5.35503 8.69161
      vertex -16.6366 6.19184 8.33328
      vertex -17.0209 5.58852 8.33328
    endloop
  endfacet
  facet normal -0.363031 0.123106 0.923609
    outer loop
      vertex -16.8943 3.57121 8.98593
      vertex -16.9779 3.32468 8.98593
      vertex -16.3918 3.3631 9.21118
    endloop
  endfacet
  facet normal -0.474333 0.160849 0.865526
    outer loop
      vertex -16.8943 3.57121 8.98593
      vertex -17.3652 3.76629 8.69161
      vertex -16.9779 3.32468 8.98593
    endloop
  endfacet
  facet normal -0.114707 -0.232593 0.965786
    outer loop
      vertex -11.2544 -8.197 9.36353
      vertex -11.5387 -8.68939 9.21118
      vertex -11.369 -8.77308 9.21118
    endloop
  endfacet
  facet normal 0.0112984 -0.258806 0.965863
    outer loop
      vertex 7.34999 -9.08289 9.36353
      vertex 8.06467 -9.62026 9.21118
      vertex 8.06467 -9.05169 9.36353
    endloop
  endfacet
  facet normal 0.0112984 -0.258806 0.965863
    outer loop
      vertex 8.06467 -9.62026 9.21118
      vertex 7.34999 -9.08289 9.36353
      vertex 7.34999 -9.65146 9.21118
    endloop
  endfacet
  facet normal -0.0748024 -0.375998 0.923596
    outer loop
      vertex -9.14829 -9.4776 9.21118
      vertex -9.28904 -10.0029 8.98593
      vertex -8.96271 -9.51452 9.21118
    endloop
  endfacet
  facet normal -0.0337823 -0.256611 0.965924
    outer loop
      vertex -8.8885 -8.95081 9.36353
      vertex -8.25347 -9.60788 9.21118
      vertex -8.17926 -9.04418 9.36353
    endloop
  endfacet
  facet normal -0.0337782 -0.256607 0.965925
    outer loop
      vertex -8.25347 -9.60788 9.21118
      vertex -8.8885 -8.95081 9.36353
      vertex -8.96271 -9.51452 9.21118
    endloop
  endfacet
  facet normal -0.0778975 -0.247073 0.965861
    outer loop
      vertex -10.5289 -9.10765 9.21118
      vertex -9.69952 -8.77357 9.36353
      vertex -10.3818 -8.55846 9.36353
    endloop
  endfacet
  facet normal -0.0779036 -0.247059 0.965864
    outer loop
      vertex -9.69952 -8.77357 9.36353
      vertex -10.5289 -9.10765 9.21118
      vertex -9.84668 -9.32277 9.21118
    endloop
  endfacet
  facet normal -0.0255212 0.128286 0.991409
    outer loop
      vertex -8.81233 8.37221 9.44036
      vertex -8.8885 8.95081 9.36353
      vertex -8.85008 8.3647 9.44036
    endloop
  endfacet
  facet normal -0.0170359 0.129407 0.991445
    outer loop
      vertex -8.17926 9.04418 9.36353
      vertex -8.81233 8.37221 9.44036
      vertex -8.10308 8.46558 9.44036
    endloop
  endfacet
  facet normal -0.0170362 0.129407 0.991445
    outer loop
      vertex -8.81233 8.37221 9.44036
      vertex -8.17926 9.04418 9.36353
      vertex -8.8885 8.95081 9.36353
    endloop
  endfacet
  facet normal -0.190978 -0.175002 0.965868
    outer loop
      vertex -14.6544 -6.29866 9.21118
      vertex -13.769 -6.42404 9.36353
      vertex -14.2523 -5.89662 9.36353
    endloop
  endfacet
  facet normal -0.190978 -0.175002 0.965868
    outer loop
      vertex -13.769 -6.42404 9.36353
      vertex -14.6544 -6.29866 9.21118
      vertex -14.1711 -6.82608 9.21118
    endloop
  endfacet
  facet normal -0.195004 -0.170946 0.96579
    outer loop
      vertex -14.2523 -5.89662 9.36353
      vertex -14.7791 -6.15641 9.21118
      vertex -14.6544 -6.29866 9.21118
    endloop
  endfacet
  facet normal -0.218476 -0.1392 0.965863
    outer loop
      vertex -15.2117 -4.54395 9.36353
      vertex -15.3197 -5.43155 9.21118
      vertex -14.8273 -5.14727 9.36353
    endloop
  endfacet
  facet normal -0.218476 -0.1392 0.965863
    outer loop
      vertex -15.3197 -5.43155 9.21118
      vertex -15.2117 -4.54395 9.36353
      vertex -15.7041 -4.82823 9.21118
    endloop
  endfacet
  facet normal -0.318735 -0.21306 0.923587
    outer loop
      vertex -15.2146 -5.58887 9.21118
      vertex -15.7907 -5.70346 8.98593
      vertex -15.646 -5.91993 8.98593
    endloop
  endfacet
  facet normal -0.124602 0.0392845 0.991429
    outer loop
      vertex -15.9035 3.03677 9.36353
      vertex -15.5549 2.20348 9.44036
      vertex -15.3398 2.88573 9.44036
    endloop
  endfacet
  facet normal -0.124602 0.0392845 0.991429
    outer loop
      vertex -15.5549 2.20348 9.44036
      vertex -15.9035 3.03677 9.36353
      vertex -16.1186 2.35452 9.36353
    endloop
  endfacet
  facet normal 0.0392876 -0.124595 0.99143
    outer loop
      vertex 9.54848 -8.20987 9.44036
      vertex 10.3818 -8.55846 9.36353
      vertex 10.2307 -7.99475 9.44036
    endloop
  endfacet
  facet normal 0.0392845 -0.124602 0.991429
    outer loop
      vertex 10.3818 -8.55846 9.36353
      vertex 9.54848 -8.20987 9.44036
      vertex 9.69952 -8.77357 9.36353
    endloop
  endfacet
  facet normal 0.0255137 -0.128286 0.991409
    outer loop
      vertex 9.00113 -8.92841 9.36353
      vertex 8.85008 -8.3647 9.44036
      vertex 8.8885 -8.95081 9.36353
    endloop
  endfacet
  facet normal 0.0834038 -0.245558 0.965787
    outer loop
      vertex 10.4905 -8.52154 9.36353
      vertex 10.3818 -8.55846 9.36353
      vertex 10.7081 -9.04683 9.21118
    endloop
  endfacet
  facet normal 0.0420666 -0.123853 0.991409
    outer loop
      vertex 10.4905 -8.52154 9.36353
      vertex 10.2672 -7.98238 9.44036
      vertex 10.3818 -8.55846 9.36353
    endloop
  endfacet
  facet normal 0.0828982 -0.373904 0.923755
    outer loop
      vertex 9.84668 -9.32277 9.21118
      vertex 9.28904 -10.0029 8.98593
      vertex 9.98743 -9.84806 8.98593
    endloop
  endfacet
  facet normal 0.0828919 -0.373899 0.923758
    outer loop
      vertex 9.28904 -10.0029 8.98593
      vertex 9.84668 -9.32277 9.21118
      vertex 9.14829 -9.4776 9.21118
    endloop
  endfacet
  facet normal 0.0560691 -0.25291 0.965864
    outer loop
      vertex 9.69952 -8.77357 9.36353
      vertex 9.14829 -9.4776 9.21118
      vertex 9.84668 -9.32277 9.21118
    endloop
  endfacet
  facet normal 0.0560734 -0.252913 0.965863
    outer loop
      vertex 9.14829 -9.4776 9.21118
      vertex 9.69952 -8.77357 9.36353
      vertex 9.00113 -8.92841 9.36353
    endloop
  endfacet
  facet normal 0.0505878 -0.254362 0.965785
    outer loop
      vertex 9.00113 -8.92841 9.36353
      vertex 8.8885 -8.95081 9.36353
      vertex 9.14829 -9.4776 9.21118
    endloop
  endfacet
  facet normal 0.0499611 -0.379389 0.923887
    outer loop
      vertex 8.96271 -9.51452 9.21118
      vertex 8.32445 -10.1471 8.98593
      vertex 9.0337 -10.0537 8.98593
    endloop
  endfacet
  facet normal 0.0499378 -0.379369 0.923897
    outer loop
      vertex 8.32445 -10.1471 8.98593
      vertex 8.96271 -9.51452 9.21118
      vertex 8.25347 -9.60788 9.21118
    endloop
  endfacet
  facet normal -0.363031 -0.123106 0.923609
    outer loop
      vertex -16.3918 -3.3631 9.21118
      vertex -16.9779 -3.32468 8.98593
      vertex -16.8943 -3.57121 8.98593
    endloop
  endfacet
  facet normal -0.258783 0.0169962 0.965786
    outer loop
      vertex -16.9529 0.908468 9.21118
      vertex -16.9653 0.719666 9.21118
      vertex -16.3892 0.834255 9.36353
    endloop
  endfacet
  facet normal -0.488507 0.108277 0.865816
    outer loop
      vertex -17.8403 2.07597 8.69161
      vertex -17.1931 2.64243 8.98593
      vertex -17.6855 2.77437 8.69161
    endloop
  endfacet
  facet normal -0.488508 0.108279 0.865815
    outer loop
      vertex -17.1931 2.64243 8.98593
      vertex -17.8403 2.07597 8.69161
      vertex -17.3479 1.94404 8.98593
    endloop
  endfacet
  facet normal -0.123835 0.0421363 0.991408
    outer loop
      vertex -15.8665 3.14551 9.36353
      vertex -15.9035 3.03677 9.36353
      vertex -15.3274 2.92218 9.44036
    endloop
  endfacet
  facet normal -0.245501 0.0835346 0.96579
    outer loop
      vertex -15.8665 3.14551 9.36353
      vertex -16.3918 3.3631 9.21118
      vertex -15.9035 3.03677 9.36353
    endloop
  endfacet
  facet normal -0.608287 0.0397044 0.792724
    outer loop
      vertex -17.9975 1.04599 8.69161
      vertex -18.4605 1.10694 8.33328
      vertex -18.0188 0.719666 8.69161
    endloop
  endfacet
  facet normal -0.25661 0.0337927 0.965924
    outer loop
      vertex -16.8595 1.61771 9.21118
      vertex -16.3892 0.834255 9.36353
      vertex -16.2958 1.5435 9.36353
    endloop
  endfacet
  facet normal -0.256609 0.0337929 0.965924
    outer loop
      vertex -16.3892 0.834255 9.36353
      vertex -16.8595 1.61771 9.21118
      vertex -16.9529 0.908468 9.21118
    endloop
  endfacet
  facet normal -0.597853 0.118895 0.792739
    outer loop
      vertex -18.2914 2.19684 8.33328
      vertex -18.3671 1.81619 8.33328
      vertex -17.8403 2.07597 8.69161
    endloop
  endfacet
  facet normal -0.495731 0.0652831 0.866019
    outer loop
      vertex -17.9041 1.75523 8.69161
      vertex -17.4921 0.979451 8.98593
      vertex -17.3987 1.68869 8.98593
    endloop
  endfacet
  facet normal -0.495732 0.065283 0.866019
    outer loop
      vertex -17.4921 0.979451 8.98593
      vertex -17.9041 1.75523 8.69161
      vertex -17.9975 1.04599 8.69161
    endloop
  endfacet
  facet normal -0.13052 -0.005698 0.991429
    outer loop
      vertex -15.8443 -0.00498962 9.44036
      vertex -16.3967 -0.719666 9.36353
      vertex -15.8131 -0.719666 9.44036
    endloop
  endfacet
  facet normal -0.13052 -0.005698 0.991429
    outer loop
      vertex -16.3967 -0.719666 9.36353
      vertex -15.8443 -0.00498962 9.44036
      vertex -16.4279 -0.00498962 9.36353
    endloop
  endfacet
  facet normal -0.0983113 -0.0862856 0.991408
    outer loop
      vertex -13.8651 -5.45502 9.44036
      vertex -14.2523 -5.89662 9.36353
      vertex -13.8397 -5.48396 9.44036
    endloop
  endfacet
  facet normal -0.127552 -0.0282718 0.991429
    outer loop
      vertex -16.2734 -1.65613 9.36353
      vertex -15.5549 -2.20348 9.44036
      vertex -15.7097 -1.50508 9.44036
    endloop
  endfacet
  facet normal -0.127552 -0.0282723 0.991429
    outer loop
      vertex -15.5549 -2.20348 9.44036
      vertex -16.2734 -1.65613 9.36353
      vertex -16.1186 -2.35452 9.36353
    endloop
  endfacet
  facet normal -0.499938 -0.0218253 0.865786
    outer loop
      vertex -17.5403 -0.00498962 8.98593
      vertex -18.0188 -0.719666 8.69161
      vertex -17.5091 -0.719666 8.98593
    endloop
  endfacet
  facet normal -0.499863 -0.021892 0.865828
    outer loop
      vertex -18.0188 -0.719666 8.69161
      vertex -17.5403 -0.00498962 8.98593
      vertex -18.0501 -0.00498962 8.69161
    endloop
  endfacet
  facet normal -0.792906 -0.0346152 0.60836
    outer loop
      vertex -19.2604 -0.719666 7.45006
      vertex -18.9333 -0.00498962 7.91705
      vertex -19.2916 -0.00498962 7.45006
    endloop
  endfacet
  facet normal -0.792906 -0.0346152 0.60836
    outer loop
      vertex -18.9333 -0.00498962 7.91705
      vertex -19.2604 -0.719666 7.45006
      vertex -18.9021 -0.719666 7.91705
    endloop
  endfacet
  facet normal -0.499983 0 0.866035
    outer loop
      vertex -18.0501 0.00498962 8.69161
      vertex -17.5403 -0.00498962 8.98593
      vertex -17.5403 0.00498962 8.98593
    endloop
  endfacet
  facet normal -0.499983 0 0.866035
    outer loop
      vertex -17.5403 -0.00498962 8.98593
      vertex -18.0501 0.00498962 8.69161
      vertex -18.0501 -0.00498962 8.69161
    endloop
  endfacet
  facet normal -0.745397 0.653779 0.13022
    outer loop
      vertex -16.8067 8.45102 5.24431
      vertex -17.1331 7.96264 5.8279
      vertex -16.7524 8.39669 5.8279
    endloop
  endfacet
  facet normal -0.712201 0.652623 0.258558
    outer loop
      vertex -16.7524 8.39669 5.8279
      vertex -16.1614 8.81638 6.39648
      vertex -16.2691 8.92411 5.8279
    endloop
  endfacet
  facet normal -0.712201 0.652623 0.258558
    outer loop
      vertex -16.1614 8.81638 6.39648
      vertex -16.7524 8.39669 5.8279
      vertex -16.6447 8.28896 6.39648
    endloop
  endfacet
  facet normal -0.660171 0.441098 0.607953
    outer loop
      vertex -17.0355 6.98606 7.45006
      vertex -17.3074 6.57912 7.45006
      vertex -16.7512 6.76792 7.91705
    endloop
  endfacet
  facet normal -0.131803 -0.594673 0.79309
    outer loop
      vertex -10.1194 -10.3405 8.69161
      vertex -9.54184 -10.9464 8.33328
      vertex -9.42097 -10.4953 8.69161
    endloop
  endfacet
  facet normal -0.131917 -0.59474 0.793021
    outer loop
      vertex -9.54184 -10.9464 8.33328
      vertex -10.1194 -10.3405 8.69161
      vertex -10.2402 -10.7915 8.33328
    endloop
  endfacet
  facet normal -0.31062 -0.914788 0.258222
    outer loop
      vertex -11.7852 -11.6473 6.39648
      vertex -11.8435 -11.788 5.8279
      vertex -11.2969 -11.9736 5.8279
    endloop
  endfacet
  facet normal -0.694804 -0.609361 0.382004
    outer loop
      vertex -16.4854 -8.12968 6.9403
      vertex -16.8335 -7.73277 6.9403
      vertex -16.6447 -8.28896 6.39648
    endloop
  endfacet
  facet normal -0.521586 -0.477954 0.706759
    outer loop
      vertex -16.0239 -7.66819 7.91705
      vertex -15.2463 -7.90129 8.33328
      vertex -15.7296 -7.37387 8.33328
    endloop
  endfacet
  facet normal -0.521586 -0.477954 0.706759
    outer loop
      vertex -15.2463 -7.90129 8.33328
      vertex -16.0239 -7.66819 7.91705
      vertex -15.5406 -8.19561 7.91705
    endloop
  endfacet
  facet normal -0.652629 -0.712195 0.258561
    outer loop
      vertex -15.7417 -9.4074 5.8279
      vertex -16.1614 -8.81638 6.39648
      vertex -16.2691 -8.92411 5.8279
    endloop
  endfacet
  facet normal -0.652629 -0.712195 0.258561
    outer loop
      vertex -16.1614 -8.81638 6.39648
      vertex -15.7417 -9.4074 5.8279
      vertex -15.634 -9.29967 6.39648
    endloop
  endfacet
  facet normal -0.660171 -0.441098 0.607953
    outer loop
      vertex -16.7512 -6.76792 7.91705
      vertex -17.3074 -6.57912 7.45006
      vertex -17.0355 -6.98606 7.45006
    endloop
  endfacet
  facet normal -0.638651 -0.585226 0.499636
    outer loop
      vertex -16.4854 -8.12968 6.9403
      vertex -15.794 -8.44899 7.45006
      vertex -16.2773 -7.92157 7.45006
    endloop
  endfacet
  facet normal -0.638651 -0.585226 0.499636
    outer loop
      vertex -15.794 -8.44899 7.45006
      vertex -16.4854 -8.12968 6.9403
      vertex -16.0021 -8.6571 6.9403
    endloop
  endfacet
  facet normal -0.60936 -0.694806 0.382001
    outer loop
      vertex -15.4747 -9.14039 6.9403
      vertex -15.634 -9.29967 6.39648
      vertex -15.0778 -9.48848 6.9403
    endloop
  endfacet
  facet normal -0.5235 -0.596988 0.607908
    outer loop
      vertex -14.6805 -8.9707 7.91705
      vertex -15.2666 -8.93228 7.45006
      vertex -14.8986 -9.25498 7.45006
    endloop
  endfacet
  facet normal -0.426658 -0.819602 0.38238
    outer loop
      vertex -12.9461 -11.127 6.39648
      vertex -13.468 -10.6016 6.9403
      vertex -13.5806 -10.7967 6.39648
    endloop
  endfacet
  facet normal -0.426593 -0.819606 0.382446
    outer loop
      vertex -13.468 -10.6016 6.9403
      vertex -12.9461 -11.127 6.39648
      vertex -12.8334 -10.9319 6.9403
    endloop
  endfacet
  facet normal -0.351117 -0.712103 0.607969
    outer loop
      vertex -12.1102 -10.5624 7.91705
      vertex -12.5071 -10.3667 7.91705
      vertex -12.2473 -10.8935 7.45006
    endloop
  endfacet
  facet normal -0.53658 -0.803311 0.258406
    outer loop
      vertex -14.1839 -10.4123 6.39648
      vertex -14.6474 -10.1027 6.39648
      vertex -14.2601 -10.5443 5.8279
    endloop
  endfacet
  facet normal -0.518967 -0.81471 0.258692
    outer loop
      vertex -13.6568 -10.9286 5.8279
      vertex -14.1839 -10.4123 6.39648
      vertex -14.2601 -10.5443 5.8279
    endloop
  endfacet
  facet normal -0.519083 -0.814679 0.258557
    outer loop
      vertex -14.1839 -10.4123 6.39648
      vertex -13.6568 -10.9286 5.8279
      vertex -13.5806 -10.7967 6.39648
    endloop
  endfacet
  facet normal -0.369575 -0.892408 0.258886
    outer loop
      vertex -11.8435 -11.788 5.8279
      vertex -12.4461 -11.3735 6.39648
      vertex -12.5044 -11.5143 5.8279
    endloop
  endfacet
  facet normal -0.369705 -0.892397 0.258739
    outer loop
      vertex -12.4461 -11.3735 6.39648
      vertex -11.8435 -11.788 5.8279
      vertex -11.7852 -11.6473 6.39648
    endloop
  endfacet
  facet normal -0.457744 -0.879457 0.130484
    outer loop
      vertex -13.0606 -11.3255 5.24431
      vertex -13.6568 -10.9286 5.8279
      vertex -13.6952 -10.9952 5.24431
    endloop
  endfacet
  facet normal -0.457744 -0.879457 0.130484
    outer loop
      vertex -13.6568 -10.9286 5.8279
      vertex -13.0606 -11.3255 5.24431
      vertex -13.0222 -11.2589 5.8279
    endloop
  endfacet
  facet normal -0.443845 -0.23111 0.865788
    outer loop
      vertex -16.9468 -4.72049 8.69161
      vertex -16.175 -5.10014 8.98593
      vertex -16.5054 -4.46561 8.98593
    endloop
  endfacet
  facet normal -0.443816 -0.231022 0.865827
    outer loop
      vertex -16.175 -5.10014 8.98593
      vertex -16.9468 -4.72049 8.69161
      vertex -16.6165 -5.35503 8.69161
    endloop
  endfacet
  facet normal -0.353566 -0.146423 0.923878
    outer loop
      vertex -16.3918 -3.3631 9.21118
      vertex -16.6205 -4.23211 8.98593
      vertex -16.1181 -4.024 9.21118
    endloop
  endfacet
  facet normal -0.353496 -0.146447 0.923901
    outer loop
      vertex -16.6205 -4.23211 8.98593
      vertex -16.3918 -3.3631 9.21118
      vertex -16.8943 -3.57121 8.98593
    endloop
  endfacet
  facet normal -0.232584 -0.114722 0.965786
    outer loop
      vertex -15.5928 -3.80642 9.36353
      vertex -16.1181 -4.024 9.21118
      vertex -15.542 -3.90941 9.36353
    endloop
  endfacet
  facet normal -0.461912 -0.191363 0.866036
    outer loop
      vertex -16.8943 -3.57121 8.98593
      vertex -17.0915 -4.42719 8.69161
      vertex -16.6205 -4.23211 8.98593
    endloop
  endfacet
  facet normal -0.462 -0.191329 0.865996
    outer loop
      vertex -17.0915 -4.42719 8.69161
      vertex -16.8943 -3.57121 8.98593
      vertex -17.3652 -3.76629 8.69161
    endloop
  endfacet
  facet normal -0.67031 -0.227612 0.706312
    outer loop
      vertex -17.7967 -3.945 8.33328
      vertex -18.3235 -3.68521 7.91705
      vertex -18.1812 -4.10428 7.91705
    endloop
  endfacet
  facet normal -0.6533 -0.270652 0.707069
    outer loop
      vertex -17.7967 -3.945 8.33328
      vertex -17.9074 -4.76518 7.91705
      vertex -17.5229 -4.6059 8.33328
    endloop
  endfacet
  facet normal -0.6533 -0.270652 0.707069
    outer loop
      vertex -17.9074 -4.76518 7.91705
      vertex -17.7967 -3.945 8.33328
      vertex -18.1812 -4.10428 7.91705
    endloop
  endfacet
  facet normal -0.580893 -0.183229 0.793089
    outer loop
      vertex -17.6855 -2.77437 8.69161
      vertex -17.9214 -3.57749 8.33328
      vertex -17.4703 -3.45662 8.69161
    endloop
  endfacet
  facet normal -0.580993 -0.183173 0.793029
    outer loop
      vertex -17.9214 -3.57749 8.33328
      vertex -17.6855 -2.77437 8.69161
      vertex -18.1365 -2.89523 8.33328
    endloop
  endfacet
  facet normal -0.577197 -0.195897 0.792759
    outer loop
      vertex -17.4703 -3.45662 8.69161
      vertex -17.7967 -3.945 8.33328
      vertex -17.3652 -3.76629 8.69161
    endloop
  endfacet
  facet normal -0.634921 -0.313045 0.706313
    outer loop
      vertex -17.5229 -4.6059 8.33328
      vertex -17.9074 -4.76518 7.91705
      vertex -17.7117 -5.1621 7.91705
    endloop
  endfacet
  facet normal -0.800087 -0.331463 0.499993
    outer loop
      vertex -18.7842 -4.35404 6.9403
      vertex -18.2385 -4.90231 7.45006
      vertex -18.5123 -4.24141 7.45006
    endloop
  endfacet
  facet normal -0.800087 -0.331463 0.499993
    outer loop
      vertex -18.2385 -4.90231 7.45006
      vertex -18.7842 -4.35404 6.9403
      vertex -18.5104 -5.01494 6.9403
    endloop
  endfacet
  facet normal -0.422003 -0.268806 0.865827
    outer loop
      vertex -16.175 -5.10014 8.98593
      vertex -16.2322 -5.95835 8.69161
      vertex -15.7907 -5.70346 8.98593
    endloop
  endfacet
  facet normal -0.422003 -0.268806 0.865827
    outer loop
      vertex -16.2322 -5.95835 8.69161
      vertex -16.175 -5.10014 8.98593
      vertex -16.6165 -5.35503 8.69161
    endloop
  endfacet
  facet normal -0.594672 -0.131809 0.79309
    outer loop
      vertex -18.2914 -2.19684 8.33328
      vertex -17.6855 -2.77437 8.69161
      vertex -17.8403 -2.07597 8.69161
    endloop
  endfacet
  facet normal -0.594731 -0.131909 0.793029
    outer loop
      vertex -17.6855 -2.77437 8.69161
      vertex -18.2914 -2.19684 8.33328
      vertex -18.1365 -2.89523 8.33328
    endloop
  endfacet
  facet normal -0.774848 -0.171747 0.60837
    outer loop
      vertex -19.0395 -2.39731 7.45006
      vertex -18.5386 -3.00296 7.91705
      vertex -18.6934 -2.30457 7.91705
    endloop
  endfacet
  facet normal -0.774848 -0.171747 0.60837
    outer loop
      vertex -18.5386 -3.00296 7.91705
      vertex -19.0395 -2.39731 7.45006
      vertex -18.8847 -3.0957 7.45006
    endloop
  endfacet
  facet normal -0.778761 0.154837 0.607912
    outer loop
      vertex -18.6934 2.30457 7.91705
      vertex -19.0395 2.39731 7.45006
      vertex -18.7797 1.87052 7.91705
    endloop
  endfacet
  facet normal -0.694329 0.13805 0.706293
    outer loop
      vertex -18.6934 2.30457 7.91705
      vertex -18.7797 1.87052 7.91705
      vertex -18.3671 1.81619 8.33328
    endloop
  endfacet
  facet normal -0.670286 0.227435 0.706392
    outer loop
      vertex -17.7967 3.945 8.33328
      vertex -18.3235 3.68521 7.91705
      vertex -17.9214 3.57749 8.33328
    endloop
  endfacet
  facet normal -0.751825 0.255178 0.607983
    outer loop
      vertex -18.5123 4.24141 7.45006
      vertex -18.6696 3.77796 7.45006
      vertex -18.1812 4.10428 7.91705
    endloop
  endfacet
  facet normal -0.756923 0.238639 0.608374
    outer loop
      vertex -18.8847 3.0957 7.45006
      vertex -18.3235 3.68521 7.91705
      vertex -18.6696 3.77796 7.45006
    endloop
  endfacet
  facet normal -0.756924 0.238643 0.608371
    outer loop
      vertex -18.3235 3.68521 7.91705
      vertex -18.8847 3.0957 7.45006
      vertex -18.5386 3.00296 7.91705
    endloop
  endfacet
  facet normal -0.706711 0.0308523 0.70683
    outer loop
      vertex -18.9333 0.00498962 7.91705
      vertex -18.4858 0.719666 8.33328
      vertex -18.9021 0.719666 7.91705
    endloop
  endfacet
  facet normal -0.706711 0.0308523 0.70683
    outer loop
      vertex -18.4858 0.719666 8.33328
      vertex -18.9333 0.00498962 7.91705
      vertex -18.517 0.00498962 8.33328
    endloop
  endfacet
  facet normal -0.706398 -0.046389 0.706293
    outer loop
      vertex -18.4605 -1.10694 8.33328
      vertex -18.9021 -0.719666 7.91705
      vertex -18.8731 -1.16127 7.91705
    endloop
  endfacet
  facet normal -0.792248 -0.0520267 0.607977
    outer loop
      vertex -18.9021 -0.719666 7.91705
      vertex -19.2284 -1.20804 7.45006
      vertex -18.8731 -1.16127 7.91705
    endloop
  endfacet
  facet normal -0.477967 -0.521581 0.706754
    outer loop
      vertex -15.2463 -7.90129 8.33328
      vertex -15.0132 -8.6789 7.91705
      vertex -14.7189 -8.38459 8.33328
    endloop
  endfacet
  facet normal -0.477958 -0.521581 0.70676
    outer loop
      vertex -15.0132 -8.6789 7.91705
      vertex -15.2463 -7.90129 8.33328
      vertex -15.5406 -8.19561 7.91705
    endloop
  endfacet
  facet normal -0.411526 -0.449086 0.793076
    outer loop
      vertex -14.9161 -7.57108 8.69161
      vertex -14.7189 -8.38459 8.33328
      vertex -14.3887 -8.05437 8.69161
    endloop
  endfacet
  facet normal -0.411534 -0.449086 0.793071
    outer loop
      vertex -14.7189 -8.38459 8.33328
      vertex -14.9161 -7.57108 8.69161
      vertex -15.2463 -7.90129 8.33328
    endloop
  endfacet
  facet normal -0.669337 -0.426462 0.608374
    outer loop
      vertex -17.6917 -5.9758 7.45006
      vertex -16.997 -6.39995 7.91705
      vertex -17.3814 -5.79663 7.91705
    endloop
  endfacet
  facet normal -0.669327 -0.426345 0.608466
    outer loop
      vertex -16.997 -6.39995 7.91705
      vertex -17.6917 -5.9758 7.45006
      vertex -17.3074 -6.57912 7.45006
    endloop
  endfacet
  facet normal -0.814692 -0.519074 0.258531
    outer loop
      vertex -18.2736 -6.31176 5.8279
      vertex -17.7573 -6.83891 6.39648
      vertex -18.1417 -6.23559 6.39648
    endloop
  endfacet
  facet normal -0.814723 -0.518959 0.258666
    outer loop
      vertex -17.7573 -6.83891 6.39648
      vertex -18.2736 -6.31176 5.8279
      vertex -17.8893 -6.91508 5.8279
    endloop
  endfacet
  facet normal -0.768378 -0.513419 0.382095
    outer loop
      vertex -17.2689 -7.16523 6.9403
      vertex -17.5622 -6.72628 6.9403
      vertex -17.4477 -7.30236 6.39648
    endloop
  endfacet
  facet normal -0.779267 -0.496503 0.382399
    outer loop
      vertex -18.1417 -6.23559 6.39648
      vertex -17.5622 -6.72628 6.9403
      vertex -17.9466 -6.12296 6.9403
    endloop
  endfacet
  facet normal -0.779267 -0.496503 0.382399
    outer loop
      vertex -17.5622 -6.72628 6.9403
      vertex -18.1417 -6.23559 6.39648
      vertex -17.7573 -6.83891 6.39648
    endloop
  endfacet
  facet normal -0.77713 -0.383247 0.49919
    outer loop
      vertex -18.2385 -4.90231 7.45006
      vertex -18.5104 -5.01494 6.9403
      vertex -18.2769 -5.48842 6.9403
    endloop
  endfacet
  facet normal -0.819606 -0.426633 0.3824
    outer loop
      vertex -18.472 -5.60105 6.39648
      vertex -17.9466 -6.12296 6.9403
      vertex -18.2769 -5.48842 6.9403
    endloop
  endfacet
  facet normal -0.819606 -0.426633 0.3824
    outer loop
      vertex -17.9466 -6.12296 6.9403
      vertex -18.472 -5.60105 6.39648
      vertex -18.1417 -6.23559 6.39648
    endloop
  endfacet
  facet normal -0.853538 -0.353607 0.382668
    outer loop
      vertex -18.9923 -4.44024 6.39648
      vertex -18.5104 -5.01494 6.9403
      vertex -18.7842 -4.35404 6.9403
    endloop
  endfacet
  facet normal -0.853538 -0.353607 0.382668
    outer loop
      vertex -18.5104 -5.01494 6.9403
      vertex -18.9923 -4.44024 6.39648
      vertex -18.7185 -5.10114 6.39648
    endloop
  endfacet
  facet normal -0.777092 -0.383279 0.499224
    outer loop
      vertex -18.2385 -4.90231 7.45006
      vertex -18.2769 -5.48842 6.9403
      vertex -18.022 -5.34126 7.45006
    endloop
  endfacet
  facet normal -0.75184 -0.255296 0.607915
    outer loop
      vertex -18.3235 -3.68521 7.91705
      vertex -18.6696 -3.77796 7.45006
      vertex -18.1812 -4.10428 7.91705
    endloop
  endfacet
  facet normal -0.964012 -0.0632629 0.258221
    outer loop
      vertex -19.78 -0.719666 6.39648
      vertex -19.9323 -0.719666 5.8279
      vertex -19.7435 -1.27586 6.39648
    endloop
  endfacet
  facet normal -0.889185 -0.438591 0.130341
    outer loop
      vertex -18.6039 -5.67723 5.8279
      vertex -18.8593 -5.15944 5.8279
      vertex -18.6705 -5.71564 5.24431
    endloop
  endfacet
  facet normal -0.879435 -0.457784 0.130492
    outer loop
      vertex -18.6705 -5.71564 5.24431
      vertex -18.2736 -6.31176 5.8279
      vertex -18.6039 -5.67723 5.8279
    endloop
  endfacet
  facet normal -0.879437 -0.457777 0.1305
    outer loop
      vertex -18.2736 -6.31176 5.8279
      vertex -18.6705 -5.71564 5.24431
      vertex -18.3402 -6.35018 5.24431
    endloop
  endfacet
  facet normal -0.659353 -0.751834 0
    outer loop
      vertex -15.796 -9.46173 5.15
      vertex -15.3544 -9.84901 5.24431
      vertex -15.796 -9.46173 5.24431
    endloop
  endfacet
  facet normal -0.659353 -0.751834 -0
    outer loop
      vertex -15.3544 -9.84901 5.24431
      vertex -15.796 -9.46173 5.15
      vertex -15.3544 -9.84901 5.15
    endloop
  endfacet
  facet normal -0.659353 0.751834 0
    outer loop
      vertex -15.3544 9.84901 5.15
      vertex -15.796 9.46173 5.24431
      vertex -15.3544 9.84901 5.24431
    endloop
  endfacet
  facet normal -0.659353 0.751834 0
    outer loop
      vertex -15.796 9.46173 5.24431
      vertex -15.3544 9.84901 5.15
      vertex -15.796 9.46173 5.15
    endloop
  endfacet
  facet normal -0.778697 0.154922 0.607972
    outer loop
      vertex -19.0395 2.39731 7.45006
      vertex -19.135 1.91729 7.45006
      vertex -18.7797 1.87052 7.91705
    endloop
  endfacet
  facet normal -0.916 0.379339 0.130558
    outer loop
      vertex -19.204 4.52794 5.24431
      vertex -18.8593 5.15944 5.8279
      vertex -18.9303 5.18885 5.24431
    endloop
  endfacet
  facet normal -0.915999 0.379345 0.130552
    outer loop
      vertex -18.8593 5.15944 5.8279
      vertex -19.204 4.52794 5.24431
      vertex -19.133 4.49854 5.8279
    endloop
  endfacet
  facet normal -0.824343 0.550913 0.130203
    outer loop
      vertex -17.5685 7.3951 5.8279
      vertex -17.9558 6.9535 5.24431
      vertex -17.8893 6.91508 5.8279
    endloop
  endfacet
  facet normal -0.624258 0.681234 0.38239
    outer loop
      vertex -15.634 9.29967 6.39648
      vertex -16.0021 8.6571 6.9403
      vertex -15.4747 9.14039 6.9403
    endloop
  endfacet
  facet normal -0.624258 0.681234 0.38239
    outer loop
      vertex -16.0021 8.6571 6.9403
      vertex -15.634 9.29967 6.39648
      vertex -16.1614 8.81638 6.39648
    endloop
  endfacet
  facet normal -0.49652 0.779267 0.382375
    outer loop
      vertex -13.5806 10.7967 6.39648
      vertex -14.0713 10.2172 6.9403
      vertex -13.468 10.6016 6.9403
    endloop
  endfacet
  facet normal -0.49652 0.779267 0.382375
    outer loop
      vertex -14.0713 10.2172 6.9403
      vertex -13.5806 10.7967 6.39648
      vertex -14.1839 10.4123 6.39648
    endloop
  endfacet
  facet normal -0.297077 0.875126 0.381968
    outer loop
      vertex -11.1991 11.6089 6.9403
      vertex -11.7852 11.6473 6.39648
      vertex -11.699 11.4392 6.9403
    endloop
  endfacet
  facet normal -0.278537 0.820512 0.499177
    outer loop
      vertex -11.1991 11.6089 6.9403
      vertex -11.699 11.4392 6.9403
      vertex -11.5864 11.1673 7.45006
    endloop
  endfacet
  facet normal -0.255205 0.751824 0.607973
    outer loop
      vertex -11.123 11.3246 7.45006
      vertex -11.5864 11.1673 7.45006
      vertex -11.4493 10.8362 7.91705
    endloop
  endfacet
  facet normal 0.257965 0.751133 0.607662
    outer loop
      vertex 11.05 11.0523 7.81742
      vertex 11.0302 10.9785 7.91705
      vertex 11.05 10.9717 7.91705
    endloop
  endfacet
  facet normal 0.230116 0.670043 0.705754
    outer loop
      vertex 11.05 10.9717 7.91705
      vertex 11.0302 10.9785 7.91705
      vertex 11.05 10.9383 7.94876
    endloop
  endfacet
  facet normal 0.277842 0.881225 0.382423
    outer loop
      vertex 10.5752 12.0416 6.39648
      vertex 11.05 11.6559 6.9403
      vertex 11.05 11.8919 6.39648
    endloop
  endfacet
  facet normal 0.277873 0.881226 0.382396
    outer loop
      vertex 11.05 11.6559 6.9403
      vertex 10.5752 12.0416 6.39648
      vertex 10.5169 11.824 6.9403
    endloop
  endfacet
  facet normal 0.0499527 -0.120594 0.991444
    outer loop
      vertex 10.2672 -7.98238 9.44036
      vertex 11.05 -8.00293 9.39842
      vertex 10.9281 -7.70862 9.44036
    endloop
  endfacet
  facet normal 0.0499528 -0.120592 0.991445
    outer loop
      vertex 10.4905 -8.52154 9.36353
      vertex 11.05 -8.00293 9.39842
      vertex 10.2672 -7.98238 9.44036
    endloop
  endfacet
  facet normal 0.0499443 -0.120583 0.991446
    outer loop
      vertex 11.05 -8.00293 9.39842
      vertex 10.4905 -8.52154 9.36353
      vertex 11.05 -8.2898 9.36353
    endloop
  endfacet
  facet normal 0.161002 -0.474215 0.865562
    outer loop
      vertex 10.6697 -9.63295 8.98593
      vertex 11.05 -9.87226 8.78408
      vertex 10.9162 -9.54926 8.98593
    endloop
  endfacet
  facet normal 0.16097 -0.474255 0.865547
    outer loop
      vertex 11.05 -9.87226 8.78408
      vertex 10.6697 -9.63295 8.98593
      vertex 11.05 -9.96647 8.73246
    endloop
  endfacet
  facet normal -0.426382 0.66937 0.608393
    outer loop
      vertex -13.3208 10.3467 7.45006
      vertex -13.745 9.65204 7.91705
      vertex -13.1416 10.0364 7.91705
    endloop
  endfacet
  facet normal -0.426433 0.669374 0.608352
    outer loop
      vertex -13.745 9.65204 7.91705
      vertex -13.3208 10.3467 7.45006
      vertex -13.9241 9.96236 7.45006
    endloop
  endfacet
  facet normal -0.303638 0.732923 0.608792
    outer loop
      vertex -11.5864 11.1673 7.45006
      vertex -12.1102 10.5624 7.91705
      vertex -11.4493 10.8362 7.91705
    endloop
  endfacet
  facet normal -0.303638 0.732923 0.608792
    outer loop
      vertex -12.1102 10.5624 7.91705
      vertex -11.5864 11.1673 7.45006
      vertex -12.2473 10.8935 7.45006
    endloop
  endfacet
  facet normal -0.269515 0.546726 0.79275
    outer loop
      vertex -11.9509 10.1779 8.33328
      vertex -12.299 10.0063 8.33328
      vertex -12.0655 9.60183 8.69161
    endloop
  endfacet
  facet normal -0.212717 0.674642 0.706831
    outer loop
      vertex -11.0302 10.9785 7.91705
      vertex -10.2402 10.7915 8.33328
      vertex -10.348 11.1936 7.91705
    endloop
  endfacet
  facet normal -0.212696 0.674674 0.706806
    outer loop
      vertex -10.2402 10.7915 8.33328
      vertex -11.0302 10.9785 7.91705
      vertex -10.9225 10.5764 8.33328
    endloop
  endfacet
  facet normal -0.183168 0.58101 0.793018
    outer loop
      vertex -10.9225 10.5764 8.33328
      vertex -10.1194 10.3405 8.69161
      vertex -10.2402 10.7915 8.33328
    endloop
  endfacet
  facet normal -0.183239 0.580882 0.793095
    outer loop
      vertex -10.1194 10.3405 8.69161
      vertex -10.9225 10.5764 8.33328
      vertex -10.8016 10.1253 8.69161
    endloop
  endfacet
  facet normal 0.0255137 0.128286 0.991409
    outer loop
      vertex 8.8885 8.95081 9.36353
      vertex 8.85008 8.3647 9.44036
      vertex 9.00113 8.92841 9.36353
    endloop
  endfacet
  facet normal 0.0282792 0.12755 0.991429
    outer loop
      vertex 9.00113 8.92841 9.36353
      vertex 9.54848 8.20987 9.44036
      vertex 9.69952 8.77357 9.36353
    endloop
  endfacet
  facet normal 0.0282765 0.127548 0.991429
    outer loop
      vertex 9.54848 8.20987 9.44036
      vertex 9.00113 8.92841 9.36353
      vertex 8.85008 8.3647 9.44036
    endloop
  endfacet
  facet normal 0.123207 0.363018 0.9236
    outer loop
      vertex 10.6697 9.63295 8.98593
      vertex 10.5289 9.10765 9.21118
      vertex 10.7081 9.04683 9.21118
    endloop
  endfacet
  facet normal 0.108266 0.488475 0.865835
    outer loop
      vertex 9.42097 10.4953 8.69161
      vertex 9.98743 9.84806 8.98593
      vertex 10.1194 10.3405 8.69161
    endloop
  endfacet
  facet normal 0.108306 0.488501 0.865815
    outer loop
      vertex 9.98743 9.84806 8.98593
      vertex 9.42097 10.4953 8.69161
      vertex 9.28904 10.0029 8.98593
    endloop
  endfacet
  facet normal 0.228827 0.669869 0.706338
    outer loop
      vertex 10.9225 10.5764 8.33328
      vertex 11.05 10.9383 7.94876
      vertex 11.0302 10.9785 7.91705
    endloop
  endfacet
  facet normal 0.227633 0.670283 0.706331
    outer loop
      vertex 11.05 10.9383 7.94876
      vertex 10.9225 10.5764 8.33328
      vertex 11.05 10.5331 8.33328
    endloop
  endfacet
  facet normal 0.191336 0.46194 0.866026
    outer loop
      vertex 11.05 9.87226 8.78408
      vertex 10.9162 9.54926 8.98593
      vertex 11.05 9.49384 8.98593
    endloop
  endfacet
  facet normal -0.144094 -0.215621 0.965787
    outer loop
      vertex -12.4923 -7.48232 9.36353
      vertex -12.9339 -7.8696 9.21118
      vertex -12.7766 -7.97472 9.21118
    endloop
  endfacet
  facet normal -0.0392845 0.124602 0.991429
    outer loop
      vertex -10.3818 8.55846 9.36353
      vertex -9.54848 8.20987 9.44036
      vertex -9.69952 8.77357 9.36353
    endloop
  endfacet
  facet normal -0.0392876 0.124595 0.99143
    outer loop
      vertex -9.54848 8.20987 9.44036
      vertex -10.3818 8.55846 9.36353
      vertex -10.2307 7.99475 9.44036
    endloop
  endfacet
  facet normal -0.128288 0.0255141 0.991409
    outer loop
      vertex -16.2734 1.65613 9.36353
      vertex -16.2958 1.5435 9.36353
      vertex -15.7097 1.50508 9.44036
    endloop
  endfacet
  facet normal -0.114694 0.232596 0.965787
    outer loop
      vertex -11.1514 8.24779 9.36353
      vertex -11.369 8.77308 9.21118
      vertex -11.2544 8.197 9.36353
    endloop
  endfacet
  facet normal -0.114707 0.232593 0.965786
    outer loop
      vertex -11.369 8.77308 9.21118
      vertex -11.5387 8.68939 9.21118
      vertex -11.2544 8.197 9.36353
    endloop
  endfacet
  facet normal -0.114694 -0.232596 0.965787
    outer loop
      vertex -11.2544 -8.197 9.36353
      vertex -11.369 -8.77308 9.21118
      vertex -11.1514 -8.24779 9.36353
    endloop
  endfacet
  facet normal -0.144155 -0.215554 0.965793
    outer loop
      vertex -12.5877 -7.41852 9.36353
      vertex -12.9339 -7.8696 9.21118
      vertex -12.4923 -7.48232 9.36353
    endloop
  endfacet
  facet normal -0.0882713 0.0963279 0.991428
    outer loop
      vertex -13.2416 6.90733 9.36353
      vertex -13.3564 6.01138 9.44036
      vertex -12.829 6.49467 9.44036
    endloop
  endfacet
  facet normal -0.0882713 0.0963279 0.991428
    outer loop
      vertex -13.3564 6.01138 9.44036
      vertex -13.2416 6.90733 9.36353
      vertex -13.769 6.42404 9.36353
    endloop
  endfacet
  facet normal -0.205371 0.157557 0.965918
    outer loop
      vertex -14.7791 6.15641 9.21118
      vertex -14.7635 5.24275 9.36353
      vertex -14.3281 5.81028 9.36353
    endloop
  endfacet
  facet normal -0.20533 0.157559 0.965927
    outer loop
      vertex -14.7635 5.24275 9.36353
      vertex -14.7791 6.15641 9.21118
      vertex -15.2146 5.58887 9.21118
    endloop
  endfacet
  facet normal -0.232584 0.114722 0.965786
    outer loop
      vertex -15.542 3.90941 9.36353
      vertex -16.1181 4.024 9.21118
      vertex -15.5928 3.80642 9.36353
    endloop
  endfacet
  facet normal -0.215625 0.144081 0.965788
    outer loop
      vertex -14.7635 5.24275 9.36353
      vertex -15.2146 5.58887 9.21118
      vertex -14.8273 5.14727 9.36353
    endloop
  endfacet
  facet normal -0.190978 0.175002 0.965868
    outer loop
      vertex -14.6544 6.29866 9.21118
      vertex -13.769 6.42404 9.36353
      vertex -14.1711 6.82608 9.21118
    endloop
  endfacet
  facet normal -0.190978 0.175002 0.965868
    outer loop
      vertex -13.769 6.42404 9.36353
      vertex -14.6544 6.29866 9.21118
      vertex -14.2523 5.89662 9.36353
    endloop
  endfacet
  facet normal 0.0566263 -0.864643 0.499185
    outer loop
      vertex 8.06467 -11.9154 7.45006
      vertex 8.06467 -12.2097 6.9403
      vertex 8.59146 -12.1752 6.9403
    endloop
  endfacet
  facet normal -0.0266512 -0.608533 0.793081
    outer loop
      vertex -8.06467 -11.1408 8.33328
      vertex -7.34999 -10.7051 8.69161
      vertex -8.06467 -10.6738 8.69161
    endloop
  endfacet
  facet normal -0.0265697 -0.608616 0.79302
    outer loop
      vertex -7.34999 -10.7051 8.69161
      vertex -8.06467 -11.1408 8.33328
      vertex -7.34999 -11.172 8.33328
    endloop
  endfacet
  facet normal -0.0923283 -0.701112 0.707049
    outer loop
      vertex -9.16119 -11.0221 8.33328
      vertex -8.50627 -11.5281 7.91705
      vertex -8.45194 -11.1155 8.33328
    endloop
  endfacet
  facet normal -0.0923283 -0.701112 0.707049
    outer loop
      vertex -8.50627 -11.5281 7.91705
      vertex -9.16119 -11.0221 8.33328
      vertex -9.21552 -11.4347 7.91705
    endloop
  endfacet
  facet normal -0.12829 0.0254814 0.991409
    outer loop
      vertex -15.7097 1.50508 9.44036
      vertex -16.2958 1.5435 9.36353
      vertex -15.7172 1.46732 9.44036
    endloop
  endfacet
  facet normal -0.115887 -0.0603243 0.991429
    outer loop
      vertex -15.542 -3.90941 9.36353
      vertex -14.7063 -4.25215 9.44036
      vertex -15.0366 -3.61762 9.44036
    endloop
  endfacet
  facet normal -0.115887 -0.0603231 0.991429
    outer loop
      vertex -14.7063 -4.25215 9.44036
      vertex -15.542 -3.90941 9.36353
      vertex -15.2117 -4.54395 9.36353
    endloop
  endfacet
  facet normal 0 -0.130524 0.991445
    outer loop
      vertex -7.34999 -8.4993 9.44036
      vertex 7.34999 -9.08289 9.36353
      vertex 7.34999 -8.4993 9.44036
    endloop
  endfacet
  facet normal 0 -0.130524 0.991445
    outer loop
      vertex 7.34999 -9.08289 9.36353
      vertex -7.34999 -8.4993 9.44036
      vertex -7.34999 -9.08289 9.36353
    endloop
  endfacet
  facet normal 0.0255212 -0.128286 0.991409
    outer loop
      vertex 8.85008 -8.3647 9.44036
      vertex 8.81233 -8.37221 9.44036
      vertex 8.8885 -8.95081 9.36353
    endloop
  endfacet
  facet normal -0.0578941 0.117284 0.991409
    outer loop
      vertex -10.9281 7.70862 9.44036
      vertex -11.2544 8.197 9.36353
      vertex -10.9626 7.69159 9.44036
    endloop
  endfacet
  facet normal -0.0255137 0.128286 0.991409
    outer loop
      vertex -8.8885 8.95081 9.36353
      vertex -9.00113 8.92841 9.36353
      vertex -8.85008 8.3647 9.44036
    endloop
  endfacet
  facet normal -0.0282765 0.127548 0.991429
    outer loop
      vertex -9.00113 8.92841 9.36353
      vertex -9.54848 8.20987 9.44036
      vertex -8.85008 8.3647 9.44036
    endloop
  endfacet
  facet normal -0.0282792 0.12755 0.991429
    outer loop
      vertex -9.54848 8.20987 9.44036
      vertex -9.00113 8.92841 9.36353
      vertex -9.69952 8.77357 9.36353
    endloop
  endfacet
  facet normal -0.411526 0.449086 0.793076
    outer loop
      vertex -14.7189 8.38459 8.33328
      vertex -14.9161 7.57108 8.69161
      vertex -14.3887 8.05437 8.69161
    endloop
  endfacet
  facet normal -0.411534 0.449086 0.793071
    outer loop
      vertex -14.9161 7.57108 8.69161
      vertex -14.7189 8.38459 8.33328
      vertex -15.2463 7.90129 8.33328
    endloop
  endfacet
  facet normal -0.363035 0.123396 0.923569
    outer loop
      vertex -16.3918 3.3631 9.21118
      vertex -16.9779 3.32468 8.98593
      vertex -16.4527 3.18393 9.21118
    endloop
  endfacet
  facet normal -0.0748047 -0.375996 0.923597
    outer loop
      vertex -8.96271 -9.51452 9.21118
      vertex -9.28904 -10.0029 8.98593
      vertex -9.0337 -10.0537 8.98593
    endloop
  endfacet
  facet normal -0.0250826 -0.382519 0.923607
    outer loop
      vertex -8.25347 -9.60788 9.21118
      vertex -8.32445 -10.1471 8.98593
      vertex -8.06467 -9.62026 9.21118
    endloop
  endfacet
  facet normal -0.0977211 -0.491183 0.865558
    outer loop
      vertex -9.28904 -10.0029 8.98593
      vertex -9.42097 -10.4953 8.69161
      vertex -9.0337 -10.0537 8.98593
    endloop
  endfacet
  facet normal -0.0499378 -0.379369 0.923897
    outer loop
      vertex -8.96271 -9.51452 9.21118
      vertex -8.32445 -10.1471 8.98593
      vertex -8.25347 -9.60788 9.21118
    endloop
  endfacet
  facet normal -0.0499611 -0.379389 0.923887
    outer loop
      vertex -8.32445 -10.1471 8.98593
      vertex -8.96271 -9.51452 9.21118
      vertex -9.0337 -10.0537 8.98593
    endloop
  endfacet
  facet normal -0.11962 -0.22978 0.965863
    outer loop
      vertex -11.8889 -7.86669 9.36353
      vertex -11.5387 -8.68939 9.21118
      vertex -11.2544 -8.197 9.36353
    endloop
  endfacet
  facet normal -0.119615 -0.229778 0.965864
    outer loop
      vertex -11.5387 -8.68939 9.21118
      vertex -11.8889 -7.86669 9.36353
      vertex -12.1732 -8.35909 9.21118
    endloop
  endfacet
  facet normal -0.0603192 0.115887 0.991429
    outer loop
      vertex -11.2544 8.197 9.36353
      vertex -11.5972 7.36128 9.44036
      vertex -10.9626 7.69159 9.44036
    endloop
  endfacet
  facet normal -0.0603312 0.115892 0.991428
    outer loop
      vertex -11.5972 7.36128 9.44036
      vertex -11.2544 8.197 9.36353
      vertex -11.8889 7.86669 9.36353
    endloop
  endfacet
  facet normal -0.0794665 -0.103558 0.991444
    outer loop
      vertex -12.8 -6.52005 9.44036
      vertex -12.5877 -7.41852 9.36353
      vertex -12.2325 -6.95553 9.44036
    endloop
  endfacet
  facet normal -0.0794474 -0.103553 0.991446
    outer loop
      vertex -12.5877 -7.41852 9.36353
      vertex -12.8 -6.52005 9.44036
      vertex -13.1553 -6.98305 9.36353
    endloop
  endfacet
  facet normal -0.0862634 -0.0983166 0.991409
    outer loop
      vertex -12.8 -6.52005 9.44036
      vertex -13.2416 -6.90733 9.36353
      vertex -13.1553 -6.98305 9.36353
    endloop
  endfacet
  facet normal -0.213015 -0.318753 0.923591
    outer loop
      vertex -12.9339 -7.8696 9.21118
      vertex -13.0485 -8.44568 8.98593
      vertex -12.7766 -7.97472 9.21118
    endloop
  endfacet
  facet normal -0.205764 -0.323017 0.923754
    outer loop
      vertex -13.0485 -8.44568 8.98593
      vertex -12.1732 -8.35909 9.21118
      vertex -12.7766 -7.97472 9.21118
    endloop
  endfacet
  facet normal -0.205764 -0.323017 0.923754
    outer loop
      vertex -12.1732 -8.35909 9.21118
      vertex -13.0485 -8.44568 8.98593
      vertex -12.4451 -8.83005 8.98593
    endloop
  endfacet
  facet normal -0.252813 -0.288218 0.923588
    outer loop
      vertex -13.6437 -7.30937 9.21118
      vertex -14.0282 -7.69391 8.98593
      vertex -13.8325 -7.86557 8.98593
    endloop
  endfacet
  facet normal -0.215625 -0.144081 0.965788
    outer loop
      vertex -14.8273 -5.14727 9.36353
      vertex -15.2146 -5.58887 9.21118
      vertex -14.7635 -5.24275 9.36353
    endloop
  endfacet
  facet normal -0.318762 -0.212954 0.923602
    outer loop
      vertex -15.3197 -5.43155 9.21118
      vertex -15.7907 -5.70346 8.98593
      vertex -15.2146 -5.58887 9.21118
    endloop
  endfacet
  facet normal -0.00569807 -0.130522 0.991429
    outer loop
      vertex -8.06467 -9.05169 9.36353
      vertex -7.34999 -8.4993 9.44036
      vertex -8.06467 -8.4681 9.44036
    endloop
  endfacet
  facet normal -0.00569807 -0.130522 0.991429
    outer loop
      vertex -7.34999 -8.4993 9.44036
      vertex -8.06467 -9.05169 9.36353
      vertex -7.34999 -9.08289 9.36353
    endloop
  endfacet
  facet normal 0.0778975 -0.247073 0.965861
    outer loop
      vertex 9.69952 -8.77357 9.36353
      vertex 10.5289 -9.10765 9.21118
      vertex 10.3818 -8.55846 9.36353
    endloop
  endfacet
  facet normal 0.0779036 -0.247059 0.965864
    outer loop
      vertex 10.5289 -9.10765 9.21118
      vertex 9.69952 -8.77357 9.36353
      vertex 9.84668 -9.32277 9.21118
    endloop
  endfacet
  facet normal 0.0652831 -0.495732 0.866018
    outer loop
      vertex 9.0337 -10.0537 8.98593
      vertex 8.39099 -10.6525 8.69161
      vertex 9.10023 -10.5591 8.69161
    endloop
  endfacet
  facet normal 0.0652821 -0.495732 0.866019
    outer loop
      vertex 8.39099 -10.6525 8.69161
      vertex 9.0337 -10.0537 8.98593
      vertex 8.32445 -10.1471 8.98593
    endloop
  endfacet
  facet normal 0.212696 -0.674674 0.706806
    outer loop
      vertex 10.2402 -10.7915 8.33328
      vertex 11.0302 -10.9785 7.91705
      vertex 10.9225 -10.5764 8.33328
    endloop
  endfacet
  facet normal 0.212717 -0.674642 0.706831
    outer loop
      vertex 11.0302 -10.9785 7.91705
      vertex 10.2402 -10.7915 8.33328
      vertex 10.348 -11.1936 7.91705
    endloop
  endfacet
  facet normal 0.160988 -0.474371 0.86548
    outer loop
      vertex 11.05 -9.96647 8.73246
      vertex 10.8016 -10.1253 8.69161
      vertex 11.05 -10.041 8.69161
    endloop
  endfacet
  facet normal 0.160929 -0.474292 0.865534
    outer loop
      vertex 10.8016 -10.1253 8.69161
      vertex 11.05 -9.96647 8.73246
      vertex 10.6697 -9.63295 8.98593
    endloop
  endfacet
  facet normal 0.115169 -0.365242 0.923761
    outer loop
      vertex 9.84668 -9.32277 9.21118
      vertex 10.6697 -9.63295 8.98593
      vertex 10.5289 -9.10765 9.21118
    endloop
  endfacet
  facet normal 0.115161 -0.365259 0.923755
    outer loop
      vertex 10.6697 -9.63295 8.98593
      vertex 9.84668 -9.32277 9.21118
      vertex 9.98743 -9.84806 8.98593
    endloop
  endfacet
  facet normal -0.495731 -0.0652831 0.866019
    outer loop
      vertex -17.4921 -0.979451 8.98593
      vertex -17.9041 -1.75523 8.69161
      vertex -17.3987 -1.68869 8.98593
    endloop
  endfacet
  facet normal -0.495732 -0.065283 0.866019
    outer loop
      vertex -17.9041 -1.75523 8.69161
      vertex -17.4921 -0.979451 8.98593
      vertex -17.9975 -1.04599 8.69161
    endloop
  endfacet
  facet normal -0.375986 -0.0747997 0.923601
    outer loop
      vertex -16.8595 -1.61771 9.21118
      vertex -17.3987 -1.68869 8.98593
      vertex -17.3479 -1.94404 8.98593
    endloop
  endfacet
  facet normal -0.229783 -0.11961 0.965864
    outer loop
      vertex -16.0344 -4.1937 9.21118
      vertex -15.2117 -4.54395 9.36353
      vertex -15.542 -3.90941 9.36353
    endloop
  endfacet
  facet normal -0.229784 -0.119613 0.965863
    outer loop
      vertex -15.2117 -4.54395 9.36353
      vertex -16.0344 -4.1937 9.21118
      vertex -15.7041 -4.82823 9.21118
    endloop
  endfacet
  facet normal -0.13052 0.005698 0.991429
    outer loop
      vertex -16.3967 0.719666 9.36353
      vertex -15.8443 0.00498962 9.44036
      vertex -15.8131 0.719666 9.44036
    endloop
  endfacet
  facet normal -0.13052 0.005698 0.991429
    outer loop
      vertex -15.8443 0.00498962 9.44036
      vertex -16.3967 0.719666 9.36353
      vertex -16.4279 0.00498962 9.36353
    endloop
  endfacet
  facet normal -0.123837 0.0421283 0.991408
    outer loop
      vertex -15.3274 2.92218 9.44036
      vertex -15.9035 3.03677 9.36353
      vertex -15.3398 2.88573 9.44036
    endloop
  endfacet
  facet normal -0.376006 0.0747675 0.923596
    outer loop
      vertex -16.8226 1.80328 9.21118
      vertex -17.3479 1.94404 8.98593
      vertex -16.8595 1.61771 9.21118
    endloop
  endfacet
  facet normal -0.254362 0.0505791 0.965786
    outer loop
      vertex -16.8226 1.80328 9.21118
      vertex -16.8595 1.61771 9.21118
      vertex -16.2958 1.5435 9.36353
    endloop
  endfacet
  facet normal -0.59786 0.118923 0.79273
    outer loop
      vertex -17.8403 2.07597 8.69161
      vertex -18.3671 1.81619 8.33328
      vertex -17.9041 1.75523 8.69161
    endloop
  endfacet
  facet normal -0.603541 0.0794805 0.79336
    outer loop
      vertex -18.3671 1.81619 8.33328
      vertex -17.9975 1.04599 8.69161
      vertex -17.9041 1.75523 8.69161
    endloop
  endfacet
  facet normal -0.603543 0.0794796 0.79336
    outer loop
      vertex -17.9975 1.04599 8.69161
      vertex -18.3671 1.81619 8.33328
      vertex -18.4605 1.10694 8.33328
    endloop
  endfacet
  facet normal -0.258793 0.0112979 0.965867
    outer loop
      vertex -16.9653 0.719666 9.21118
      vertex -16.4279 0.00498962 9.36353
      vertex -16.3967 0.719666 9.36353
    endloop
  endfacet
  facet normal -0.258793 0.0112979 0.965867
    outer loop
      vertex -16.4279 0.00498962 9.36353
      vertex -16.9653 0.719666 9.21118
      vertex -16.9965 0.00498962 9.21118
    endloop
  endfacet
  facet normal -0.382684 0 0.923879
    outer loop
      vertex -17.5403 0.00498962 8.98593
      vertex -16.9965 -0.00498962 9.21118
      vertex -16.9965 0.00498962 9.21118
    endloop
  endfacet
  facet normal -0.382684 0 0.923879
    outer loop
      vertex -16.9965 -0.00498962 9.21118
      vertex -17.5403 0.00498962 8.98593
      vertex -17.5403 -0.00498962 8.98593
    endloop
  endfacet
  facet normal -0.608268 0.0397372 0.792736
    outer loop
      vertex -18.4605 1.10694 8.33328
      vertex -18.4858 0.719666 8.33328
      vertex -18.0188 0.719666 8.69161
    endloop
  endfacet
  facet normal -0.706294 0.0461411 0.706413
    outer loop
      vertex -18.4605 1.10694 8.33328
      vertex -18.9021 0.719666 7.91705
      vertex -18.4858 0.719666 8.33328
    endloop
  endfacet
  facet normal -0.608831 0 0.7933
    outer loop
      vertex -18.517 0.00498962 8.33328
      vertex -18.0501 -0.00498962 8.69161
      vertex -18.0501 0.00498962 8.69161
    endloop
  endfacet
  facet normal -0.608831 0 0.7933
    outer loop
      vertex -18.0501 -0.00498962 8.69161
      vertex -18.517 0.00498962 8.33328
      vertex -18.517 -0.00498962 8.33328
    endloop
  endfacet
  facet normal -0.706711 -0.0308523 0.70683
    outer loop
      vertex -18.9021 -0.719666 7.91705
      vertex -18.517 -0.00498962 8.33328
      vertex -18.9333 -0.00498962 7.91705
    endloop
  endfacet
  facet normal -0.706711 -0.0308523 0.70683
    outer loop
      vertex -18.517 -0.00498962 8.33328
      vertex -18.9021 -0.719666 7.91705
      vertex -18.4858 -0.719666 8.33328
    endloop
  endfacet
  facet normal -0.382631 0.0167042 0.92375
    outer loop
      vertex -17.5091 0.719666 8.98593
      vertex -16.9965 0.00498962 9.21118
      vertex -16.9653 0.719666 9.21118
    endloop
  endfacet
  facet normal -0.382631 0.0167042 0.92375
    outer loop
      vertex -16.9965 0.00498962 9.21118
      vertex -17.5091 0.719666 8.98593
      vertex -17.5403 0.00498962 8.98593
    endloop
  endfacet
  facet normal -0.499789 -0.0327056 0.865529
    outer loop
      vertex -17.5091 -0.719666 8.98593
      vertex -18.0188 -0.719666 8.69161
      vertex -17.4921 -0.979451 8.98593
    endloop
  endfacet
  facet normal -0.382631 -0.0167042 0.92375
    outer loop
      vertex -16.9965 -0.00498962 9.21118
      vertex -17.5091 -0.719666 8.98593
      vertex -16.9653 -0.719666 9.21118
    endloop
  endfacet
  facet normal -0.382631 -0.0167042 0.92375
    outer loop
      vertex -17.5091 -0.719666 8.98593
      vertex -16.9965 -0.00498962 9.21118
      vertex -17.5403 -0.00498962 8.98593
    endloop
  endfacet
  facet normal -0.491192 -0.0977055 0.865554
    outer loop
      vertex -17.3987 -1.68869 8.98593
      vertex -17.9041 -1.75523 8.69161
      vertex -17.8403 -2.07597 8.69161
    endloop
  endfacet
  facet normal -0.373902 -0.0828753 0.923758
    outer loop
      vertex -17.3479 -1.94404 8.98593
      vertex -16.6678 -2.50168 9.21118
      vertex -16.8226 -1.80328 9.21118
    endloop
  endfacet
  facet normal -0.373903 -0.0828767 0.923757
    outer loop
      vertex -16.6678 -2.50168 9.21118
      vertex -17.3479 -1.94404 8.98593
      vertex -17.1931 -2.64243 8.98593
    endloop
  endfacet
  facet normal -0.499759 -0.0326205 0.86555
    outer loop
      vertex -17.4921 -0.979451 8.98593
      vertex -18.0188 -0.719666 8.69161
      vertex -17.9975 -1.04599 8.69161
    endloop
  endfacet
  facet normal -0.608287 -0.0397044 0.792724
    outer loop
      vertex -18.0188 -0.719666 8.69161
      vertex -18.4605 -1.10694 8.33328
      vertex -17.9975 -1.04599 8.69161
    endloop
  endfacet
  facet normal -0.603541 -0.0794805 0.79336
    outer loop
      vertex -17.9975 -1.04599 8.69161
      vertex -18.3671 -1.81619 8.33328
      vertex -17.9041 -1.75523 8.69161
    endloop
  endfacet
  facet normal -0.603543 -0.0794796 0.79336
    outer loop
      vertex -18.3671 -1.81619 8.33328
      vertex -17.9975 -1.04599 8.69161
      vertex -18.4605 -1.10694 8.33328
    endloop
  endfacet
  facet normal -0.751824 0.659364 0
    outer loop
      vertex -17.194 8.00941 5.05
      vertex -16.8067 8.45102 5.24431
      vertex -16.8067 8.45102 5.05
    endloop
  endfacet
  facet normal -0.751824 0.659364 0
    outer loop
      vertex -16.8067 8.45102 5.24431
      vertex -17.194 8.00941 5.05
      vertex -17.194 8.00941 5.24431
    endloop
  endfacet
  facet normal -0.745426 0.653753 0.130181
    outer loop
      vertex -16.8067 8.45102 5.24431
      vertex -17.194 8.00941 5.24431
      vertex -17.1331 7.96264 5.8279
    endloop
  endfacet
  facet normal -0.726329 0.636948 0.258346
    outer loop
      vertex -16.6447 8.28896 6.39648
      vertex -17.1331 7.96264 5.8279
      vertex -17.0122 7.86989 6.39648
    endloop
  endfacet
  facet normal -0.726292 0.637022 0.258271
    outer loop
      vertex -16.7524 8.39669 5.8279
      vertex -17.1331 7.96264 5.8279
      vertex -16.6447 8.28896 6.39648
    endloop
  endfacet
  facet normal -0.68711 0.527131 0.500012
    outer loop
      vertex -17.2689 7.16523 6.9403
      vertex -16.6 7.5536 7.45006
      vertex -16.8335 7.73277 6.9403
    endloop
  endfacet
  facet normal -0.687098 0.527243 0.499911
    outer loop
      vertex -16.6 7.5536 7.45006
      vertex -17.2689 7.16523 6.9403
      vertex -17.0355 6.98606 7.45006
    endloop
  endfacet
  facet normal -0.585114 -0.536168 0.608412
    outer loop
      vertex -16.2773 -7.92157 7.45006
      vertex -15.5406 -8.19561 7.91705
      vertex -16.0239 -7.66819 7.91705
    endloop
  endfacet
  facet normal -0.585114 -0.536168 0.608412
    outer loop
      vertex -15.5406 -8.19561 7.91705
      vertex -16.2773 -7.92157 7.45006
      vertex -15.794 -8.44899 7.45006
    endloop
  endfacet
  facet normal -0.383253 -0.777128 0.499189
    outer loop
      vertex -12.6863 -10.677 7.45006
      vertex -12.8334 -10.9319 6.9403
      vertex -12.2473 -10.8935 7.45006
    endloop
  endfacet
  facet normal -0.351185 -0.712102 0.607931
    outer loop
      vertex -12.5071 -10.3667 7.91705
      vertex -12.6863 -10.677 7.45006
      vertex -12.2473 -10.8935 7.45006
    endloop
  endfacet
  facet normal -0.55093 -0.824335 0.130184
    outer loop
      vertex -14.2601 -10.5443 5.8279
      vertex -14.7401 -10.2235 5.8279
      vertex -14.2985 -10.6108 5.24431
    endloop
  endfacet
  facet normal -0.532771 -0.836162 0.130337
    outer loop
      vertex -13.6952 -10.9952 5.24431
      vertex -14.2601 -10.5443 5.8279
      vertex -14.2985 -10.6108 5.24431
    endloop
  endfacet
  facet normal -0.532662 -0.836209 0.130478
    outer loop
      vertex -14.2601 -10.5443 5.8279
      vertex -13.6952 -10.9952 5.24431
      vertex -13.6568 -10.9286 5.8279
    endloop
  endfacet
  facet normal -0.427338 -0.866389 0.258365
    outer loop
      vertex -12.4461 -11.3735 6.39648
      vertex -13.0222 -11.2589 5.8279
      vertex -12.5044 -11.5143 5.8279
    endloop
  endfacet
  facet normal -0.427191 -0.866513 0.258191
    outer loop
      vertex -12.9461 -11.127 6.39648
      vertex -13.0222 -11.2589 5.8279
      vertex -12.4461 -11.3735 6.39648
    endloop
  endfacet
  facet normal -0.343874 -0.169507 0.92359
    outer loop
      vertex -16.1181 -4.024 9.21118
      vertex -16.6205 -4.23211 8.98593
      vertex -16.5054 -4.46561 8.98593
    endloop
  endfacet
  facet normal -0.474238 -0.160953 0.865559
    outer loop
      vertex -16.9779 -3.32468 8.98593
      vertex -17.4703 -3.45662 8.69161
      vertex -17.3652 -3.76629 8.69161
    endloop
  endfacet
  facet normal -0.513766 -0.327256 0.793062
    outer loop
      vertex -16.6165 -5.35503 8.69161
      vertex -16.6366 -6.19184 8.33328
      vertex -16.2322 -5.95835 8.69161
    endloop
  endfacet
  facet normal -0.513766 -0.327256 0.793062
    outer loop
      vertex -16.6366 -6.19184 8.33328
      vertex -16.6165 -5.35503 8.69161
      vertex -17.0209 -5.58852 8.33328
    endloop
  endfacet
  facet normal -0.322979 -0.205783 0.923763
    outer loop
      vertex -15.7041 -4.82823 9.21118
      vertex -15.7907 -5.70346 8.98593
      vertex -15.3197 -5.43155 9.21118
    endloop
  endfacet
  facet normal -0.323045 -0.205771 0.923743
    outer loop
      vertex -15.7907 -5.70346 8.98593
      vertex -15.7041 -4.82823 9.21118
      vertex -16.175 -5.10014 8.98593
    endloop
  endfacet
  facet normal -0.828871 0.408707 0.382011
    outer loop
      vertex -18.472 5.60105 6.39648
      vertex -18.7185 5.10114 6.39648
      vertex -18.2769 5.48842 6.9403
    endloop
  endfacet
  facet normal -0.701112 0.0923283 0.707049
    outer loop
      vertex -18.7797 1.87052 7.91705
      vertex -18.4605 1.10694 8.33328
      vertex -18.3671 1.81619 8.33328
    endloop
  endfacet
  facet normal -0.701112 0.0923283 0.707049
    outer loop
      vertex -18.4605 1.10694 8.33328
      vertex -18.7797 1.87052 7.91705
      vertex -18.8731 1.16127 7.91705
    endloop
  endfacet
  facet normal -0.690638 0.153082 0.706813
    outer loop
      vertex -18.6934 2.30457 7.91705
      vertex -18.1365 2.89523 8.33328
      vertex -18.5386 3.00296 7.91705
    endloop
  endfacet
  facet normal -0.690696 0.153193 0.706733
    outer loop
      vertex -18.1365 2.89523 8.33328
      vertex -18.6934 2.30457 7.91705
      vertex -18.2914 2.19684 8.33328
    endloop
  endfacet
  facet normal -0.6533 0.270652 0.707069
    outer loop
      vertex -17.9074 4.76518 7.91705
      vertex -17.7967 3.945 8.33328
      vertex -17.5229 4.6059 8.33328
    endloop
  endfacet
  facet normal -0.6533 0.270652 0.707069
    outer loop
      vertex -17.7967 3.945 8.33328
      vertex -17.9074 4.76518 7.91705
      vertex -18.1812 4.10428 7.91705
    endloop
  endfacet
  facet normal -0.792906 0.0346152 0.60836
    outer loop
      vertex -19.2916 0.00498962 7.45006
      vertex -18.9021 0.719666 7.91705
      vertex -19.2604 0.719666 7.45006
    endloop
  endfacet
  facet normal -0.792906 0.0346152 0.60836
    outer loop
      vertex -18.9021 0.719666 7.91705
      vertex -19.2916 0.00498962 7.45006
      vertex -18.9333 0.00498962 7.91705
    endloop
  endfacet
  facet normal -0.96509 -0.0421321 0.258509
    outer loop
      vertex -19.9323 -0.719666 5.8279
      vertex -19.8112 -0.00498962 6.39648
      vertex -19.9635 -0.00498962 5.8279
    endloop
  endfacet
  facet normal -0.96509 -0.0421321 0.258509
    outer loop
      vertex -19.8112 -0.00498962 6.39648
      vertex -19.9323 -0.719666 5.8279
      vertex -19.78 -0.719666 6.39648
    endloop
  endfacet
  facet normal -0.40191 -0.458312 0.792729
    outer loop
      vertex -14.1428 -8.27 8.69161
      vertex -14.7189 -8.38459 8.33328
      vertex -14.4271 -8.64048 8.33328
    endloop
  endfacet
  facet normal -0.466708 -0.532203 0.706359
    outer loop
      vertex -14.4271 -8.64048 8.33328
      vertex -14.7189 -8.38459 8.33328
      vertex -14.6805 -8.9707 7.91705
    endloop
  endfacet
  facet normal -0.687098 -0.527243 0.499911
    outer loop
      vertex -17.2689 -7.16523 6.9403
      vertex -16.6 -7.5536 7.45006
      vertex -17.0355 -6.98606 7.45006
    endloop
  endfacet
  facet normal -0.68711 -0.527131 0.500012
    outer loop
      vertex -16.6 -7.5536 7.45006
      vertex -17.2689 -7.16523 6.9403
      vertex -16.8335 -7.73277 6.9403
    endloop
  endfacet
  facet normal -0.766327 -0.588049 0.258729
    outer loop
      vertex -17.5685 -7.3951 5.8279
      vertex -17.0122 -7.86989 6.39648
      vertex -17.4477 -7.30236 6.39648
    endloop
  endfacet
  facet normal -0.766369 -0.587936 0.258864
    outer loop
      vertex -17.0122 -7.86989 6.39648
      vertex -17.5685 -7.3951 5.8279
      vertex -17.1331 -7.96264 5.8279
    endloop
  endfacet
  facet normal -0.681239 -0.624252 0.382392
    outer loop
      vertex -16.6447 -8.28896 6.39648
      vertex -16.0021 -8.6571 6.9403
      vertex -16.4854 -8.12968 6.9403
    endloop
  endfacet
  facet normal -0.681239 -0.624252 0.382392
    outer loop
      vertex -16.0021 -8.6571 6.9403
      vertex -16.6447 -8.28896 6.39648
      vertex -16.1614 -8.81638 6.39648
    endloop
  endfacet
  facet normal -0.651465 -0.571317 0.499189
    outer loop
      vertex -16.2773 -7.92157 7.45006
      vertex -16.6 -7.5536 7.45006
      vertex -16.4854 -8.12968 6.9403
    endloop
  endfacet
  facet normal -0.596942 -0.523502 0.607952
    outer loop
      vertex -16.3157 -7.33546 7.91705
      vertex -16.6 -7.5536 7.45006
      vertex -16.2773 -7.92157 7.45006
    endloop
  endfacet
  facet normal -0.768354 -0.399955 0.499668
    outer loop
      vertex -18.2769 -5.48842 6.9403
      vertex -17.6917 -5.9758 7.45006
      vertex -18.022 -5.34126 7.45006
    endloop
  endfacet
  facet normal -0.768354 -0.399955 0.499668
    outer loop
      vertex -17.6917 -5.9758 7.45006
      vertex -18.2769 -5.48842 6.9403
      vertex -17.9466 -6.12296 6.9403
    endloop
  endfacet
  facet normal -0.675603 0.737266 0
    outer loop
      vertex -15.796 9.46173 5.15
      vertex -16.3234 8.97844 5.24431
      vertex -15.796 9.46173 5.24431
    endloop
  endfacet
  facet normal -0.675603 0.737266 0
    outer loop
      vertex -16.3234 8.97844 5.24431
      vertex -15.796 9.46173 5.15
      vertex -16.3234 8.97844 5.15
    endloop
  endfacet
  facet normal -0.313013 0.634963 0.706289
    outer loop
      vertex -11.9509 10.1779 8.33328
      vertex -12.5071 10.3667 7.91705
      vertex -12.299 10.0063 8.33328
    endloop
  endfacet
  facet normal -0.465406 0.730549 0.499695
    outer loop
      vertex -13.468 10.6016 6.9403
      vertex -13.9241 9.96236 7.45006
      vertex -13.3208 10.3467 7.45006
    endloop
  endfacet
  facet normal -0.465478 0.730548 0.49963
    outer loop
      vertex -13.9241 9.96236 7.45006
      vertex -13.468 10.6016 6.9403
      vertex -14.0713 10.2172 6.9403
    endloop
  endfacet
  facet normal -0.227595 0.670311 0.706317
    outer loop
      vertex -11.0302 10.9785 7.91705
      vertex -11.4493 10.8362 7.91705
      vertex -11.29 10.4517 8.33328
    endloop
  endfacet
  facet normal -0.269616 0.546725 0.792716
    outer loop
      vertex -11.9509 10.1779 8.33328
      vertex -12.0655 9.60183 8.69161
      vertex -11.7722 9.74647 8.69161
    endloop
  endfacet
  facet normal -0.195881 0.577206 0.792757
    outer loop
      vertex -10.8016 10.1253 8.69161
      vertex -11.29 10.4517 8.33328
      vertex -11.1113 10.0202 8.69161
    endloop
  endfacet
  facet normal -0.270649 0.653294 0.707075
    outer loop
      vertex -11.4493 10.8362 7.91705
      vertex -11.9509 10.1779 8.33328
      vertex -11.29 10.4517 8.33328
    endloop
  endfacet
  facet normal -0.270649 0.653294 0.707075
    outer loop
      vertex -11.9509 10.1779 8.33328
      vertex -11.4493 10.8362 7.91705
      vertex -12.1102 10.5624 7.91705
    endloop
  endfacet
  facet normal -0.171738 0.77485 0.60837
    outer loop
      vertex -9.74231 11.6945 7.45006
      vertex -10.348 11.1936 7.91705
      vertex -9.64957 11.3484 7.91705
    endloop
  endfacet
  facet normal -0.171749 0.774855 0.608361
    outer loop
      vertex -10.348 11.1936 7.91705
      vertex -9.74231 11.6945 7.45006
      vertex -10.4407 11.5397 7.45006
    endloop
  endfacet
  facet normal 0.115161 0.365259 0.923755
    outer loop
      vertex 9.84668 9.32277 9.21118
      vertex 10.6697 9.63295 8.98593
      vertex 9.98743 9.84806 8.98593
    endloop
  endfacet
  facet normal 0.115169 0.365242 0.923761
    outer loop
      vertex 10.6697 9.63295 8.98593
      vertex 9.84668 9.32277 9.21118
      vertex 10.5289 9.10765 9.21118
    endloop
  endfacet
  facet normal 0.0420666 0.123853 0.991409
    outer loop
      vertex 10.3818 8.55846 9.36353
      vertex 10.2672 7.98238 9.44036
      vertex 10.4905 8.52154 9.36353
    endloop
  endfacet
  facet normal 0.0990462 0.239118 0.965926
    outer loop
      vertex 10.4905 8.52154 9.36353
      vertex 11.05 8.90521 9.21118
      vertex 10.7081 9.04683 9.21118
    endloop
  endfacet
  facet normal 0.0990426 0.239123 0.965925
    outer loop
      vertex 11.05 8.90521 9.21118
      vertex 10.4905 8.52154 9.36353
      vertex 11.05 8.2898 9.36353
    endloop
  endfacet
  facet normal 0.212717 0.674642 0.706831
    outer loop
      vertex 10.2402 10.7915 8.33328
      vertex 11.0302 10.9785 7.91705
      vertex 10.348 11.1936 7.91705
    endloop
  endfacet
  facet normal 0.212696 0.674674 0.706806
    outer loop
      vertex 11.0302 10.9785 7.91705
      vertex 10.2402 10.7915 8.33328
      vertex 10.9225 10.5764 8.33328
    endloop
  endfacet
  facet normal 0.196043 0.577263 0.792675
    outer loop
      vertex 10.9225 10.5764 8.33328
      vertex 11.05 10.2913 8.50937
      vertex 11.05 10.5331 8.33328
    endloop
  endfacet
  facet normal 0.195858 0.577225 0.792749
    outer loop
      vertex 11.05 10.2913 8.50937
      vertex 10.9225 10.5764 8.33328
      vertex 10.8016 10.1253 8.69161
    endloop
  endfacet
  facet normal 0.0602953 0.115845 0.991435
    outer loop
      vertex 11.05 7.84294 9.41736
      vertex 10.9626 7.69159 9.44036
      vertex 11.05 7.6461 9.44036
    endloop
  endfacet
  facet normal -0.0282765 -0.127548 0.991429
    outer loop
      vertex -9.54848 -8.20987 9.44036
      vertex -9.00113 -8.92841 9.36353
      vertex -8.85008 -8.3647 9.44036
    endloop
  endfacet
  facet normal -0.0282792 -0.12755 0.991429
    outer loop
      vertex -9.00113 -8.92841 9.36353
      vertex -9.54848 -8.20987 9.44036
      vertex -9.69952 -8.77357 9.36353
    endloop
  endfacet
  facet normal -0.245548 -0.083462 0.965785
    outer loop
      vertex -15.9035 -3.03677 9.36353
      vertex -16.4527 -3.18393 9.21118
      vertex -16.3918 -3.3631 9.21118
    endloop
  endfacet
  facet normal -0.194914 0.17112 0.965778
    outer loop
      vertex -14.2523 5.89662 9.36353
      vertex -14.7791 6.15641 9.21118
      vertex -14.3281 5.81028 9.36353
    endloop
  endfacet
  facet normal -0.195004 0.170946 0.96579
    outer loop
      vertex -14.6544 6.29866 9.21118
      vertex -14.7791 6.15641 9.21118
      vertex -14.2523 5.89662 9.36353
    endloop
  endfacet
  facet normal -0.318762 0.212954 0.923602
    outer loop
      vertex -15.2146 5.58887 9.21118
      vertex -15.7907 5.70346 8.98593
      vertex -15.3197 5.43155 9.21118
    endloop
  endfacet
  facet normal -0.322979 0.205783 0.923763
    outer loop
      vertex -15.7907 5.70346 8.98593
      vertex -15.7041 4.82823 9.21118
      vertex -15.3197 5.43155 9.21118
    endloop
  endfacet
  facet normal -0.323045 0.205771 0.923743
    outer loop
      vertex -15.7041 4.82823 9.21118
      vertex -15.7907 5.70346 8.98593
      vertex -16.175 5.10014 8.98593
    endloop
  endfacet
  facet normal -0.353566 0.146423 0.923878
    outer loop
      vertex -16.6205 4.23211 8.98593
      vertex -16.3918 3.3631 9.21118
      vertex -16.1181 4.024 9.21118
    endloop
  endfacet
  facet normal -0.353496 0.146447 0.923901
    outer loop
      vertex -16.3918 3.3631 9.21118
      vertex -16.6205 4.23211 8.98593
      vertex -16.8943 3.57121 8.98593
    endloop
  endfacet
  facet normal -0.110183 0.0702021 0.991429
    outer loop
      vertex -14.8273 5.14727 9.36353
      vertex -14.7063 4.25215 9.44036
      vertex -14.3219 4.85547 9.44036
    endloop
  endfacet
  facet normal -0.110183 0.0702021 0.991429
    outer loop
      vertex -14.7063 4.25215 9.44036
      vertex -14.8273 5.14727 9.36353
      vertex -15.2117 4.54395 9.36353
    endloop
  endfacet
  facet normal 0.0402989 -0.923104 0.382434
    outer loop
      vertex 7.34999 -12.4662 6.39648
      vertex 8.06467 -12.2097 6.9403
      vertex 7.34999 -12.2409 6.9403
    endloop
  endfacet
  facet normal 0.0402989 -0.923104 0.382434
    outer loop
      vertex 8.06467 -12.2097 6.9403
      vertex 7.34999 -12.4662 6.39648
      vertex 8.06467 -12.435 6.39648
    endloop
  endfacet
  facet normal 0.0421319 -0.96509 0.258509
    outer loop
      vertex 7.34999 -12.6185 5.8279
      vertex 8.06467 -12.435 6.39648
      vertex 7.34999 -12.4662 6.39648
    endloop
  endfacet
  facet normal 0.0421319 -0.96509 0.258509
    outer loop
      vertex 8.06467 -12.435 6.39648
      vertex 7.34999 -12.6185 5.8279
      vertex 8.06467 -12.5873 5.8279
    endloop
  endfacet
  facet normal 0.0602953 -0.115845 0.991435
    outer loop
      vertex 11.05 -7.6461 9.44036
      vertex 10.9626 -7.69159 9.44036
      vertex 11.05 -7.84294 9.41736
    endloop
  endfacet
  facet normal 0.057873 -0.117241 0.991416
    outer loop
      vertex 10.9281 -7.70862 9.44036
      vertex 11.05 -7.84294 9.41736
      vertex 10.9626 -7.69159 9.44036
    endloop
  endfacet
  facet normal 0.0576836 -0.117412 0.991407
    outer loop
      vertex 11.05 -7.84294 9.41736
      vertex 10.9281 -7.70862 9.44036
      vertex 11.05 -7.89107 9.41166
    endloop
  endfacet
  facet normal -0.0727153 -0.108731 0.991408
    outer loop
      vertex -12.2325 -6.95553 9.44036
      vertex -12.5877 -7.41852 9.36353
      vertex -12.4923 -7.48232 9.36353
    endloop
  endfacet
  facet normal -0.458293 0.401923 0.792733
    outer loop
      vertex -15.7296 7.37387 8.33328
      vertex -15.9855 7.08208 8.33328
      vertex -15.615 6.79779 8.69161
    endloop
  endfacet
  facet normal -0.416382 0.278242 0.865568
    outer loop
      vertex -16.0505 6.23026 8.69161
      vertex -16.2322 5.95835 8.69161
      vertex -15.7907 5.70346 8.98593
    endloop
  endfacet
  facet normal -0.0652821 -0.495732 0.866019
    outer loop
      vertex -9.0337 -10.0537 8.98593
      vertex -8.39099 -10.6525 8.69161
      vertex -8.32445 -10.1471 8.98593
    endloop
  endfacet
  facet normal -0.0652831 -0.495732 0.866018
    outer loop
      vertex -8.39099 -10.6525 8.69161
      vertex -9.0337 -10.0537 8.98593
      vertex -9.10023 -10.5591 8.69161
    endloop
  endfacet
  facet normal -0.0169692 -0.258787 0.965785
    outer loop
      vertex -8.17926 -9.04418 9.36353
      vertex -8.25347 -9.60788 9.21118
      vertex -8.06467 -9.62026 9.21118
    endloop
  endfacet
  facet normal -0.10874 -0.0726969 0.991409
    outer loop
      vertex -14.3219 -4.85547 9.44036
      vertex -14.8273 -5.14727 9.36353
      vertex -14.3005 -4.88748 9.44036
    endloop
  endfacet
  facet normal -0.108753 -0.0726692 0.991409
    outer loop
      vertex -14.3005 -4.88748 9.44036
      vertex -14.8273 -5.14727 9.36353
      vertex -14.7635 -5.24275 9.36353
    endloop
  endfacet
  facet normal -0.12058 -0.0499535 0.991446
    outer loop
      vertex -15.3274 -2.92218 9.44036
      vertex -15.5928 -3.80642 9.36353
      vertex -15.0536 -3.58309 9.44036
    endloop
  endfacet
  facet normal -0.120605 -0.0499457 0.991443
    outer loop
      vertex -15.5928 -3.80642 9.36353
      vertex -15.3274 -2.92218 9.44036
      vertex -15.8665 -3.14551 9.36353
    endloop
  endfacet
  facet normal -0.139176 -0.218484 0.965865
    outer loop
      vertex -12.7766 -7.97472 9.21118
      vertex -11.8889 -7.86669 9.36353
      vertex -12.4923 -7.48232 9.36353
    endloop
  endfacet
  facet normal -0.139176 -0.218484 0.965865
    outer loop
      vertex -11.8889 -7.86669 9.36353
      vertex -12.7766 -7.97472 9.21118
      vertex -12.1732 -8.35909 9.21118
    endloop
  endfacet
  facet normal -0.338034 -0.368886 0.865827
    outer loop
      vertex -14.5556 -7.21062 8.98593
      vertex -14.3887 -8.05437 8.69161
      vertex -14.0282 -7.69391 8.98593
    endloop
  endfacet
  facet normal -0.338034 -0.368886 0.865827
    outer loop
      vertex -14.3887 -8.05437 8.69161
      vertex -14.5556 -7.21062 8.98593
      vertex -14.9161 -7.57108 8.69161
    endloop
  endfacet
  facet normal -0.33018 -0.37653 0.865567
    outer loop
      vertex -14.0282 -7.69391 8.98593
      vertex -14.3887 -8.05437 8.69161
      vertex -14.1428 -8.27 8.69161
    endloop
  endfacet
  facet normal -0.252724 -0.288254 0.923602
    outer loop
      vertex -13.6437 -7.30937 9.21118
      vertex -13.8325 -7.86557 8.98593
      vertex -13.5014 -7.43413 9.21118
    endloop
  endfacet
  facet normal -0.232973 -0.303608 0.923875
    outer loop
      vertex -13.5014 -7.43413 9.21118
      vertex -13.2649 -8.30104 8.98593
      vertex -12.9339 -7.8696 9.21118
    endloop
  endfacet
  facet normal -0.232925 -0.303599 0.92389
    outer loop
      vertex -13.2649 -8.30104 8.98593
      vertex -13.5014 -7.43413 9.21118
      vertex -13.8325 -7.86557 8.98593
    endloop
  endfacet
  facet normal -0.175005 -0.190977 0.965868
    outer loop
      vertex -13.769 -6.42404 9.36353
      vertex -13.6437 -7.30937 9.21118
      vertex -13.2416 -6.90733 9.36353
    endloop
  endfacet
  facet normal -0.175005 -0.190977 0.965868
    outer loop
      vertex -13.6437 -7.30937 9.21118
      vertex -13.769 -6.42404 9.36353
      vertex -14.1711 -6.82608 9.21118
    endloop
  endfacet
  facet normal -0.288216 -0.252819 0.923588
    outer loop
      vertex -14.6544 -6.29866 9.21118
      vertex -15.2106 -6.48746 8.98593
      vertex -15.0389 -6.6832 8.98593
    endloop
  endfacet
  facet normal -0.282375 -0.258754 0.923748
    outer loop
      vertex -15.0389 -6.6832 8.98593
      vertex -14.1711 -6.82608 9.21118
      vertex -14.6544 -6.29866 9.21118
    endloop
  endfacet
  facet normal -0.282375 -0.258754 0.923748
    outer loop
      vertex -14.1711 -6.82608 9.21118
      vertex -15.0389 -6.6832 8.98593
      vertex -14.5556 -7.21062 8.98593
    endloop
  endfacet
  facet normal -0.110183 -0.0702021 0.991429
    outer loop
      vertex -14.7063 -4.25215 9.44036
      vertex -14.8273 -5.14727 9.36353
      vertex -14.3219 -4.85547 9.44036
    endloop
  endfacet
  facet normal -0.110183 -0.0702021 0.991429
    outer loop
      vertex -14.8273 -5.14727 9.36353
      vertex -14.7063 -4.25215 9.44036
      vertex -15.2117 -4.54395 9.36353
    endloop
  endfacet
  facet normal -0.10356 -0.0794479 0.991445
    outer loop
      vertex -14.3005 -4.88748 9.44036
      vertex -14.3281 -5.81028 9.36353
      vertex -13.8651 -5.45502 9.44036
    endloop
  endfacet
  facet normal -0.103558 -0.0794479 0.991445
    outer loop
      vertex -14.3281 -5.81028 9.36353
      vertex -14.3005 -4.88748 9.44036
      vertex -14.7635 -5.24275 9.36353
    endloop
  endfacet
  facet normal 0.0990426 -0.239123 0.965925
    outer loop
      vertex 10.4905 -8.52154 9.36353
      vertex 11.05 -8.90521 9.21118
      vertex 11.05 -8.2898 9.36353
    endloop
  endfacet
  facet normal 0.0990462 -0.239118 0.965926
    outer loop
      vertex 11.05 -8.90521 9.21118
      vertex 10.4905 -8.52154 9.36353
      vertex 10.7081 -9.04683 9.21118
    endloop
  endfacet
  facet normal 0.138077 -0.694308 0.706308
    outer loop
      vertex 9.54184 -10.9464 8.33328
      vertex 9.16119 -11.0221 8.33328
      vertex 9.64957 -11.3484 7.91705
    endloop
  endfacet
  facet normal 0.183239 -0.580882 0.793095
    outer loop
      vertex 10.1194 -10.3405 8.69161
      vertex 10.9225 -10.5764 8.33328
      vertex 10.8016 -10.1253 8.69161
    endloop
  endfacet
  facet normal 0.183168 -0.58101 0.793018
    outer loop
      vertex 10.9225 -10.5764 8.33328
      vertex 10.1194 -10.3405 8.69161
      vertex 10.2402 -10.7915 8.33328
    endloop
  endfacet
  facet normal 0.196043 -0.577263 0.792675
    outer loop
      vertex 11.05 -10.2913 8.50937
      vertex 10.9225 -10.5764 8.33328
      vertex 11.05 -10.5331 8.33328
    endloop
  endfacet
  facet normal 0.195858 -0.577225 0.792749
    outer loop
      vertex 10.9225 -10.5764 8.33328
      vertex 11.05 -10.2913 8.50937
      vertex 10.8016 -10.1253 8.69161
    endloop
  endfacet
  facet normal -0.123835 -0.0421363 0.991408
    outer loop
      vertex -15.3274 -2.92218 9.44036
      vertex -15.9035 -3.03677 9.36353
      vertex -15.8665 -3.14551 9.36353
    endloop
  endfacet
  facet normal -0.245501 -0.0835346 0.96579
    outer loop
      vertex -15.9035 -3.03677 9.36353
      vertex -16.3918 -3.3631 9.21118
      vertex -15.8665 -3.14551 9.36353
    endloop
  endfacet
  facet normal -0.128288 -0.0255141 0.991409
    outer loop
      vertex -15.7097 -1.50508 9.44036
      vertex -16.2958 -1.5435 9.36353
      vertex -16.2734 -1.65613 9.36353
    endloop
  endfacet
  facet normal -0.376006 -0.0747675 0.923596
    outer loop
      vertex -16.8595 -1.61771 9.21118
      vertex -17.3479 -1.94404 8.98593
      vertex -16.8226 -1.80328 9.21118
    endloop
  endfacet
  facet normal -0.25661 -0.0337927 0.965924
    outer loop
      vertex -16.3892 -0.834255 9.36353
      vertex -16.8595 -1.61771 9.21118
      vertex -16.2958 -1.5435 9.36353
    endloop
  endfacet
  facet normal -0.256609 -0.0337929 0.965924
    outer loop
      vertex -16.8595 -1.61771 9.21118
      vertex -16.3892 -0.834255 9.36353
      vertex -16.9529 -0.908468 9.21118
    endloop
  endfacet
  facet normal -0.254358 0.0505871 0.965786
    outer loop
      vertex -16.2734 1.65613 9.36353
      vertex -16.8226 1.80328 9.21118
      vertex -16.2958 1.5435 9.36353
    endloop
  endfacet
  facet normal -0.608533 0.0266513 0.793081
    outer loop
      vertex -18.4858 0.719666 8.33328
      vertex -18.0501 0.00498962 8.69161
      vertex -18.0188 0.719666 8.69161
    endloop
  endfacet
  facet normal -0.608616 0.0265698 0.79302
    outer loop
      vertex -18.0501 0.00498962 8.69161
      vertex -18.4858 0.719666 8.33328
      vertex -18.517 0.00498962 8.33328
    endloop
  endfacet
  facet normal -0.130521 -0.00854274 0.991409
    outer loop
      vertex -15.8106 -0.75808 9.44036
      vertex -16.3967 -0.719666 9.36353
      vertex -16.3892 -0.834255 9.36353
    endloop
  endfacet
  facet normal -0.488508 -0.108279 0.865815
    outer loop
      vertex -17.8403 -2.07597 8.69161
      vertex -17.1931 -2.64243 8.98593
      vertex -17.3479 -1.94404 8.98593
    endloop
  endfacet
  facet normal -0.488507 -0.108277 0.865816
    outer loop
      vertex -17.1931 -2.64243 8.98593
      vertex -17.8403 -2.07597 8.69161
      vertex -17.6855 -2.77437 8.69161
    endloop
  endfacet
  facet normal -0.779267 0.496503 0.382399
    outer loop
      vertex -18.1417 6.23559 6.39648
      vertex -17.5622 6.72628 6.9403
      vertex -17.7573 6.83891 6.39648
    endloop
  endfacet
  facet normal -0.779267 0.496503 0.382399
    outer loop
      vertex -17.5622 6.72628 6.9403
      vertex -18.1417 6.23559 6.39648
      vertex -17.9466 6.12296 6.9403
    endloop
  endfacet
  facet normal -0.720505 0.481411 0.499115
    outer loop
      vertex -17.0355 6.98606 7.45006
      vertex -17.5622 6.72628 6.9403
      vertex -17.3074 6.57912 7.45006
    endloop
  endfacet
  facet normal -0.331466 -0.800095 0.499978
    outer loop
      vertex -11.699 -11.4392 6.9403
      vertex -12.2473 -10.8935 7.45006
      vertex -12.3599 -11.1654 6.9403
    endloop
  endfacet
  facet normal -0.331466 -0.800095 0.499978
    outer loop
      vertex -12.2473 -10.8935 7.45006
      vertex -11.699 -11.4392 6.9403
      vertex -11.5864 -11.1673 7.45006
    endloop
  endfacet
  facet normal -0.383238 -0.777145 0.499173
    outer loop
      vertex -12.2473 -10.8935 7.45006
      vertex -12.8334 -10.9319 6.9403
      vertex -12.3599 -11.1654 6.9403
    endloop
  endfacet
  facet normal -0.49652 -0.779267 0.382375
    outer loop
      vertex -13.5806 -10.7967 6.39648
      vertex -14.0713 -10.2172 6.9403
      vertex -14.1839 -10.4123 6.39648
    endloop
  endfacet
  facet normal -0.49652 -0.779267 0.382375
    outer loop
      vertex -14.0713 -10.2172 6.9403
      vertex -13.5806 -10.7967 6.39648
      vertex -13.468 -10.6016 6.9403
    endloop
  endfacet
  facet normal -0.343806 -0.169573 0.923603
    outer loop
      vertex -16.1181 -4.024 9.21118
      vertex -16.5054 -4.46561 8.98593
      vertex -16.0344 -4.1937 9.21118
    endloop
  endfacet
  facet normal -0.339696 -0.176826 0.923763
    outer loop
      vertex -16.5054 -4.46561 8.98593
      vertex -15.7041 -4.82823 9.21118
      vertex -16.0344 -4.1937 9.21118
    endloop
  endfacet
  facet normal -0.33972 -0.176892 0.923742
    outer loop
      vertex -15.7041 -4.82823 9.21118
      vertex -16.5054 -4.46561 8.98593
      vertex -16.175 -5.10014 8.98593
    endloop
  endfacet
  facet normal -0.843364 0.537342 0
    outer loop
      vertex -18.3402 6.35018 5.05
      vertex -17.9558 6.9535 5.24431
      vertex -17.9558 6.9535 5.05
    endloop
  endfacet
  facet normal -0.843364 0.537342 0
    outer loop
      vertex -17.9558 6.9535 5.24431
      vertex -18.3402 6.35018 5.05
      vertex -18.3402 6.35018 5.24431
    endloop
  endfacet
  facet normal -0.989376 0.0648202 0.130128
    outer loop
      vertex -19.9707 1.30578 5.24431
      vertex -20.0091 0.719666 5.24431
      vertex -19.8946 1.29575 5.8279
    endloop
  endfacet
  facet normal -0.768354 0.399955 0.499668
    outer loop
      vertex -18.2769 5.48842 6.9403
      vertex -17.6917 5.9758 7.45006
      vertex -17.9466 6.12296 6.9403
    endloop
  endfacet
  facet normal -0.768354 0.399955 0.499668
    outer loop
      vertex -17.6917 5.9758 7.45006
      vertex -18.2769 5.48842 6.9403
      vertex -18.022 5.34126 7.45006
    endloop
  endfacet
  facet normal -0.730589 0.465489 0.499559
    outer loop
      vertex -17.9466 6.12296 6.9403
      vertex -17.3074 6.57912 7.45006
      vertex -17.5622 6.72628 6.9403
    endloop
  endfacet
  facet normal -0.730591 0.465368 0.499669
    outer loop
      vertex -17.3074 6.57912 7.45006
      vertex -17.9466 6.12296 6.9403
      vertex -17.6917 5.9758 7.45006
    endloop
  endfacet
  facet normal -0.921306 0.29047 0.258499
    outer loop
      vertex -19.5337 3.26961 5.8279
      vertex -19.1715 3.91243 6.39648
      vertex -19.3186 3.95186 5.8279
    endloop
  endfacet
  facet normal -0.921306 0.29047 0.258499
    outer loop
      vertex -19.1715 3.91243 6.39648
      vertex -19.5337 3.26961 5.8279
      vertex -19.3866 3.23018 6.39648
    endloop
  endfacet
  facet normal -0.866469 0.427246 0.258248
    outer loop
      vertex -18.6039 5.67723 5.8279
      vertex -18.7185 5.10114 6.39648
      vertex -18.472 5.60105 6.39648
    endloop
  endfacet
  facet normal -0.67031 0.227612 0.706312
    outer loop
      vertex -18.1812 4.10428 7.91705
      vertex -18.3235 3.68521 7.91705
      vertex -17.7967 3.945 8.33328
    endloop
  endfacet
  facet normal -0.866033 0 0.499987
    outer loop
      vertex -19.5859 -0.00498962 6.9403
      vertex -19.2916 0.00498962 7.45006
      vertex -19.5859 0.00498962 6.9403
    endloop
  endfacet
  facet normal -0.866033 0 0.499987
    outer loop
      vertex -19.2916 0.00498962 7.45006
      vertex -19.5859 -0.00498962 6.9403
      vertex -19.2916 -0.00498962 7.45006
    endloop
  endfacet
  facet normal -0.972421 -0.193444 0.130295
    outer loop
      vertex -19.8012 -2.00499 5.8279
      vertex -19.8774 -2.01502 5.24431
      vertex -19.7628 -2.5911 5.24431
    endloop
  endfacet
  facet normal -0.370623 -0.482993 0.79332
    outer loop
      vertex -14.1428 -8.27 8.69161
      vertex -13.8595 -9.07595 8.33328
      vertex -13.5753 -8.70547 8.69161
    endloop
  endfacet
  facet normal -0.370552 -0.482985 0.793358
    outer loop
      vertex -13.8595 -9.07595 8.33328
      vertex -14.1428 -8.27 8.69161
      vertex -14.4271 -8.64048 8.33328
    endloop
  endfacet
  facet normal -0.76846 -0.513357 0.382012
    outer loop
      vertex -17.5622 -6.72628 6.9403
      vertex -17.7573 -6.83891 6.39648
      vertex -17.4477 -7.30236 6.39648
    endloop
  endfacet
  facet normal -0.629396 -0.482965 0.608774
    outer loop
      vertex -17.0355 -6.98606 7.45006
      vertex -16.3157 -7.33546 7.91705
      vertex -16.7512 -6.76792 7.91705
    endloop
  endfacet
  facet normal -0.629396 -0.482965 0.608774
    outer loop
      vertex -16.3157 -7.33546 7.91705
      vertex -17.0355 -6.98606 7.45006
      vertex -16.6 -7.5536 7.45006
    endloop
  endfacet
  facet normal -0.953722 -0.30069 0
    outer loop
      vertex -19.3928 -3.97175 5.05
      vertex -19.6079 -3.2895 5.24431
      vertex -19.6079 -3.2895 5.05
    endloop
  endfacet
  facet normal -0.953722 -0.30069 0
    outer loop
      vertex -19.6079 -3.2895 5.24431
      vertex -19.3928 -3.97175 5.05
      vertex -19.3928 -3.97175 5.24431
    endloop
  endfacet
  facet normal -0.831484 0.555549 0
    outer loop
      vertex -17.9558 6.9535 5.05
      vertex -17.6295 7.44187 5.24431
      vertex -17.6295 7.44187 5.05
    endloop
  endfacet
  facet normal -0.831484 0.555549 0
    outer loop
      vertex -17.6295 7.44187 5.24431
      vertex -17.9558 6.9535 5.05
      vertex -17.9558 6.9535 5.24431
    endloop
  endfacet
  facet normal -0.856864 0.446034 0.25853
    outer loop
      vertex -18.6039 5.67723 5.8279
      vertex -18.1417 6.23559 6.39648
      vertex -18.2736 6.31176 5.8279
    endloop
  endfacet
  facet normal -0.856865 0.446028 0.258537
    outer loop
      vertex -18.1417 6.23559 6.39648
      vertex -18.6039 5.67723 5.8279
      vertex -18.472 5.60105 6.39648
    endloop
  endfacet
  facet normal -0.96398 0.0630846 0.258384
    outer loop
      vertex -19.8946 1.29575 5.8279
      vertex -19.9323 0.719666 5.8279
      vertex -19.7435 1.27586 6.39648
    endloop
  endfacet
  facet normal -0.313055 0.634908 0.70632
    outer loop
      vertex -12.1102 10.5624 7.91705
      vertex -12.5071 10.3667 7.91705
      vertex -11.9509 10.1779 8.33328
    endloop
  endfacet
  facet normal -0.351117 0.712103 0.607969
    outer loop
      vertex -12.2473 10.8935 7.45006
      vertex -12.5071 10.3667 7.91705
      vertex -12.1102 10.5624 7.91705
    endloop
  endfacet
  facet normal 0.0779036 0.247059 0.965864
    outer loop
      vertex 9.69952 8.77357 9.36353
      vertex 10.5289 9.10765 9.21118
      vertex 9.84668 9.32277 9.21118
    endloop
  endfacet
  facet normal 0.0778975 0.247073 0.965861
    outer loop
      vertex 10.5289 9.10765 9.21118
      vertex 9.69952 8.77357 9.36353
      vertex 10.3818 8.55846 9.36353
    endloop
  endfacet
  facet normal 0.153071 0.690627 0.706826
    outer loop
      vertex 9.64957 11.3484 7.91705
      vertex 10.2402 10.7915 8.33328
      vertex 10.348 11.1936 7.91705
    endloop
  endfacet
  facet normal 0.1532 0.690694 0.706733
    outer loop
      vertex 10.2402 10.7915 8.33328
      vertex 9.64957 11.3484 7.91705
      vertex 9.54184 10.9464 8.33328
    endloop
  endfacet
  facet normal 0 0 1
    outer loop
      vertex 10.2307 7.99475 9.44036
      vertex 11.05 7.6461 9.44036
      vertex 10.9626 7.69159 9.44036
    endloop
  endfacet
  facet normal 0 0 1
    outer loop
      vertex 11.05 7.6461 9.44036
      vertex 10.2307 7.99475 9.44036
      vertex 11.05 -7.6461 9.44036
    endloop
  endfacet
  facet normal 0 0 1
    outer loop
      vertex 10.2307 7.99475 9.44036
      vertex 10.9626 7.69159 9.44036
      vertex 10.9281 7.70862 9.44036
    endloop
  endfacet
  facet normal 0 0 1
    outer loop
      vertex 10.2307 -7.99475 9.44036
      vertex 11.05 -7.6461 9.44036
      vertex 10.2307 7.99475 9.44036
    endloop
  endfacet
  facet normal 0 0 1
    outer loop
      vertex 10.2307 7.99475 9.44036
      vertex 10.9281 7.70862 9.44036
      vertex 10.2672 7.98238 9.44036
    endloop
  endfacet
  facet normal 0 0 1
    outer loop
      vertex 11.05 -7.6461 9.44036
      vertex 10.2307 -7.99475 9.44036
      vertex 10.9626 -7.69159 9.44036
    endloop
  endfacet
  facet normal 0 0 1
    outer loop
      vertex 10.9626 -7.69159 9.44036
      vertex 10.2307 -7.99475 9.44036
      vertex 10.9281 -7.70862 9.44036
    endloop
  endfacet
  facet normal 0 0 1
    outer loop
      vertex 10.9281 -7.70862 9.44036
      vertex 10.2307 -7.99475 9.44036
      vertex 10.2672 -7.98238 9.44036
    endloop
  endfacet
  facet normal 0 0 1
    outer loop
      vertex 9.54848 8.20987 9.44036
      vertex 10.2307 -7.99475 9.44036
      vertex 10.2307 7.99475 9.44036
    endloop
  endfacet
  facet normal 0 0 1
    outer loop
      vertex 9.54848 8.20987 9.44036
      vertex 9.54848 -8.20987 9.44036
      vertex 10.2307 -7.99475 9.44036
    endloop
  endfacet
  facet normal 0 0 1
    outer loop
      vertex 8.85008 8.3647 9.44036
      vertex 9.54848 -8.20987 9.44036
      vertex 9.54848 8.20987 9.44036
    endloop
  endfacet
  facet normal 0 0 1
    outer loop
      vertex 8.85008 8.3647 9.44036
      vertex 8.85008 -8.3647 9.44036
      vertex 9.54848 -8.20987 9.44036
    endloop
  endfacet
  facet normal 0 0 1
    outer loop
      vertex 8.06467 8.4681 9.44036
      vertex 8.85008 8.3647 9.44036
      vertex 8.81233 8.37221 9.44036
    endloop
  endfacet
  facet normal 0 0 1
    outer loop
      vertex 8.85008 8.3647 9.44036
      vertex 8.06467 8.4681 9.44036
      vertex 8.85008 -8.3647 9.44036
    endloop
  endfacet
  facet normal 0 0 1
    outer loop
      vertex 8.06467 8.4681 9.44036
      vertex 8.81233 8.37221 9.44036
      vertex 8.10308 8.46558 9.44036
    endloop
  endfacet
  facet normal 0 0 1
    outer loop
      vertex 8.06467 -8.4681 9.44036
      vertex 8.85008 -8.3647 9.44036
      vertex 8.06467 8.4681 9.44036
    endloop
  endfacet
  facet normal 0 0 1
    outer loop
      vertex 8.85008 -8.3647 9.44036
      vertex 8.06467 -8.4681 9.44036
      vertex 8.81233 -8.37221 9.44036
    endloop
  endfacet
  facet normal 0 0 1
    outer loop
      vertex 8.81233 -8.37221 9.44036
      vertex 8.06467 -8.4681 9.44036
      vertex 8.10308 -8.46558 9.44036
    endloop
  endfacet
  facet normal 0 0 1
    outer loop
      vertex 7.34999 8.4993 9.44036
      vertex 8.06467 -8.4681 9.44036
      vertex 8.06467 8.4681 9.44036
    endloop
  endfacet
  facet normal 0 0 1
    outer loop
      vertex 7.34999 8.4993 9.44036
      vertex 7.34999 -8.4993 9.44036
      vertex 8.06467 -8.4681 9.44036
    endloop
  endfacet
  facet normal -0 0 1
    outer loop
      vertex -7.34999 8.4993 9.44036
      vertex 7.34999 -8.4993 9.44036
      vertex 7.34999 8.4993 9.44036
    endloop
  endfacet
  facet normal 0 0 1
    outer loop
      vertex -7.34999 8.4993 9.44036
      vertex -7.34999 -8.4993 9.44036
      vertex 7.34999 -8.4993 9.44036
    endloop
  endfacet
  facet normal -0 0 1
    outer loop
      vertex -8.06467 8.4681 9.44036
      vertex -7.34999 -8.4993 9.44036
      vertex -7.34999 8.4993 9.44036
    endloop
  endfacet
  facet normal 0 0 1
    outer loop
      vertex -8.06467 8.4681 9.44036
      vertex -8.06467 -8.4681 9.44036
      vertex -7.34999 -8.4993 9.44036
    endloop
  endfacet
  facet normal 0 0 1
    outer loop
      vertex -8.85008 8.3647 9.44036
      vertex -8.06467 8.4681 9.44036
      vertex -8.10308 8.46558 9.44036
    endloop
  endfacet
  facet normal 0 0 1
    outer loop
      vertex -8.06467 8.4681 9.44036
      vertex -8.85008 8.3647 9.44036
      vertex -8.06467 -8.4681 9.44036
    endloop
  endfacet
  facet normal 0 0 1
    outer loop
      vertex -8.85008 8.3647 9.44036
      vertex -8.10308 8.46558 9.44036
      vertex -8.81233 8.37221 9.44036
    endloop
  endfacet
  facet normal -0 0 1
    outer loop
      vertex -8.85008 -8.3647 9.44036
      vertex -8.06467 -8.4681 9.44036
      vertex -8.85008 8.3647 9.44036
    endloop
  endfacet
  facet normal 0 0 1
    outer loop
      vertex -8.06467 -8.4681 9.44036
      vertex -8.85008 -8.3647 9.44036
      vertex -8.10308 -8.46558 9.44036
    endloop
  endfacet
  facet normal 0 0 1
    outer loop
      vertex -8.10308 -8.46558 9.44036
      vertex -8.85008 -8.3647 9.44036
      vertex -8.81233 -8.37221 9.44036
    endloop
  endfacet
  facet normal -0 0 1
    outer loop
      vertex -9.54848 8.20987 9.44036
      vertex -8.85008 -8.3647 9.44036
      vertex -8.85008 8.3647 9.44036
    endloop
  endfacet
  facet normal 0 0 1
    outer loop
      vertex -9.54848 8.20987 9.44036
      vertex -9.54848 -8.20987 9.44036
      vertex -8.85008 -8.3647 9.44036
    endloop
  endfacet
  facet normal -0 0 1
    outer loop
      vertex -10.2307 7.99475 9.44036
      vertex -9.54848 -8.20987 9.44036
      vertex -9.54848 8.20987 9.44036
    endloop
  endfacet
  facet normal 0 0 1
    outer loop
      vertex -10.2307 7.99475 9.44036
      vertex -10.2307 -7.99475 9.44036
      vertex -9.54848 -8.20987 9.44036
    endloop
  endfacet
  facet normal 0 0 1
    outer loop
      vertex -10.9626 7.69159 9.44036
      vertex -10.2307 7.99475 9.44036
      vertex -10.2672 7.98238 9.44036
    endloop
  endfacet
  facet normal 0 0 1
    outer loop
      vertex -10.2307 7.99475 9.44036
      vertex -10.9626 7.69159 9.44036
      vertex -10.2307 -7.99475 9.44036
    endloop
  endfacet
  facet normal 0 0 1
    outer loop
      vertex -10.9626 7.69159 9.44036
      vertex -10.2672 7.98238 9.44036
      vertex -10.9281 7.70862 9.44036
    endloop
  endfacet
  facet normal -0 0 1
    outer loop
      vertex -10.9626 -7.69159 9.44036
      vertex -10.2307 -7.99475 9.44036
      vertex -10.9626 7.69159 9.44036
    endloop
  endfacet
  facet normal 0 0 1
    outer loop
      vertex -10.2307 -7.99475 9.44036
      vertex -10.9626 -7.69159 9.44036
      vertex -10.2672 -7.98238 9.44036
    endloop
  endfacet
  facet normal 0 0 1
    outer loop
      vertex -10.2672 -7.98238 9.44036
      vertex -10.9626 -7.69159 9.44036
      vertex -10.9281 -7.70862 9.44036
    endloop
  endfacet
  facet normal -0 0 1
    outer loop
      vertex -11.5972 7.36128 9.44036
      vertex -10.9626 -7.69159 9.44036
      vertex -10.9626 7.69159 9.44036
    endloop
  endfacet
  facet normal 0 0 1
    outer loop
      vertex -11.5972 7.36128 9.44036
      vertex -11.5972 -7.36128 9.44036
      vertex -10.9626 -7.69159 9.44036
    endloop
  endfacet
  facet normal -0 0 1
    outer loop
      vertex -12.2005 6.97691 9.44036
      vertex -11.5972 -7.36128 9.44036
      vertex -11.5972 7.36128 9.44036
    endloop
  endfacet
  facet normal 0 0 1
    outer loop
      vertex -12.2005 6.97691 9.44036
      vertex -12.2005 -6.97691 9.44036
      vertex -11.5972 -7.36128 9.44036
    endloop
  endfacet
  facet normal 0 0 1
    outer loop
      vertex -12.829 6.49467 9.44036
      vertex -12.2005 6.97691 9.44036
      vertex -12.2325 6.95553 9.44036
    endloop
  endfacet
  facet normal 0 0 1
    outer loop
      vertex -12.2005 6.97691 9.44036
      vertex -12.829 6.49467 9.44036
      vertex -12.2005 -6.97691 9.44036
    endloop
  endfacet
  facet normal 0 0 1
    outer loop
      vertex -12.829 6.49467 9.44036
      vertex -12.2325 6.95553 9.44036
      vertex -12.8 6.52005 9.44036
    endloop
  endfacet
  facet normal -0 0 1
    outer loop
      vertex -12.829 -6.49467 9.44036
      vertex -12.2005 -6.97691 9.44036
      vertex -12.829 6.49467 9.44036
    endloop
  endfacet
  facet normal 0 0 1
    outer loop
      vertex -12.2005 -6.97691 9.44036
      vertex -12.829 -6.49467 9.44036
      vertex -12.2325 -6.95553 9.44036
    endloop
  endfacet
  facet normal 0 0 1
    outer loop
      vertex -12.2325 -6.95553 9.44036
      vertex -12.829 -6.49467 9.44036
      vertex -12.8 -6.52005 9.44036
    endloop
  endfacet
  facet normal -0 0 1
    outer loop
      vertex -13.3564 6.01138 9.44036
      vertex -12.829 -6.49467 9.44036
      vertex -12.829 6.49467 9.44036
    endloop
  endfacet
  facet normal 0 0 1
    outer loop
      vertex -13.3564 6.01138 9.44036
      vertex -13.3564 -6.01138 9.44036
      vertex -12.829 -6.49467 9.44036
    endloop
  endfacet
  facet normal -0 0 1
    outer loop
      vertex -13.8397 5.48396 9.44036
      vertex -13.3564 -6.01138 9.44036
      vertex -13.3564 6.01138 9.44036
    endloop
  endfacet
  facet normal 0 0 1
    outer loop
      vertex -13.8397 5.48396 9.44036
      vertex -13.8397 -5.48396 9.44036
      vertex -13.3564 -6.01138 9.44036
    endloop
  endfacet
  facet normal 0 0 1
    outer loop
      vertex -14.3219 4.85547 9.44036
      vertex -13.8397 5.48396 9.44036
      vertex -13.8651 5.45502 9.44036
    endloop
  endfacet
  facet normal 0 0 1
    outer loop
      vertex -13.8397 5.48396 9.44036
      vertex -14.3219 4.85547 9.44036
      vertex -13.8397 -5.48396 9.44036
    endloop
  endfacet
  facet normal 0 0 1
    outer loop
      vertex -14.3219 4.85547 9.44036
      vertex -13.8651 5.45502 9.44036
      vertex -14.3005 4.88748 9.44036
    endloop
  endfacet
  facet normal -0 0 1
    outer loop
      vertex -14.3219 -4.85547 9.44036
      vertex -13.8397 -5.48396 9.44036
      vertex -14.3219 4.85547 9.44036
    endloop
  endfacet
  facet normal 0 0 1
    outer loop
      vertex -13.8397 -5.48396 9.44036
      vertex -14.3219 -4.85547 9.44036
      vertex -13.8651 -5.45502 9.44036
    endloop
  endfacet
  facet normal 0 0 1
    outer loop
      vertex -13.8651 -5.45502 9.44036
      vertex -14.3219 -4.85547 9.44036
      vertex -14.3005 -4.88748 9.44036
    endloop
  endfacet
  facet normal -0 0 1
    outer loop
      vertex -14.7063 4.25215 9.44036
      vertex -14.3219 -4.85547 9.44036
      vertex -14.3219 4.85547 9.44036
    endloop
  endfacet
  facet normal 0 0 1
    outer loop
      vertex -14.7063 4.25215 9.44036
      vertex -14.7063 -4.25215 9.44036
      vertex -14.3219 -4.85547 9.44036
    endloop
  endfacet
  facet normal -0 0 1
    outer loop
      vertex -15.0366 3.61762 9.44036
      vertex -14.7063 -4.25215 9.44036
      vertex -14.7063 4.25215 9.44036
    endloop
  endfacet
  facet normal 0 0 1
    outer loop
      vertex -15.0366 3.61762 9.44036
      vertex -15.0366 -3.61762 9.44036
      vertex -14.7063 -4.25215 9.44036
    endloop
  endfacet
  facet normal 0 0 1
    outer loop
      vertex -15.3398 2.88573 9.44036
      vertex -15.0366 3.61762 9.44036
      vertex -15.0536 3.58309 9.44036
    endloop
  endfacet
  facet normal 0 0 1
    outer loop
      vertex -15.0366 3.61762 9.44036
      vertex -15.3398 2.88573 9.44036
      vertex -15.0366 -3.61762 9.44036
    endloop
  endfacet
  facet normal 0 0 1
    outer loop
      vertex -15.3398 2.88573 9.44036
      vertex -15.0536 3.58309 9.44036
      vertex -15.3274 2.92218 9.44036
    endloop
  endfacet
  facet normal -0 0 1
    outer loop
      vertex -15.3398 -2.88573 9.44036
      vertex -15.0366 -3.61762 9.44036
      vertex -15.3398 2.88573 9.44036
    endloop
  endfacet
  facet normal 0 0 1
    outer loop
      vertex -15.0366 -3.61762 9.44036
      vertex -15.3398 -2.88573 9.44036
      vertex -15.0536 -3.58309 9.44036
    endloop
  endfacet
  facet normal 0 0 1
    outer loop
      vertex -15.0536 -3.58309 9.44036
      vertex -15.3398 -2.88573 9.44036
      vertex -15.3274 -2.92218 9.44036
    endloop
  endfacet
  facet normal -0 0 1
    outer loop
      vertex -15.5549 2.20348 9.44036
      vertex -15.3398 -2.88573 9.44036
      vertex -15.3398 2.88573 9.44036
    endloop
  endfacet
  facet normal 0 0 1
    outer loop
      vertex -15.5549 2.20348 9.44036
      vertex -15.5549 -2.20348 9.44036
      vertex -15.3398 -2.88573 9.44036
    endloop
  endfacet
  facet normal -0 0 1
    outer loop
      vertex -15.7097 1.50508 9.44036
      vertex -15.5549 -2.20348 9.44036
      vertex -15.5549 2.20348 9.44036
    endloop
  endfacet
  facet normal 0 0 1
    outer loop
      vertex -15.7097 1.50508 9.44036
      vertex -15.7097 -1.50508 9.44036
      vertex -15.5549 -2.20348 9.44036
    endloop
  endfacet
  facet normal 0 0 1
    outer loop
      vertex -15.8131 0.719666 9.44036
      vertex -15.7097 1.50508 9.44036
      vertex -15.7172 1.46732 9.44036
    endloop
  endfacet
  facet normal 0 0 1
    outer loop
      vertex -15.7097 1.50508 9.44036
      vertex -15.8131 0.719666 9.44036
      vertex -15.7097 -1.50508 9.44036
    endloop
  endfacet
  facet normal 0 0 1
    outer loop
      vertex -15.8131 0.719666 9.44036
      vertex -15.7172 1.46732 9.44036
      vertex -15.8106 0.75808 9.44036
    endloop
  endfacet
  facet normal -0 0 1
    outer loop
      vertex -15.8131 -0.719666 9.44036
      vertex -15.7097 -1.50508 9.44036
      vertex -15.8131 0.719666 9.44036
    endloop
  endfacet
  facet normal 0 0 1
    outer loop
      vertex -15.7097 -1.50508 9.44036
      vertex -15.8131 -0.719666 9.44036
      vertex -15.7172 -1.46732 9.44036
    endloop
  endfacet
  facet normal 0 0 1
    outer loop
      vertex -15.7172 -1.46732 9.44036
      vertex -15.8131 -0.719666 9.44036
      vertex -15.8106 -0.75808 9.44036
    endloop
  endfacet
  facet normal -0 0 1
    outer loop
      vertex -15.8443 0.00498962 9.44036
      vertex -15.8131 -0.719666 9.44036
      vertex -15.8131 0.719666 9.44036
    endloop
  endfacet
  facet normal 0 0 1
    outer loop
      vertex -15.8131 -0.719666 9.44036
      vertex -15.8443 0.00498962 9.44036
      vertex -15.8443 -0.00498962 9.44036
    endloop
  endfacet
  facet normal -0.0779036 0.247059 0.965864
    outer loop
      vertex -10.5289 9.10765 9.21118
      vertex -9.69952 8.77357 9.36353
      vertex -9.84668 9.32277 9.21118
    endloop
  endfacet
  facet normal -0.0778975 0.247073 0.965861
    outer loop
      vertex -9.69952 8.77357 9.36353
      vertex -10.5289 9.10765 9.21118
      vertex -10.3818 8.55846 9.36353
    endloop
  endfacet
  facet normal -0.0833528 0.245591 0.965783
    outer loop
      vertex -10.5289 9.10765 9.21118
      vertex -10.7081 9.04683 9.21118
      vertex -10.3818 8.55846 9.36353
    endloop
  endfacet
  facet normal -0.449176 0.221414 0.865573
    outer loop
      vertex -16.5054 4.46561 8.98593
      vertex -17.0915 4.42719 8.69161
      vertex -16.6205 4.23211 8.98593
    endloop
  endfacet
  facet normal -0.482944 0.370592 0.793364
    outer loop
      vertex -15.9855 7.08208 8.33328
      vertex -16.0505 6.23026 8.69161
      vertex -15.615 6.79779 8.69161
    endloop
  endfacet
  facet normal -0.482951 0.370591 0.79336
    outer loop
      vertex -16.0505 6.23026 8.69161
      vertex -15.9855 7.08208 8.33328
      vertex -16.421 6.51454 8.33328
    endloop
  endfacet
  facet normal -0.00855396 -0.130519 0.991409
    outer loop
      vertex -8.10308 -8.46558 9.44036
      vertex -8.17926 -9.04418 9.36353
      vertex -8.06467 -9.05169 9.36353
    endloop
  endfacet
  facet normal -0.0169603 -0.258785 0.965786
    outer loop
      vertex -8.06467 -9.05169 9.36353
      vertex -8.17926 -9.04418 9.36353
      vertex -8.06467 -9.62026 9.21118
    endloop
  endfacet
  facet normal -0.0255212 -0.128286 0.991409
    outer loop
      vertex -8.85008 -8.3647 9.44036
      vertex -8.8885 -8.95081 9.36353
      vertex -8.81233 -8.37221 9.44036
    endloop
  endfacet
  facet normal -0.0255137 -0.128286 0.991409
    outer loop
      vertex -8.85008 -8.3647 9.44036
      vertex -9.00113 -8.92841 9.36353
      vertex -8.8885 -8.95081 9.36353
    endloop
  endfacet
  facet normal 0.0577832 -0.117345 0.991409
    outer loop
      vertex 11.05 -7.89107 9.41166
      vertex 10.9281 -7.70862 9.44036
      vertex 11.05 -8.00293 9.39842
    endloop
  endfacet
  facet normal 0.108266 -0.488475 0.865835
    outer loop
      vertex 9.98743 -9.84806 8.98593
      vertex 9.42097 -10.4953 8.69161
      vertex 10.1194 -10.3405 8.69161
    endloop
  endfacet
  facet normal 0.108306 -0.488501 0.865815
    outer loop
      vertex 9.42097 -10.4953 8.69161
      vertex 9.98743 -9.84806 8.98593
      vertex 9.28904 -10.0029 8.98593
    endloop
  endfacet
  facet normal 0.227633 -0.670283 0.706331
    outer loop
      vertex 10.9225 -10.5764 8.33328
      vertex 11.05 -10.9383 7.94876
      vertex 11.05 -10.5331 8.33328
    endloop
  endfacet
  facet normal 0.228827 -0.669869 0.706338
    outer loop
      vertex 11.05 -10.9383 7.94876
      vertex 10.9225 -10.5764 8.33328
      vertex 11.0302 -10.9785 7.91705
    endloop
  endfacet
  facet normal -0.254362 -0.0505791 0.965786
    outer loop
      vertex -16.2958 -1.5435 9.36353
      vertex -16.8595 -1.61771 9.21118
      vertex -16.8226 -1.80328 9.21118
    endloop
  endfacet
  facet normal -0.252914 -0.056059 0.965863
    outer loop
      vertex -16.8226 -1.80328 9.21118
      vertex -16.1186 -2.35452 9.36353
      vertex -16.2734 -1.65613 9.36353
    endloop
  endfacet
  facet normal -0.252913 -0.056058 0.965864
    outer loop
      vertex -16.1186 -2.35452 9.36353
      vertex -16.8226 -1.80328 9.21118
      vertex -16.6678 -2.50168 9.21118
    endloop
  endfacet
  facet normal -0.258773 -0.016937 0.96579
    outer loop
      vertex -16.3967 -0.719666 9.36353
      vertex -16.9653 -0.719666 9.21118
      vertex -16.3892 -0.834255 9.36353
    endloop
  endfacet
  facet normal -0.258783 -0.0169962 0.965786
    outer loop
      vertex -16.3892 -0.834255 9.36353
      vertex -16.9653 -0.719666 9.21118
      vertex -16.9529 -0.908468 9.21118
    endloop
  endfacet
  facet normal -0.608533 -0.0266513 0.793081
    outer loop
      vertex -18.0501 -0.00498962 8.69161
      vertex -18.4858 -0.719666 8.33328
      vertex -18.0188 -0.719666 8.69161
    endloop
  endfacet
  facet normal -0.608616 -0.0265698 0.79302
    outer loop
      vertex -18.4858 -0.719666 8.33328
      vertex -18.0501 -0.00498962 8.69161
      vertex -18.517 -0.00498962 8.33328
    endloop
  endfacet
  facet normal -0.258793 -0.0112979 0.965867
    outer loop
      vertex -16.4279 -0.00498962 9.36353
      vertex -16.9653 -0.719666 9.21118
      vertex -16.3967 -0.719666 9.36353
    endloop
  endfacet
  facet normal -0.258793 -0.0112979 0.965867
    outer loop
      vertex -16.9653 -0.719666 9.21118
      vertex -16.4279 -0.00498962 9.36353
      vertex -16.9965 -0.00498962 9.21118
    endloop
  endfacet
  facet normal -0.80329 0.536624 0.258379
    outer loop
      vertex -17.4477 7.30236 6.39648
      vertex -17.8893 6.91508 5.8279
      vertex -17.7573 6.83891 6.39648
    endloop
  endfacet
  facet normal -0.814723 0.518959 0.258666
    outer loop
      vertex -18.2736 6.31176 5.8279
      vertex -17.7573 6.83891 6.39648
      vertex -17.8893 6.91508 5.8279
    endloop
  endfacet
  facet normal -0.814692 0.519074 0.258531
    outer loop
      vertex -17.7573 6.83891 6.39648
      vertex -18.2736 6.31176 5.8279
      vertex -18.1417 6.23559 6.39648
    endloop
  endfacet
  facet normal -0.922212 0.0603961 0.381938
    outer loop
      vertex -19.5202 1.24646 6.9403
      vertex -19.7435 1.27586 6.39648
      vertex -19.5547 0.719666 6.9403
    endloop
  endfacet
  facet normal -0.826132 0.260463 0.499664
    outer loop
      vertex -19.169 3.17188 6.9403
      vertex -18.6696 3.77796 7.45006
      vertex -18.9539 3.85413 6.9403
    endloop
  endfacet
  facet normal -0.826131 0.260459 0.499668
    outer loop
      vertex -18.6696 3.77796 7.45006
      vertex -19.169 3.17188 6.9403
      vertex -18.8847 3.0957 7.45006
    endloop
  endfacet
  facet normal -0.786537 0.103578 0.608795
    outer loop
      vertex -19.2284 1.20804 7.45006
      vertex -18.7797 1.87052 7.91705
      vertex -19.135 1.91729 7.45006
    endloop
  endfacet
  facet normal -0.786537 0.103578 0.608795
    outer loop
      vertex -18.7797 1.87052 7.91705
      vertex -19.2284 1.20804 7.45006
      vertex -18.8731 1.16127 7.91705
    endloop
  endfacet
  facet normal -0.720502 0.481429 0.499103
    outer loop
      vertex -17.2689 7.16523 6.9403
      vertex -17.5622 6.72628 6.9403
      vertex -17.0355 6.98606 7.45006
    endloop
  endfacet
  facet normal -0.768378 0.513419 0.382095
    outer loop
      vertex -17.4477 7.30236 6.39648
      vertex -17.5622 6.72628 6.9403
      vertex -17.2689 7.16523 6.9403
    endloop
  endfacet
  facet normal -0.712098 0.351223 0.607913
    outer loop
      vertex -18.022 5.34126 7.45006
      vertex -18.2385 4.90231 7.45006
      vertex -17.7117 5.1621 7.91705
    endloop
  endfacet
  facet normal -0.982974 -0.129448 0.130404
    outer loop
      vertex -19.9707 -1.30578 5.24431
      vertex -19.8012 -2.00499 5.8279
      vertex -19.8946 -1.29575 5.8279
    endloop
  endfacet
  facet normal -0.98297 -0.129309 0.13057
    outer loop
      vertex -19.8012 -2.00499 5.8279
      vertex -19.9707 -1.30578 5.24431
      vertex -19.8774 -2.01502 5.24431
    endloop
  endfacet
  facet normal -0.865415 0.0377806 0.49963
    outer loop
      vertex -19.5859 0.00498962 6.9403
      vertex -19.2604 0.719666 7.45006
      vertex -19.5547 0.719666 6.9403
    endloop
  endfacet
  facet normal -0.865415 0.0377806 0.49963
    outer loop
      vertex -19.2604 0.719666 7.45006
      vertex -19.5859 0.00498962 6.9403
      vertex -19.2916 0.00498962 7.45006
    endloop
  endfacet
  facet normal -0.922161 -0.0605164 0.382043
    outer loop
      vertex -19.5547 -0.719666 6.9403
      vertex -19.78 -0.719666 6.39648
      vertex -19.7435 -1.27586 6.39648
    endloop
  endfacet
  facet normal -0.989376 -0.0648202 0.130128
    outer loop
      vertex -19.8946 -1.29575 5.8279
      vertex -20.0091 -0.719666 5.24431
      vertex -19.9707 -1.30578 5.24431
    endloop
  endfacet
  facet normal -0.972443 0.193379 0.130228
    outer loop
      vertex -19.7628 2.5911 5.24431
      vertex -19.8012 2.00499 5.8279
      vertex -19.6886 2.57122 5.8279
    endloop
  endfacet
  facet normal -0.946931 -0.321438 0
    outer loop
      vertex -19.204 -4.52794 5.05
      vertex -19.3928 -3.97175 5.24431
      vertex -19.3928 -3.97175 5.05
    endloop
  endfacet
  facet normal -0.946931 -0.321438 0
    outer loop
      vertex -19.3928 -3.97175 5.24431
      vertex -19.204 -4.52794 5.05
      vertex -19.204 -4.52794 5.24431
    endloop
  endfacet
  facet normal -0.889218 0.438541 0.130283
    outer loop
      vertex -18.6705 5.71564 5.24431
      vertex -18.9303 5.18885 5.24431
      vertex -18.8593 5.15944 5.8279
    endloop
  endfacet
  facet normal -0.820503 0.278488 0.499218
    outer loop
      vertex -18.5123 4.24141 7.45006
      vertex -18.9539 3.85413 6.9403
      vertex -18.6696 3.77796 7.45006
    endloop
  endfacet
  facet normal -0.96398 -0.0630846 0.258384
    outer loop
      vertex -19.7435 -1.27586 6.39648
      vertex -19.9323 -0.719666 5.8279
      vertex -19.8946 -1.29575 5.8279
    endloop
  endfacet
  facet normal -0.997861 0.0653761 0
    outer loop
      vertex -20.0091 0.719666 5.05
      vertex -19.9707 1.30578 5.24431
      vertex -19.9707 1.30578 5.05
    endloop
  endfacet
  facet normal -0.997861 0.0653761 0
    outer loop
      vertex -19.9707 1.30578 5.24431
      vertex -20.0091 0.719666 5.05
      vertex -20.0091 0.719666 5.24431
    endloop
  endfacet
  facet normal -0.990518 0.0433808 0.130351
    outer loop
      vertex -20.0404 0.00498962 5.24431
      vertex -19.9323 0.719666 5.8279
      vertex -20.0091 0.719666 5.24431
    endloop
  endfacet
  facet normal -0.990502 0.0432415 0.130519
    outer loop
      vertex -19.9323 0.719666 5.8279
      vertex -20.0404 0.00498962 5.24431
      vertex -19.9635 0.00498962 5.8279
    endloop
  endfacet
  facet normal -0.33972 0.176892 0.923742
    outer loop
      vertex -16.5054 4.46561 8.98593
      vertex -15.7041 4.82823 9.21118
      vertex -16.175 5.10014 8.98593
    endloop
  endfacet
  facet normal -0.339696 0.176826 0.923763
    outer loop
      vertex -15.7041 4.82823 9.21118
      vertex -16.5054 4.46561 8.98593
      vertex -16.0344 4.1937 9.21118
    endloop
  endfacet
  facet normal -0.836168 0.532757 0.130355
    outer loop
      vertex -18.3402 6.35018 5.24431
      vertex -17.8893 6.91508 5.8279
      vertex -17.9558 6.9535 5.24431
    endloop
  endfacet
  facet normal -0.836215 0.532649 0.130496
    outer loop
      vertex -17.8893 6.91508 5.8279
      vertex -18.3402 6.35018 5.24431
      vertex -18.2736 6.31176 5.8279
    endloop
  endfacet
  facet normal -0.803227 0.536801 0.258209
    outer loop
      vertex -17.5685 7.3951 5.8279
      vertex -17.8893 6.91508 5.8279
      vertex -17.4477 7.30236 6.39648
    endloop
  endfacet
  facet normal -0.76846 0.513357 0.382012
    outer loop
      vertex -17.4477 7.30236 6.39648
      vertex -17.7573 6.83891 6.39648
      vertex -17.5622 6.72628 6.9403
    endloop
  endfacet
  facet normal -0.819606 0.426633 0.3824
    outer loop
      vertex -18.472 5.60105 6.39648
      vertex -17.9466 6.12296 6.9403
      vertex -18.1417 6.23559 6.39648
    endloop
  endfacet
  facet normal -0.819606 0.426633 0.3824
    outer loop
      vertex -17.9466 6.12296 6.9403
      vertex -18.472 5.60105 6.39648
      vertex -18.2769 5.48842 6.9403
    endloop
  endfacet
  facet normal -0.889185 0.438591 0.130341
    outer loop
      vertex -18.6705 5.71564 5.24431
      vertex -18.8593 5.15944 5.8279
      vertex -18.6039 5.67723 5.8279
    endloop
  endfacet
  facet normal -0.247062 -0.0778938 0.965864
    outer loop
      vertex -16.1186 -2.35452 9.36353
      vertex -16.4527 -3.18393 9.21118
      vertex -15.9035 -3.03677 9.36353
    endloop
  endfacet
  facet normal -0.247062 -0.0778938 0.965864
    outer loop
      vertex -16.4527 -3.18393 9.21118
      vertex -16.1186 -2.35452 9.36353
      vertex -16.6678 -2.50168 9.21118
    endloop
  endfacet
  facet normal -0.864643 0.0566259 0.499185
    outer loop
      vertex -19.5202 1.24646 6.9403
      vertex -19.5547 0.719666 6.9403
      vertex -19.2604 0.719666 7.45006
    endloop
  endfacet
  facet normal -0.864629 0.0566536 0.499206
    outer loop
      vertex -19.2284 1.20804 7.45006
      vertex -19.5202 1.24646 6.9403
      vertex -19.2604 0.719666 7.45006
    endloop
  endfacet
  facet normal -0.980782 0.195108 0
    outer loop
      vertex -19.8774 2.01502 5.05
      vertex -19.7628 2.5911 5.24431
      vertex -19.7628 2.5911 5.05
    endloop
  endfacet
  facet normal -0.980782 0.195108 0
    outer loop
      vertex -19.7628 2.5911 5.24431
      vertex -19.8774 2.01502 5.05
      vertex -19.8774 2.01502 5.24431
    endloop
  endfacet
  facet normal -0.997861 -0.0653761 0
    outer loop
      vertex -19.9707 -1.30578 5.05
      vertex -20.0091 -0.719666 5.24431
      vertex -20.0091 -0.719666 5.05
    endloop
  endfacet
  facet normal -0.997861 -0.0653761 0
    outer loop
      vertex -20.0091 -0.719666 5.24431
      vertex -19.9707 -1.30578 5.05
      vertex -19.9707 -1.30578 5.24431
    endloop
  endfacet
  facet normal -0.849829 0.169074 0.499204
    outer loop
      vertex -19.0395 2.39731 7.45006
      vertex -19.4268 1.9557 6.9403
      vertex -19.135 1.91729 7.45006
    endloop
  endfacet
  facet normal -0.914802 0.310579 0.258221
    outer loop
      vertex -19.133 4.49854 5.8279
      vertex -19.3186 3.95186 5.8279
      vertex -18.9923 4.44024 6.39648
    endloop
  endfacet
  facet normal -0.938851 0.318744 0.130233
    outer loop
      vertex -19.133 4.49854 5.8279
      vertex -19.3928 3.97175 5.24431
      vertex -19.3186 3.95186 5.8279
    endloop
  endfacet
  facet normal -0.967942 0.214682 0.130385
    outer loop
      vertex -19.7628 2.5911 5.24431
      vertex -19.5337 3.26961 5.8279
      vertex -19.6079 3.2895 5.24431
    endloop
  endfacet
  facet normal -0.967942 0.214685 0.130381
    outer loop
      vertex -19.5337 3.26961 5.8279
      vertex -19.7628 2.5911 5.24431
      vertex -19.6886 2.57122 5.8279
    endloop
  endfacet
  facet normal -0.947494 0.188396 0.258383
    outer loop
      vertex -19.5414 2.53179 6.39648
      vertex -19.8012 2.00499 5.8279
      vertex -19.6501 1.98511 6.39648
    endloop
  endfacet
  facet normal -0.972421 0.193444 0.130295
    outer loop
      vertex -19.7628 2.5911 5.24431
      vertex -19.8774 2.01502 5.24431
      vertex -19.8012 2.00499 5.8279
    endloop
  endfacet
  facet normal -0.896862 0.44231 0
    outer loop
      vertex -18.9303 5.18885 5.05
      vertex -18.6705 5.71564 5.24431
      vertex -18.6705 5.71564 5.05
    endloop
  endfacet
  facet normal -0.896862 0.44231 0
    outer loop
      vertex -18.6705 5.71564 5.24431
      vertex -18.9303 5.18885 5.05
      vertex -18.9303 5.18885 5.24431
    endloop
  endfacet
  facet normal -0.93886 0.318698 0.130278
    outer loop
      vertex -19.204 4.52794 5.24431
      vertex -19.3928 3.97175 5.24431
      vertex -19.133 4.49854 5.8279
    endloop
  endfacet
  facet normal -0.824394 0.550811 0.130313
    outer loop
      vertex -17.6295 7.44187 5.24431
      vertex -17.9558 6.9535 5.24431
      vertex -17.5685 7.3951 5.8279
    endloop
  endfacet
  facet normal -0.906426 0.180312 0.381942
    outer loop
      vertex -19.3238 2.47348 6.9403
      vertex -19.6501 1.98511 6.39648
      vertex -19.4268 1.9557 6.9403
    endloop
  endfacet
  facet normal -0.858607 0.11307 0.500009
    outer loop
      vertex -19.5202 1.24646 6.9403
      vertex -19.135 1.91729 7.45006
      vertex -19.4268 1.9557 6.9403
    endloop
  endfacet
  facet normal -0.858606 0.113068 0.500011
    outer loop
      vertex -19.135 1.91729 7.45006
      vertex -19.5202 1.24646 6.9403
      vertex -19.2284 1.20804 7.45006
    endloop
  endfacet
  facet normal -0.853538 0.353607 0.382668
    outer loop
      vertex -18.9923 4.44024 6.39648
      vertex -18.5104 5.01494 6.9403
      vertex -18.7185 5.10114 6.39648
    endloop
  endfacet
  facet normal -0.853538 0.353607 0.382668
    outer loop
      vertex -18.5104 5.01494 6.9403
      vertex -18.9923 4.44024 6.39648
      vertex -18.7842 4.35404 6.9403
    endloop
  endfacet
  facet normal -0.820507 0.27853 0.499189
    outer loop
      vertex -18.7842 4.35404 6.9403
      vertex -18.9539 3.85413 6.9403
      vertex -18.5123 4.24141 7.45006
    endloop
  endfacet
  facet normal -0.976276 0.216531 0
    outer loop
      vertex -19.7628 2.5911 5.05
      vertex -19.6079 3.2895 5.24431
      vertex -19.6079 3.2895 5.05
    endloop
  endfacet
  facet normal -0.976276 0.216531 0
    outer loop
      vertex -19.6079 3.2895 5.24431
      vertex -19.7628 2.5911 5.05
      vertex -19.7628 2.5911 5.24431
    endloop
  endfacet
  facet normal -0.98297 0.129309 0.13057
    outer loop
      vertex -19.9707 1.30578 5.24431
      vertex -19.8012 2.00499 5.8279
      vertex -19.8774 2.01502 5.24431
    endloop
  endfacet
  facet normal -0.982974 0.129448 0.130404
    outer loop
      vertex -19.8012 2.00499 5.8279
      vertex -19.9707 1.30578 5.24431
      vertex -19.8946 1.29575 5.8279
    endloop
  endfacet
  facet normal -0.999042 -0.0437541 0
    outer loop
      vertex -20.0091 -0.719666 5.05
      vertex -20.0404 -0.00498962 5.24431
      vertex -20.0404 -0.00498962 5.05
    endloop
  endfacet
  facet normal -0.999042 -0.0437541 0
    outer loop
      vertex -20.0404 -0.00498962 5.24431
      vertex -20.0091 -0.719666 5.05
      vertex -20.0091 -0.719666 5.24431
    endloop
  endfacet
  facet normal -0.946931 0.321438 0
    outer loop
      vertex -19.3928 3.97175 5.05
      vertex -19.204 4.52794 5.24431
      vertex -19.204 4.52794 5.05
    endloop
  endfacet
  facet normal -0.946931 0.321438 0
    outer loop
      vertex -19.204 4.52794 5.24431
      vertex -19.3928 3.97175 5.05
      vertex -19.3928 3.97175 5.24431
    endloop
  endfacet
  facet normal -0.887023 0.461726 0
    outer loop
      vertex -18.6705 5.71564 5.05
      vertex -18.3402 6.35018 5.24431
      vertex -18.3402 6.35018 5.05
    endloop
  endfacet
  facet normal -0.887023 0.461726 0
    outer loop
      vertex -18.3402 6.35018 5.24431
      vertex -18.6705 5.71564 5.05
      vertex -18.6705 5.71564 5.24431
    endloop
  endfacet
  facet normal -0.849825 0.169052 0.499219
    outer loop
      vertex -19.3238 2.47348 6.9403
      vertex -19.4268 1.9557 6.9403
      vertex -19.0395 2.39731 7.45006
    endloop
  endfacet
  facet normal -0.990496 -0.0433798 0.130518
    outer loop
      vertex -20.0091 -0.719666 5.24431
      vertex -19.9635 -0.00498962 5.8279
      vertex -20.0404 -0.00498962 5.24431
    endloop
  endfacet
  facet normal -0.990524 -0.0432425 0.130352
    outer loop
      vertex -19.9635 -0.00498962 5.8279
      vertex -20.0091 -0.719666 5.24431
      vertex -19.9323 -0.719666 5.8279
    endloop
  endfacet
  facet normal -0.989371 -0.0647463 0.130201
    outer loop
      vertex -19.9323 -0.719666 5.8279
      vertex -20.0091 -0.719666 5.24431
      vertex -19.8946 -1.29575 5.8279
    endloop
  endfacet
  facet normal -0.99143 0 0.130641
    outer loop
      vertex -20.0404 -0.00498962 5.24431
      vertex -19.9635 0.00498962 5.8279
      vertex -20.0404 0.00498962 5.24431
    endloop
  endfacet
  facet normal -0.99143 0 0.130641
    outer loop
      vertex -19.9635 0.00498962 5.8279
      vertex -20.0404 -0.00498962 5.24431
      vertex -19.9635 -0.00498962 5.8279
    endloop
  endfacet
  facet normal -0.989371 0.0647463 0.130201
    outer loop
      vertex -19.8946 1.29575 5.8279
      vertex -20.0091 0.719666 5.24431
      vertex -19.9323 0.719666 5.8279
    endloop
  endfacet
  facet normal -0.800087 0.331463 0.499993
    outer loop
      vertex -18.7842 4.35404 6.9403
      vertex -18.2385 4.90231 7.45006
      vertex -18.5104 5.01494 6.9403
    endloop
  endfacet
  facet normal -0.800087 0.331463 0.499993
    outer loop
      vertex -18.2385 4.90231 7.45006
      vertex -18.7842 4.35404 6.9403
      vertex -18.5123 4.24141 7.45006
    endloop
  endfacet
  facet normal -0.892408 0.369575 0.258886
    outer loop
      vertex -19.133 4.49854 5.8279
      vertex -18.7185 5.10114 6.39648
      vertex -18.8593 5.15944 5.8279
    endloop
  endfacet
  facet normal -0.892397 0.369705 0.258739
    outer loop
      vertex -18.7185 5.10114 6.39648
      vertex -19.133 4.49854 5.8279
      vertex -18.9923 4.44024 6.39648
    endloop
  endfacet
  facet normal -0.866386 0.427345 0.258365
    outer loop
      vertex -18.6039 5.67723 5.8279
      vertex -18.8593 5.15944 5.8279
      vertex -18.7185 5.10114 6.39648
    endloop
  endfacet
  facet normal -0.875128 0.297072 0.381968
    outer loop
      vertex -18.7842 4.35404 6.9403
      vertex -18.9923 4.44024 6.39648
      vertex -18.9539 3.85413 6.9403
    endloop
  endfacet
  facet normal -0.881237 0.277837 0.382397
    outer loop
      vertex -19.3866 3.23018 6.39648
      vertex -18.9539 3.85413 6.9403
      vertex -19.1715 3.91243 6.39648
    endloop
  endfacet
  facet normal -0.881237 0.277837 0.382397
    outer loop
      vertex -18.9539 3.85413 6.9403
      vertex -19.3866 3.23018 6.39648
      vertex -19.169 3.17188 6.9403
    endloop
  endfacet
  facet normal -0.991458 0.130426 0
    outer loop
      vertex -19.9707 1.30578 5.05
      vertex -19.8774 2.01502 5.24431
      vertex -19.8774 2.01502 5.05
    endloop
  endfacet
  facet normal -0.991458 0.130426 0
    outer loop
      vertex -19.8774 2.01502 5.24431
      vertex -19.9707 1.30578 5.05
      vertex -19.9707 1.30578 5.24431
    endloop
  endfacet
  facet normal -0.94558 0.298123 0.130386
    outer loop
      vertex -19.6079 3.2895 5.24431
      vertex -19.3186 3.95186 5.8279
      vertex -19.3928 3.97175 5.24431
    endloop
  endfacet
  facet normal -0.94558 0.298123 0.130386
    outer loop
      vertex -19.3186 3.95186 5.8279
      vertex -19.6079 3.2895 5.24431
      vertex -19.5337 3.26961 5.8279
    endloop
  endfacet
  facet normal -0.923908 0.382614 0
    outer loop
      vertex -19.204 4.52794 5.05
      vertex -18.9303 5.18885 5.24431
      vertex -18.9303 5.18885 5.05
    endloop
  endfacet
  facet normal -0.923908 0.382614 0
    outer loop
      vertex -18.9303 5.18885 5.24431
      vertex -19.204 4.52794 5.05
      vertex -19.204 4.52794 5.24431
    endloop
  endfacet
  facet normal -0.845693 0.187447 0.499667
    outer loop
      vertex -19.3238 2.47348 6.9403
      vertex -18.8847 3.0957 7.45006
      vertex -19.169 3.17188 6.9403
    endloop
  endfacet
  facet normal -0.845694 0.18745 0.499664
    outer loop
      vertex -18.8847 3.0957 7.45006
      vertex -19.3238 2.47348 6.9403
      vertex -19.0395 2.39731 7.45006
    endloop
  endfacet
  facet normal -0.923854 0 0.382745
    outer loop
      vertex -19.8112 -0.00498962 6.39648
      vertex -19.5859 0.00498962 6.9403
      vertex -19.8112 0.00498962 6.39648
    endloop
  endfacet
  facet normal -0.923854 0 0.382745
    outer loop
      vertex -19.5859 0.00498962 6.9403
      vertex -19.8112 -0.00498962 6.39648
      vertex -19.5859 -0.00498962 6.9403
    endloop
  endfacet
  facet normal -0.999042 0.0437541 0
    outer loop
      vertex -20.0404 0.00498962 5.05
      vertex -20.0091 0.719666 5.24431
      vertex -20.0091 0.719666 5.05
    endloop
  endfacet
  facet normal -0.999042 0.0437541 0
    outer loop
      vertex -20.0091 0.719666 5.24431
      vertex -20.0404 0.00498962 5.05
      vertex -20.0404 0.00498962 5.24431
    endloop
  endfacet
  facet normal -1 0 0
    outer loop
      vertex -20.0404 -0.00498962 5.05
      vertex -20.0404 0.00498962 5.24431
      vertex -20.0404 0.00498962 5.05
    endloop
  endfacet
  facet normal -1 -0 0
    outer loop
      vertex -20.0404 0.00498962 5.24431
      vertex -20.0404 -0.00498962 5.05
      vertex -20.0404 -0.00498962 5.24431
    endloop
  endfacet
  facet normal -0.875098 0.29711 0.382007
    outer loop
      vertex -18.9923 4.44024 6.39648
      vertex -19.1715 3.91243 6.39648
      vertex -18.9539 3.85413 6.9403
    endloop
  endfacet
  facet normal -0.914801 0.31059 0.258211
    outer loop
      vertex -18.9923 4.44024 6.39648
      vertex -19.3186 3.95186 5.8279
      vertex -19.1715 3.91243 6.39648
    endloop
  endfacet
  facet normal -0.964012 0.0632629 0.258221
    outer loop
      vertex -19.7435 1.27586 6.39648
      vertex -19.9323 0.719666 5.8279
      vertex -19.78 0.719666 6.39648
    endloop
  endfacet
  facet normal -0.915989 0.120625 0.382641
    outer loop
      vertex -19.7435 1.27586 6.39648
      vertex -19.4268 1.9557 6.9403
      vertex -19.6501 1.98511 6.39648
    endloop
  endfacet
  facet normal -0.915989 0.120627 0.382639
    outer loop
      vertex -19.4268 1.9557 6.9403
      vertex -19.7435 1.27586 6.39648
      vertex -19.5202 1.24646 6.9403
    endloop
  endfacet
  facet normal -0.953722 0.30069 0
    outer loop
      vertex -19.6079 3.2895 5.05
      vertex -19.3928 3.97175 5.24431
      vertex -19.3928 3.97175 5.05
    endloop
  endfacet
  facet normal -0.953722 0.30069 0
    outer loop
      vertex -19.3928 3.97175 5.24431
      vertex -19.6079 3.2895 5.05
      vertex -19.6079 3.2895 5.24431
    endloop
  endfacet
  facet normal -0.906414 0.180228 0.38201
    outer loop
      vertex -19.5414 2.53179 6.39648
      vertex -19.6501 1.98511 6.39648
      vertex -19.3238 2.47348 6.9403
    endloop
  endfacet
  facet normal -0.943093 0.209174 0.258498
    outer loop
      vertex -19.6886 2.57122 5.8279
      vertex -19.3866 3.23018 6.39648
      vertex -19.5337 3.26961 5.8279
    endloop
  endfacet
  facet normal -0.943082 0.209037 0.258651
    outer loop
      vertex -19.3866 3.23018 6.39648
      vertex -19.6886 2.57122 5.8279
      vertex -19.5414 2.53179 6.39648
    endloop
  endfacet
  facet normal -0.923104 -0.0402991 0.382434
    outer loop
      vertex -19.78 -0.719666 6.39648
      vertex -19.5859 -0.00498962 6.9403
      vertex -19.8112 -0.00498962 6.39648
    endloop
  endfacet
  facet normal -0.923104 -0.0402991 0.382434
    outer loop
      vertex -19.5859 -0.00498962 6.9403
      vertex -19.78 -0.719666 6.39648
      vertex -19.5547 -0.719666 6.9403
    endloop
  endfacet
  facet normal -0.922161 0.0605164 0.382043
    outer loop
      vertex -19.7435 1.27586 6.39648
      vertex -19.78 0.719666 6.39648
      vertex -19.5547 0.719666 6.9403
    endloop
  endfacet
  facet normal -0.902104 0.199954 0.382397
    outer loop
      vertex -19.5414 2.53179 6.39648
      vertex -19.169 3.17188 6.9403
      vertex -19.3866 3.23018 6.39648
    endloop
  endfacet
  facet normal -0.902103 0.199951 0.3824
    outer loop
      vertex -19.169 3.17188 6.9403
      vertex -19.5414 2.53179 6.39648
      vertex -19.3238 2.47348 6.9403
    endloop
  endfacet
  facet normal -0.96509 0.0421321 0.258509
    outer loop
      vertex -19.9635 0.00498962 5.8279
      vertex -19.78 0.719666 6.39648
      vertex -19.9323 0.719666 5.8279
    endloop
  endfacet
  facet normal -0.96509 0.0421321 0.258509
    outer loop
      vertex -19.78 0.719666 6.39648
      vertex -19.9635 0.00498962 5.8279
      vertex -19.8112 0.00498962 6.39648
    endloop
  endfacet
  facet normal -0.923104 0.0402991 0.382434
    outer loop
      vertex -19.8112 0.00498962 6.39648
      vertex -19.5547 0.719666 6.9403
      vertex -19.78 0.719666 6.39648
    endloop
  endfacet
  facet normal -0.923104 0.0402991 0.382434
    outer loop
      vertex -19.5547 0.719666 6.9403
      vertex -19.8112 0.00498962 6.39648
      vertex -19.5859 0.00498962 6.9403
    endloop
  endfacet
  facet normal 1 0 0
    outer loop
      vertex 11.05 9.96647 8.73246
      vertex 11.05 10.2913 8.50937
      vertex 11.05 10.041 8.69161
    endloop
  endfacet
  facet normal 1 0 0
    outer loop
      vertex 11.05 10.2913 8.50937
      vertex 11.05 9.96647 8.73246
      vertex 11.05 10.0963 5.15
    endloop
  endfacet
  facet normal 1 0 0
    outer loop
      vertex 11.05 9.87226 8.78408
      vertex 11.05 10.0963 5.15
      vertex 11.05 9.96647 8.73246
    endloop
  endfacet
  facet normal 1 0 0
    outer loop
      vertex 11.05 9.49384 8.98593
      vertex 11.05 10.0963 5.15
      vertex 11.05 9.87226 8.78408
    endloop
  endfacet
  facet normal 1 0 0
    outer loop
      vertex 11.05 8.90521 9.21118
      vertex 11.05 10.0963 5.15
      vertex 11.05 9.49384 8.98593
    endloop
  endfacet
  facet normal 1 0 0
    outer loop
      vertex 11.05 8.2898 9.36353
      vertex 11.05 10.0963 5.15
      vertex 11.05 8.90521 9.21118
    endloop
  endfacet
  facet normal 1 0 0
    outer loop
      vertex 11.05 8.00293 9.39842
      vertex 11.05 10.0963 5.15
      vertex 11.05 8.2898 9.36353
    endloop
  endfacet
  facet normal 1 0 0
    outer loop
      vertex 11.05 7.89107 9.41166
      vertex 11.05 10.0963 5.15
      vertex 11.05 8.00293 9.39842
    endloop
  endfacet
  facet normal 1 0 0
    outer loop
      vertex 11.05 7.84294 9.41736
      vertex 11.05 10.0963 5.15
      vertex 11.05 7.89107 9.41166
    endloop
  endfacet
  facet normal 1 0 0
    outer loop
      vertex 11.05 7.6461 9.44036
      vertex 11.05 10.0963 5.15
      vertex 11.05 7.84294 9.41736
    endloop
  endfacet
  facet normal 1 -0 0
    outer loop
      vertex 11.05 -7.6461 9.44036
      vertex 11.05 10.0963 5.15
      vertex 11.05 7.6461 9.44036
    endloop
  endfacet
  facet normal 1 0 0
    outer loop
      vertex 11.05 -10.0963 5.15
      vertex 11.05 -7.6461 9.44036
      vertex 11.05 -7.84294 9.41736
    endloop
  endfacet
  facet normal 1 0 0
    outer loop
      vertex 11.05 -10.0963 5.15
      vertex 11.05 -7.84294 9.41736
      vertex 11.05 -7.89107 9.41166
    endloop
  endfacet
  facet normal 1 0 0
    outer loop
      vertex 11.05 -10.0963 5.15
      vertex 11.05 -7.89107 9.41166
      vertex 11.05 -8.00293 9.39842
    endloop
  endfacet
  facet normal 1 0 0
    outer loop
      vertex 11.05 -10.0963 5.15
      vertex 11.05 -8.00293 9.39842
      vertex 11.05 -8.2898 9.36353
    endloop
  endfacet
  facet normal 1 0 0
    outer loop
      vertex 11.05 -10.0963 5.15
      vertex 11.05 -8.2898 9.36353
      vertex 11.05 -8.90521 9.21118
    endloop
  endfacet
  facet normal 1 0 0
    outer loop
      vertex 11.05 -10.0963 5.15
      vertex 11.05 -8.90521 9.21118
      vertex 11.05 -9.49384 8.98593
    endloop
  endfacet
  facet normal 1 0 0
    outer loop
      vertex 11.05 -10.0963 5.15
      vertex 11.05 -9.49384 8.98593
      vertex 11.05 -9.87226 8.78408
    endloop
  endfacet
  facet normal 1 0 0
    outer loop
      vertex 11.05 -10.0963 5.15
      vertex 11.05 -9.87226 8.78408
      vertex 11.05 -9.96647 8.73246
    endloop
  endfacet
  facet normal 1 0 0
    outer loop
      vertex 11.05 -10.2913 8.50937
      vertex 11.05 -9.96647 8.73246
      vertex 11.05 -10.041 8.69161
    endloop
  endfacet
  facet normal 1 0 0
    outer loop
      vertex 11.05 -7.6461 9.44036
      vertex 11.05 -10.0963 5.15
      vertex 11.05 10.0963 5.15
    endloop
  endfacet
  facet normal 1 0 0
    outer loop
      vertex 11.05 -9.96647 8.73246
      vertex 11.05 -10.2913 8.50937
      vertex 11.05 -10.0963 5.15
    endloop
  endfacet
  facet normal 1 -0 0
    outer loop
      vertex 11.05 -10.5331 8.33328
      vertex 11.05 -10.0963 5.15
      vertex 11.05 -10.2913 8.50937
    endloop
  endfacet
  facet normal 1 -0 0
    outer loop
      vertex 11.05 -10.9383 7.94876
      vertex 11.05 -10.0963 5.15
      vertex 11.05 -10.5331 8.33328
    endloop
  endfacet
  facet normal 1 -0 0
    outer loop
      vertex 11.05 -11.0523 7.81742
      vertex 11.05 -10.0963 5.15
      vertex 11.05 -10.9383 7.94876
    endloop
  endfacet
  facet normal 1 0 0
    outer loop
      vertex 11.05 -11.0523 7.81742
      vertex 11.05 -10.9383 7.94876
      vertex 11.05 -10.9717 7.91705
    endloop
  endfacet
  facet normal 1 -0 0
    outer loop
      vertex 11.05 -11.3476 7.45006
      vertex 11.05 -10.0963 5.15
      vertex 11.05 -11.0523 7.81742
    endloop
  endfacet
  facet normal 1 -0 0
    outer loop
      vertex 11.05 -11.6559 6.9403
      vertex 11.05 -10.0963 5.15
      vertex 11.05 -11.3476 7.45006
    endloop
  endfacet
  facet normal 1 -0 0
    outer loop
      vertex 11.05 -11.8919 6.39648
      vertex 11.05 -10.0963 5.15
      vertex 11.05 -11.6559 6.9403
    endloop
  endfacet
  facet normal 1 -0 0
    outer loop
      vertex 11.05 -12.0514 5.8279
      vertex 11.05 -10.0963 5.15
      vertex 11.05 -11.8919 6.39648
    endloop
  endfacet
  facet normal 1 -0 0
    outer loop
      vertex 11.05 -12.1319 5.24431
      vertex 11.05 -10.0963 5.15
      vertex 11.05 -12.0514 5.8279
    endloop
  endfacet
  facet normal 1 0 0
    outer loop
      vertex 11.05 -12.1319 5.05
      vertex 11.05 -10.0963 5.15
      vertex 11.05 -12.1319 5.24431
    endloop
  endfacet
  facet normal 1 0 0
    outer loop
      vertex 11.05 -10.0963 5.15
      vertex 11.05 -12.1319 5.05
      vertex 11.05 -10.0963 5.05
    endloop
  endfacet
  facet normal 1 0 0
    outer loop
      vertex 11.05 10.0963 5.15
      vertex 11.05 12.1319 5.24431
      vertex 11.05 12.0514 5.8279
    endloop
  endfacet
  facet normal 1 0 0
    outer loop
      vertex 11.05 10.0963 5.15
      vertex 11.05 12.0514 5.8279
      vertex 11.05 11.8919 6.39648
    endloop
  endfacet
  facet normal 1 0 0
    outer loop
      vertex 11.05 10.0963 5.15
      vertex 11.05 11.8919 6.39648
      vertex 11.05 11.6559 6.9403
    endloop
  endfacet
  facet normal 1 0 0
    outer loop
      vertex 11.05 10.0963 5.15
      vertex 11.05 11.6559 6.9403
      vertex 11.05 11.3476 7.45006
    endloop
  endfacet
  facet normal 1 0 0
    outer loop
      vertex 11.05 10.0963 5.15
      vertex 11.05 11.3476 7.45006
      vertex 11.05 11.0523 7.81742
    endloop
  endfacet
  facet normal 1 0 0
    outer loop
      vertex 11.05 10.9383 7.94876
      vertex 11.05 11.0523 7.81742
      vertex 11.05 10.9717 7.91705
    endloop
  endfacet
  facet normal 1 0 0
    outer loop
      vertex 11.05 11.0523 7.81742
      vertex 11.05 10.9383 7.94876
      vertex 11.05 10.0963 5.15
    endloop
  endfacet
  facet normal 1 0 0
    outer loop
      vertex 11.05 10.0963 5.15
      vertex 11.05 10.9383 7.94876
      vertex 11.05 10.5331 8.33328
    endloop
  endfacet
  facet normal 1 0 0
    outer loop
      vertex 11.05 10.0963 5.15
      vertex 11.05 10.5331 8.33328
      vertex 11.05 10.2913 8.50937
    endloop
  endfacet
  facet normal 1 0 0
    outer loop
      vertex 11.05 12.1319 5.24431
      vertex 11.05 10.0963 5.15
      vertex 11.05 12.1319 5.05
    endloop
  endfacet
  facet normal 1 0 0
    outer loop
      vertex 11.05 12.1319 5.05
      vertex 11.05 10.0963 5.15
      vertex 11.05 10.0963 5.05
    endloop
  endfacet
  facet normal 0 0 -1
    outer loop
      vertex -16.8067 -8.45102 5.05
      vertex -16.75 8.51293 5.05
      vertex -16.75 -8.51293 5.05
    endloop
  endfacet
  facet normal 0 0 -1
    outer loop
      vertex -16.8067 -8.45102 5.05
      vertex -16.8067 8.45102 5.05
      vertex -16.75 8.51293 5.05
    endloop
  endfacet
  facet normal 0 0 -1
    outer loop
      vertex -17.9558 -6.9535 5.05
      vertex -16.8067 -8.45102 5.05
      vertex -17.194 -8.00941 5.05
    endloop
  endfacet
  facet normal 0 0 -1
    outer loop
      vertex -16.8067 -8.45102 5.05
      vertex -17.9558 -6.9535 5.05
      vertex -16.8067 8.45102 5.05
    endloop
  endfacet
  facet normal 0 0 -1
    outer loop
      vertex -17.9558 -6.9535 5.05
      vertex -17.194 -8.00941 5.05
      vertex -17.6295 -7.44187 5.05
    endloop
  endfacet
  facet normal 0 0 -1
    outer loop
      vertex -17.9558 6.9535 5.05
      vertex -16.8067 8.45102 5.05
      vertex -17.9558 -6.9535 5.05
    endloop
  endfacet
  facet normal 0 0 -1
    outer loop
      vertex -16.8067 8.45102 5.05
      vertex -17.9558 6.9535 5.05
      vertex -17.194 8.00941 5.05
    endloop
  endfacet
  facet normal 0 0 -1
    outer loop
      vertex -17.194 8.00941 5.05
      vertex -17.9558 6.9535 5.05
      vertex -17.6295 7.44187 5.05
    endloop
  endfacet
  facet normal 0 0 -1
    outer loop
      vertex -18.6705 -5.71564 5.05
      vertex -17.9558 -6.9535 5.05
      vertex -18.3402 -6.35018 5.05
    endloop
  endfacet
  facet normal 0 0 -1
    outer loop
      vertex -17.9558 -6.9535 5.05
      vertex -18.6705 -5.71564 5.05
      vertex -17.9558 6.9535 5.05
    endloop
  endfacet
  facet normal 0 0 -1
    outer loop
      vertex -18.6705 5.71564 5.05
      vertex -17.9558 6.9535 5.05
      vertex -18.6705 -5.71564 5.05
    endloop
  endfacet
  facet normal 0 0 -1
    outer loop
      vertex -17.9558 6.9535 5.05
      vertex -18.6705 5.71564 5.05
      vertex -18.3402 6.35018 5.05
    endloop
  endfacet
  facet normal 0 0 -1
    outer loop
      vertex -19.3928 -3.97175 5.05
      vertex -18.6705 -5.71564 5.05
      vertex -18.9303 -5.18885 5.05
    endloop
  endfacet
  facet normal 0 0 -1
    outer loop
      vertex -18.6705 -5.71564 5.05
      vertex -19.3928 -3.97175 5.05
      vertex -18.6705 5.71564 5.05
    endloop
  endfacet
  facet normal 0 0 -1
    outer loop
      vertex -19.3928 -3.97175 5.05
      vertex -18.9303 -5.18885 5.05
      vertex -19.204 -4.52794 5.05
    endloop
  endfacet
  facet normal 0 0 -1
    outer loop
      vertex -19.3928 3.97175 5.05
      vertex -18.6705 5.71564 5.05
      vertex -19.3928 -3.97175 5.05
    endloop
  endfacet
  facet normal 0 0 -1
    outer loop
      vertex -18.6705 5.71564 5.05
      vertex -19.3928 3.97175 5.05
      vertex -18.9303 5.18885 5.05
    endloop
  endfacet
  facet normal 0 0 -1
    outer loop
      vertex -18.9303 5.18885 5.05
      vertex -19.3928 3.97175 5.05
      vertex -19.204 4.52794 5.05
    endloop
  endfacet
  facet normal 0 0 -1
    outer loop
      vertex -19.7628 -2.5911 5.05
      vertex -19.3928 -3.97175 5.05
      vertex -19.6079 -3.2895 5.05
    endloop
  endfacet
  facet normal 0 0 -1
    outer loop
      vertex -19.3928 -3.97175 5.05
      vertex -19.7628 -2.5911 5.05
      vertex -19.3928 3.97175 5.05
    endloop
  endfacet
  facet normal 0 0 -1
    outer loop
      vertex -19.7628 2.5911 5.05
      vertex -19.3928 3.97175 5.05
      vertex -19.7628 -2.5911 5.05
    endloop
  endfacet
  facet normal 0 0 -1
    outer loop
      vertex -19.3928 3.97175 5.05
      vertex -19.7628 2.5911 5.05
      vertex -19.6079 3.2895 5.05
    endloop
  endfacet
  facet normal 0 0 -1
    outer loop
      vertex -20.0091 -0.719666 5.05
      vertex -19.7628 -2.5911 5.05
      vertex -19.8774 -2.01502 5.05
    endloop
  endfacet
  facet normal 0 0 -1
    outer loop
      vertex -19.7628 -2.5911 5.05
      vertex -20.0091 -0.719666 5.05
      vertex -19.7628 2.5911 5.05
    endloop
  endfacet
  facet normal 0 0 -1
    outer loop
      vertex -20.0091 -0.719666 5.05
      vertex -19.8774 -2.01502 5.05
      vertex -19.9707 -1.30578 5.05
    endloop
  endfacet
  facet normal 0 0 -1
    outer loop
      vertex -20.0091 0.719666 5.05
      vertex -19.7628 2.5911 5.05
      vertex -20.0091 -0.719666 5.05
    endloop
  endfacet
  facet normal 0 0 -1
    outer loop
      vertex -19.7628 2.5911 5.05
      vertex -20.0091 0.719666 5.05
      vertex -19.8774 2.01502 5.05
    endloop
  endfacet
  facet normal 0 0 -1
    outer loop
      vertex -19.8774 2.01502 5.05
      vertex -20.0091 0.719666 5.05
      vertex -19.9707 1.30578 5.05
    endloop
  endfacet
  facet normal 0 0 -1
    outer loop
      vertex -20.0404 -0.00498962 5.05
      vertex -20.0091 0.719666 5.05
      vertex -20.0091 -0.719666 5.05
    endloop
  endfacet
  facet normal 0 0 -1
    outer loop
      vertex -20.0091 0.719666 5.05
      vertex -20.0404 -0.00498962 5.05
      vertex -20.0404 0.00498962 5.05
    endloop
  endfacet
  facet normal 0 0 -1
    outer loop
      vertex 11.0481 10.1 5.05
      vertex 11.05 12.1319 5.05
      vertex 11.05 10.0963 5.05
    endloop
  endfacet
  facet normal 0 0 -1
    outer loop
      vertex 10.9074 10.3207 5.05
      vertex 11.05 12.1319 5.05
      vertex 11.0481 10.1 5.05
    endloop
  endfacet
  facet normal 0 0 -1
    outer loop
      vertex 10.7481 10.5284 5.05
      vertex 11.05 12.1319 5.05
      vertex 10.9074 10.3207 5.05
    endloop
  endfacet
  facet normal 0 0 -1
    outer loop
      vertex 10.5713 10.7213 5.05
      vertex 11.05 12.1319 5.05
      vertex 10.7481 10.5284 5.05
    endloop
  endfacet
  facet normal 0 0 -1
    outer loop
      vertex 10.3784 10.8981 5.05
      vertex 11.05 12.1319 5.05
      vertex 10.5713 10.7213 5.05
    endloop
  endfacet
  facet normal 0 0 -1
    outer loop
      vertex 10.1707 11.0574 5.05
      vertex 11.05 12.1319 5.05
      vertex 10.3784 10.8981 5.05
    endloop
  endfacet
  facet normal -0 0 -1
    outer loop
      vertex 11.05 12.1319 5.05
      vertex 10.1707 11.0574 5.05
      vertex 10.6345 12.2629 5.05
    endloop
  endfacet
  facet normal 0 0 -1
    outer loop
      vertex 9.94999 11.1981 5.05
      vertex 10.6345 12.2629 5.05
      vertex 10.1707 11.0574 5.05
    endloop
  endfacet
  facet normal 0 0 -1
    outer loop
      vertex 9.94999 11.1981 5.05
      vertex 9.9361 12.4178 5.05
      vertex 10.6345 12.2629 5.05
    endloop
  endfacet
  facet normal 0 0 -1
    outer loop
      vertex 9.71784 11.3189 5.05
      vertex 9.9361 12.4178 5.05
      vertex 9.94999 11.1981 5.05
    endloop
  endfacet
  facet normal 0 0 -1
    outer loop
      vertex 9.47605 11.4191 5.05
      vertex 9.9361 12.4178 5.05
      vertex 9.71784 11.3189 5.05
    endloop
  endfacet
  facet normal 0 0 -1
    outer loop
      vertex 9.47605 11.4191 5.05
      vertex 9.36002 12.5324 5.05
      vertex 9.9361 12.4178 5.05
    endloop
  endfacet
  facet normal 0 0 -1
    outer loop
      vertex 9.22645 11.4978 5.05
      vertex 9.36002 12.5324 5.05
      vertex 9.47605 11.4191 5.05
    endloop
  endfacet
  facet normal 0 0 -1
    outer loop
      vertex 8.97094 11.5544 5.05
      vertex 9.36002 12.5324 5.05
      vertex 9.22645 11.4978 5.05
    endloop
  endfacet
  facet normal 0 0 -1
    outer loop
      vertex 8.65078 12.6257 5.05
      vertex 8.97094 11.5544 5.05
      vertex 8.71146 11.5886 5.05
    endloop
  endfacet
  facet normal 0 0 -1
    outer loop
      vertex 8.97094 11.5544 5.05
      vertex 8.65078 12.6257 5.05
      vertex 9.36002 12.5324 5.05
    endloop
  endfacet
  facet normal 0 0 -1
    outer loop
      vertex 8.44999 11.6 5.05
      vertex 8.65078 12.6257 5.05
      vertex 8.71146 11.5886 5.05
    endloop
  endfacet
  facet normal 0 0 -1
    outer loop
      vertex 8.44999 11.6 5.05
      vertex 8.06467 12.6641 5.05
      vertex 8.65078 12.6257 5.05
    endloop
  endfacet
  facet normal 0 0 -1
    outer loop
      vertex 8.44999 11.6 5.05
      vertex 7.34999 12.6954 5.05
      vertex 8.06467 12.6641 5.05
    endloop
  endfacet
  facet normal 0 0 -1
    outer loop
      vertex 8.44999 11.6 5.05
      vertex -7.34999 12.6954 5.05
      vertex 7.34999 12.6954 5.05
    endloop
  endfacet
  facet normal 0 0 -1
    outer loop
      vertex -12.4983 11.6 5.05
      vertex -7.34999 12.6954 5.05
      vertex 8.44999 11.6 5.05
    endloop
  endfacet
  facet normal 0 0 -1
    outer loop
      vertex -7.34999 12.6954 5.05
      vertex -12.4983 11.6 5.05
      vertex -8.06467 12.6641 5.05
    endloop
  endfacet
  facet normal 0 -0 -1
    outer loop
      vertex -9.9361 12.4178 5.05
      vertex -8.06467 12.6641 5.05
      vertex -12.4983 11.6 5.05
    endloop
  endfacet
  facet normal 0 0 -1
    outer loop
      vertex -8.06467 12.6641 5.05
      vertex -9.9361 12.4178 5.05
      vertex -8.65078 12.6257 5.05
    endloop
  endfacet
  facet normal 0 0 -1
    outer loop
      vertex -8.65078 12.6257 5.05
      vertex -9.9361 12.4178 5.05
      vertex -9.36002 12.5324 5.05
    endloop
  endfacet
  facet normal 0 -0 -1
    outer loop
      vertex -11.3167 12.0478 5.05
      vertex -9.9361 12.4178 5.05
      vertex -12.4983 11.6 5.05
    endloop
  endfacet
  facet normal 0 0 -1
    outer loop
      vertex -9.9361 12.4178 5.05
      vertex -11.3167 12.0478 5.05
      vertex -10.6345 12.2629 5.05
    endloop
  endfacet
  facet normal 0 0 -1
    outer loop
      vertex -11.3167 12.0478 5.05
      vertex -12.4983 11.6 5.05
      vertex -11.8729 11.859 5.05
    endloop
  endfacet
  facet normal 0 0 -1
    outer loop
      vertex 11.05 -12.1319 5.05
      vertex 11.0481 -10.1 5.05
      vertex 11.05 -10.0963 5.05
    endloop
  endfacet
  facet normal 0 0 -1
    outer loop
      vertex 11.05 -12.1319 5.05
      vertex 10.9074 -10.3207 5.05
      vertex 11.0481 -10.1 5.05
    endloop
  endfacet
  facet normal 0 0 -1
    outer loop
      vertex 11.05 -12.1319 5.05
      vertex 10.7481 -10.5284 5.05
      vertex 10.9074 -10.3207 5.05
    endloop
  endfacet
  facet normal 0 0 -1
    outer loop
      vertex 10.1707 -11.0574 5.05
      vertex 11.05 -12.1319 5.05
      vertex 10.6345 -12.2629 5.05
    endloop
  endfacet
  facet normal 0 0 -1
    outer loop
      vertex 11.05 -12.1319 5.05
      vertex 10.5713 -10.7213 5.05
      vertex 10.7481 -10.5284 5.05
    endloop
  endfacet
  facet normal 0 0 -1
    outer loop
      vertex 11.05 -12.1319 5.05
      vertex 10.3784 -10.8981 5.05
      vertex 10.5713 -10.7213 5.05
    endloop
  endfacet
  facet normal 0 0 -1
    outer loop
      vertex 11.05 -12.1319 5.05
      vertex 10.1707 -11.0574 5.05
      vertex 10.3784 -10.8981 5.05
    endloop
  endfacet
  facet normal 0 0 -1
    outer loop
      vertex 10.6345 -12.2629 5.05
      vertex 9.94999 -11.1981 5.05
      vertex 10.1707 -11.0574 5.05
    endloop
  endfacet
  facet normal 0 0 -1
    outer loop
      vertex 9.9361 -12.4178 5.05
      vertex 9.94999 -11.1981 5.05
      vertex 10.6345 -12.2629 5.05
    endloop
  endfacet
  facet normal 0 0 -1
    outer loop
      vertex 9.9361 -12.4178 5.05
      vertex 9.71784 -11.3189 5.05
      vertex 9.94999 -11.1981 5.05
    endloop
  endfacet
  facet normal 0 0 -1
    outer loop
      vertex 9.9361 -12.4178 5.05
      vertex 9.47605 -11.4191 5.05
      vertex 9.71784 -11.3189 5.05
    endloop
  endfacet
  facet normal 0 0 -1
    outer loop
      vertex 9.36002 -12.5324 5.05
      vertex 9.47605 -11.4191 5.05
      vertex 9.9361 -12.4178 5.05
    endloop
  endfacet
  facet normal 0 0 -1
    outer loop
      vertex 9.36002 -12.5324 5.05
      vertex 9.22645 -11.4978 5.05
      vertex 9.47605 -11.4191 5.05
    endloop
  endfacet
  facet normal 0 0 -1
    outer loop
      vertex 9.36002 -12.5324 5.05
      vertex 8.97094 -11.5544 5.05
      vertex 9.22645 -11.4978 5.05
    endloop
  endfacet
  facet normal 0 0 -1
    outer loop
      vertex 8.65078 -12.6257 5.05
      vertex 8.97094 -11.5544 5.05
      vertex 9.36002 -12.5324 5.05
    endloop
  endfacet
  facet normal 0 0 -1
    outer loop
      vertex 8.97094 -11.5544 5.05
      vertex 8.65078 -12.6257 5.05
      vertex 8.71146 -11.5886 5.05
    endloop
  endfacet
  facet normal 0 0 -1
    outer loop
      vertex 8.65078 -12.6257 5.05
      vertex 8.44999 -11.6 5.05
      vertex 8.71146 -11.5886 5.05
    endloop
  endfacet
  facet normal 0 0 -1
    outer loop
      vertex 8.06467 -12.6641 5.05
      vertex 8.44999 -11.6 5.05
      vertex 8.65078 -12.6257 5.05
    endloop
  endfacet
  facet normal 0 0 -1
    outer loop
      vertex 7.34999 -12.6954 5.05
      vertex 8.44999 -11.6 5.05
      vertex 8.06467 -12.6641 5.05
    endloop
  endfacet
  facet normal 0 0 -1
    outer loop
      vertex -7.34999 -12.6954 5.05
      vertex 8.44999 -11.6 5.05
      vertex 7.34999 -12.6954 5.05
    endloop
  endfacet
  facet normal 0 0 -1
    outer loop
      vertex -12.4983 -11.6 5.05
      vertex -7.34999 -12.6954 5.05
      vertex -8.06467 -12.6641 5.05
    endloop
  endfacet
  facet normal 0 0 -1
    outer loop
      vertex -9.9361 -12.4178 5.05
      vertex -8.06467 -12.6641 5.05
      vertex -8.65078 -12.6257 5.05
    endloop
  endfacet
  facet normal 0 0 -1
    outer loop
      vertex -9.9361 -12.4178 5.05
      vertex -8.65078 -12.6257 5.05
      vertex -9.36002 -12.5324 5.05
    endloop
  endfacet
  facet normal 0 0 -1
    outer loop
      vertex -8.06467 -12.6641 5.05
      vertex -9.9361 -12.4178 5.05
      vertex -12.4983 -11.6 5.05
    endloop
  endfacet
  facet normal 0 0 -1
    outer loop
      vertex -11.3167 -12.0478 5.05
      vertex -9.9361 -12.4178 5.05
      vertex -10.6345 -12.2629 5.05
    endloop
  endfacet
  facet normal 0 0 -1
    outer loop
      vertex -9.9361 -12.4178 5.05
      vertex -11.3167 -12.0478 5.05
      vertex -12.4983 -11.6 5.05
    endloop
  endfacet
  facet normal 0 0 -1
    outer loop
      vertex -12.4983 -11.6 5.05
      vertex -11.3167 -12.0478 5.05
      vertex -11.8729 -11.859 5.05
    endloop
  endfacet
  facet normal 0 0 -1
    outer loop
      vertex -7.34999 -12.6954 5.05
      vertex -12.4983 -11.6 5.05
      vertex 8.44999 -11.6 5.05
    endloop
  endfacet
  facet normal 0 0 -1
    outer loop
      vertex 6.24999 -9.39999 5.05
      vertex 9.24999 -6.39999 5.05
      vertex 9.23858 -6.66147 5.05
    endloop
  endfacet
  facet normal -0 0 -1
    outer loop
      vertex 9.24999 -6.39999 5.05
      vertex 6.24999 -9.39999 5.05
      vertex 9.24999 6.39999 5.05
    endloop
  endfacet
  facet normal 0 0 -1
    outer loop
      vertex 6.24999 -9.39999 5.05
      vertex 9.23858 -6.66147 5.05
      vertex 9.20442 -6.92094 5.05
    endloop
  endfacet
  facet normal 0 0 -1
    outer loop
      vertex 6.24999 9.39999 5.05
      vertex 9.24999 6.39999 5.05
      vertex 6.24999 -9.39999 5.05
    endloop
  endfacet
  facet normal 0 0 -1
    outer loop
      vertex 6.24999 -9.39999 5.05
      vertex 9.20442 -6.92094 5.05
      vertex 9.14777 -7.17645 5.05
    endloop
  endfacet
  facet normal 0 0 -1
    outer loop
      vertex 9.24999 6.39999 5.05
      vertex 6.24999 9.39999 5.05
      vertex 9.23858 6.66147 5.05
    endloop
  endfacet
  facet normal 0 0 -1
    outer loop
      vertex 6.24999 -9.39999 5.05
      vertex 9.14777 -7.17645 5.05
      vertex 9.06907 -7.42606 5.05
    endloop
  endfacet
  facet normal 0 0 -1
    outer loop
      vertex 9.23858 6.66147 5.05
      vertex 6.24999 9.39999 5.05
      vertex 9.20442 6.92094 5.05
    endloop
  endfacet
  facet normal 0 0 -1
    outer loop
      vertex 6.24999 -9.39999 5.05
      vertex 9.06907 -7.42606 5.05
      vertex 8.96891 -7.66785 5.05
    endloop
  endfacet
  facet normal 0 0 -1
    outer loop
      vertex 9.20442 6.92094 5.05
      vertex 6.24999 9.39999 5.05
      vertex 9.14777 7.17645 5.05
    endloop
  endfacet
  facet normal 0 0 -1
    outer loop
      vertex 6.24999 -9.39999 5.05
      vertex 8.96891 -7.66785 5.05
      vertex 8.84808 -7.89999 5.05
    endloop
  endfacet
  facet normal 0 0 -1
    outer loop
      vertex 9.14777 7.17645 5.05
      vertex 6.24999 9.39999 5.05
      vertex 9.06907 7.42606 5.05
    endloop
  endfacet
  facet normal 0 0 -1
    outer loop
      vertex 6.24999 -9.39999 5.05
      vertex 8.84808 -7.89999 5.05
      vertex 8.70745 -8.12073 5.05
    endloop
  endfacet
  facet normal 0 0 -1
    outer loop
      vertex 9.06907 7.42606 5.05
      vertex 6.24999 9.39999 5.05
      vertex 8.96891 7.66785 5.05
    endloop
  endfacet
  facet normal 0 0 -1
    outer loop
      vertex 6.24999 -9.39999 5.05
      vertex 8.70745 -8.12073 5.05
      vertex 8.54812 -8.32835 5.05
    endloop
  endfacet
  facet normal 0 0 -1
    outer loop
      vertex 8.96891 7.66785 5.05
      vertex 6.24999 9.39999 5.05
      vertex 8.84808 7.89999 5.05
    endloop
  endfacet
  facet normal 0 0 -1
    outer loop
      vertex 6.24999 -9.39999 5.05
      vertex 8.54812 -8.32835 5.05
      vertex 8.37132 -8.52132 5.05
    endloop
  endfacet
  facet normal 0 0 -1
    outer loop
      vertex 8.84808 7.89999 5.05
      vertex 6.24999 9.39999 5.05
      vertex 8.70745 8.12073 5.05
    endloop
  endfacet
  facet normal 0 0 -1
    outer loop
      vertex 6.24999 -9.39999 5.05
      vertex 8.37132 -8.52132 5.05
      vertex 8.17835 -8.69812 5.05
    endloop
  endfacet
  facet normal 0 0 -1
    outer loop
      vertex 8.70745 8.12073 5.05
      vertex 6.24999 9.39999 5.05
      vertex 8.54812 8.32835 5.05
    endloop
  endfacet
  facet normal 0 0 -1
    outer loop
      vertex 6.24999 -9.39999 5.05
      vertex 8.17835 -8.69812 5.05
      vertex 7.97073 -8.85745 5.05
    endloop
  endfacet
  facet normal 0 0 -1
    outer loop
      vertex 8.54812 8.32835 5.05
      vertex 6.24999 9.39999 5.05
      vertex 8.37132 8.52132 5.05
    endloop
  endfacet
  facet normal 0 0 -1
    outer loop
      vertex 6.24999 -9.39999 5.05
      vertex 7.97073 -8.85745 5.05
      vertex 7.74999 -8.99808 5.05
    endloop
  endfacet
  facet normal 0 0 -1
    outer loop
      vertex 8.37132 8.52132 5.05
      vertex 6.24999 9.39999 5.05
      vertex 8.17835 8.69812 5.05
    endloop
  endfacet
  facet normal 0 0 -1
    outer loop
      vertex 6.24999 -9.39999 5.05
      vertex 7.74999 -8.99808 5.05
      vertex 7.51785 -9.11891 5.05
    endloop
  endfacet
  facet normal 0 0 -1
    outer loop
      vertex 8.17835 8.69812 5.05
      vertex 6.24999 9.39999 5.05
      vertex 7.97073 8.85745 5.05
    endloop
  endfacet
  facet normal 0 0 -1
    outer loop
      vertex 6.24999 -9.39999 5.05
      vertex 7.51785 -9.11891 5.05
      vertex 7.27606 -9.21907 5.05
    endloop
  endfacet
  facet normal 0 0 -1
    outer loop
      vertex 7.97073 8.85745 5.05
      vertex 6.24999 9.39999 5.05
      vertex 7.74999 8.99808 5.05
    endloop
  endfacet
  facet normal 0 0 -1
    outer loop
      vertex 6.24999 -9.39999 5.05
      vertex 7.27606 -9.21907 5.05
      vertex 7.02645 -9.29778 5.05
    endloop
  endfacet
  facet normal 0 0 -1
    outer loop
      vertex 7.74999 8.99808 5.05
      vertex 6.24999 9.39999 5.05
      vertex 7.51785 9.11891 5.05
    endloop
  endfacet
  facet normal 0 0 -1
    outer loop
      vertex 6.24999 -9.39999 5.05
      vertex 7.02645 -9.29778 5.05
      vertex 6.77094 -9.35442 5.05
    endloop
  endfacet
  facet normal 0 0 -1
    outer loop
      vertex 7.51785 9.11891 5.05
      vertex 6.24999 9.39999 5.05
      vertex 7.27606 9.21907 5.05
    endloop
  endfacet
  facet normal 0 0 -1
    outer loop
      vertex 6.24999 -9.39999 5.05
      vertex 6.77094 -9.35442 5.05
      vertex 6.51147 -9.38858 5.05
    endloop
  endfacet
  facet normal 0 0 -1
    outer loop
      vertex 7.27606 9.21907 5.05
      vertex 6.24999 9.39999 5.05
      vertex 7.02645 9.29778 5.05
    endloop
  endfacet
  facet normal 0 0 -1
    outer loop
      vertex 7.02645 9.29778 5.05
      vertex 6.24999 9.39999 5.05
      vertex 6.77094 9.35442 5.05
    endloop
  endfacet
  facet normal 0 0 -1
    outer loop
      vertex 6.77094 9.35442 5.05
      vertex 6.24999 9.39999 5.05
      vertex 6.51147 9.38858 5.05
    endloop
  endfacet
  facet normal 0 0 -1
    outer loop
      vertex -11.55 -9.39999 5.05
      vertex 6.24999 9.39999 5.05
      vertex 6.24999 -9.39999 5.05
    endloop
  endfacet
  facet normal 0 0 -1
    outer loop
      vertex -11.55 -9.39999 5.05
      vertex -11.55 9.39999 5.05
      vertex 6.24999 9.39999 5.05
    endloop
  endfacet
  facet normal 0 0 -1
    outer loop
      vertex -14.55 -6.39999 5.05
      vertex -11.55 -9.39999 5.05
      vertex -11.8115 -9.38858 5.05
    endloop
  endfacet
  facet normal 0 0 -1
    outer loop
      vertex -11.55 -9.39999 5.05
      vertex -14.55 -6.39999 5.05
      vertex -11.55 9.39999 5.05
    endloop
  endfacet
  facet normal 0 0 -1
    outer loop
      vertex -14.55 -6.39999 5.05
      vertex -11.8115 -9.38858 5.05
      vertex -12.0709 -9.35442 5.05
    endloop
  endfacet
  facet normal 0 0 -1
    outer loop
      vertex -14.55 6.39999 5.05
      vertex -11.55 9.39999 5.05
      vertex -14.55 -6.39999 5.05
    endloop
  endfacet
  facet normal 0 0 -1
    outer loop
      vertex -14.55 -6.39999 5.05
      vertex -12.0709 -9.35442 5.05
      vertex -12.3265 -9.29778 5.05
    endloop
  endfacet
  facet normal 0 0 -1
    outer loop
      vertex -11.55 9.39999 5.05
      vertex -14.55 6.39999 5.05
      vertex -11.8115 9.38858 5.05
    endloop
  endfacet
  facet normal 0 0 -1
    outer loop
      vertex -14.55 -6.39999 5.05
      vertex -12.3265 -9.29778 5.05
      vertex -12.5761 -9.21907 5.05
    endloop
  endfacet
  facet normal 0 0 -1
    outer loop
      vertex -11.8115 9.38858 5.05
      vertex -14.55 6.39999 5.05
      vertex -12.0709 9.35442 5.05
    endloop
  endfacet
  facet normal 0 0 -1
    outer loop
      vertex -14.55 -6.39999 5.05
      vertex -12.5761 -9.21907 5.05
      vertex -12.8178 -9.11891 5.05
    endloop
  endfacet
  facet normal 0 0 -1
    outer loop
      vertex -12.0709 9.35442 5.05
      vertex -14.55 6.39999 5.05
      vertex -12.3265 9.29778 5.05
    endloop
  endfacet
  facet normal 0 0 -1
    outer loop
      vertex -14.55 -6.39999 5.05
      vertex -12.8178 -9.11891 5.05
      vertex -13.05 -8.99808 5.05
    endloop
  endfacet
  facet normal 0 0 -1
    outer loop
      vertex -12.3265 9.29778 5.05
      vertex -14.55 6.39999 5.05
      vertex -12.5761 9.21907 5.05
    endloop
  endfacet
  facet normal 0 0 -1
    outer loop
      vertex -14.55 -6.39999 5.05
      vertex -13.05 -8.99808 5.05
      vertex -13.2707 -8.85745 5.05
    endloop
  endfacet
  facet normal 0 0 -1
    outer loop
      vertex -12.5761 9.21907 5.05
      vertex -14.55 6.39999 5.05
      vertex -12.8178 9.11891 5.05
    endloop
  endfacet
  facet normal 0 0 -1
    outer loop
      vertex -14.55 -6.39999 5.05
      vertex -13.2707 -8.85745 5.05
      vertex -13.4784 -8.69812 5.05
    endloop
  endfacet
  facet normal 0 0 -1
    outer loop
      vertex -12.8178 9.11891 5.05
      vertex -14.55 6.39999 5.05
      vertex -13.05 8.99808 5.05
    endloop
  endfacet
  facet normal 0 0 -1
    outer loop
      vertex -14.55 -6.39999 5.05
      vertex -13.4784 -8.69812 5.05
      vertex -13.6713 -8.52132 5.05
    endloop
  endfacet
  facet normal 0 0 -1
    outer loop
      vertex -13.05 8.99808 5.05
      vertex -14.55 6.39999 5.05
      vertex -13.2707 8.85745 5.05
    endloop
  endfacet
  facet normal 0 0 -1
    outer loop
      vertex -14.55 -6.39999 5.05
      vertex -13.6713 -8.52132 5.05
      vertex -13.8481 -8.32835 5.05
    endloop
  endfacet
  facet normal 0 0 -1
    outer loop
      vertex -13.2707 8.85745 5.05
      vertex -14.55 6.39999 5.05
      vertex -13.4784 8.69812 5.05
    endloop
  endfacet
  facet normal 0 0 -1
    outer loop
      vertex -14.55 -6.39999 5.05
      vertex -13.8481 -8.32835 5.05
      vertex -14.0075 -8.12073 5.05
    endloop
  endfacet
  facet normal 0 0 -1
    outer loop
      vertex -13.4784 8.69812 5.05
      vertex -14.55 6.39999 5.05
      vertex -13.6713 8.52132 5.05
    endloop
  endfacet
  facet normal 0 0 -1
    outer loop
      vertex -14.55 -6.39999 5.05
      vertex -14.0075 -8.12073 5.05
      vertex -14.1481 -7.89999 5.05
    endloop
  endfacet
  facet normal 0 0 -1
    outer loop
      vertex -13.6713 8.52132 5.05
      vertex -14.55 6.39999 5.05
      vertex -13.8481 8.32835 5.05
    endloop
  endfacet
  facet normal 0 0 -1
    outer loop
      vertex -14.55 -6.39999 5.05
      vertex -14.1481 -7.89999 5.05
      vertex -14.2689 -7.66785 5.05
    endloop
  endfacet
  facet normal 0 0 -1
    outer loop
      vertex -13.8481 8.32835 5.05
      vertex -14.55 6.39999 5.05
      vertex -14.0075 8.12073 5.05
    endloop
  endfacet
  facet normal 0 0 -1
    outer loop
      vertex -14.55 -6.39999 5.05
      vertex -14.2689 -7.66785 5.05
      vertex -14.3691 -7.42606 5.05
    endloop
  endfacet
  facet normal 0 0 -1
    outer loop
      vertex -14.0075 8.12073 5.05
      vertex -14.55 6.39999 5.05
      vertex -14.1481 7.89999 5.05
    endloop
  endfacet
  facet normal 0 0 -1
    outer loop
      vertex -14.55 -6.39999 5.05
      vertex -14.3691 -7.42606 5.05
      vertex -14.4478 -7.17645 5.05
    endloop
  endfacet
  facet normal 0 0 -1
    outer loop
      vertex -14.1481 7.89999 5.05
      vertex -14.55 6.39999 5.05
      vertex -14.2689 7.66785 5.05
    endloop
  endfacet
  facet normal 0 0 -1
    outer loop
      vertex -14.55 -6.39999 5.05
      vertex -14.4478 -7.17645 5.05
      vertex -14.5044 -6.92094 5.05
    endloop
  endfacet
  facet normal 0 0 -1
    outer loop
      vertex -14.2689 7.66785 5.05
      vertex -14.55 6.39999 5.05
      vertex -14.3691 7.42606 5.05
    endloop
  endfacet
  facet normal 0 0 -1
    outer loop
      vertex -14.55 -6.39999 5.05
      vertex -14.5044 -6.92094 5.05
      vertex -14.5386 -6.66147 5.05
    endloop
  endfacet
  facet normal 0 0 -1
    outer loop
      vertex -14.3691 7.42606 5.05
      vertex -14.55 6.39999 5.05
      vertex -14.4478 7.17645 5.05
    endloop
  endfacet
  facet normal 0 0 -1
    outer loop
      vertex -14.4478 7.17645 5.05
      vertex -14.55 6.39999 5.05
      vertex -14.5044 6.92094 5.05
    endloop
  endfacet
  facet normal 0 0 -1
    outer loop
      vertex -14.5044 6.92094 5.05
      vertex -14.55 6.39999 5.05
      vertex -14.5386 6.66147 5.05
    endloop
  endfacet
  facet normal 0 0 -1
    outer loop
      vertex 8.84808 -7.89999 2.45
      vertex 11.45 -8.59999 2.45
      vertex 11.4386 -8.86147 2.45
    endloop
  endfacet
  facet normal 0 0 -1
    outer loop
      vertex 11.45 -8.59999 2.45
      vertex 9.24999 -6.39999 2.45
      vertex 11.45 8.59999 2.45
    endloop
  endfacet
  facet normal 0 0 -1
    outer loop
      vertex 8.70745 -8.12073 2.45
      vertex 11.4386 -8.86147 2.45
      vertex 11.4044 -9.12094 2.45
    endloop
  endfacet
  facet normal 0 0 -1
    outer loop
      vertex 9.24999 6.39999 2.45
      vertex 11.45 8.59999 2.45
      vertex 9.24999 -6.39999 2.45
    endloop
  endfacet
  facet normal 0 0 -1
    outer loop
      vertex 8.70745 -8.12073 2.45
      vertex 11.4044 -9.12094 2.45
      vertex 11.3478 -9.37645 2.45
    endloop
  endfacet
  facet normal 0 0 -1
    outer loop
      vertex 9.23858 6.66147 2.45
      vertex 11.45 8.59999 2.45
      vertex 9.24999 6.39999 2.45
    endloop
  endfacet
  facet normal 0 0 -1
    outer loop
      vertex 8.70745 -8.12073 2.45
      vertex 11.3478 -9.37645 2.45
      vertex 11.2691 -9.62605 2.45
    endloop
  endfacet
  facet normal 0 0 -1
    outer loop
      vertex 9.20442 6.92094 2.45
      vertex 11.45 8.59999 2.45
      vertex 9.23858 6.66147 2.45
    endloop
  endfacet
  facet normal 0 0 -1
    outer loop
      vertex 8.54812 -8.32835 2.45
      vertex 11.2691 -9.62605 2.45
      vertex 11.1689 -9.86784 2.45
    endloop
  endfacet
  facet normal 0 0 -1
    outer loop
      vertex 9.14777 7.17645 2.45
      vertex 11.45 8.59999 2.45
      vertex 9.20442 6.92094 2.45
    endloop
  endfacet
  facet normal 0 0 -1
    outer loop
      vertex 8.54812 -8.32835 2.45
      vertex 11.1689 -9.86784 2.45
      vertex 11.0481 -10.1 2.45
    endloop
  endfacet
  facet normal 0 0 -1
    outer loop
      vertex 9.06907 7.42606 2.45
      vertex 11.45 8.59999 2.45
      vertex 9.14777 7.17645 2.45
    endloop
  endfacet
  facet normal 0 0 -1
    outer loop
      vertex 8.54812 -8.32835 2.45
      vertex 11.0481 -10.1 2.45
      vertex 10.9074 -10.3207 2.45
    endloop
  endfacet
  facet normal 0 0 -1
    outer loop
      vertex 8.96891 7.66785 2.45
      vertex 11.45 8.59999 2.45
      vertex 9.06907 7.42606 2.45
    endloop
  endfacet
  facet normal 0 0 -1
    outer loop
      vertex 8.54812 -8.32835 2.45
      vertex 10.9074 -10.3207 2.45
      vertex 10.7481 -10.5284 2.45
    endloop
  endfacet
  facet normal 0 0 -1
    outer loop
      vertex 8.84808 7.89999 2.45
      vertex 11.45 8.59999 2.45
      vertex 8.96891 7.66785 2.45
    endloop
  endfacet
  facet normal 0 0 -1
    outer loop
      vertex 8.37132 -8.52132 2.45
      vertex 10.7481 -10.5284 2.45
      vertex 10.5713 -10.7213 2.45
    endloop
  endfacet
  facet normal -0 0 -1
    outer loop
      vertex 11.45 8.59999 2.45
      vertex 8.84808 7.89999 2.45
      vertex 11.4386 8.86147 2.45
    endloop
  endfacet
  facet normal 0 0 -1
    outer loop
      vertex 8.37132 -8.52132 2.45
      vertex 10.5713 -10.7213 2.45
      vertex 10.3784 -10.8981 2.45
    endloop
  endfacet
  facet normal 0 0 -1
    outer loop
      vertex 8.70745 8.12073 2.45
      vertex 11.4386 8.86147 2.45
      vertex 8.84808 7.89999 2.45
    endloop
  endfacet
  facet normal 0 0 -1
    outer loop
      vertex 8.37132 -8.52132 2.45
      vertex 10.3784 -10.8981 2.45
      vertex 10.1707 -11.0574 2.45
    endloop
  endfacet
  facet normal -0 0 -1
    outer loop
      vertex 11.4386 8.86147 2.45
      vertex 8.70745 8.12073 2.45
      vertex 11.4044 9.12094 2.45
    endloop
  endfacet
  facet normal 0 0 -1
    outer loop
      vertex 8.17835 -8.69812 2.45
      vertex 10.1707 -11.0574 2.45
      vertex 9.94999 -11.1981 2.45
    endloop
  endfacet
  facet normal -0 0 -1
    outer loop
      vertex 11.4044 9.12094 2.45
      vertex 8.70745 8.12073 2.45
      vertex 11.3478 9.37645 2.45
    endloop
  endfacet
  facet normal 0 0 -1
    outer loop
      vertex 8.17835 -8.69812 2.45
      vertex 9.94999 -11.1981 2.45
      vertex 9.71784 -11.3189 2.45
    endloop
  endfacet
  facet normal -0 0 -1
    outer loop
      vertex 11.3478 9.37645 2.45
      vertex 8.70745 8.12073 2.45
      vertex 11.2691 9.62605 2.45
    endloop
  endfacet
  facet normal 0 0 -1
    outer loop
      vertex 8.17835 -8.69812 2.45
      vertex 9.71784 -11.3189 2.45
      vertex 9.47605 -11.4191 2.45
    endloop
  endfacet
  facet normal 0 0 -1
    outer loop
      vertex 8.54812 8.32835 2.45
      vertex 11.2691 9.62605 2.45
      vertex 8.70745 8.12073 2.45
    endloop
  endfacet
  facet normal -0 0 -1
    outer loop
      vertex 11.2691 9.62605 2.45
      vertex 8.54812 8.32835 2.45
      vertex 11.1689 9.86784 2.45
    endloop
  endfacet
  facet normal 0 0 -1
    outer loop
      vertex 11.45 -8.59999 2.45
      vertex 9.23858 -6.66147 2.45
      vertex 9.24999 -6.39999 2.45
    endloop
  endfacet
  facet normal 0 0 -1
    outer loop
      vertex 7.97073 -8.85745 2.45
      vertex 9.47605 -11.4191 2.45
      vertex 9.22645 -11.4978 2.45
    endloop
  endfacet
  facet normal 0 0 -1
    outer loop
      vertex 11.45 -8.59999 2.45
      vertex 9.20442 -6.92094 2.45
      vertex 9.23858 -6.66147 2.45
    endloop
  endfacet
  facet normal 0 0 -1
    outer loop
      vertex 11.45 -8.59999 2.45
      vertex 9.14777 -7.17645 2.45
      vertex 9.20442 -6.92094 2.45
    endloop
  endfacet
  facet normal 0 0 -1
    outer loop
      vertex 11.45 -8.59999 2.45
      vertex 9.06907 -7.42606 2.45
      vertex 9.14777 -7.17645 2.45
    endloop
  endfacet
  facet normal 0 0 -1
    outer loop
      vertex 7.97073 -8.85745 2.45
      vertex 9.22645 -11.4978 2.45
      vertex 8.97094 -11.5544 2.45
    endloop
  endfacet
  facet normal 0 0 -1
    outer loop
      vertex 11.45 -8.59999 2.45
      vertex 8.96891 -7.66785 2.45
      vertex 9.06907 -7.42606 2.45
    endloop
  endfacet
  facet normal 0 0 -1
    outer loop
      vertex 11.45 -8.59999 2.45
      vertex 8.84808 -7.89999 2.45
      vertex 8.96891 -7.66785 2.45
    endloop
  endfacet
  facet normal 0 0 -1
    outer loop
      vertex 7.97073 -8.85745 2.45
      vertex 8.97094 -11.5544 2.45
      vertex 8.71146 -11.5886 2.45
    endloop
  endfacet
  facet normal 0 0 -1
    outer loop
      vertex 11.4386 -8.86147 2.45
      vertex 8.70745 -8.12073 2.45
      vertex 8.84808 -7.89999 2.45
    endloop
  endfacet
  facet normal 0 0 -1
    outer loop
      vertex 11.2691 -9.62605 2.45
      vertex 8.54812 -8.32835 2.45
      vertex 8.70745 -8.12073 2.45
    endloop
  endfacet
  facet normal 0 0 -1
    outer loop
      vertex 7.74999 -8.99808 2.45
      vertex 8.71146 -11.5886 2.45
      vertex 8.44999 -11.6 2.45
    endloop
  endfacet
  facet normal 0 0 -1
    outer loop
      vertex 10.7481 -10.5284 2.45
      vertex 8.37132 -8.52132 2.45
      vertex 8.54812 -8.32835 2.45
    endloop
  endfacet
  facet normal 0 0 -1
    outer loop
      vertex 10.1707 -11.0574 2.45
      vertex 8.17835 -8.69812 2.45
      vertex 8.37132 -8.52132 2.45
    endloop
  endfacet
  facet normal 0 0 -1
    outer loop
      vertex 9.47605 -11.4191 2.45
      vertex 7.97073 -8.85745 2.45
      vertex 8.17835 -8.69812 2.45
    endloop
  endfacet
  facet normal 0 0 -1
    outer loop
      vertex 8.71146 -11.5886 2.45
      vertex 7.74999 -8.99808 2.45
      vertex 7.97073 -8.85745 2.45
    endloop
  endfacet
  facet normal 0 0 -1
    outer loop
      vertex 8.44999 -11.6 2.45
      vertex 7.51785 -9.11891 2.45
      vertex 7.74999 -8.99808 2.45
    endloop
  endfacet
  facet normal 0 0 -1
    outer loop
      vertex 8.44999 -11.6 2.45
      vertex 7.27606 -9.21907 2.45
      vertex 7.51785 -9.11891 2.45
    endloop
  endfacet
  facet normal 0 0 -1
    outer loop
      vertex 8.44999 -11.6 2.45
      vertex 7.02645 -9.29778 2.45
      vertex 7.27606 -9.21907 2.45
    endloop
  endfacet
  facet normal 0 0 -1
    outer loop
      vertex 8.44999 -11.6 2.45
      vertex 6.77094 -9.35442 2.45
      vertex 7.02645 -9.29778 2.45
    endloop
  endfacet
  facet normal 0 0 -1
    outer loop
      vertex 8.44999 -11.6 2.45
      vertex 6.51147 -9.38858 2.45
      vertex 6.77094 -9.35442 2.45
    endloop
  endfacet
  facet normal 0 0 -1
    outer loop
      vertex 8.44999 -11.6 2.45
      vertex 6.24999 -9.39999 2.45
      vertex 6.51147 -9.38858 2.45
    endloop
  endfacet
  facet normal 0 0 -1
    outer loop
      vertex 8.44999 -11.6 2.45
      vertex -11.55 -9.39999 2.45
      vertex 6.24999 -9.39999 2.45
    endloop
  endfacet
  facet normal 0 0 -1
    outer loop
      vertex -13.75 -11.6 2.45
      vertex -11.55 -9.39999 2.45
      vertex 8.44999 -11.6 2.45
    endloop
  endfacet
  facet normal -0 0 -1
    outer loop
      vertex -11.55 -9.39999 2.45
      vertex -13.75 -11.6 2.45
      vertex -11.8115 -9.38858 2.45
    endloop
  endfacet
  facet normal 0 0 -1
    outer loop
      vertex -13.75 -11.6 2.45
      vertex -12.0709 -9.35442 2.45
      vertex -11.8115 -9.38858 2.45
    endloop
  endfacet
  facet normal 0 0 -1
    outer loop
      vertex -13.75 -11.6 2.45
      vertex -12.3265 -9.29778 2.45
      vertex -12.0709 -9.35442 2.45
    endloop
  endfacet
  facet normal 0 0 -1
    outer loop
      vertex -13.75 -11.6 2.45
      vertex -12.5761 -9.21907 2.45
      vertex -12.3265 -9.29778 2.45
    endloop
  endfacet
  facet normal 0 0 -1
    outer loop
      vertex -13.75 -11.6 2.45
      vertex -12.8178 -9.11891 2.45
      vertex -12.5761 -9.21907 2.45
    endloop
  endfacet
  facet normal 0 0 -1
    outer loop
      vertex -13.75 -11.6 2.45
      vertex -13.05 -8.99808 2.45
      vertex -12.8178 -9.11891 2.45
    endloop
  endfacet
  facet normal 0 0 -1
    outer loop
      vertex -14.0115 -11.5886 2.45
      vertex -13.05 -8.99808 2.45
      vertex -13.75 -11.6 2.45
    endloop
  endfacet
  facet normal -0 0 -1
    outer loop
      vertex -13.05 -8.99808 2.45
      vertex -14.0115 -11.5886 2.45
      vertex -13.2707 -8.85745 2.45
    endloop
  endfacet
  facet normal 0 0 -1
    outer loop
      vertex -14.2709 -11.5544 2.45
      vertex -13.2707 -8.85745 2.45
      vertex -14.0115 -11.5886 2.45
    endloop
  endfacet
  facet normal 0 0 -1
    outer loop
      vertex -14.5264 -11.4978 2.45
      vertex -13.2707 -8.85745 2.45
      vertex -14.2709 -11.5544 2.45
    endloop
  endfacet
  facet normal 0 0 -1
    outer loop
      vertex -14.7761 -11.4191 2.45
      vertex -13.2707 -8.85745 2.45
      vertex -14.5264 -11.4978 2.45
    endloop
  endfacet
  facet normal -0 0 -1
    outer loop
      vertex -13.2707 -8.85745 2.45
      vertex -14.7761 -11.4191 2.45
      vertex -13.4784 -8.69812 2.45
    endloop
  endfacet
  facet normal 0 0 -1
    outer loop
      vertex -15.0178 -11.3189 2.45
      vertex -13.4784 -8.69812 2.45
      vertex -14.7761 -11.4191 2.45
    endloop
  endfacet
  facet normal 0 0 -1
    outer loop
      vertex -15.25 -11.1981 2.45
      vertex -13.4784 -8.69812 2.45
      vertex -15.0178 -11.3189 2.45
    endloop
  endfacet
  facet normal 0 0 -1
    outer loop
      vertex -15.4707 -11.0574 2.45
      vertex -13.4784 -8.69812 2.45
      vertex -15.25 -11.1981 2.45
    endloop
  endfacet
  facet normal -0 0 -1
    outer loop
      vertex -13.4784 -8.69812 2.45
      vertex -15.4707 -11.0574 2.45
      vertex -13.6713 -8.52132 2.45
    endloop
  endfacet
  facet normal 0 0 -1
    outer loop
      vertex -15.6784 -10.8981 2.45
      vertex -13.6713 -8.52132 2.45
      vertex -15.4707 -11.0574 2.45
    endloop
  endfacet
  facet normal 0 0 -1
    outer loop
      vertex -15.8713 -10.7213 2.45
      vertex -13.6713 -8.52132 2.45
      vertex -15.6784 -10.8981 2.45
    endloop
  endfacet
  facet normal 0 0 -1
    outer loop
      vertex -16.0481 -10.5284 2.45
      vertex -13.6713 -8.52132 2.45
      vertex -15.8713 -10.7213 2.45
    endloop
  endfacet
  facet normal -0 0 -1
    outer loop
      vertex -13.6713 -8.52132 2.45
      vertex -16.0481 -10.5284 2.45
      vertex -13.8481 -8.32835 2.45
    endloop
  endfacet
  facet normal 0 0 -1
    outer loop
      vertex -16.2074 -10.3207 2.45
      vertex -13.8481 -8.32835 2.45
      vertex -16.0481 -10.5284 2.45
    endloop
  endfacet
  facet normal 0 0 -1
    outer loop
      vertex -16.4689 -9.86784 2.45
      vertex -13.8481 -8.32835 2.45
      vertex -16.3481 -10.1 2.45
    endloop
  endfacet
  facet normal 0 0 -1
    outer loop
      vertex -16.3481 -10.1 2.45
      vertex -13.8481 -8.32835 2.45
      vertex -16.2074 -10.3207 2.45
    endloop
  endfacet
  facet normal -0 0 -1
    outer loop
      vertex 11.1689 9.86784 2.45
      vertex 8.54812 8.32835 2.45
      vertex 11.0481 10.1 2.45
    endloop
  endfacet
  facet normal -0 0 -1
    outer loop
      vertex 11.0481 10.1 2.45
      vertex 8.54812 8.32835 2.45
      vertex 10.9074 10.3207 2.45
    endloop
  endfacet
  facet normal -0 0 -1
    outer loop
      vertex 10.9074 10.3207 2.45
      vertex 8.54812 8.32835 2.45
      vertex 10.7481 10.5284 2.45
    endloop
  endfacet
  facet normal 0 0 -1
    outer loop
      vertex 8.37132 8.52132 2.45
      vertex 10.7481 10.5284 2.45
      vertex 8.54812 8.32835 2.45
    endloop
  endfacet
  facet normal -0 0 -1
    outer loop
      vertex 10.7481 10.5284 2.45
      vertex 8.37132 8.52132 2.45
      vertex 10.5713 10.7213 2.45
    endloop
  endfacet
  facet normal -0 0 -1
    outer loop
      vertex 10.5713 10.7213 2.45
      vertex 8.37132 8.52132 2.45
      vertex 10.3784 10.8981 2.45
    endloop
  endfacet
  facet normal -0 0 -1
    outer loop
      vertex 10.3784 10.8981 2.45
      vertex 8.37132 8.52132 2.45
      vertex 10.1707 11.0574 2.45
    endloop
  endfacet
  facet normal 0 0 -1
    outer loop
      vertex 8.17835 8.69812 2.45
      vertex 10.1707 11.0574 2.45
      vertex 8.37132 8.52132 2.45
    endloop
  endfacet
  facet normal -0 0 -1
    outer loop
      vertex 10.1707 11.0574 2.45
      vertex 8.17835 8.69812 2.45
      vertex 9.94999 11.1981 2.45
    endloop
  endfacet
  facet normal -0 0 -1
    outer loop
      vertex 9.94999 11.1981 2.45
      vertex 8.17835 8.69812 2.45
      vertex 9.71784 11.3189 2.45
    endloop
  endfacet
  facet normal -0 0 -1
    outer loop
      vertex 9.71784 11.3189 2.45
      vertex 8.17835 8.69812 2.45
      vertex 9.47605 11.4191 2.45
    endloop
  endfacet
  facet normal 0 0 -1
    outer loop
      vertex 7.97073 8.85745 2.45
      vertex 9.47605 11.4191 2.45
      vertex 8.17835 8.69812 2.45
    endloop
  endfacet
  facet normal -0 0 -1
    outer loop
      vertex 9.47605 11.4191 2.45
      vertex 7.97073 8.85745 2.45
      vertex 9.22645 11.4978 2.45
    endloop
  endfacet
  facet normal -0 0 -1
    outer loop
      vertex 9.22645 11.4978 2.45
      vertex 7.97073 8.85745 2.45
      vertex 8.97094 11.5544 2.45
    endloop
  endfacet
  facet normal -0 0 -1
    outer loop
      vertex 8.97094 11.5544 2.45
      vertex 7.97073 8.85745 2.45
      vertex 8.71146 11.5886 2.45
    endloop
  endfacet
  facet normal 0 0 -1
    outer loop
      vertex 7.74999 8.99808 2.45
      vertex 8.71146 11.5886 2.45
      vertex 7.97073 8.85745 2.45
    endloop
  endfacet
  facet normal -0 0 -1
    outer loop
      vertex 8.71146 11.5886 2.45
      vertex 7.74999 8.99808 2.45
      vertex 8.44999 11.6 2.45
    endloop
  endfacet
  facet normal 0 0 -1
    outer loop
      vertex 7.51785 9.11891 2.45
      vertex 8.44999 11.6 2.45
      vertex 7.74999 8.99808 2.45
    endloop
  endfacet
  facet normal 0 0 -1
    outer loop
      vertex 7.27606 9.21907 2.45
      vertex 8.44999 11.6 2.45
      vertex 7.51785 9.11891 2.45
    endloop
  endfacet
  facet normal 0 0 -1
    outer loop
      vertex 7.02645 9.29778 2.45
      vertex 8.44999 11.6 2.45
      vertex 7.27606 9.21907 2.45
    endloop
  endfacet
  facet normal 0 0 -1
    outer loop
      vertex 6.77094 9.35442 2.45
      vertex 8.44999 11.6 2.45
      vertex 7.02645 9.29778 2.45
    endloop
  endfacet
  facet normal 0 0 -1
    outer loop
      vertex 6.51147 9.38858 2.45
      vertex 8.44999 11.6 2.45
      vertex 6.77094 9.35442 2.45
    endloop
  endfacet
  facet normal 0 0 -1
    outer loop
      vertex 6.24999 9.39999 2.45
      vertex 8.44999 11.6 2.45
      vertex 6.51147 9.38858 2.45
    endloop
  endfacet
  facet normal 0 0 -1
    outer loop
      vertex -11.55 9.39999 2.45
      vertex 8.44999 11.6 2.45
      vertex 6.24999 9.39999 2.45
    endloop
  endfacet
  facet normal 0 0 -1
    outer loop
      vertex -13.75 11.6 2.45
      vertex -11.55 9.39999 2.45
      vertex -11.8115 9.38858 2.45
    endloop
  endfacet
  facet normal 0 0 -1
    outer loop
      vertex -11.55 9.39999 2.45
      vertex -13.75 11.6 2.45
      vertex 8.44999 11.6 2.45
    endloop
  endfacet
  facet normal 0 0 -1
    outer loop
      vertex -12.0709 9.35442 2.45
      vertex -13.75 11.6 2.45
      vertex -11.8115 9.38858 2.45
    endloop
  endfacet
  facet normal 0 0 -1
    outer loop
      vertex -12.3265 9.29778 2.45
      vertex -13.75 11.6 2.45
      vertex -12.0709 9.35442 2.45
    endloop
  endfacet
  facet normal 0 0 -1
    outer loop
      vertex -12.5761 9.21907 2.45
      vertex -13.75 11.6 2.45
      vertex -12.3265 9.29778 2.45
    endloop
  endfacet
  facet normal 0 0 -1
    outer loop
      vertex -12.8178 9.11891 2.45
      vertex -13.75 11.6 2.45
      vertex -12.5761 9.21907 2.45
    endloop
  endfacet
  facet normal 0 0 -1
    outer loop
      vertex -13.05 8.99808 2.45
      vertex -13.75 11.6 2.45
      vertex -12.8178 9.11891 2.45
    endloop
  endfacet
  facet normal 0 0 -1
    outer loop
      vertex -14.0115 11.5886 2.45
      vertex -13.05 8.99808 2.45
      vertex -13.2707 8.85745 2.45
    endloop
  endfacet
  facet normal 0 0 -1
    outer loop
      vertex -14.7761 11.4191 2.45
      vertex -13.2707 8.85745 2.45
      vertex -13.4784 8.69812 2.45
    endloop
  endfacet
  facet normal 0 0 -1
    outer loop
      vertex -15.4707 11.0574 2.45
      vertex -13.4784 8.69812 2.45
      vertex -13.6713 8.52132 2.45
    endloop
  endfacet
  facet normal 0 0 -1
    outer loop
      vertex -16.0481 10.5284 2.45
      vertex -13.6713 8.52132 2.45
      vertex -13.8481 8.32835 2.45
    endloop
  endfacet
  facet normal 0 0 -1
    outer loop
      vertex -16.5691 9.62605 2.45
      vertex -13.8481 8.32835 2.45
      vertex -14.0075 8.12073 2.45
    endloop
  endfacet
  facet normal 0 0 -1
    outer loop
      vertex -13.05 8.99808 2.45
      vertex -14.0115 11.5886 2.45
      vertex -13.75 11.6 2.45
    endloop
  endfacet
  facet normal 0 0 -1
    outer loop
      vertex -16.7386 8.86147 2.45
      vertex -14.0075 8.12073 2.45
      vertex -14.1481 7.89999 2.45
    endloop
  endfacet
  facet normal 0 0 -1
    outer loop
      vertex -16.75 8.59999 2.45
      vertex -14.1481 7.89999 2.45
      vertex -14.2689 7.66785 2.45
    endloop
  endfacet
  facet normal 0 0 -1
    outer loop
      vertex -13.2707 8.85745 2.45
      vertex -14.2709 11.5544 2.45
      vertex -14.0115 11.5886 2.45
    endloop
  endfacet
  facet normal 0 0 -1
    outer loop
      vertex -16.75 8.59999 2.45
      vertex -14.2689 7.66785 2.45
      vertex -14.3691 7.42606 2.45
    endloop
  endfacet
  facet normal 0 0 -1
    outer loop
      vertex -16.75 8.59999 2.45
      vertex -14.3691 7.42606 2.45
      vertex -14.4478 7.17645 2.45
    endloop
  endfacet
  facet normal 0 0 -1
    outer loop
      vertex -16.75 8.59999 2.45
      vertex -14.4478 7.17645 2.45
      vertex -14.5044 6.92094 2.45
    endloop
  endfacet
  facet normal 0 0 -1
    outer loop
      vertex -13.2707 8.85745 2.45
      vertex -14.5264 11.4978 2.45
      vertex -14.2709 11.5544 2.45
    endloop
  endfacet
  facet normal 0 0 -1
    outer loop
      vertex -16.75 8.59999 2.45
      vertex -14.5044 6.92094 2.45
      vertex -14.5386 6.66147 2.45
    endloop
  endfacet
  facet normal 0 0 -1
    outer loop
      vertex -16.75 8.59999 2.45
      vertex -14.5386 6.66147 2.45
      vertex -14.55 6.39999 2.45
    endloop
  endfacet
  facet normal -0 0 -1
    outer loop
      vertex -14.55 -6.39999 2.45
      vertex -16.75 -8.59999 2.45
      vertex -14.55 6.39999 2.45
    endloop
  endfacet
  facet normal 0 0 -1
    outer loop
      vertex -16.75 8.59999 2.45
      vertex -14.55 6.39999 2.45
      vertex -16.75 -8.59999 2.45
    endloop
  endfacet
  facet normal 0 0 -1
    outer loop
      vertex -16.5691 -9.62605 2.45
      vertex -13.8481 -8.32835 2.45
      vertex -16.4689 -9.86784 2.45
    endloop
  endfacet
  facet normal 0 0 -1
    outer loop
      vertex -14.1481 7.89999 2.45
      vertex -16.75 8.59999 2.45
      vertex -16.7386 8.86147 2.45
    endloop
  endfacet
  facet normal -0 0 -1
    outer loop
      vertex -13.8481 -8.32835 2.45
      vertex -16.5691 -9.62605 2.45
      vertex -14.0075 -8.12073 2.45
    endloop
  endfacet
  facet normal 0 0 -1
    outer loop
      vertex -13.2707 8.85745 2.45
      vertex -14.7761 11.4191 2.45
      vertex -14.5264 11.4978 2.45
    endloop
  endfacet
  facet normal 0 0 -1
    outer loop
      vertex -16.6478 -9.37645 2.45
      vertex -14.0075 -8.12073 2.45
      vertex -16.5691 -9.62605 2.45
    endloop
  endfacet
  facet normal 0 0 -1
    outer loop
      vertex -13.4784 8.69812 2.45
      vertex -15.0178 11.3189 2.45
      vertex -14.7761 11.4191 2.45
    endloop
  endfacet
  facet normal 0 0 -1
    outer loop
      vertex -16.7044 -9.12094 2.45
      vertex -14.0075 -8.12073 2.45
      vertex -16.6478 -9.37645 2.45
    endloop
  endfacet
  facet normal 0 0 -1
    outer loop
      vertex -13.4784 8.69812 2.45
      vertex -15.25 11.1981 2.45
      vertex -15.0178 11.3189 2.45
    endloop
  endfacet
  facet normal 0 0 -1
    outer loop
      vertex -16.7386 -8.86147 2.45
      vertex -14.0075 -8.12073 2.45
      vertex -16.7044 -9.12094 2.45
    endloop
  endfacet
  facet normal 0 0 -1
    outer loop
      vertex -13.4784 8.69812 2.45
      vertex -15.4707 11.0574 2.45
      vertex -15.25 11.1981 2.45
    endloop
  endfacet
  facet normal -0 0 -1
    outer loop
      vertex -14.0075 -8.12073 2.45
      vertex -16.7386 -8.86147 2.45
      vertex -14.1481 -7.89999 2.45
    endloop
  endfacet
  facet normal 0 0 -1
    outer loop
      vertex -13.6713 8.52132 2.45
      vertex -15.6784 10.8981 2.45
      vertex -15.4707 11.0574 2.45
    endloop
  endfacet
  facet normal 0 0 -1
    outer loop
      vertex -16.75 -8.59999 2.45
      vertex -14.1481 -7.89999 2.45
      vertex -16.7386 -8.86147 2.45
    endloop
  endfacet
  facet normal 0 0 -1
    outer loop
      vertex -13.6713 8.52132 2.45
      vertex -15.8713 10.7213 2.45
      vertex -15.6784 10.8981 2.45
    endloop
  endfacet
  facet normal -0 0 -1
    outer loop
      vertex -14.1481 -7.89999 2.45
      vertex -16.75 -8.59999 2.45
      vertex -14.2689 -7.66785 2.45
    endloop
  endfacet
  facet normal 0 0 -1
    outer loop
      vertex -13.6713 8.52132 2.45
      vertex -16.0481 10.5284 2.45
      vertex -15.8713 10.7213 2.45
    endloop
  endfacet
  facet normal -0 0 -1
    outer loop
      vertex -14.2689 -7.66785 2.45
      vertex -16.75 -8.59999 2.45
      vertex -14.3691 -7.42606 2.45
    endloop
  endfacet
  facet normal 0 0 -1
    outer loop
      vertex -13.8481 8.32835 2.45
      vertex -16.2074 10.3207 2.45
      vertex -16.0481 10.5284 2.45
    endloop
  endfacet
  facet normal -0 0 -1
    outer loop
      vertex -14.3691 -7.42606 2.45
      vertex -16.75 -8.59999 2.45
      vertex -14.4478 -7.17645 2.45
    endloop
  endfacet
  facet normal 0 0 -1
    outer loop
      vertex -13.8481 8.32835 2.45
      vertex -16.3481 10.1 2.45
      vertex -16.2074 10.3207 2.45
    endloop
  endfacet
  facet normal -0 0 -1
    outer loop
      vertex -14.4478 -7.17645 2.45
      vertex -16.75 -8.59999 2.45
      vertex -14.5044 -6.92094 2.45
    endloop
  endfacet
  facet normal 0 0 -1
    outer loop
      vertex -13.8481 8.32835 2.45
      vertex -16.4689 9.86784 2.45
      vertex -16.3481 10.1 2.45
    endloop
  endfacet
  facet normal -0 0 -1
    outer loop
      vertex -14.5044 -6.92094 2.45
      vertex -16.75 -8.59999 2.45
      vertex -14.5386 -6.66147 2.45
    endloop
  endfacet
  facet normal 0 0 -1
    outer loop
      vertex -13.8481 8.32835 2.45
      vertex -16.5691 9.62605 2.45
      vertex -16.4689 9.86784 2.45
    endloop
  endfacet
  facet normal -0 0 -1
    outer loop
      vertex -14.5386 -6.66147 2.45
      vertex -16.75 -8.59999 2.45
      vertex -14.55 -6.39999 2.45
    endloop
  endfacet
  facet normal 0 0 -1
    outer loop
      vertex -14.0075 8.12073 2.45
      vertex -16.6478 9.37645 2.45
      vertex -16.5691 9.62605 2.45
    endloop
  endfacet
  facet normal 0 0 -1
    outer loop
      vertex -14.0075 8.12073 2.45
      vertex -16.7044 9.12094 2.45
      vertex -16.6478 9.37645 2.45
    endloop
  endfacet
  facet normal 0 0 -1
    outer loop
      vertex -14.0075 8.12073 2.45
      vertex -16.7386 8.86147 2.45
      vertex -16.7044 9.12094 2.45
    endloop
  endfacet
  facet normal 0 0 1
    outer loop
      vertex 11.05 10.0963 5.15
      vertex 11.45 8.59999 5.15
      vertex 11.4386 8.86147 5.15
    endloop
  endfacet
  facet normal 0 0 1
    outer loop
      vertex 11.45 8.59999 5.15
      vertex 11.05 10.0963 5.15
      vertex 11.45 -8.59999 5.15
    endloop
  endfacet
  facet normal 0 0 1
    outer loop
      vertex 11.05 10.0963 5.15
      vertex 11.4386 8.86147 5.15
      vertex 11.4044 9.12094 5.15
    endloop
  endfacet
  facet normal 0 0 1
    outer loop
      vertex 11.05 -10.0963 5.15
      vertex 11.45 -8.59999 5.15
      vertex 11.05 10.0963 5.15
    endloop
  endfacet
  facet normal 0 0 1
    outer loop
      vertex 11.05 10.0963 5.15
      vertex 11.4044 9.12094 5.15
      vertex 11.3478 9.37645 5.15
    endloop
  endfacet
  facet normal 0 0 1
    outer loop
      vertex 11.45 -8.59999 5.15
      vertex 11.05 -10.0963 5.15
      vertex 11.4386 -8.86147 5.15
    endloop
  endfacet
  facet normal 0 0 1
    outer loop
      vertex 11.05 10.0963 5.15
      vertex 11.3478 9.37645 5.15
      vertex 11.2691 9.62605 5.15
    endloop
  endfacet
  facet normal 0 0 1
    outer loop
      vertex 11.4386 -8.86147 5.15
      vertex 11.05 -10.0963 5.15
      vertex 11.4044 -9.12094 5.15
    endloop
  endfacet
  facet normal 0 0 1
    outer loop
      vertex 11.05 10.0963 5.15
      vertex 11.2691 9.62605 5.15
      vertex 11.1689 9.86784 5.15
    endloop
  endfacet
  facet normal 0 0 1
    outer loop
      vertex 11.4044 -9.12094 5.15
      vertex 11.05 -10.0963 5.15
      vertex 11.3478 -9.37645 5.15
    endloop
  endfacet
  facet normal 0 0 1
    outer loop
      vertex 11.3478 -9.37645 5.15
      vertex 11.05 -10.0963 5.15
      vertex 11.2691 -9.62605 5.15
    endloop
  endfacet
  facet normal 0 0 1
    outer loop
      vertex 11.2691 -9.62605 5.15
      vertex 11.05 -10.0963 5.15
      vertex 11.1689 -9.86784 5.15
    endloop
  endfacet
  facet normal -0 0 1
    outer loop
      vertex -13.75 11.6 5.15
      vertex -12.5338 11.5853 5.15
      vertex -12.4983 11.6 5.15
    endloop
  endfacet
  facet normal 0 0 1
    outer loop
      vertex -13.75 11.6 5.15
      vertex -13.0606 11.3255 5.15
      vertex -12.5338 11.5853 5.15
    endloop
  endfacet
  facet normal 0 0 1
    outer loop
      vertex -13.75 11.6 5.15
      vertex -13.6952 10.9952 5.15
      vertex -13.0606 11.3255 5.15
    endloop
  endfacet
  facet normal -0 0 1
    outer loop
      vertex -14.0115 11.5886 5.15
      vertex -13.6952 10.9952 5.15
      vertex -13.75 11.6 5.15
    endloop
  endfacet
  facet normal -0 0 1
    outer loop
      vertex -14.2709 11.5544 5.15
      vertex -13.6952 10.9952 5.15
      vertex -14.0115 11.5886 5.15
    endloop
  endfacet
  facet normal 0 0 1
    outer loop
      vertex -14.2709 11.5544 5.15
      vertex -14.2985 10.6108 5.15
      vertex -13.6952 10.9952 5.15
    endloop
  endfacet
  facet normal -0 0 1
    outer loop
      vertex -14.5264 11.4978 5.15
      vertex -14.2985 10.6108 5.15
      vertex -14.2709 11.5544 5.15
    endloop
  endfacet
  facet normal -0 0 1
    outer loop
      vertex -14.7761 11.4191 5.15
      vertex -14.2985 10.6108 5.15
      vertex -14.5264 11.4978 5.15
    endloop
  endfacet
  facet normal -0 0 1
    outer loop
      vertex -15.0178 11.3189 5.15
      vertex -14.2985 10.6108 5.15
      vertex -14.7761 11.4191 5.15
    endloop
  endfacet
  facet normal 0 0 1
    outer loop
      vertex -14.2985 10.6108 5.15
      vertex -15.0178 11.3189 5.15
      vertex -14.7869 10.2845 5.15
    endloop
  endfacet
  facet normal -0 0 1
    outer loop
      vertex -15.25 11.1981 5.15
      vertex -14.7869 10.2845 5.15
      vertex -15.0178 11.3189 5.15
    endloop
  endfacet
  facet normal -0 0 1
    outer loop
      vertex -15.4707 11.0574 5.15
      vertex -14.7869 10.2845 5.15
      vertex -15.25 11.1981 5.15
    endloop
  endfacet
  facet normal -0 0 1
    outer loop
      vertex -15.6784 10.8981 5.15
      vertex -14.7869 10.2845 5.15
      vertex -15.4707 11.0574 5.15
    endloop
  endfacet
  facet normal 0 0 1
    outer loop
      vertex -14.7869 10.2845 5.15
      vertex -15.6784 10.8981 5.15
      vertex -15.3544 9.84901 5.15
    endloop
  endfacet
  facet normal -0 0 1
    outer loop
      vertex -15.8713 10.7213 5.15
      vertex -15.3544 9.84901 5.15
      vertex -15.6784 10.8981 5.15
    endloop
  endfacet
  facet normal -0 0 1
    outer loop
      vertex -16.0481 10.5284 5.15
      vertex -15.3544 9.84901 5.15
      vertex -15.8713 10.7213 5.15
    endloop
  endfacet
  facet normal -0 0 1
    outer loop
      vertex -16.2074 10.3207 5.15
      vertex -15.3544 9.84901 5.15
      vertex -16.0481 10.5284 5.15
    endloop
  endfacet
  facet normal 0 0 1
    outer loop
      vertex -15.3544 9.84901 5.15
      vertex -16.2074 10.3207 5.15
      vertex -15.796 9.46173 5.15
    endloop
  endfacet
  facet normal -0 0 1
    outer loop
      vertex -16.3481 10.1 5.15
      vertex -15.796 9.46173 5.15
      vertex -16.2074 10.3207 5.15
    endloop
  endfacet
  facet normal -0 0 1
    outer loop
      vertex -16.4689 9.86784 5.15
      vertex -15.796 9.46173 5.15
      vertex -16.3481 10.1 5.15
    endloop
  endfacet
  facet normal -0 0 1
    outer loop
      vertex -16.5691 9.62605 5.15
      vertex -15.796 9.46173 5.15
      vertex -16.4689 9.86784 5.15
    endloop
  endfacet
  facet normal 0 0 1
    outer loop
      vertex -15.796 9.46173 5.15
      vertex -16.5691 9.62605 5.15
      vertex -16.3234 8.97844 5.15
    endloop
  endfacet
  facet normal -0 0 1
    outer loop
      vertex -16.6478 9.37645 5.15
      vertex -16.3234 8.97844 5.15
      vertex -16.5691 9.62605 5.15
    endloop
  endfacet
  facet normal -0 0 1
    outer loop
      vertex -16.7044 9.12094 5.15
      vertex -16.3234 8.97844 5.15
      vertex -16.6478 9.37645 5.15
    endloop
  endfacet
  facet normal 0 0 1
    outer loop
      vertex -16.7386 8.86147 5.15
      vertex -16.3234 8.97844 5.15
      vertex -16.7044 9.12094 5.15
    endloop
  endfacet
  facet normal 0 0 1
    outer loop
      vertex -16.75 8.59999 5.15
      vertex -16.3234 8.97844 5.15
      vertex -16.7386 8.86147 5.15
    endloop
  endfacet
  facet normal 0 0 1
    outer loop
      vertex -16.3234 8.97844 5.15
      vertex -16.75 8.59999 5.15
      vertex -16.75 8.51293 5.15
    endloop
  endfacet
  facet normal 0 0 1
    outer loop
      vertex -12.5338 -11.5853 5.15
      vertex -13.75 -11.6 5.15
      vertex -12.4983 -11.6 5.15
    endloop
  endfacet
  facet normal 0 0 1
    outer loop
      vertex -13.0606 -11.3255 5.15
      vertex -13.75 -11.6 5.15
      vertex -12.5338 -11.5853 5.15
    endloop
  endfacet
  facet normal 0 0 1
    outer loop
      vertex -13.6952 -10.9952 5.15
      vertex -13.75 -11.6 5.15
      vertex -13.0606 -11.3255 5.15
    endloop
  endfacet
  facet normal 0 0 1
    outer loop
      vertex -13.6952 -10.9952 5.15
      vertex -14.0115 -11.5886 5.15
      vertex -13.75 -11.6 5.15
    endloop
  endfacet
  facet normal 0 0 1
    outer loop
      vertex -13.6952 -10.9952 5.15
      vertex -14.2709 -11.5544 5.15
      vertex -14.0115 -11.5886 5.15
    endloop
  endfacet
  facet normal 0 0 1
    outer loop
      vertex -14.2985 -10.6108 5.15
      vertex -14.2709 -11.5544 5.15
      vertex -13.6952 -10.9952 5.15
    endloop
  endfacet
  facet normal 0 0 1
    outer loop
      vertex -14.2985 -10.6108 5.15
      vertex -14.5264 -11.4978 5.15
      vertex -14.2709 -11.5544 5.15
    endloop
  endfacet
  facet normal 0 0 1
    outer loop
      vertex -14.2985 -10.6108 5.15
      vertex -14.7761 -11.4191 5.15
      vertex -14.5264 -11.4978 5.15
    endloop
  endfacet
  facet normal 0 0 1
    outer loop
      vertex -15.0178 -11.3189 5.15
      vertex -14.2985 -10.6108 5.15
      vertex -14.7869 -10.2845 5.15
    endloop
  endfacet
  facet normal 0 0 1
    outer loop
      vertex -14.2985 -10.6108 5.15
      vertex -15.0178 -11.3189 5.15
      vertex -14.7761 -11.4191 5.15
    endloop
  endfacet
  facet normal 0 0 1
    outer loop
      vertex -14.7869 -10.2845 5.15
      vertex -15.25 -11.1981 5.15
      vertex -15.0178 -11.3189 5.15
    endloop
  endfacet
  facet normal 0 0 1
    outer loop
      vertex -15.6784 -10.8981 5.15
      vertex -14.7869 -10.2845 5.15
      vertex -15.3544 -9.84901 5.15
    endloop
  endfacet
  facet normal 0 0 1
    outer loop
      vertex -14.7869 -10.2845 5.15
      vertex -15.4707 -11.0574 5.15
      vertex -15.25 -11.1981 5.15
    endloop
  endfacet
  facet normal 0 0 1
    outer loop
      vertex -14.7869 -10.2845 5.15
      vertex -15.6784 -10.8981 5.15
      vertex -15.4707 -11.0574 5.15
    endloop
  endfacet
  facet normal 0 0 1
    outer loop
      vertex -16.2074 -10.3207 5.15
      vertex -15.3544 -9.84901 5.15
      vertex -15.796 -9.46173 5.15
    endloop
  endfacet
  facet normal 0 0 1
    outer loop
      vertex -15.3544 -9.84901 5.15
      vertex -15.8713 -10.7213 5.15
      vertex -15.6784 -10.8981 5.15
    endloop
  endfacet
  facet normal 0 0 1
    outer loop
      vertex -15.3544 -9.84901 5.15
      vertex -16.0481 -10.5284 5.15
      vertex -15.8713 -10.7213 5.15
    endloop
  endfacet
  facet normal 0 0 1
    outer loop
      vertex -15.3544 -9.84901 5.15
      vertex -16.2074 -10.3207 5.15
      vertex -16.0481 -10.5284 5.15
    endloop
  endfacet
  facet normal 0 0 1
    outer loop
      vertex -16.5691 -9.62605 5.15
      vertex -15.796 -9.46173 5.15
      vertex -16.3234 -8.97844 5.15
    endloop
  endfacet
  facet normal 0 0 1
    outer loop
      vertex -15.796 -9.46173 5.15
      vertex -16.3481 -10.1 5.15
      vertex -16.2074 -10.3207 5.15
    endloop
  endfacet
  facet normal 0 0 1
    outer loop
      vertex -15.796 -9.46173 5.15
      vertex -16.4689 -9.86784 5.15
      vertex -16.3481 -10.1 5.15
    endloop
  endfacet
  facet normal 0 0 1
    outer loop
      vertex -15.796 -9.46173 5.15
      vertex -16.5691 -9.62605 5.15
      vertex -16.4689 -9.86784 5.15
    endloop
  endfacet
  facet normal 0 0 1
    outer loop
      vertex -16.3234 -8.97844 5.15
      vertex -16.6478 -9.37645 5.15
      vertex -16.5691 -9.62605 5.15
    endloop
  endfacet
  facet normal 0 0 1
    outer loop
      vertex -16.3234 -8.97844 5.15
      vertex -16.7044 -9.12094 5.15
      vertex -16.6478 -9.37645 5.15
    endloop
  endfacet
  facet normal 0 0 1
    outer loop
      vertex -16.3234 -8.97844 5.15
      vertex -16.7386 -8.86147 5.15
      vertex -16.7044 -9.12094 5.15
    endloop
  endfacet
  facet normal -0 0 1
    outer loop
      vertex -16.75 -8.59999 5.15
      vertex -16.3234 -8.97844 5.15
      vertex -16.75 -8.51293 5.15
    endloop
  endfacet
  facet normal 0 0 1
    outer loop
      vertex -16.3234 -8.97844 5.15
      vertex -16.75 -8.59999 5.15
      vertex -16.7386 -8.86147 5.15
    endloop
  endfacet
  facet normal 0.130672 -0.991426 0
    outer loop
      vertex 8.71146 -11.5886 2.45
      vertex 8.97094 -11.5544 5.05
      vertex 8.71146 -11.5886 5.05
    endloop
  endfacet
  facet normal 0.130672 -0.991426 0
    outer loop
      vertex 8.97094 -11.5544 5.05
      vertex 8.71146 -11.5886 2.45
      vertex 8.97094 -11.5544 2.45
    endloop
  endfacet
  facet normal 0.216275 -0.976332 0
    outer loop
      vertex 8.97094 -11.5544 2.45
      vertex 9.22645 -11.4978 5.05
      vertex 8.97094 -11.5544 5.05
    endloop
  endfacet
  facet normal 0.216275 -0.976332 0
    outer loop
      vertex 9.22645 -11.4978 5.05
      vertex 8.97094 -11.5544 2.45
      vertex 9.22645 -11.4978 2.45
    endloop
  endfacet
  facet normal 0.300711 -0.953715 0
    outer loop
      vertex 9.22645 -11.4978 2.45
      vertex 9.47605 -11.4191 5.05
      vertex 9.22645 -11.4978 5.05
    endloop
  endfacet
  facet normal 0.300711 -0.953715 0
    outer loop
      vertex 9.47605 -11.4191 5.05
      vertex 9.22645 -11.4978 2.45
      vertex 9.47605 -11.4191 2.45
    endloop
  endfacet
  facet normal 0.382838 -0.923816 0
    outer loop
      vertex 9.47605 -11.4191 2.45
      vertex 9.71784 -11.3189 5.05
      vertex 9.47605 -11.4191 5.05
    endloop
  endfacet
  facet normal 0.382838 -0.923816 0
    outer loop
      vertex 9.71784 -11.3189 5.05
      vertex 9.47605 -11.4191 2.45
      vertex 9.71784 -11.3189 2.45
    endloop
  endfacet
  facet normal 0.461599 -0.887089 0
    outer loop
      vertex 9.71784 -11.3189 2.45
      vertex 9.94999 -11.1981 5.05
      vertex 9.71784 -11.3189 5.05
    endloop
  endfacet
  facet normal 0.461599 -0.887089 0
    outer loop
      vertex 9.94999 -11.1981 5.05
      vertex 9.71784 -11.3189 2.45
      vertex 9.94999 -11.1981 2.45
    endloop
  endfacet
  facet normal 0.53755 -0.843232 0
    outer loop
      vertex 9.94999 -11.1981 2.45
      vertex 10.1707 -11.0574 5.05
      vertex 9.94999 -11.1981 5.05
    endloop
  endfacet
  facet normal 0.53755 -0.843232 0
    outer loop
      vertex 10.1707 -11.0574 5.05
      vertex 9.94999 -11.1981 2.45
      vertex 10.1707 -11.0574 2.45
    endloop
  endfacet
  facet normal 0.608584 -0.79349 0
    outer loop
      vertex 10.1707 -11.0574 2.45
      vertex 10.3784 -10.8981 5.05
      vertex 10.1707 -11.0574 5.05
    endloop
  endfacet
  facet normal 0.608584 -0.79349 0
    outer loop
      vertex 10.3784 -10.8981 5.05
      vertex 10.1707 -11.0574 2.45
      vertex 10.3784 -10.8981 2.45
    endloop
  endfacet
  facet normal 0.675673 -0.737202 0
    outer loop
      vertex 10.3784 -10.8981 2.45
      vertex 10.5713 -10.7213 5.05
      vertex 10.3784 -10.8981 5.05
    endloop
  endfacet
  facet normal 0.675673 -0.737202 0
    outer loop
      vertex 10.5713 -10.7213 5.05
      vertex 10.3784 -10.8981 2.45
      vertex 10.5713 -10.7213 2.45
    endloop
  endfacet
  facet normal 0.737202 -0.675673 0
    outer loop
      vertex 10.5713 -10.7213 5.05
      vertex 10.7481 -10.5284 2.45
      vertex 10.7481 -10.5284 5.05
    endloop
  endfacet
  facet normal 0.737202 -0.675673 0
    outer loop
      vertex 10.7481 -10.5284 2.45
      vertex 10.5713 -10.7213 5.05
      vertex 10.5713 -10.7213 2.45
    endloop
  endfacet
  facet normal 0.79349 -0.608584 0
    outer loop
      vertex 10.7481 -10.5284 5.05
      vertex 10.9074 -10.3207 2.45
      vertex 10.9074 -10.3207 5.05
    endloop
  endfacet
  facet normal 0.79349 -0.608584 0
    outer loop
      vertex 10.9074 -10.3207 2.45
      vertex 10.7481 -10.5284 5.05
      vertex 10.7481 -10.5284 2.45
    endloop
  endfacet
  facet normal 0.843221 -0.537568 0
    outer loop
      vertex 10.9074 -10.3207 5.05
      vertex 11.0481 -10.1 2.45
      vertex 11.0481 -10.1 5.05
    endloop
  endfacet
  facet normal 0.843221 -0.537568 0
    outer loop
      vertex 11.0481 -10.1 2.45
      vertex 10.9074 -10.3207 5.05
      vertex 10.9074 -10.3207 2.45
    endloop
  endfacet
  facet normal 0.887057 -0.461661 0
    outer loop
      vertex 11.05 -10.0963 5.05
      vertex 11.1689 -9.86784 5.15
      vertex 11.05 -10.0963 5.15
    endloop
  endfacet
  facet normal 0.887057 -0.461661 0
    outer loop
      vertex 11.1689 -9.86784 5.15
      vertex 11.05 -10.0963 5.05
      vertex 11.1689 -9.86784 2.45
    endloop
  endfacet
  facet normal 0.889567 -0.456805 0
    outer loop
      vertex 11.0481 -10.1 2.45
      vertex 11.05 -10.0963 5.05
      vertex 11.0481 -10.1 5.05
    endloop
  endfacet
  facet normal 0.887097 -0.461584 8.6062e-06
    outer loop
      vertex 11.05 -10.0963 5.05
      vertex 11.0481 -10.1 2.45
      vertex 11.1689 -9.86784 2.45
    endloop
  endfacet
  facet normal 0.923816 -0.382838 0
    outer loop
      vertex 11.1689 -9.86784 5.15
      vertex 11.2691 -9.62605 2.45
      vertex 11.2691 -9.62605 5.15
    endloop
  endfacet
  facet normal 0.923816 -0.382838 0
    outer loop
      vertex 11.2691 -9.62605 2.45
      vertex 11.1689 -9.86784 5.15
      vertex 11.1689 -9.86784 2.45
    endloop
  endfacet
  facet normal 0.953715 -0.300711 0
    outer loop
      vertex 11.2691 -9.62605 5.15
      vertex 11.3478 -9.37645 2.45
      vertex 11.3478 -9.37645 5.15
    endloop
  endfacet
  facet normal 0.953715 -0.300711 0
    outer loop
      vertex 11.3478 -9.37645 2.45
      vertex 11.2691 -9.62605 5.15
      vertex 11.2691 -9.62605 2.45
    endloop
  endfacet
  facet normal 0.976332 -0.216275 0
    outer loop
      vertex 11.3478 -9.37645 5.15
      vertex 11.4044 -9.12094 2.45
      vertex 11.4044 -9.12094 5.15
    endloop
  endfacet
  facet normal 0.976332 -0.216275 0
    outer loop
      vertex 11.4044 -9.12094 2.45
      vertex 11.3478 -9.37645 5.15
      vertex 11.3478 -9.37645 2.45
    endloop
  endfacet
  facet normal 0.991425 -0.130677 0
    outer loop
      vertex 11.4044 -9.12094 5.15
      vertex 11.4386 -8.86147 2.45
      vertex 11.4386 -8.86147 5.15
    endloop
  endfacet
  facet normal 0.991425 -0.130677 0
    outer loop
      vertex 11.4386 -8.86147 2.45
      vertex 11.4044 -9.12094 5.15
      vertex 11.4044 -9.12094 2.45
    endloop
  endfacet
  facet normal 0.999051 -0.0435566 0
    outer loop
      vertex 11.4386 -8.86147 5.15
      vertex 11.45 -8.59999 2.45
      vertex 11.45 -8.59999 5.15
    endloop
  endfacet
  facet normal 0.999051 -0.0435566 0
    outer loop
      vertex 11.45 -8.59999 2.45
      vertex 11.4386 -8.86147 5.15
      vertex 11.4386 -8.86147 2.45
    endloop
  endfacet
  facet normal 1 -0 0
    outer loop
      vertex 11.45 -8.59999 5.15
      vertex 11.45 8.59999 2.45
      vertex 11.45 8.59999 5.15
    endloop
  endfacet
  facet normal 1 0 0
    outer loop
      vertex 11.45 8.59999 2.45
      vertex 11.45 -8.59999 5.15
      vertex 11.45 -8.59999 2.45
    endloop
  endfacet
  facet normal 0.999051 0.0435566 0
    outer loop
      vertex 11.45 8.59999 5.15
      vertex 11.4386 8.86147 2.45
      vertex 11.4386 8.86147 5.15
    endloop
  endfacet
  facet normal 0.999051 0.0435566 0
    outer loop
      vertex 11.4386 8.86147 2.45
      vertex 11.45 8.59999 5.15
      vertex 11.45 8.59999 2.45
    endloop
  endfacet
  facet normal 0.991425 0.130677 0
    outer loop
      vertex 11.4386 8.86147 5.15
      vertex 11.4044 9.12094 2.45
      vertex 11.4044 9.12094 5.15
    endloop
  endfacet
  facet normal 0.991425 0.130677 0
    outer loop
      vertex 11.4044 9.12094 2.45
      vertex 11.4386 8.86147 5.15
      vertex 11.4386 8.86147 2.45
    endloop
  endfacet
  facet normal 0.976332 0.216275 0
    outer loop
      vertex 11.4044 9.12094 5.15
      vertex 11.3478 9.37645 2.45
      vertex 11.3478 9.37645 5.15
    endloop
  endfacet
  facet normal 0.976332 0.216275 0
    outer loop
      vertex 11.3478 9.37645 2.45
      vertex 11.4044 9.12094 5.15
      vertex 11.4044 9.12094 2.45
    endloop
  endfacet
  facet normal 0.953715 0.300711 0
    outer loop
      vertex 11.3478 9.37645 5.15
      vertex 11.2691 9.62605 2.45
      vertex 11.2691 9.62605 5.15
    endloop
  endfacet
  facet normal 0.953715 0.300711 0
    outer loop
      vertex 11.2691 9.62605 2.45
      vertex 11.3478 9.37645 5.15
      vertex 11.3478 9.37645 2.45
    endloop
  endfacet
  facet normal 0.923816 0.382838 0
    outer loop
      vertex 11.2691 9.62605 5.15
      vertex 11.1689 9.86784 2.45
      vertex 11.1689 9.86784 5.15
    endloop
  endfacet
  facet normal 0.923816 0.382838 0
    outer loop
      vertex 11.1689 9.86784 2.45
      vertex 11.2691 9.62605 5.15
      vertex 11.2691 9.62605 2.45
    endloop
  endfacet
  facet normal 0.887057 0.461661 0
    outer loop
      vertex 11.05 10.0963 5.15
      vertex 11.1689 9.86784 5.15
      vertex 11.05 10.0963 5.05
    endloop
  endfacet
  facet normal 0.889567 0.456805 0
    outer loop
      vertex 11.05 10.0963 5.05
      vertex 11.0481 10.1 2.45
      vertex 11.0481 10.1 5.05
    endloop
  endfacet
  facet normal 0.887057 0.461661 -0
    outer loop
      vertex 11.1689 9.86784 2.45
      vertex 11.05 10.0963 5.05
      vertex 11.1689 9.86784 5.15
    endloop
  endfacet
  facet normal 0.887097 0.461584 8.6062e-06
    outer loop
      vertex 11.05 10.0963 5.05
      vertex 11.1689 9.86784 2.45
      vertex 11.0481 10.1 2.45
    endloop
  endfacet
  facet normal 0.843221 0.537568 0
    outer loop
      vertex 11.0481 10.1 5.05
      vertex 10.9074 10.3207 2.45
      vertex 10.9074 10.3207 5.05
    endloop
  endfacet
  facet normal 0.843221 0.537568 0
    outer loop
      vertex 10.9074 10.3207 2.45
      vertex 11.0481 10.1 5.05
      vertex 11.0481 10.1 2.45
    endloop
  endfacet
  facet normal 0.79349 0.608584 0
    outer loop
      vertex 10.9074 10.3207 5.05
      vertex 10.7481 10.5284 2.45
      vertex 10.7481 10.5284 5.05
    endloop
  endfacet
  facet normal 0.79349 0.608584 0
    outer loop
      vertex 10.7481 10.5284 2.45
      vertex 10.9074 10.3207 5.05
      vertex 10.9074 10.3207 2.45
    endloop
  endfacet
  facet normal 0.737202 0.675673 0
    outer loop
      vertex 10.7481 10.5284 5.05
      vertex 10.5713 10.7213 2.45
      vertex 10.5713 10.7213 5.05
    endloop
  endfacet
  facet normal 0.737202 0.675673 0
    outer loop
      vertex 10.5713 10.7213 2.45
      vertex 10.7481 10.5284 5.05
      vertex 10.7481 10.5284 2.45
    endloop
  endfacet
  facet normal 0.675673 0.737202 -0
    outer loop
      vertex 10.5713 10.7213 2.45
      vertex 10.3784 10.8981 5.05
      vertex 10.5713 10.7213 5.05
    endloop
  endfacet
  facet normal 0.675673 0.737202 0
    outer loop
      vertex 10.3784 10.8981 5.05
      vertex 10.5713 10.7213 2.45
      vertex 10.3784 10.8981 2.45
    endloop
  endfacet
  facet normal 0.608584 0.79349 -0
    outer loop
      vertex 10.3784 10.8981 2.45
      vertex 10.1707 11.0574 5.05
      vertex 10.3784 10.8981 5.05
    endloop
  endfacet
  facet normal 0.608584 0.79349 0
    outer loop
      vertex 10.1707 11.0574 5.05
      vertex 10.3784 10.8981 2.45
      vertex 10.1707 11.0574 2.45
    endloop
  endfacet
  facet normal 0.53755 0.843232 -0
    outer loop
      vertex 10.1707 11.0574 2.45
      vertex 9.94999 11.1981 5.05
      vertex 10.1707 11.0574 5.05
    endloop
  endfacet
  facet normal 0.53755 0.843232 0
    outer loop
      vertex 9.94999 11.1981 5.05
      vertex 10.1707 11.0574 2.45
      vertex 9.94999 11.1981 2.45
    endloop
  endfacet
  facet normal 0.461599 0.887089 -0
    outer loop
      vertex 9.94999 11.1981 2.45
      vertex 9.71784 11.3189 5.05
      vertex 9.94999 11.1981 5.05
    endloop
  endfacet
  facet normal 0.461599 0.887089 0
    outer loop
      vertex 9.71784 11.3189 5.05
      vertex 9.94999 11.1981 2.45
      vertex 9.71784 11.3189 2.45
    endloop
  endfacet
  facet normal 0.382838 0.923816 -0
    outer loop
      vertex 9.71784 11.3189 2.45
      vertex 9.47605 11.4191 5.05
      vertex 9.71784 11.3189 5.05
    endloop
  endfacet
  facet normal 0.382838 0.923816 0
    outer loop
      vertex 9.47605 11.4191 5.05
      vertex 9.71784 11.3189 2.45
      vertex 9.47605 11.4191 2.45
    endloop
  endfacet
  facet normal 0.300711 0.953715 -0
    outer loop
      vertex 9.47605 11.4191 2.45
      vertex 9.22645 11.4978 5.05
      vertex 9.47605 11.4191 5.05
    endloop
  endfacet
  facet normal 0.300711 0.953715 0
    outer loop
      vertex 9.22645 11.4978 5.05
      vertex 9.47605 11.4191 2.45
      vertex 9.22645 11.4978 2.45
    endloop
  endfacet
  facet normal 0.216275 0.976332 -0
    outer loop
      vertex 9.22645 11.4978 2.45
      vertex 8.97094 11.5544 5.05
      vertex 9.22645 11.4978 5.05
    endloop
  endfacet
  facet normal 0.216275 0.976332 0
    outer loop
      vertex 8.97094 11.5544 5.05
      vertex 9.22645 11.4978 2.45
      vertex 8.97094 11.5544 2.45
    endloop
  endfacet
  facet normal 0.130672 0.991426 -0
    outer loop
      vertex 8.97094 11.5544 2.45
      vertex 8.71146 11.5886 5.05
      vertex 8.97094 11.5544 5.05
    endloop
  endfacet
  facet normal 0.130672 0.991426 0
    outer loop
      vertex 8.71146 11.5886 5.05
      vertex 8.97094 11.5544 2.45
      vertex 8.71146 11.5886 2.45
    endloop
  endfacet
  facet normal 0.0435583 0.999051 -0
    outer loop
      vertex 8.71146 11.5886 2.45
      vertex 8.44999 11.6 5.05
      vertex 8.71146 11.5886 5.05
    endloop
  endfacet
  facet normal 0.0435583 0.999051 0
    outer loop
      vertex 8.44999 11.6 5.05
      vertex 8.71146 11.5886 2.45
      vertex 8.44999 11.6 2.45
    endloop
  endfacet
  facet normal 0 1 0
    outer loop
      vertex 8.44999 11.6 5.05
      vertex 8.44999 11.6 2.45
      vertex -12.4983 11.6 5.05
    endloop
  endfacet
  facet normal 0 1 -0
    outer loop
      vertex -12.4983 11.6 5.05
      vertex -13.75 11.6 5.15
      vertex -12.4983 11.6 5.15
    endloop
  endfacet
  facet normal 0 1 0
    outer loop
      vertex -13.75 11.6 2.45
      vertex -12.4983 11.6 5.05
      vertex 8.44999 11.6 2.45
    endloop
  endfacet
  facet normal 0 1 0
    outer loop
      vertex -12.4983 11.6 5.05
      vertex -13.75 11.6 2.45
      vertex -13.75 11.6 5.15
    endloop
  endfacet
  facet normal -0.0435533 0.999051 0
    outer loop
      vertex -13.75 11.6 2.45
      vertex -14.0115 11.5886 5.15
      vertex -13.75 11.6 5.15
    endloop
  endfacet
  facet normal -0.0435533 0.999051 0
    outer loop
      vertex -14.0115 11.5886 5.15
      vertex -13.75 11.6 2.45
      vertex -14.0115 11.5886 2.45
    endloop
  endfacet
  facet normal -0.130712 0.99142 0
    outer loop
      vertex -14.0115 11.5886 2.45
      vertex -14.2709 11.5544 5.15
      vertex -14.0115 11.5886 5.15
    endloop
  endfacet
  facet normal -0.130712 0.99142 0
    outer loop
      vertex -14.2709 11.5544 5.15
      vertex -14.0115 11.5886 2.45
      vertex -14.2709 11.5544 2.45
    endloop
  endfacet
  facet normal -0.216283 0.976331 0
    outer loop
      vertex -14.2709 11.5544 2.45
      vertex -14.5264 11.4978 5.15
      vertex -14.2709 11.5544 5.15
    endloop
  endfacet
  facet normal -0.216283 0.976331 0
    outer loop
      vertex -14.5264 11.4978 5.15
      vertex -14.2709 11.5544 2.45
      vertex -14.5264 11.4978 2.45
    endloop
  endfacet
  facet normal -0.300601 0.95375 0
    outer loop
      vertex -14.5264 11.4978 2.45
      vertex -14.7761 11.4191 5.15
      vertex -14.5264 11.4978 5.15
    endloop
  endfacet
  facet normal -0.300601 0.95375 0
    outer loop
      vertex -14.7761 11.4191 5.15
      vertex -14.5264 11.4978 2.45
      vertex -14.7761 11.4191 2.45
    endloop
  endfacet
  facet normal -0.382959 0.923765 0
    outer loop
      vertex -14.7761 11.4191 2.45
      vertex -15.0178 11.3189 5.15
      vertex -14.7761 11.4191 5.15
    endloop
  endfacet
  facet normal -0.382959 0.923765 0
    outer loop
      vertex -15.0178 11.3189 5.15
      vertex -14.7761 11.4191 2.45
      vertex -15.0178 11.3189 2.45
    endloop
  endfacet
  facet normal -0.461521 0.887129 0
    outer loop
      vertex -15.0178 11.3189 2.45
      vertex -15.25 11.1981 5.15
      vertex -15.0178 11.3189 5.15
    endloop
  endfacet
  facet normal -0.461521 0.887129 0
    outer loop
      vertex -15.25 11.1981 5.15
      vertex -15.0178 11.3189 2.45
      vertex -15.25 11.1981 2.45
    endloop
  endfacet
  facet normal -0.537568 0.843221 0
    outer loop
      vertex -15.25 11.1981 2.45
      vertex -15.4707 11.0574 5.15
      vertex -15.25 11.1981 5.15
    endloop
  endfacet
  facet normal -0.537568 0.843221 0
    outer loop
      vertex -15.4707 11.0574 5.15
      vertex -15.25 11.1981 2.45
      vertex -15.4707 11.0574 2.45
    endloop
  endfacet
  facet normal -0.608584 0.79349 0
    outer loop
      vertex -15.4707 11.0574 2.45
      vertex -15.6784 10.8981 5.15
      vertex -15.4707 11.0574 5.15
    endloop
  endfacet
  facet normal -0.608584 0.79349 0
    outer loop
      vertex -15.6784 10.8981 5.15
      vertex -15.4707 11.0574 2.45
      vertex -15.6784 10.8981 2.45
    endloop
  endfacet
  facet normal -0.675673 0.737202 0
    outer loop
      vertex -15.6784 10.8981 2.45
      vertex -15.8713 10.7213 5.15
      vertex -15.6784 10.8981 5.15
    endloop
  endfacet
  facet normal -0.675673 0.737202 0
    outer loop
      vertex -15.8713 10.7213 5.15
      vertex -15.6784 10.8981 2.45
      vertex -15.8713 10.7213 2.45
    endloop
  endfacet
  facet normal -0.737202 0.675673 0
    outer loop
      vertex -16.0481 10.5284 2.45
      vertex -15.8713 10.7213 5.15
      vertex -15.8713 10.7213 2.45
    endloop
  endfacet
  facet normal -0.737202 0.675673 0
    outer loop
      vertex -15.8713 10.7213 5.15
      vertex -16.0481 10.5284 2.45
      vertex -16.0481 10.5284 5.15
    endloop
  endfacet
  facet normal -0.79349 0.608584 0
    outer loop
      vertex -16.2074 10.3207 2.45
      vertex -16.0481 10.5284 5.15
      vertex -16.0481 10.5284 2.45
    endloop
  endfacet
  facet normal -0.79349 0.608584 0
    outer loop
      vertex -16.0481 10.5284 5.15
      vertex -16.2074 10.3207 2.45
      vertex -16.2074 10.3207 5.15
    endloop
  endfacet
  facet normal -0.843221 0.537568 0
    outer loop
      vertex -16.3481 10.1 2.45
      vertex -16.2074 10.3207 5.15
      vertex -16.2074 10.3207 2.45
    endloop
  endfacet
  facet normal -0.843221 0.537568 0
    outer loop
      vertex -16.2074 10.3207 5.15
      vertex -16.3481 10.1 2.45
      vertex -16.3481 10.1 5.15
    endloop
  endfacet
  facet normal -0.887097 0.461584 0
    outer loop
      vertex -16.4689 9.86784 2.45
      vertex -16.3481 10.1 5.15
      vertex -16.3481 10.1 2.45
    endloop
  endfacet
  facet normal -0.887097 0.461584 0
    outer loop
      vertex -16.3481 10.1 5.15
      vertex -16.4689 9.86784 2.45
      vertex -16.4689 9.86784 5.15
    endloop
  endfacet
  facet normal -0.923816 0.382838 0
    outer loop
      vertex -16.5691 9.62605 2.45
      vertex -16.4689 9.86784 5.15
      vertex -16.4689 9.86784 2.45
    endloop
  endfacet
  facet normal -0.923816 0.382838 0
    outer loop
      vertex -16.4689 9.86784 5.15
      vertex -16.5691 9.62605 2.45
      vertex -16.5691 9.62605 5.15
    endloop
  endfacet
  facet normal -0.953715 0.300711 0
    outer loop
      vertex -16.6478 9.37645 2.45
      vertex -16.5691 9.62605 5.15
      vertex -16.5691 9.62605 2.45
    endloop
  endfacet
  facet normal -0.953715 0.300711 0
    outer loop
      vertex -16.5691 9.62605 5.15
      vertex -16.6478 9.37645 2.45
      vertex -16.6478 9.37645 5.15
    endloop
  endfacet
  facet normal -0.976332 0.216275 0
    outer loop
      vertex -16.7044 9.12094 2.45
      vertex -16.6478 9.37645 5.15
      vertex -16.6478 9.37645 2.45
    endloop
  endfacet
  facet normal -0.976332 0.216275 0
    outer loop
      vertex -16.6478 9.37645 5.15
      vertex -16.7044 9.12094 2.45
      vertex -16.7044 9.12094 5.15
    endloop
  endfacet
  facet normal -0.991425 0.130677 0
    outer loop
      vertex -16.7386 8.86147 2.45
      vertex -16.7044 9.12094 5.15
      vertex -16.7044 9.12094 2.45
    endloop
  endfacet
  facet normal -0.991425 0.130677 0
    outer loop
      vertex -16.7044 9.12094 5.15
      vertex -16.7386 8.86147 2.45
      vertex -16.7386 8.86147 5.15
    endloop
  endfacet
  facet normal -0.999051 0.0435566 0
    outer loop
      vertex -16.75 8.59999 2.45
      vertex -16.7386 8.86147 5.15
      vertex -16.7386 8.86147 2.45
    endloop
  endfacet
  facet normal -0.999051 0.0435566 0
    outer loop
      vertex -16.7386 8.86147 5.15
      vertex -16.75 8.59999 2.45
      vertex -16.75 8.59999 5.15
    endloop
  endfacet
  facet normal -1 0 0
    outer loop
      vertex -16.75 8.59999 2.45
      vertex -16.75 8.51293 5.05
      vertex -16.75 8.59999 5.15
    endloop
  endfacet
  facet normal -1 0 0
    outer loop
      vertex -16.75 8.59999 2.45
      vertex -16.75 -8.51293 5.05
      vertex -16.75 8.51293 5.05
    endloop
  endfacet
  facet normal -1 0 0
    outer loop
      vertex -16.75 -8.59999 2.45
      vertex -16.75 -8.51293 5.05
      vertex -16.75 8.59999 2.45
    endloop
  endfacet
  facet normal -1 0 0
    outer loop
      vertex -16.75 -8.59999 5.15
      vertex -16.75 -8.51293 5.05
      vertex -16.75 -8.59999 2.45
    endloop
  endfacet
  facet normal -1 0 0
    outer loop
      vertex -16.75 -8.51293 5.05
      vertex -16.75 -8.59999 5.15
      vertex -16.75 -8.51293 5.15
    endloop
  endfacet
  facet normal -1 -0 0
    outer loop
      vertex -16.75 8.59999 5.15
      vertex -16.75 8.51293 5.05
      vertex -16.75 8.51293 5.15
    endloop
  endfacet
  facet normal -0.999051 -0.0435566 0
    outer loop
      vertex -16.7386 -8.86147 2.45
      vertex -16.75 -8.59999 5.15
      vertex -16.75 -8.59999 2.45
    endloop
  endfacet
  facet normal -0.999051 -0.0435566 0
    outer loop
      vertex -16.75 -8.59999 5.15
      vertex -16.7386 -8.86147 2.45
      vertex -16.7386 -8.86147 5.15
    endloop
  endfacet
  facet normal -0.991425 -0.130677 0
    outer loop
      vertex -16.7044 -9.12094 2.45
      vertex -16.7386 -8.86147 5.15
      vertex -16.7386 -8.86147 2.45
    endloop
  endfacet
  facet normal -0.991425 -0.130677 0
    outer loop
      vertex -16.7386 -8.86147 5.15
      vertex -16.7044 -9.12094 2.45
      vertex -16.7044 -9.12094 5.15
    endloop
  endfacet
  facet normal -0.976332 -0.216275 0
    outer loop
      vertex -16.6478 -9.37645 2.45
      vertex -16.7044 -9.12094 5.15
      vertex -16.7044 -9.12094 2.45
    endloop
  endfacet
  facet normal -0.976332 -0.216275 0
    outer loop
      vertex -16.7044 -9.12094 5.15
      vertex -16.6478 -9.37645 2.45
      vertex -16.6478 -9.37645 5.15
    endloop
  endfacet
  facet normal -0.953715 -0.300711 0
    outer loop
      vertex -16.5691 -9.62605 2.45
      vertex -16.6478 -9.37645 5.15
      vertex -16.6478 -9.37645 2.45
    endloop
  endfacet
  facet normal -0.953715 -0.300711 0
    outer loop
      vertex -16.6478 -9.37645 5.15
      vertex -16.5691 -9.62605 2.45
      vertex -16.5691 -9.62605 5.15
    endloop
  endfacet
  facet normal -0.923816 -0.382838 0
    outer loop
      vertex -16.4689 -9.86784 2.45
      vertex -16.5691 -9.62605 5.15
      vertex -16.5691 -9.62605 2.45
    endloop
  endfacet
  facet normal -0.923816 -0.382838 0
    outer loop
      vertex -16.5691 -9.62605 5.15
      vertex -16.4689 -9.86784 2.45
      vertex -16.4689 -9.86784 5.15
    endloop
  endfacet
  facet normal -0.887097 -0.461584 0
    outer loop
      vertex -16.3481 -10.1 2.45
      vertex -16.4689 -9.86784 5.15
      vertex -16.4689 -9.86784 2.45
    endloop
  endfacet
  facet normal -0.887097 -0.461584 0
    outer loop
      vertex -16.4689 -9.86784 5.15
      vertex -16.3481 -10.1 2.45
      vertex -16.3481 -10.1 5.15
    endloop
  endfacet
  facet normal -0.843221 -0.537568 0
    outer loop
      vertex -16.2074 -10.3207 2.45
      vertex -16.3481 -10.1 5.15
      vertex -16.3481 -10.1 2.45
    endloop
  endfacet
  facet normal -0.843221 -0.537568 0
    outer loop
      vertex -16.3481 -10.1 5.15
      vertex -16.2074 -10.3207 2.45
      vertex -16.2074 -10.3207 5.15
    endloop
  endfacet
  facet normal -0.79349 -0.608584 0
    outer loop
      vertex -16.0481 -10.5284 2.45
      vertex -16.2074 -10.3207 5.15
      vertex -16.2074 -10.3207 2.45
    endloop
  endfacet
  facet normal -0.79349 -0.608584 0
    outer loop
      vertex -16.2074 -10.3207 5.15
      vertex -16.0481 -10.5284 2.45
      vertex -16.0481 -10.5284 5.15
    endloop
  endfacet
  facet normal -0.737202 -0.675673 0
    outer loop
      vertex -15.8713 -10.7213 2.45
      vertex -16.0481 -10.5284 5.15
      vertex -16.0481 -10.5284 2.45
    endloop
  endfacet
  facet normal -0.737202 -0.675673 0
    outer loop
      vertex -16.0481 -10.5284 5.15
      vertex -15.8713 -10.7213 2.45
      vertex -15.8713 -10.7213 5.15
    endloop
  endfacet
  facet normal -0.675673 -0.737202 0
    outer loop
      vertex -15.8713 -10.7213 2.45
      vertex -15.6784 -10.8981 5.15
      vertex -15.8713 -10.7213 5.15
    endloop
  endfacet
  facet normal -0.675673 -0.737202 -0
    outer loop
      vertex -15.6784 -10.8981 5.15
      vertex -15.8713 -10.7213 2.45
      vertex -15.6784 -10.8981 2.45
    endloop
  endfacet
  facet normal -0.608584 -0.79349 0
    outer loop
      vertex -15.6784 -10.8981 2.45
      vertex -15.4707 -11.0574 5.15
      vertex -15.6784 -10.8981 5.15
    endloop
  endfacet
  facet normal -0.608584 -0.79349 -0
    outer loop
      vertex -15.4707 -11.0574 5.15
      vertex -15.6784 -10.8981 2.45
      vertex -15.4707 -11.0574 2.45
    endloop
  endfacet
  facet normal -0.537568 -0.843221 0
    outer loop
      vertex -15.4707 -11.0574 2.45
      vertex -15.25 -11.1981 5.15
      vertex -15.4707 -11.0574 5.15
    endloop
  endfacet
  facet normal -0.537568 -0.843221 -0
    outer loop
      vertex -15.25 -11.1981 5.15
      vertex -15.4707 -11.0574 2.45
      vertex -15.25 -11.1981 2.45
    endloop
  endfacet
  facet normal -0.461521 -0.887129 0
    outer loop
      vertex -15.25 -11.1981 2.45
      vertex -15.0178 -11.3189 5.15
      vertex -15.25 -11.1981 5.15
    endloop
  endfacet
  facet normal -0.461521 -0.887129 -0
    outer loop
      vertex -15.0178 -11.3189 5.15
      vertex -15.25 -11.1981 2.45
      vertex -15.0178 -11.3189 2.45
    endloop
  endfacet
  facet normal -0.382959 -0.923765 0
    outer loop
      vertex -15.0178 -11.3189 2.45
      vertex -14.7761 -11.4191 5.15
      vertex -15.0178 -11.3189 5.15
    endloop
  endfacet
  facet normal -0.382959 -0.923765 -0
    outer loop
      vertex -14.7761 -11.4191 5.15
      vertex -15.0178 -11.3189 2.45
      vertex -14.7761 -11.4191 2.45
    endloop
  endfacet
  facet normal -0.300601 -0.95375 0
    outer loop
      vertex -14.7761 -11.4191 2.45
      vertex -14.5264 -11.4978 5.15
      vertex -14.7761 -11.4191 5.15
    endloop
  endfacet
  facet normal -0.300601 -0.95375 -0
    outer loop
      vertex -14.5264 -11.4978 5.15
      vertex -14.7761 -11.4191 2.45
      vertex -14.5264 -11.4978 2.45
    endloop
  endfacet
  facet normal -0.216283 -0.976331 0
    outer loop
      vertex -14.5264 -11.4978 2.45
      vertex -14.2709 -11.5544 5.15
      vertex -14.5264 -11.4978 5.15
    endloop
  endfacet
  facet normal -0.216283 -0.976331 -0
    outer loop
      vertex -14.2709 -11.5544 5.15
      vertex -14.5264 -11.4978 2.45
      vertex -14.2709 -11.5544 2.45
    endloop
  endfacet
  facet normal -0.130712 -0.99142 0
    outer loop
      vertex -14.2709 -11.5544 2.45
      vertex -14.0115 -11.5886 5.15
      vertex -14.2709 -11.5544 5.15
    endloop
  endfacet
  facet normal -0.130712 -0.99142 -0
    outer loop
      vertex -14.0115 -11.5886 5.15
      vertex -14.2709 -11.5544 2.45
      vertex -14.0115 -11.5886 2.45
    endloop
  endfacet
  facet normal -0.0435533 -0.999051 0
    outer loop
      vertex -14.0115 -11.5886 2.45
      vertex -13.75 -11.6 5.15
      vertex -14.0115 -11.5886 5.15
    endloop
  endfacet
  facet normal -0.0435533 -0.999051 -0
    outer loop
      vertex -13.75 -11.6 5.15
      vertex -14.0115 -11.5886 2.45
      vertex -13.75 -11.6 2.45
    endloop
  endfacet
  facet normal 0 -1 0
    outer loop
      vertex -13.75 -11.6 5.15
      vertex -12.4983 -11.6 5.05
      vertex -12.4983 -11.6 5.15
    endloop
  endfacet
  facet normal 0 -1 0
    outer loop
      vertex -13.75 -11.6 2.45
      vertex -12.4983 -11.6 5.05
      vertex -13.75 -11.6 5.15
    endloop
  endfacet
  facet normal 0 -1 0
    outer loop
      vertex 8.44999 -11.6 2.45
      vertex -12.4983 -11.6 5.05
      vertex -13.75 -11.6 2.45
    endloop
  endfacet
  facet normal 0 -1 0
    outer loop
      vertex -12.4983 -11.6 5.05
      vertex 8.44999 -11.6 2.45
      vertex 8.44999 -11.6 5.05
    endloop
  endfacet
  facet normal 0.0435583 -0.999051 0
    outer loop
      vertex 8.44999 -11.6 2.45
      vertex 8.71146 -11.5886 5.05
      vertex 8.44999 -11.6 5.05
    endloop
  endfacet
  facet normal 0.0435583 -0.999051 0
    outer loop
      vertex 8.71146 -11.5886 5.05
      vertex 8.44999 -11.6 2.45
      vertex 8.71146 -11.5886 2.45
    endloop
  endfacet
  facet normal 0.0435914 0.999049 -0
    outer loop
      vertex -11.55 -9.39999 2.45
      vertex -11.8115 -9.38858 5.05
      vertex -11.55 -9.39999 5.05
    endloop
  endfacet
  facet normal 0.0435914 0.999049 0
    outer loop
      vertex -11.8115 -9.38858 5.05
      vertex -11.55 -9.39999 2.45
      vertex -11.8115 -9.38858 2.45
    endloop
  endfacet
  facet normal 0.130561 0.99144 -0
    outer loop
      vertex -11.8115 -9.38858 2.45
      vertex -12.0709 -9.35442 5.05
      vertex -11.8115 -9.38858 5.05
    endloop
  endfacet
  facet normal 0.130561 0.99144 0
    outer loop
      vertex -12.0709 -9.35442 5.05
      vertex -11.8115 -9.38858 2.45
      vertex -12.0709 -9.35442 2.45
    endloop
  endfacet
  facet normal 0.216348 0.976316 -0
    outer loop
      vertex -12.0709 -9.35442 2.45
      vertex -12.3265 -9.29778 5.05
      vertex -12.0709 -9.35442 5.05
    endloop
  endfacet
  facet normal 0.216348 0.976316 0
    outer loop
      vertex -12.3265 -9.29778 5.05
      vertex -12.0709 -9.35442 2.45
      vertex -12.3265 -9.29778 2.45
    endloop
  endfacet
  facet normal 0.300745 0.953704 -0
    outer loop
      vertex -12.3265 -9.29778 2.45
      vertex -12.5761 -9.21907 5.05
      vertex -12.3265 -9.29778 5.05
    endloop
  endfacet
  facet normal 0.300745 0.953704 0
    outer loop
      vertex -12.5761 -9.21907 5.05
      vertex -12.3265 -9.29778 2.45
      vertex -12.5761 -9.21907 2.45
    endloop
  endfacet
  facet normal 0.382829 0.923819 -0
    outer loop
      vertex -12.5761 -9.21907 2.45
      vertex -12.8178 -9.11891 5.05
      vertex -12.5761 -9.21907 5.05
    endloop
  endfacet
  facet normal 0.382829 0.923819 0
    outer loop
      vertex -12.8178 -9.11891 5.05
      vertex -12.5761 -9.21907 2.45
      vertex -12.8178 -9.11891 2.45
    endloop
  endfacet
  facet normal 0.461611 0.887082 -0
    outer loop
      vertex -12.8178 -9.11891 2.45
      vertex -13.05 -8.99808 5.05
      vertex -12.8178 -9.11891 5.05
    endloop
  endfacet
  facet normal 0.461611 0.887082 0
    outer loop
      vertex -13.05 -8.99808 5.05
      vertex -12.8178 -9.11891 2.45
      vertex -13.05 -8.99808 2.45
    endloop
  endfacet
  facet normal 0.537377 0.843342 -0
    outer loop
      vertex -13.05 -8.99808 2.45
      vertex -13.2707 -8.85745 5.05
      vertex -13.05 -8.99808 5.05
    endloop
  endfacet
  facet normal 0.537377 0.843342 0
    outer loop
      vertex -13.2707 -8.85745 5.05
      vertex -13.05 -8.99808 2.45
      vertex -13.2707 -8.85745 2.45
    endloop
  endfacet
  facet normal 0.608656 0.793434 -0
    outer loop
      vertex -13.2707 -8.85745 2.45
      vertex -13.4784 -8.69812 5.05
      vertex -13.2707 -8.85745 5.05
    endloop
  endfacet
  facet normal 0.608656 0.793434 0
    outer loop
      vertex -13.4784 -8.69812 5.05
      vertex -13.2707 -8.85745 2.45
      vertex -13.4784 -8.69812 2.45
    endloop
  endfacet
  facet normal 0.675673 0.737202 -0
    outer loop
      vertex -13.4784 -8.69812 2.45
      vertex -13.6713 -8.52132 5.05
      vertex -13.4784 -8.69812 5.05
    endloop
  endfacet
  facet normal 0.675673 0.737202 0
    outer loop
      vertex -13.6713 -8.52132 5.05
      vertex -13.4784 -8.69812 2.45
      vertex -13.6713 -8.52132 2.45
    endloop
  endfacet
  facet normal 0.737324 0.675539 0
    outer loop
      vertex -13.6713 -8.52132 5.05
      vertex -13.8481 -8.32835 2.45
      vertex -13.8481 -8.32835 5.05
    endloop
  endfacet
  facet normal 0.737324 0.675539 0
    outer loop
      vertex -13.8481 -8.32835 2.45
      vertex -13.6713 -8.52132 5.05
      vertex -13.6713 -8.52132 2.45
    endloop
  endfacet
  facet normal 0.793192 0.608972 0
    outer loop
      vertex -13.8481 -8.32835 5.05
      vertex -14.0075 -8.12073 2.45
      vertex -14.0075 -8.12073 5.05
    endloop
  endfacet
  facet normal 0.793192 0.608972 0
    outer loop
      vertex -14.0075 -8.12073 2.45
      vertex -13.8481 -8.32835 5.05
      vertex -13.8481 -8.32835 2.45
    endloop
  endfacet
  facet normal 0.843438 0.537227 0
    outer loop
      vertex -14.0075 -8.12073 5.05
      vertex -14.1481 -7.89999 2.45
      vertex -14.1481 -7.89999 5.05
    endloop
  endfacet
  facet normal 0.843438 0.537227 0
    outer loop
      vertex -14.1481 -7.89999 2.45
      vertex -14.0075 -8.12073 5.05
      vertex -14.0075 -8.12073 2.45
    endloop
  endfacet
  facet normal 0.88708 0.461615 0
    outer loop
      vertex -14.1481 -7.89999 5.05
      vertex -14.2689 -7.66785 2.45
      vertex -14.2689 -7.66785 5.05
    endloop
  endfacet
  facet normal 0.88708 0.461615 0
    outer loop
      vertex -14.2689 -7.66785 2.45
      vertex -14.1481 -7.89999 5.05
      vertex -14.1481 -7.89999 2.45
    endloop
  endfacet
  facet normal 0.923816 0.382838 0
    outer loop
      vertex -14.2689 -7.66785 5.05
      vertex -14.3691 -7.42606 2.45
      vertex -14.3691 -7.42606 5.05
    endloop
  endfacet
  facet normal 0.923816 0.382838 0
    outer loop
      vertex -14.3691 -7.42606 2.45
      vertex -14.2689 -7.66785 5.05
      vertex -14.2689 -7.66785 2.45
    endloop
  endfacet
  facet normal 0.953719 0.3007 0
    outer loop
      vertex -14.3691 -7.42606 5.05
      vertex -14.4478 -7.17645 2.45
      vertex -14.4478 -7.17645 5.05
    endloop
  endfacet
  facet normal 0.953719 0.3007 0
    outer loop
      vertex -14.4478 -7.17645 2.45
      vertex -14.3691 -7.42606 5.05
      vertex -14.3691 -7.42606 2.45
    endloop
  endfacet
  facet normal 0.976332 0.216275 0
    outer loop
      vertex -14.4478 -7.17645 5.05
      vertex -14.5044 -6.92094 2.45
      vertex -14.5044 -6.92094 5.05
    endloop
  endfacet
  facet normal 0.976332 0.216275 0
    outer loop
      vertex -14.5044 -6.92094 2.45
      vertex -14.4478 -7.17645 5.05
      vertex -14.4478 -7.17645 2.45
    endloop
  endfacet
  facet normal 0.991425 0.130677 0
    outer loop
      vertex -14.5044 -6.92094 5.05
      vertex -14.5386 -6.66147 2.45
      vertex -14.5386 -6.66147 5.05
    endloop
  endfacet
  facet normal 0.991425 0.130677 0
    outer loop
      vertex -14.5386 -6.66147 2.45
      vertex -14.5044 -6.92094 5.05
      vertex -14.5044 -6.92094 2.45
    endloop
  endfacet
  facet normal 0.999051 0.0435566 0
    outer loop
      vertex -14.5386 -6.66147 5.05
      vertex -14.55 -6.39999 2.45
      vertex -14.55 -6.39999 5.05
    endloop
  endfacet
  facet normal 0.999051 0.0435566 0
    outer loop
      vertex -14.55 -6.39999 2.45
      vertex -14.5386 -6.66147 5.05
      vertex -14.5386 -6.66147 2.45
    endloop
  endfacet
  facet normal 1 -0 0
    outer loop
      vertex -14.55 -6.39999 5.05
      vertex -14.55 6.39999 2.45
      vertex -14.55 6.39999 5.05
    endloop
  endfacet
  facet normal 1 0 0
    outer loop
      vertex -14.55 6.39999 2.45
      vertex -14.55 -6.39999 5.05
      vertex -14.55 -6.39999 2.45
    endloop
  endfacet
  facet normal 0.999051 -0.0435566 0
    outer loop
      vertex -14.55 6.39999 5.05
      vertex -14.5386 6.66147 2.45
      vertex -14.5386 6.66147 5.05
    endloop
  endfacet
  facet normal 0.999051 -0.0435566 0
    outer loop
      vertex -14.5386 6.66147 2.45
      vertex -14.55 6.39999 5.05
      vertex -14.55 6.39999 2.45
    endloop
  endfacet
  facet normal 0.991425 -0.130677 0
    outer loop
      vertex -14.5386 6.66147 5.05
      vertex -14.5044 6.92094 2.45
      vertex -14.5044 6.92094 5.05
    endloop
  endfacet
  facet normal 0.991425 -0.130677 0
    outer loop
      vertex -14.5044 6.92094 2.45
      vertex -14.5386 6.66147 5.05
      vertex -14.5386 6.66147 2.45
    endloop
  endfacet
  facet normal 0.976332 -0.216275 0
    outer loop
      vertex -14.5044 6.92094 5.05
      vertex -14.4478 7.17645 2.45
      vertex -14.4478 7.17645 5.05
    endloop
  endfacet
  facet normal 0.976332 -0.216275 0
    outer loop
      vertex -14.4478 7.17645 2.45
      vertex -14.5044 6.92094 5.05
      vertex -14.5044 6.92094 2.45
    endloop
  endfacet
  facet normal 0.953719 -0.3007 0
    outer loop
      vertex -14.4478 7.17645 5.05
      vertex -14.3691 7.42606 2.45
      vertex -14.3691 7.42606 5.05
    endloop
  endfacet
  facet normal 0.953719 -0.3007 0
    outer loop
      vertex -14.3691 7.42606 2.45
      vertex -14.4478 7.17645 5.05
      vertex -14.4478 7.17645 2.45
    endloop
  endfacet
  facet normal 0.923816 -0.382838 0
    outer loop
      vertex -14.3691 7.42606 5.05
      vertex -14.2689 7.66785 2.45
      vertex -14.2689 7.66785 5.05
    endloop
  endfacet
  facet normal 0.923816 -0.382838 0
    outer loop
      vertex -14.2689 7.66785 2.45
      vertex -14.3691 7.42606 5.05
      vertex -14.3691 7.42606 2.45
    endloop
  endfacet
  facet normal 0.88708 -0.461615 0
    outer loop
      vertex -14.2689 7.66785 5.05
      vertex -14.1481 7.89999 2.45
      vertex -14.1481 7.89999 5.05
    endloop
  endfacet
  facet normal 0.88708 -0.461615 0
    outer loop
      vertex -14.1481 7.89999 2.45
      vertex -14.2689 7.66785 5.05
      vertex -14.2689 7.66785 2.45
    endloop
  endfacet
  facet normal 0.843438 -0.537227 0
    outer loop
      vertex -14.1481 7.89999 5.05
      vertex -14.0075 8.12073 2.45
      vertex -14.0075 8.12073 5.05
    endloop
  endfacet
  facet normal 0.843438 -0.537227 0
    outer loop
      vertex -14.0075 8.12073 2.45
      vertex -14.1481 7.89999 5.05
      vertex -14.1481 7.89999 2.45
    endloop
  endfacet
  facet normal 0.793192 -0.608972 0
    outer loop
      vertex -14.0075 8.12073 5.05
      vertex -13.8481 8.32835 2.45
      vertex -13.8481 8.32835 5.05
    endloop
  endfacet
  facet normal 0.793192 -0.608972 0
    outer loop
      vertex -13.8481 8.32835 2.45
      vertex -14.0075 8.12073 5.05
      vertex -14.0075 8.12073 2.45
    endloop
  endfacet
  facet normal 0.737324 -0.675539 0
    outer loop
      vertex -13.8481 8.32835 5.05
      vertex -13.6713 8.52132 2.45
      vertex -13.6713 8.52132 5.05
    endloop
  endfacet
  facet normal 0.737324 -0.675539 0
    outer loop
      vertex -13.6713 8.52132 2.45
      vertex -13.8481 8.32835 5.05
      vertex -13.8481 8.32835 2.45
    endloop
  endfacet
  facet normal 0.675673 -0.737202 0
    outer loop
      vertex -13.6713 8.52132 2.45
      vertex -13.4784 8.69812 5.05
      vertex -13.6713 8.52132 5.05
    endloop
  endfacet
  facet normal 0.675673 -0.737202 0
    outer loop
      vertex -13.4784 8.69812 5.05
      vertex -13.6713 8.52132 2.45
      vertex -13.4784 8.69812 2.45
    endloop
  endfacet
  facet normal 0.608656 -0.793434 0
    outer loop
      vertex -13.4784 8.69812 2.45
      vertex -13.2707 8.85745 5.05
      vertex -13.4784 8.69812 5.05
    endloop
  endfacet
  facet normal 0.608656 -0.793434 0
    outer loop
      vertex -13.2707 8.85745 5.05
      vertex -13.4784 8.69812 2.45
      vertex -13.2707 8.85745 2.45
    endloop
  endfacet
  facet normal 0.537377 -0.843342 0
    outer loop
      vertex -13.2707 8.85745 2.45
      vertex -13.05 8.99808 5.05
      vertex -13.2707 8.85745 5.05
    endloop
  endfacet
  facet normal 0.537377 -0.843342 0
    outer loop
      vertex -13.05 8.99808 5.05
      vertex -13.2707 8.85745 2.45
      vertex -13.05 8.99808 2.45
    endloop
  endfacet
  facet normal 0.461611 -0.887082 0
    outer loop
      vertex -13.05 8.99808 2.45
      vertex -12.8178 9.11891 5.05
      vertex -13.05 8.99808 5.05
    endloop
  endfacet
  facet normal 0.461611 -0.887082 0
    outer loop
      vertex -12.8178 9.11891 5.05
      vertex -13.05 8.99808 2.45
      vertex -12.8178 9.11891 2.45
    endloop
  endfacet
  facet normal 0.382829 -0.923819 0
    outer loop
      vertex -12.8178 9.11891 2.45
      vertex -12.5761 9.21907 5.05
      vertex -12.8178 9.11891 5.05
    endloop
  endfacet
  facet normal 0.382829 -0.923819 0
    outer loop
      vertex -12.5761 9.21907 5.05
      vertex -12.8178 9.11891 2.45
      vertex -12.5761 9.21907 2.45
    endloop
  endfacet
  facet normal 0.300745 -0.953704 0
    outer loop
      vertex -12.5761 9.21907 2.45
      vertex -12.3265 9.29778 5.05
      vertex -12.5761 9.21907 5.05
    endloop
  endfacet
  facet normal 0.300745 -0.953704 0
    outer loop
      vertex -12.3265 9.29778 5.05
      vertex -12.5761 9.21907 2.45
      vertex -12.3265 9.29778 2.45
    endloop
  endfacet
  facet normal 0.216348 -0.976316 0
    outer loop
      vertex -12.3265 9.29778 2.45
      vertex -12.0709 9.35442 5.05
      vertex -12.3265 9.29778 5.05
    endloop
  endfacet
  facet normal 0.216348 -0.976316 0
    outer loop
      vertex -12.0709 9.35442 5.05
      vertex -12.3265 9.29778 2.45
      vertex -12.0709 9.35442 2.45
    endloop
  endfacet
  facet normal 0.130561 -0.99144 0
    outer loop
      vertex -12.0709 9.35442 2.45
      vertex -11.8115 9.38858 5.05
      vertex -12.0709 9.35442 5.05
    endloop
  endfacet
  facet normal 0.130561 -0.99144 0
    outer loop
      vertex -11.8115 9.38858 5.05
      vertex -12.0709 9.35442 2.45
      vertex -11.8115 9.38858 2.45
    endloop
  endfacet
  facet normal 0.0435914 -0.999049 0
    outer loop
      vertex -11.8115 9.38858 2.45
      vertex -11.55 9.39999 5.05
      vertex -11.8115 9.38858 5.05
    endloop
  endfacet
  facet normal 0.0435914 -0.999049 0
    outer loop
      vertex -11.55 9.39999 5.05
      vertex -11.8115 9.38858 2.45
      vertex -11.55 9.39999 2.45
    endloop
  endfacet
  facet normal 0 -1 0
    outer loop
      vertex -11.55 9.39999 2.45
      vertex 6.24999 9.39999 5.05
      vertex -11.55 9.39999 5.05
    endloop
  endfacet
  facet normal 0 -1 -0
    outer loop
      vertex 6.24999 9.39999 5.05
      vertex -11.55 9.39999 2.45
      vertex 6.24999 9.39999 2.45
    endloop
  endfacet
  facet normal -0.0435947 -0.999049 0
    outer loop
      vertex 6.24999 9.39999 2.45
      vertex 6.51147 9.38858 5.05
      vertex 6.24999 9.39999 5.05
    endloop
  endfacet
  facet normal -0.0435947 -0.999049 -0
    outer loop
      vertex 6.51147 9.38858 5.05
      vertex 6.24999 9.39999 2.45
      vertex 6.51147 9.38858 2.45
    endloop
  endfacet
  facet normal -0.130527 -0.991445 0
    outer loop
      vertex 6.51147 9.38858 2.45
      vertex 6.77094 9.35442 5.05
      vertex 6.51147 9.38858 5.05
    endloop
  endfacet
  facet normal -0.130527 -0.991445 -0
    outer loop
      vertex 6.77094 9.35442 5.05
      vertex 6.51147 9.38858 2.45
      vertex 6.77094 9.35442 2.45
    endloop
  endfacet
  facet normal -0.216421 -0.9763 0
    outer loop
      vertex 6.77094 9.35442 2.45
      vertex 7.02645 9.29778 5.05
      vertex 6.77094 9.35442 5.05
    endloop
  endfacet
  facet normal -0.216421 -0.9763 -0
    outer loop
      vertex 7.02645 9.29778 5.05
      vertex 6.77094 9.35442 2.45
      vertex 7.02645 9.29778 2.45
    endloop
  endfacet
  facet normal -0.300735 -0.953708 0
    outer loop
      vertex 7.02645 9.29778 2.45
      vertex 7.27606 9.21907 5.05
      vertex 7.02645 9.29778 5.05
    endloop
  endfacet
  facet normal -0.300735 -0.953708 -0
    outer loop
      vertex 7.27606 9.21907 5.05
      vertex 7.02645 9.29778 2.45
      vertex 7.27606 9.21907 2.45
    endloop
  endfacet
  facet normal -0.382707 -0.92387 0
    outer loop
      vertex 7.27606 9.21907 2.45
      vertex 7.51785 9.11891 5.05
      vertex 7.27606 9.21907 5.05
    endloop
  endfacet
  facet normal -0.382707 -0.92387 -0
    outer loop
      vertex 7.51785 9.11891 5.05
      vertex 7.27606 9.21907 2.45
      vertex 7.51785 9.11891 2.45
    endloop
  endfacet
  facet normal -0.461705 -0.887033 0
    outer loop
      vertex 7.51785 9.11891 2.45
      vertex 7.74999 8.99808 5.05
      vertex 7.51785 9.11891 5.05
    endloop
  endfacet
  facet normal -0.461705 -0.887033 -0
    outer loop
      vertex 7.74999 8.99808 5.05
      vertex 7.51785 9.11891 2.45
      vertex 7.74999 8.99808 2.45
    endloop
  endfacet
  facet normal -0.537308 -0.843386 0
    outer loop
      vertex 7.74999 8.99808 2.45
      vertex 7.97073 8.85745 5.05
      vertex 7.74999 8.99808 5.05
    endloop
  endfacet
  facet normal -0.537308 -0.843386 -0
    outer loop
      vertex 7.97073 8.85745 5.05
      vertex 7.74999 8.99808 2.45
      vertex 7.97073 8.85745 2.45
    endloop
  endfacet
  facet normal -0.608804 -0.793321 0
    outer loop
      vertex 7.97073 8.85745 2.45
      vertex 8.17835 8.69812 5.05
      vertex 7.97073 8.85745 5.05
    endloop
  endfacet
  facet normal -0.608804 -0.793321 -0
    outer loop
      vertex 8.17835 8.69812 5.05
      vertex 7.97073 8.85745 2.45
      vertex 8.17835 8.69812 2.45
    endloop
  endfacet
  facet normal -0.675539 -0.737324 0
    outer loop
      vertex 8.17835 8.69812 2.45
      vertex 8.37132 8.52132 5.05
      vertex 8.17835 8.69812 5.05
    endloop
  endfacet
  facet normal -0.675539 -0.737324 -0
    outer loop
      vertex 8.37132 8.52132 5.05
      vertex 8.17835 8.69812 2.45
      vertex 8.37132 8.52132 2.45
    endloop
  endfacet
  facet normal -0.737324 -0.675539 0
    outer loop
      vertex 8.54812 8.32835 2.45
      vertex 8.37132 8.52132 5.05
      vertex 8.37132 8.52132 2.45
    endloop
  endfacet
  facet normal -0.737324 -0.675539 0
    outer loop
      vertex 8.37132 8.52132 5.05
      vertex 8.54812 8.32835 2.45
      vertex 8.54812 8.32835 5.05
    endloop
  endfacet
  facet normal -0.793321 -0.608804 0
    outer loop
      vertex 8.70745 8.12073 2.45
      vertex 8.54812 8.32835 5.05
      vertex 8.54812 8.32835 2.45
    endloop
  endfacet
  facet normal -0.793321 -0.608804 0
    outer loop
      vertex 8.54812 8.32835 5.05
      vertex 8.70745 8.12073 2.45
      vertex 8.70745 8.12073 5.05
    endloop
  endfacet
  facet normal -0.843386 -0.537308 0
    outer loop
      vertex 8.84808 7.89999 2.45
      vertex 8.70745 8.12073 5.05
      vertex 8.70745 8.12073 2.45
    endloop
  endfacet
  facet normal -0.843386 -0.537308 0
    outer loop
      vertex 8.70745 8.12073 5.05
      vertex 8.84808 7.89999 2.45
      vertex 8.84808 7.89999 5.05
    endloop
  endfacet
  facet normal -0.887033 -0.461705 0
    outer loop
      vertex 8.96891 7.66785 2.45
      vertex 8.84808 7.89999 5.05
      vertex 8.84808 7.89999 2.45
    endloop
  endfacet
  facet normal -0.887033 -0.461705 0
    outer loop
      vertex 8.84808 7.89999 5.05
      vertex 8.96891 7.66785 2.45
      vertex 8.96891 7.66785 5.05
    endloop
  endfacet
  facet normal -0.92387 -0.382707 0
    outer loop
      vertex 9.06907 7.42606 2.45
      vertex 8.96891 7.66785 5.05
      vertex 8.96891 7.66785 2.45
    endloop
  endfacet
  facet normal -0.92387 -0.382707 0
    outer loop
      vertex 8.96891 7.66785 5.05
      vertex 9.06907 7.42606 2.45
      vertex 9.06907 7.42606 5.05
    endloop
  endfacet
  facet normal -0.953719 -0.3007 0
    outer loop
      vertex 9.14777 7.17645 2.45
      vertex 9.06907 7.42606 5.05
      vertex 9.06907 7.42606 2.45
    endloop
  endfacet
  facet normal -0.953719 -0.3007 0
    outer loop
      vertex 9.06907 7.42606 5.05
      vertex 9.14777 7.17645 2.45
      vertex 9.14777 7.17645 5.05
    endloop
  endfacet
  facet normal -0.976292 -0.216457 0
    outer loop
      vertex 9.20442 6.92094 2.45
      vertex 9.14777 7.17645 5.05
      vertex 9.14777 7.17645 2.45
    endloop
  endfacet
  facet normal -0.976292 -0.216457 0
    outer loop
      vertex 9.14777 7.17645 5.05
      vertex 9.20442 6.92094 2.45
      vertex 9.20442 6.92094 5.05
    endloop
  endfacet
  facet normal -0.991445 -0.130527 0
    outer loop
      vertex 9.23858 6.66147 2.45
      vertex 9.20442 6.92094 5.05
      vertex 9.20442 6.92094 2.45
    endloop
  endfacet
  facet normal -0.991445 -0.130527 0
    outer loop
      vertex 9.20442 6.92094 5.05
      vertex 9.23858 6.66147 2.45
      vertex 9.23858 6.66147 5.05
    endloop
  endfacet
  facet normal -0.999049 -0.0435947 0
    outer loop
      vertex 9.24999 6.39999 2.45
      vertex 9.23858 6.66147 5.05
      vertex 9.23858 6.66147 2.45
    endloop
  endfacet
  facet normal -0.999049 -0.0435947 0
    outer loop
      vertex 9.23858 6.66147 5.05
      vertex 9.24999 6.39999 2.45
      vertex 9.24999 6.39999 5.05
    endloop
  endfacet
  facet normal -1 0 0
    outer loop
      vertex 9.24999 -6.39999 2.45
      vertex 9.24999 6.39999 5.05
      vertex 9.24999 6.39999 2.45
    endloop
  endfacet
  facet normal -1 -0 0
    outer loop
      vertex 9.24999 6.39999 5.05
      vertex 9.24999 -6.39999 2.45
      vertex 9.24999 -6.39999 5.05
    endloop
  endfacet
  facet normal -0.999049 0.0435947 0
    outer loop
      vertex 9.23858 -6.66147 2.45
      vertex 9.24999 -6.39999 5.05
      vertex 9.24999 -6.39999 2.45
    endloop
  endfacet
  facet normal -0.999049 0.0435947 0
    outer loop
      vertex 9.24999 -6.39999 5.05
      vertex 9.23858 -6.66147 2.45
      vertex 9.23858 -6.66147 5.05
    endloop
  endfacet
  facet normal -0.991445 0.130527 0
    outer loop
      vertex 9.20442 -6.92094 2.45
      vertex 9.23858 -6.66147 5.05
      vertex 9.23858 -6.66147 2.45
    endloop
  endfacet
  facet normal -0.991445 0.130527 0
    outer loop
      vertex 9.23858 -6.66147 5.05
      vertex 9.20442 -6.92094 2.45
      vertex 9.20442 -6.92094 5.05
    endloop
  endfacet
  facet normal -0.976292 0.216457 0
    outer loop
      vertex 9.14777 -7.17645 2.45
      vertex 9.20442 -6.92094 5.05
      vertex 9.20442 -6.92094 2.45
    endloop
  endfacet
  facet normal -0.976292 0.216457 0
    outer loop
      vertex 9.20442 -6.92094 5.05
      vertex 9.14777 -7.17645 2.45
      vertex 9.14777 -7.17645 5.05
    endloop
  endfacet
  facet normal -0.953719 0.3007 0
    outer loop
      vertex 9.06907 -7.42606 2.45
      vertex 9.14777 -7.17645 5.05
      vertex 9.14777 -7.17645 2.45
    endloop
  endfacet
  facet normal -0.953719 0.3007 0
    outer loop
      vertex 9.14777 -7.17645 5.05
      vertex 9.06907 -7.42606 2.45
      vertex 9.06907 -7.42606 5.05
    endloop
  endfacet
  facet normal -0.92387 0.382707 0
    outer loop
      vertex 8.96891 -7.66785 2.45
      vertex 9.06907 -7.42606 5.05
      vertex 9.06907 -7.42606 2.45
    endloop
  endfacet
  facet normal -0.92387 0.382707 0
    outer loop
      vertex 9.06907 -7.42606 5.05
      vertex 8.96891 -7.66785 2.45
      vertex 8.96891 -7.66785 5.05
    endloop
  endfacet
  facet normal -0.887033 0.461705 0
    outer loop
      vertex 8.84808 -7.89999 2.45
      vertex 8.96891 -7.66785 5.05
      vertex 8.96891 -7.66785 2.45
    endloop
  endfacet
  facet normal -0.887033 0.461705 0
    outer loop
      vertex 8.96891 -7.66785 5.05
      vertex 8.84808 -7.89999 2.45
      vertex 8.84808 -7.89999 5.05
    endloop
  endfacet
  facet normal -0.843386 0.537308 0
    outer loop
      vertex 8.70745 -8.12073 2.45
      vertex 8.84808 -7.89999 5.05
      vertex 8.84808 -7.89999 2.45
    endloop
  endfacet
  facet normal -0.843386 0.537308 0
    outer loop
      vertex 8.84808 -7.89999 5.05
      vertex 8.70745 -8.12073 2.45
      vertex 8.70745 -8.12073 5.05
    endloop
  endfacet
  facet normal -0.793321 0.608804 0
    outer loop
      vertex 8.54812 -8.32835 2.45
      vertex 8.70745 -8.12073 5.05
      vertex 8.70745 -8.12073 2.45
    endloop
  endfacet
  facet normal -0.793321 0.608804 0
    outer loop
      vertex 8.70745 -8.12073 5.05
      vertex 8.54812 -8.32835 2.45
      vertex 8.54812 -8.32835 5.05
    endloop
  endfacet
  facet normal -0.737324 0.675539 0
    outer loop
      vertex 8.37132 -8.52132 2.45
      vertex 8.54812 -8.32835 5.05
      vertex 8.54812 -8.32835 2.45
    endloop
  endfacet
  facet normal -0.737324 0.675539 0
    outer loop
      vertex 8.54812 -8.32835 5.05
      vertex 8.37132 -8.52132 2.45
      vertex 8.37132 -8.52132 5.05
    endloop
  endfacet
  facet normal -0.675539 0.737324 0
    outer loop
      vertex 8.37132 -8.52132 2.45
      vertex 8.17835 -8.69812 5.05
      vertex 8.37132 -8.52132 5.05
    endloop
  endfacet
  facet normal -0.675539 0.737324 0
    outer loop
      vertex 8.17835 -8.69812 5.05
      vertex 8.37132 -8.52132 2.45
      vertex 8.17835 -8.69812 2.45
    endloop
  endfacet
  facet normal -0.608804 0.793321 0
    outer loop
      vertex 8.17835 -8.69812 2.45
      vertex 7.97073 -8.85745 5.05
      vertex 8.17835 -8.69812 5.05
    endloop
  endfacet
  facet normal -0.608804 0.793321 0
    outer loop
      vertex 7.97073 -8.85745 5.05
      vertex 8.17835 -8.69812 2.45
      vertex 7.97073 -8.85745 2.45
    endloop
  endfacet
  facet normal -0.537308 0.843386 0
    outer loop
      vertex 7.97073 -8.85745 2.45
      vertex 7.74999 -8.99808 5.05
      vertex 7.97073 -8.85745 5.05
    endloop
  endfacet
  facet normal -0.537308 0.843386 0
    outer loop
      vertex 7.74999 -8.99808 5.05
      vertex 7.97073 -8.85745 2.45
      vertex 7.74999 -8.99808 2.45
    endloop
  endfacet
  facet normal -0.461705 0.887033 0
    outer loop
      vertex 7.74999 -8.99808 2.45
      vertex 7.51785 -9.11891 5.05
      vertex 7.74999 -8.99808 5.05
    endloop
  endfacet
  facet normal -0.461705 0.887033 0
    outer loop
      vertex 7.51785 -9.11891 5.05
      vertex 7.74999 -8.99808 2.45
      vertex 7.51785 -9.11891 2.45
    endloop
  endfacet
  facet normal -0.382707 0.92387 0
    outer loop
      vertex 7.51785 -9.11891 2.45
      vertex 7.27606 -9.21907 5.05
      vertex 7.51785 -9.11891 5.05
    endloop
  endfacet
  facet normal -0.382707 0.92387 0
    outer loop
      vertex 7.27606 -9.21907 5.05
      vertex 7.51785 -9.11891 2.45
      vertex 7.27606 -9.21907 2.45
    endloop
  endfacet
  facet normal -0.300735 0.953708 0
    outer loop
      vertex 7.27606 -9.21907 2.45
      vertex 7.02645 -9.29778 5.05
      vertex 7.27606 -9.21907 5.05
    endloop
  endfacet
  facet normal -0.300735 0.953708 0
    outer loop
      vertex 7.02645 -9.29778 5.05
      vertex 7.27606 -9.21907 2.45
      vertex 7.02645 -9.29778 2.45
    endloop
  endfacet
  facet normal -0.216421 0.9763 0
    outer loop
      vertex 7.02645 -9.29778 2.45
      vertex 6.77094 -9.35442 5.05
      vertex 7.02645 -9.29778 5.05
    endloop
  endfacet
  facet normal -0.216421 0.9763 0
    outer loop
      vertex 6.77094 -9.35442 5.05
      vertex 7.02645 -9.29778 2.45
      vertex 6.77094 -9.35442 2.45
    endloop
  endfacet
  facet normal -0.130527 0.991445 0
    outer loop
      vertex 6.77094 -9.35442 2.45
      vertex 6.51147 -9.38858 5.05
      vertex 6.77094 -9.35442 5.05
    endloop
  endfacet
  facet normal -0.130527 0.991445 0
    outer loop
      vertex 6.51147 -9.38858 5.05
      vertex 6.77094 -9.35442 2.45
      vertex 6.51147 -9.38858 2.45
    endloop
  endfacet
  facet normal -0.0435947 0.999049 0
    outer loop
      vertex 6.51147 -9.38858 2.45
      vertex 6.24999 -9.39999 5.05
      vertex 6.51147 -9.38858 5.05
    endloop
  endfacet
  facet normal -0.0435947 0.999049 0
    outer loop
      vertex 6.24999 -9.39999 5.05
      vertex 6.51147 -9.38858 2.45
      vertex 6.24999 -9.39999 2.45
    endloop
  endfacet
  facet normal 0 1 -0
    outer loop
      vertex 6.24999 -9.39999 2.45
      vertex -11.55 -9.39999 5.05
      vertex 6.24999 -9.39999 5.05
    endloop
  endfacet
  facet normal 0 1 0
    outer loop
      vertex -11.55 -9.39999 5.05
      vertex 6.24999 -9.39999 2.45
      vertex -11.55 -9.39999 2.45
    endloop
  endfacet
  facet normal -0.793348 0 0.608768
    outer loop
      vertex -2.19037 -6.5 5.96433
      vertex -2.15851 -12.5708 6.00585
      vertex -2.15851 -6.5 6.00585
    endloop
  endfacet
  facet normal -0.793348 0 0.608768
    outer loop
      vertex -2.15851 -12.5708 6.00585
      vertex -2.19037 -6.5 5.96433
      vertex -2.19037 -12.582 5.96433
    endloop
  endfacet
  facet normal -0.793348 0 0.608768
    outer loop
      vertex -2.19037 6.5 5.96433
      vertex -2.15851 12.5708 6.00585
      vertex -2.19037 12.582 5.96433
    endloop
  endfacet
  facet normal -0.793348 0 0.608768
    outer loop
      vertex -2.15851 12.5708 6.00585
      vertex -2.19037 6.5 5.96433
      vertex -2.15851 6.5 6.00585
    endloop
  endfacet
  facet normal 0.382824 0 0.923821
    outer loop
      vertex -2.90357 12.6214 5.80622
      vertex -2.85521 6.5 5.78618
      vertex -2.85521 12.624 5.78618
    endloop
  endfacet
  facet normal 0.382824 0 0.923821
    outer loop
      vertex -2.85521 6.5 5.78618
      vertex -2.90357 12.6214 5.80622
      vertex -2.90357 6.5 5.80622
    endloop
  endfacet
  facet normal 0.382824 -0 0.923821
    outer loop
      vertex -2.90357 -12.6214 5.80622
      vertex -2.85521 -6.5 5.78618
      vertex -2.90357 -6.5 5.80622
    endloop
  endfacet
  facet normal 0.382824 0 0.923821
    outer loop
      vertex -2.85521 -6.5 5.78618
      vertex -2.90357 -12.6214 5.80622
      vertex -2.85521 -12.624 5.78618
    endloop
  endfacet
  facet normal -0.382824 0 -0.923821
    outer loop
      vertex -2.44479 -12.2519 6.91382
      vertex -2.39643 -6.5 6.89378
      vertex -2.39643 -12.2602 6.89378
    endloop
  endfacet
  facet normal -0.382824 0 -0.923821
    outer loop
      vertex -2.39643 -6.5 6.89378
      vertex -2.44479 -12.2519 6.91382
      vertex -2.44479 -6.5 6.91382
    endloop
  endfacet
  facet normal -0.382824 -0 -0.923821
    outer loop
      vertex -2.44479 12.2519 6.91382
      vertex -2.39643 6.5 6.89378
      vertex -2.44479 6.5 6.91382
    endloop
  endfacet
  facet normal -0.382824 0 -0.923821
    outer loop
      vertex -2.39643 6.5 6.89378
      vertex -2.44479 12.2519 6.91382
      vertex -2.39643 12.2602 6.89378
    endloop
  endfacet
  facet normal -0.608768 0 0.793348
    outer loop
      vertex -2.30585 -6.5 5.85851
      vertex -2.26433 -12.6018 5.89037
      vertex -2.26433 -6.5 5.89037
    endloop
  endfacet
  facet normal -0.608768 0 0.793348
    outer loop
      vertex -2.26433 -12.6018 5.89037
      vertex -2.30585 -6.5 5.85851
      vertex -2.30585 -12.6103 5.85851
    endloop
  endfacet
  facet normal -0.608768 0 0.793348
    outer loop
      vertex -2.30585 6.5 5.85851
      vertex -2.26433 12.6018 5.89037
      vertex -2.30585 12.6103 5.85851
    endloop
  endfacet
  facet normal -0.608768 0 0.793348
    outer loop
      vertex -2.26433 12.6018 5.89037
      vertex -2.30585 6.5 5.85851
      vertex -2.26433 6.5 5.89037
    endloop
  endfacet
  facet normal 0.216283 -0 0.976331
    outer loop
      vertex -2.80529 -12.6261 5.77044
      vertex -2.75419 -6.5 5.75912
      vertex -2.80529 -6.5 5.77044
    endloop
  endfacet
  facet normal 0.216283 0 0.976331
    outer loop
      vertex -2.75419 -6.5 5.75912
      vertex -2.80529 -12.6261 5.77044
      vertex -2.75419 -12.6276 5.75912
    endloop
  endfacet
  facet normal 0.216283 0 0.976331
    outer loop
      vertex -2.80529 12.6261 5.77044
      vertex -2.75419 6.5 5.75912
      vertex -2.75419 12.6276 5.75912
    endloop
  endfacet
  facet normal 0.216283 0 0.976331
    outer loop
      vertex -2.75419 6.5 5.75912
      vertex -2.80529 12.6261 5.77044
      vertex -2.80529 6.5 5.77044
    endloop
  endfacet
  facet normal 0.999051 -0 0.0435616
    outer loop
      vertex -3.25 -12.4786 6.35
      vertex -3.24772 -6.5 6.29771
      vertex -3.25 -6.5 6.35
    endloop
  endfacet
  facet normal 0.999051 0 0.0435616
    outer loop
      vertex -3.24772 -6.5 6.29771
      vertex -3.25 -12.4786 6.35
      vertex -3.24772 -12.4926 6.29771
    endloop
  endfacet
  facet normal 0.999051 0 0.0435616
    outer loop
      vertex -3.24772 6.5 6.29771
      vertex -3.25 12.4786 6.35
      vertex -3.25 6.5 6.35
    endloop
  endfacet
  facet normal 0.999051 0 0.0435616
    outer loop
      vertex -3.25 12.4786 6.35
      vertex -3.24772 6.5 6.29771
      vertex -3.24772 12.4926 6.29771
    endloop
  endfacet
  facet normal -0.300537 0 -0.95377
    outer loop
      vertex -2.49471 -12.2454 6.92955
      vertex -2.44479 -6.5 6.91382
      vertex -2.44479 -12.2519 6.91382
    endloop
  endfacet
  facet normal -0.300537 0 -0.95377
    outer loop
      vertex -2.44479 -6.5 6.91382
      vertex -2.49471 -12.2454 6.92955
      vertex -2.49471 -6.5 6.92955
    endloop
  endfacet
  facet normal -0.300537 -0 -0.95377
    outer loop
      vertex -2.49471 12.2454 6.92955
      vertex -2.44479 6.5 6.91382
      vertex -2.49471 6.5 6.92955
    endloop
  endfacet
  facet normal -0.300537 0 -0.95377
    outer loop
      vertex -2.44479 6.5 6.91382
      vertex -2.49471 12.2454 6.92955
      vertex -2.44479 12.2519 6.91382
    endloop
  endfacet
  facet normal 0.843449 -0 0.537209
    outer loop
      vertex -3.16961 -12.559 6.05
      vertex -3.14149 -6.5 6.00585
      vertex -3.16961 -6.5 6.05
    endloop
  endfacet
  facet normal 0.843449 0 0.537209
    outer loop
      vertex -3.14149 -6.5 6.00585
      vertex -3.16961 -12.559 6.05
      vertex -3.14149 -12.5708 6.00585
    endloop
  endfacet
  facet normal 0.843449 0 0.537209
    outer loop
      vertex -3.14149 6.5 6.00585
      vertex -3.16961 12.559 6.05
      vertex -3.16961 6.5 6.05
    endloop
  endfacet
  facet normal 0.843449 0 0.537209
    outer loop
      vertex -3.16961 12.559 6.05
      vertex -3.14149 6.5 6.00585
      vertex -3.14149 12.5708 6.00585
    endloop
  endfacet
  facet normal 0.991427 0 -0.130662
    outer loop
      vertex -3.24088 -12.4423 6.45419
      vertex -3.24772 -6.5 6.40229
      vertex -3.24088 -6.5 6.45419
    endloop
  endfacet
  facet normal 0.991427 0 -0.130662
    outer loop
      vertex -3.24772 -6.5 6.40229
      vertex -3.24088 -12.4423 6.45419
      vertex -3.24772 -12.4638 6.40229
    endloop
  endfacet
  facet normal 0.991427 0 -0.130662
    outer loop
      vertex -3.24772 6.5 6.40229
      vertex -3.24088 12.4423 6.45419
      vertex -3.24088 6.5 6.45419
    endloop
  endfacet
  facet normal 0.991427 0 -0.130662
    outer loop
      vertex -3.24088 12.4423 6.45419
      vertex -3.24772 6.5 6.40229
      vertex -3.24772 12.4638 6.40229
    endloop
  endfacet
  facet normal 0.608768 0 -0.793348
    outer loop
      vertex -3.03567 -6.5 6.80963
      vertex -2.99415 -12.2818 6.84149
      vertex -3.03567 -12.295 6.80963
    endloop
  endfacet
  facet normal 0.608768 0 -0.793348
    outer loop
      vertex -2.99415 -12.2818 6.84149
      vertex -3.03567 -6.5 6.80963
      vertex -2.99415 -6.5 6.84149
    endloop
  endfacet
  facet normal 0.608768 0 -0.793348
    outer loop
      vertex -3.03567 6.5 6.80963
      vertex -2.99415 12.2818 6.84149
      vertex -2.99415 6.5 6.84149
    endloop
  endfacet
  facet normal 0.608768 0 -0.793348
    outer loop
      vertex -2.99415 12.2818 6.84149
      vertex -3.03567 6.5 6.80963
      vertex -3.03567 12.295 6.80963
    endloop
  endfacet
  facet normal -0.608768 0 -0.793348
    outer loop
      vertex -2.30585 -12.2818 6.84149
      vertex -2.26433 -6.5 6.80963
      vertex -2.26433 -12.295 6.80963
    endloop
  endfacet
  facet normal -0.608768 0 -0.793348
    outer loop
      vertex -2.26433 -6.5 6.80963
      vertex -2.30585 -12.2818 6.84149
      vertex -2.30585 -6.5 6.84149
    endloop
  endfacet
  facet normal -0.608768 -0 -0.793348
    outer loop
      vertex -2.30585 12.2818 6.84149
      vertex -2.26433 6.5 6.80963
      vertex -2.30585 6.5 6.84149
    endloop
  endfacet
  facet normal -0.608768 0 -0.793348
    outer loop
      vertex -2.26433 6.5 6.80963
      vertex -2.30585 12.2818 6.84149
      vertex -2.26433 12.295 6.80963
    endloop
  endfacet
  facet normal -0.300711 0 0.953715
    outer loop
      vertex -2.49471 -6.5 5.77044
      vertex -2.44479 -12.624 5.78618
      vertex -2.44479 -6.5 5.78618
    endloop
  endfacet
  facet normal -0.300711 0 0.953715
    outer loop
      vertex -2.44479 -12.624 5.78618
      vertex -2.49471 -6.5 5.77044
      vertex -2.49471 -12.6261 5.77044
    endloop
  endfacet
  facet normal -0.300711 0 0.953715
    outer loop
      vertex -2.49471 6.5 5.77044
      vertex -2.44479 12.624 5.78618
      vertex -2.49471 12.6261 5.77044
    endloop
  endfacet
  facet normal -0.300711 0 0.953715
    outer loop
      vertex -2.44479 12.624 5.78618
      vertex -2.49471 6.5 5.77044
      vertex -2.44479 6.5 5.78618
    endloop
  endfacet
  facet normal -0.991452 0 -0.130474
    outer loop
      vertex -2.05228 -6.5 6.40229
      vertex -2.05911 -12.4423 6.45419
      vertex -2.05911 -6.5 6.45419
    endloop
  endfacet
  facet normal -0.991452 0 -0.130474
    outer loop
      vertex -2.05911 -12.4423 6.45419
      vertex -2.05228 -6.5 6.40229
      vertex -2.05228 -12.4638 6.40229
    endloop
  endfacet
  facet normal -0.991452 0 -0.130474
    outer loop
      vertex -2.05228 6.5 6.40229
      vertex -2.05911 12.4423 6.45419
      vertex -2.05228 12.4638 6.40229
    endloop
  endfacet
  facet normal -0.991452 -0 -0.130474
    outer loop
      vertex -2.05911 12.4423 6.45419
      vertex -2.05228 6.5 6.40229
      vertex -2.05911 6.5 6.45419
    endloop
  endfacet
  facet normal -0.130662 0 0.991427
    outer loop
      vertex -2.59771 6.5 5.75228
      vertex -2.54581 12.6276 5.75912
      vertex -2.59771 12.6285 5.75228
    endloop
  endfacet
  facet normal -0.130662 0 0.991427
    outer loop
      vertex -2.54581 12.6276 5.75912
      vertex -2.59771 6.5 5.75228
      vertex -2.54581 6.5 5.75912
    endloop
  endfacet
  facet normal -0.130662 0 0.991427
    outer loop
      vertex -2.59771 -6.5 5.75228
      vertex -2.54581 -12.6276 5.75912
      vertex -2.54581 -6.5 5.75912
    endloop
  endfacet
  facet normal -0.130662 0 0.991427
    outer loop
      vertex -2.54581 -12.6276 5.75912
      vertex -2.59771 -6.5 5.75228
      vertex -2.59771 -12.6285 5.75228
    endloop
  endfacet
  facet normal 0.300537 0 -0.95377
    outer loop
      vertex -2.85521 -6.5 6.91382
      vertex -2.80529 -12.2454 6.92955
      vertex -2.85521 -12.2519 6.91382
    endloop
  endfacet
  facet normal 0.300537 0 -0.95377
    outer loop
      vertex -2.80529 -12.2454 6.92955
      vertex -2.85521 -6.5 6.91382
      vertex -2.80529 -6.5 6.92955
    endloop
  endfacet
  facet normal 0.300537 0 -0.95377
    outer loop
      vertex -2.85521 6.5 6.91382
      vertex -2.80529 12.2454 6.92955
      vertex -2.80529 6.5 6.92955
    endloop
  endfacet
  facet normal 0.300537 0 -0.95377
    outer loop
      vertex -2.80529 12.2454 6.92955
      vertex -2.85521 6.5 6.91382
      vertex -2.85521 12.2519 6.91382
    endloop
  endfacet
  facet normal -0.46175 0 -0.88701
    outer loop
      vertex -2.39643 -12.2602 6.89378
      vertex -2.35 -6.5 6.86961
      vertex -2.35 -12.2702 6.86961
    endloop
  endfacet
  facet normal -0.46175 0 -0.88701
    outer loop
      vertex -2.35 -6.5 6.86961
      vertex -2.39643 -12.2602 6.89378
      vertex -2.39643 -6.5 6.89378
    endloop
  endfacet
  facet normal -0.46175 -0 -0.88701
    outer loop
      vertex -2.39643 12.2602 6.89378
      vertex -2.35 6.5 6.86961
      vertex -2.39643 6.5 6.89378
    endloop
  endfacet
  facet normal -0.46175 0 -0.88701
    outer loop
      vertex -2.35 6.5 6.86961
      vertex -2.39643 12.2602 6.89378
      vertex -2.35 12.2702 6.86961
    endloop
  endfacet
  facet normal -0.991452 0 0.130474
    outer loop
      vertex -2.05911 -6.5 6.24581
      vertex -2.05228 -12.4926 6.29771
      vertex -2.05228 -6.5 6.29771
    endloop
  endfacet
  facet normal -0.991452 0 0.130474
    outer loop
      vertex -2.05228 -12.4926 6.29771
      vertex -2.05911 -6.5 6.24581
      vertex -2.05911 -12.5065 6.24581
    endloop
  endfacet
  facet normal -0.991452 0 0.130474
    outer loop
      vertex -2.05911 6.5 6.24581
      vertex -2.05228 12.4926 6.29771
      vertex -2.05911 12.5065 6.24581
    endloop
  endfacet
  facet normal -0.991452 0 0.130474
    outer loop
      vertex -2.05228 12.4926 6.29771
      vertex -2.05911 6.5 6.24581
      vertex -2.05228 6.5 6.29771
    endloop
  endfacet
  facet normal 0.537345 -0 0.843362
    outer loop
      vertex -2.99415 -12.6103 5.85851
      vertex -2.95 -6.5 5.83038
      vertex -2.99415 -6.5 5.85851
    endloop
  endfacet
  facet normal 0.537345 0 0.843362
    outer loop
      vertex -2.95 -6.5 5.83038
      vertex -2.99415 -12.6103 5.85851
      vertex -2.95 -12.6179 5.83038
    endloop
  endfacet
  facet normal 0.537345 0 0.843362
    outer loop
      vertex -2.99415 12.6103 5.85851
      vertex -2.95 6.5 5.83038
      vertex -2.95 12.6179 5.83038
    endloop
  endfacet
  facet normal 0.537345 0 0.843362
    outer loop
      vertex -2.95 6.5 5.83038
      vertex -2.99415 12.6103 5.85851
      vertex -2.99415 6.5 5.85851
    endloop
  endfacet
  facet normal -0.675681 0 0.737194
    outer loop
      vertex -2.26433 -6.5 5.89037
      vertex -2.22574 -12.5923 5.92574
      vertex -2.22574 -6.5 5.92574
    endloop
  endfacet
  facet normal -0.675681 0 0.737194
    outer loop
      vertex -2.22574 -12.5923 5.92574
      vertex -2.26433 -6.5 5.89037
      vertex -2.26433 -12.6018 5.89037
    endloop
  endfacet
  facet normal -0.675681 0 0.737194
    outer loop
      vertex -2.26433 6.5 5.89037
      vertex -2.22574 12.5923 5.92574
      vertex -2.26433 12.6018 5.89037
    endloop
  endfacet
  facet normal -0.675681 0 0.737194
    outer loop
      vertex -2.22574 12.5923 5.92574
      vertex -2.26433 6.5 5.89037
      vertex -2.22574 6.5 5.92574
    endloop
  endfacet
  facet normal 0.227005 -0.142663 -0.963388
    outer loop
      vertex -2.80529 -12.2454 6.92955
      vertex -2.75419 -12.2406 6.94088
      vertex -2.75684 -12.2409 6.9403
    endloop
  endfacet
  facet normal 0.216465 0 -0.97629
    outer loop
      vertex -2.75419 -12.2406 6.94088
      vertex -2.80529 -12.2454 6.92955
      vertex -2.80529 -6.5 6.92955
    endloop
  endfacet
  facet normal 0.216465 0 -0.97629
    outer loop
      vertex -2.75419 -12.2406 6.94088
      vertex -2.80529 -6.5 6.92955
      vertex -2.75419 -6.5 6.94088
    endloop
  endfacet
  facet normal 0.216465 0 -0.97629
    outer loop
      vertex -2.80529 6.5 6.92955
      vertex -2.75419 12.2406 6.94088
      vertex -2.75419 6.5 6.94088
    endloop
  endfacet
  facet normal 0.216465 0 -0.97629
    outer loop
      vertex -2.80529 12.2454 6.92955
      vertex -2.75419 12.2406 6.94088
      vertex -2.80529 6.5 6.92955
    endloop
  endfacet
  facet normal 0.227005 0.142663 -0.963388
    outer loop
      vertex -2.75419 12.2406 6.94088
      vertex -2.80529 12.2454 6.92955
      vertex -2.75684 12.2409 6.9403
    endloop
  endfacet
  facet normal -0.97629 0 -0.216465
    outer loop
      vertex -2.05911 -6.5 6.45419
      vertex -2.07044 -12.4211 6.50529
      vertex -2.07044 -6.5 6.50529
    endloop
  endfacet
  facet normal -0.97629 0 -0.216465
    outer loop
      vertex -2.07044 -12.4211 6.50529
      vertex -2.05911 -6.5 6.45419
      vertex -2.05911 -12.4423 6.45419
    endloop
  endfacet
  facet normal -0.97629 0 -0.216465
    outer loop
      vertex -2.05911 6.5 6.45419
      vertex -2.07044 12.4211 6.50529
      vertex -2.05911 12.4423 6.45419
    endloop
  endfacet
  facet normal -0.97629 -0 -0.216465
    outer loop
      vertex -2.07044 12.4211 6.50529
      vertex -2.05911 6.5 6.45419
      vertex -2.07044 6.5 6.50529
    endloop
  endfacet
  facet normal -0.999051 0 -0.0435616
    outer loop
      vertex -2.05 -6.5 6.35
      vertex -2.05228 -12.4638 6.40229
      vertex -2.05228 -6.5 6.40229
    endloop
  endfacet
  facet normal -0.999051 0 -0.0435616
    outer loop
      vertex -2.05 -12.4786 6.35
      vertex -2.05228 -12.4638 6.40229
      vertex -2.05 -6.5 6.35
    endloop
  endfacet
  facet normal -0.998986 0.00440729 -0.0448062
    outer loop
      vertex -2.05228 -12.4638 6.40229
      vertex -2.05 -12.4786 6.35
      vertex -2.05203 -12.4662 6.39648
    endloop
  endfacet
  facet normal -0.998986 -0.00440729 -0.0448062
    outer loop
      vertex -2.05 12.4786 6.35
      vertex -2.05228 12.4638 6.40229
      vertex -2.05203 12.4662 6.39648
    endloop
  endfacet
  facet normal -0.999051 0 -0.0435616
    outer loop
      vertex -2.05 6.5 6.35
      vertex -2.05228 12.4638 6.40229
      vertex -2.05 12.4786 6.35
    endloop
  endfacet
  facet normal -0.999051 -0 -0.0435616
    outer loop
      vertex -2.05228 12.4638 6.40229
      vertex -2.05 6.5 6.35
      vertex -2.05228 6.5 6.40229
    endloop
  endfacet
  facet normal 0.953661 -0 0.300885
    outer loop
      vertex -3.22956 -12.5202 6.19471
      vertex -3.21381 -6.5 6.14479
      vertex -3.22956 -6.5 6.19471
    endloop
  endfacet
  facet normal 0.953661 0 0.300885
    outer loop
      vertex -3.21381 -6.5 6.14479
      vertex -3.22956 -12.5202 6.19471
      vertex -3.21381 -12.5336 6.14479
    endloop
  endfacet
  facet normal 0.953661 0 0.300885
    outer loop
      vertex -3.21381 6.5 6.14479
      vertex -3.22956 12.5202 6.19471
      vertex -3.22956 6.5 6.19471
    endloop
  endfacet
  facet normal 0.953661 0 0.300885
    outer loop
      vertex -3.22956 12.5202 6.19471
      vertex -3.21381 6.5 6.14479
      vertex -3.21381 12.5336 6.14479
    endloop
  endfacet
  facet normal -0.999051 0 0.0435616
    outer loop
      vertex -2.05228 -6.5 6.29771
      vertex -2.05 -12.4786 6.35
      vertex -2.05 -6.5 6.35
    endloop
  endfacet
  facet normal -0.999051 0 0.0435616
    outer loop
      vertex -2.05 -12.4786 6.35
      vertex -2.05228 -6.5 6.29771
      vertex -2.05228 -12.4926 6.29771
    endloop
  endfacet
  facet normal -0.999051 0 0.0435616
    outer loop
      vertex -2.05228 6.5 6.29771
      vertex -2.05 12.4786 6.35
      vertex -2.05228 12.4926 6.29771
    endloop
  endfacet
  facet normal -0.999051 0 0.0435616
    outer loop
      vertex -2.05 12.4786 6.35
      vertex -2.05228 6.5 6.29771
      vertex -2.05 6.5 6.35
    endloop
  endfacet
  facet normal -0.227005 -0.142663 -0.963388
    outer loop
      vertex -2.54581 -12.2406 6.94088
      vertex -2.49471 -12.2454 6.92955
      vertex -2.54316 -12.2409 6.9403
    endloop
  endfacet
  facet normal -0.216465 0 -0.97629
    outer loop
      vertex -2.49471 -12.2454 6.92955
      vertex -2.54581 -12.2406 6.94088
      vertex -2.49471 -6.5 6.92955
    endloop
  endfacet
  facet normal -0.216465 0 -0.97629
    outer loop
      vertex -2.49471 -6.5 6.92955
      vertex -2.54581 -12.2406 6.94088
      vertex -2.54581 -6.5 6.94088
    endloop
  endfacet
  facet normal -0.216465 0 -0.97629
    outer loop
      vertex -2.54581 12.2406 6.94088
      vertex -2.49471 12.2454 6.92955
      vertex -2.49471 6.5 6.92955
    endloop
  endfacet
  facet normal -0.216465 -0 -0.97629
    outer loop
      vertex -2.54581 12.2406 6.94088
      vertex -2.49471 6.5 6.92955
      vertex -2.54581 6.5 6.94088
    endloop
  endfacet
  facet normal -0.227005 0.142663 -0.963388
    outer loop
      vertex -2.49471 12.2454 6.92955
      vertex -2.54581 12.2406 6.94088
      vertex -2.54316 12.2409 6.9403
    endloop
  endfacet
  facet normal 0.537209 0 -0.843449
    outer loop
      vertex -2.99415 -6.5 6.84149
      vertex -2.95 -12.2702 6.86961
      vertex -2.99415 -12.2818 6.84149
    endloop
  endfacet
  facet normal 0.537209 0 -0.843449
    outer loop
      vertex -2.95 -12.2702 6.86961
      vertex -2.99415 -6.5 6.84149
      vertex -2.95 -6.5 6.86961
    endloop
  endfacet
  facet normal 0.537209 0 -0.843449
    outer loop
      vertex -2.99415 6.5 6.84149
      vertex -2.95 12.2702 6.86961
      vertex -2.95 6.5 6.86961
    endloop
  endfacet
  facet normal 0.537209 0 -0.843449
    outer loop
      vertex -2.95 12.2702 6.86961
      vertex -2.99415 6.5 6.84149
      vertex -2.99415 12.2818 6.84149
    endloop
  endfacet
  facet normal 0.382824 0 -0.923821
    outer loop
      vertex -2.90357 -6.5 6.89378
      vertex -2.85521 -12.2519 6.91382
      vertex -2.90357 -12.2602 6.89378
    endloop
  endfacet
  facet normal 0.382824 0 -0.923821
    outer loop
      vertex -2.85521 -12.2519 6.91382
      vertex -2.90357 -6.5 6.89378
      vertex -2.85521 -6.5 6.91382
    endloop
  endfacet
  facet normal 0.382824 0 -0.923821
    outer loop
      vertex -2.90357 6.5 6.89378
      vertex -2.85521 12.2519 6.91382
      vertex -2.85521 6.5 6.91382
    endloop
  endfacet
  facet normal 0.382824 0 -0.923821
    outer loop
      vertex -2.85521 12.2519 6.91382
      vertex -2.90357 6.5 6.89378
      vertex -2.90357 12.2602 6.89378
    endloop
  endfacet
  facet normal 0.737194 0 -0.675681
    outer loop
      vertex -3.07426 -12.3097 6.77426
      vertex -3.10963 -6.5 6.73567
      vertex -3.07426 -6.5 6.77426
    endloop
  endfacet
  facet normal 0.737194 0 -0.675681
    outer loop
      vertex -3.10963 -6.5 6.73567
      vertex -3.07426 -12.3097 6.77426
      vertex -3.10963 -12.3257 6.73567
    endloop
  endfacet
  facet normal 0.737194 0 -0.675681
    outer loop
      vertex -3.10963 6.5 6.73567
      vertex -3.07426 12.3097 6.77426
      vertex -3.07426 6.5 6.77426
    endloop
  endfacet
  facet normal 0.737194 0 -0.675681
    outer loop
      vertex -3.07426 12.3097 6.77426
      vertex -3.10963 6.5 6.73567
      vertex -3.10963 12.3257 6.73567
    endloop
  endfacet
  facet normal 0.130662 0 -0.991427
    outer loop
      vertex -2.75419 -6.5 6.94088
      vertex -2.70229 -12.2366 6.94772
      vertex -2.75419 -12.2406 6.94088
    endloop
  endfacet
  facet normal 0.130662 0 -0.991427
    outer loop
      vertex -2.70229 -12.2366 6.94772
      vertex -2.75419 -6.5 6.94088
      vertex -2.70229 -6.5 6.94772
    endloop
  endfacet
  facet normal 0.130662 0 -0.991427
    outer loop
      vertex -2.75419 6.5 6.94088
      vertex -2.70229 12.2366 6.94772
      vertex -2.70229 6.5 6.94772
    endloop
  endfacet
  facet normal 0.130662 0 -0.991427
    outer loop
      vertex -2.70229 12.2366 6.94772
      vertex -2.75419 6.5 6.94088
      vertex -2.75419 12.2406 6.94088
    endloop
  endfacet
  facet normal -0.793348 0 -0.608768
    outer loop
      vertex -2.15851 -6.5 6.69415
      vertex -2.19037 -12.3257 6.73567
      vertex -2.19037 -6.5 6.73567
    endloop
  endfacet
  facet normal -0.793348 0 -0.608768
    outer loop
      vertex -2.19037 -12.3257 6.73567
      vertex -2.15851 -6.5 6.69415
      vertex -2.15851 -12.3429 6.69415
    endloop
  endfacet
  facet normal -0.793348 0 -0.608768
    outer loop
      vertex -2.15851 6.5 6.69415
      vertex -2.19037 12.3257 6.73567
      vertex -2.15851 12.3429 6.69415
    endloop
  endfacet
  facet normal -0.793348 -0 -0.608768
    outer loop
      vertex -2.19037 12.3257 6.73567
      vertex -2.15851 6.5 6.69415
      vertex -2.19037 6.5 6.73567
    endloop
  endfacet
  facet normal 0.608768 -0 0.793348
    outer loop
      vertex -3.03567 -12.6018 5.89037
      vertex -2.99415 -6.5 5.85851
      vertex -3.03567 -6.5 5.89037
    endloop
  endfacet
  facet normal 0.608768 0 0.793348
    outer loop
      vertex -2.99415 -6.5 5.85851
      vertex -3.03567 -12.6018 5.89037
      vertex -2.99415 -12.6103 5.85851
    endloop
  endfacet
  facet normal 0.608768 0 0.793348
    outer loop
      vertex -3.03567 12.6018 5.89037
      vertex -2.99415 6.5 5.85851
      vertex -2.99415 12.6103 5.85851
    endloop
  endfacet
  facet normal 0.608768 0 0.793348
    outer loop
      vertex -2.99415 6.5 5.85851
      vertex -3.03567 12.6018 5.89037
      vertex -3.03567 6.5 5.89037
    endloop
  endfacet
  facet normal -0.460888 0.0114747 0.887384
    outer loop
      vertex -2.39643 12.6214 5.80622
      vertex -2.35 12.6179 5.83038
      vertex -2.35476 12.6185 5.8279
    endloop
  endfacet
  facet normal -0.461599 0 0.887089
    outer loop
      vertex -2.35 12.6179 5.83038
      vertex -2.39643 12.6214 5.80622
      vertex -2.39643 6.5 5.80622
    endloop
  endfacet
  facet normal -0.461599 0 0.887089
    outer loop
      vertex -2.35 12.6179 5.83038
      vertex -2.39643 6.5 5.80622
      vertex -2.35 6.5 5.83038
    endloop
  endfacet
  facet normal -0.461599 0 0.887089
    outer loop
      vertex -2.39643 -6.5 5.80622
      vertex -2.35 -12.6179 5.83038
      vertex -2.35 -6.5 5.83038
    endloop
  endfacet
  facet normal -0.461599 0 0.887089
    outer loop
      vertex -2.39643 -12.6214 5.80622
      vertex -2.35 -12.6179 5.83038
      vertex -2.39643 -6.5 5.80622
    endloop
  endfacet
  facet normal -0.460888 -0.0114747 0.887384
    outer loop
      vertex -2.35 -12.6179 5.83038
      vertex -2.39643 -12.6214 5.80622
      vertex -2.35476 -12.6185 5.8279
    endloop
  endfacet
  facet normal 0.991427 -0 0.130662
    outer loop
      vertex -3.24772 -12.4926 6.29771
      vertex -3.24088 -6.5 6.24581
      vertex -3.24772 -6.5 6.29771
    endloop
  endfacet
  facet normal 0.991427 0 0.130662
    outer loop
      vertex -3.24088 -6.5 6.24581
      vertex -3.24772 -12.4926 6.29771
      vertex -3.24088 -12.5065 6.24581
    endloop
  endfacet
  facet normal 0.991427 0 0.130662
    outer loop
      vertex -3.24088 6.5 6.24581
      vertex -3.24772 12.4926 6.29771
      vertex -3.24772 6.5 6.29771
    endloop
  endfacet
  facet normal 0.991427 0 0.130662
    outer loop
      vertex -3.24772 12.4926 6.29771
      vertex -3.24088 6.5 6.24581
      vertex -3.24088 12.5065 6.24581
    endloop
  endfacet
  facet normal -0.130662 0 -0.991427
    outer loop
      vertex -2.59771 -12.2366 6.94772
      vertex -2.54581 -6.5 6.94088
      vertex -2.54581 -12.2406 6.94088
    endloop
  endfacet
  facet normal -0.130662 0 -0.991427
    outer loop
      vertex -2.54581 -6.5 6.94088
      vertex -2.59771 -12.2366 6.94772
      vertex -2.59771 -6.5 6.94772
    endloop
  endfacet
  facet normal -0.130662 -0 -0.991427
    outer loop
      vertex -2.59771 12.2366 6.94772
      vertex -2.54581 6.5 6.94088
      vertex -2.59771 6.5 6.94772
    endloop
  endfacet
  facet normal -0.130662 0 -0.991427
    outer loop
      vertex -2.54581 6.5 6.94088
      vertex -2.59771 12.2366 6.94772
      vertex -2.54581 12.2406 6.94088
    endloop
  endfacet
  facet normal -0.843362 0 0.537345
    outer loop
      vertex -2.15851 -6.5 6.00585
      vertex -2.13038 -12.559 6.05
      vertex -2.13038 -6.5 6.05
    endloop
  endfacet
  facet normal -0.843362 0 0.537345
    outer loop
      vertex -2.13038 -12.559 6.05
      vertex -2.15851 -6.5 6.00585
      vertex -2.15851 -12.5708 6.00585
    endloop
  endfacet
  facet normal -0.843362 0 0.537345
    outer loop
      vertex -2.15851 6.5 6.00585
      vertex -2.13038 12.559 6.05
      vertex -2.15851 12.5708 6.00585
    endloop
  endfacet
  facet normal -0.843362 0 0.537345
    outer loop
      vertex -2.13038 12.559 6.05
      vertex -2.15851 6.5 6.00585
      vertex -2.13038 6.5 6.05
    endloop
  endfacet
  facet normal -0.923889 0 -0.382661
    outer loop
      vertex -2.08618 -6.5 6.55521
      vertex -2.10621 -12.3804 6.60357
      vertex -2.10621 -6.5 6.60357
    endloop
  endfacet
  facet normal -0.923889 0 -0.382661
    outer loop
      vertex -2.10621 -12.3804 6.60357
      vertex -2.08618 -6.5 6.55521
      vertex -2.08618 -12.4004 6.55521
    endloop
  endfacet
  facet normal -0.923889 0 -0.382661
    outer loop
      vertex -2.08618 6.5 6.55521
      vertex -2.10621 12.3804 6.60357
      vertex -2.08618 12.4004 6.55521
    endloop
  endfacet
  facet normal -0.923889 -0 -0.382661
    outer loop
      vertex -2.10621 12.3804 6.60357
      vertex -2.08618 6.5 6.55521
      vertex -2.10621 6.5 6.60357
    endloop
  endfacet
  facet normal -0.737194 0 0.675681
    outer loop
      vertex -2.22574 -6.5 5.92574
      vertex -2.19037 -12.582 5.96433
      vertex -2.19037 -6.5 5.96433
    endloop
  endfacet
  facet normal -0.737194 0 0.675681
    outer loop
      vertex -2.19037 -12.582 5.96433
      vertex -2.22574 -6.5 5.92574
      vertex -2.22574 -12.5923 5.92574
    endloop
  endfacet
  facet normal -0.737194 0 0.675681
    outer loop
      vertex -2.22574 6.5 5.92574
      vertex -2.19037 12.582 5.96433
      vertex -2.22574 12.5923 5.92574
    endloop
  endfacet
  facet normal -0.737194 0 0.675681
    outer loop
      vertex -2.19037 12.582 5.96433
      vertex -2.22574 6.5 5.92574
      vertex -2.19037 6.5 5.96433
    endloop
  endfacet
  facet normal 0.923889 0 -0.382661
    outer loop
      vertex -3.19378 -12.3804 6.60357
      vertex -3.21381 -6.5 6.55521
      vertex -3.19378 -6.5 6.60357
    endloop
  endfacet
  facet normal 0.923889 0 -0.382661
    outer loop
      vertex -3.21381 -6.5 6.55521
      vertex -3.19378 -12.3804 6.60357
      vertex -3.21381 -12.4004 6.55521
    endloop
  endfacet
  facet normal 0.923889 0 -0.382661
    outer loop
      vertex -3.21381 6.5 6.55521
      vertex -3.19378 12.3804 6.60357
      vertex -3.19378 6.5 6.60357
    endloop
  endfacet
  facet normal 0.923889 0 -0.382661
    outer loop
      vertex -3.19378 12.3804 6.60357
      vertex -3.21381 6.5 6.55521
      vertex -3.21381 12.4004 6.55521
    endloop
  endfacet
  facet normal -0.953715 0 -0.300711
    outer loop
      vertex -2.07044 -6.5 6.50529
      vertex -2.08618 -12.4004 6.55521
      vertex -2.08618 -6.5 6.55521
    endloop
  endfacet
  facet normal -0.953715 0 -0.300711
    outer loop
      vertex -2.08618 -12.4004 6.55521
      vertex -2.07044 -6.5 6.50529
      vertex -2.07044 -12.4211 6.50529
    endloop
  endfacet
  facet normal -0.953715 0 -0.300711
    outer loop
      vertex -2.07044 6.5 6.50529
      vertex -2.08618 12.4004 6.55521
      vertex -2.07044 12.4211 6.50529
    endloop
  endfacet
  facet normal -0.953715 -0 -0.300711
    outer loop
      vertex -2.08618 12.4004 6.55521
      vertex -2.07044 6.5 6.50529
      vertex -2.08618 6.5 6.55521
    endloop
  endfacet
  facet normal -0.0435616 0 -0.999051
    outer loop
      vertex -2.65 -12.2353 6.95
      vertex -2.59771 -6.5 6.94772
      vertex -2.59771 -12.2366 6.94772
    endloop
  endfacet
  facet normal -0.0435616 0 -0.999051
    outer loop
      vertex -2.59771 -6.5 6.94772
      vertex -2.65 -12.2353 6.95
      vertex -2.65 -6.5 6.95
    endloop
  endfacet
  facet normal -0.0435616 -0 -0.999051
    outer loop
      vertex -2.65 12.2353 6.95
      vertex -2.59771 6.5 6.94772
      vertex -2.65 6.5 6.95
    endloop
  endfacet
  facet normal -0.0435616 0 -0.999051
    outer loop
      vertex -2.59771 6.5 6.94772
      vertex -2.65 12.2353 6.95
      vertex -2.59771 12.2366 6.94772
    endloop
  endfacet
  facet normal 0.675681 0 -0.737194
    outer loop
      vertex -3.07426 -6.5 6.77426
      vertex -3.03567 -12.295 6.80963
      vertex -3.07426 -12.3097 6.77426
    endloop
  endfacet
  facet normal 0.675681 0 -0.737194
    outer loop
      vertex -3.03567 -12.295 6.80963
      vertex -3.07426 -6.5 6.77426
      vertex -3.03567 -6.5 6.80963
    endloop
  endfacet
  facet normal 0.675681 0 -0.737194
    outer loop
      vertex -3.07426 6.5 6.77426
      vertex -3.03567 12.295 6.80963
      vertex -3.03567 6.5 6.80963
    endloop
  endfacet
  facet normal 0.675681 0 -0.737194
    outer loop
      vertex -3.03567 12.295 6.80963
      vertex -3.07426 6.5 6.77426
      vertex -3.07426 12.3097 6.77426
    endloop
  endfacet
  facet normal 0.300711 -0 0.953715
    outer loop
      vertex -2.85521 -12.624 5.78618
      vertex -2.80529 -6.5 5.77044
      vertex -2.85521 -6.5 5.78618
    endloop
  endfacet
  facet normal 0.300711 0 0.953715
    outer loop
      vertex -2.80529 -6.5 5.77044
      vertex -2.85521 -12.624 5.78618
      vertex -2.80529 -12.6261 5.77044
    endloop
  endfacet
  facet normal 0.300711 0 0.953715
    outer loop
      vertex -2.85521 12.624 5.78618
      vertex -2.80529 6.5 5.77044
      vertex -2.80529 12.6261 5.77044
    endloop
  endfacet
  facet normal 0.300711 0 0.953715
    outer loop
      vertex -2.80529 6.5 5.77044
      vertex -2.85521 12.624 5.78618
      vertex -2.85521 6.5 5.78618
    endloop
  endfacet
  facet normal -0.216283 0 0.976331
    outer loop
      vertex -2.54581 -6.5 5.75912
      vertex -2.49471 -12.6261 5.77044
      vertex -2.49471 -6.5 5.77044
    endloop
  endfacet
  facet normal -0.216283 0 0.976331
    outer loop
      vertex -2.49471 -12.6261 5.77044
      vertex -2.54581 -6.5 5.75912
      vertex -2.54581 -12.6276 5.75912
    endloop
  endfacet
  facet normal -0.216283 0 0.976331
    outer loop
      vertex -2.54581 6.5 5.75912
      vertex -2.49471 12.6261 5.77044
      vertex -2.54581 12.6276 5.75912
    endloop
  endfacet
  facet normal -0.216283 0 0.976331
    outer loop
      vertex -2.49471 12.6261 5.77044
      vertex -2.54581 6.5 5.75912
      vertex -2.49471 6.5 5.77044
    endloop
  endfacet
  facet normal -0.382824 0 0.923821
    outer loop
      vertex -2.44479 6.5 5.78618
      vertex -2.39643 12.6214 5.80622
      vertex -2.44479 12.624 5.78618
    endloop
  endfacet
  facet normal -0.382824 0 0.923821
    outer loop
      vertex -2.39643 12.6214 5.80622
      vertex -2.44479 6.5 5.78618
      vertex -2.39643 6.5 5.80622
    endloop
  endfacet
  facet normal -0.382824 0 0.923821
    outer loop
      vertex -2.44479 -6.5 5.78618
      vertex -2.39643 -12.6214 5.80622
      vertex -2.39643 -6.5 5.80622
    endloop
  endfacet
  facet normal -0.382824 0 0.923821
    outer loop
      vertex -2.39643 -12.6214 5.80622
      vertex -2.44479 -6.5 5.78618
      vertex -2.44479 -12.624 5.78618
    endloop
  endfacet
  facet normal 0.976331 0 -0.216283
    outer loop
      vertex -3.22956 -12.4211 6.50529
      vertex -3.24088 -6.5 6.45419
      vertex -3.22956 -6.5 6.50529
    endloop
  endfacet
  facet normal 0.976331 0 -0.216283
    outer loop
      vertex -3.24088 -6.5 6.45419
      vertex -3.22956 -12.4211 6.50529
      vertex -3.24088 -12.4423 6.45419
    endloop
  endfacet
  facet normal 0.976331 0 -0.216283
    outer loop
      vertex -3.24088 6.5 6.45419
      vertex -3.22956 12.4211 6.50529
      vertex -3.22956 6.5 6.50529
    endloop
  endfacet
  facet normal 0.976331 0 -0.216283
    outer loop
      vertex -3.22956 12.4211 6.50529
      vertex -3.24088 6.5 6.45419
      vertex -3.24088 12.4423 6.45419
    endloop
  endfacet
  facet normal -0.537209 0 -0.843449
    outer loop
      vertex -2.35 -12.2702 6.86961
      vertex -2.30585 -6.5 6.84149
      vertex -2.30585 -12.2818 6.84149
    endloop
  endfacet
  facet normal -0.537209 0 -0.843449
    outer loop
      vertex -2.30585 -6.5 6.84149
      vertex -2.35 -12.2702 6.86961
      vertex -2.35 -6.5 6.86961
    endloop
  endfacet
  facet normal -0.537209 -0 -0.843449
    outer loop
      vertex -2.35 12.2702 6.86961
      vertex -2.30585 6.5 6.84149
      vertex -2.35 6.5 6.86961
    endloop
  endfacet
  facet normal -0.537209 0 -0.843449
    outer loop
      vertex -2.30585 6.5 6.84149
      vertex -2.35 12.2702 6.86961
      vertex -2.30585 12.2818 6.84149
    endloop
  endfacet
  facet normal 0.0435616 0 -0.999051
    outer loop
      vertex -2.70229 -6.5 6.94772
      vertex -2.65 -12.2353 6.95
      vertex -2.70229 -12.2366 6.94772
    endloop
  endfacet
  facet normal 0.0435616 0 -0.999051
    outer loop
      vertex -2.65 -12.2353 6.95
      vertex -2.70229 -6.5 6.94772
      vertex -2.65 -6.5 6.95
    endloop
  endfacet
  facet normal 0.0435616 0 -0.999051
    outer loop
      vertex -2.70229 6.5 6.94772
      vertex -2.65 12.2353 6.95
      vertex -2.65 6.5 6.95
    endloop
  endfacet
  facet normal 0.0435616 0 -0.999051
    outer loop
      vertex -2.65 12.2353 6.95
      vertex -2.70229 6.5 6.94772
      vertex -2.70229 12.2366 6.94772
    endloop
  endfacet
  facet normal -0.97629 0 0.216465
    outer loop
      vertex -2.07044 -6.5 6.19471
      vertex -2.05911 -12.5065 6.24581
      vertex -2.05911 -6.5 6.24581
    endloop
  endfacet
  facet normal -0.97629 0 0.216465
    outer loop
      vertex -2.05911 -12.5065 6.24581
      vertex -2.07044 -6.5 6.19471
      vertex -2.07044 -12.5202 6.19471
    endloop
  endfacet
  facet normal -0.97629 0 0.216465
    outer loop
      vertex -2.07044 6.5 6.19471
      vertex -2.05911 12.5065 6.24581
      vertex -2.07044 12.5202 6.19471
    endloop
  endfacet
  facet normal -0.97629 0 0.216465
    outer loop
      vertex -2.05911 12.5065 6.24581
      vertex -2.07044 6.5 6.19471
      vertex -2.05911 6.5 6.24581
    endloop
  endfacet
  facet normal -0.0435616 0 0.999051
    outer loop
      vertex -2.65 12.6288 5.75
      vertex -2.59771 6.5 5.75228
      vertex -2.59771 12.6285 5.75228
    endloop
  endfacet
  facet normal -0.0435616 0 0.999051
    outer loop
      vertex -2.59771 6.5 5.75228
      vertex -2.65 12.6288 5.75
      vertex -2.65 6.5 5.75
    endloop
  endfacet
  facet normal -0.0435616 0 0.999051
    outer loop
      vertex -2.65 -6.5 5.75
      vertex -2.59771 -12.6285 5.75228
      vertex -2.59771 -6.5 5.75228
    endloop
  endfacet
  facet normal -0.0435616 0 0.999051
    outer loop
      vertex -2.59771 -12.6285 5.75228
      vertex -2.65 -6.5 5.75
      vertex -2.65 -12.6288 5.75
    endloop
  endfacet
  facet normal 0.0435616 0 0.999051
    outer loop
      vertex -2.70229 12.6285 5.75228
      vertex -2.65 6.5 5.75
      vertex -2.65 12.6288 5.75
    endloop
  endfacet
  facet normal 0.0435616 0 0.999051
    outer loop
      vertex -2.65 6.5 5.75
      vertex -2.70229 12.6285 5.75228
      vertex -2.70229 6.5 5.75228
    endloop
  endfacet
  facet normal 0.0435616 0 0.999051
    outer loop
      vertex -2.70229 -6.5 5.75228
      vertex -2.65 -12.6288 5.75
      vertex -2.65 -6.5 5.75
    endloop
  endfacet
  facet normal 0.0435616 0 0.999051
    outer loop
      vertex -2.65 -12.6288 5.75
      vertex -2.70229 -6.5 5.75228
      vertex -2.70229 -12.6285 5.75228
    endloop
  endfacet
  facet normal -0.843362 0 -0.537345
    outer loop
      vertex -2.13038 -6.5 6.65
      vertex -2.15851 -12.3429 6.69415
      vertex -2.15851 -6.5 6.69415
    endloop
  endfacet
  facet normal -0.843362 0 -0.537345
    outer loop
      vertex -2.15851 -12.3429 6.69415
      vertex -2.13038 -6.5 6.65
      vertex -2.13038 -12.3612 6.65
    endloop
  endfacet
  facet normal -0.843362 0 -0.537345
    outer loop
      vertex -2.13038 6.5 6.65
      vertex -2.15851 12.3429 6.69415
      vertex -2.13038 12.3612 6.65
    endloop
  endfacet
  facet normal -0.843362 -0 -0.537345
    outer loop
      vertex -2.15851 12.3429 6.69415
      vertex -2.13038 6.5 6.65
      vertex -2.15851 6.5 6.69415
    endloop
  endfacet
  facet normal 0.130662 0 0.991427
    outer loop
      vertex -2.75419 12.6276 5.75912
      vertex -2.70229 6.5 5.75228
      vertex -2.70229 12.6285 5.75228
    endloop
  endfacet
  facet normal 0.130662 0 0.991427
    outer loop
      vertex -2.70229 6.5 5.75228
      vertex -2.75419 12.6276 5.75912
      vertex -2.75419 6.5 5.75912
    endloop
  endfacet
  facet normal 0.130662 -0 0.991427
    outer loop
      vertex -2.75419 -12.6276 5.75912
      vertex -2.70229 -6.5 5.75228
      vertex -2.75419 -6.5 5.75912
    endloop
  endfacet
  facet normal 0.130662 0 0.991427
    outer loop
      vertex -2.70229 -6.5 5.75228
      vertex -2.75419 -12.6276 5.75912
      vertex -2.70229 -12.6285 5.75228
    endloop
  endfacet
  facet normal 0.976331 -0 0.216283
    outer loop
      vertex -3.24088 -12.5065 6.24581
      vertex -3.22956 -6.5 6.19471
      vertex -3.24088 -6.5 6.24581
    endloop
  endfacet
  facet normal 0.976331 0 0.216283
    outer loop
      vertex -3.22956 -6.5 6.19471
      vertex -3.24088 -12.5065 6.24581
      vertex -3.22956 -12.5202 6.19471
    endloop
  endfacet
  facet normal 0.976331 0 0.216283
    outer loop
      vertex -3.22956 6.5 6.19471
      vertex -3.24088 12.5065 6.24581
      vertex -3.24088 6.5 6.24581
    endloop
  endfacet
  facet normal 0.976331 0 0.216283
    outer loop
      vertex -3.24088 12.5065 6.24581
      vertex -3.22956 6.5 6.19471
      vertex -3.22956 12.5202 6.19471
    endloop
  endfacet
  facet normal 0.953661 0 -0.300885
    outer loop
      vertex -3.21381 -12.4004 6.55521
      vertex -3.22956 -6.5 6.50529
      vertex -3.21381 -6.5 6.55521
    endloop
  endfacet
  facet normal 0.953661 0 -0.300885
    outer loop
      vertex -3.22956 -6.5 6.50529
      vertex -3.21381 -12.4004 6.55521
      vertex -3.22956 -12.4211 6.50529
    endloop
  endfacet
  facet normal 0.953661 0 -0.300885
    outer loop
      vertex -3.22956 6.5 6.50529
      vertex -3.21381 12.4004 6.55521
      vertex -3.21381 6.5 6.55521
    endloop
  endfacet
  facet normal 0.953661 0 -0.300885
    outer loop
      vertex -3.21381 12.4004 6.55521
      vertex -3.22956 6.5 6.50529
      vertex -3.22956 12.4211 6.50529
    endloop
  endfacet
  facet normal 0.88701 -0 0.46175
    outer loop
      vertex -3.19378 -12.5466 6.09643
      vertex -3.16961 -6.5 6.05
      vertex -3.19378 -6.5 6.09643
    endloop
  endfacet
  facet normal 0.88701 0 0.46175
    outer loop
      vertex -3.16961 -6.5 6.05
      vertex -3.19378 -12.5466 6.09643
      vertex -3.16961 -12.559 6.05
    endloop
  endfacet
  facet normal 0.88701 0 0.46175
    outer loop
      vertex -3.16961 6.5 6.05
      vertex -3.19378 12.5466 6.09643
      vertex -3.19378 6.5 6.09643
    endloop
  endfacet
  facet normal 0.88701 0 0.46175
    outer loop
      vertex -3.19378 12.5466 6.09643
      vertex -3.16961 6.5 6.05
      vertex -3.16961 12.559 6.05
    endloop
  endfacet
  facet normal -0.675681 0 -0.737194
    outer loop
      vertex -2.26433 -12.295 6.80963
      vertex -2.22574 -6.5 6.77426
      vertex -2.22574 -12.3097 6.77426
    endloop
  endfacet
  facet normal -0.675681 0 -0.737194
    outer loop
      vertex -2.22574 -6.5 6.77426
      vertex -2.26433 -12.295 6.80963
      vertex -2.26433 -6.5 6.80963
    endloop
  endfacet
  facet normal -0.675681 -0 -0.737194
    outer loop
      vertex -2.26433 12.295 6.80963
      vertex -2.22574 6.5 6.77426
      vertex -2.26433 6.5 6.80963
    endloop
  endfacet
  facet normal -0.675681 0 -0.737194
    outer loop
      vertex -2.22574 6.5 6.77426
      vertex -2.26433 12.295 6.80963
      vertex -2.22574 12.3097 6.77426
    endloop
  endfacet
  facet normal -0.737194 0 -0.675681
    outer loop
      vertex -2.19037 -6.5 6.73567
      vertex -2.22574 -12.3097 6.77426
      vertex -2.22574 -6.5 6.77426
    endloop
  endfacet
  facet normal -0.737194 0 -0.675681
    outer loop
      vertex -2.22574 -12.3097 6.77426
      vertex -2.19037 -6.5 6.73567
      vertex -2.19037 -12.3257 6.73567
    endloop
  endfacet
  facet normal -0.737194 0 -0.675681
    outer loop
      vertex -2.19037 6.5 6.73567
      vertex -2.22574 12.3097 6.77426
      vertex -2.19037 12.3257 6.73567
    endloop
  endfacet
  facet normal -0.737194 -0 -0.675681
    outer loop
      vertex -2.22574 12.3097 6.77426
      vertex -2.19037 6.5 6.73567
      vertex -2.22574 6.5 6.77426
    endloop
  endfacet
  facet normal -0.88701 0 -0.46175
    outer loop
      vertex -2.10621 -6.5 6.60357
      vertex -2.13038 -12.3612 6.65
      vertex -2.13038 -6.5 6.65
    endloop
  endfacet
  facet normal -0.88701 0 -0.46175
    outer loop
      vertex -2.13038 -12.3612 6.65
      vertex -2.10621 -6.5 6.60357
      vertex -2.10621 -12.3804 6.60357
    endloop
  endfacet
  facet normal -0.88701 0 -0.46175
    outer loop
      vertex -2.10621 6.5 6.60357
      vertex -2.13038 12.3612 6.65
      vertex -2.10621 12.3804 6.60357
    endloop
  endfacet
  facet normal -0.88701 -0 -0.46175
    outer loop
      vertex -2.13038 12.3612 6.65
      vertex -2.10621 6.5 6.60357
      vertex -2.13038 6.5 6.65
    endloop
  endfacet
  facet normal -0.537345 0 0.843362
    outer loop
      vertex -2.35 -6.5 5.83038
      vertex -2.30585 -12.6103 5.85851
      vertex -2.30585 -6.5 5.85851
    endloop
  endfacet
  facet normal -0.537345 0 0.843362
    outer loop
      vertex -2.30585 -12.6103 5.85851
      vertex -2.35 -6.5 5.83038
      vertex -2.35 -12.6179 5.83038
    endloop
  endfacet
  facet normal -0.537345 0 0.843362
    outer loop
      vertex -2.35 6.5 5.83038
      vertex -2.30585 12.6103 5.85851
      vertex -2.35 12.6179 5.83038
    endloop
  endfacet
  facet normal -0.537345 0 0.843362
    outer loop
      vertex -2.30585 12.6103 5.85851
      vertex -2.35 6.5 5.83038
      vertex -2.30585 6.5 5.85851
    endloop
  endfacet
  facet normal 0.999051 0 -0.0435616
    outer loop
      vertex -3.24772 -12.4638 6.40229
      vertex -3.25 -6.5 6.35
      vertex -3.24772 -6.5 6.40229
    endloop
  endfacet
  facet normal 0.998986 0.00440729 -0.0448062
    outer loop
      vertex -3.25 -12.4786 6.35
      vertex -3.24772 -12.4638 6.40229
      vertex -3.24797 -12.4662 6.39648
    endloop
  endfacet
  facet normal 0.999051 0 -0.0435616
    outer loop
      vertex -3.24772 -12.4638 6.40229
      vertex -3.25 -12.4786 6.35
      vertex -3.25 -6.5 6.35
    endloop
  endfacet
  facet normal 0.998986 -0.00440729 -0.0448062
    outer loop
      vertex -3.24772 12.4638 6.40229
      vertex -3.25 12.4786 6.35
      vertex -3.24797 12.4662 6.39648
    endloop
  endfacet
  facet normal 0.999051 0 -0.0435616
    outer loop
      vertex -3.25 6.5 6.35
      vertex -3.24772 12.4638 6.40229
      vertex -3.24772 6.5 6.40229
    endloop
  endfacet
  facet normal 0.999051 0 -0.0435616
    outer loop
      vertex -3.24772 12.4638 6.40229
      vertex -3.25 6.5 6.35
      vertex -3.25 12.4786 6.35
    endloop
  endfacet
  facet normal -0.953715 0 0.300711
    outer loop
      vertex -2.08618 -6.5 6.14479
      vertex -2.07044 -12.5202 6.19471
      vertex -2.07044 -6.5 6.19471
    endloop
  endfacet
  facet normal -0.953715 0 0.300711
    outer loop
      vertex -2.07044 -12.5202 6.19471
      vertex -2.08618 -6.5 6.14479
      vertex -2.08618 -12.5336 6.14479
    endloop
  endfacet
  facet normal -0.953715 0 0.300711
    outer loop
      vertex -2.08618 6.5 6.14479
      vertex -2.07044 12.5202 6.19471
      vertex -2.08618 12.5336 6.14479
    endloop
  endfacet
  facet normal -0.953715 0 0.300711
    outer loop
      vertex -2.07044 12.5202 6.19471
      vertex -2.08618 6.5 6.14479
      vertex -2.07044 6.5 6.19471
    endloop
  endfacet
  facet normal 0.923889 -0 0.382661
    outer loop
      vertex -3.21381 -12.5336 6.14479
      vertex -3.19378 -6.5 6.09643
      vertex -3.21381 -6.5 6.14479
    endloop
  endfacet
  facet normal 0.923889 0 0.382661
    outer loop
      vertex -3.19378 -6.5 6.09643
      vertex -3.21381 -12.5336 6.14479
      vertex -3.19378 -12.5466 6.09643
    endloop
  endfacet
  facet normal 0.923889 0 0.382661
    outer loop
      vertex -3.19378 6.5 6.09643
      vertex -3.21381 12.5336 6.14479
      vertex -3.21381 6.5 6.14479
    endloop
  endfacet
  facet normal 0.923889 0 0.382661
    outer loop
      vertex -3.21381 12.5336 6.14479
      vertex -3.19378 6.5 6.09643
      vertex -3.19378 12.5466 6.09643
    endloop
  endfacet
  facet normal -0.923889 0 0.382661
    outer loop
      vertex -2.10621 -6.5 6.09643
      vertex -2.08618 -12.5336 6.14479
      vertex -2.08618 -6.5 6.14479
    endloop
  endfacet
  facet normal -0.923889 0 0.382661
    outer loop
      vertex -2.08618 -12.5336 6.14479
      vertex -2.10621 -6.5 6.09643
      vertex -2.10621 -12.5466 6.09643
    endloop
  endfacet
  facet normal -0.923889 0 0.382661
    outer loop
      vertex -2.10621 6.5 6.09643
      vertex -2.08618 12.5336 6.14479
      vertex -2.10621 12.5466 6.09643
    endloop
  endfacet
  facet normal -0.923889 0 0.382661
    outer loop
      vertex -2.08618 12.5336 6.14479
      vertex -2.10621 6.5 6.09643
      vertex -2.08618 6.5 6.14479
    endloop
  endfacet
  facet normal 0.46175 0 -0.88701
    outer loop
      vertex -2.95 -6.5 6.86961
      vertex -2.90357 -12.2602 6.89378
      vertex -2.95 -12.2702 6.86961
    endloop
  endfacet
  facet normal 0.46175 0 -0.88701
    outer loop
      vertex -2.90357 -12.2602 6.89378
      vertex -2.95 -6.5 6.86961
      vertex -2.90357 -6.5 6.89378
    endloop
  endfacet
  facet normal 0.46175 0 -0.88701
    outer loop
      vertex -2.95 6.5 6.86961
      vertex -2.90357 12.2602 6.89378
      vertex -2.90357 6.5 6.89378
    endloop
  endfacet
  facet normal 0.46175 0 -0.88701
    outer loop
      vertex -2.90357 12.2602 6.89378
      vertex -2.95 6.5 6.86961
      vertex -2.95 12.2702 6.86961
    endloop
  endfacet
  facet normal -0.88701 0 0.46175
    outer loop
      vertex -2.13038 -6.5 6.05
      vertex -2.10621 -12.5466 6.09643
      vertex -2.10621 -6.5 6.09643
    endloop
  endfacet
  facet normal -0.88701 0 0.46175
    outer loop
      vertex -2.10621 -12.5466 6.09643
      vertex -2.13038 -6.5 6.05
      vertex -2.13038 -12.559 6.05
    endloop
  endfacet
  facet normal -0.88701 0 0.46175
    outer loop
      vertex -2.13038 6.5 6.05
      vertex -2.10621 12.5466 6.09643
      vertex -2.13038 12.559 6.05
    endloop
  endfacet
  facet normal -0.88701 0 0.46175
    outer loop
      vertex -2.10621 12.5466 6.09643
      vertex -2.13038 6.5 6.05
      vertex -2.10621 6.5 6.09643
    endloop
  endfacet
  facet normal 0.737194 -0 0.675681
    outer loop
      vertex -3.10963 -12.582 5.96433
      vertex -3.07426 -6.5 5.92574
      vertex -3.10963 -6.5 5.96433
    endloop
  endfacet
  facet normal 0.737194 0 0.675681
    outer loop
      vertex -3.07426 -6.5 5.92574
      vertex -3.10963 -12.582 5.96433
      vertex -3.07426 -12.5923 5.92574
    endloop
  endfacet
  facet normal 0.737194 0 0.675681
    outer loop
      vertex -3.07426 6.5 5.92574
      vertex -3.10963 12.582 5.96433
      vertex -3.10963 6.5 5.96433
    endloop
  endfacet
  facet normal 0.737194 0 0.675681
    outer loop
      vertex -3.10963 12.582 5.96433
      vertex -3.07426 6.5 5.92574
      vertex -3.07426 12.5923 5.92574
    endloop
  endfacet
  facet normal 0.793348 -0 0.608768
    outer loop
      vertex -3.14149 -12.5708 6.00585
      vertex -3.10963 -6.5 5.96433
      vertex -3.14149 -6.5 6.00585
    endloop
  endfacet
  facet normal 0.793348 0 0.608768
    outer loop
      vertex -3.10963 -6.5 5.96433
      vertex -3.14149 -12.5708 6.00585
      vertex -3.10963 -12.582 5.96433
    endloop
  endfacet
  facet normal 0.793348 0 0.608768
    outer loop
      vertex -3.10963 6.5 5.96433
      vertex -3.14149 12.5708 6.00585
      vertex -3.14149 6.5 6.00585
    endloop
  endfacet
  facet normal 0.793348 0 0.608768
    outer loop
      vertex -3.14149 12.5708 6.00585
      vertex -3.10963 6.5 5.96433
      vertex -3.10963 12.582 5.96433
    endloop
  endfacet
  facet normal 0.843449 0 -0.537209
    outer loop
      vertex -3.14149 -12.3429 6.69415
      vertex -3.16961 -6.5 6.65
      vertex -3.14149 -6.5 6.69415
    endloop
  endfacet
  facet normal 0.843449 0 -0.537209
    outer loop
      vertex -3.16961 -6.5 6.65
      vertex -3.14149 -12.3429 6.69415
      vertex -3.16961 -12.3612 6.65
    endloop
  endfacet
  facet normal 0.843449 0 -0.537209
    outer loop
      vertex -3.16961 6.5 6.65
      vertex -3.14149 12.3429 6.69415
      vertex -3.14149 6.5 6.69415
    endloop
  endfacet
  facet normal 0.843449 0 -0.537209
    outer loop
      vertex -3.14149 12.3429 6.69415
      vertex -3.16961 6.5 6.65
      vertex -3.16961 12.3612 6.65
    endloop
  endfacet
  facet normal 0.793348 0 -0.608768
    outer loop
      vertex -3.10963 -12.3257 6.73567
      vertex -3.14149 -6.5 6.69415
      vertex -3.10963 -6.5 6.73567
    endloop
  endfacet
  facet normal 0.793348 0 -0.608768
    outer loop
      vertex -3.14149 -6.5 6.69415
      vertex -3.10963 -12.3257 6.73567
      vertex -3.14149 -12.3429 6.69415
    endloop
  endfacet
  facet normal 0.793348 0 -0.608768
    outer loop
      vertex -3.14149 6.5 6.69415
      vertex -3.10963 12.3257 6.73567
      vertex -3.10963 6.5 6.73567
    endloop
  endfacet
  facet normal 0.793348 0 -0.608768
    outer loop
      vertex -3.10963 12.3257 6.73567
      vertex -3.14149 6.5 6.69415
      vertex -3.14149 12.3429 6.69415
    endloop
  endfacet
  facet normal 0.460888 0.0114747 0.887384
    outer loop
      vertex -2.95 12.6179 5.83038
      vertex -2.90357 12.6214 5.80622
      vertex -2.94524 12.6185 5.8279
    endloop
  endfacet
  facet normal 0.461599 0 0.887089
    outer loop
      vertex -2.90357 12.6214 5.80622
      vertex -2.95 12.6179 5.83038
      vertex -2.90357 6.5 5.80622
    endloop
  endfacet
  facet normal 0.461599 0 0.887089
    outer loop
      vertex -2.90357 6.5 5.80622
      vertex -2.95 12.6179 5.83038
      vertex -2.95 6.5 5.83038
    endloop
  endfacet
  facet normal 0.461599 0 0.887089
    outer loop
      vertex -2.95 -12.6179 5.83038
      vertex -2.90357 -12.6214 5.80622
      vertex -2.90357 -6.5 5.80622
    endloop
  endfacet
  facet normal 0.461599 -0 0.887089
    outer loop
      vertex -2.95 -12.6179 5.83038
      vertex -2.90357 -6.5 5.80622
      vertex -2.95 -6.5 5.83038
    endloop
  endfacet
  facet normal 0.460888 -0.0114747 0.887384
    outer loop
      vertex -2.90357 -12.6214 5.80622
      vertex -2.95 -12.6179 5.83038
      vertex -2.94524 -12.6185 5.8279
    endloop
  endfacet
  facet normal 0.675681 -0 0.737194
    outer loop
      vertex -3.07426 -12.5923 5.92574
      vertex -3.03567 -6.5 5.89037
      vertex -3.07426 -6.5 5.92574
    endloop
  endfacet
  facet normal 0.675681 0 0.737194
    outer loop
      vertex -3.03567 -6.5 5.89037
      vertex -3.07426 -12.5923 5.92574
      vertex -3.03567 -12.6018 5.89037
    endloop
  endfacet
  facet normal 0.675681 0 0.737194
    outer loop
      vertex -3.07426 12.5923 5.92574
      vertex -3.03567 6.5 5.89037
      vertex -3.03567 12.6018 5.89037
    endloop
  endfacet
  facet normal 0.675681 0 0.737194
    outer loop
      vertex -3.03567 6.5 5.89037
      vertex -3.07426 12.5923 5.92574
      vertex -3.07426 6.5 5.92574
    endloop
  endfacet
  facet normal 0.88701 0 -0.46175
    outer loop
      vertex -3.16961 -12.3612 6.65
      vertex -3.19378 -6.5 6.60357
      vertex -3.16961 -6.5 6.65
    endloop
  endfacet
  facet normal 0.88701 0 -0.46175
    outer loop
      vertex -3.19378 -6.5 6.60357
      vertex -3.16961 -12.3612 6.65
      vertex -3.19378 -12.3804 6.60357
    endloop
  endfacet
  facet normal 0.88701 0 -0.46175
    outer loop
      vertex -3.19378 6.5 6.60357
      vertex -3.16961 12.3612 6.65
      vertex -3.16961 6.5 6.65
    endloop
  endfacet
  facet normal 0.88701 0 -0.46175
    outer loop
      vertex -3.16961 12.3612 6.65
      vertex -3.19378 6.5 6.60357
      vertex -3.19378 12.3804 6.60357
    endloop
  endfacet
  facet normal -1 0 0
    outer loop
      vertex 5.35 -6.5 5.45
      vertex 5.35 6.5 8.65
      vertex 5.35 6.5 5.45
    endloop
  endfacet
  facet normal -1 -0 0
    outer loop
      vertex 5.35 6.5 8.65
      vertex 5.35 -6.5 5.45
      vertex 5.35 -6.5 8.65
    endloop
  endfacet
  facet normal 0 0 -1
    outer loop
      vertex 5.35 -6.5 8.65
      vertex 2.6 0 8.65
      vertex 5.35 6.5 8.65
    endloop
  endfacet
  facet normal 0 0 -1
    outer loop
      vertex 5.35 -6.5 8.65
      vertex 2.58002 -0.457567 8.65
      vertex 2.6 0 8.65
    endloop
  endfacet
  facet normal 0 0 -1
    outer loop
      vertex 5.35 -6.5 8.65
      vertex 2.52024 -0.911653 8.65
      vertex 2.58002 -0.457567 8.65
    endloop
  endfacet
  facet normal 0 0 -1
    outer loop
      vertex 5.35 -6.5 8.65
      vertex 2.42111 -1.3588 8.65
      vertex 2.52024 -0.911653 8.65
    endloop
  endfacet
  facet normal 0 0 -1
    outer loop
      vertex 5.35 -6.5 8.65
      vertex 2.28339 -1.79561 8.65
      vertex 2.42111 -1.3588 8.65
    endloop
  endfacet
  facet normal 0 0 -1
    outer loop
      vertex 5.35 -6.5 8.65
      vertex 2.10812 -2.21875 8.65
      vertex 2.28339 -1.79561 8.65
    endloop
  endfacet
  facet normal 0 0 -1
    outer loop
      vertex 5.35 -6.5 8.65
      vertex 1.89663 -2.625 8.65
      vertex 2.10812 -2.21875 8.65
    endloop
  endfacet
  facet normal 0 0 -1
    outer loop
      vertex 5.35 -6.5 8.65
      vertex 1.65055 -3.01128 8.65
      vertex 1.89663 -2.625 8.65
    endloop
  endfacet
  facet normal 0 0 -1
    outer loop
      vertex 5.35 -6.5 8.65
      vertex 1.37173 -3.37463 8.65
      vertex 1.65055 -3.01128 8.65
    endloop
  endfacet
  facet normal 0 0 -1
    outer loop
      vertex 5.35 -6.5 8.65
      vertex 1.06231 -3.71231 8.65
      vertex 1.37173 -3.37463 8.65
    endloop
  endfacet
  facet normal 0 0 -1
    outer loop
      vertex 5.35 -6.5 8.65
      vertex 0.724634 -4.02173 8.65
      vertex 1.06231 -3.71231 8.65
    endloop
  endfacet
  facet normal 0 0 -1
    outer loop
      vertex 5.35 -6.5 8.65
      vertex 0.361276 -4.30055 8.65
      vertex 0.724634 -4.02173 8.65
    endloop
  endfacet
  facet normal 0 0 -1
    outer loop
      vertex 5.35 -6.5 8.65
      vertex -0.0249996 -4.54663 8.65
      vertex 0.361276 -4.30055 8.65
    endloop
  endfacet
  facet normal 0 0 -1
    outer loop
      vertex 5.35 -6.5 8.65
      vertex -0.431253 -4.75812 8.65
      vertex -0.0249996 -4.54663 8.65
    endloop
  endfacet
  facet normal 0 0 -1
    outer loop
      vertex 5.35 -6.5 8.65
      vertex -0.854394 -4.93339 8.65
      vertex -0.431253 -4.75812 8.65
    endloop
  endfacet
  facet normal 0 0 -1
    outer loop
      vertex 5.35 -6.5 8.65
      vertex -1.2912 -5.07111 8.65
      vertex -0.854394 -4.93339 8.65
    endloop
  endfacet
  facet normal 0 0 -1
    outer loop
      vertex 5.35 -6.5 8.65
      vertex -1.73835 -5.17024 8.65
      vertex -1.2912 -5.07111 8.65
    endloop
  endfacet
  facet normal 0 0 -1
    outer loop
      vertex 5.35 -6.5 8.65
      vertex -2.19243 -5.23002 8.65
      vertex -1.73835 -5.17024 8.65
    endloop
  endfacet
  facet normal 0 0 -1
    outer loop
      vertex 5.35 -6.5 8.65
      vertex -2.65 -5.25 8.65
      vertex -2.19243 -5.23002 8.65
    endloop
  endfacet
  facet normal 0 0 -1
    outer loop
      vertex -10.65 -6.5 8.65
      vertex -2.65 -5.25 8.65
      vertex 5.35 -6.5 8.65
    endloop
  endfacet
  facet normal -0 0 -1
    outer loop
      vertex -2.65 -5.25 8.65
      vertex -10.65 -6.5 8.65
      vertex -3.10757 -5.23002 8.65
    endloop
  endfacet
  facet normal -0 0 -1
    outer loop
      vertex -7.88002 -0.457567 8.65
      vertex -10.65 -6.5 8.65
      vertex -7.9 0 8.65
    endloop
  endfacet
  facet normal -0 0 -1
    outer loop
      vertex -7.82024 -0.911653 8.65
      vertex -10.65 -6.5 8.65
      vertex -7.88002 -0.457567 8.65
    endloop
  endfacet
  facet normal -0 0 -1
    outer loop
      vertex -7.72111 -1.3588 8.65
      vertex -10.65 -6.5 8.65
      vertex -7.82024 -0.911653 8.65
    endloop
  endfacet
  facet normal -0 0 -1
    outer loop
      vertex -7.58339 -1.79561 8.65
      vertex -10.65 -6.5 8.65
      vertex -7.72111 -1.3588 8.65
    endloop
  endfacet
  facet normal -0 0 -1
    outer loop
      vertex -7.40812 -2.21875 8.65
      vertex -10.65 -6.5 8.65
      vertex -7.58339 -1.79561 8.65
    endloop
  endfacet
  facet normal -0 0 -1
    outer loop
      vertex -7.19663 -2.625 8.65
      vertex -10.65 -6.5 8.65
      vertex -7.40812 -2.21875 8.65
    endloop
  endfacet
  facet normal -0 0 -1
    outer loop
      vertex -6.95055 -3.01128 8.65
      vertex -10.65 -6.5 8.65
      vertex -7.19663 -2.625 8.65
    endloop
  endfacet
  facet normal -0 0 -1
    outer loop
      vertex -6.67173 -3.37463 8.65
      vertex -10.65 -6.5 8.65
      vertex -6.95055 -3.01128 8.65
    endloop
  endfacet
  facet normal -0 0 -1
    outer loop
      vertex -6.36231 -3.71231 8.65
      vertex -10.65 -6.5 8.65
      vertex -6.67173 -3.37463 8.65
    endloop
  endfacet
  facet normal -0 0 -1
    outer loop
      vertex -6.02463 -4.02173 8.65
      vertex -10.65 -6.5 8.65
      vertex -6.36231 -3.71231 8.65
    endloop
  endfacet
  facet normal -0 0 -1
    outer loop
      vertex -5.66128 -4.30055 8.65
      vertex -10.65 -6.5 8.65
      vertex -6.02463 -4.02173 8.65
    endloop
  endfacet
  facet normal -0 0 -1
    outer loop
      vertex -5.275 -4.54663 8.65
      vertex -10.65 -6.5 8.65
      vertex -5.66128 -4.30055 8.65
    endloop
  endfacet
  facet normal -0 0 -1
    outer loop
      vertex -4.86875 -4.75812 8.65
      vertex -10.65 -6.5 8.65
      vertex -5.275 -4.54663 8.65
    endloop
  endfacet
  facet normal -0 0 -1
    outer loop
      vertex -4.44561 -4.93339 8.65
      vertex -10.65 -6.5 8.65
      vertex -4.86875 -4.75812 8.65
    endloop
  endfacet
  facet normal -0 0 -1
    outer loop
      vertex -4.0088 -5.07111 8.65
      vertex -10.65 -6.5 8.65
      vertex -4.44561 -4.93339 8.65
    endloop
  endfacet
  facet normal -0 0 -1
    outer loop
      vertex -3.56165 -5.17024 8.65
      vertex -10.65 -6.5 8.65
      vertex -4.0088 -5.07111 8.65
    endloop
  endfacet
  facet normal -0 0 -1
    outer loop
      vertex -3.10757 -5.23002 8.65
      vertex -10.65 -6.5 8.65
      vertex -3.56165 -5.17024 8.65
    endloop
  endfacet
  facet normal 0 0 -1
    outer loop
      vertex 2.58002 0.457567 8.65
      vertex 5.35 6.5 8.65
      vertex 2.6 0 8.65
    endloop
  endfacet
  facet normal 0 0 -1
    outer loop
      vertex 2.52024 0.911653 8.65
      vertex 5.35 6.5 8.65
      vertex 2.58002 0.457567 8.65
    endloop
  endfacet
  facet normal 0 0 -1
    outer loop
      vertex 2.42111 1.3588 8.65
      vertex 5.35 6.5 8.65
      vertex 2.52024 0.911653 8.65
    endloop
  endfacet
  facet normal 0 0 -1
    outer loop
      vertex 2.28339 1.79561 8.65
      vertex 5.35 6.5 8.65
      vertex 2.42111 1.3588 8.65
    endloop
  endfacet
  facet normal 0 0 -1
    outer loop
      vertex 2.10812 2.21875 8.65
      vertex 5.35 6.5 8.65
      vertex 2.28339 1.79561 8.65
    endloop
  endfacet
  facet normal 0 0 -1
    outer loop
      vertex 1.89663 2.625 8.65
      vertex 5.35 6.5 8.65
      vertex 2.10812 2.21875 8.65
    endloop
  endfacet
  facet normal 0 0 -1
    outer loop
      vertex 1.65055 3.01128 8.65
      vertex 5.35 6.5 8.65
      vertex 1.89663 2.625 8.65
    endloop
  endfacet
  facet normal 0 0 -1
    outer loop
      vertex 1.37173 3.37463 8.65
      vertex 5.35 6.5 8.65
      vertex 1.65055 3.01128 8.65
    endloop
  endfacet
  facet normal 0 0 -1
    outer loop
      vertex 1.06231 3.71231 8.65
      vertex 5.35 6.5 8.65
      vertex 1.37173 3.37463 8.65
    endloop
  endfacet
  facet normal 0 0 -1
    outer loop
      vertex 0.724634 4.02173 8.65
      vertex 5.35 6.5 8.65
      vertex 1.06231 3.71231 8.65
    endloop
  endfacet
  facet normal 0 0 -1
    outer loop
      vertex 0.361276 4.30055 8.65
      vertex 5.35 6.5 8.65
      vertex 0.724634 4.02173 8.65
    endloop
  endfacet
  facet normal 0 0 -1
    outer loop
      vertex -0.0249996 4.54663 8.65
      vertex 5.35 6.5 8.65
      vertex 0.361276 4.30055 8.65
    endloop
  endfacet
  facet normal 0 0 -1
    outer loop
      vertex -0.431253 4.75812 8.65
      vertex 5.35 6.5 8.65
      vertex -0.0249996 4.54663 8.65
    endloop
  endfacet
  facet normal 0 0 -1
    outer loop
      vertex -0.854394 4.93339 8.65
      vertex 5.35 6.5 8.65
      vertex -0.431253 4.75812 8.65
    endloop
  endfacet
  facet normal 0 0 -1
    outer loop
      vertex -1.2912 5.07111 8.65
      vertex 5.35 6.5 8.65
      vertex -0.854394 4.93339 8.65
    endloop
  endfacet
  facet normal 0 0 -1
    outer loop
      vertex -1.73835 5.17024 8.65
      vertex 5.35 6.5 8.65
      vertex -1.2912 5.07111 8.65
    endloop
  endfacet
  facet normal 0 0 -1
    outer loop
      vertex -2.19243 5.23002 8.65
      vertex 5.35 6.5 8.65
      vertex -1.73835 5.17024 8.65
    endloop
  endfacet
  facet normal 0 0 -1
    outer loop
      vertex -2.65 5.25 8.65
      vertex 5.35 6.5 8.65
      vertex -2.19243 5.23002 8.65
    endloop
  endfacet
  facet normal 0 0 -1
    outer loop
      vertex -10.65 6.5 8.65
      vertex -2.65 5.25 8.65
      vertex -3.10757 5.23002 8.65
    endloop
  endfacet
  facet normal 0 0 -1
    outer loop
      vertex -10.65 6.5 8.65
      vertex -3.10757 5.23002 8.65
      vertex -3.56165 5.17024 8.65
    endloop
  endfacet
  facet normal 0 0 -1
    outer loop
      vertex -10.65 6.5 8.65
      vertex -7.9 0 8.65
      vertex -10.65 -6.5 8.65
    endloop
  endfacet
  facet normal 0 0 -1
    outer loop
      vertex -7.9 0 8.65
      vertex -10.65 6.5 8.65
      vertex -7.88002 0.457567 8.65
    endloop
  endfacet
  facet normal 0 0 -1
    outer loop
      vertex -7.88002 0.457567 8.65
      vertex -10.65 6.5 8.65
      vertex -7.82024 0.911653 8.65
    endloop
  endfacet
  facet normal 0 0 -1
    outer loop
      vertex -7.82024 0.911653 8.65
      vertex -10.65 6.5 8.65
      vertex -7.72111 1.3588 8.65
    endloop
  endfacet
  facet normal 0 0 -1
    outer loop
      vertex -2.65 5.25 8.65
      vertex -10.65 6.5 8.65
      vertex 5.35 6.5 8.65
    endloop
  endfacet
  facet normal 0 0 -1
    outer loop
      vertex -4.0088 5.07111 8.65
      vertex -10.65 6.5 8.65
      vertex -3.56165 5.17024 8.65
    endloop
  endfacet
  facet normal 0 0 -1
    outer loop
      vertex -4.44561 4.93339 8.65
      vertex -10.65 6.5 8.65
      vertex -4.0088 5.07111 8.65
    endloop
  endfacet
  facet normal 0 0 -1
    outer loop
      vertex -4.86875 4.75812 8.65
      vertex -10.65 6.5 8.65
      vertex -4.44561 4.93339 8.65
    endloop
  endfacet
  facet normal 0 0 -1
    outer loop
      vertex -5.275 4.54663 8.65
      vertex -10.65 6.5 8.65
      vertex -4.86875 4.75812 8.65
    endloop
  endfacet
  facet normal 0 0 -1
    outer loop
      vertex -5.66128 4.30055 8.65
      vertex -10.65 6.5 8.65
      vertex -5.275 4.54663 8.65
    endloop
  endfacet
  facet normal 0 0 -1
    outer loop
      vertex -6.02463 4.02173 8.65
      vertex -10.65 6.5 8.65
      vertex -5.66128 4.30055 8.65
    endloop
  endfacet
  facet normal 0 0 -1
    outer loop
      vertex -6.36231 3.71231 8.65
      vertex -10.65 6.5 8.65
      vertex -6.02463 4.02173 8.65
    endloop
  endfacet
  facet normal 0 0 -1
    outer loop
      vertex -6.67173 3.37463 8.65
      vertex -10.65 6.5 8.65
      vertex -6.36231 3.71231 8.65
    endloop
  endfacet
  facet normal 0 0 -1
    outer loop
      vertex -6.95055 3.01128 8.65
      vertex -10.65 6.5 8.65
      vertex -6.67173 3.37463 8.65
    endloop
  endfacet
  facet normal 0 0 -1
    outer loop
      vertex -7.19663 2.625 8.65
      vertex -10.65 6.5 8.65
      vertex -6.95055 3.01128 8.65
    endloop
  endfacet
  facet normal 0 0 -1
    outer loop
      vertex -7.40812 2.21875 8.65
      vertex -10.65 6.5 8.65
      vertex -7.19663 2.625 8.65
    endloop
  endfacet
  facet normal 0 0 -1
    outer loop
      vertex -7.58339 1.79561 8.65
      vertex -10.65 6.5 8.65
      vertex -7.40812 2.21875 8.65
    endloop
  endfacet
  facet normal 0 0 -1
    outer loop
      vertex -7.72111 1.3588 8.65
      vertex -10.65 6.5 8.65
      vertex -7.58339 1.79561 8.65
    endloop
  endfacet
  facet normal -0 0 1
    outer loop
      vertex -10.65 6.5 5.45
      vertex 5.35 -6.5 5.45
      vertex 5.35 6.5 5.45
    endloop
  endfacet
  facet normal 0 0 1
    outer loop
      vertex 5.35 -6.5 5.45
      vertex -10.65 6.5 5.45
      vertex -10.65 -6.5 5.45
    endloop
  endfacet
  facet normal 1 -0 0
    outer loop
      vertex -10.65 -6.5 8.65
      vertex -10.65 6.5 5.45
      vertex -10.65 6.5 8.65
    endloop
  endfacet
  facet normal 1 0 0
    outer loop
      vertex -10.65 6.5 5.45
      vertex -10.65 -6.5 8.65
      vertex -10.65 -6.5 5.45
    endloop
  endfacet
  facet normal 0 -1 0
    outer loop
      vertex -10.65 6.5 8.65
      vertex -2.65 6.5 6.95
      vertex 5.35 6.5 8.65
    endloop
  endfacet
  facet normal 0 -1 0
    outer loop
      vertex -10.65 6.5 8.65
      vertex -2.70229 6.5 6.94772
      vertex -2.65 6.5 6.95
    endloop
  endfacet
  facet normal 0 -1 0
    outer loop
      vertex -10.65 6.5 8.65
      vertex -2.75419 6.5 6.94088
      vertex -2.70229 6.5 6.94772
    endloop
  endfacet
  facet normal 0 -1 0
    outer loop
      vertex -10.65 6.5 8.65
      vertex -2.80529 6.5 6.92955
      vertex -2.75419 6.5 6.94088
    endloop
  endfacet
  facet normal 0 -1 0
    outer loop
      vertex -10.65 6.5 8.65
      vertex -2.85521 6.5 6.91382
      vertex -2.80529 6.5 6.92955
    endloop
  endfacet
  facet normal 0 -1 0
    outer loop
      vertex -10.65 6.5 8.65
      vertex -2.90357 6.5 6.89378
      vertex -2.85521 6.5 6.91382
    endloop
  endfacet
  facet normal 0 -1 0
    outer loop
      vertex -10.65 6.5 8.65
      vertex -2.95 6.5 6.86961
      vertex -2.90357 6.5 6.89378
    endloop
  endfacet
  facet normal 0 -1 0
    outer loop
      vertex -10.65 6.5 8.65
      vertex -2.99415 6.5 6.84149
      vertex -2.95 6.5 6.86961
    endloop
  endfacet
  facet normal 0 -1 0
    outer loop
      vertex -10.65 6.5 8.65
      vertex -3.03567 6.5 6.80963
      vertex -2.99415 6.5 6.84149
    endloop
  endfacet
  facet normal 0 -1 0
    outer loop
      vertex -10.65 6.5 8.65
      vertex -3.07426 6.5 6.77426
      vertex -3.03567 6.5 6.80963
    endloop
  endfacet
  facet normal 0 -1 0
    outer loop
      vertex -10.65 6.5 8.65
      vertex -3.10963 6.5 6.73567
      vertex -3.07426 6.5 6.77426
    endloop
  endfacet
  facet normal 0 -1 0
    outer loop
      vertex -10.65 6.5 8.65
      vertex -3.14149 6.5 6.69415
      vertex -3.10963 6.5 6.73567
    endloop
  endfacet
  facet normal 0 -1 0
    outer loop
      vertex -10.65 6.5 8.65
      vertex -3.16961 6.5 6.65
      vertex -3.14149 6.5 6.69415
    endloop
  endfacet
  facet normal 0 -1 0
    outer loop
      vertex -10.65 6.5 8.65
      vertex -3.19378 6.5 6.60357
      vertex -3.16961 6.5 6.65
    endloop
  endfacet
  facet normal 0 -1 0
    outer loop
      vertex -10.65 6.5 8.65
      vertex -3.21381 6.5 6.55521
      vertex -3.19378 6.5 6.60357
    endloop
  endfacet
  facet normal 0 -1 0
    outer loop
      vertex -10.65 6.5 8.65
      vertex -3.22956 6.5 6.50529
      vertex -3.21381 6.5 6.55521
    endloop
  endfacet
  facet normal 0 -1 0
    outer loop
      vertex -10.65 6.5 8.65
      vertex -3.24088 6.5 6.45419
      vertex -3.22956 6.5 6.50529
    endloop
  endfacet
  facet normal 0 -1 0
    outer loop
      vertex -10.65 6.5 5.45
      vertex -3.24088 6.5 6.45419
      vertex -10.65 6.5 8.65
    endloop
  endfacet
  facet normal 0 -1 0
    outer loop
      vertex -3.24088 6.5 6.45419
      vertex -10.65 6.5 5.45
      vertex -3.24772 6.5 6.40229
    endloop
  endfacet
  facet normal 0 -1 0
    outer loop
      vertex -3.24772 6.5 6.40229
      vertex -10.65 6.5 5.45
      vertex -3.25 6.5 6.35
    endloop
  endfacet
  facet normal 0 -1 -0
    outer loop
      vertex -3.25 6.5 6.35
      vertex -10.65 6.5 5.45
      vertex -3.24772 6.5 6.29771
    endloop
  endfacet
  facet normal 0 -1 -0
    outer loop
      vertex -3.24772 6.5 6.29771
      vertex -10.65 6.5 5.45
      vertex -3.24088 6.5 6.24581
    endloop
  endfacet
  facet normal 0 -1 -0
    outer loop
      vertex -3.24088 6.5 6.24581
      vertex -10.65 6.5 5.45
      vertex -3.22956 6.5 6.19471
    endloop
  endfacet
  facet normal 0 -1 -0
    outer loop
      vertex -3.22956 6.5 6.19471
      vertex -10.65 6.5 5.45
      vertex -3.21381 6.5 6.14479
    endloop
  endfacet
  facet normal 0 -1 -0
    outer loop
      vertex -3.21381 6.5 6.14479
      vertex -10.65 6.5 5.45
      vertex -3.19378 6.5 6.09643
    endloop
  endfacet
  facet normal 0 -1 -0
    outer loop
      vertex -3.19378 6.5 6.09643
      vertex -10.65 6.5 5.45
      vertex -3.16961 6.5 6.05
    endloop
  endfacet
  facet normal 0 -1 -0
    outer loop
      vertex -3.16961 6.5 6.05
      vertex -10.65 6.5 5.45
      vertex -3.14149 6.5 6.00585
    endloop
  endfacet
  facet normal 0 -1 -0
    outer loop
      vertex -3.14149 6.5 6.00585
      vertex -10.65 6.5 5.45
      vertex -3.10963 6.5 5.96433
    endloop
  endfacet
  facet normal 0 -1 -0
    outer loop
      vertex -3.10963 6.5 5.96433
      vertex -10.65 6.5 5.45
      vertex -3.07426 6.5 5.92574
    endloop
  endfacet
  facet normal 0 -1 -0
    outer loop
      vertex -3.07426 6.5 5.92574
      vertex -10.65 6.5 5.45
      vertex -3.03567 6.5 5.89037
    endloop
  endfacet
  facet normal 0 -1 -0
    outer loop
      vertex -3.03567 6.5 5.89037
      vertex -10.65 6.5 5.45
      vertex -2.99415 6.5 5.85851
    endloop
  endfacet
  facet normal 0 -1 -0
    outer loop
      vertex -2.99415 6.5 5.85851
      vertex -10.65 6.5 5.45
      vertex -2.95 6.5 5.83038
    endloop
  endfacet
  facet normal 0 -1 -0
    outer loop
      vertex -2.95 6.5 5.83038
      vertex -10.65 6.5 5.45
      vertex -2.90357 6.5 5.80622
    endloop
  endfacet
  facet normal 0 -1 -0
    outer loop
      vertex -2.70229 6.5 5.75228
      vertex -10.65 6.5 5.45
      vertex -2.65 6.5 5.75
    endloop
  endfacet
  facet normal 0 -1 -0
    outer loop
      vertex -2.75419 6.5 5.75912
      vertex -10.65 6.5 5.45
      vertex -2.70229 6.5 5.75228
    endloop
  endfacet
  facet normal 0 -1 -0
    outer loop
      vertex -2.80529 6.5 5.77044
      vertex -10.65 6.5 5.45
      vertex -2.75419 6.5 5.75912
    endloop
  endfacet
  facet normal 0 -1 -0
    outer loop
      vertex -2.85521 6.5 5.78618
      vertex -10.65 6.5 5.45
      vertex -2.80529 6.5 5.77044
    endloop
  endfacet
  facet normal 0 -1 -0
    outer loop
      vertex -2.90357 6.5 5.80622
      vertex -10.65 6.5 5.45
      vertex -2.85521 6.5 5.78618
    endloop
  endfacet
  facet normal 0 -1 0
    outer loop
      vertex -2.59771 6.5 6.94772
      vertex 5.35 6.5 8.65
      vertex -2.65 6.5 6.95
    endloop
  endfacet
  facet normal 0 -1 0
    outer loop
      vertex -2.54581 6.5 6.94088
      vertex 5.35 6.5 8.65
      vertex -2.59771 6.5 6.94772
    endloop
  endfacet
  facet normal 0 -1 0
    outer loop
      vertex -2.49471 6.5 6.92955
      vertex 5.35 6.5 8.65
      vertex -2.54581 6.5 6.94088
    endloop
  endfacet
  facet normal 0 -1 0
    outer loop
      vertex -2.44479 6.5 6.91382
      vertex 5.35 6.5 8.65
      vertex -2.49471 6.5 6.92955
    endloop
  endfacet
  facet normal 0 -1 0
    outer loop
      vertex -2.39643 6.5 6.89378
      vertex 5.35 6.5 8.65
      vertex -2.44479 6.5 6.91382
    endloop
  endfacet
  facet normal 0 -1 0
    outer loop
      vertex -2.35 6.5 6.86961
      vertex 5.35 6.5 8.65
      vertex -2.39643 6.5 6.89378
    endloop
  endfacet
  facet normal 0 -1 0
    outer loop
      vertex -2.30585 6.5 6.84149
      vertex 5.35 6.5 8.65
      vertex -2.35 6.5 6.86961
    endloop
  endfacet
  facet normal 0 -1 0
    outer loop
      vertex -2.26433 6.5 6.80963
      vertex 5.35 6.5 8.65
      vertex -2.30585 6.5 6.84149
    endloop
  endfacet
  facet normal 0 -1 0
    outer loop
      vertex -2.22574 6.5 6.77426
      vertex 5.35 6.5 8.65
      vertex -2.26433 6.5 6.80963
    endloop
  endfacet
  facet normal 0 -1 0
    outer loop
      vertex -2.19037 6.5 6.73567
      vertex 5.35 6.5 8.65
      vertex -2.22574 6.5 6.77426
    endloop
  endfacet
  facet normal 0 -1 0
    outer loop
      vertex -2.15851 6.5 6.69415
      vertex 5.35 6.5 8.65
      vertex -2.19037 6.5 6.73567
    endloop
  endfacet
  facet normal 0 -1 0
    outer loop
      vertex -2.13038 6.5 6.65
      vertex 5.35 6.5 8.65
      vertex -2.15851 6.5 6.69415
    endloop
  endfacet
  facet normal 0 -1 0
    outer loop
      vertex -2.10621 6.5 6.60357
      vertex 5.35 6.5 8.65
      vertex -2.13038 6.5 6.65
    endloop
  endfacet
  facet normal 0 -1 0
    outer loop
      vertex -2.08618 6.5 6.55521
      vertex 5.35 6.5 8.65
      vertex -2.10621 6.5 6.60357
    endloop
  endfacet
  facet normal 0 -1 0
    outer loop
      vertex -2.07044 6.5 6.50529
      vertex 5.35 6.5 8.65
      vertex -2.08618 6.5 6.55521
    endloop
  endfacet
  facet normal 0 -1 0
    outer loop
      vertex -2.05911 6.5 6.45419
      vertex 5.35 6.5 8.65
      vertex -2.07044 6.5 6.50529
    endloop
  endfacet
  facet normal 0 -1 0
    outer loop
      vertex 5.35 6.5 5.45
      vertex -2.05911 6.5 6.45419
      vertex -2.05228 6.5 6.40229
    endloop
  endfacet
  facet normal 0 -1 0
    outer loop
      vertex 5.35 6.5 5.45
      vertex -2.05228 6.5 6.40229
      vertex -2.05 6.5 6.35
    endloop
  endfacet
  facet normal 0 -1 0
    outer loop
      vertex 5.35 6.5 5.45
      vertex -2.05 6.5 6.35
      vertex -2.05228 6.5 6.29771
    endloop
  endfacet
  facet normal 0 -1 0
    outer loop
      vertex 5.35 6.5 5.45
      vertex -2.05228 6.5 6.29771
      vertex -2.05911 6.5 6.24581
    endloop
  endfacet
  facet normal 0 -1 0
    outer loop
      vertex 5.35 6.5 5.45
      vertex -2.05911 6.5 6.24581
      vertex -2.07044 6.5 6.19471
    endloop
  endfacet
  facet normal 0 -1 0
    outer loop
      vertex 5.35 6.5 5.45
      vertex -2.07044 6.5 6.19471
      vertex -2.08618 6.5 6.14479
    endloop
  endfacet
  facet normal 0 -1 0
    outer loop
      vertex 5.35 6.5 5.45
      vertex -2.08618 6.5 6.14479
      vertex -2.10621 6.5 6.09643
    endloop
  endfacet
  facet normal 0 -1 0
    outer loop
      vertex 5.35 6.5 5.45
      vertex -2.10621 6.5 6.09643
      vertex -2.13038 6.5 6.05
    endloop
  endfacet
  facet normal 0 -1 0
    outer loop
      vertex 5.35 6.5 5.45
      vertex -2.13038 6.5 6.05
      vertex -2.15851 6.5 6.00585
    endloop
  endfacet
  facet normal 0 -1 0
    outer loop
      vertex 5.35 6.5 5.45
      vertex -2.15851 6.5 6.00585
      vertex -2.19037 6.5 5.96433
    endloop
  endfacet
  facet normal 0 -1 0
    outer loop
      vertex 5.35 6.5 5.45
      vertex -2.19037 6.5 5.96433
      vertex -2.22574 6.5 5.92574
    endloop
  endfacet
  facet normal 0 -1 0
    outer loop
      vertex 5.35 6.5 5.45
      vertex -2.22574 6.5 5.92574
      vertex -2.26433 6.5 5.89037
    endloop
  endfacet
  facet normal 0 -1 0
    outer loop
      vertex 5.35 6.5 5.45
      vertex -2.26433 6.5 5.89037
      vertex -2.30585 6.5 5.85851
    endloop
  endfacet
  facet normal 0 -1 0
    outer loop
      vertex 5.35 6.5 5.45
      vertex -2.30585 6.5 5.85851
      vertex -2.35 6.5 5.83038
    endloop
  endfacet
  facet normal 0 -1 0
    outer loop
      vertex 5.35 6.5 5.45
      vertex -2.35 6.5 5.83038
      vertex -2.39643 6.5 5.80622
    endloop
  endfacet
  facet normal 0 -1 0
    outer loop
      vertex 5.35 6.5 5.45
      vertex -2.39643 6.5 5.80622
      vertex -2.44479 6.5 5.78618
    endloop
  endfacet
  facet normal 0 -1 0
    outer loop
      vertex -2.05911 6.5 6.45419
      vertex 5.35 6.5 5.45
      vertex 5.35 6.5 8.65
    endloop
  endfacet
  facet normal 0 -1 0
    outer loop
      vertex -2.49471 6.5 5.77044
      vertex 5.35 6.5 5.45
      vertex -2.44479 6.5 5.78618
    endloop
  endfacet
  facet normal 0 -1 0
    outer loop
      vertex -2.54581 6.5 5.75912
      vertex 5.35 6.5 5.45
      vertex -2.49471 6.5 5.77044
    endloop
  endfacet
  facet normal 0 -1 0
    outer loop
      vertex -2.59771 6.5 5.75228
      vertex 5.35 6.5 5.45
      vertex -2.54581 6.5 5.75912
    endloop
  endfacet
  facet normal 0 -1 0
    outer loop
      vertex -2.65 6.5 5.75
      vertex 5.35 6.5 5.45
      vertex -2.59771 6.5 5.75228
    endloop
  endfacet
  facet normal 0 -1 0
    outer loop
      vertex 5.35 6.5 5.45
      vertex -2.65 6.5 5.75
      vertex -10.65 6.5 5.45
    endloop
  endfacet
  facet normal 0 1 0
    outer loop
      vertex 5.35 -6.5 8.65
      vertex -2.65 -6.5 6.95
      vertex -10.65 -6.5 8.65
    endloop
  endfacet
  facet normal 0 1 0
    outer loop
      vertex 5.35 -6.5 8.65
      vertex -2.59771 -6.5 6.94772
      vertex -2.65 -6.5 6.95
    endloop
  endfacet
  facet normal 0 1 0
    outer loop
      vertex 5.35 -6.5 8.65
      vertex -2.54581 -6.5 6.94088
      vertex -2.59771 -6.5 6.94772
    endloop
  endfacet
  facet normal 0 1 0
    outer loop
      vertex 5.35 -6.5 8.65
      vertex -2.49471 -6.5 6.92955
      vertex -2.54581 -6.5 6.94088
    endloop
  endfacet
  facet normal 0 1 0
    outer loop
      vertex 5.35 -6.5 8.65
      vertex -2.44479 -6.5 6.91382
      vertex -2.49471 -6.5 6.92955
    endloop
  endfacet
  facet normal 0 1 0
    outer loop
      vertex 5.35 -6.5 8.65
      vertex -2.39643 -6.5 6.89378
      vertex -2.44479 -6.5 6.91382
    endloop
  endfacet
  facet normal 0 1 0
    outer loop
      vertex 5.35 -6.5 8.65
      vertex -2.35 -6.5 6.86961
      vertex -2.39643 -6.5 6.89378
    endloop
  endfacet
  facet normal 0 1 0
    outer loop
      vertex 5.35 -6.5 8.65
      vertex -2.30585 -6.5 6.84149
      vertex -2.35 -6.5 6.86961
    endloop
  endfacet
  facet normal 0 1 0
    outer loop
      vertex 5.35 -6.5 8.65
      vertex -2.26433 -6.5 6.80963
      vertex -2.30585 -6.5 6.84149
    endloop
  endfacet
  facet normal 0 1 0
    outer loop
      vertex 5.35 -6.5 8.65
      vertex -2.22574 -6.5 6.77426
      vertex -2.26433 -6.5 6.80963
    endloop
  endfacet
  facet normal 0 1 0
    outer loop
      vertex 5.35 -6.5 8.65
      vertex -2.19037 -6.5 6.73567
      vertex -2.22574 -6.5 6.77426
    endloop
  endfacet
  facet normal 0 1 0
    outer loop
      vertex 5.35 -6.5 8.65
      vertex -2.15851 -6.5 6.69415
      vertex -2.19037 -6.5 6.73567
    endloop
  endfacet
  facet normal 0 1 0
    outer loop
      vertex 5.35 -6.5 8.65
      vertex -2.13038 -6.5 6.65
      vertex -2.15851 -6.5 6.69415
    endloop
  endfacet
  facet normal 0 1 0
    outer loop
      vertex 5.35 -6.5 8.65
      vertex -2.10621 -6.5 6.60357
      vertex -2.13038 -6.5 6.65
    endloop
  endfacet
  facet normal 0 1 0
    outer loop
      vertex 5.35 -6.5 8.65
      vertex -2.08618 -6.5 6.55521
      vertex -2.10621 -6.5 6.60357
    endloop
  endfacet
  facet normal 0 1 0
    outer loop
      vertex 5.35 -6.5 8.65
      vertex -2.07044 -6.5 6.50529
      vertex -2.08618 -6.5 6.55521
    endloop
  endfacet
  facet normal 0 1 0
    outer loop
      vertex 5.35 -6.5 8.65
      vertex -2.05911 -6.5 6.45419
      vertex -2.07044 -6.5 6.50529
    endloop
  endfacet
  facet normal 0 1 -0
    outer loop
      vertex 5.35 -6.5 5.45
      vertex -2.05911 -6.5 6.45419
      vertex 5.35 -6.5 8.65
    endloop
  endfacet
  facet normal 0 1 0
    outer loop
      vertex -2.05911 -6.5 6.45419
      vertex 5.35 -6.5 5.45
      vertex -2.05228 -6.5 6.40229
    endloop
  endfacet
  facet normal 0 1 0
    outer loop
      vertex -2.05228 -6.5 6.40229
      vertex 5.35 -6.5 5.45
      vertex -2.05 -6.5 6.35
    endloop
  endfacet
  facet normal 0 1 0
    outer loop
      vertex -2.05 -6.5 6.35
      vertex 5.35 -6.5 5.45
      vertex -2.05228 -6.5 6.29771
    endloop
  endfacet
  facet normal 0 1 0
    outer loop
      vertex -2.05228 -6.5 6.29771
      vertex 5.35 -6.5 5.45
      vertex -2.05911 -6.5 6.24581
    endloop
  endfacet
  facet normal 0 1 0
    outer loop
      vertex -2.05911 -6.5 6.24581
      vertex 5.35 -6.5 5.45
      vertex -2.07044 -6.5 6.19471
    endloop
  endfacet
  facet normal 0 1 0
    outer loop
      vertex -2.07044 -6.5 6.19471
      vertex 5.35 -6.5 5.45
      vertex -2.08618 -6.5 6.14479
    endloop
  endfacet
  facet normal 0 1 0
    outer loop
      vertex -2.08618 -6.5 6.14479
      vertex 5.35 -6.5 5.45
      vertex -2.10621 -6.5 6.09643
    endloop
  endfacet
  facet normal 0 1 0
    outer loop
      vertex -2.10621 -6.5 6.09643
      vertex 5.35 -6.5 5.45
      vertex -2.13038 -6.5 6.05
    endloop
  endfacet
  facet normal 0 1 0
    outer loop
      vertex -2.13038 -6.5 6.05
      vertex 5.35 -6.5 5.45
      vertex -2.15851 -6.5 6.00585
    endloop
  endfacet
  facet normal 0 1 0
    outer loop
      vertex -2.15851 -6.5 6.00585
      vertex 5.35 -6.5 5.45
      vertex -2.19037 -6.5 5.96433
    endloop
  endfacet
  facet normal 0 1 0
    outer loop
      vertex -2.19037 -6.5 5.96433
      vertex 5.35 -6.5 5.45
      vertex -2.22574 -6.5 5.92574
    endloop
  endfacet
  facet normal 0 1 0
    outer loop
      vertex -2.22574 -6.5 5.92574
      vertex 5.35 -6.5 5.45
      vertex -2.26433 -6.5 5.89037
    endloop
  endfacet
  facet normal 0 1 0
    outer loop
      vertex -2.26433 -6.5 5.89037
      vertex 5.35 -6.5 5.45
      vertex -2.30585 -6.5 5.85851
    endloop
  endfacet
  facet normal 0 1 0
    outer loop
      vertex -2.30585 -6.5 5.85851
      vertex 5.35 -6.5 5.45
      vertex -2.35 -6.5 5.83038
    endloop
  endfacet
  facet normal 0 1 0
    outer loop
      vertex -2.35 -6.5 5.83038
      vertex 5.35 -6.5 5.45
      vertex -2.39643 -6.5 5.80622
    endloop
  endfacet
  facet normal 0 1 0
    outer loop
      vertex -2.59771 -6.5 5.75228
      vertex 5.35 -6.5 5.45
      vertex -2.65 -6.5 5.75
    endloop
  endfacet
  facet normal 0 1 0
    outer loop
      vertex -2.54581 -6.5 5.75912
      vertex 5.35 -6.5 5.45
      vertex -2.59771 -6.5 5.75228
    endloop
  endfacet
  facet normal 0 1 0
    outer loop
      vertex -2.49471 -6.5 5.77044
      vertex 5.35 -6.5 5.45
      vertex -2.54581 -6.5 5.75912
    endloop
  endfacet
  facet normal 0 1 0
    outer loop
      vertex -2.44479 -6.5 5.78618
      vertex 5.35 -6.5 5.45
      vertex -2.49471 -6.5 5.77044
    endloop
  endfacet
  facet normal 0 1 0
    outer loop
      vertex -2.39643 -6.5 5.80622
      vertex 5.35 -6.5 5.45
      vertex -2.44479 -6.5 5.78618
    endloop
  endfacet
  facet normal 0 1 -0
    outer loop
      vertex -2.70229 -6.5 6.94772
      vertex -10.65 -6.5 8.65
      vertex -2.65 -6.5 6.95
    endloop
  endfacet
  facet normal 0 1 -0
    outer loop
      vertex -2.75419 -6.5 6.94088
      vertex -10.65 -6.5 8.65
      vertex -2.70229 -6.5 6.94772
    endloop
  endfacet
  facet normal 0 1 -0
    outer loop
      vertex -2.80529 -6.5 6.92955
      vertex -10.65 -6.5 8.65
      vertex -2.75419 -6.5 6.94088
    endloop
  endfacet
  facet normal 0 1 -0
    outer loop
      vertex -2.85521 -6.5 6.91382
      vertex -10.65 -6.5 8.65
      vertex -2.80529 -6.5 6.92955
    endloop
  endfacet
  facet normal 0 1 -0
    outer loop
      vertex -2.90357 -6.5 6.89378
      vertex -10.65 -6.5 8.65
      vertex -2.85521 -6.5 6.91382
    endloop
  endfacet
  facet normal 0 1 -0
    outer loop
      vertex -2.95 -6.5 6.86961
      vertex -10.65 -6.5 8.65
      vertex -2.90357 -6.5 6.89378
    endloop
  endfacet
  facet normal 0 1 -0
    outer loop
      vertex -2.99415 -6.5 6.84149
      vertex -10.65 -6.5 8.65
      vertex -2.95 -6.5 6.86961
    endloop
  endfacet
  facet normal 0 1 -0
    outer loop
      vertex -3.03567 -6.5 6.80963
      vertex -10.65 -6.5 8.65
      vertex -2.99415 -6.5 6.84149
    endloop
  endfacet
  facet normal 0 1 -0
    outer loop
      vertex -3.07426 -6.5 6.77426
      vertex -10.65 -6.5 8.65
      vertex -3.03567 -6.5 6.80963
    endloop
  endfacet
  facet normal 0 1 -0
    outer loop
      vertex -3.10963 -6.5 6.73567
      vertex -10.65 -6.5 8.65
      vertex -3.07426 -6.5 6.77426
    endloop
  endfacet
  facet normal 0 1 -0
    outer loop
      vertex -3.14149 -6.5 6.69415
      vertex -10.65 -6.5 8.65
      vertex -3.10963 -6.5 6.73567
    endloop
  endfacet
  facet normal 0 1 -0
    outer loop
      vertex -3.16961 -6.5 6.65
      vertex -10.65 -6.5 8.65
      vertex -3.14149 -6.5 6.69415
    endloop
  endfacet
  facet normal 0 1 -0
    outer loop
      vertex -3.19378 -6.5 6.60357
      vertex -10.65 -6.5 8.65
      vertex -3.16961 -6.5 6.65
    endloop
  endfacet
  facet normal 0 1 -0
    outer loop
      vertex -3.21381 -6.5 6.55521
      vertex -10.65 -6.5 8.65
      vertex -3.19378 -6.5 6.60357
    endloop
  endfacet
  facet normal 0 1 -0
    outer loop
      vertex -3.22956 -6.5 6.50529
      vertex -10.65 -6.5 8.65
      vertex -3.21381 -6.5 6.55521
    endloop
  endfacet
  facet normal 0 1 -0
    outer loop
      vertex -3.24088 -6.5 6.45419
      vertex -10.65 -6.5 8.65
      vertex -3.22956 -6.5 6.50529
    endloop
  endfacet
  facet normal 0 1 0
    outer loop
      vertex -10.65 -6.5 5.45
      vertex -3.24088 -6.5 6.45419
      vertex -3.24772 -6.5 6.40229
    endloop
  endfacet
  facet normal 0 1 0
    outer loop
      vertex -10.65 -6.5 5.45
      vertex -3.24772 -6.5 6.40229
      vertex -3.25 -6.5 6.35
    endloop
  endfacet
  facet normal 0 1 0
    outer loop
      vertex -10.65 -6.5 5.45
      vertex -3.25 -6.5 6.35
      vertex -3.24772 -6.5 6.29771
    endloop
  endfacet
  facet normal 0 1 0
    outer loop
      vertex -10.65 -6.5 5.45
      vertex -3.24772 -6.5 6.29771
      vertex -3.24088 -6.5 6.24581
    endloop
  endfacet
  facet normal 0 1 0
    outer loop
      vertex -10.65 -6.5 5.45
      vertex -3.24088 -6.5 6.24581
      vertex -3.22956 -6.5 6.19471
    endloop
  endfacet
  facet normal 0 1 0
    outer loop
      vertex -10.65 -6.5 5.45
      vertex -3.22956 -6.5 6.19471
      vertex -3.21381 -6.5 6.14479
    endloop
  endfacet
  facet normal 0 1 0
    outer loop
      vertex -10.65 -6.5 5.45
      vertex -3.21381 -6.5 6.14479
      vertex -3.19378 -6.5 6.09643
    endloop
  endfacet
  facet normal 0 1 0
    outer loop
      vertex -10.65 -6.5 5.45
      vertex -3.19378 -6.5 6.09643
      vertex -3.16961 -6.5 6.05
    endloop
  endfacet
  facet normal 0 1 0
    outer loop
      vertex -10.65 -6.5 5.45
      vertex -3.16961 -6.5 6.05
      vertex -3.14149 -6.5 6.00585
    endloop
  endfacet
  facet normal 0 1 0
    outer loop
      vertex -10.65 -6.5 5.45
      vertex -3.14149 -6.5 6.00585
      vertex -3.10963 -6.5 5.96433
    endloop
  endfacet
  facet normal 0 1 0
    outer loop
      vertex -10.65 -6.5 5.45
      vertex -3.10963 -6.5 5.96433
      vertex -3.07426 -6.5 5.92574
    endloop
  endfacet
  facet normal 0 1 0
    outer loop
      vertex -10.65 -6.5 5.45
      vertex -3.07426 -6.5 5.92574
      vertex -3.03567 -6.5 5.89037
    endloop
  endfacet
  facet normal 0 1 0
    outer loop
      vertex -10.65 -6.5 5.45
      vertex -3.03567 -6.5 5.89037
      vertex -2.99415 -6.5 5.85851
    endloop
  endfacet
  facet normal 0 1 0
    outer loop
      vertex -10.65 -6.5 5.45
      vertex -2.99415 -6.5 5.85851
      vertex -2.95 -6.5 5.83038
    endloop
  endfacet
  facet normal 0 1 0
    outer loop
      vertex -10.65 -6.5 5.45
      vertex -2.95 -6.5 5.83038
      vertex -2.90357 -6.5 5.80622
    endloop
  endfacet
  facet normal 0 1 0
    outer loop
      vertex -10.65 -6.5 5.45
      vertex -2.90357 -6.5 5.80622
      vertex -2.85521 -6.5 5.78618
    endloop
  endfacet
  facet normal 0 1 0
    outer loop
      vertex -3.24088 -6.5 6.45419
      vertex -10.65 -6.5 5.45
      vertex -10.65 -6.5 8.65
    endloop
  endfacet
  facet normal 0 1 0
    outer loop
      vertex -2.80529 -6.5 5.77044
      vertex -10.65 -6.5 5.45
      vertex -2.85521 -6.5 5.78618
    endloop
  endfacet
  facet normal 0 1 0
    outer loop
      vertex -2.75419 -6.5 5.75912
      vertex -10.65 -6.5 5.45
      vertex -2.80529 -6.5 5.77044
    endloop
  endfacet
  facet normal 0 1 0
    outer loop
      vertex -2.70229 -6.5 5.75228
      vertex -10.65 -6.5 5.45
      vertex -2.75419 -6.5 5.75912
    endloop
  endfacet
  facet normal 0 1 0
    outer loop
      vertex -2.65 -6.5 5.75
      vertex -10.65 -6.5 5.45
      vertex -2.70229 -6.5 5.75228
    endloop
  endfacet
  facet normal 0 1 0
    outer loop
      vertex -10.65 -6.5 5.45
      vertex -2.65 -6.5 5.75
      vertex 5.35 -6.5 5.45
    endloop
  endfacet
  facet normal -0.991445 -0.130523 0
    outer loop
      vertex 2.58002 0.457567 8.65
      vertex 2.52024 0.911653 8.85
      vertex 2.52024 0.911653 8.65
    endloop
  endfacet
  facet normal -0.991445 -0.130523 0
    outer loop
      vertex 2.52024 0.911653 8.85
      vertex 2.58002 0.457567 8.65
      vertex 2.58002 0.457567 8.85
    endloop
  endfacet
  facet normal -0.999048 -0.0436242 0
    outer loop
      vertex 2.6 0 8.65
      vertex 2.58002 0.457567 8.85
      vertex 2.58002 0.457567 8.65
    endloop
  endfacet
  facet normal -0.999048 -0.0436242 0
    outer loop
      vertex 2.58002 0.457567 8.85
      vertex 2.6 0 8.65
      vertex 2.6 0 8.85
    endloop
  endfacet
  facet normal -0.976296 -0.216439 0
    outer loop
      vertex 2.52024 0.911653 8.65
      vertex 2.42111 1.3588 8.85
      vertex 2.42111 1.3588 8.65
    endloop
  endfacet
  facet normal -0.976296 -0.216439 0
    outer loop
      vertex 2.42111 1.3588 8.85
      vertex 2.52024 0.911653 8.65
      vertex 2.52024 0.911653 8.85
    endloop
  endfacet
  facet normal 0.999048 0.0436242 0
    outer loop
      vertex -7.88002 -0.457567 8.85
      vertex -7.9 0 8.65
      vertex -7.9 0 8.85
    endloop
  endfacet
  facet normal 0.999048 0.0436242 0
    outer loop
      vertex -7.9 0 8.65
      vertex -7.88002 -0.457567 8.85
      vertex -7.88002 -0.457567 8.65
    endloop
  endfacet
  facet normal -0.537292 0.843396 0
    outer loop
      vertex 0.361276 -4.30055 8.65
      vertex -0.0249996 -4.54663 8.85
      vertex 0.361276 -4.30055 8.85
    endloop
  endfacet
  facet normal -0.537292 0.843396 0
    outer loop
      vertex -0.0249996 -4.54663 8.85
      vertex 0.361276 -4.30055 8.65
      vertex -0.0249996 -4.54663 8.65
    endloop
  endfacet
  facet normal 0.95372 0.300695 0
    outer loop
      vertex -7.58339 -1.79561 8.85
      vertex -7.72111 -1.3588 8.65
      vertex -7.72111 -1.3588 8.85
    endloop
  endfacet
  facet normal 0.95372 0.300695 0
    outer loop
      vertex -7.72111 -1.3588 8.65
      vertex -7.58339 -1.79561 8.85
      vertex -7.58339 -1.79561 8.65
    endloop
  endfacet
  facet normal -0.793341 -0.608778 0
    outer loop
      vertex 1.65055 3.01128 8.65
      vertex 1.37173 3.37463 8.85
      vertex 1.37173 3.37463 8.65
    endloop
  endfacet
  facet normal -0.793341 -0.608778 0
    outer loop
      vertex 1.37173 3.37463 8.85
      vertex 1.65055 3.01128 8.65
      vertex 1.65055 3.01128 8.85
    endloop
  endfacet
  facet normal 0.843399 0.537288 0
    outer loop
      vertex -6.95055 -3.01128 8.85
      vertex -7.19663 -2.625 8.65
      vertex -7.19663 -2.625 8.85
    endloop
  endfacet
  facet normal 0.843399 0.537288 0
    outer loop
      vertex -7.19663 -2.625 8.65
      vertex -6.95055 -3.01128 8.85
      vertex -6.95055 -3.01128 8.65
    endloop
  endfacet
  facet normal -0.382682 0.92388 0
    outer loop
      vertex -0.431253 -4.75812 8.65
      vertex -0.854394 -4.93339 8.85
      vertex -0.431253 -4.75812 8.85
    endloop
  endfacet
  facet normal -0.382682 0.92388 0
    outer loop
      vertex -0.854394 -4.93339 8.85
      vertex -0.431253 -4.75812 8.65
      vertex -0.854394 -4.93339 8.65
    endloop
  endfacet
  facet normal -0.887002 -0.461765 0
    outer loop
      vertex 2.10812 2.21875 8.65
      vertex 1.89663 2.625 8.85
      vertex 1.89663 2.625 8.65
    endloop
  endfacet
  facet normal -0.887002 -0.461765 0
    outer loop
      vertex 1.89663 2.625 8.85
      vertex 2.10812 2.21875 8.65
      vertex 2.10812 2.21875 8.85
    endloop
  endfacet
  facet normal -0.130525 0.991445 0
    outer loop
      vertex -1.73835 -5.17024 8.65
      vertex -2.19243 -5.23002 8.85
      vertex -1.73835 -5.17024 8.85
    endloop
  endfacet
  facet normal -0.130525 0.991445 0
    outer loop
      vertex -2.19243 -5.23002 8.85
      vertex -1.73835 -5.17024 8.65
      vertex -2.19243 -5.23002 8.65
    endloop
  endfacet
  facet normal 0.537288 0.843399 -0
    outer loop
      vertex -5.275 -4.54663 8.65
      vertex -5.66128 -4.30055 8.85
      vertex -5.275 -4.54663 8.85
    endloop
  endfacet
  facet normal 0.537288 0.843399 0
    outer loop
      vertex -5.66128 -4.30055 8.85
      vertex -5.275 -4.54663 8.65
      vertex -5.66128 -4.30055 8.65
    endloop
  endfacet
  facet normal 0.675582 0.737285 -0
    outer loop
      vertex -6.02463 -4.02173 8.65
      vertex -6.36231 -3.71231 8.85
      vertex -6.02463 -4.02173 8.85
    endloop
  endfacet
  facet normal 0.675582 0.737285 0
    outer loop
      vertex -6.36231 -3.71231 8.85
      vertex -6.02463 -4.02173 8.65
      vertex -6.36231 -3.71231 8.65
    endloop
  endfacet
  facet normal -0.461762 0.887004 0
    outer loop
      vertex -0.0249996 -4.54663 8.65
      vertex -0.431253 -4.75812 8.85
      vertex -0.0249996 -4.54663 8.85
    endloop
  endfacet
  facet normal -0.461762 0.887004 0
    outer loop
      vertex -0.431253 -4.75812 8.85
      vertex -0.0249996 -4.54663 8.65
      vertex -0.431253 -4.75812 8.65
    endloop
  endfacet
  facet normal 0.461765 -0.887002 0
    outer loop
      vertex -5.275 4.54663 8.65
      vertex -4.86875 4.75812 8.85
      vertex -5.275 4.54663 8.85
    endloop
  endfacet
  facet normal 0.461765 -0.887002 0
    outer loop
      vertex -4.86875 4.75812 8.85
      vertex -5.275 4.54663 8.65
      vertex -4.86875 4.75812 8.65
    endloop
  endfacet
  facet normal 0.991445 0.130523 0
    outer loop
      vertex -7.82024 -0.911653 8.85
      vertex -7.88002 -0.457567 8.65
      vertex -7.88002 -0.457567 8.85
    endloop
  endfacet
  facet normal 0.991445 0.130523 0
    outer loop
      vertex -7.88002 -0.457567 8.65
      vertex -7.82024 -0.911653 8.85
      vertex -7.82024 -0.911653 8.65
    endloop
  endfacet
  facet normal -0.793341 0.608778 0
    outer loop
      vertex 1.37173 -3.37463 8.65
      vertex 1.65055 -3.01128 8.85
      vertex 1.65055 -3.01128 8.65
    endloop
  endfacet
  facet normal -0.793341 0.608778 0
    outer loop
      vertex 1.65055 -3.01128 8.85
      vertex 1.37173 -3.37463 8.65
      vertex 1.37173 -3.37463 8.85
    endloop
  endfacet
  facet normal 0.92388 0.382683 0
    outer loop
      vertex -7.40812 -2.21875 8.85
      vertex -7.58339 -1.79561 8.65
      vertex -7.58339 -1.79561 8.85
    endloop
  endfacet
  facet normal 0.92388 0.382683 0
    outer loop
      vertex -7.58339 -1.79561 8.65
      vertex -7.40812 -2.21875 8.85
      vertex -7.40812 -2.21875 8.65
    endloop
  endfacet
  facet normal -0.608769 -0.793347 0
    outer loop
      vertex 0.361276 4.30055 8.65
      vertex 0.724634 4.02173 8.85
      vertex 0.361276 4.30055 8.85
    endloop
  endfacet
  facet normal -0.608769 -0.793347 -0
    outer loop
      vertex 0.724634 4.02173 8.85
      vertex 0.361276 4.30055 8.65
      vertex 0.724634 4.02173 8.65
    endloop
  endfacet
  facet normal -0.737285 -0.675582 0
    outer loop
      vertex 1.37173 3.37463 8.65
      vertex 1.06231 3.71231 8.85
      vertex 1.06231 3.71231 8.65
    endloop
  endfacet
  facet normal -0.737285 -0.675582 0
    outer loop
      vertex 1.06231 3.71231 8.85
      vertex 1.37173 3.37463 8.65
      vertex 1.37173 3.37463 8.85
    endloop
  endfacet
  facet normal -0.95372 -0.300695 0
    outer loop
      vertex 2.42111 1.3588 8.65
      vertex 2.28339 1.79561 8.85
      vertex 2.28339 1.79561 8.65
    endloop
  endfacet
  facet normal -0.95372 -0.300695 0
    outer loop
      vertex 2.28339 1.79561 8.85
      vertex 2.42111 1.3588 8.65
      vertex 2.42111 1.3588 8.85
    endloop
  endfacet
  facet normal 0.95372 -0.300695 0
    outer loop
      vertex -7.72111 1.3588 8.85
      vertex -7.58339 1.79561 8.65
      vertex -7.58339 1.79561 8.85
    endloop
  endfacet
  facet normal 0.95372 -0.300695 0
    outer loop
      vertex -7.58339 1.79561 8.65
      vertex -7.72111 1.3588 8.85
      vertex -7.72111 1.3588 8.65
    endloop
  endfacet
  facet normal 0.608778 -0.793341 0
    outer loop
      vertex -6.02463 4.02173 8.65
      vertex -5.66128 4.30055 8.85
      vertex -6.02463 4.02173 8.85
    endloop
  endfacet
  facet normal 0.608778 -0.793341 0
    outer loop
      vertex -5.66128 4.30055 8.85
      vertex -6.02463 4.02173 8.65
      vertex -5.66128 4.30055 8.65
    endloop
  endfacet
  facet normal -0.887002 0.461765 0
    outer loop
      vertex 1.89663 -2.625 8.65
      vertex 2.10812 -2.21875 8.85
      vertex 2.10812 -2.21875 8.65
    endloop
  endfacet
  facet normal -0.887002 0.461765 0
    outer loop
      vertex 2.10812 -2.21875 8.85
      vertex 1.89663 -2.625 8.65
      vertex 1.89663 -2.625 8.85
    endloop
  endfacet
  facet normal 0.300695 -0.95372 0
    outer loop
      vertex -4.44561 4.93339 8.65
      vertex -4.0088 5.07111 8.85
      vertex -4.44561 4.93339 8.85
    endloop
  endfacet
  facet normal 0.300695 -0.95372 0
    outer loop
      vertex -4.0088 5.07111 8.85
      vertex -4.44561 4.93339 8.65
      vertex -4.0088 5.07111 8.65
    endloop
  endfacet
  facet normal 0.999048 -0.0436242 0
    outer loop
      vertex -7.9 0 8.85
      vertex -7.88002 0.457567 8.65
      vertex -7.88002 0.457567 8.85
    endloop
  endfacet
  facet normal 0.999048 -0.0436242 0
    outer loop
      vertex -7.88002 0.457567 8.65
      vertex -7.9 0 8.85
      vertex -7.9 0 8.65
    endloop
  endfacet
  facet normal -0.999048 0.0436242 0
    outer loop
      vertex 2.58002 -0.457567 8.65
      vertex 2.6 0 8.85
      vertex 2.6 0 8.65
    endloop
  endfacet
  facet normal -0.999048 0.0436242 0
    outer loop
      vertex 2.6 0 8.85
      vertex 2.58002 -0.457567 8.65
      vertex 2.58002 -0.457567 8.85
    endloop
  endfacet
  facet normal 0.382683 -0.92388 0
    outer loop
      vertex -4.86875 4.75812 8.65
      vertex -4.44561 4.93339 8.85
      vertex -4.86875 4.75812 8.85
    endloop
  endfacet
  facet normal 0.382683 -0.92388 0
    outer loop
      vertex -4.44561 4.93339 8.85
      vertex -4.86875 4.75812 8.65
      vertex -4.44561 4.93339 8.65
    endloop
  endfacet
  facet normal -0.537292 -0.843396 0
    outer loop
      vertex -0.0249996 4.54663 8.65
      vertex 0.361276 4.30055 8.85
      vertex -0.0249996 4.54663 8.85
    endloop
  endfacet
  facet normal -0.537292 -0.843396 -0
    outer loop
      vertex 0.361276 4.30055 8.85
      vertex -0.0249996 4.54663 8.65
      vertex 0.361276 4.30055 8.65
    endloop
  endfacet
  facet normal 0.737285 0.675582 0
    outer loop
      vertex -6.36231 -3.71231 8.85
      vertex -6.67173 -3.37463 8.65
      vertex -6.67173 -3.37463 8.85
    endloop
  endfacet
  facet normal 0.737285 0.675582 0
    outer loop
      vertex -6.67173 -3.37463 8.65
      vertex -6.36231 -3.71231 8.85
      vertex -6.36231 -3.71231 8.65
    endloop
  endfacet
  facet normal 0.976296 0.216439 0
    outer loop
      vertex -7.72111 -1.3588 8.85
      vertex -7.82024 -0.911653 8.65
      vertex -7.82024 -0.911653 8.85
    endloop
  endfacet
  facet normal 0.976296 0.216439 0
    outer loop
      vertex -7.82024 -0.911653 8.65
      vertex -7.72111 -1.3588 8.85
      vertex -7.72111 -1.3588 8.65
    endloop
  endfacet
  facet normal -0.843399 -0.537288 0
    outer loop
      vertex 1.89663 2.625 8.65
      vertex 1.65055 3.01128 8.85
      vertex 1.65055 3.01128 8.65
    endloop
  endfacet
  facet normal -0.843399 -0.537288 0
    outer loop
      vertex 1.65055 3.01128 8.85
      vertex 1.89663 2.625 8.65
      vertex 1.89663 2.625 8.85
    endloop
  endfacet
  facet normal -0.300697 0.95372 0
    outer loop
      vertex -0.854394 -4.93339 8.65
      vertex -1.2912 -5.07111 8.85
      vertex -0.854394 -4.93339 8.85
    endloop
  endfacet
  facet normal -0.300697 0.95372 0
    outer loop
      vertex -1.2912 -5.07111 8.85
      vertex -0.854394 -4.93339 8.65
      vertex -1.2912 -5.07111 8.65
    endloop
  endfacet
  facet normal -0.675587 -0.737281 0
    outer loop
      vertex 0.724634 4.02173 8.65
      vertex 1.06231 3.71231 8.85
      vertex 0.724634 4.02173 8.85
    endloop
  endfacet
  facet normal -0.675587 -0.737281 -0
    outer loop
      vertex 1.06231 3.71231 8.85
      vertex 0.724634 4.02173 8.65
      vertex 1.06231 3.71231 8.65
    endloop
  endfacet
  facet normal -0.608769 0.793347 0
    outer loop
      vertex 0.724634 -4.02173 8.65
      vertex 0.361276 -4.30055 8.85
      vertex 0.724634 -4.02173 8.85
    endloop
  endfacet
  facet normal -0.608769 0.793347 0
    outer loop
      vertex 0.361276 -4.30055 8.85
      vertex 0.724634 -4.02173 8.65
      vertex 0.361276 -4.30055 8.65
    endloop
  endfacet
  facet normal 0.675582 -0.737285 0
    outer loop
      vertex -6.36231 3.71231 8.65
      vertex -6.02463 4.02173 8.85
      vertex -6.36231 3.71231 8.85
    endloop
  endfacet
  facet normal 0.675582 -0.737285 0
    outer loop
      vertex -6.02463 4.02173 8.85
      vertex -6.36231 3.71231 8.65
      vertex -6.02463 4.02173 8.65
    endloop
  endfacet
  facet normal -0.95372 0.300695 0
    outer loop
      vertex 2.28339 -1.79561 8.65
      vertex 2.42111 -1.3588 8.85
      vertex 2.42111 -1.3588 8.65
    endloop
  endfacet
  facet normal -0.95372 0.300695 0
    outer loop
      vertex 2.42111 -1.3588 8.85
      vertex 2.28339 -1.79561 8.65
      vertex 2.28339 -1.79561 8.85
    endloop
  endfacet
  facet normal -0.92388 -0.382683 0
    outer loop
      vertex 2.28339 1.79561 8.65
      vertex 2.10812 2.21875 8.85
      vertex 2.10812 2.21875 8.65
    endloop
  endfacet
  facet normal -0.92388 -0.382683 0
    outer loop
      vertex 2.10812 2.21875 8.85
      vertex 2.28339 1.79561 8.65
      vertex 2.28339 1.79561 8.85
    endloop
  endfacet
  facet normal -0.382682 -0.92388 0
    outer loop
      vertex -0.854394 4.93339 8.65
      vertex -0.431253 4.75812 8.85
      vertex -0.854394 4.93339 8.85
    endloop
  endfacet
  facet normal -0.382682 -0.92388 -0
    outer loop
      vertex -0.431253 4.75812 8.85
      vertex -0.854394 4.93339 8.65
      vertex -0.431253 4.75812 8.65
    endloop
  endfacet
  facet normal -0.0436239 0.999048 0
    outer loop
      vertex -2.19243 -5.23002 8.65
      vertex -2.65 -5.25 8.85
      vertex -2.19243 -5.23002 8.85
    endloop
  endfacet
  facet normal -0.0436239 0.999048 0
    outer loop
      vertex -2.65 -5.25 8.85
      vertex -2.19243 -5.23002 8.65
      vertex -2.65 -5.25 8.65
    endloop
  endfacet
  facet normal -0.843399 0.537288 0
    outer loop
      vertex 1.65055 -3.01128 8.65
      vertex 1.89663 -2.625 8.85
      vertex 1.89663 -2.625 8.65
    endloop
  endfacet
  facet normal -0.843399 0.537288 0
    outer loop
      vertex 1.89663 -2.625 8.85
      vertex 1.65055 -3.01128 8.65
      vertex 1.65055 -3.01128 8.85
    endloop
  endfacet
  facet normal 0.843399 -0.537288 0
    outer loop
      vertex -7.19663 2.625 8.85
      vertex -6.95055 3.01128 8.65
      vertex -6.95055 3.01128 8.85
    endloop
  endfacet
  facet normal 0.843399 -0.537288 0
    outer loop
      vertex -6.95055 3.01128 8.65
      vertex -7.19663 2.625 8.85
      vertex -7.19663 2.625 8.65
    endloop
  endfacet
  facet normal -0.92388 0.382683 0
    outer loop
      vertex 2.10812 -2.21875 8.65
      vertex 2.28339 -1.79561 8.85
      vertex 2.28339 -1.79561 8.65
    endloop
  endfacet
  facet normal -0.92388 0.382683 0
    outer loop
      vertex 2.28339 -1.79561 8.85
      vertex 2.10812 -2.21875 8.65
      vertex 2.10812 -2.21875 8.85
    endloop
  endfacet
  facet normal -0.461762 -0.887004 0
    outer loop
      vertex -0.431253 4.75812 8.65
      vertex -0.0249996 4.54663 8.85
      vertex -0.431253 4.75812 8.85
    endloop
  endfacet
  facet normal -0.461762 -0.887004 -0
    outer loop
      vertex -0.0249996 4.54663 8.85
      vertex -0.431253 4.75812 8.65
      vertex -0.0249996 4.54663 8.65
    endloop
  endfacet
  facet normal 0.130525 -0.991445 0
    outer loop
      vertex -3.56165 5.17024 8.65
      vertex -3.10757 5.23002 8.85
      vertex -3.56165 5.17024 8.85
    endloop
  endfacet
  facet normal 0.130525 -0.991445 0
    outer loop
      vertex -3.10757 5.23002 8.85
      vertex -3.56165 5.17024 8.65
      vertex -3.10757 5.23002 8.65
    endloop
  endfacet
  facet normal 0.976296 -0.216439 0
    outer loop
      vertex -7.82024 0.911653 8.85
      vertex -7.72111 1.3588 8.65
      vertex -7.72111 1.3588 8.85
    endloop
  endfacet
  facet normal 0.976296 -0.216439 0
    outer loop
      vertex -7.72111 1.3588 8.65
      vertex -7.82024 0.911653 8.85
      vertex -7.82024 0.911653 8.65
    endloop
  endfacet
  facet normal 0.461765 0.887002 -0
    outer loop
      vertex -4.86875 -4.75812 8.65
      vertex -5.275 -4.54663 8.85
      vertex -4.86875 -4.75812 8.85
    endloop
  endfacet
  facet normal 0.461765 0.887002 0
    outer loop
      vertex -5.275 -4.54663 8.85
      vertex -4.86875 -4.75812 8.65
      vertex -5.275 -4.54663 8.65
    endloop
  endfacet
  facet normal 0.300695 0.95372 -0
    outer loop
      vertex -4.0088 -5.07111 8.65
      vertex -4.44561 -4.93339 8.85
      vertex -4.0088 -5.07111 8.85
    endloop
  endfacet
  facet normal 0.300695 0.95372 0
    outer loop
      vertex -4.44561 -4.93339 8.85
      vertex -4.0088 -5.07111 8.65
      vertex -4.44561 -4.93339 8.65
    endloop
  endfacet
  facet normal 0.793341 0.608778 0
    outer loop
      vertex -6.67173 -3.37463 8.85
      vertex -6.95055 -3.01128 8.65
      vertex -6.95055 -3.01128 8.85
    endloop
  endfacet
  facet normal 0.793341 0.608778 0
    outer loop
      vertex -6.95055 -3.01128 8.65
      vertex -6.67173 -3.37463 8.85
      vertex -6.67173 -3.37463 8.65
    endloop
  endfacet
  facet normal 0.0436239 -0.999048 0
    outer loop
      vertex -3.10757 5.23002 8.65
      vertex -2.65 5.25 8.85
      vertex -3.10757 5.23002 8.85
    endloop
  endfacet
  facet normal 0.0436239 -0.999048 0
    outer loop
      vertex -2.65 5.25 8.85
      vertex -3.10757 5.23002 8.65
      vertex -2.65 5.25 8.65
    endloop
  endfacet
  facet normal -0.216438 0.976296 0
    outer loop
      vertex -1.2912 -5.07111 8.65
      vertex -1.73835 -5.17024 8.85
      vertex -1.2912 -5.07111 8.85
    endloop
  endfacet
  facet normal -0.216438 0.976296 0
    outer loop
      vertex -1.73835 -5.17024 8.85
      vertex -1.2912 -5.07111 8.65
      vertex -1.73835 -5.17024 8.65
    endloop
  endfacet
  facet normal 0.92388 -0.382683 0
    outer loop
      vertex -7.58339 1.79561 8.85
      vertex -7.40812 2.21875 8.65
      vertex -7.40812 2.21875 8.85
    endloop
  endfacet
  facet normal 0.92388 -0.382683 0
    outer loop
      vertex -7.40812 2.21875 8.65
      vertex -7.58339 1.79561 8.85
      vertex -7.58339 1.79561 8.65
    endloop
  endfacet
  facet normal 0.887002 0.461765 0
    outer loop
      vertex -7.19663 -2.625 8.85
      vertex -7.40812 -2.21875 8.65
      vertex -7.40812 -2.21875 8.85
    endloop
  endfacet
  facet normal 0.887002 0.461765 0
    outer loop
      vertex -7.40812 -2.21875 8.65
      vertex -7.19663 -2.625 8.85
      vertex -7.19663 -2.625 8.65
    endloop
  endfacet
  facet normal -0.0436239 -0.999048 0
    outer loop
      vertex -2.65 5.25 8.65
      vertex -2.19243 5.23002 8.85
      vertex -2.65 5.25 8.85
    endloop
  endfacet
  facet normal -0.0436239 -0.999048 -0
    outer loop
      vertex -2.19243 5.23002 8.85
      vertex -2.65 5.25 8.65
      vertex -2.19243 5.23002 8.65
    endloop
  endfacet
  facet normal 0.216438 0.976296 -0
    outer loop
      vertex -3.56165 -5.17024 8.65
      vertex -4.0088 -5.07111 8.85
      vertex -3.56165 -5.17024 8.85
    endloop
  endfacet
  facet normal 0.216438 0.976296 0
    outer loop
      vertex -4.0088 -5.07111 8.85
      vertex -3.56165 -5.17024 8.65
      vertex -4.0088 -5.07111 8.65
    endloop
  endfacet
  facet normal 0.608778 0.793341 -0
    outer loop
      vertex -5.66128 -4.30055 8.65
      vertex -6.02463 -4.02173 8.85
      vertex -5.66128 -4.30055 8.85
    endloop
  endfacet
  facet normal 0.608778 0.793341 0
    outer loop
      vertex -6.02463 -4.02173 8.85
      vertex -5.66128 -4.30055 8.65
      vertex -6.02463 -4.02173 8.65
    endloop
  endfacet
  facet normal 0.793341 -0.608778 0
    outer loop
      vertex -6.95055 3.01128 8.85
      vertex -6.67173 3.37463 8.65
      vertex -6.67173 3.37463 8.85
    endloop
  endfacet
  facet normal 0.793341 -0.608778 0
    outer loop
      vertex -6.67173 3.37463 8.65
      vertex -6.95055 3.01128 8.85
      vertex -6.95055 3.01128 8.65
    endloop
  endfacet
  facet normal -0.991445 0.130523 0
    outer loop
      vertex 2.52024 -0.911653 8.65
      vertex 2.58002 -0.457567 8.85
      vertex 2.58002 -0.457567 8.65
    endloop
  endfacet
  facet normal -0.991445 0.130523 0
    outer loop
      vertex 2.58002 -0.457567 8.85
      vertex 2.52024 -0.911653 8.65
      vertex 2.52024 -0.911653 8.85
    endloop
  endfacet
  facet normal 0.382683 0.92388 -0
    outer loop
      vertex -4.44561 -4.93339 8.65
      vertex -4.86875 -4.75812 8.85
      vertex -4.44561 -4.93339 8.85
    endloop
  endfacet
  facet normal 0.382683 0.92388 0
    outer loop
      vertex -4.86875 -4.75812 8.85
      vertex -4.44561 -4.93339 8.65
      vertex -4.86875 -4.75812 8.65
    endloop
  endfacet
  facet normal -0.130525 -0.991445 0
    outer loop
      vertex -2.19243 5.23002 8.65
      vertex -1.73835 5.17024 8.85
      vertex -2.19243 5.23002 8.85
    endloop
  endfacet
  facet normal -0.130525 -0.991445 -0
    outer loop
      vertex -1.73835 5.17024 8.85
      vertex -2.19243 5.23002 8.65
      vertex -1.73835 5.17024 8.65
    endloop
  endfacet
  facet normal -0.976296 0.216439 0
    outer loop
      vertex 2.42111 -1.3588 8.65
      vertex 2.52024 -0.911653 8.85
      vertex 2.52024 -0.911653 8.65
    endloop
  endfacet
  facet normal -0.976296 0.216439 0
    outer loop
      vertex 2.52024 -0.911653 8.85
      vertex 2.42111 -1.3588 8.65
      vertex 2.42111 -1.3588 8.85
    endloop
  endfacet
  facet normal 0.216438 -0.976296 0
    outer loop
      vertex -4.0088 5.07111 8.65
      vertex -3.56165 5.17024 8.85
      vertex -4.0088 5.07111 8.85
    endloop
  endfacet
  facet normal 0.216438 -0.976296 0
    outer loop
      vertex -3.56165 5.17024 8.85
      vertex -4.0088 5.07111 8.65
      vertex -3.56165 5.17024 8.65
    endloop
  endfacet
  facet normal -0.300697 -0.95372 0
    outer loop
      vertex -1.2912 5.07111 8.65
      vertex -0.854394 4.93339 8.85
      vertex -1.2912 5.07111 8.85
    endloop
  endfacet
  facet normal -0.300697 -0.95372 -0
    outer loop
      vertex -0.854394 4.93339 8.85
      vertex -1.2912 5.07111 8.65
      vertex -0.854394 4.93339 8.65
    endloop
  endfacet
  facet normal 0.991445 -0.130523 0
    outer loop
      vertex -7.88002 0.457567 8.85
      vertex -7.82024 0.911653 8.65
      vertex -7.82024 0.911653 8.85
    endloop
  endfacet
  facet normal 0.991445 -0.130523 0
    outer loop
      vertex -7.82024 0.911653 8.65
      vertex -7.88002 0.457567 8.85
      vertex -7.88002 0.457567 8.65
    endloop
  endfacet
  facet normal 0.887002 -0.461765 0
    outer loop
      vertex -7.40812 2.21875 8.85
      vertex -7.19663 2.625 8.65
      vertex -7.19663 2.625 8.85
    endloop
  endfacet
  facet normal 0.887002 -0.461765 0
    outer loop
      vertex -7.19663 2.625 8.65
      vertex -7.40812 2.21875 8.85
      vertex -7.40812 2.21875 8.65
    endloop
  endfacet
  facet normal 0.0436239 0.999048 -0
    outer loop
      vertex -2.65 -5.25 8.65
      vertex -3.10757 -5.23002 8.85
      vertex -2.65 -5.25 8.85
    endloop
  endfacet
  facet normal 0.0436239 0.999048 0
    outer loop
      vertex -3.10757 -5.23002 8.85
      vertex -2.65 -5.25 8.65
      vertex -3.10757 -5.23002 8.65
    endloop
  endfacet
  facet normal 0.537288 -0.843399 0
    outer loop
      vertex -5.66128 4.30055 8.65
      vertex -5.275 4.54663 8.85
      vertex -5.66128 4.30055 8.85
    endloop
  endfacet
  facet normal 0.537288 -0.843399 0
    outer loop
      vertex -5.275 4.54663 8.85
      vertex -5.66128 4.30055 8.65
      vertex -5.275 4.54663 8.65
    endloop
  endfacet
  facet normal 0.737285 -0.675582 0
    outer loop
      vertex -6.67173 3.37463 8.85
      vertex -6.36231 3.71231 8.65
      vertex -6.36231 3.71231 8.85
    endloop
  endfacet
  facet normal 0.737285 -0.675582 0
    outer loop
      vertex -6.36231 3.71231 8.65
      vertex -6.67173 3.37463 8.85
      vertex -6.67173 3.37463 8.65
    endloop
  endfacet
  facet normal -0.737285 0.675582 0
    outer loop
      vertex 1.06231 -3.71231 8.65
      vertex 1.37173 -3.37463 8.85
      vertex 1.37173 -3.37463 8.65
    endloop
  endfacet
  facet normal -0.737285 0.675582 0
    outer loop
      vertex 1.37173 -3.37463 8.85
      vertex 1.06231 -3.71231 8.65
      vertex 1.06231 -3.71231 8.85
    endloop
  endfacet
  facet normal -0.216438 -0.976296 0
    outer loop
      vertex -1.73835 5.17024 8.65
      vertex -1.2912 5.07111 8.85
      vertex -1.73835 5.17024 8.85
    endloop
  endfacet
  facet normal -0.216438 -0.976296 -0
    outer loop
      vertex -1.2912 5.07111 8.85
      vertex -1.73835 5.17024 8.65
      vertex -1.2912 5.07111 8.65
    endloop
  endfacet
  facet normal 0.130525 0.991445 -0
    outer loop
      vertex -3.10757 -5.23002 8.65
      vertex -3.56165 -5.17024 8.85
      vertex -3.10757 -5.23002 8.85
    endloop
  endfacet
  facet normal 0.130525 0.991445 0
    outer loop
      vertex -3.56165 -5.17024 8.85
      vertex -3.10757 -5.23002 8.65
      vertex -3.56165 -5.17024 8.65
    endloop
  endfacet
  facet normal -0.675587 0.737281 0
    outer loop
      vertex 1.06231 -3.71231 8.65
      vertex 0.724634 -4.02173 8.85
      vertex 1.06231 -3.71231 8.85
    endloop
  endfacet
  facet normal -0.675587 0.737281 0
    outer loop
      vertex 0.724634 -4.02173 8.85
      vertex 1.06231 -3.71231 8.65
      vertex 0.724634 -4.02173 8.65
    endloop
  endfacet
  facet normal 0 0 -1
    outer loop
      vertex 2.58002 -0.457567 8.85
      vertex 2.58002 0.457567 8.85
      vertex 2.6 0 8.85
    endloop
  endfacet
  facet normal 0 0 -1
    outer loop
      vertex 2.52024 -0.911653 8.85
      vertex 2.58002 0.457567 8.85
      vertex 2.58002 -0.457567 8.85
    endloop
  endfacet
  facet normal 0 0 -1
    outer loop
      vertex 2.52024 -0.911653 8.85
      vertex 2.52024 0.911653 8.85
      vertex 2.58002 0.457567 8.85
    endloop
  endfacet
  facet normal 0 0 -1
    outer loop
      vertex 2.42111 -1.3588 8.85
      vertex 2.52024 0.911653 8.85
      vertex 2.52024 -0.911653 8.85
    endloop
  endfacet
  facet normal 0 0 -1
    outer loop
      vertex 2.42111 -1.3588 8.85
      vertex 2.42111 1.3588 8.85
      vertex 2.52024 0.911653 8.85
    endloop
  endfacet
  facet normal 0 0 -1
    outer loop
      vertex 2.28339 -1.79561 8.85
      vertex 2.42111 1.3588 8.85
      vertex 2.42111 -1.3588 8.85
    endloop
  endfacet
  facet normal 0 0 -1
    outer loop
      vertex 2.28339 -1.79561 8.85
      vertex 2.28339 1.79561 8.85
      vertex 2.42111 1.3588 8.85
    endloop
  endfacet
  facet normal 0 0 -1
    outer loop
      vertex 2.10812 -2.21875 8.85
      vertex 2.28339 1.79561 8.85
      vertex 2.28339 -1.79561 8.85
    endloop
  endfacet
  facet normal 0 0 -1
    outer loop
      vertex 2.10812 -2.21875 8.85
      vertex 2.10812 2.21875 8.85
      vertex 2.28339 1.79561 8.85
    endloop
  endfacet
  facet normal 0 0 -1
    outer loop
      vertex 1.89663 -2.625 8.85
      vertex 2.10812 2.21875 8.85
      vertex 2.10812 -2.21875 8.85
    endloop
  endfacet
  facet normal 0 0 -1
    outer loop
      vertex 1.89663 -2.625 8.85
      vertex 1.89663 2.625 8.85
      vertex 2.10812 2.21875 8.85
    endloop
  endfacet
  facet normal 0 0 -1
    outer loop
      vertex 1.65055 -3.01128 8.85
      vertex 1.89663 2.625 8.85
      vertex 1.89663 -2.625 8.85
    endloop
  endfacet
  facet normal 0 0 -1
    outer loop
      vertex 1.65055 -3.01128 8.85
      vertex 1.65055 3.01128 8.85
      vertex 1.89663 2.625 8.85
    endloop
  endfacet
  facet normal 0 0 -1
    outer loop
      vertex 1.37173 -3.37463 8.85
      vertex 1.65055 3.01128 8.85
      vertex 1.65055 -3.01128 8.85
    endloop
  endfacet
  facet normal 0 0 -1
    outer loop
      vertex 1.37173 -3.37463 8.85
      vertex 1.37173 3.37463 8.85
      vertex 1.65055 3.01128 8.85
    endloop
  endfacet
  facet normal 0 0 -1
    outer loop
      vertex 1.06231 -3.71231 8.85
      vertex 1.37173 3.37463 8.85
      vertex 1.37173 -3.37463 8.85
    endloop
  endfacet
  facet normal 0 0 -1
    outer loop
      vertex 1.06231 -3.71231 8.85
      vertex 1.06231 3.71231 8.85
      vertex 1.37173 3.37463 8.85
    endloop
  endfacet
  facet normal 0 0 -1
    outer loop
      vertex 0.724634 -4.02173 8.85
      vertex 1.06231 3.71231 8.85
      vertex 1.06231 -3.71231 8.85
    endloop
  endfacet
  facet normal 0 0 -1
    outer loop
      vertex 0.724634 -4.02173 8.85
      vertex 0.724634 4.02173 8.85
      vertex 1.06231 3.71231 8.85
    endloop
  endfacet
  facet normal 0 0 -1
    outer loop
      vertex 0.361276 -4.30055 8.85
      vertex 0.724634 4.02173 8.85
      vertex 0.724634 -4.02173 8.85
    endloop
  endfacet
  facet normal 0 0 -1
    outer loop
      vertex 0.361276 -4.30055 8.85
      vertex 0.361276 4.30055 8.85
      vertex 0.724634 4.02173 8.85
    endloop
  endfacet
  facet normal 0 0 -1
    outer loop
      vertex -0.0249996 -4.54663 8.85
      vertex 0.361276 4.30055 8.85
      vertex 0.361276 -4.30055 8.85
    endloop
  endfacet
  facet normal 0 0 -1
    outer loop
      vertex -0.0249996 -4.54663 8.85
      vertex -0.0249996 4.54663 8.85
      vertex 0.361276 4.30055 8.85
    endloop
  endfacet
  facet normal 0 0 -1
    outer loop
      vertex -0.431253 -4.75812 8.85
      vertex -0.0249996 4.54663 8.85
      vertex -0.0249996 -4.54663 8.85
    endloop
  endfacet
  facet normal 0 0 -1
    outer loop
      vertex -0.431253 -4.75812 8.85
      vertex -0.431253 4.75812 8.85
      vertex -0.0249996 4.54663 8.85
    endloop
  endfacet
  facet normal 0 0 -1
    outer loop
      vertex -0.854394 -4.93339 8.85
      vertex -0.431253 4.75812 8.85
      vertex -0.431253 -4.75812 8.85
    endloop
  endfacet
  facet normal 0 0 -1
    outer loop
      vertex -0.854394 -4.93339 8.85
      vertex -0.854394 4.93339 8.85
      vertex -0.431253 4.75812 8.85
    endloop
  endfacet
  facet normal 0 0 -1
    outer loop
      vertex -1.2912 -5.07111 8.85
      vertex -0.854394 4.93339 8.85
      vertex -0.854394 -4.93339 8.85
    endloop
  endfacet
  facet normal 0 0 -1
    outer loop
      vertex -1.2912 -5.07111 8.85
      vertex -1.2912 5.07111 8.85
      vertex -0.854394 4.93339 8.85
    endloop
  endfacet
  facet normal 0 0 -1
    outer loop
      vertex -1.73835 -5.17024 8.85
      vertex -1.2912 5.07111 8.85
      vertex -1.2912 -5.07111 8.85
    endloop
  endfacet
  facet normal 0 0 -1
    outer loop
      vertex -1.73835 -5.17024 8.85
      vertex -1.73835 5.17024 8.85
      vertex -1.2912 5.07111 8.85
    endloop
  endfacet
  facet normal 0 0 -1
    outer loop
      vertex -2.19243 -5.23002 8.85
      vertex -1.73835 5.17024 8.85
      vertex -1.73835 -5.17024 8.85
    endloop
  endfacet
  facet normal 0 0 -1
    outer loop
      vertex -2.19243 -5.23002 8.85
      vertex -2.19243 5.23002 8.85
      vertex -1.73835 5.17024 8.85
    endloop
  endfacet
  facet normal 0 0 -1
    outer loop
      vertex -2.65 -5.25 8.85
      vertex -2.19243 5.23002 8.85
      vertex -2.19243 -5.23002 8.85
    endloop
  endfacet
  facet normal 0 0 -1
    outer loop
      vertex -2.65 -5.25 8.85
      vertex -2.65 5.25 8.85
      vertex -2.19243 5.23002 8.85
    endloop
  endfacet
  facet normal 0 0 -1
    outer loop
      vertex -3.10757 -5.23002 8.85
      vertex -2.65 5.25 8.85
      vertex -2.65 -5.25 8.85
    endloop
  endfacet
  facet normal 0 0 -1
    outer loop
      vertex -3.10757 -5.23002 8.85
      vertex -3.10757 5.23002 8.85
      vertex -2.65 5.25 8.85
    endloop
  endfacet
  facet normal 0 0 -1
    outer loop
      vertex -3.56165 -5.17024 8.85
      vertex -3.10757 5.23002 8.85
      vertex -3.10757 -5.23002 8.85
    endloop
  endfacet
  facet normal 0 0 -1
    outer loop
      vertex -3.56165 -5.17024 8.85
      vertex -3.56165 5.17024 8.85
      vertex -3.10757 5.23002 8.85
    endloop
  endfacet
  facet normal 0 0 -1
    outer loop
      vertex -4.0088 -5.07111 8.85
      vertex -3.56165 5.17024 8.85
      vertex -3.56165 -5.17024 8.85
    endloop
  endfacet
  facet normal 0 0 -1
    outer loop
      vertex -4.0088 -5.07111 8.85
      vertex -4.0088 5.07111 8.85
      vertex -3.56165 5.17024 8.85
    endloop
  endfacet
  facet normal 0 0 -1
    outer loop
      vertex -4.44561 -4.93339 8.85
      vertex -4.0088 5.07111 8.85
      vertex -4.0088 -5.07111 8.85
    endloop
  endfacet
  facet normal 0 0 -1
    outer loop
      vertex -4.44561 -4.93339 8.85
      vertex -4.44561 4.93339 8.85
      vertex -4.0088 5.07111 8.85
    endloop
  endfacet
  facet normal 0 0 -1
    outer loop
      vertex -4.86875 -4.75812 8.85
      vertex -4.44561 4.93339 8.85
      vertex -4.44561 -4.93339 8.85
    endloop
  endfacet
  facet normal 0 0 -1
    outer loop
      vertex -4.86875 -4.75812 8.85
      vertex -4.86875 4.75812 8.85
      vertex -4.44561 4.93339 8.85
    endloop
  endfacet
  facet normal 0 0 -1
    outer loop
      vertex -5.275 -4.54663 8.85
      vertex -4.86875 4.75812 8.85
      vertex -4.86875 -4.75812 8.85
    endloop
  endfacet
  facet normal 0 0 -1
    outer loop
      vertex -5.275 -4.54663 8.85
      vertex -5.275 4.54663 8.85
      vertex -4.86875 4.75812 8.85
    endloop
  endfacet
  facet normal 0 0 -1
    outer loop
      vertex -5.66128 -4.30055 8.85
      vertex -5.275 4.54663 8.85
      vertex -5.275 -4.54663 8.85
    endloop
  endfacet
  facet normal 0 0 -1
    outer loop
      vertex -5.66128 -4.30055 8.85
      vertex -5.66128 4.30055 8.85
      vertex -5.275 4.54663 8.85
    endloop
  endfacet
  facet normal 0 0 -1
    outer loop
      vertex -6.02463 -4.02173 8.85
      vertex -5.66128 4.30055 8.85
      vertex -5.66128 -4.30055 8.85
    endloop
  endfacet
  facet normal 0 0 -1
    outer loop
      vertex -6.02463 -4.02173 8.85
      vertex -6.02463 4.02173 8.85
      vertex -5.66128 4.30055 8.85
    endloop
  endfacet
  facet normal 0 0 -1
    outer loop
      vertex -6.36231 -3.71231 8.85
      vertex -6.02463 4.02173 8.85
      vertex -6.02463 -4.02173 8.85
    endloop
  endfacet
  facet normal 0 0 -1
    outer loop
      vertex -6.36231 -3.71231 8.85
      vertex -6.36231 3.71231 8.85
      vertex -6.02463 4.02173 8.85
    endloop
  endfacet
  facet normal 0 0 -1
    outer loop
      vertex -6.67173 -3.37463 8.85
      vertex -6.36231 3.71231 8.85
      vertex -6.36231 -3.71231 8.85
    endloop
  endfacet
  facet normal 0 0 -1
    outer loop
      vertex -6.67173 -3.37463 8.85
      vertex -6.67173 3.37463 8.85
      vertex -6.36231 3.71231 8.85
    endloop
  endfacet
  facet normal 0 0 -1
    outer loop
      vertex -6.95055 -3.01128 8.85
      vertex -6.67173 3.37463 8.85
      vertex -6.67173 -3.37463 8.85
    endloop
  endfacet
  facet normal 0 0 -1
    outer loop
      vertex -6.95055 -3.01128 8.85
      vertex -6.95055 3.01128 8.85
      vertex -6.67173 3.37463 8.85
    endloop
  endfacet
  facet normal 0 0 -1
    outer loop
      vertex -7.19663 -2.625 8.85
      vertex -6.95055 3.01128 8.85
      vertex -6.95055 -3.01128 8.85
    endloop
  endfacet
  facet normal 0 0 -1
    outer loop
      vertex -7.19663 -2.625 8.85
      vertex -7.19663 2.625 8.85
      vertex -6.95055 3.01128 8.85
    endloop
  endfacet
  facet normal 0 0 -1
    outer loop
      vertex -7.40812 -2.21875 8.85
      vertex -7.19663 2.625 8.85
      vertex -7.19663 -2.625 8.85
    endloop
  endfacet
  facet normal 0 0 -1
    outer loop
      vertex -7.40812 -2.21875 8.85
      vertex -7.40812 2.21875 8.85
      vertex -7.19663 2.625 8.85
    endloop
  endfacet
  facet normal 0 0 -1
    outer loop
      vertex -7.58339 -1.79561 8.85
      vertex -7.40812 2.21875 8.85
      vertex -7.40812 -2.21875 8.85
    endloop
  endfacet
  facet normal 0 0 -1
    outer loop
      vertex -7.58339 -1.79561 8.85
      vertex -7.58339 1.79561 8.85
      vertex -7.40812 2.21875 8.85
    endloop
  endfacet
  facet normal 0 0 -1
    outer loop
      vertex -7.72111 -1.3588 8.85
      vertex -7.58339 1.79561 8.85
      vertex -7.58339 -1.79561 8.85
    endloop
  endfacet
  facet normal 0 0 -1
    outer loop
      vertex -7.72111 -1.3588 8.85
      vertex -7.72111 1.3588 8.85
      vertex -7.58339 1.79561 8.85
    endloop
  endfacet
  facet normal 0 0 -1
    outer loop
      vertex -7.82024 -0.911653 8.85
      vertex -7.72111 1.3588 8.85
      vertex -7.72111 -1.3588 8.85
    endloop
  endfacet
  facet normal 0 0 -1
    outer loop
      vertex -7.82024 -0.911653 8.85
      vertex -7.82024 0.911653 8.85
      vertex -7.72111 1.3588 8.85
    endloop
  endfacet
  facet normal 0 0 -1
    outer loop
      vertex -7.88002 -0.457567 8.85
      vertex -7.82024 0.911653 8.85
      vertex -7.82024 -0.911653 8.85
    endloop
  endfacet
  facet normal 0 0 -1
    outer loop
      vertex -7.88002 -0.457567 8.85
      vertex -7.88002 0.457567 8.85
      vertex -7.82024 0.911653 8.85
    endloop
  endfacet
  facet normal 0 -0 -1
    outer loop
      vertex -7.88002 0.457567 8.85
      vertex -7.88002 -0.457567 8.85
      vertex -7.9 0 8.85
    endloop
  endfacet
endsolid OpenSCAD_Model
