solid OpenSCAD_Model
  facet normal 0.0632622 0.964011 0.258225
    outer loop
      vertex 17.0647 12.5873 5.72791
      vertex 17.0647 12.435 6.29648
      vertex 17.6209 12.3985 6.29648
    endloop
  endfacet
  facet normal -0.866384 0.427344 0.258369
    outer loop
      vertex -27.6039 5.67723 5.72791
      vertex -27.8593 5.15944 5.72791
      vertex -27.7185 5.10114 6.29648
    endloop
  endfacet
  facet normal 0.126101 0.957635 0.258909
    outer loop
      vertex 17.6407 12.5496 5.72791
      vertex 18.3301 12.3051 6.29648
      vertex 18.35 12.4562 5.72791
    endloop
  endfacet
  facet normal 0.126119 0.957638 0.258889
    outer loop
      vertex 18.3301 12.3051 6.29648
      vertex 17.6407 12.5496 5.72791
      vertex 17.6209 12.3985 6.29648
    endloop
  endfacet
  facet normal -0.965946 0 0.258743
    outer loop
      vertex -28.9635 -0.00498962 5.72791
      vertex -28.8112 0.00498962 6.29648
      vertex -28.9635 0.00498962 5.72791
    endloop
  endfacet
  facet normal -0.965946 0 0.258743
    outer loop
      vertex -28.8112 0.00498962 6.29648
      vertex -28.9635 -0.00498962 5.72791
      vertex -28.8112 -0.00498962 6.29648
    endloop
  endfacet
  facet normal -0.989376 0.0648202 0.130126
    outer loop
      vertex -28.9707 1.30578 5.14431
      vertex -29.0091 0.719666 5.14431
      vertex -28.8946 1.29575 5.72791
    endloop
  endfacet
  facet normal -0.0392886 -0.124594 0.99143
    outer loop
      vertex -19.3818 -8.55846 9.26353
      vertex -18.5485 -8.20987 9.34036
      vertex -19.2307 -7.99475 9.34036
    endloop
  endfacet
  facet normal -0.0392843 -0.124604 0.991429
    outer loop
      vertex -18.5485 -8.20987 9.34036
      vertex -19.3818 -8.55846 9.26353
      vertex -18.6995 -8.77357 9.26353
    endloop
  endfacet
  facet normal -0.458293 -0.401923 0.792733
    outer loop
      vertex -24.615 -6.79779 8.59161
      vertex -24.9855 -7.08208 8.23328
      vertex -24.7296 -7.37387 8.23328
    endloop
  endfacet
  facet normal -0.819606 -0.426633 0.3824
    outer loop
      vertex -27.472 -5.60105 6.29648
      vertex -26.9466 -6.12296 6.8403
      vertex -27.2769 -5.48842 6.8403
    endloop
  endfacet
  facet normal -0.819606 -0.426633 0.3824
    outer loop
      vertex -26.9466 -6.12296 6.8403
      vertex -27.472 -5.60105 6.29648
      vertex -27.1417 -6.23559 6.29648
    endloop
  endfacet
  facet normal -0.382684 0 0.923879
    outer loop
      vertex -26.5403 0.00498962 8.88593
      vertex -25.9965 -0.00498962 9.11118
      vertex -25.9965 0.00498962 9.11118
    endloop
  endfacet
  facet normal -0.382684 0 0.923879
    outer loop
      vertex -25.9965 -0.00498962 9.11118
      vertex -26.5403 0.00498962 8.88593
      vertex -26.5403 -0.00498962 8.88593
    endloop
  endfacet
  facet normal -0.527229 0.68708 0.499951
    outer loop
      vertex -23.5102 9.92395 6.8403
      vertex -23.8986 9.25498 7.35007
      vertex -23.3311 9.69045 7.35007
    endloop
  endfacet
  facet normal -0.527144 0.687089 0.500028
    outer loop
      vertex -23.8986 9.25498 7.35007
      vertex -23.5102 9.92395 6.8403
      vertex -24.0778 9.48848 6.8403
    endloop
  endfacet
  facet normal 0 0.99143 0.130639
    outer loop
      vertex 16.35 12.6954 5.14431
      vertex -2.35476 12.6185 5.72791
      vertex 16.35 12.6185 5.72791
    endloop
  endfacet
  facet normal 5.46275e-05 0.991202 0.13236
    outer loop
      vertex -2.35476 12.6185 5.72791
      vertex 16.35 12.6954 5.14431
      vertex -2.39643 12.6214 5.70621
    endloop
  endfacet
  facet normal -5.24074e-05 0.991664 0.12885
    outer loop
      vertex -2.39643 12.6214 5.70621
      vertex 16.35 12.6954 5.14431
      vertex -2.44479 12.624 5.68618
    endloop
  endfacet
  facet normal 4.32591e-05 0.991235 0.132111
    outer loop
      vertex -2.44479 12.624 5.68618
      vertex 16.35 12.6954 5.14431
      vertex -2.49471 12.6261 5.67044
    endloop
  endfacet
  facet normal 1.66027e-05 0.991359 0.131173
    outer loop
      vertex -2.49471 12.6261 5.67044
      vertex 16.35 12.6954 5.14431
      vertex -2.54581 12.6276 5.65911
    endloop
  endfacet
  facet normal 1.56565e-06 0.991431 0.130631
    outer loop
      vertex -2.54581 12.6276 5.65911
      vertex 16.35 12.6954 5.14431
      vertex -2.59771 12.6285 5.65228
    endloop
  endfacet
  facet normal -2.00386e-06 0.991448 0.1305
    outer loop
      vertex -2.59771 12.6285 5.65228
      vertex 16.35 12.6954 5.14431
      vertex -2.65 12.6288 5.65
    endloop
  endfacet
  facet normal -7.45602e-05 0.991207 0.132322
    outer loop
      vertex -16.35 12.6954 5.14431
      vertex -2.94524 12.6185 5.72791
      vertex -2.90357 12.6214 5.70621
    endloop
  endfacet
  facet normal 7.11707e-05 0.991658 0.128894
    outer loop
      vertex -16.35 12.6954 5.14431
      vertex -2.90357 12.6214 5.70621
      vertex -2.85521 12.624 5.68618
    endloop
  endfacet
  facet normal -5.83299e-05 0.991241 0.132064
    outer loop
      vertex -16.35 12.6954 5.14431
      vertex -2.85521 12.624 5.68618
      vertex -2.80529 12.6261 5.67044
    endloop
  endfacet
  facet normal -2.21308e-05 0.991363 0.131149
    outer loop
      vertex -16.35 12.6954 5.14431
      vertex -2.80529 12.6261 5.67044
      vertex -2.75419 12.6276 5.65911
    endloop
  endfacet
  facet normal -2.03962e-06 0.991432 0.130627
    outer loop
      vertex -16.35 12.6954 5.14431
      vertex -2.75419 12.6276 5.65911
      vertex -2.70229 12.6285 5.65228
    endloop
  endfacet
  facet normal 2.42368e-06 0.991447 0.130509
    outer loop
      vertex -16.35 12.6954 5.14431
      vertex -2.70229 12.6285 5.65228
      vertex -2.65 12.6288 5.65
    endloop
  endfacet
  facet normal -0 0.991439 0.130574
    outer loop
      vertex -16.35 12.6954 5.14431
      vertex -2.65 12.6288 5.65
      vertex 16.35 12.6954 5.14431
    endloop
  endfacet
  facet normal 0 0.99143 0.130639
    outer loop
      vertex -2.94524 12.6185 5.72791
      vertex -16.35 12.6954 5.14431
      vertex -16.35 12.6185 5.72791
    endloop
  endfacet
  facet normal 0.169046 0.849826 0.499219
    outer loop
      vertex 18.8185 11.9788 6.8403
      vertex 18.3007 12.0818 6.8403
      vertex 18.7423 11.6945 7.35007
    endloop
  endfacet
  facet normal -0.199951 -0.902104 0.382397
    outer loop
      vertex -18.8768 -12.1964 6.29648
      vertex -19.5169 -11.824 6.8403
      vertex -19.5752 -12.0416 6.29648
    endloop
  endfacet
  facet normal -0.199951 -0.902104 0.382397
    outer loop
      vertex -19.5169 -11.824 6.8403
      vertex -18.8768 -12.1964 6.29648
      vertex -18.8185 -11.9788 6.8403
    endloop
  endfacet
  facet normal -0.052027 -0.792246 0.60798
    outer loop
      vertex -17.5063 -11.5281 7.81705
      vertex -17.553 -11.8834 7.35007
      vertex -17.0647 -11.5571 7.81705
    endloop
  endfacet
  facet normal -0.499983 0 0.866035
    outer loop
      vertex -27.0501 0.00498962 8.59161
      vertex -26.5403 -0.00498962 8.88593
      vertex -26.5403 0.00498962 8.88593
    endloop
  endfacet
  facet normal -0.499983 0 0.866035
    outer loop
      vertex -26.5403 -0.00498962 8.88593
      vertex -27.0501 0.00498962 8.59161
      vertex -27.0501 -0.00498962 8.59161
    endloop
  endfacet
  facet normal 0 -0.130524 0.991445
    outer loop
      vertex -16.35 -8.4993 9.34036
      vertex 16.35 -9.08289 9.26353
      vertex 16.35 -8.4993 9.34036
    endloop
  endfacet
  facet normal 0 -0.130524 0.991445
    outer loop
      vertex 16.35 -9.08289 9.26353
      vertex -16.35 -8.4993 9.34036
      vertex -16.35 -9.08289 9.26353
    endloop
  endfacet
  facet normal 0.0505999 -0.254355 0.965786
    outer loop
      vertex 18.0011 -8.92841 9.26353
      vertex 17.8885 -8.95081 9.26353
      vertex 18.1483 -9.4776 9.11118
    endloop
  endfacet
  facet normal -0.376503 0.330262 0.865548
    outer loop
      vertex -24.0389 6.6832 8.88593
      vertex -24.615 6.79779 8.59161
      vertex -24.2106 6.48746 8.88593
    endloop
  endfacet
  facet normal 0.0653777 0.997861 -0
    outer loop
      vertex 17.6508 12.6257 4.95
      vertex 17.0647 12.6641 5.14431
      vertex 17.6508 12.6257 5.14431
    endloop
  endfacet
  facet normal 0.0653777 0.997861 0
    outer loop
      vertex 17.0647 12.6641 5.14431
      vertex 17.6508 12.6257 4.95
      vertex 17.0647 12.6641 4.95
    endloop
  endfacet
  facet normal -0.144094 0.215621 0.965787
    outer loop
      vertex -21.7766 7.97472 9.11118
      vertex -21.9339 7.8696 9.11118
      vertex -21.4923 7.48232 9.26353
    endloop
  endfacet
  facet normal 0.154926 0.778685 0.607986
    outer loop
      vertex 18.2623 11.79 7.35007
      vertex 18.2155 11.4347 7.81705
      vertex 18.7423 11.6945 7.35007
    endloop
  endfacet
  facet normal -0.972421 0.193444 0.130293
    outer loop
      vertex -28.7628 2.5911 5.14431
      vertex -28.8774 2.01502 5.14431
      vertex -28.8012 2.00499 5.72791
    endloop
  endfacet
  facet normal 0.0603955 0.922212 0.381938
    outer loop
      vertex 17.6209 12.3985 6.29648
      vertex 17.0647 12.2097 6.8403
      vertex 17.5915 12.1752 6.8403
    endloop
  endfacet
  facet normal -0.393301 -0.588504 0.706383
    outer loop
      vertex -22.5368 -9.29158 8.23328
      vertex -23.1129 -9.40617 7.81705
      vertex -22.745 -9.65204 7.81705
    endloop
  endfacet
  facet normal -0.017037 -0.129406 0.991445
    outer loop
      vertex -17.8123 -8.37221 9.34036
      vertex -17.1793 -9.04418 9.26353
      vertex -17.1031 -8.46558 9.34036
    endloop
  endfacet
  facet normal -0.017037 -0.129406 0.991445
    outer loop
      vertex -17.1793 -9.04418 9.26353
      vertex -17.8123 -8.37221 9.34036
      vertex -17.8885 -8.95081 9.26353
    endloop
  endfacet
  facet normal -0.546701 -0.269716 0.792699
    outer loop
      vertex -26.0915 -4.42719 8.59161
      vertex -26.5229 -4.6059 8.23328
      vertex -25.9468 -4.72049 8.59161
    endloop
  endfacet
  facet normal -0.0377796 -0.865419 0.499623
    outer loop
      vertex -17.0647 -12.2097 6.8403
      vertex -16.35 -11.9466 7.35007
      vertex -17.0647 -11.9154 7.35007
    endloop
  endfacet
  facet normal -0.0377796 -0.865419 0.499623
    outer loop
      vertex -16.35 -11.9466 7.35007
      vertex -17.0647 -12.2097 6.8403
      vertex -16.35 -12.2409 6.8403
    endloop
  endfacet
  facet normal 0 -0.707047 0.707166
    outer loop
      vertex -16.35 -11.5883 7.81705
      vertex 16.35 -11.172 8.23328
      vertex -16.35 -11.172 8.23328
    endloop
  endfacet
  facet normal 0 -0.707047 0.707166
    outer loop
      vertex 16.35 -11.172 8.23328
      vertex -16.35 -11.5883 7.81705
      vertex 16.35 -11.5883 7.81705
    endloop
  endfacet
  facet normal 0.00569791 -0.130522 0.991429
    outer loop
      vertex 16.35 -8.4993 9.34036
      vertex 17.0647 -9.05169 9.26353
      vertex 17.0647 -8.4681 9.34036
    endloop
  endfacet
  facet normal 0.00569791 -0.130522 0.991429
    outer loop
      vertex 17.0647 -9.05169 9.26353
      vertex 16.35 -8.4993 9.34036
      vertex 16.35 -9.08289 9.26353
    endloop
  endfacet
  facet normal 0 1 -0
    outer loop
      vertex 16.35 12.6954 4.95
      vertex -16.35 12.6954 5.14431
      vertex 16.35 12.6954 5.14431
    endloop
  endfacet
  facet normal 0 1 0
    outer loop
      vertex -16.35 12.6954 5.14431
      vertex 16.35 12.6954 4.95
      vertex -16.35 12.6954 4.95
    endloop
  endfacet
  facet normal -0.0432401 0.990503 0.130517
    outer loop
      vertex -16.35 12.6954 5.14431
      vertex -17.0647 12.5873 5.72791
      vertex -16.35 12.6185 5.72791
    endloop
  endfacet
  facet normal -0.0433794 0.990519 0.130349
    outer loop
      vertex -17.0647 12.5873 5.72791
      vertex -16.35 12.6954 5.14431
      vertex -17.0647 12.6641 5.14431
    endloop
  endfacet
  facet normal 0.129316 0.982971 0.130561
    outer loop
      vertex 17.6508 12.6257 5.14431
      vertex 18.35 12.4562 5.72791
      vertex 18.36 12.5324 5.14431
    endloop
  endfacet
  facet normal 0.129437 0.982974 0.130417
    outer loop
      vertex 18.35 12.4562 5.72791
      vertex 17.6508 12.6257 5.14431
      vertex 17.6407 12.5496 5.72791
    endloop
  endfacet
  facet normal -0.0519225 0.792305 0.607912
    outer loop
      vertex -17.0647 11.9154 7.35007
      vertex -17.553 11.8834 7.35007
      vertex -17.0647 11.5571 7.81705
    endloop
  endfacet
  facet normal -0.0647557 0.989371 0.130198
    outer loop
      vertex -17.0647 12.6641 5.14431
      vertex -17.6407 12.5496 5.72791
      vertex -17.0647 12.5873 5.72791
    endloop
  endfacet
  facet normal -0.0648217 0.989375 0.130134
    outer loop
      vertex -17.0647 12.6641 5.14431
      vertex -17.6508 12.6257 5.14431
      vertex -17.6407 12.5496 5.72791
    endloop
  endfacet
  facet normal -0.442304 0.896865 0
    outer loop
      vertex -21.5338 11.5853 5.05
      vertex -22.0606 11.3255 5.14431
      vertex -21.5338 11.5853 5.14431
    endloop
  endfacet
  facet normal -0.442304 0.896865 0
    outer loop
      vertex -22.0606 11.3255 5.14431
      vertex -21.5338 11.5853 5.05
      vertex -22.0606 11.3255 5.05
    endloop
  endfacet
  facet normal -0.422003 -0.268806 0.865827
    outer loop
      vertex -25.175 -5.10014 8.88593
      vertex -25.2322 -5.95835 8.59161
      vertex -24.7907 -5.70346 8.88593
    endloop
  endfacet
  facet normal -0.422003 -0.268806 0.865827
    outer loop
      vertex -25.2322 -5.95835 8.59161
      vertex -25.175 -5.10014 8.88593
      vertex -25.6165 -5.35503 8.59161
    endloop
  endfacet
  facet normal -0.896862 0.44231 0
    outer loop
      vertex -27.9303 5.18885 4.95
      vertex -27.6705 5.71564 5.14431
      vertex -27.6705 5.71564 4.95
    endloop
  endfacet
  facet normal -0.896862 0.44231 0
    outer loop
      vertex -27.6705 5.71564 5.14431
      vertex -27.9303 5.18885 4.95
      vertex -27.9303 5.18885 5.14431
    endloop
  endfacet
  facet normal -0.426658 -0.819602 0.38238
    outer loop
      vertex -21.9461 -11.127 6.29648
      vertex -22.468 -10.6016 6.8403
      vertex -22.5806 -10.7967 6.29648
    endloop
  endfacet
  facet normal -0.426593 -0.819606 0.382446
    outer loop
      vertex -22.468 -10.6016 6.8403
      vertex -21.9461 -11.127 6.29648
      vertex -21.8334 -10.9319 6.8403
    endloop
  endfacet
  facet normal -0.865419 0.0377808 0.499623
    outer loop
      vertex -28.5859 0.00498962 6.8403
      vertex -28.2604 0.719666 7.35007
      vertex -28.5547 0.719666 6.8403
    endloop
  endfacet
  facet normal -0.865419 0.0377808 0.499623
    outer loop
      vertex -28.2604 0.719666 7.35007
      vertex -28.5859 0.00498962 6.8403
      vertex -28.2916 0.00498962 7.35007
    endloop
  endfacet
  facet normal -0.980782 0.195108 0
    outer loop
      vertex -28.8774 2.01502 4.95
      vertex -28.7628 2.5911 5.14431
      vertex -28.7628 2.5911 4.95
    endloop
  endfacet
  facet normal -0.980782 0.195108 0
    outer loop
      vertex -28.7628 2.5911 5.14431
      vertex -28.8774 2.01502 4.95
      vertex -28.8774 2.01502 5.14431
    endloop
  endfacet
  facet normal -0.540285 0.281326 0.793062
    outer loop
      vertex -26.3513 4.95399 8.23328
      vertex -25.6165 5.35503 8.59161
      vertex -26.0209 5.58852 8.23328
    endloop
  endfacet
  facet normal -0.540255 0.281222 0.79312
    outer loop
      vertex -25.6165 5.35503 8.59161
      vertex -26.3513 4.95399 8.23328
      vertex -25.9468 4.72049 8.59161
    endloop
  endfacet
  facet normal -0 0.258822 0.965925
    outer loop
      vertex -16.35 9.65146 9.11118
      vertex 16.35 9.08289 9.26353
      vertex 16.35 9.65146 9.11118
    endloop
  endfacet
  facet normal 0 0.258822 0.965925
    outer loop
      vertex 16.35 9.08289 9.26353
      vertex -16.35 9.65146 9.11118
      vertex -16.35 9.08289 9.26353
    endloop
  endfacet
  facet normal -0.049952 -0.120592 0.991445
    outer loop
      vertex -19.9281 -7.70862 9.34036
      vertex -19.4905 -8.52154 9.26353
      vertex -19.2672 -7.98238 9.34036
    endloop
  endfacet
  facet normal -0.0499497 -0.120591 0.991445
    outer loop
      vertex -19.4905 -8.52154 9.26353
      vertex -19.9281 -7.70862 9.34036
      vertex -20.1514 -8.24779 9.26353
    endloop
  endfacet
  facet normal -0.232973 -0.303608 0.923875
    outer loop
      vertex -22.5014 -7.43413 9.11118
      vertex -22.2649 -8.30104 8.88593
      vertex -21.9339 -7.8696 9.11118
    endloop
  endfacet
  facet normal -0.232925 -0.303599 0.92389
    outer loop
      vertex -22.2649 -8.30104 8.88593
      vertex -22.5014 -7.43413 9.11118
      vertex -22.8325 -7.86557 8.88593
    endloop
  endfacet
  facet normal 0 -0.99143 0.130639
    outer loop
      vertex -16.35 -12.6954 5.14431
      vertex -2.94524 -12.6185 5.72791
      vertex -16.35 -12.6185 5.72791
    endloop
  endfacet
  facet normal -7.45602e-05 -0.991207 0.132322
    outer loop
      vertex -2.94524 -12.6185 5.72791
      vertex -16.35 -12.6954 5.14431
      vertex -2.90357 -12.6214 5.70621
    endloop
  endfacet
  facet normal 7.11707e-05 -0.991658 0.128894
    outer loop
      vertex -2.90357 -12.6214 5.70621
      vertex -16.35 -12.6954 5.14431
      vertex -2.85521 -12.624 5.68618
    endloop
  endfacet
  facet normal -5.83299e-05 -0.991241 0.132064
    outer loop
      vertex -2.85521 -12.624 5.68618
      vertex -16.35 -12.6954 5.14431
      vertex -2.80529 -12.6261 5.67044
    endloop
  endfacet
  facet normal -2.21308e-05 -0.991363 0.131149
    outer loop
      vertex -2.80529 -12.6261 5.67044
      vertex -16.35 -12.6954 5.14431
      vertex -2.75419 -12.6276 5.65911
    endloop
  endfacet
  facet normal -2.03962e-06 -0.991432 0.130627
    outer loop
      vertex -2.75419 -12.6276 5.65911
      vertex -16.35 -12.6954 5.14431
      vertex -2.70229 -12.6285 5.65228
    endloop
  endfacet
  facet normal 2.42368e-06 -0.991447 0.130509
    outer loop
      vertex -2.70229 -12.6285 5.65228
      vertex -16.35 -12.6954 5.14431
      vertex -2.65 -12.6288 5.65
    endloop
  endfacet
  facet normal 5.46275e-05 -0.991202 0.13236
    outer loop
      vertex 16.35 -12.6954 5.14431
      vertex -2.35476 -12.6185 5.72791
      vertex -2.39643 -12.6214 5.70621
    endloop
  endfacet
  facet normal -5.24074e-05 -0.991664 0.12885
    outer loop
      vertex 16.35 -12.6954 5.14431
      vertex -2.39643 -12.6214 5.70621
      vertex -2.44479 -12.624 5.68618
    endloop
  endfacet
  facet normal 4.32591e-05 -0.991235 0.132111
    outer loop
      vertex 16.35 -12.6954 5.14431
      vertex -2.44479 -12.624 5.68618
      vertex -2.49471 -12.6261 5.67044
    endloop
  endfacet
  facet normal 1.66027e-05 -0.991359 0.131173
    outer loop
      vertex 16.35 -12.6954 5.14431
      vertex -2.49471 -12.6261 5.67044
      vertex -2.54581 -12.6276 5.65911
    endloop
  endfacet
  facet normal 1.56565e-06 -0.991431 0.130631
    outer loop
      vertex 16.35 -12.6954 5.14431
      vertex -2.54581 -12.6276 5.65911
      vertex -2.59771 -12.6285 5.65228
    endloop
  endfacet
  facet normal -2.00386e-06 -0.991448 0.1305
    outer loop
      vertex 16.35 -12.6954 5.14431
      vertex -2.59771 -12.6285 5.65228
      vertex -2.65 -12.6288 5.65
    endloop
  endfacet
  facet normal 0 -0.991439 0.130574
    outer loop
      vertex 16.35 -12.6954 5.14431
      vertex -2.65 -12.6288 5.65
      vertex -16.35 -12.6954 5.14431
    endloop
  endfacet
  facet normal 0 -0.99143 0.130639
    outer loop
      vertex -2.35476 -12.6185 5.72791
      vertex 16.35 -12.6954 5.14431
      vertex 16.35 -12.6185 5.72791
    endloop
  endfacet
  facet normal 0.0402978 -0.923104 0.382434
    outer loop
      vertex 16.35 -12.4662 6.29648
      vertex 17.0647 -12.2097 6.8403
      vertex 16.35 -12.2409 6.8403
    endloop
  endfacet
  facet normal 0.0402978 -0.923104 0.382434
    outer loop
      vertex 17.0647 -12.2097 6.8403
      vertex 16.35 -12.4662 6.29648
      vertex 17.0647 -12.435 6.29648
    endloop
  endfacet
  facet normal -0.0169588 -0.258785 0.965786
    outer loop
      vertex -17.0647 -9.05169 9.26353
      vertex -17.1793 -9.04418 9.26353
      vertex -17.0647 -9.62026 9.11118
    endloop
  endfacet
  facet normal 0.160988 -0.474371 0.86548
    outer loop
      vertex 20.05 -9.96647 8.63246
      vertex 19.8016 -10.1253 8.59161
      vertex 20.05 -10.041 8.59161
    endloop
  endfacet
  facet normal 0.160929 -0.474292 0.865534
    outer loop
      vertex 19.8016 -10.1253 8.59161
      vertex 20.05 -9.96647 8.63246
      vertex 19.6697 -9.63295 8.88593
    endloop
  endfacet
  facet normal 0.193438 -0.972424 0.130283
    outer loop
      vertex 18.9361 -12.4178 5.14431
      vertex 18.35 -12.4562 5.72791
      vertex 18.36 -12.5324 5.14431
    endloop
  endfacet
  facet normal 0 0 1
    outer loop
      vertex 19.2307 7.99475 9.34036
      vertex 20.05 7.6461 9.34036
      vertex 19.9626 7.69159 9.34036
    endloop
  endfacet
  facet normal 0 0 1
    outer loop
      vertex 20.05 7.6461 9.34036
      vertex 19.2307 7.99475 9.34036
      vertex 20.05 -7.6461 9.34036
    endloop
  endfacet
  facet normal 0 0 1
    outer loop
      vertex 19.2307 7.99475 9.34036
      vertex 19.9626 7.69159 9.34036
      vertex 19.9281 7.70862 9.34036
    endloop
  endfacet
  facet normal 0 0 1
    outer loop
      vertex 19.2307 -7.99475 9.34036
      vertex 20.05 -7.6461 9.34036
      vertex 19.2307 7.99475 9.34036
    endloop
  endfacet
  facet normal 0 0 1
    outer loop
      vertex 19.2307 7.99475 9.34036
      vertex 19.9281 7.70862 9.34036
      vertex 19.2672 7.98238 9.34036
    endloop
  endfacet
  facet normal 0 0 1
    outer loop
      vertex 20.05 -7.6461 9.34036
      vertex 19.2307 -7.99475 9.34036
      vertex 19.9626 -7.69159 9.34036
    endloop
  endfacet
  facet normal 0 0 1
    outer loop
      vertex 19.9626 -7.69159 9.34036
      vertex 19.2307 -7.99475 9.34036
      vertex 19.9281 -7.70862 9.34036
    endloop
  endfacet
  facet normal 0 0 1
    outer loop
      vertex 19.9281 -7.70862 9.34036
      vertex 19.2307 -7.99475 9.34036
      vertex 19.2672 -7.98238 9.34036
    endloop
  endfacet
  facet normal 0 0 1
    outer loop
      vertex 18.5485 8.20987 9.34036
      vertex 19.2307 -7.99475 9.34036
      vertex 19.2307 7.99475 9.34036
    endloop
  endfacet
  facet normal 0 0 1
    outer loop
      vertex 18.5485 8.20987 9.34036
      vertex 18.5485 -8.20987 9.34036
      vertex 19.2307 -7.99475 9.34036
    endloop
  endfacet
  facet normal 0 0 1
    outer loop
      vertex 17.8501 8.3647 9.34036
      vertex 18.5485 -8.20987 9.34036
      vertex 18.5485 8.20987 9.34036
    endloop
  endfacet
  facet normal 0 0 1
    outer loop
      vertex 17.8501 8.3647 9.34036
      vertex 17.8501 -8.3647 9.34036
      vertex 18.5485 -8.20987 9.34036
    endloop
  endfacet
  facet normal 0 0 1
    outer loop
      vertex 17.0647 8.4681 9.34036
      vertex 17.8501 8.3647 9.34036
      vertex 17.8123 8.37221 9.34036
    endloop
  endfacet
  facet normal 0 0 1
    outer loop
      vertex 17.8501 8.3647 9.34036
      vertex 17.0647 8.4681 9.34036
      vertex 17.8501 -8.3647 9.34036
    endloop
  endfacet
  facet normal 0 0 1
    outer loop
      vertex 17.0647 8.4681 9.34036
      vertex 17.8123 8.37221 9.34036
      vertex 17.1031 8.46558 9.34036
    endloop
  endfacet
  facet normal 0 0 1
    outer loop
      vertex 17.0647 -8.4681 9.34036
      vertex 17.8501 -8.3647 9.34036
      vertex 17.0647 8.4681 9.34036
    endloop
  endfacet
  facet normal 0 0 1
    outer loop
      vertex 17.8501 -8.3647 9.34036
      vertex 17.0647 -8.4681 9.34036
      vertex 17.8123 -8.37221 9.34036
    endloop
  endfacet
  facet normal 0 0 1
    outer loop
      vertex 17.8123 -8.37221 9.34036
      vertex 17.0647 -8.4681 9.34036
      vertex 17.1031 -8.46558 9.34036
    endloop
  endfacet
  facet normal 0 0 1
    outer loop
      vertex 16.35 8.4993 9.34036
      vertex 17.0647 -8.4681 9.34036
      vertex 17.0647 8.4681 9.34036
    endloop
  endfacet
  facet normal 0 0 1
    outer loop
      vertex 16.35 8.4993 9.34036
      vertex 16.35 -8.4993 9.34036
      vertex 17.0647 -8.4681 9.34036
    endloop
  endfacet
  facet normal -0 0 1
    outer loop
      vertex -16.35 8.4993 9.34036
      vertex 16.35 -8.4993 9.34036
      vertex 16.35 8.4993 9.34036
    endloop
  endfacet
  facet normal 0 0 1
    outer loop
      vertex -16.35 8.4993 9.34036
      vertex -16.35 -8.4993 9.34036
      vertex 16.35 -8.4993 9.34036
    endloop
  endfacet
  facet normal -0 0 1
    outer loop
      vertex -17.0647 8.4681 9.34036
      vertex -16.35 -8.4993 9.34036
      vertex -16.35 8.4993 9.34036
    endloop
  endfacet
  facet normal 0 0 1
    outer loop
      vertex -17.0647 8.4681 9.34036
      vertex -17.0647 -8.4681 9.34036
      vertex -16.35 -8.4993 9.34036
    endloop
  endfacet
  facet normal 0 0 1
    outer loop
      vertex -17.8501 8.3647 9.34036
      vertex -17.0647 8.4681 9.34036
      vertex -17.1031 8.46558 9.34036
    endloop
  endfacet
  facet normal 0 0 1
    outer loop
      vertex -17.0647 8.4681 9.34036
      vertex -17.8501 8.3647 9.34036
      vertex -17.0647 -8.4681 9.34036
    endloop
  endfacet
  facet normal 0 0 1
    outer loop
      vertex -17.8501 8.3647 9.34036
      vertex -17.1031 8.46558 9.34036
      vertex -17.8123 8.37221 9.34036
    endloop
  endfacet
  facet normal -0 0 1
    outer loop
      vertex -17.8501 -8.3647 9.34036
      vertex -17.0647 -8.4681 9.34036
      vertex -17.8501 8.3647 9.34036
    endloop
  endfacet
  facet normal 0 0 1
    outer loop
      vertex -17.0647 -8.4681 9.34036
      vertex -17.8501 -8.3647 9.34036
      vertex -17.1031 -8.46558 9.34036
    endloop
  endfacet
  facet normal 0 0 1
    outer loop
      vertex -17.1031 -8.46558 9.34036
      vertex -17.8501 -8.3647 9.34036
      vertex -17.8123 -8.37221 9.34036
    endloop
  endfacet
  facet normal -0 0 1
    outer loop
      vertex -18.5485 8.20987 9.34036
      vertex -17.8501 -8.3647 9.34036
      vertex -17.8501 8.3647 9.34036
    endloop
  endfacet
  facet normal 0 0 1
    outer loop
      vertex -18.5485 8.20987 9.34036
      vertex -18.5485 -8.20987 9.34036
      vertex -17.8501 -8.3647 9.34036
    endloop
  endfacet
  facet normal -0 0 1
    outer loop
      vertex -19.2307 7.99475 9.34036
      vertex -18.5485 -8.20987 9.34036
      vertex -18.5485 8.20987 9.34036
    endloop
  endfacet
  facet normal 0 0 1
    outer loop
      vertex -19.2307 7.99475 9.34036
      vertex -19.2307 -7.99475 9.34036
      vertex -18.5485 -8.20987 9.34036
    endloop
  endfacet
  facet normal 0 0 1
    outer loop
      vertex -19.9626 7.69159 9.34036
      vertex -19.2307 7.99475 9.34036
      vertex -19.2672 7.98238 9.34036
    endloop
  endfacet
  facet normal 0 0 1
    outer loop
      vertex -19.2307 7.99475 9.34036
      vertex -19.9626 7.69159 9.34036
      vertex -19.2307 -7.99475 9.34036
    endloop
  endfacet
  facet normal 0 0 1
    outer loop
      vertex -19.9626 7.69159 9.34036
      vertex -19.2672 7.98238 9.34036
      vertex -19.9281 7.70862 9.34036
    endloop
  endfacet
  facet normal -0 0 1
    outer loop
      vertex -19.9626 -7.69159 9.34036
      vertex -19.2307 -7.99475 9.34036
      vertex -19.9626 7.69159 9.34036
    endloop
  endfacet
  facet normal 0 0 1
    outer loop
      vertex -19.2307 -7.99475 9.34036
      vertex -19.9626 -7.69159 9.34036
      vertex -19.2672 -7.98238 9.34036
    endloop
  endfacet
  facet normal 0 0 1
    outer loop
      vertex -19.2672 -7.98238 9.34036
      vertex -19.9626 -7.69159 9.34036
      vertex -19.9281 -7.70862 9.34036
    endloop
  endfacet
  facet normal -0 0 1
    outer loop
      vertex -20.5972 7.36128 9.34036
      vertex -19.9626 -7.69159 9.34036
      vertex -19.9626 7.69159 9.34036
    endloop
  endfacet
  facet normal 0 0 1
    outer loop
      vertex -20.5972 7.36128 9.34036
      vertex -20.5972 -7.36128 9.34036
      vertex -19.9626 -7.69159 9.34036
    endloop
  endfacet
  facet normal -0 0 1
    outer loop
      vertex -21.2005 6.97691 9.34036
      vertex -20.5972 -7.36128 9.34036
      vertex -20.5972 7.36128 9.34036
    endloop
  endfacet
  facet normal 0 0 1
    outer loop
      vertex -21.2005 6.97691 9.34036
      vertex -21.2005 -6.97691 9.34036
      vertex -20.5972 -7.36128 9.34036
    endloop
  endfacet
  facet normal 0 0 1
    outer loop
      vertex -21.829 6.49467 9.34036
      vertex -21.2005 6.97691 9.34036
      vertex -21.2325 6.95553 9.34036
    endloop
  endfacet
  facet normal 0 0 1
    outer loop
      vertex -21.2005 6.97691 9.34036
      vertex -21.829 6.49467 9.34036
      vertex -21.2005 -6.97691 9.34036
    endloop
  endfacet
  facet normal 0 0 1
    outer loop
      vertex -21.829 6.49467 9.34036
      vertex -21.2325 6.95553 9.34036
      vertex -21.8 6.52005 9.34036
    endloop
  endfacet
  facet normal -0 0 1
    outer loop
      vertex -21.829 -6.49467 9.34036
      vertex -21.2005 -6.97691 9.34036
      vertex -21.829 6.49467 9.34036
    endloop
  endfacet
  facet normal 0 0 1
    outer loop
      vertex -21.2005 -6.97691 9.34036
      vertex -21.829 -6.49467 9.34036
      vertex -21.2325 -6.95553 9.34036
    endloop
  endfacet
  facet normal 0 0 1
    outer loop
      vertex -21.2325 -6.95553 9.34036
      vertex -21.829 -6.49467 9.34036
      vertex -21.8 -6.52005 9.34036
    endloop
  endfacet
  facet normal -0 0 1
    outer loop
      vertex -22.3564 6.01138 9.34036
      vertex -21.829 -6.49467 9.34036
      vertex -21.829 6.49467 9.34036
    endloop
  endfacet
  facet normal 0 0 1
    outer loop
      vertex -22.3564 6.01138 9.34036
      vertex -22.3564 -6.01138 9.34036
      vertex -21.829 -6.49467 9.34036
    endloop
  endfacet
  facet normal -0 0 1
    outer loop
      vertex -22.8397 5.48396 9.34036
      vertex -22.3564 -6.01138 9.34036
      vertex -22.3564 6.01138 9.34036
    endloop
  endfacet
  facet normal 0 0 1
    outer loop
      vertex -22.8397 5.48396 9.34036
      vertex -22.8397 -5.48396 9.34036
      vertex -22.3564 -6.01138 9.34036
    endloop
  endfacet
  facet normal 0 0 1
    outer loop
      vertex -23.3219 4.85547 9.34036
      vertex -22.8397 5.48396 9.34036
      vertex -22.8651 5.45502 9.34036
    endloop
  endfacet
  facet normal 0 0 1
    outer loop
      vertex -22.8397 5.48396 9.34036
      vertex -23.3219 4.85547 9.34036
      vertex -22.8397 -5.48396 9.34036
    endloop
  endfacet
  facet normal 0 0 1
    outer loop
      vertex -23.3219 4.85547 9.34036
      vertex -22.8651 5.45502 9.34036
      vertex -23.3005 4.88748 9.34036
    endloop
  endfacet
  facet normal -0 0 1
    outer loop
      vertex -23.3219 -4.85547 9.34036
      vertex -22.8397 -5.48396 9.34036
      vertex -23.3219 4.85547 9.34036
    endloop
  endfacet
  facet normal 0 0 1
    outer loop
      vertex -22.8397 -5.48396 9.34036
      vertex -23.3219 -4.85547 9.34036
      vertex -22.8651 -5.45502 9.34036
    endloop
  endfacet
  facet normal 0 0 1
    outer loop
      vertex -22.8651 -5.45502 9.34036
      vertex -23.3219 -4.85547 9.34036
      vertex -23.3005 -4.88748 9.34036
    endloop
  endfacet
  facet normal -0 0 1
    outer loop
      vertex -23.7063 4.25215 9.34036
      vertex -23.3219 -4.85547 9.34036
      vertex -23.3219 4.85547 9.34036
    endloop
  endfacet
  facet normal 0 0 1
    outer loop
      vertex -23.7063 4.25215 9.34036
      vertex -23.7063 -4.25215 9.34036
      vertex -23.3219 -4.85547 9.34036
    endloop
  endfacet
  facet normal -0 0 1
    outer loop
      vertex -24.0366 3.61762 9.34036
      vertex -23.7063 -4.25215 9.34036
      vertex -23.7063 4.25215 9.34036
    endloop
  endfacet
  facet normal 0 0 1
    outer loop
      vertex -24.0366 3.61762 9.34036
      vertex -24.0366 -3.61762 9.34036
      vertex -23.7063 -4.25215 9.34036
    endloop
  endfacet
  facet normal 0 0 1
    outer loop
      vertex -24.3398 2.88573 9.34036
      vertex -24.0366 3.61762 9.34036
      vertex -24.0536 3.58309 9.34036
    endloop
  endfacet
  facet normal 0 0 1
    outer loop
      vertex -24.0366 3.61762 9.34036
      vertex -24.3398 2.88573 9.34036
      vertex -24.0366 -3.61762 9.34036
    endloop
  endfacet
  facet normal 0 0 1
    outer loop
      vertex -24.3398 2.88573 9.34036
      vertex -24.0536 3.58309 9.34036
      vertex -24.3274 2.92218 9.34036
    endloop
  endfacet
  facet normal -0 0 1
    outer loop
      vertex -24.3398 -2.88573 9.34036
      vertex -24.0366 -3.61762 9.34036
      vertex -24.3398 2.88573 9.34036
    endloop
  endfacet
  facet normal 0 0 1
    outer loop
      vertex -24.0366 -3.61762 9.34036
      vertex -24.3398 -2.88573 9.34036
      vertex -24.0536 -3.58309 9.34036
    endloop
  endfacet
  facet normal 0 0 1
    outer loop
      vertex -24.0536 -3.58309 9.34036
      vertex -24.3398 -2.88573 9.34036
      vertex -24.3274 -2.92218 9.34036
    endloop
  endfacet
  facet normal -0 0 1
    outer loop
      vertex -24.5549 2.20348 9.34036
      vertex -24.3398 -2.88573 9.34036
      vertex -24.3398 2.88573 9.34036
    endloop
  endfacet
  facet normal 0 0 1
    outer loop
      vertex -24.5549 2.20348 9.34036
      vertex -24.5549 -2.20348 9.34036
      vertex -24.3398 -2.88573 9.34036
    endloop
  endfacet
  facet normal -0 0 1
    outer loop
      vertex -24.7097 1.50508 9.34036
      vertex -24.5549 -2.20348 9.34036
      vertex -24.5549 2.20348 9.34036
    endloop
  endfacet
  facet normal 0 0 1
    outer loop
      vertex -24.7097 1.50508 9.34036
      vertex -24.7097 -1.50508 9.34036
      vertex -24.5549 -2.20348 9.34036
    endloop
  endfacet
  facet normal 0 0 1
    outer loop
      vertex -24.8131 0.719666 9.34036
      vertex -24.7097 1.50508 9.34036
      vertex -24.7172 1.46732 9.34036
    endloop
  endfacet
  facet normal 0 0 1
    outer loop
      vertex -24.7097 1.50508 9.34036
      vertex -24.8131 0.719666 9.34036
      vertex -24.7097 -1.50508 9.34036
    endloop
  endfacet
  facet normal 0 0 1
    outer loop
      vertex -24.8131 0.719666 9.34036
      vertex -24.7172 1.46732 9.34036
      vertex -24.8106 0.75808 9.34036
    endloop
  endfacet
  facet normal -0 0 1
    outer loop
      vertex -24.8131 -0.719666 9.34036
      vertex -24.7097 -1.50508 9.34036
      vertex -24.8131 0.719666 9.34036
    endloop
  endfacet
  facet normal 0 0 1
    outer loop
      vertex -24.7097 -1.50508 9.34036
      vertex -24.8131 -0.719666 9.34036
      vertex -24.7172 -1.46732 9.34036
    endloop
  endfacet
  facet normal 0 0 1
    outer loop
      vertex -24.7172 -1.46732 9.34036
      vertex -24.8131 -0.719666 9.34036
      vertex -24.8106 -0.75808 9.34036
    endloop
  endfacet
  facet normal -0 0 1
    outer loop
      vertex -24.8443 0.00498962 9.34036
      vertex -24.8131 -0.719666 9.34036
      vertex -24.8131 0.719666 9.34036
    endloop
  endfacet
  facet normal 0 0 1
    outer loop
      vertex -24.8131 -0.719666 9.34036
      vertex -24.8443 0.00498962 9.34036
      vertex -24.8443 -0.00498962 9.34036
    endloop
  endfacet
  facet normal -0.0630939 0.963981 0.258379
    outer loop
      vertex -17.0647 12.5873 5.72791
      vertex -17.6407 12.5496 5.72791
      vertex -17.6209 12.3985 6.29648
    endloop
  endfacet
  facet normal 0.0648217 0.989375 0.130134
    outer loop
      vertex 17.6508 12.6257 5.14431
      vertex 17.0647 12.6641 5.14431
      vertex 17.6407 12.5496 5.72791
    endloop
  endfacet
  facet normal -0.123207 0.363018 0.9236
    outer loop
      vertex -19.6697 9.63295 8.88593
      vertex -19.7081 9.04683 9.11118
      vertex -19.5289 9.10765 9.11118
    endloop
  endfacet
  facet normal 0 0.922441 0.386138
    outer loop
      vertex -2.80529 12.2454 6.82955
      vertex -16.35 12.2409 6.8403
      vertex -2.75683 12.2409 6.8403
    endloop
  endfacet
  facet normal -3.93746e-06 0.924198 0.381913
    outer loop
      vertex -2.85521 12.2519 6.81382
      vertex -16.35 12.2409 6.8403
      vertex -2.80529 12.2454 6.82955
    endloop
  endfacet
  facet normal -2.23054e-06 0.923891 0.382655
    outer loop
      vertex -2.90357 12.2602 6.79378
      vertex -16.35 12.2409 6.8403
      vertex -2.85521 12.2519 6.81382
    endloop
  endfacet
  facet normal -3.07403e-06 0.923977 0.382447
    outer loop
      vertex -2.95 12.2702 6.76962
      vertex -16.35 12.2409 6.8403
      vertex -2.90357 12.2602 6.79378
    endloop
  endfacet
  facet normal -1.05105e-05 0.924475 0.381243
    outer loop
      vertex -2.99415 12.2818 6.74149
      vertex -16.35 12.2409 6.8403
      vertex -2.95 12.2702 6.76962
    endloop
  endfacet
  facet normal 2.61917e-06 0.923848 0.382759
    outer loop
      vertex -3.03567 12.295 6.70963
      vertex -16.35 12.2409 6.8403
      vertex -2.99415 12.2818 6.74149
    endloop
  endfacet
  facet normal 1.42248e-05 0.92343 0.383768
    outer loop
      vertex -3.07426 12.3097 6.67426
      vertex -16.35 12.2409 6.8403
      vertex -3.03567 12.295 6.70963
    endloop
  endfacet
  facet normal 2.93784e-06 0.923749 0.382998
    outer loop
      vertex -3.10963 12.3257 6.63567
      vertex -16.35 12.2409 6.8403
      vertex -3.07426 12.3097 6.67426
    endloop
  endfacet
  facet normal -2.09267e-06 0.923864 0.38272
    outer loop
      vertex -3.14149 12.3429 6.59415
      vertex -16.35 12.2409 6.8403
      vertex -3.10963 12.3257 6.63567
    endloop
  endfacet
  facet normal 1.94909e-06 0.923788 0.382905
    outer loop
      vertex -3.16961 12.3612 6.55
      vertex -16.35 12.2409 6.8403
      vertex -3.14149 12.3429 6.59415
    endloop
  endfacet
  facet normal -1.75704e-05 0.924101 0.382149
    outer loop
      vertex -3.19378 12.3804 6.50357
      vertex -16.35 12.2409 6.8403
      vertex -3.16961 12.3612 6.55
    endloop
  endfacet
  facet normal -1.67002e-05 0.924089 0.382178
    outer loop
      vertex -3.21381 12.4004 6.45521
      vertex -16.35 12.2409 6.8403
      vertex -3.19378 12.3804 6.50357
    endloop
  endfacet
  facet normal 1.27333e-05 0.923734 0.383035
    outer loop
      vertex -3.22956 12.4211 6.40529
      vertex -16.35 12.2409 6.8403
      vertex -3.21381 12.4004 6.45521
    endloop
  endfacet
  facet normal 1.91358e-05 0.923666 0.383199
    outer loop
      vertex -3.24088 12.4423 6.35419
      vertex -16.35 12.2409 6.8403
      vertex -3.22956 12.4211 6.40529
    endloop
  endfacet
  facet normal -1.74993e-06 0.923865 0.382719
    outer loop
      vertex -3.24772 12.4638 6.30229
      vertex -16.35 12.2409 6.8403
      vertex -3.24088 12.4423 6.35419
    endloop
  endfacet
  facet normal -4.63586e-05 0.924249 0.381791
    outer loop
      vertex -3.24797 12.4662 6.29648
      vertex -16.35 12.2409 6.8403
      vertex -3.24772 12.4638 6.30229
    endloop
  endfacet
  facet normal 0 0.923854 0.382745
    outer loop
      vertex -16.35 12.2409 6.8403
      vertex -3.24797 12.4662 6.29648
      vertex -16.35 12.4662 6.29648
    endloop
  endfacet
  facet normal 0 0.922441 0.386138
    outer loop
      vertex 16.35 12.2409 6.8403
      vertex -2.49471 12.2454 6.82955
      vertex -2.54317 12.2409 6.8403
    endloop
  endfacet
  facet normal 2.83207e-06 0.9242 0.38191
    outer loop
      vertex 16.35 12.2409 6.8403
      vertex -2.44479 12.2519 6.81382
      vertex -2.49471 12.2454 6.82955
    endloop
  endfacet
  facet normal 1.60367e-06 0.923892 0.382654
    outer loop
      vertex 16.35 12.2409 6.8403
      vertex -2.39643 12.2602 6.79378
      vertex -2.44479 12.2519 6.81382
    endloop
  endfacet
  facet normal 2.20907e-06 0.923978 0.382445
    outer loop
      vertex 16.35 12.2409 6.8403
      vertex -2.35 12.2702 6.76962
      vertex -2.39643 12.2602 6.79378
    endloop
  endfacet
  facet normal 7.54918e-06 0.924476 0.381239
    outer loop
      vertex 16.35 12.2409 6.8403
      vertex -2.30585 12.2818 6.74149
      vertex -2.35 12.2702 6.76962
    endloop
  endfacet
  facet normal -1.88018e-06 0.923848 0.382759
    outer loop
      vertex 16.35 12.2409 6.8403
      vertex -2.26433 12.295 6.70963
      vertex -2.30585 12.2818 6.74149
    endloop
  endfacet
  facet normal -1.02054e-05 0.923428 0.383772
    outer loop
      vertex 16.35 12.2409 6.8403
      vertex -2.22574 12.3097 6.67426
      vertex -2.26433 12.295 6.70963
    endloop
  endfacet
  facet normal -2.10643e-06 0.923749 0.382998
    outer loop
      vertex 16.35 12.2409 6.8403
      vertex -2.19037 12.3257 6.63567
      vertex -2.22574 12.3097 6.67426
    endloop
  endfacet
  facet normal 1.49948e-06 0.923865 0.38272
    outer loop
      vertex 16.35 12.2409 6.8403
      vertex -2.15851 12.3429 6.59415
      vertex -2.19037 12.3257 6.63567
    endloop
  endfacet
  facet normal -1.39564e-06 0.923788 0.382905
    outer loop
      vertex 16.35 12.2409 6.8403
      vertex -2.13038 12.3612 6.55
      vertex -2.15851 12.3429 6.59415
    endloop
  endfacet
  facet normal 1.25722e-05 0.924102 0.382146
    outer loop
      vertex 16.35 12.2409 6.8403
      vertex -2.10621 12.3804 6.50357
      vertex -2.13038 12.3612 6.55
    endloop
  endfacet
  facet normal 1.19405e-05 0.92409 0.382176
    outer loop
      vertex 16.35 12.2409 6.8403
      vertex -2.08618 12.4004 6.45521
      vertex -2.10621 12.3804 6.50357
    endloop
  endfacet
  facet normal -9.09679e-06 0.923734 0.383036
    outer loop
      vertex 16.35 12.2409 6.8403
      vertex -2.07044 12.4211 6.40529
      vertex -2.08618 12.4004 6.45521
    endloop
  endfacet
  facet normal -1.36586e-05 0.923665 0.383201
    outer loop
      vertex 16.35 12.2409 6.8403
      vertex -2.05911 12.4423 6.35419
      vertex -2.07044 12.4211 6.40529
    endloop
  endfacet
  facet normal 1.24788e-06 0.923865 0.382719
    outer loop
      vertex 16.35 12.2409 6.8403
      vertex -2.05228 12.4638 6.30229
      vertex -2.05911 12.4423 6.35419
    endloop
  endfacet
  facet normal -0 0.923854 0.382745
    outer loop
      vertex -2.05203 12.4662 6.29648
      vertex 16.35 12.2409 6.8403
      vertex 16.35 12.4662 6.29648
    endloop
  endfacet
  facet normal 3.30238e-05 0.924249 0.381791
    outer loop
      vertex 16.35 12.2409 6.8403
      vertex -2.05203 12.4662 6.29648
      vertex -2.05228 12.4638 6.30229
    endloop
  endfacet
  facet normal 0.0218913 0.499863 0.865828
    outer loop
      vertex 16.35 10.1953 8.88593
      vertex 17.0647 10.6738 8.59161
      vertex 16.35 10.7051 8.59161
    endloop
  endfacet
  facet normal 0.0218246 0.499938 0.865786
    outer loop
      vertex 17.0647 10.6738 8.59161
      vertex 16.35 10.1953 8.88593
      vertex 17.0647 10.1641 8.88593
    endloop
  endfacet
  facet normal 0.0566255 0.864647 0.499178
    outer loop
      vertex 17.0647 12.2097 6.8403
      vertex 17.0647 11.9154 7.35007
      vertex 17.5915 12.1752 6.8403
    endloop
  endfacet
  facet normal -0.138036 0.694336 0.706288
    outer loop
      vertex -18.2155 11.4347 7.81705
      vertex -18.6496 11.3484 7.81705
      vertex -18.1612 11.0221 8.23328
    endloop
  endfacet
  facet normal -0.321433 0.946932 0
    outer loop
      vertex -20.3167 12.0478 4.95
      vertex -20.8729 11.859 5.14431
      vertex -20.3167 12.0478 5.14431
    endloop
  endfacet
  facet normal -0.321433 0.946932 0
    outer loop
      vertex -20.8729 11.859 5.14431
      vertex -20.3167 12.0478 4.95
      vertex -20.8729 11.859 4.95
    endloop
  endfacet
  facet normal 0.0748158 0.375994 0.923597
    outer loop
      vertex 18.0337 10.0537 8.88593
      vertex 17.9627 9.51452 9.11118
      vertex 18.289 10.0029 8.88593
    endloop
  endfacet
  facet normal -0.831484 0.555549 0
    outer loop
      vertex -26.9558 6.9535 4.95
      vertex -26.6295 7.44187 5.14431
      vertex -26.6295 7.44187 4.95
    endloop
  endfacet
  facet normal -0.831484 0.555549 0
    outer loop
      vertex -26.6295 7.44187 5.14431
      vertex -26.9558 6.9535 4.95
      vertex -26.9558 6.9535 5.14431
    endloop
  endfacet
  facet normal -0.824344 -0.550913 0.1302
    outer loop
      vertex -26.8893 -6.91508 5.72791
      vertex -26.9558 -6.9535 5.14431
      vertex -26.5685 -7.3951 5.72791
    endloop
  endfacet
  facet normal -0.62752 -0.32675 0.70672
    outer loop
      vertex -26.7117 -5.1621 7.81705
      vertex -26.0209 -5.58852 8.23328
      vertex -26.3513 -4.95399 8.23328
    endloop
  endfacet
  facet normal -0.627495 -0.326638 0.706794
    outer loop
      vertex -26.0209 -5.58852 8.23328
      vertex -26.7117 -5.1621 7.81705
      vertex -26.3814 -5.79663 7.81705
    endloop
  endfacet
  facet normal -0.745427 0.653753 0.130179
    outer loop
      vertex -25.8067 8.45102 5.14431
      vertex -26.194 8.00941 5.14431
      vertex -26.1331 7.96264 5.72791
    endloop
  endfacet
  facet normal -0.0419801 0.12387 0.99141
    outer loop
      vertex -19.2307 7.99475 9.34036
      vertex -19.3818 8.55846 9.26353
      vertex -19.2672 7.98238 9.34036
    endloop
  endfacet
  facet normal -0.953722 0.30069 0
    outer loop
      vertex -28.6079 3.2895 4.95
      vertex -28.3928 3.97175 5.14431
      vertex -28.3928 3.97175 4.95
    endloop
  endfacet
  facet normal -0.953722 0.30069 0
    outer loop
      vertex -28.3928 3.97175 5.14431
      vertex -28.6079 3.2895 4.95
      vertex -28.6079 3.2895 5.14431
    endloop
  endfacet
  facet normal -0.144155 -0.215554 0.965793
    outer loop
      vertex -21.5877 -7.41852 9.26353
      vertex -21.9339 -7.8696 9.11118
      vertex -21.4923 -7.48232 9.26353
    endloop
  endfacet
  facet normal -0.477967 -0.521581 0.706754
    outer loop
      vertex -24.2463 -7.90129 8.23328
      vertex -24.0132 -8.6789 7.81705
      vertex -23.7189 -8.38459 8.23328
    endloop
  endfacet
  facet normal -0.477958 -0.521581 0.70676
    outer loop
      vertex -24.0132 -8.6789 7.81705
      vertex -24.2463 -7.90129 8.23328
      vertex -24.5406 -8.19561 7.81705
    endloop
  endfacet
  facet normal -0.896862 -0.44231 0
    outer loop
      vertex -27.6705 -5.71564 4.95
      vertex -27.9303 -5.18885 5.14431
      vertex -27.9303 -5.18885 4.95
    endloop
  endfacet
  facet normal -0.896862 -0.44231 0
    outer loop
      vertex -27.9303 -5.18885 5.14431
      vertex -27.6705 -5.71564 4.95
      vertex -27.6705 -5.71564 5.14431
    endloop
  endfacet
  facet normal -0.213047 -0.318745 0.923587
    outer loop
      vertex -21.9339 -7.8696 9.11118
      vertex -22.2649 -8.30104 8.88593
      vertex -22.0485 -8.44568 8.88593
    endloop
  endfacet
  facet normal -0.588598 -0.39325 0.706333
    outer loop
      vertex -25.6366 -6.19184 8.23328
      vertex -25.7512 -6.76792 7.81705
      vertex -25.421 -6.51454 8.23328
    endloop
  endfacet
  facet normal -0.550786 0.824407 0.130339
    outer loop
      vertex -23.2985 10.6108 5.14431
      vertex -23.7869 10.2845 5.14431
      vertex -23.7401 10.2235 5.72791
    endloop
  endfacet
  facet normal -0.745397 0.653779 0.130217
    outer loop
      vertex -25.8067 8.45102 5.14431
      vertex -26.1331 7.96264 5.72791
      vertex -25.7524 8.39669 5.72791
    endloop
  endfacet
  facet normal -0.603539 0.786562 0.130613
    outer loop
      vertex -23.7869 10.2845 5.14431
      vertex -24.3076 9.78805 5.72791
      vertex -23.7401 10.2235 5.72791
    endloop
  endfacet
  facet normal -0.603579 0.786541 0.13056
    outer loop
      vertex -24.3076 9.78805 5.72791
      vertex -23.7869 10.2845 5.14431
      vertex -24.3544 9.84901 5.14431
    endloop
  endfacet
  facet normal 0.260502 0.826138 0.499634
    outer loop
      vertex 19.5169 11.824 6.8403
      vertex 20.05 11.3476 7.35007
      vertex 20.05 11.6559 6.8403
    endloop
  endfacet
  facet normal 0.260462 0.82613 0.499668
    outer loop
      vertex 20.05 11.3476 7.35007
      vertex 19.5169 11.824 6.8403
      vertex 19.4407 11.5397 7.35007
    endloop
  endfacet
  facet normal 0 0.707047 0.707166
    outer loop
      vertex 16.35 11.5883 7.81705
      vertex -16.35 11.172 8.23328
      vertex 16.35 11.172 8.23328
    endloop
  endfacet
  facet normal 0 0.707047 0.707166
    outer loop
      vertex -16.35 11.172 8.23328
      vertex 16.35 11.5883 7.81705
      vertex -16.35 11.5883 7.81705
    endloop
  endfacet
  facet normal -0.0963293 0.0882711 0.991428
    outer loop
      vertex -23.2523 5.89662 9.26353
      vertex -22.3564 6.01138 9.34036
      vertex -22.769 6.42404 9.26353
    endloop
  endfacet
  facet normal -0.0963293 0.0882711 0.991428
    outer loop
      vertex -22.3564 6.01138 9.34036
      vertex -23.2523 5.89662 9.26353
      vertex -22.8397 5.48396 9.34036
    endloop
  endfacet
  facet normal -0 0.38266 0.923889
    outer loop
      vertex -16.35 10.1953 8.88593
      vertex 16.35 9.65146 9.11118
      vertex 16.35 10.1953 8.88593
    endloop
  endfacet
  facet normal 0 0.38266 0.923889
    outer loop
      vertex 16.35 9.65146 9.11118
      vertex -16.35 10.1953 8.88593
      vertex -16.35 9.65146 9.11118
    endloop
  endfacet
  facet normal -0.609334 -0.694852 0.381959
    outer loop
      vertex -24.0778 -9.48848 6.8403
      vertex -24.634 -9.29967 6.29648
      vertex -24.2149 -9.66719 6.29648
    endloop
  endfacet
  facet normal -0.176841 -0.339709 0.923756
    outer loop
      vertex -21.1732 -8.35909 9.11118
      vertex -20.8106 -9.16036 8.88593
      vertex -20.5387 -8.68939 9.11118
    endloop
  endfacet
  facet normal -0.176848 -0.339711 0.923754
    outer loop
      vertex -20.8106 -9.16036 8.88593
      vertex -21.1732 -8.35909 9.11118
      vertex -21.4451 -8.83005 8.88593
    endloop
  endfacet
  facet normal -0.131811 -0.594684 0.793081
    outer loop
      vertex -19.1194 -10.3405 8.59161
      vertex -18.5418 -10.9464 8.23328
      vertex -18.421 -10.4953 8.59161
    endloop
  endfacet
  facet normal -0.131909 -0.594742 0.793021
    outer loop
      vertex -18.5418 -10.9464 8.23328
      vertex -19.1194 -10.3405 8.59161
      vertex -19.2402 -10.7915 8.23328
    endloop
  endfacet
  facet normal -0.0977337 -0.49117 0.865564
    outer loop
      vertex -18.289 -10.0029 8.88593
      vertex -18.421 -10.4953 8.59161
      vertex -18.0337 -10.0537 8.88593
    endloop
  endfacet
  facet normal -0.195863 -0.577224 0.792748
    outer loop
      vertex -19.8016 -10.1253 8.59161
      vertex -20.29 -10.4517 8.23328
      vertex -19.9225 -10.5764 8.23328
    endloop
  endfacet
  facet normal 0.260462 -0.82613 0.499668
    outer loop
      vertex 19.5169 -11.824 6.8403
      vertex 20.05 -11.3476 7.35007
      vertex 19.4407 -11.5397 7.35007
    endloop
  endfacet
  facet normal 0.260502 -0.826138 0.499634
    outer loop
      vertex 20.05 -11.3476 7.35007
      vertex 19.5169 -11.824 6.8403
      vertex 20.05 -11.6559 6.8403
    endloop
  endfacet
  facet normal 0.017037 -0.129406 0.991445
    outer loop
      vertex 17.8123 -8.37221 9.34036
      vertex 17.1793 -9.04418 9.26353
      vertex 17.8885 -8.95081 9.26353
    endloop
  endfacet
  facet normal 0.017037 -0.129406 0.991445
    outer loop
      vertex 17.1793 -9.04418 9.26353
      vertex 17.8123 -8.37221 9.34036
      vertex 17.1031 -8.46558 9.34036
    endloop
  endfacet
  facet normal 0 -0.608831 0.7933
    outer loop
      vertex -16.35 -10.7051 8.59161
      vertex 16.35 -11.172 8.23328
      vertex 16.35 -10.7051 8.59161
    endloop
  endfacet
  facet normal 0 -0.608831 0.7933
    outer loop
      vertex 16.35 -11.172 8.23328
      vertex -16.35 -10.7051 8.59161
      vertex -16.35 -11.172 8.23328
    endloop
  endfacet
  facet normal -0.138036 -0.694336 0.706288
    outer loop
      vertex -18.1612 -11.0221 8.23328
      vertex -18.6496 -11.3484 7.81705
      vertex -18.2155 -11.4347 7.81705
    endloop
  endfacet
  facet normal 0.138036 -0.694336 0.706288
    outer loop
      vertex 18.6496 -11.3484 7.81705
      vertex 18.1612 -11.0221 8.23328
      vertex 18.2155 -11.4347 7.81705
    endloop
  endfacet
  facet normal 0.0648217 -0.989375 0.130134
    outer loop
      vertex 17.6407 -12.5496 5.72791
      vertex 17.0647 -12.6641 5.14431
      vertex 17.6508 -12.6257 5.14431
    endloop
  endfacet
  facet normal 0.0630939 -0.963981 0.258379
    outer loop
      vertex 17.6209 -12.3985 6.29648
      vertex 17.0647 -12.5873 5.72791
      vertex 17.6407 -12.5496 5.72791
    endloop
  endfacet
  facet normal -0.00569791 -0.130522 0.991429
    outer loop
      vertex -17.0647 -9.05169 9.26353
      vertex -16.35 -8.4993 9.34036
      vertex -17.0647 -8.4681 9.34036
    endloop
  endfacet
  facet normal -0.00569791 -0.130522 0.991429
    outer loop
      vertex -16.35 -8.4993 9.34036
      vertex -17.0647 -9.05169 9.26353
      vertex -16.35 -9.08289 9.26353
    endloop
  endfacet
  facet normal 0.188428 -0.947494 0.258359
    outer loop
      vertex 18.8768 -12.1964 6.29648
      vertex 18.35 -12.4562 5.72791
      vertex 18.9162 -12.3436 5.72791
    endloop
  endfacet
  facet normal -0.318693 0.938863 0.130276
    outer loop
      vertex -20.3167 12.0478 5.14431
      vertex -20.8729 11.859 5.14431
      vertex -20.8435 11.788 5.72791
    endloop
  endfacet
  facet normal -0.188389 0.947492 0.258394
    outer loop
      vertex -18.35 12.4562 5.72791
      vertex -18.8768 12.1964 6.29648
      vertex -18.3301 12.3051 6.29648
    endloop
  endfacet
  facet normal 0.120634 0.915988 0.382639
    outer loop
      vertex 17.6209 12.3985 6.29648
      vertex 18.3007 12.0818 6.8403
      vertex 18.3301 12.3051 6.29648
    endloop
  endfacet
  facet normal 0.120634 0.915988 0.382639
    outer loop
      vertex 18.3007 12.0818 6.8403
      vertex 17.6209 12.3985 6.29648
      vertex 17.5915 12.1752 6.8403
    endloop
  endfacet
  facet normal 0.0630939 0.963981 0.258379
    outer loop
      vertex 17.6407 12.5496 5.72791
      vertex 17.0647 12.5873 5.72791
      vertex 17.6209 12.3985 6.29648
    endloop
  endfacet
  facet normal -0 0.608831 0.7933
    outer loop
      vertex -16.35 11.172 8.23328
      vertex 16.35 10.7051 8.59161
      vertex 16.35 11.172 8.23328
    endloop
  endfacet
  facet normal 0 0.608831 0.7933
    outer loop
      vertex 16.35 10.7051 8.59161
      vertex -16.35 11.172 8.23328
      vertex -16.35 10.7051 8.59161
    endloop
  endfacet
  facet normal -0.0747959 0.376006 0.923594
    outer loop
      vertex -17.9627 9.51452 9.11118
      vertex -18.289 10.0029 8.88593
      vertex -18.1483 9.4776 9.11118
    endloop
  endfacet
  facet normal -0.0421306 0.965089 0.258513
    outer loop
      vertex -16.35 12.6185 5.72791
      vertex -17.0647 12.435 6.29648
      vertex -16.35 12.4662 6.29648
    endloop
  endfacet
  facet normal -0.0421306 0.965089 0.258513
    outer loop
      vertex -17.0647 12.435 6.29648
      vertex -16.35 12.6185 5.72791
      vertex -17.0647 12.5873 5.72791
    endloop
  endfacet
  facet normal -0.0402978 0.923104 0.382434
    outer loop
      vertex -16.35 12.4662 6.29648
      vertex -17.0647 12.2097 6.8403
      vertex -16.35 12.2409 6.8403
    endloop
  endfacet
  facet normal -0.0402978 0.923104 0.382434
    outer loop
      vertex -17.0647 12.2097 6.8403
      vertex -16.35 12.4662 6.29648
      vertex -17.0647 12.435 6.29648
    endloop
  endfacet
  facet normal -0.401905 0.458324 0.792724
    outer loop
      vertex -23.1428 8.27 8.59161
      vertex -23.7189 8.38459 8.23328
      vertex -23.3887 8.05437 8.59161
    endloop
  endfacet
  facet normal -0.216531 0.976276 0
    outer loop
      vertex -18.9361 12.4178 4.95
      vertex -19.6345 12.2629 5.14431
      vertex -18.9361 12.4178 5.14431
    endloop
  endfacet
  facet normal -0.216531 0.976276 0
    outer loop
      vertex -19.6345 12.2629 5.14431
      vertex -18.9361 12.4178 4.95
      vertex -19.6345 12.2629 4.95
    endloop
  endfacet
  facet normal -0.126119 0.957638 0.258889
    outer loop
      vertex -17.6407 12.5496 5.72791
      vertex -18.3301 12.3051 6.29648
      vertex -17.6209 12.3985 6.29648
    endloop
  endfacet
  facet normal -0.126101 0.957635 0.258909
    outer loop
      vertex -18.3301 12.3051 6.29648
      vertex -17.6407 12.5496 5.72791
      vertex -18.35 12.4562 5.72791
    endloop
  endfacet
  facet normal -0.129437 0.982974 0.130417
    outer loop
      vertex -17.6508 12.6257 5.14431
      vertex -18.35 12.4562 5.72791
      vertex -17.6407 12.5496 5.72791
    endloop
  endfacet
  facet normal -0.129316 0.982971 0.130561
    outer loop
      vertex -18.35 12.4562 5.72791
      vertex -17.6508 12.6257 5.14431
      vertex -18.36 12.5324 5.14431
    endloop
  endfacet
  facet normal -0.427338 0.866388 0.25837
    outer loop
      vertex -21.5044 11.5143 5.72791
      vertex -22.0222 11.2589 5.72791
      vertex -21.4461 11.3735 6.29648
    endloop
  endfacet
  facet normal -0.171745 0.774849 0.608369
    outer loop
      vertex -18.7423 11.6945 7.35007
      vertex -19.348 11.1936 7.81705
      vertex -18.6496 11.3484 7.81705
    endloop
  endfacet
  facet normal -0.171745 0.774849 0.608369
    outer loop
      vertex -19.348 11.1936 7.81705
      vertex -18.7423 11.6945 7.35007
      vertex -19.4407 11.5397 7.35007
    endloop
  endfacet
  facet normal 0.0461499 0.706294 0.706413
    outer loop
      vertex 17.0647 11.5571 7.81705
      vertex 17.0647 11.1408 8.23328
      vertex 17.4519 11.1155 8.23328
    endloop
  endfacet
  facet normal 0.131909 0.594742 0.793021
    outer loop
      vertex 18.5418 10.9464 8.23328
      vertex 19.1194 10.3405 8.59161
      vertex 19.2402 10.7915 8.23328
    endloop
  endfacet
  facet normal 0.131811 0.594684 0.793081
    outer loop
      vertex 19.1194 10.3405 8.59161
      vertex 18.5418 10.9464 8.23328
      vertex 18.421 10.4953 8.59161
    endloop
  endfacet
  facet normal 0.187448 0.845694 0.499665
    outer loop
      vertex 18.8185 11.9788 6.8403
      vertex 19.4407 11.5397 7.35007
      vertex 19.5169 11.824 6.8403
    endloop
  endfacet
  facet normal 0.187448 0.845694 0.499665
    outer loop
      vertex 19.4407 11.5397 7.35007
      vertex 18.8185 11.9788 6.8403
      vertex 18.7423 11.6945 7.35007
    endloop
  endfacet
  facet normal 0.180305 0.906428 0.38194
    outer loop
      vertex 18.3301 12.3051 6.29648
      vertex 18.3007 12.0818 6.8403
      vertex 18.8185 11.9788 6.8403
    endloop
  endfacet
  facet normal -0.0982975 -0.0862978 0.991408
    outer loop
      vertex -22.8651 -5.45502 9.34036
      vertex -23.3281 -5.81028 9.26353
      vertex -23.2523 -5.89662 9.26353
    endloop
  endfacet
  facet normal 0.0337801 0.256608 0.965925
    outer loop
      vertex 17.2535 9.60788 9.11118
      vertex 17.8885 8.95081 9.26353
      vertex 17.9627 9.51452 9.11118
    endloop
  endfacet
  facet normal 0.0337842 0.256611 0.965924
    outer loop
      vertex 17.8885 8.95081 9.26353
      vertex 17.2535 9.60788 9.11118
      vertex 17.1793 9.04418 9.26353
    endloop
  endfacet
  facet normal -0.997861 -0.0653761 0
    outer loop
      vertex -28.9707 -1.30578 4.95
      vertex -29.0091 -0.719666 5.14431
      vertex -29.0091 -0.719666 4.95
    endloop
  endfacet
  facet normal -0.997861 -0.0653761 0
    outer loop
      vertex -29.0091 -0.719666 5.14431
      vertex -28.9707 -1.30578 4.95
      vertex -28.9707 -1.30578 5.14431
    endloop
  endfacet
  facet normal -0.866468 -0.427246 0.258253
    outer loop
      vertex -27.472 -5.60105 6.29648
      vertex -27.7185 -5.10114 6.29648
      vertex -27.6039 -5.67723 5.72791
    endloop
  endfacet
  facet normal -0.953722 -0.30069 0
    outer loop
      vertex -28.3928 -3.97175 4.95
      vertex -28.6079 -3.2895 5.14431
      vertex -28.6079 -3.2895 4.95
    endloop
  endfacet
  facet normal -0.953722 -0.30069 0
    outer loop
      vertex -28.6079 -3.2895 5.14431
      vertex -28.3928 -3.97175 4.95
      vertex -28.3928 -3.97175 5.14431
    endloop
  endfacet
  facet normal -0.866384 -0.427344 0.258369
    outer loop
      vertex -27.7185 -5.10114 6.29648
      vertex -27.8593 -5.15944 5.72791
      vertex -27.6039 -5.67723 5.72791
    endloop
  endfacet
  facet normal -0.923908 -0.382614 0
    outer loop
      vertex -27.9303 -5.18885 4.95
      vertex -28.204 -4.52794 5.14431
      vertex -28.204 -4.52794 4.95
    endloop
  endfacet
  facet normal -0.923908 -0.382614 0
    outer loop
      vertex -28.204 -4.52794 5.14431
      vertex -27.9303 -5.18885 4.95
      vertex -27.9303 -5.18885 5.14431
    endloop
  endfacet
  facet normal -0.824344 0.550913 0.1302
    outer loop
      vertex -26.5685 7.3951 5.72791
      vertex -26.9558 6.9535 5.14431
      vertex -26.8893 6.91508 5.72791
    endloop
  endfacet
  facet normal -0.499759 0.0326205 0.86555
    outer loop
      vertex -26.9975 1.04599 8.59161
      vertex -27.0188 0.719666 8.59161
      vertex -26.4921 0.979451 8.88593
    endloop
  endfacet
  facet normal -0.732957 0.562442 0.382666
    outer loop
      vertex -26.4477 7.30236 6.29648
      vertex -25.8335 7.73277 6.8403
      vertex -26.0122 7.86989 6.29648
    endloop
  endfacet
  facet normal -0.732983 0.562323 0.38279
    outer loop
      vertex -25.8335 7.73277 6.8403
      vertex -26.4477 7.30236 6.29648
      vertex -26.2689 7.16523 6.8403
    endloop
  endfacet
  facet normal -0.826136 0.260465 0.499657
    outer loop
      vertex -28.169 3.17188 6.8403
      vertex -27.6696 3.77796 7.35007
      vertex -27.9539 3.85413 6.8403
    endloop
  endfacet
  facet normal -0.826135 0.26046 0.499661
    outer loop
      vertex -27.6696 3.77796 7.35007
      vertex -28.169 3.17188 6.8403
      vertex -27.8847 3.0957 7.35007
    endloop
  endfacet
  facet normal -0.999042 -0.0437541 0
    outer loop
      vertex -29.0091 -0.719666 4.95
      vertex -29.0404 -0.00498962 5.14431
      vertex -29.0404 -0.00498962 4.95
    endloop
  endfacet
  facet normal -0.999042 -0.0437541 0
    outer loop
      vertex -29.0404 -0.00498962 5.14431
      vertex -29.0091 -0.719666 4.95
      vertex -29.0091 -0.719666 5.14431
    endloop
  endfacet
  facet normal -0.651443 0.571332 0.499201
    outer loop
      vertex -25.4854 8.12968 6.8403
      vertex -25.8335 7.73277 6.8403
      vertex -25.6 7.5536 7.35007
    endloop
  endfacet
  facet normal -0.914801 -0.310578 0.258225
    outer loop
      vertex -27.9923 -4.44024 6.29648
      vertex -28.3186 -3.95186 5.72791
      vertex -28.133 -4.49854 5.72791
    endloop
  endfacet
  facet normal -0.803226 -0.5368 0.258214
    outer loop
      vertex -26.4477 -7.30236 6.29648
      vertex -26.8893 -6.91508 5.72791
      vertex -26.5685 -7.3951 5.72791
    endloop
  endfacet
  facet normal -0.824394 -0.550812 0.130311
    outer loop
      vertex -26.5685 -7.3951 5.72791
      vertex -26.9558 -6.9535 5.14431
      vertex -26.6295 -7.44187 5.14431
    endloop
  endfacet
  facet normal -0.232928 -0.562388 0.793388
    outer loop
      vertex -20.7722 -9.74647 8.59161
      vertex -20.29 -10.4517 8.23328
      vertex -20.1113 -10.0202 8.59161
    endloop
  endfacet
  facet normal -0.233 -0.562416 0.793347
    outer loop
      vertex -20.29 -10.4517 8.23328
      vertex -20.7722 -9.74647 8.59161
      vertex -20.9509 -10.1779 8.23328
    endloop
  endfacet
  facet normal -0.445992 -0.856878 0.258555
    outer loop
      vertex -22.0222 -11.2589 5.72791
      vertex -22.5806 -10.7967 6.29648
      vertex -22.6568 -10.9286 5.72791
    endloop
  endfacet
  facet normal -0.446057 -0.856866 0.258483
    outer loop
      vertex -22.5806 -10.7967 6.29648
      vertex -22.0222 -11.2589 5.72791
      vertex -21.9461 -11.127 6.29648
    endloop
  endfacet
  facet normal -0.221502 -0.44916 0.865559
    outer loop
      vertex -20.8106 -9.16036 8.88593
      vertex -21.0655 -9.60183 8.59161
      vertex -20.7722 -9.74647 8.59161
    endloop
  endfacet
  facet normal -0.527144 -0.687089 0.500028
    outer loop
      vertex -23.5102 -9.92395 6.8403
      vertex -23.8986 -9.25498 7.35007
      vertex -24.0778 -9.48848 6.8403
    endloop
  endfacet
  facet normal -0.527229 -0.68708 0.499951
    outer loop
      vertex -23.8986 -9.25498 7.35007
      vertex -23.5102 -9.92395 6.8403
      vertex -23.3311 -9.69045 7.35007
    endloop
  endfacet
  facet normal -0.916 0.37934 0.130556
    outer loop
      vertex -28.204 4.52794 5.14431
      vertex -27.8593 5.15944 5.72791
      vertex -27.9303 5.18885 5.14431
    endloop
  endfacet
  facet normal -0.915999 0.379345 0.130549
    outer loop
      vertex -27.8593 5.15944 5.72791
      vertex -28.204 4.52794 5.14431
      vertex -28.133 4.49854 5.72791
    endloop
  endfacet
  facet normal -0.991458 -0.130426 0
    outer loop
      vertex -28.8774 -2.01502 4.95
      vertex -28.9707 -1.30578 5.14431
      vertex -28.9707 -1.30578 4.95
    endloop
  endfacet
  facet normal -0.991458 -0.130426 0
    outer loop
      vertex -28.9707 -1.30578 5.14431
      vertex -28.8774 -2.01502 4.95
      vertex -28.8774 -2.01502 5.14431
    endloop
  endfacet
  facet normal -0.438534 0.889222 0.130274
    outer loop
      vertex -21.5338 11.5853 5.14431
      vertex -22.0606 11.3255 5.14431
      vertex -21.5044 11.5143 5.72791
    endloop
  endfacet
  facet normal -0.653733 0.745425 0.130288
    outer loop
      vertex -24.3544 9.84901 5.14431
      vertex -24.796 9.46173 5.14431
      vertex -24.3076 9.78805 5.72791
    endloop
  endfacet
  facet normal -0.726291 0.637021 0.258276
    outer loop
      vertex -25.7524 8.39669 5.72791
      vertex -26.1331 7.96264 5.72791
      vertex -25.6447 8.28896 6.29648
    endloop
  endfacet
  facet normal -0.60879 0.793332 0
    outer loop
      vertex -23.7869 10.2845 5.05
      vertex -24.3544 9.84901 5.14431
      vertex -23.7869 10.2845 5.14431
    endloop
  endfacet
  facet normal -0.60879 0.793332 0
    outer loop
      vertex -24.3544 9.84901 5.14431
      vertex -23.7869 10.2845 5.05
      vertex -24.3544 9.84901 5.05
    endloop
  endfacet
  facet normal -0.195881 0.577206 0.792757
    outer loop
      vertex -19.8016 10.1253 8.59161
      vertex -20.29 10.4517 8.23328
      vertex -20.1113 10.0202 8.59161
    endloop
  endfacet
  facet normal -0.138092 0.694292 0.706321
    outer loop
      vertex -18.1612 11.0221 8.23328
      vertex -18.6496 11.3484 7.81705
      vertex -18.5418 10.9464 8.23328
    endloop
  endfacet
  facet normal 0.0169692 0.258787 0.965785
    outer loop
      vertex 17.2535 9.60788 9.11118
      vertex 17.0647 9.62026 9.11118
      vertex 17.1793 9.04418 9.26353
    endloop
  endfacet
  facet normal 0.0327037 0.499789 0.865529
    outer loop
      vertex 17.0647 10.6738 8.59161
      vertex 17.0647 10.1641 8.88593
      vertex 17.3245 10.1471 8.88593
    endloop
  endfacet
  facet normal -0.603541 -0.0794805 0.79336
    outer loop
      vertex -26.9975 -1.04599 8.59161
      vertex -27.3671 -1.81619 8.23328
      vertex -26.9041 -1.75523 8.59161
    endloop
  endfacet
  facet normal -0.603543 -0.0794796 0.79336
    outer loop
      vertex -27.3671 -1.81619 8.23328
      vertex -26.9975 -1.04599 8.59161
      vertex -27.4605 -1.10694 8.23328
    endloop
  endfacet
  facet normal -0.380109 -0.596611 0.706804
    outer loop
      vertex -22.745 -9.65204 7.81705
      vertex -21.9335 -9.67595 8.23328
      vertex -22.5368 -9.29158 8.23328
    endloop
  endfacet
  facet normal -0.380084 -0.596688 0.706753
    outer loop
      vertex -21.9335 -9.67595 8.23328
      vertex -22.745 -9.65204 7.81705
      vertex -22.1416 -10.0364 7.81705
    endloop
  endfacet
  facet normal -0.115172 -0.365241 0.923761
    outer loop
      vertex -19.6697 -9.63295 8.88593
      vertex -18.8467 -9.32277 9.11118
      vertex -19.5289 -9.10765 9.11118
    endloop
  endfacet
  facet normal -0.115159 -0.365269 0.923752
    outer loop
      vertex -18.8467 -9.32277 9.11118
      vertex -19.6697 -9.63295 8.88593
      vertex -18.9874 -9.84806 8.88593
    endloop
  endfacet
  facet normal -0.0566621 -0.864629 0.499206
    outer loop
      vertex -17.553 -11.8834 7.35007
      vertex -17.5915 -12.1752 6.8403
      vertex -17.0647 -11.9154 7.35007
    endloop
  endfacet
  facet normal -0.195881 -0.577206 0.792757
    outer loop
      vertex -20.1113 -10.0202 8.59161
      vertex -20.29 -10.4517 8.23328
      vertex -19.8016 -10.1253 8.59161
    endloop
  endfacet
  facet normal -0.0397448 -0.608268 0.792736
    outer loop
      vertex -17.0647 -10.6738 8.59161
      vertex -17.4519 -11.1155 8.23328
      vertex -17.0647 -11.1408 8.23328
    endloop
  endfacet
  facet normal -0.13052 0.005698 0.991429
    outer loop
      vertex -25.3967 0.719666 9.26353
      vertex -24.8443 0.00498962 9.34036
      vertex -24.8131 0.719666 9.34036
    endloop
  endfacet
  facet normal -0.13052 0.005698 0.991429
    outer loop
      vertex -24.8443 0.00498962 9.34036
      vertex -25.3967 0.719666 9.26353
      vertex -25.4279 0.00498962 9.26353
    endloop
  endfacet
  facet normal 0 -0.38266 0.923889
    outer loop
      vertex -16.35 -9.65146 9.11118
      vertex 16.35 -10.1953 8.88593
      vertex 16.35 -9.65146 9.11118
    endloop
  endfacet
  facet normal 0 -0.38266 0.923889
    outer loop
      vertex 16.35 -10.1953 8.88593
      vertex -16.35 -9.65146 9.11118
      vertex -16.35 -10.1953 8.88593
    endloop
  endfacet
  facet normal -0.0218246 -0.499938 0.865786
    outer loop
      vertex -17.0647 -10.6738 8.59161
      vertex -16.35 -10.1953 8.88593
      vertex -17.0647 -10.1641 8.88593
    endloop
  endfacet
  facet normal -0.0218913 -0.499863 0.865828
    outer loop
      vertex -16.35 -10.1953 8.88593
      vertex -17.0647 -10.6738 8.59161
      vertex -16.35 -10.7051 8.59161
    endloop
  endfacet
  facet normal -0.0112981 -0.258806 0.965863
    outer loop
      vertex -17.0647 -9.62026 9.11118
      vertex -16.35 -9.08289 9.26353
      vertex -17.0647 -9.05169 9.26353
    endloop
  endfacet
  facet normal -0.0112981 -0.258806 0.965863
    outer loop
      vertex -16.35 -9.08289 9.26353
      vertex -17.0647 -9.62026 9.11118
      vertex -16.35 -9.65146 9.11118
    endloop
  endfacet
  facet normal 0 -0.258822 0.965925
    outer loop
      vertex -16.35 -9.08289 9.26353
      vertex 16.35 -9.65146 9.11118
      vertex 16.35 -9.08289 9.26353
    endloop
  endfacet
  facet normal 0 -0.258822 0.965925
    outer loop
      vertex 16.35 -9.65146 9.11118
      vertex -16.35 -9.08289 9.26353
      vertex -16.35 -9.65146 9.11118
    endloop
  endfacet
  facet normal -0.0250825 -0.382519 0.923607
    outer loop
      vertex -17.2535 -9.60788 9.11118
      vertex -17.3245 -10.1471 8.88593
      vertex -17.0647 -9.62026 9.11118
    endloop
  endfacet
  facet normal -0.0337842 -0.256611 0.965924
    outer loop
      vertex -17.8885 -8.95081 9.26353
      vertex -17.2535 -9.60788 9.11118
      vertex -17.1793 -9.04418 9.26353
    endloop
  endfacet
  facet normal -0.0337801 -0.256608 0.965925
    outer loop
      vertex -17.2535 -9.60788 9.11118
      vertex -17.8885 -8.95081 9.26353
      vertex -17.9627 -9.51452 9.11118
    endloop
  endfacet
  facet normal 0.257965 -0.751133 0.607662
    outer loop
      vertex 20.05 -10.9717 7.81705
      vertex 20.0302 -10.9785 7.81705
      vertex 20.05 -11.0523 7.71742
    endloop
  endfacet
  facet normal 0.230116 -0.670043 0.705754
    outer loop
      vertex 20.05 -10.9383 7.84876
      vertex 20.0302 -10.9785 7.81705
      vertex 20.05 -10.9717 7.81705
    endloop
  endfacet
  facet normal 0.120634 -0.915988 0.382639
    outer loop
      vertex 17.6209 -12.3985 6.29648
      vertex 18.3007 -12.0818 6.8403
      vertex 17.5915 -12.1752 6.8403
    endloop
  endfacet
  facet normal 0.120634 -0.915988 0.382639
    outer loop
      vertex 18.3007 -12.0818 6.8403
      vertex 17.6209 -12.3985 6.29648
      vertex 18.3301 -12.3051 6.29648
    endloop
  endfacet
  facet normal 0.180222 -0.906416 0.382007
    outer loop
      vertex 18.8185 -11.9788 6.8403
      vertex 18.3301 -12.3051 6.29648
      vertex 18.8768 -12.1964 6.29648
    endloop
  endfacet
  facet normal -0.188428 -0.947494 0.258359
    outer loop
      vertex -18.8768 -12.1964 6.29648
      vertex -18.9162 -12.3436 5.72791
      vertex -18.35 -12.4562 5.72791
    endloop
  endfacet
  facet normal -0.278539 -0.820516 0.49917
    outer loop
      vertex -20.5864 -11.1673 7.35007
      vertex -20.699 -11.4392 6.8403
      vertex -20.1991 -11.6089 6.8403
    endloop
  endfacet
  facet normal -0.506849 -0.338695 0.79271
    outer loop
      vertex -25.2322 -5.95835 8.59161
      vertex -25.6366 -6.19184 8.23328
      vertex -25.0505 -6.23026 8.59161
    endloop
  endfacet
  facet normal -0.0421306 -0.965089 0.258513
    outer loop
      vertex -17.0647 -12.5873 5.72791
      vertex -16.35 -12.4662 6.29648
      vertex -17.0647 -12.435 6.29648
    endloop
  endfacet
  facet normal -0.0421306 -0.965089 0.258513
    outer loop
      vertex -16.35 -12.4662 6.29648
      vertex -17.0647 -12.5873 5.72791
      vertex -16.35 -12.6185 5.72791
    endloop
  endfacet
  facet normal 0.216531 -0.976276 0
    outer loop
      vertex 18.9361 -12.4178 4.95
      vertex 19.6345 -12.2629 5.14431
      vertex 18.9361 -12.4178 5.14431
    endloop
  endfacet
  facet normal 0.216531 -0.976276 0
    outer loop
      vertex 19.6345 -12.2629 5.14431
      vertex 18.9361 -12.4178 4.95
      vertex 19.6345 -12.2629 4.95
    endloop
  endfacet
  facet normal 0.195101 -0.980783 0
    outer loop
      vertex 18.36 -12.5324 4.95
      vertex 18.9361 -12.4178 5.14431
      vertex 18.36 -12.5324 5.14431
    endloop
  endfacet
  facet normal 0.195101 -0.980783 0
    outer loop
      vertex 18.9361 -12.4178 5.14431
      vertex 18.36 -12.5324 4.95
      vertex 18.9361 -12.4178 4.95
    endloop
  endfacet
  facet normal 0.0167026 -0.382607 0.92376
    outer loop
      vertex 16.35 -9.65146 9.11118
      vertex 17.0647 -10.1641 8.88593
      vertex 17.0647 -9.62026 9.11118
    endloop
  endfacet
  facet normal 0.0167026 -0.382607 0.92376
    outer loop
      vertex 17.0647 -10.1641 8.88593
      vertex 16.35 -9.65146 9.11118
      vertex 16.35 -10.1953 8.88593
    endloop
  endfacet
  facet normal 0.0437527 0.999042 -0
    outer loop
      vertex 17.0647 12.6641 4.95
      vertex 16.35 12.6954 5.14431
      vertex 17.0647 12.6641 5.14431
    endloop
  endfacet
  facet normal 0.0437527 0.999042 0
    outer loop
      vertex 16.35 12.6954 5.14431
      vertex 17.0647 12.6641 4.95
      vertex 16.35 12.6954 4.95
    endloop
  endfacet
  facet normal 0.0647557 0.989371 0.130198
    outer loop
      vertex 17.0647 12.6641 5.14431
      vertex 17.0647 12.5873 5.72791
      vertex 17.6407 12.5496 5.72791
    endloop
  endfacet
  facet normal 0 0.966207 0.257766
    outer loop
      vertex -3.25 12.4786 6.25
      vertex -16.35 12.4662 6.29648
      vertex -3.24797 12.4662 6.29648
    endloop
  endfacet
  facet normal 8.6027e-06 0.965977 0.258629
    outer loop
      vertex -16.35 12.6185 5.72791
      vertex -3.25 12.4786 6.25
      vertex -3.24772 12.4926 6.19771
    endloop
  endfacet
  facet normal 5.64116e-06 0.965956 0.258706
    outer loop
      vertex -16.35 12.6185 5.72791
      vertex -3.24772 12.4926 6.19771
      vertex -3.24088 12.5065 6.14581
    endloop
  endfacet
  facet normal -2.90652e-06 0.965889 0.258956
    outer loop
      vertex -16.35 12.6185 5.72791
      vertex -3.24088 12.5065 6.14581
      vertex -3.22956 12.5202 6.09471
    endloop
  endfacet
  facet normal -1.16701e-05 0.965811 0.259248
    outer loop
      vertex -16.35 12.6185 5.72791
      vertex -3.22956 12.5202 6.09471
      vertex -3.21381 12.5336 6.04479
    endloop
  endfacet
  facet normal -2.05843e-05 0.965718 0.259593
    outer loop
      vertex -16.35 12.6185 5.72791
      vertex -3.21381 12.5336 6.04479
      vertex -3.19378 12.5466 5.99643
    endloop
  endfacet
  facet normal 1.35671e-05 0.966136 0.258032
    outer loop
      vertex -16.35 12.6185 5.72791
      vertex -3.19378 12.5466 5.99643
      vertex -3.16961 12.559 5.95
    endloop
  endfacet
  facet normal 1.02874e-05 0.966088 0.258214
    outer loop
      vertex -16.35 12.6185 5.72791
      vertex -3.16961 12.559 5.95
      vertex -3.14149 12.5708 5.90585
    endloop
  endfacet
  facet normal -2.16488e-05 0.965494 0.260425
    outer loop
      vertex -16.35 12.6185 5.72791
      vertex -3.14149 12.5708 5.90585
      vertex -3.10963 12.582 5.86433
    endloop
  endfacet
  facet normal 6.38596e-06 0.966175 0.257886
    outer loop
      vertex -16.35 12.6185 5.72791
      vertex -3.10963 12.582 5.86433
      vertex -3.07426 12.5923 5.82574
    endloop
  endfacet
  facet normal -5.49057e-06 0.965773 0.25939
    outer loop
      vertex -16.35 12.6185 5.72791
      vertex -3.07426 12.5923 5.82574
      vertex -3.03567 12.6018 5.79037
    endloop
  endfacet
  facet normal 2.60801e-06 0.966204 0.257779
    outer loop
      vertex -16.35 12.6185 5.72791
      vertex -3.03567 12.6018 5.79037
      vertex -2.99415 12.6103 5.75851
    endloop
  endfacet
  facet normal -4.84933e-06 0.965389 0.260815
    outer loop
      vertex -16.35 12.6185 5.72791
      vertex -2.99415 12.6103 5.75851
      vertex -2.95 12.6179 5.73038
    endloop
  endfacet
  facet normal -0 0.971741 0.23605
    outer loop
      vertex -16.35 12.6185 5.72791
      vertex -2.95 12.6179 5.73038
      vertex -2.94524 12.6185 5.72791
    endloop
  endfacet
  facet normal 3.71373e-06 0.965946 0.258743
    outer loop
      vertex -3.25 12.4786 6.25
      vertex -16.35 12.6185 5.72791
      vertex -16.35 12.4662 6.29648
    endloop
  endfacet
  facet normal 0 0.966207 0.257766
    outer loop
      vertex 16.35 12.4662 6.29648
      vertex -2.05 12.4786 6.25
      vertex -2.05203 12.4662 6.29648
    endloop
  endfacet
  facet normal -2.64401e-06 0.965946 0.258743
    outer loop
      vertex 16.35 12.6185 5.72791
      vertex -2.05 12.4786 6.25
      vertex 16.35 12.4662 6.29648
    endloop
  endfacet
  facet normal -6.12781e-06 0.965977 0.258629
    outer loop
      vertex -2.05 12.4786 6.25
      vertex 16.35 12.6185 5.72791
      vertex -2.05228 12.4926 6.19771
    endloop
  endfacet
  facet normal -4.02193e-06 0.965956 0.258706
    outer loop
      vertex -2.05228 12.4926 6.19771
      vertex 16.35 12.6185 5.72791
      vertex -2.05911 12.5065 6.14581
    endloop
  endfacet
  facet normal 2.07391e-06 0.965889 0.258956
    outer loop
      vertex -2.05911 12.5065 6.14581
      vertex 16.35 12.6185 5.72791
      vertex -2.07044 12.5202 6.09471
    endloop
  endfacet
  facet normal 8.33335e-06 0.96581 0.259249
    outer loop
      vertex -2.07044 12.5202 6.09471
      vertex 16.35 12.6185 5.72791
      vertex -2.08618 12.5336 6.04479
    endloop
  endfacet
  facet normal 1.47086e-05 0.965717 0.259595
    outer loop
      vertex -2.08618 12.5336 6.04479
      vertex 16.35 12.6185 5.72791
      vertex -2.10621 12.5466 5.99643
    endloop
  endfacet
  facet normal -9.7004e-06 0.966137 0.25803
    outer loop
      vertex -2.10621 12.5466 5.99643
      vertex 16.35 12.6185 5.72791
      vertex -2.13038 12.559 5.95
    endloop
  endfacet
  facet normal -7.35944e-06 0.966088 0.258212
    outer loop
      vertex -2.13038 12.559 5.95
      vertex 16.35 12.6185 5.72791
      vertex -2.15851 12.5708 5.90585
    endloop
  endfacet
  facet normal 1.54949e-05 0.965493 0.260429
    outer loop
      vertex -2.15851 12.5708 5.90585
      vertex 16.35 12.6185 5.72791
      vertex -2.19037 12.582 5.86433
    endloop
  endfacet
  facet normal -4.57268e-06 0.966176 0.257885
    outer loop
      vertex -2.19037 12.582 5.86433
      vertex 16.35 12.6185 5.72791
      vertex -2.22574 12.5923 5.82574
    endloop
  endfacet
  facet normal 3.93295e-06 0.965772 0.259392
    outer loop
      vertex -2.22574 12.5923 5.82574
      vertex 16.35 12.6185 5.72791
      vertex -2.26433 12.6018 5.79037
    endloop
  endfacet
  facet normal -1.86867e-06 0.966204 0.257778
    outer loop
      vertex -2.26433 12.6018 5.79037
      vertex 16.35 12.6185 5.72791
      vertex -2.30585 12.6103 5.75851
    endloop
  endfacet
  facet normal 3.47521e-06 0.965388 0.260818
    outer loop
      vertex -2.30585 12.6103 5.75851
      vertex 16.35 12.6185 5.72791
      vertex -2.35 12.6179 5.73038
    endloop
  endfacet
  facet normal 0 0.971741 0.23605
    outer loop
      vertex -2.35 12.6179 5.73038
      vertex 16.35 12.6185 5.72791
      vertex -2.35476 12.6185 5.72791
    endloop
  endfacet
  facet normal -0.1173 -0.0578587 0.99141
    outer loop
      vertex -24.0536 -3.58309 9.34036
      vertex -24.5928 -3.80642 9.26353
      vertex -24.542 -3.90941 9.26353
    endloop
  endfacet
  facet normal 0.0402978 0.923104 0.382434
    outer loop
      vertex 17.0647 12.435 6.29648
      vertex 16.35 12.2409 6.8403
      vertex 17.0647 12.2097 6.8403
    endloop
  endfacet
  facet normal 0.0402978 0.923104 0.382434
    outer loop
      vertex 16.35 12.2409 6.8403
      vertex 17.0647 12.435 6.29648
      vertex 16.35 12.4662 6.29648
    endloop
  endfacet
  facet normal 0.0463891 0.706394 0.706297
    outer loop
      vertex 17.5063 11.5281 7.81705
      vertex 17.0647 11.5571 7.81705
      vertex 17.4519 11.1155 8.23328
    endloop
  endfacet
  facet normal -0.180222 0.906416 0.382007
    outer loop
      vertex -18.3301 12.3051 6.29648
      vertex -18.8768 12.1964 6.29648
      vertex -18.8185 11.9788 6.8403
    endloop
  endfacet
  facet normal -0.369705 0.892396 0.258744
    outer loop
      vertex -20.8435 11.788 5.72791
      vertex -21.4461 11.3735 6.29648
      vertex -20.7852 11.6473 6.29648
    endloop
  endfacet
  facet normal -0.369575 0.892407 0.25889
    outer loop
      vertex -21.4461 11.3735 6.29648
      vertex -20.8435 11.788 5.72791
      vertex -21.5044 11.5143 5.72791
    endloop
  endfacet
  facet normal -0.297115 0.875096 0.382007
    outer loop
      vertex -20.2574 11.8265 6.29648
      vertex -20.7852 11.6473 6.29648
      vertex -20.1991 11.6089 6.8403
    endloop
  endfacet
  facet normal 0 0.866037 0.49998
    outer loop
      vertex 16.35 11.9466 7.35007
      vertex -2.65 12.2353 6.85
      vertex -16.35 11.9466 7.35007
    endloop
  endfacet
  facet normal 0.000101736 0.867706 0.497078
    outer loop
      vertex 16.35 11.9466 7.35007
      vertex -2.59771 12.2366 6.84772
      vertex -2.65 12.2353 6.85
    endloop
  endfacet
  facet normal -0.000143142 0.863702 0.504003
    outer loop
      vertex 16.35 11.9466 7.35007
      vertex -2.54581 12.2406 6.84088
      vertex -2.59771 12.2366 6.84772
    endloop
  endfacet
  facet normal -0 0.866037 0.49998
    outer loop
      vertex -2.54317 12.2409 6.8403
      vertex 16.35 11.9466 7.35007
      vertex 16.35 12.2409 6.8403
    endloop
  endfacet
  facet normal 0.00127887 0.88583 0.464009
    outer loop
      vertex 16.35 11.9466 7.35007
      vertex -2.54317 12.2409 6.8403
      vertex -2.54581 12.2406 6.84088
    endloop
  endfacet
  facet normal -0.000123129 0.867494 0.497448
    outer loop
      vertex -2.70229 12.2366 6.84772
      vertex -16.35 11.9466 7.35007
      vertex -2.65 12.2353 6.85
    endloop
  endfacet
  facet normal 0.000186625 0.863846 0.503757
    outer loop
      vertex -2.75419 12.2406 6.84088
      vertex -16.35 11.9466 7.35007
      vertex -2.70229 12.2366 6.84772
    endloop
  endfacet
  facet normal -0.00170326 0.885032 0.465528
    outer loop
      vertex -2.75683 12.2409 6.8403
      vertex -16.35 11.9466 7.35007
      vertex -2.75419 12.2406 6.84088
    endloop
  endfacet
  facet normal 0 0.866037 0.49998
    outer loop
      vertex -16.35 11.9466 7.35007
      vertex -2.75683 12.2409 6.8403
      vertex -16.35 12.2409 6.8403
    endloop
  endfacet
  facet normal -0.193389 0.97244 0.130232
    outer loop
      vertex -18.35 12.4562 5.72791
      vertex -18.9361 12.4178 5.14431
      vertex -18.9162 12.3436 5.72791
    endloop
  endfacet
  facet normal -0.193438 0.972424 0.130283
    outer loop
      vertex -18.36 12.5324 5.14431
      vertex -18.9361 12.4178 5.14431
      vertex -18.35 12.4562 5.72791
    endloop
  endfacet
  facet normal -0.188428 0.947494 0.258359
    outer loop
      vertex -18.35 12.4562 5.72791
      vertex -18.9162 12.3436 5.72791
      vertex -18.8768 12.1964 6.29648
    endloop
  endfacet
  facet normal -0.209034 0.943084 0.258645
    outer loop
      vertex -18.9162 12.3436 5.72791
      vertex -19.5752 12.0416 6.29648
      vertex -18.8768 12.1964 6.29648
    endloop
  endfacet
  facet normal -0.209172 0.943096 0.258492
    outer loop
      vertex -19.5752 12.0416 6.29648
      vertex -18.9162 12.3436 5.72791
      vertex -19.6146 12.1887 5.72791
    endloop
  endfacet
  facet normal -0.426593 0.819606 0.382446
    outer loop
      vertex -21.9461 11.127 6.29648
      vertex -22.468 10.6016 6.8403
      vertex -21.8334 10.9319 6.8403
    endloop
  endfacet
  facet normal -0.426658 0.819602 0.38238
    outer loop
      vertex -22.468 10.6016 6.8403
      vertex -21.9461 11.127 6.29648
      vertex -22.5806 10.7967 6.29648
    endloop
  endfacet
  facet normal -0.694844 0.609338 0.381967
    outer loop
      vertex -25.6447 8.28896 6.29648
      vertex -26.0122 7.86989 6.29648
      vertex -25.8335 7.73277 6.8403
    endloop
  endfacet
  facet normal -0.212717 0.674642 0.706831
    outer loop
      vertex -20.0302 10.9785 7.81705
      vertex -19.2402 10.7915 8.23328
      vertex -19.348 11.1936 7.81705
    endloop
  endfacet
  facet normal -0.212696 0.674674 0.706806
    outer loop
      vertex -19.2402 10.7915 8.23328
      vertex -20.0302 10.9785 7.81705
      vertex -19.9225 10.5764 8.23328
    endloop
  endfacet
  facet normal -0.187448 0.845694 0.499665
    outer loop
      vertex -18.8185 11.9788 6.8403
      vertex -19.4407 11.5397 7.35007
      vertex -18.7423 11.6945 7.35007
    endloop
  endfacet
  facet normal -0.187448 0.845694 0.499665
    outer loop
      vertex -19.4407 11.5397 7.35007
      vertex -18.8185 11.9788 6.8403
      vertex -19.5169 11.824 6.8403
    endloop
  endfacet
  facet normal 0.160988 0.474371 0.86548
    outer loop
      vertex 19.8016 10.1253 8.59161
      vertex 20.05 9.96647 8.63246
      vertex 20.05 10.041 8.59161
    endloop
  endfacet
  facet normal 0.160929 0.474292 0.865534
    outer loop
      vertex 20.05 9.96647 8.63246
      vertex 19.8016 10.1253 8.59161
      vertex 19.6697 9.63295 8.88593
    endloop
  endfacet
  facet normal 0.138092 0.694292 0.706321
    outer loop
      vertex 18.6496 11.3484 7.81705
      vertex 18.1612 11.0221 8.23328
      vertex 18.5418 10.9464 8.23328
    endloop
  endfacet
  facet normal 0.212717 0.674642 0.706831
    outer loop
      vertex 19.2402 10.7915 8.23328
      vertex 20.0302 10.9785 7.81705
      vertex 19.348 11.1936 7.81705
    endloop
  endfacet
  facet normal 0.212696 0.674674 0.706806
    outer loop
      vertex 20.0302 10.9785 7.81705
      vertex 19.2402 10.7915 8.23328
      vertex 19.9225 10.5764 8.23328
    endloop
  endfacet
  facet normal 0.0923351 0.701114 0.707045
    outer loop
      vertex 17.5063 11.5281 7.81705
      vertex 18.1612 11.0221 8.23328
      vertex 18.2155 11.4347 7.81705
    endloop
  endfacet
  facet normal 0.0923209 0.701105 0.707056
    outer loop
      vertex 18.1612 11.0221 8.23328
      vertex 17.5063 11.5281 7.81705
      vertex 17.4519 11.1155 8.23328
    endloop
  endfacet
  facet normal -0.59786 -0.118923 0.79273
    outer loop
      vertex -26.9041 -1.75523 8.59161
      vertex -27.3671 -1.81619 8.23328
      vertex -26.8403 -2.07597 8.59161
    endloop
  endfacet
  facet normal -0.376006 -0.0747675 0.923596
    outer loop
      vertex -25.8595 -1.61771 9.11118
      vertex -26.3479 -1.94404 8.88593
      vertex -25.8226 -1.80328 9.11118
    endloop
  endfacet
  facet normal -0.793346 0.608771 0
    outer loop
      vertex -26.6295 7.44187 4.95
      vertex -26.194 8.00941 5.14431
      vertex -26.194 8.00941 4.95
    endloop
  endfacet
  facet normal -0.793346 0.608771 0
    outer loop
      vertex -26.194 8.00941 5.14431
      vertex -26.6295 7.44187 4.95
      vertex -26.6295 7.44187 5.14431
    endloop
  endfacet
  facet normal -0.442304 -0.896865 0
    outer loop
      vertex -22.0606 -11.3255 5.05
      vertex -21.5338 -11.5853 5.14431
      vertex -22.0606 -11.3255 5.14431
    endloop
  endfacet
  facet normal -0.442304 -0.896865 -0
    outer loop
      vertex -21.5338 -11.5853 5.14431
      vertex -22.0606 -11.3255 5.05
      vertex -21.5338 -11.5853 5.05
    endloop
  endfacet
  facet normal 0.0653777 -0.997861 0
    outer loop
      vertex 17.0647 -12.6641 4.95
      vertex 17.6508 -12.6257 5.14431
      vertex 17.0647 -12.6641 5.14431
    endloop
  endfacet
  facet normal 0.0653777 -0.997861 0
    outer loop
      vertex 17.6508 -12.6257 5.14431
      vertex 17.0647 -12.6641 4.95
      vertex 17.6508 -12.6257 4.95
    endloop
  endfacet
  facet normal 0.0437527 -0.999042 0
    outer loop
      vertex 16.35 -12.6954 4.95
      vertex 17.0647 -12.6641 5.14431
      vertex 16.35 -12.6954 5.14431
    endloop
  endfacet
  facet normal 0.0437527 -0.999042 0
    outer loop
      vertex 17.0647 -12.6641 5.14431
      vertex 16.35 -12.6954 4.95
      vertex 17.0647 -12.6641 4.95
    endloop
  endfacet
  facet normal -0.58802 -0.766336 0.25877
    outer loop
      vertex -23.7401 -10.2235 5.72791
      vertex -24.2149 -9.66719 6.29648
      vertex -24.3076 -9.78805 5.72791
    endloop
  endfacet
  facet normal -0.588083 -0.766313 0.258694
    outer loop
      vertex -24.2149 -9.66719 6.29648
      vertex -23.7401 -10.2235 5.72791
      vertex -23.6474 -10.1027 6.29648
    endloop
  endfacet
  facet normal -0.889185 -0.438591 0.130339
    outer loop
      vertex -27.6039 -5.67723 5.72791
      vertex -27.8593 -5.15944 5.72791
      vertex -27.6705 -5.71564 5.14431
    endloop
  endfacet
  facet normal -0.828864 -0.40876 0.381968
    outer loop
      vertex -27.5104 -5.01494 6.8403
      vertex -27.7185 -5.10114 6.29648
      vertex -27.2769 -5.48842 6.8403
    endloop
  endfacet
  facet normal -0.127552 -0.0282718 0.991429
    outer loop
      vertex -25.2734 -1.65613 9.26353
      vertex -24.5549 -2.20348 9.34036
      vertex -24.7097 -1.50508 9.34036
    endloop
  endfacet
  facet normal -0.127552 -0.0282723 0.991429
    outer loop
      vertex -24.5549 -2.20348 9.34036
      vertex -25.2734 -1.65613 9.26353
      vertex -25.1186 -2.35452 9.26353
    endloop
  endfacet
  facet normal -0.513766 -0.327256 0.793062
    outer loop
      vertex -25.6165 -5.35503 8.59161
      vertex -25.6366 -6.19184 8.23328
      vertex -25.2322 -5.95835 8.59161
    endloop
  endfacet
  facet normal -0.513766 -0.327256 0.793062
    outer loop
      vertex -25.6366 -6.19184 8.23328
      vertex -25.6165 -5.35503 8.59161
      vertex -26.0209 -5.58852 8.23328
    endloop
  endfacet
  facet normal -0.946931 -0.321438 0
    outer loop
      vertex -28.204 -4.52794 4.95
      vertex -28.3928 -3.97175 5.14431
      vertex -28.3928 -3.97175 4.95
    endloop
  endfacet
  facet normal -0.946931 -0.321438 0
    outer loop
      vertex -28.3928 -3.97175 5.14431
      vertex -28.204 -4.52794 4.95
      vertex -28.204 -4.52794 5.14431
    endloop
  endfacet
  facet normal -0.726328 0.636948 0.25835
    outer loop
      vertex -25.6447 8.28896 6.29648
      vertex -26.1331 7.96264 5.72791
      vertex -26.0122 7.86989 6.29648
    endloop
  endfacet
  facet normal -0.651468 0.57132 0.499182
    outer loop
      vertex -25.4854 8.12968 6.8403
      vertex -25.6 7.5536 7.35007
      vertex -25.2773 7.92157 7.35007
    endloop
  endfacet
  facet normal -0.694804 0.609361 0.382004
    outer loop
      vertex -25.6447 8.28896 6.29648
      vertex -25.8335 7.73277 6.8403
      vertex -25.4854 8.12968 6.8403
    endloop
  endfacet
  facet normal -0.1173 0.0578587 0.99141
    outer loop
      vertex -24.542 3.90941 9.26353
      vertex -24.5928 3.80642 9.26353
      vertex -24.0536 3.58309 9.34036
    endloop
  endfacet
  facet normal -0.906414 0.180228 0.38201
    outer loop
      vertex -28.5414 2.53179 6.29648
      vertex -28.6501 1.98511 6.29648
      vertex -28.3238 2.47348 6.8403
    endloop
  endfacet
  facet normal -0.288216 0.252819 0.923588
    outer loop
      vertex -24.0389 6.6832 8.88593
      vertex -24.2106 6.48746 8.88593
      vertex -23.6544 6.29866 9.11118
    endloop
  endfacet
  facet normal -0.449167 0.221597 0.865531
    outer loop
      vertex -25.9468 4.72049 8.59161
      vertex -26.0915 4.42719 8.59161
      vertex -25.5054 4.46561 8.88593
    endloop
  endfacet
  facet normal -0.732983 -0.562323 0.38279
    outer loop
      vertex -26.4477 -7.30236 6.29648
      vertex -25.8335 -7.73277 6.8403
      vertex -26.2689 -7.16523 6.8403
    endloop
  endfacet
  facet normal -0.732957 -0.562442 0.382666
    outer loop
      vertex -25.8335 -7.73277 6.8403
      vertex -26.4477 -7.30236 6.29648
      vertex -26.0122 -7.86989 6.29648
    endloop
  endfacet
  facet normal -0.351182 -0.712096 0.607939
    outer loop
      vertex -21.5071 -10.3667 7.81705
      vertex -21.6863 -10.677 7.35007
      vertex -21.2473 -10.8935 7.35007
    endloop
  endfacet
  facet normal -0.513324 -0.768494 0.381989
    outer loop
      vertex -23.0713 -10.2172 6.8403
      vertex -23.6474 -10.1027 6.29648
      vertex -23.1839 -10.4123 6.29648
    endloop
  endfacet
  facet normal -0.653733 -0.745425 0.130288
    outer loop
      vertex -24.3076 -9.78805 5.72791
      vertex -24.796 -9.46173 5.14431
      vertex -24.3544 -9.84901 5.14431
    endloop
  endfacet
  facet normal -0.945581 -0.298123 0.130383
    outer loop
      vertex -28.6079 -3.2895 5.14431
      vertex -28.3186 -3.95186 5.72791
      vertex -28.5337 -3.26961 5.72791
    endloop
  endfacet
  facet normal -0.945581 -0.298123 0.130383
    outer loop
      vertex -28.3186 -3.95186 5.72791
      vertex -28.6079 -3.2895 5.14431
      vertex -28.3928 -3.97175 5.14431
    endloop
  endfacet
  facet normal -0.864633 0.0566538 0.499199
    outer loop
      vertex -28.2284 1.20804 7.35007
      vertex -28.5202 1.24646 6.8403
      vertex -28.2604 0.719666 7.35007
    endloop
  endfacet
  facet normal -0.690696 -0.153193 0.706733
    outer loop
      vertex -27.6934 -2.30457 7.81705
      vertex -27.1365 -2.89523 8.23328
      vertex -27.2914 -2.19684 8.23328
    endloop
  endfacet
  facet normal -0.690638 -0.153082 0.706813
    outer loop
      vertex -27.1365 -2.89523 8.23328
      vertex -27.6934 -2.30457 7.81705
      vertex -27.5386 -3.00296 7.81705
    endloop
  endfacet
  facet normal -0.0392843 0.124604 0.991429
    outer loop
      vertex -19.3818 8.55846 9.26353
      vertex -18.5485 8.20987 9.34036
      vertex -18.6995 8.77357 9.26353
    endloop
  endfacet
  facet normal -0.0392886 0.124594 0.99143
    outer loop
      vertex -18.5485 8.20987 9.34036
      vertex -19.3818 8.55846 9.26353
      vertex -19.2307 7.99475 9.34036
    endloop
  endfacet
  facet normal -0.0833528 0.245591 0.965783
    outer loop
      vertex -19.5289 9.10765 9.11118
      vertex -19.7081 9.04683 9.11118
      vertex -19.3818 8.55846 9.26353
    endloop
  endfacet
  facet normal -0.53658 0.80331 0.25841
    outer loop
      vertex -23.2601 10.5443 5.72791
      vertex -23.6474 10.1027 6.29648
      vertex -23.1839 10.4123 6.29648
    endloop
  endfacet
  facet normal -0.213047 0.318745 0.923587
    outer loop
      vertex -22.0485 8.44568 8.88593
      vertex -22.2649 8.30104 8.88593
      vertex -21.9339 7.8696 9.11118
    endloop
  endfacet
  facet normal -0.268856 0.421991 0.865818
    outer loop
      vertex -22.3033 8.88715 8.59161
      vertex -21.4451 8.83005 8.88593
      vertex -21.7 9.27152 8.59161
    endloop
  endfacet
  facet normal -0.268844 0.422043 0.865796
    outer loop
      vertex -21.4451 8.83005 8.88593
      vertex -22.3033 8.88715 8.59161
      vertex -22.0485 8.44568 8.88593
    endloop
  endfacet
  facet normal -0.659353 0.751834 0
    outer loop
      vertex -24.3544 9.84901 5.05
      vertex -24.796 9.46173 5.14431
      vertex -24.3544 9.84901 5.14431
    endloop
  endfacet
  facet normal -0.659353 0.751834 0
    outer loop
      vertex -24.796 9.46173 5.14431
      vertex -24.3544 9.84901 5.05
      vertex -24.796 9.46173 5.05
    endloop
  endfacet
  facet normal -0.653687 0.745477 0.130221
    outer loop
      vertex -24.3076 9.78805 5.72791
      vertex -24.796 9.46173 5.14431
      vertex -24.7417 9.4074 5.72791
    endloop
  endfacet
  facet normal -0.675603 0.737266 0
    outer loop
      vertex -24.796 9.46173 5.05
      vertex -25.3234 8.97844 5.14431
      vertex -24.796 9.46173 5.14431
    endloop
  endfacet
  facet normal -0.675603 0.737266 0
    outer loop
      vertex -25.3234 8.97844 5.14431
      vertex -24.796 9.46173 5.05
      vertex -25.3234 8.97844 5.05
    endloop
  endfacet
  facet normal -0.118912 0.59786 0.792731
    outer loop
      vertex -18.1612 11.0221 8.23328
      vertex -18.5418 10.9464 8.23328
      vertex -18.421 10.4953 8.59161
    endloop
  endfacet
  facet normal -0.120634 0.915988 0.382639
    outer loop
      vertex -17.6209 12.3985 6.29648
      vertex -18.3007 12.0818 6.8403
      vertex -17.5915 12.1752 6.8403
    endloop
  endfacet
  facet normal -0.120634 0.915988 0.382639
    outer loop
      vertex -18.3007 12.0818 6.8403
      vertex -17.6209 12.3985 6.29648
      vertex -18.3301 12.3051 6.29648
    endloop
  endfacet
  facet normal -0.108302 0.488491 0.865822
    outer loop
      vertex -18.421 10.4953 8.59161
      vertex -18.9874 9.84806 8.88593
      vertex -18.289 10.0029 8.88593
    endloop
  endfacet
  facet normal -0.108269 0.488469 0.865838
    outer loop
      vertex -18.9874 9.84806 8.88593
      vertex -18.421 10.4953 8.59161
      vertex -19.1194 10.3405 8.59161
    endloop
  endfacet
  facet normal -0.0461499 0.706294 0.706413
    outer loop
      vertex -17.0647 11.5571 7.81705
      vertex -17.4519 11.1155 8.23328
      vertex -17.0647 11.1408 8.23328
    endloop
  endfacet
  facet normal 0.0167026 0.382607 0.92376
    outer loop
      vertex 16.35 9.65146 9.11118
      vertex 17.0647 10.1641 8.88593
      vertex 16.35 10.1953 8.88593
    endloop
  endfacet
  facet normal 0.0167026 0.382607 0.92376
    outer loop
      vertex 17.0647 10.1641 8.88593
      vertex 16.35 9.65146 9.11118
      vertex 17.0647 9.62026 9.11118
    endloop
  endfacet
  facet normal -0.12829 -0.0254814 0.991409
    outer loop
      vertex -24.7172 -1.46732 9.34036
      vertex -25.2958 -1.5435 9.26353
      vertex -24.7097 -1.50508 9.34036
    endloop
  endfacet
  facet normal 0.0419801 -0.12387 0.99141
    outer loop
      vertex 19.2672 -7.98238 9.34036
      vertex 19.2307 -7.99475 9.34036
      vertex 19.3818 -8.55846 9.26353
    endloop
  endfacet
  facet normal -0.127552 0.0282723 0.991429
    outer loop
      vertex -25.2734 1.65613 9.26353
      vertex -24.5549 2.20348 9.34036
      vertex -25.1186 2.35452 9.26353
    endloop
  endfacet
  facet normal -0.127552 0.0282718 0.991429
    outer loop
      vertex -24.5549 2.20348 9.34036
      vertex -25.2734 1.65613 9.26353
      vertex -24.7097 1.50508 9.34036
    endloop
  endfacet
  facet normal -0.25661 0.0337927 0.965924
    outer loop
      vertex -25.8595 1.61771 9.11118
      vertex -25.3892 0.834255 9.26353
      vertex -25.2958 1.5435 9.26353
    endloop
  endfacet
  facet normal -0.256609 0.0337929 0.965924
    outer loop
      vertex -25.3892 0.834255 9.26353
      vertex -25.8595 1.61771 9.11118
      vertex -25.9529 0.908468 9.11118
    endloop
  endfacet
  facet normal -0.247062 -0.0778938 0.965864
    outer loop
      vertex -25.1186 -2.35452 9.26353
      vertex -25.4527 -3.18393 9.11118
      vertex -24.9035 -3.03677 9.26353
    endloop
  endfacet
  facet normal -0.247062 -0.0778938 0.965864
    outer loop
      vertex -25.4527 -3.18393 9.11118
      vertex -25.1186 -2.35452 9.26353
      vertex -25.6678 -2.50168 9.11118
    endloop
  endfacet
  facet normal -0.499789 0.0327056 0.865529
    outer loop
      vertex -26.4921 0.979451 8.88593
      vertex -27.0188 0.719666 8.59161
      vertex -26.5091 0.719666 8.88593
    endloop
  endfacet
  facet normal -0.382631 -0.0167042 0.92375
    outer loop
      vertex -25.9965 -0.00498962 9.11118
      vertex -26.5091 -0.719666 8.88593
      vertex -25.9653 -0.719666 9.11118
    endloop
  endfacet
  facet normal -0.382631 -0.0167042 0.92375
    outer loop
      vertex -26.5091 -0.719666 8.88593
      vertex -25.9965 -0.00498962 9.11118
      vertex -26.5403 -0.00498962 8.88593
    endloop
  endfacet
  facet normal -0.278277 -0.416338 0.865578
    outer loop
      vertex -22.2649 -8.30104 8.88593
      vertex -22.5753 -8.70547 8.59161
      vertex -22.0485 -8.44568 8.88593
    endloop
  endfacet
  facet normal -0.124602 -0.0392845 0.991429
    outer loop
      vertex -24.5549 -2.20348 9.34036
      vertex -24.9035 -3.03677 9.26353
      vertex -24.3398 -2.88573 9.34036
    endloop
  endfacet
  facet normal -0.124602 -0.0392845 0.991429
    outer loop
      vertex -24.9035 -3.03677 9.26353
      vertex -24.5549 -2.20348 9.34036
      vertex -25.1186 -2.35452 9.26353
    endloop
  endfacet
  facet normal -0.401905 -0.458324 0.792724
    outer loop
      vertex -23.3887 -8.05437 8.59161
      vertex -23.7189 -8.38459 8.23328
      vertex -23.1428 -8.27 8.59161
    endloop
  endfacet
  facet normal -0.114707 -0.232593 0.965786
    outer loop
      vertex -20.2544 -8.197 9.26353
      vertex -20.5387 -8.68939 9.11118
      vertex -20.369 -8.77308 9.11118
    endloop
  endfacet
  facet normal -0.281252 -0.540263 0.793103
    outer loop
      vertex -21.7 -9.27152 8.59161
      vertex -21.299 -10.0063 8.23328
      vertex -21.0655 -9.60183 8.59161
    endloop
  endfacet
  facet normal -0.281292 -0.540275 0.793082
    outer loop
      vertex -21.299 -10.0063 8.23328
      vertex -21.7 -9.27152 8.59161
      vertex -21.9335 -9.67595 8.23328
    endloop
  endfacet
  facet normal -0.0560718 -0.25291 0.965864
    outer loop
      vertex -18.6995 -8.77357 9.26353
      vertex -18.1483 -9.4776 9.11118
      vertex -18.0011 -8.92841 9.26353
    endloop
  endfacet
  facet normal -0.0560675 -0.252907 0.965865
    outer loop
      vertex -18.1483 -9.4776 9.11118
      vertex -18.6995 -8.77357 9.26353
      vertex -18.8467 -9.32277 9.11118
    endloop
  endfacet
  facet normal -0.0085532 -0.130519 0.991409
    outer loop
      vertex -17.1031 -8.46558 9.34036
      vertex -17.1793 -9.04418 9.26353
      vertex -17.0647 -9.05169 9.26353
    endloop
  endfacet
  facet normal 0.0652871 -0.495735 0.866016
    outer loop
      vertex 18.0337 -10.0537 8.88593
      vertex 17.391 -10.6525 8.59161
      vertex 18.1002 -10.5591 8.59161
    endloop
  endfacet
  facet normal 0.0652871 -0.495735 0.866016
    outer loop
      vertex 17.391 -10.6525 8.59161
      vertex 18.0337 -10.0537 8.88593
      vertex 17.3245 -10.1471 8.88593
    endloop
  endfacet
  facet normal 0.0266504 -0.608533 0.793081
    outer loop
      vertex 16.35 -10.7051 8.59161
      vertex 17.0647 -11.1408 8.23328
      vertex 17.0647 -10.6738 8.59161
    endloop
  endfacet
  facet normal 0.0265689 -0.608616 0.79302
    outer loop
      vertex 17.0647 -11.1408 8.23328
      vertex 16.35 -10.7051 8.59161
      vertex 16.35 -11.172 8.23328
    endloop
  endfacet
  facet normal -0.0748158 -0.375994 0.923597
    outer loop
      vertex -17.9627 -9.51452 9.11118
      vertex -18.289 -10.0029 8.88593
      vertex -18.0337 -10.0537 8.88593
    endloop
  endfacet
  facet normal -0.0747959 -0.376006 0.923594
    outer loop
      vertex -18.1483 -9.4776 9.11118
      vertex -18.289 -10.0029 8.88593
      vertex -17.9627 -9.51452 9.11118
    endloop
  endfacet
  facet normal 0 -0.499983 0.866035
    outer loop
      vertex -16.35 -10.1953 8.88593
      vertex 16.35 -10.7051 8.59161
      vertex 16.35 -10.1953 8.88593
    endloop
  endfacet
  facet normal 0 -0.499983 0.866035
    outer loop
      vertex 16.35 -10.7051 8.59161
      vertex -16.35 -10.1953 8.88593
      vertex -16.35 -10.7051 8.59161
    endloop
  endfacet
  facet normal -0.532771 -0.836163 0.130335
    outer loop
      vertex -22.6952 -10.9952 5.14431
      vertex -23.2601 -10.5443 5.72791
      vertex -23.2985 -10.6108 5.14431
    endloop
  endfacet
  facet normal -0.532663 -0.83621 0.130476
    outer loop
      vertex -23.2601 -10.5443 5.72791
      vertex -22.6952 -10.9952 5.14431
      vertex -22.6568 -10.9286 5.72791
    endloop
  endfacet
  facet normal -0.298145 -0.94558 0.130338
    outer loop
      vertex -19.6345 -12.2629 5.14431
      vertex -20.2969 -11.9736 5.72791
      vertex -20.3167 -12.0478 5.14431
    endloop
  endfacet
  facet normal -0.298103 -0.945586 0.130389
    outer loop
      vertex -20.2969 -11.9736 5.72791
      vertex -19.6345 -12.2629 5.14431
      vertex -19.6146 -12.1887 5.72791
    endloop
  endfacet
  facet normal 0.118912 -0.59786 0.792731
    outer loop
      vertex 18.421 -10.4953 8.59161
      vertex 18.1612 -11.0221 8.23328
      vertex 18.5418 -10.9464 8.23328
    endloop
  endfacet
  facet normal 0.0346138 -0.7929 0.608368
    outer loop
      vertex 16.35 -11.9466 7.35007
      vertex 17.0647 -11.5571 7.81705
      vertex 16.35 -11.5883 7.81705
    endloop
  endfacet
  facet normal 0.0346138 -0.7929 0.608368
    outer loop
      vertex 17.0647 -11.5571 7.81705
      vertex 16.35 -11.9466 7.35007
      vertex 17.0647 -11.9154 7.35007
    endloop
  endfacet
  facet normal 0.108269 -0.488469 0.865838
    outer loop
      vertex 18.9874 -9.84806 8.88593
      vertex 18.421 -10.4953 8.59161
      vertex 19.1194 -10.3405 8.59161
    endloop
  endfacet
  facet normal 0.108302 -0.488491 0.865822
    outer loop
      vertex 18.421 -10.4953 8.59161
      vertex 18.9874 -9.84806 8.88593
      vertex 18.289 -10.0029 8.88593
    endloop
  endfacet
  facet normal 0.180305 -0.906428 0.38194
    outer loop
      vertex 18.8185 -11.9788 6.8403
      vertex 18.3007 -12.0818 6.8403
      vertex 18.3301 -12.3051 6.29648
    endloop
  endfacet
  facet normal -0.0653777 -0.997861 0
    outer loop
      vertex -17.6508 -12.6257 4.95
      vertex -17.0647 -12.6641 5.14431
      vertex -17.6508 -12.6257 5.14431
    endloop
  endfacet
  facet normal -0.0653777 -0.997861 -0
    outer loop
      vertex -17.0647 -12.6641 5.14431
      vertex -17.6508 -12.6257 4.95
      vertex -17.0647 -12.6641 4.95
    endloop
  endfacet
  facet normal -0.193389 -0.97244 0.130232
    outer loop
      vertex -18.9162 -12.3436 5.72791
      vertex -18.9361 -12.4178 5.14431
      vertex -18.35 -12.4562 5.72791
    endloop
  endfacet
  facet normal -0.0605158 -0.922161 0.382043
    outer loop
      vertex -17.0647 -12.2097 6.8403
      vertex -17.6209 -12.3985 6.29648
      vertex -17.0647 -12.435 6.29648
    endloop
  endfacet
  facet normal 0.191336 -0.46194 0.866026
    outer loop
      vertex 20.05 -9.49384 8.88593
      vertex 19.9162 -9.54926 8.88593
      vertex 20.05 -9.87226 8.68408
    endloop
  endfacet
  facet normal -0.0085532 0.130519 0.991409
    outer loop
      vertex -17.0647 9.05169 9.26353
      vertex -17.1793 9.04418 9.26353
      vertex -17.1031 8.46558 9.34036
    endloop
  endfacet
  facet normal -0.0982975 0.0862978 0.991408
    outer loop
      vertex -23.2523 5.89662 9.26353
      vertex -23.3281 5.81028 9.26353
      vertex -22.8651 5.45502 9.34036
    endloop
  endfacet
  facet normal -0.0726632 -0.108757 0.991409
    outer loop
      vertex -21.2325 -6.95553 9.34036
      vertex -21.4923 -7.48232 9.26353
      vertex -21.2005 -6.97691 9.34036
    endloop
  endfacet
  facet normal -0 0.130524 0.991445
    outer loop
      vertex -16.35 9.08289 9.26353
      vertex 16.35 8.4993 9.34036
      vertex 16.35 9.08289 9.26353
    endloop
  endfacet
  facet normal 0 0.130524 0.991445
    outer loop
      vertex 16.35 8.4993 9.34036
      vertex -16.35 9.08289 9.26353
      vertex -16.35 8.4993 9.34036
    endloop
  endfacet
  facet normal -0.0701988 -0.110183 0.991429
    outer loop
      vertex -21.4923 -7.48232 9.26353
      vertex -20.5972 -7.36128 9.34036
      vertex -21.2005 -6.97691 9.34036
    endloop
  endfacet
  facet normal -0.0701988 -0.110183 0.991429
    outer loop
      vertex -20.5972 -7.36128 9.34036
      vertex -21.4923 -7.48232 9.26353
      vertex -20.889 -7.86669 9.26353
    endloop
  endfacet
  facet normal 0.130433 -0.991457 0
    outer loop
      vertex 17.6508 -12.6257 4.95
      vertex 18.36 -12.5324 5.14431
      vertex 17.6508 -12.6257 5.14431
    endloop
  endfacet
  facet normal 0.130433 -0.991457 0
    outer loop
      vertex 18.36 -12.5324 5.14431
      vertex 17.6508 -12.6257 4.95
      vertex 18.36 -12.5324 4.95
    endloop
  endfacet
  facet normal 0.199951 -0.902104 0.382397
    outer loop
      vertex 18.8768 -12.1964 6.29648
      vertex 19.5169 -11.824 6.8403
      vertex 18.8185 -11.9788 6.8403
    endloop
  endfacet
  facet normal 0.199951 -0.902104 0.382397
    outer loop
      vertex 19.5169 -11.824 6.8403
      vertex 18.8768 -12.1964 6.29648
      vertex 19.5752 -12.0416 6.29648
    endloop
  endfacet
  facet normal 0.209034 -0.943084 0.258645
    outer loop
      vertex 18.9162 -12.3436 5.72791
      vertex 19.5752 -12.0416 6.29648
      vertex 18.8768 -12.1964 6.29648
    endloop
  endfacet
  facet normal 0.209172 -0.943096 0.258492
    outer loop
      vertex 19.5752 -12.0416 6.29648
      vertex 18.9162 -12.3436 5.72791
      vertex 19.6146 -12.1887 5.72791
    endloop
  endfacet
  facet normal -0.488507 0.108277 0.865816
    outer loop
      vertex -26.8403 2.07597 8.59161
      vertex -26.1931 2.64243 8.88593
      vertex -26.6855 2.77437 8.59161
    endloop
  endfacet
  facet normal -0.488508 0.108279 0.865815
    outer loop
      vertex -26.1931 2.64243 8.88593
      vertex -26.8403 2.07597 8.59161
      vertex -26.3479 1.94404 8.88593
    endloop
  endfacet
  facet normal -0.130433 0.991457 0
    outer loop
      vertex -17.6508 12.6257 4.95
      vertex -18.36 12.5324 5.14431
      vertex -17.6508 12.6257 5.14431
    endloop
  endfacet
  facet normal -0.130433 0.991457 0
    outer loop
      vertex -18.36 12.5324 5.14431
      vertex -17.6508 12.6257 4.95
      vertex -18.36 12.5324 4.95
    endloop
  endfacet
  facet normal 0.043241 0.990525 0.13035
    outer loop
      vertex 17.0647 12.6641 5.14431
      vertex 16.35 12.6185 5.72791
      vertex 17.0647 12.5873 5.72791
    endloop
  endfacet
  facet normal 0.0433784 0.990497 0.130516
    outer loop
      vertex 16.35 12.6185 5.72791
      vertex 17.0647 12.6641 5.14431
      vertex 16.35 12.6954 5.14431
    endloop
  endfacet
  facet normal 0.0421306 0.965089 0.258513
    outer loop
      vertex 17.0647 12.5873 5.72791
      vertex 16.35 12.4662 6.29648
      vertex 17.0647 12.435 6.29648
    endloop
  endfacet
  facet normal 0.0421306 0.965089 0.258513
    outer loop
      vertex 16.35 12.4662 6.29648
      vertex 17.0647 12.5873 5.72791
      vertex 16.35 12.6185 5.72791
    endloop
  endfacet
  facet normal -0.0250315 0.38254 0.9236
    outer loop
      vertex -17.0647 10.1641 8.88593
      vertex -17.3245 10.1471 8.88593
      vertex -17.0647 9.62026 9.11118
    endloop
  endfacet
  facet normal -0.0505999 0.254355 0.965786
    outer loop
      vertex -17.8885 8.95081 9.26353
      vertex -18.1483 9.4776 9.11118
      vertex -18.0011 8.92841 9.26353
    endloop
  endfacet
  facet normal 0.052027 0.792246 0.60798
    outer loop
      vertex 17.553 11.8834 7.35007
      vertex 17.0647 11.5571 7.81705
      vertex 17.5063 11.5281 7.81705
    endloop
  endfacet
  facet normal 0.0566621 0.864629 0.499206
    outer loop
      vertex 17.5915 12.1752 6.8403
      vertex 17.0647 11.9154 7.35007
      vertex 17.553 11.8834 7.35007
    endloop
  endfacet
  facet normal 0 0.793375 0.608733
    outer loop
      vertex 16.35 11.9466 7.35007
      vertex -16.35 11.5883 7.81705
      vertex 16.35 11.5883 7.81705
    endloop
  endfacet
  facet normal 0 0.793375 0.608733
    outer loop
      vertex -16.35 11.5883 7.81705
      vertex 16.35 11.9466 7.35007
      vertex -16.35 11.9466 7.35007
    endloop
  endfacet
  facet normal -0.30071 0.953716 0
    outer loop
      vertex -19.6345 12.2629 4.95
      vertex -20.3167 12.0478 5.14431
      vertex -19.6345 12.2629 5.14431
    endloop
  endfacet
  facet normal -0.30071 0.953716 0
    outer loop
      vertex -20.3167 12.0478 5.14431
      vertex -19.6345 12.2629 4.95
      vertex -20.3167 12.0478 4.95
    endloop
  endfacet
  facet normal -0.382619 0.923906 -1.66017e-05
    outer loop
      vertex -20.8729 11.859 5.14431
      vertex -21.4983 11.6 5.05
      vertex -21.5338 11.5853 5.14431
    endloop
  endfacet
  facet normal -0.382621 0.923905 0
    outer loop
      vertex -20.8729 11.859 4.95
      vertex -21.4983 11.6 5.05
      vertex -20.8729 11.859 5.14431
    endloop
  endfacet
  facet normal -0.382621 0.923905 0
    outer loop
      vertex -21.4983 11.6 5.05
      vertex -20.8729 11.859 4.95
      vertex -21.4983 11.6 4.95
    endloop
  endfacet
  facet normal -0.382582 0.923922 0
    outer loop
      vertex -21.5338 11.5853 5.14431
      vertex -21.4983 11.6 5.05
      vertex -21.5338 11.5853 5.05
    endloop
  endfacet
  facet normal -0.0377796 0.865419 0.499623
    outer loop
      vertex -16.35 12.2409 6.8403
      vertex -17.0647 11.9154 7.35007
      vertex -16.35 11.9466 7.35007
    endloop
  endfacet
  facet normal -0.0377796 0.865419 0.499623
    outer loop
      vertex -17.0647 11.9154 7.35007
      vertex -16.35 12.2409 6.8403
      vertex -17.0647 12.2097 6.8403
    endloop
  endfacet
  facet normal -0.0632622 0.964011 0.258225
    outer loop
      vertex -17.0647 12.5873 5.72791
      vertex -17.6209 12.3985 6.29648
      vertex -17.0647 12.435 6.29648
    endloop
  endfacet
  facet normal -0.461692 0.887041 0
    outer loop
      vertex -22.0606 11.3255 5.05
      vertex -22.6952 10.9952 5.14431
      vertex -22.0606 11.3255 5.14431
    endloop
  endfacet
  facet normal -0.461692 0.887041 0
    outer loop
      vertex -22.6952 10.9952 5.14431
      vertex -22.0606 11.3255 5.05
      vertex -22.6952 10.9952 5.05
    endloop
  endfacet
  facet normal -0.636932 0.726368 0.258278
    outer loop
      vertex -24.3076 9.78805 5.72791
      vertex -24.7417 9.4074 5.72791
      vertex -24.634 9.29967 6.29648
    endloop
  endfacet
  facet normal -0.550931 0.824335 0.130182
    outer loop
      vertex -23.2985 10.6108 5.14431
      vertex -23.7401 10.2235 5.72791
      vertex -23.2601 10.5443 5.72791
    endloop
  endfacet
  facet normal -0.40864 0.828884 0.382054
    outer loop
      vertex -21.4461 11.3735 6.29648
      vertex -21.9461 11.127 6.29648
      vertex -21.8334 10.9319 6.8403
    endloop
  endfacet
  facet normal -0.310592 0.914789 0.258251
    outer loop
      vertex -20.2969 11.9736 5.72791
      vertex -20.7852 11.6473 6.29648
      vertex -20.2574 11.8265 6.29648
    endloop
  endfacet
  facet normal -0.441054 0.660178 0.607977
    outer loop
      vertex -22.9241 9.96236 7.35007
      vertex -23.3311 9.69045 7.35007
      vertex -23.1129 9.40617 7.81705
    endloop
  endfacet
  facet normal -0.231046 0.443821 0.865818
    outer loop
      vertex -21.0655 9.60183 8.59161
      vertex -21.4451 8.83005 8.88593
      vertex -20.8106 9.16036 8.88593
    endloop
  endfacet
  facet normal -0.231046 0.443821 0.865818
    outer loop
      vertex -21.4451 8.83005 8.88593
      vertex -21.0655 9.60183 8.59161
      vertex -21.7 9.27152 8.59161
    endloop
  endfacet
  facet normal 0.0265689 0.608616 0.79302
    outer loop
      vertex 16.35 10.7051 8.59161
      vertex 17.0647 11.1408 8.23328
      vertex 16.35 11.172 8.23328
    endloop
  endfacet
  facet normal 0.0266504 0.608533 0.793081
    outer loop
      vertex 17.0647 11.1408 8.23328
      vertex 16.35 10.7051 8.59161
      vertex 17.0647 10.6738 8.59161
    endloop
  endfacet
  facet normal 0.228827 0.669869 0.706338
    outer loop
      vertex 19.9225 10.5764 8.23328
      vertex 20.05 10.9383 7.84876
      vertex 20.0302 10.9785 7.81705
    endloop
  endfacet
  facet normal 0.227633 0.670283 0.706331
    outer loop
      vertex 20.05 10.9383 7.84876
      vertex 19.9225 10.5764 8.23328
      vertex 20.05 10.5331 8.23328
    endloop
  endfacet
  facet normal 0.0397448 0.608268 0.792736
    outer loop
      vertex 17.0647 11.1408 8.23328
      vertex 17.0647 10.6738 8.59161
      vertex 17.4519 11.1155 8.23328
    endloop
  endfacet
  facet normal 0.00569791 0.130522 0.991429
    outer loop
      vertex 16.35 8.4993 9.34036
      vertex 17.0647 9.05169 9.26353
      vertex 16.35 9.08289 9.26353
    endloop
  endfacet
  facet normal 0.00569791 0.130522 0.991429
    outer loop
      vertex 17.0647 9.05169 9.26353
      vertex 16.35 8.4993 9.34036
      vertex 17.0647 8.4681 9.34036
    endloop
  endfacet
  facet normal 0.0794734 0.603538 0.793364
    outer loop
      vertex 17.4519 11.1155 8.23328
      vertex 18.1002 10.5591 8.59161
      vertex 18.1612 11.0221 8.23328
    endloop
  endfacet
  facet normal 0.0794858 0.603547 0.793355
    outer loop
      vertex 18.1002 10.5591 8.59161
      vertex 17.4519 11.1155 8.23328
      vertex 17.391 10.6525 8.59161
    endloop
  endfacet
  facet normal 0.277842 0.881225 0.382423
    outer loop
      vertex 19.5752 12.0416 6.29648
      vertex 20.05 11.6559 6.8403
      vertex 20.05 11.8919 6.29648
    endloop
  endfacet
  facet normal 0.277873 0.881226 0.382396
    outer loop
      vertex 20.05 11.6559 6.8403
      vertex 19.5752 12.0416 6.29648
      vertex 19.5169 11.824 6.8403
    endloop
  endfacet
  facet normal 0.113077 0.858611 0.5
    outer loop
      vertex 17.5915 12.1752 6.8403
      vertex 18.2623 11.79 7.35007
      vertex 18.3007 12.0818 6.8403
    endloop
  endfacet
  facet normal 0.11306 0.858604 0.500017
    outer loop
      vertex 18.2623 11.79 7.35007
      vertex 17.5915 12.1752 6.8403
      vertex 17.553 11.8834 7.35007
    endloop
  endfacet
  facet normal 0.103569 0.786529 0.608807
    outer loop
      vertex 17.553 11.8834 7.35007
      vertex 18.2155 11.4347 7.81705
      vertex 18.2623 11.79 7.35007
    endloop
  endfacet
  facet normal 0.103585 0.786537 0.608793
    outer loop
      vertex 18.2155 11.4347 7.81705
      vertex 17.553 11.8834 7.35007
      vertex 17.5063 11.5281 7.81705
    endloop
  endfacet
  facet normal 0.188389 0.947492 0.258394
    outer loop
      vertex 18.35 12.4562 5.72791
      vertex 18.3301 12.3051 6.29648
      vertex 18.8768 12.1964 6.29648
    endloop
  endfacet
  facet normal 0.171745 0.774849 0.608369
    outer loop
      vertex 18.7423 11.6945 7.35007
      vertex 19.348 11.1936 7.81705
      vertex 19.4407 11.5397 7.35007
    endloop
  endfacet
  facet normal 0.171745 0.774849 0.608369
    outer loop
      vertex 19.348 11.1936 7.81705
      vertex 18.7423 11.6945 7.35007
      vertex 18.6496 11.3484 7.81705
    endloop
  endfacet
  facet normal 0.0560675 0.252907 0.965865
    outer loop
      vertex 18.1483 9.4776 9.11118
      vertex 18.6995 8.77357 9.26353
      vertex 18.8467 9.32277 9.11118
    endloop
  endfacet
  facet normal 0.0560718 0.25291 0.965864
    outer loop
      vertex 18.6995 8.77357 9.26353
      vertex 18.1483 9.4776 9.11118
      vertex 18.0011 8.92841 9.26353
    endloop
  endfacet
  facet normal 0.108269 0.488469 0.865838
    outer loop
      vertex 18.421 10.4953 8.59161
      vertex 18.9874 9.84806 8.88593
      vertex 19.1194 10.3405 8.59161
    endloop
  endfacet
  facet normal 0.108302 0.488491 0.865822
    outer loop
      vertex 18.9874 9.84806 8.88593
      vertex 18.421 10.4953 8.59161
      vertex 18.289 10.0029 8.88593
    endloop
  endfacet
  facet normal -0.922161 0.0605164 0.382043
    outer loop
      vertex -28.7435 1.27586 6.29648
      vertex -28.78 0.719666 6.29648
      vertex -28.5547 0.719666 6.8403
    endloop
  endfacet
  facet normal 0.129437 -0.982974 0.130417
    outer loop
      vertex 17.6508 -12.6257 5.14431
      vertex 18.35 -12.4562 5.72791
      vertex 17.6407 -12.5496 5.72791
    endloop
  endfacet
  facet normal 0.129316 -0.982971 0.130561
    outer loop
      vertex 18.35 -12.4562 5.72791
      vertex 17.6508 -12.6257 5.14431
      vertex 18.36 -12.5324 5.14431
    endloop
  endfacet
  facet normal -0.318788 -0.938843 0.130182
    outer loop
      vertex -20.2969 -11.9736 5.72791
      vertex -20.8435 -11.788 5.72791
      vertex -20.3167 -12.0478 5.14431
    endloop
  endfacet
  facet normal -0.438584 -0.889189 0.130332
    outer loop
      vertex -22.0222 -11.2589 5.72791
      vertex -22.0606 -11.3255 5.14431
      vertex -21.5044 -11.5143 5.72791
    endloop
  endfacet
  facet normal -0.730979 -0.669831 0.13037
    outer loop
      vertex -25.8067 -8.45102 5.14431
      vertex -25.2691 -8.92411 5.72791
      vertex -25.7524 -8.39669 5.72791
    endloop
  endfacet
  facet normal -0.730979 -0.669831 0.13037
    outer loop
      vertex -25.2691 -8.92411 5.72791
      vertex -25.8067 -8.45102 5.14431
      vertex -25.3234 -8.97844 5.14431
    endloop
  endfacet
  facet normal -0.938861 -0.318698 0.130276
    outer loop
      vertex -28.133 -4.49854 5.72791
      vertex -28.3928 -3.97175 5.14431
      vertex -28.204 -4.52794 5.14431
    endloop
  endfacet
  facet normal -0.889218 -0.438541 0.130281
    outer loop
      vertex -27.8593 -5.15944 5.72791
      vertex -27.9303 -5.18885 5.14431
      vertex -27.6705 -5.71564 5.14431
    endloop
  endfacet
  facet normal -0.669837 -0.730973 0.130373
    outer loop
      vertex -24.796 -9.46173 5.14431
      vertex -25.2691 -8.92411 5.72791
      vertex -25.3234 -8.97844 5.14431
    endloop
  endfacet
  facet normal -0.669837 -0.730973 0.130373
    outer loop
      vertex -25.2691 -8.92411 5.72791
      vertex -24.796 -9.46173 5.14431
      vertex -24.7417 -9.4074 5.72791
    endloop
  endfacet
  facet normal -0.828871 -0.408707 0.382011
    outer loop
      vertex -27.2769 -5.48842 6.8403
      vertex -27.7185 -5.10114 6.29648
      vertex -27.472 -5.60105 6.29648
    endloop
  endfacet
  facet normal -0.411526 -0.449086 0.793076
    outer loop
      vertex -23.9161 -7.57108 8.59161
      vertex -23.7189 -8.38459 8.23328
      vertex -23.3887 -8.05437 8.59161
    endloop
  endfacet
  facet normal -0.411534 -0.449086 0.793071
    outer loop
      vertex -23.7189 -8.38459 8.23328
      vertex -23.9161 -7.57108 8.59161
      vertex -24.2463 -7.90129 8.23328
    endloop
  endfacet
  facet normal -0.532206 -0.466738 0.706337
    outer loop
      vertex -24.7296 -7.37387 8.23328
      vertex -25.3157 -7.33546 7.81705
      vertex -25.0239 -7.66819 7.81705
    endloop
  endfacet
  facet normal -0.7122 0.652623 0.258563
    outer loop
      vertex -25.7524 8.39669 5.72791
      vertex -25.1614 8.81638 6.29648
      vertex -25.2691 8.92411 5.72791
    endloop
  endfacet
  facet normal -0.7122 0.652623 0.258563
    outer loop
      vertex -25.1614 8.81638 6.29648
      vertex -25.7524 8.39669 5.72791
      vertex -25.6447 8.28896 6.29648
    endloop
  endfacet
  facet normal -0.585234 0.638648 0.49963
    outer loop
      vertex -24.4747 9.14039 6.8403
      vertex -24.794 8.44899 7.35007
      vertex -24.2666 8.93228 7.35007
    endloop
  endfacet
  facet normal -0.585234 0.638648 0.49963
    outer loop
      vertex -24.794 8.44899 7.35007
      vertex -24.4747 9.14039 6.8403
      vertex -25.0021 8.6571 6.8403
    endloop
  endfacet
  facet normal -0.768378 0.513419 0.382095
    outer loop
      vertex -26.4477 7.30236 6.29648
      vertex -26.5622 6.72628 6.8403
      vertex -26.2689 7.16523 6.8403
    endloop
  endfacet
  facet normal -0.720509 0.481413 0.499108
    outer loop
      vertex -26.0355 6.98606 7.35007
      vertex -26.5622 6.72628 6.8403
      vertex -26.3074 6.57912 7.35007
    endloop
  endfacet
  facet normal -0.990497 -0.0433798 0.130516
    outer loop
      vertex -29.0091 -0.719666 5.14431
      vertex -28.9635 -0.00498962 5.72791
      vertex -29.0404 -0.00498962 5.14431
    endloop
  endfacet
  facet normal -0.990525 -0.0432425 0.13035
    outer loop
      vertex -28.9635 -0.00498962 5.72791
      vertex -29.0091 -0.719666 5.14431
      vertex -28.9323 -0.719666 5.72791
    endloop
  endfacet
  facet normal -0.923908 0.382614 0
    outer loop
      vertex -28.204 4.52794 4.95
      vertex -27.9303 5.18885 5.14431
      vertex -27.9303 5.18885 4.95
    endloop
  endfacet
  facet normal -0.923908 0.382614 0
    outer loop
      vertex -27.9303 5.18885 5.14431
      vertex -28.204 4.52794 4.95
      vertex -28.204 4.52794 5.14431
    endloop
  endfacet
  facet normal -0.946931 0.321438 0
    outer loop
      vertex -28.3928 3.97175 4.95
      vertex -28.204 4.52794 5.14431
      vertex -28.204 4.52794 4.95
    endloop
  endfacet
  facet normal -0.946931 0.321438 0
    outer loop
      vertex -28.204 4.52794 5.14431
      vertex -28.3928 3.97175 4.95
      vertex -28.3928 3.97175 5.14431
    endloop
  endfacet
  facet normal -0.777096 0.383281 0.499216
    outer loop
      vertex -27.022 5.34126 7.35007
      vertex -27.2769 5.48842 6.8403
      vertex -27.2385 4.90231 7.35007
    endloop
  endfacet
  facet normal -0.803226 0.5368 0.258214
    outer loop
      vertex -26.5685 7.3951 5.72791
      vertex -26.8893 6.91508 5.72791
      vertex -26.4477 7.30236 6.29648
    endloop
  endfacet
  facet normal -0.560991 0.430475 0.707093
    outer loop
      vertex -25.3157 7.33546 7.81705
      vertex -25.421 6.51454 8.23328
      vertex -24.9855 7.08208 8.23328
    endloop
  endfacet
  facet normal -0.560991 0.430475 0.707093
    outer loop
      vertex -25.421 6.51454 8.23328
      vertex -25.3157 7.33546 7.81705
      vertex -25.7512 6.76792 7.81705
    endloop
  endfacet
  facet normal -0.365309 0.115175 0.923734
    outer loop
      vertex -25.9779 3.32468 8.88593
      vertex -25.6678 2.50168 9.11118
      vertex -25.4527 3.18393 9.11118
    endloop
  endfacet
  facet normal -0.365241 0.115207 0.923757
    outer loop
      vertex -25.6678 2.50168 9.11118
      vertex -25.9779 3.32468 8.88593
      vertex -26.1931 2.64243 8.88593
    endloop
  endfacet
  facet normal -0.608287 -0.0397044 0.792724
    outer loop
      vertex -27.0188 -0.719666 8.59161
      vertex -27.4605 -1.10694 8.23328
      vertex -26.9975 -1.04599 8.59161
    endloop
  endfacet
  facet normal -0.938861 0.318698 0.130276
    outer loop
      vertex -28.204 4.52794 5.14431
      vertex -28.3928 3.97175 5.14431
      vertex -28.133 4.49854 5.72791
    endloop
  endfacet
  facet normal -0.938852 0.318744 0.130231
    outer loop
      vertex -28.133 4.49854 5.72791
      vertex -28.3928 3.97175 5.14431
      vertex -28.3186 3.95186 5.72791
    endloop
  endfacet
  facet normal -0.7122 -0.652623 0.258563
    outer loop
      vertex -25.7524 -8.39669 5.72791
      vertex -25.1614 -8.81638 6.29648
      vertex -25.6447 -8.28896 6.29648
    endloop
  endfacet
  facet normal -0.7122 -0.652623 0.258563
    outer loop
      vertex -25.1614 -8.81638 6.29648
      vertex -25.7524 -8.39669 5.72791
      vertex -25.2691 -8.92411 5.72791
    endloop
  endfacet
  facet normal -0.297115 -0.875096 0.382007
    outer loop
      vertex -20.1991 -11.6089 6.8403
      vertex -20.7852 -11.6473 6.29648
      vertex -20.2574 -11.8265 6.29648
    endloop
  endfacet
  facet normal -0.887023 -0.461726 0
    outer loop
      vertex -27.3402 -6.35018 4.95
      vertex -27.6705 -5.71564 5.14431
      vertex -27.6705 -5.71564 4.95
    endloop
  endfacet
  facet normal -0.887023 -0.461726 0
    outer loop
      vertex -27.6705 -5.71564 5.14431
      vertex -27.3402 -6.35018 4.95
      vertex -27.3402 -6.35018 5.14431
    endloop
  endfacet
  facet normal -0.506857 -0.338638 0.792729
    outer loop
      vertex -25.0505 -6.23026 8.59161
      vertex -25.6366 -6.19184 8.23328
      vertex -25.421 -6.51454 8.23328
    endloop
  endfacet
  facet normal -0.875098 0.29711 0.382007
    outer loop
      vertex -27.9923 4.44024 6.29648
      vertex -28.1715 3.91243 6.29648
      vertex -27.9539 3.85413 6.8403
    endloop
  endfacet
  facet normal -0.706711 -0.0308523 0.70683
    outer loop
      vertex -27.9021 -0.719666 7.81705
      vertex -27.517 -0.00498962 8.23328
      vertex -27.9333 -0.00498962 7.81705
    endloop
  endfacet
  facet normal -0.706711 -0.0308523 0.70683
    outer loop
      vertex -27.517 -0.00498962 8.23328
      vertex -27.9021 -0.719666 7.81705
      vertex -27.4858 -0.719666 8.23328
    endloop
  endfacet
  facet normal -0.751819 0.255176 0.607991
    outer loop
      vertex -27.5123 4.24141 7.35007
      vertex -27.6696 3.77796 7.35007
      vertex -27.1812 4.10428 7.81705
    endloop
  endfacet
  facet normal -0.0779042 0.247054 0.965865
    outer loop
      vertex -19.5289 9.10765 9.11118
      vertex -18.6995 8.77357 9.26353
      vertex -18.8467 9.32277 9.11118
    endloop
  endfacet
  facet normal -0.0778954 0.247074 0.965861
    outer loop
      vertex -18.6995 8.77357 9.26353
      vertex -19.5289 9.10765 9.11118
      vertex -19.3818 8.55846 9.26353
    endloop
  endfacet
  facet normal -0.330255 0.376506 0.865549
    outer loop
      vertex -22.8325 7.86557 8.88593
      vertex -23.1428 8.27 8.59161
      vertex -23.0282 7.69391 8.88593
    endloop
  endfacet
  facet normal -0.449094 0.411526 0.79307
    outer loop
      vertex -24.7296 7.37387 8.23328
      vertex -23.9161 7.57108 8.59161
      vertex -24.2463 7.90129 8.23328
    endloop
  endfacet
  facet normal -0.449094 0.411526 0.79307
    outer loop
      vertex -23.9161 7.57108 8.59161
      vertex -24.7296 7.37387 8.23328
      vertex -24.3994 7.04366 8.59161
    endloop
  endfacet
  facet normal -0.12325 0.363019 0.923595
    outer loop
      vertex -19.6697 9.63295 8.88593
      vertex -19.9162 9.54926 8.88593
      vertex -19.7081 9.04683 9.11118
    endloop
  endfacet
  facet normal -0.221483 0.449161 0.865563
    outer loop
      vertex -20.7722 9.74647 8.59161
      vertex -20.8106 9.16036 8.88593
      vertex -20.5771 9.2755 8.88593
    endloop
  endfacet
  facet normal -0.161009 0.474235 0.865551
    outer loop
      vertex -19.6697 9.63295 8.88593
      vertex -20.1113 10.0202 8.59161
      vertex -19.9162 9.54926 8.88593
    endloop
  endfacet
  facet normal -0.278277 0.416338 0.865578
    outer loop
      vertex -22.0485 8.44568 8.88593
      vertex -22.5753 8.70547 8.59161
      vertex -22.2649 8.30104 8.88593
    endloop
  endfacet
  facet normal -0.537355 0.843356 0
    outer loop
      vertex -22.6952 10.9952 5.05
      vertex -23.2985 10.6108 5.14431
      vertex -22.6952 10.9952 5.14431
    endloop
  endfacet
  facet normal -0.537355 0.843356 0
    outer loop
      vertex -23.2985 10.6108 5.14431
      vertex -22.6952 10.9952 5.05
      vertex -23.2985 10.6108 5.05
    endloop
  endfacet
  facet normal -0.555525 0.8315 0
    outer loop
      vertex -23.2985 10.6108 5.05
      vertex -23.7869 10.2845 5.14431
      vertex -23.2985 10.6108 5.14431
    endloop
  endfacet
  facet normal -0.555525 0.8315 0
    outer loop
      vertex -23.7869 10.2845 5.14431
      vertex -23.2985 10.6108 5.05
      vertex -23.7869 10.2845 5.05
    endloop
  endfacet
  facet normal -0.737456 0.675396 0
    outer loop
      vertex -25.75 8.51293 4.95
      vertex -25.8067 8.45102 4.95
      vertex -25.75 8.51293 5.05
    endloop
  endfacet
  facet normal -0.737247 0.675624 0
    outer loop
      vertex -25.75 8.51293 5.05
      vertex -25.3234 8.97844 5.14431
      vertex -25.3234 8.97844 5.05
    endloop
  endfacet
  facet normal -0.737271 0.675597 0.000242921
    outer loop
      vertex -25.75 8.51293 5.05
      vertex -25.8067 8.45102 5.14431
      vertex -25.3234 8.97844 5.14431
    endloop
  endfacet
  facet normal -0.737456 0.675396 0
    outer loop
      vertex -25.8067 8.45102 5.14431
      vertex -25.75 8.51293 5.05
      vertex -25.8067 8.45102 4.95
    endloop
  endfacet
  facet normal -0.0308512 0.706711 0.70683
    outer loop
      vertex -16.35 11.5883 7.81705
      vertex -17.0647 11.1408 8.23328
      vertex -16.35 11.172 8.23328
    endloop
  endfacet
  facet normal -0.0308512 0.706711 0.70683
    outer loop
      vertex -17.0647 11.1408 8.23328
      vertex -16.35 11.5883 7.81705
      vertex -17.0647 11.5571 7.81705
    endloop
  endfacet
  facet normal -0.0828922 0.373906 0.923755
    outer loop
      vertex -18.289 10.0029 8.88593
      vertex -18.8467 9.32277 9.11118
      vertex -18.1483 9.4776 9.11118
    endloop
  endfacet
  facet normal -0.0828985 0.37391 0.923753
    outer loop
      vertex -18.8467 9.32277 9.11118
      vertex -18.289 10.0029 8.88593
      vertex -18.9874 9.84806 8.88593
    endloop
  endfacet
  facet normal 0.0112981 0.258806 0.965863
    outer loop
      vertex 16.35 9.08289 9.26353
      vertex 17.0647 9.62026 9.11118
      vertex 16.35 9.65146 9.11118
    endloop
  endfacet
  facet normal 0.0112981 0.258806 0.965863
    outer loop
      vertex 17.0647 9.62026 9.11118
      vertex 16.35 9.08289 9.26353
      vertex 17.0647 9.05169 9.26353
    endloop
  endfacet
  facet normal 0.0250825 0.382519 0.923607
    outer loop
      vertex 17.3245 10.1471 8.88593
      vertex 17.0647 9.62026 9.11118
      vertex 17.2535 9.60788 9.11118
    endloop
  endfacet
  facet normal -0.130517 -0.00849413 0.99141
    outer loop
      vertex -24.8131 -0.719666 9.34036
      vertex -25.3967 -0.719666 9.26353
      vertex -24.8106 -0.75808 9.34036
    endloop
  endfacet
  facet normal -0.00856535 -0.13052 0.991409
    outer loop
      vertex -17.0647 -8.4681 9.34036
      vertex -17.1031 -8.46558 9.34036
      vertex -17.0647 -9.05169 9.26353
    endloop
  endfacet
  facet normal -0.0862634 -0.0983166 0.991409
    outer loop
      vertex -21.8 -6.52005 9.34036
      vertex -22.2416 -6.90733 9.26353
      vertex -22.1553 -6.98305 9.26353
    endloop
  endfacet
  facet normal -0.171048 -0.194948 0.965783
    outer loop
      vertex -22.2416 -6.90733 9.26353
      vertex -22.5014 -7.43413 9.11118
      vertex -22.1553 -6.98305 9.26353
    endloop
  endfacet
  facet normal -0.115887 -0.0603243 0.991429
    outer loop
      vertex -24.542 -3.90941 9.26353
      vertex -23.7063 -4.25215 9.34036
      vertex -24.0366 -3.61762 9.34036
    endloop
  endfacet
  facet normal -0.115887 -0.0603231 0.991429
    outer loop
      vertex -23.7063 -4.25215 9.34036
      vertex -24.542 -3.90941 9.26353
      vertex -24.2117 -4.54395 9.26353
    endloop
  endfacet
  facet normal -0.382564 -0.0250345 0.92359
    outer loop
      vertex -25.9653 -0.719666 9.11118
      vertex -26.5091 -0.719666 8.88593
      vertex -26.4921 -0.979451 8.88593
    endloop
  endfacet
  facet normal -0.194914 -0.17112 0.965778
    outer loop
      vertex -23.3281 -5.81028 9.26353
      vertex -23.7791 -6.15641 9.11118
      vertex -23.2523 -5.89662 9.26353
    endloop
  endfacet
  facet normal -0.110183 -0.0702021 0.991429
    outer loop
      vertex -23.7063 -4.25215 9.34036
      vertex -23.8273 -5.14727 9.26353
      vertex -23.3219 -4.85547 9.34036
    endloop
  endfacet
  facet normal -0.110183 -0.0702021 0.991429
    outer loop
      vertex -23.8273 -5.14727 9.26353
      vertex -23.7063 -4.25215 9.34036
      vertex -24.2117 -4.54395 9.26353
    endloop
  endfacet
  facet normal -0.373902 -0.0828753 0.923758
    outer loop
      vertex -26.3479 -1.94404 8.88593
      vertex -25.6678 -2.50168 9.11118
      vertex -25.8226 -1.80328 9.11118
    endloop
  endfacet
  facet normal -0.373903 -0.0828767 0.923757
    outer loop
      vertex -25.6678 -2.50168 9.11118
      vertex -26.3479 -1.94404 8.88593
      vertex -26.1931 -2.64243 8.88593
    endloop
  endfacet
  facet normal -0.488508 -0.108279 0.865815
    outer loop
      vertex -26.8403 -2.07597 8.59161
      vertex -26.1931 -2.64243 8.88593
      vertex -26.3479 -1.94404 8.88593
    endloop
  endfacet
  facet normal -0.488507 -0.108277 0.865816
    outer loop
      vertex -26.1931 -2.64243 8.88593
      vertex -26.8403 -2.07597 8.59161
      vertex -26.6855 -2.77437 8.59161
    endloop
  endfacet
  facet normal -0.269616 -0.546725 0.792716
    outer loop
      vertex -20.7722 -9.74647 8.59161
      vertex -21.0655 -9.60183 8.59161
      vertex -20.9509 -10.1779 8.23328
    endloop
  endfacet
  facet normal -0.221483 -0.449161 0.865563
    outer loop
      vertex -20.5771 -9.2755 8.88593
      vertex -20.8106 -9.16036 8.88593
      vertex -20.7722 -9.74647 8.59161
    endloop
  endfacet
  facet normal -0.252813 -0.288218 0.923588
    outer loop
      vertex -22.6437 -7.30937 9.11118
      vertex -23.0282 -7.69391 8.88593
      vertex -22.8325 -7.86557 8.88593
    endloop
  endfacet
  facet normal -0.304335 -0.396676 0.866042
    outer loop
      vertex -22.8325 -7.86557 8.88593
      vertex -22.5753 -8.70547 8.59161
      vertex -22.2649 -8.30104 8.88593
    endloop
  endfacet
  facet normal -0.304396 -0.396686 0.866016
    outer loop
      vertex -22.5753 -8.70547 8.59161
      vertex -22.8325 -7.86557 8.88593
      vertex -23.1428 -8.27 8.59161
    endloop
  endfacet
  facet normal -0.376531 -0.330175 0.865569
    outer loop
      vertex -24.0389 -6.6832 8.88593
      vertex -24.615 -6.79779 8.59161
      vertex -24.3994 -7.04366 8.59161
    endloop
  endfacet
  facet normal -0.343806 -0.169573 0.923603
    outer loop
      vertex -25.1181 -4.024 9.11118
      vertex -25.5054 -4.46561 8.88593
      vertex -25.0344 -4.1937 9.11118
    endloop
  endfacet
  facet normal -0.169552 -0.343846 0.923592
    outer loop
      vertex -20.369 -8.77308 9.11118
      vertex -20.8106 -9.16036 8.88593
      vertex -20.5771 -9.2755 8.88593
    endloop
  endfacet
  facet normal -0.521586 -0.477954 0.706759
    outer loop
      vertex -25.0239 -7.66819 7.81705
      vertex -24.2463 -7.90129 8.23328
      vertex -24.7296 -7.37387 8.23328
    endloop
  endfacet
  facet normal -0.521586 -0.477954 0.706759
    outer loop
      vertex -24.2463 -7.90129 8.23328
      vertex -25.0239 -7.66819 7.81705
      vertex -24.5406 -8.19561 7.81705
    endloop
  endfacet
  facet normal -0.660166 -0.441095 0.607961
    outer loop
      vertex -25.7512 -6.76792 7.81705
      vertex -26.3074 -6.57912 7.35007
      vertex -26.0355 -6.98606 7.35007
    endloop
  endfacet
  facet normal -0.430413 -0.561009 0.707116
    outer loop
      vertex -23.4271 -8.64048 8.23328
      vertex -23.1129 -9.40617 7.81705
      vertex -22.8595 -9.07595 8.23328
    endloop
  endfacet
  facet normal -0.430413 -0.561009 0.707116
    outer loop
      vertex -23.1129 -9.40617 7.81705
      vertex -23.4271 -8.64048 8.23328
      vertex -23.6805 -8.9707 7.81705
    endloop
  endfacet
  facet normal -0.338698 -0.506876 0.792692
    outer loop
      vertex -22.5753 -8.70547 8.59161
      vertex -22.8595 -9.07595 8.23328
      vertex -22.5368 -9.29158 8.23328
    endloop
  endfacet
  facet normal -0.231046 -0.443821 0.865818
    outer loop
      vertex -21.4451 -8.83005 8.88593
      vertex -21.0655 -9.60183 8.59161
      vertex -20.8106 -9.16036 8.88593
    endloop
  endfacet
  facet normal -0.231046 -0.443821 0.865818
    outer loop
      vertex -21.0655 -9.60183 8.59161
      vertex -21.4451 -8.83005 8.88593
      vertex -21.7 -9.27152 8.59161
    endloop
  endfacet
  facet normal -0.108302 -0.488491 0.865822
    outer loop
      vertex -18.9874 -9.84806 8.88593
      vertex -18.421 -10.4953 8.59161
      vertex -18.289 -10.0029 8.88593
    endloop
  endfacet
  facet normal -0.108269 -0.488469 0.865838
    outer loop
      vertex -18.421 -10.4953 8.59161
      vertex -18.9874 -9.84806 8.88593
      vertex -19.1194 -10.3405 8.59161
    endloop
  endfacet
  facet normal -0.366459 -0.703961 0.608396
    outer loop
      vertex -21.6863 -10.677 7.35007
      vertex -22.1416 -10.0364 7.81705
      vertex -22.3208 -10.3467 7.35007
    endloop
  endfacet
  facet normal -0.366459 -0.703961 0.608396
    outer loop
      vertex -22.1416 -10.0364 7.81705
      vertex -21.6863 -10.677 7.35007
      vertex -21.5071 -10.3667 7.81705
    endloop
  endfacet
  facet normal -0.12325 -0.363019 0.923595
    outer loop
      vertex -19.7081 -9.04683 9.11118
      vertex -19.9162 -9.54926 8.88593
      vertex -19.6697 -9.63295 8.88593
    endloop
  endfacet
  facet normal -0.0461499 -0.706294 0.706413
    outer loop
      vertex -17.0647 -11.1408 8.23328
      vertex -17.4519 -11.1155 8.23328
      vertex -17.0647 -11.5571 7.81705
    endloop
  endfacet
  facet normal -0.118901 -0.597857 0.792735
    outer loop
      vertex -18.1002 -10.5591 8.59161
      vertex -18.421 -10.4953 8.59161
      vertex -18.1612 -11.0221 8.23328
    endloop
  endfacet
  facet normal -0.0828922 -0.373906 0.923755
    outer loop
      vertex -18.8467 -9.32277 9.11118
      vertex -18.289 -10.0029 8.88593
      vertex -18.1483 -9.4776 9.11118
    endloop
  endfacet
  facet normal -0.0828985 -0.37391 0.923753
    outer loop
      vertex -18.289 -10.0029 8.88593
      vertex -18.8467 -9.32277 9.11118
      vertex -18.9874 -9.84806 8.88593
    endloop
  endfacet
  facet normal -0.0652871 -0.495735 0.866016
    outer loop
      vertex -18.0337 -10.0537 8.88593
      vertex -17.391 -10.6525 8.59161
      vertex -17.3245 -10.1471 8.88593
    endloop
  endfacet
  facet normal -0.0652871 -0.495735 0.866016
    outer loop
      vertex -17.391 -10.6525 8.59161
      vertex -18.0337 -10.0537 8.88593
      vertex -18.1002 -10.5591 8.59161
    endloop
  endfacet
  facet normal -0.00856535 0.13052 0.991409
    outer loop
      vertex -17.0647 9.05169 9.26353
      vertex -17.1031 8.46558 9.34036
      vertex -17.0647 8.4681 9.34036
    endloop
  endfacet
  facet normal 0.0577832 -0.117345 0.991409
    outer loop
      vertex 20.05 -7.89107 9.31166
      vertex 19.9281 -7.70862 9.34036
      vertex 20.05 -8.00293 9.29842
    endloop
  endfacet
  facet normal 0.0560675 -0.252907 0.965865
    outer loop
      vertex 18.6995 -8.77357 9.26353
      vertex 18.1483 -9.4776 9.11118
      vertex 18.8467 -9.32277 9.11118
    endloop
  endfacet
  facet normal 0.0560718 -0.25291 0.965864
    outer loop
      vertex 18.1483 -9.4776 9.11118
      vertex 18.6995 -8.77357 9.26353
      vertex 18.0011 -8.92841 9.26353
    endloop
  endfacet
  facet normal 0.0976889 -0.4912 0.865551
    outer loop
      vertex 18.421 -10.4953 8.59161
      vertex 18.0337 -10.0537 8.88593
      vertex 18.1002 -10.5591 8.59161
    endloop
  endfacet
  facet normal 0.0747959 -0.376006 0.923594
    outer loop
      vertex 18.1483 -9.4776 9.11118
      vertex 17.9627 -9.51452 9.11118
      vertex 18.289 -10.0029 8.88593
    endloop
  endfacet
  facet normal 0.11306 -0.858604 0.500017
    outer loop
      vertex 17.5915 -12.1752 6.8403
      vertex 18.2623 -11.79 7.35007
      vertex 17.553 -11.8834 7.35007
    endloop
  endfacet
  facet normal 0.113077 -0.858611 0.5
    outer loop
      vertex 18.2623 -11.79 7.35007
      vertex 17.5915 -12.1752 6.8403
      vertex 18.3007 -12.0818 6.8403
    endloop
  endfacet
  facet normal 0.0397075 -0.608289 0.792722
    outer loop
      vertex 17.391 -10.6525 8.59161
      vertex 17.0647 -10.6738 8.59161
      vertex 17.4519 -11.1155 8.23328
    endloop
  endfacet
  facet normal 0.0282792 -0.127552 0.991429
    outer loop
      vertex 18.5485 -8.20987 9.34036
      vertex 18.0011 -8.92841 9.26353
      vertex 18.6995 -8.77357 9.26353
    endloop
  endfacet
  facet normal 0.028277 -0.127551 0.991429
    outer loop
      vertex 18.0011 -8.92841 9.26353
      vertex 18.5485 -8.20987 9.34036
      vertex 17.8501 -8.3647 9.34036
    endloop
  endfacet
  facet normal -0.0308512 -0.706711 0.70683
    outer loop
      vertex -17.0647 -11.5571 7.81705
      vertex -16.35 -11.172 8.23328
      vertex -17.0647 -11.1408 8.23328
    endloop
  endfacet
  facet normal -0.0308512 -0.706711 0.70683
    outer loop
      vertex -16.35 -11.172 8.23328
      vertex -17.0647 -11.5571 7.81705
      vertex -16.35 -11.5883 7.81705
    endloop
  endfacet
  facet normal -0.0250315 -0.38254 0.9236
    outer loop
      vertex -17.0647 -9.62026 9.11118
      vertex -17.3245 -10.1471 8.88593
      vertex -17.0647 -10.1641 8.88593
    endloop
  endfacet
  facet normal -0.0327037 -0.499789 0.865529
    outer loop
      vertex -17.0647 -10.1641 8.88593
      vertex -17.3245 -10.1471 8.88593
      vertex -17.0647 -10.6738 8.59161
    endloop
  endfacet
  facet normal -0.0794858 -0.603547 0.793355
    outer loop
      vertex -18.1002 -10.5591 8.59161
      vertex -17.4519 -11.1155 8.23328
      vertex -17.391 -10.6525 8.59161
    endloop
  endfacet
  facet normal -0.0794734 -0.603538 0.793364
    outer loop
      vertex -17.4519 -11.1155 8.23328
      vertex -18.1002 -10.5591 8.59161
      vertex -18.1612 -11.0221 8.23328
    endloop
  endfacet
  facet normal -0.379345 -0.915999 0.130549
    outer loop
      vertex -20.8729 -11.859 5.14431
      vertex -21.5044 -11.5143 5.72791
      vertex -21.5338 -11.5853 5.14431
    endloop
  endfacet
  facet normal -0.379345 -0.915999 0.130549
    outer loop
      vertex -21.5044 -11.5143 5.72791
      vertex -20.8729 -11.859 5.14431
      vertex -20.8435 -11.788 5.72791
    endloop
  endfacet
  facet normal -0.438534 -0.889222 0.130274
    outer loop
      vertex -21.5044 -11.5143 5.72791
      vertex -22.0606 -11.3255 5.14431
      vertex -21.5338 -11.5853 5.14431
    endloop
  endfacet
  facet normal -0.290447 -0.921303 0.258537
    outer loop
      vertex -19.6146 -12.1887 5.72791
      vertex -20.2574 -11.8265 6.29648
      vertex -20.2969 -11.9736 5.72791
    endloop
  endfacet
  facet normal -0.29049 -0.921303 0.258489
    outer loop
      vertex -20.2574 -11.8265 6.29648
      vertex -19.6146 -12.1887 5.72791
      vertex -19.5752 -12.0416 6.29648
    endloop
  endfacet
  facet normal -0.297077 -0.875126 0.381968
    outer loop
      vertex -20.699 -11.4392 6.8403
      vertex -20.7852 -11.6473 6.29648
      vertex -20.1991 -11.6089 6.8403
    endloop
  endfacet
  facet normal -0.130433 -0.991457 0
    outer loop
      vertex -18.36 -12.5324 4.95
      vertex -17.6508 -12.6257 5.14431
      vertex -18.36 -12.5324 5.14431
    endloop
  endfacet
  facet normal -0.130433 -0.991457 -0
    outer loop
      vertex -17.6508 -12.6257 5.14431
      vertex -18.36 -12.5324 4.95
      vertex -17.6508 -12.6257 4.95
    endloop
  endfacet
  facet normal 0.0990426 -0.239123 0.965925
    outer loop
      vertex 19.4905 -8.52154 9.26353
      vertex 20.05 -8.90521 9.11118
      vertex 20.05 -8.2898 9.26353
    endloop
  endfacet
  facet normal 0.0990462 -0.239118 0.965926
    outer loop
      vertex 20.05 -8.90521 9.11118
      vertex 19.4905 -8.52154 9.26353
      vertex 19.7081 -9.04683 9.11118
    endloop
  endfacet
  facet normal 0.0255206 -0.128286 0.991409
    outer loop
      vertex 18.0011 -8.92841 9.26353
      vertex 17.8501 -8.3647 9.34036
      vertex 17.8885 -8.95081 9.26353
    endloop
  endfacet
  facet normal 0.025488 -0.128289 0.991409
    outer loop
      vertex 17.8501 -8.3647 9.34036
      vertex 17.8123 -8.37221 9.34036
      vertex 17.8885 -8.95081 9.26353
    endloop
  endfacet
  facet normal 0.0833528 -0.245591 0.965783
    outer loop
      vertex 19.7081 -9.04683 9.11118
      vertex 19.3818 -8.55846 9.26353
      vertex 19.5289 -9.10765 9.11118
    endloop
  endfacet
  facet normal 0.052027 -0.792246 0.60798
    outer loop
      vertex 17.5063 -11.5281 7.81705
      vertex 17.0647 -11.5571 7.81705
      vertex 17.553 -11.8834 7.35007
    endloop
  endfacet
  facet normal 0.0519225 -0.792305 0.607912
    outer loop
      vertex 17.0647 -11.5571 7.81705
      vertex 17.0647 -11.9154 7.35007
      vertex 17.553 -11.8834 7.35007
    endloop
  endfacet
  facet normal 0 -0.793375 0.608733
    outer loop
      vertex -16.35 -11.9466 7.35007
      vertex 16.35 -11.5883 7.81705
      vertex -16.35 -11.5883 7.81705
    endloop
  endfacet
  facet normal 0 -0.793375 0.608733
    outer loop
      vertex 16.35 -11.5883 7.81705
      vertex -16.35 -11.9466 7.35007
      vertex 16.35 -11.9466 7.35007
    endloop
  endfacet
  facet normal 0 -0.966207 0.257766
    outer loop
      vertex -16.35 -12.4662 6.29648
      vertex -3.25 -12.4786 6.25
      vertex -3.24797 -12.4662 6.29648
    endloop
  endfacet
  facet normal 3.71373e-06 -0.965946 0.258743
    outer loop
      vertex -16.35 -12.6185 5.72791
      vertex -3.25 -12.4786 6.25
      vertex -16.35 -12.4662 6.29648
    endloop
  endfacet
  facet normal 8.6027e-06 -0.965977 0.258629
    outer loop
      vertex -3.25 -12.4786 6.25
      vertex -16.35 -12.6185 5.72791
      vertex -3.24772 -12.4926 6.19771
    endloop
  endfacet
  facet normal 5.64116e-06 -0.965956 0.258706
    outer loop
      vertex -3.24772 -12.4926 6.19771
      vertex -16.35 -12.6185 5.72791
      vertex -3.24088 -12.5065 6.14581
    endloop
  endfacet
  facet normal -2.90652e-06 -0.965889 0.258956
    outer loop
      vertex -3.24088 -12.5065 6.14581
      vertex -16.35 -12.6185 5.72791
      vertex -3.22956 -12.5202 6.09471
    endloop
  endfacet
  facet normal -1.16701e-05 -0.965811 0.259248
    outer loop
      vertex -3.22956 -12.5202 6.09471
      vertex -16.35 -12.6185 5.72791
      vertex -3.21381 -12.5336 6.04479
    endloop
  endfacet
  facet normal -2.05843e-05 -0.965718 0.259593
    outer loop
      vertex -3.21381 -12.5336 6.04479
      vertex -16.35 -12.6185 5.72791
      vertex -3.19378 -12.5466 5.99643
    endloop
  endfacet
  facet normal 1.35671e-05 -0.966136 0.258032
    outer loop
      vertex -3.19378 -12.5466 5.99643
      vertex -16.35 -12.6185 5.72791
      vertex -3.16961 -12.559 5.95
    endloop
  endfacet
  facet normal 1.02874e-05 -0.966088 0.258214
    outer loop
      vertex -3.16961 -12.559 5.95
      vertex -16.35 -12.6185 5.72791
      vertex -3.14149 -12.5708 5.90585
    endloop
  endfacet
  facet normal -2.16488e-05 -0.965494 0.260425
    outer loop
      vertex -3.14149 -12.5708 5.90585
      vertex -16.35 -12.6185 5.72791
      vertex -3.10963 -12.582 5.86433
    endloop
  endfacet
  facet normal 6.38596e-06 -0.966175 0.257886
    outer loop
      vertex -3.10963 -12.582 5.86433
      vertex -16.35 -12.6185 5.72791
      vertex -3.07426 -12.5923 5.82574
    endloop
  endfacet
  facet normal -5.49057e-06 -0.965773 0.25939
    outer loop
      vertex -3.07426 -12.5923 5.82574
      vertex -16.35 -12.6185 5.72791
      vertex -3.03567 -12.6018 5.79037
    endloop
  endfacet
  facet normal 2.60801e-06 -0.966204 0.257779
    outer loop
      vertex -3.03567 -12.6018 5.79037
      vertex -16.35 -12.6185 5.72791
      vertex -2.99415 -12.6103 5.75851
    endloop
  endfacet
  facet normal -4.84933e-06 -0.965389 0.260815
    outer loop
      vertex -2.99415 -12.6103 5.75851
      vertex -16.35 -12.6185 5.72791
      vertex -2.95 -12.6179 5.73038
    endloop
  endfacet
  facet normal 0 -0.971741 0.23605
    outer loop
      vertex -2.95 -12.6179 5.73038
      vertex -16.35 -12.6185 5.72791
      vertex -2.94524 -12.6185 5.72791
    endloop
  endfacet
  facet normal 0 -0.966207 0.257766
    outer loop
      vertex -2.05 -12.4786 6.25
      vertex 16.35 -12.4662 6.29648
      vertex -2.05203 -12.4662 6.29648
    endloop
  endfacet
  facet normal -6.12781e-06 -0.965977 0.258629
    outer loop
      vertex 16.35 -12.6185 5.72791
      vertex -2.05 -12.4786 6.25
      vertex -2.05228 -12.4926 6.19771
    endloop
  endfacet
  facet normal -4.02193e-06 -0.965956 0.258706
    outer loop
      vertex 16.35 -12.6185 5.72791
      vertex -2.05228 -12.4926 6.19771
      vertex -2.05911 -12.5065 6.14581
    endloop
  endfacet
  facet normal 2.07391e-06 -0.965889 0.258956
    outer loop
      vertex 16.35 -12.6185 5.72791
      vertex -2.05911 -12.5065 6.14581
      vertex -2.07044 -12.5202 6.09471
    endloop
  endfacet
  facet normal 8.33335e-06 -0.96581 0.259249
    outer loop
      vertex 16.35 -12.6185 5.72791
      vertex -2.07044 -12.5202 6.09471
      vertex -2.08618 -12.5336 6.04479
    endloop
  endfacet
  facet normal 1.47086e-05 -0.965717 0.259595
    outer loop
      vertex 16.35 -12.6185 5.72791
      vertex -2.08618 -12.5336 6.04479
      vertex -2.10621 -12.5466 5.99643
    endloop
  endfacet
  facet normal -9.7004e-06 -0.966137 0.25803
    outer loop
      vertex 16.35 -12.6185 5.72791
      vertex -2.10621 -12.5466 5.99643
      vertex -2.13038 -12.559 5.95
    endloop
  endfacet
  facet normal -7.35944e-06 -0.966088 0.258212
    outer loop
      vertex 16.35 -12.6185 5.72791
      vertex -2.13038 -12.559 5.95
      vertex -2.15851 -12.5708 5.90585
    endloop
  endfacet
  facet normal 1.54949e-05 -0.965493 0.260429
    outer loop
      vertex 16.35 -12.6185 5.72791
      vertex -2.15851 -12.5708 5.90585
      vertex -2.19037 -12.582 5.86433
    endloop
  endfacet
  facet normal -4.57268e-06 -0.966176 0.257885
    outer loop
      vertex 16.35 -12.6185 5.72791
      vertex -2.19037 -12.582 5.86433
      vertex -2.22574 -12.5923 5.82574
    endloop
  endfacet
  facet normal 3.93295e-06 -0.965772 0.259392
    outer loop
      vertex 16.35 -12.6185 5.72791
      vertex -2.22574 -12.5923 5.82574
      vertex -2.26433 -12.6018 5.79037
    endloop
  endfacet
  facet normal -1.86867e-06 -0.966204 0.257778
    outer loop
      vertex 16.35 -12.6185 5.72791
      vertex -2.26433 -12.6018 5.79037
      vertex -2.30585 -12.6103 5.75851
    endloop
  endfacet
  facet normal 3.47521e-06 -0.965388 0.260818
    outer loop
      vertex 16.35 -12.6185 5.72791
      vertex -2.30585 -12.6103 5.75851
      vertex -2.35 -12.6179 5.73038
    endloop
  endfacet
  facet normal 0 -0.971741 0.23605
    outer loop
      vertex 16.35 -12.6185 5.72791
      vertex -2.35 -12.6179 5.73038
      vertex -2.35476 -12.6185 5.72791
    endloop
  endfacet
  facet normal -2.64401e-06 -0.965946 0.258743
    outer loop
      vertex -2.05 -12.4786 6.25
      vertex 16.35 -12.6185 5.72791
      vertex 16.35 -12.4662 6.29648
    endloop
  endfacet
  facet normal 0.131909 -0.594742 0.793021
    outer loop
      vertex 19.1194 -10.3405 8.59161
      vertex 18.5418 -10.9464 8.23328
      vertex 19.2402 -10.7915 8.23328
    endloop
  endfacet
  facet normal 0.131811 -0.594684 0.793081
    outer loop
      vertex 18.5418 -10.9464 8.23328
      vertex 19.1194 -10.3405 8.59161
      vertex 18.421 -10.4953 8.59161
    endloop
  endfacet
  facet normal 0.227633 -0.670283 0.706331
    outer loop
      vertex 19.9225 -10.5764 8.23328
      vertex 20.05 -10.9383 7.84876
      vertex 20.05 -10.5331 8.23328
    endloop
  endfacet
  facet normal 0.228827 -0.669869 0.706338
    outer loop
      vertex 20.05 -10.9383 7.84876
      vertex 19.9225 -10.5764 8.23328
      vertex 20.0302 -10.9785 7.81705
    endloop
  endfacet
  facet normal 0.0977337 -0.49117 0.865564
    outer loop
      vertex 18.289 -10.0029 8.88593
      vertex 18.0337 -10.0537 8.88593
      vertex 18.421 -10.4953 8.59161
    endloop
  endfacet
  facet normal 0.0432401 -0.990503 0.130517
    outer loop
      vertex 16.35 -12.6954 5.14431
      vertex 17.0647 -12.5873 5.72791
      vertex 16.35 -12.6185 5.72791
    endloop
  endfacet
  facet normal 0.0433794 -0.990519 0.130349
    outer loop
      vertex 17.0647 -12.5873 5.72791
      vertex 16.35 -12.6954 5.14431
      vertex 17.0647 -12.6641 5.14431
    endloop
  endfacet
  facet normal 0 -0.866037 0.49998
    outer loop
      vertex -16.35 -11.9466 7.35007
      vertex -2.65 -12.2353 6.85
      vertex 16.35 -11.9466 7.35007
    endloop
  endfacet
  facet normal -0.000123129 -0.867494 0.497448
    outer loop
      vertex -16.35 -11.9466 7.35007
      vertex -2.70229 -12.2366 6.84772
      vertex -2.65 -12.2353 6.85
    endloop
  endfacet
  facet normal 0.000186625 -0.863846 0.503757
    outer loop
      vertex -16.35 -11.9466 7.35007
      vertex -2.75419 -12.2406 6.84088
      vertex -2.70229 -12.2366 6.84772
    endloop
  endfacet
  facet normal 0 -0.866037 0.49998
    outer loop
      vertex -2.75683 -12.2409 6.8403
      vertex -16.35 -11.9466 7.35007
      vertex -16.35 -12.2409 6.8403
    endloop
  endfacet
  facet normal -0.00170326 -0.885032 0.465528
    outer loop
      vertex -16.35 -11.9466 7.35007
      vertex -2.75683 -12.2409 6.8403
      vertex -2.75419 -12.2406 6.84088
    endloop
  endfacet
  facet normal 0.000101736 -0.867706 0.497078
    outer loop
      vertex -2.59771 -12.2366 6.84772
      vertex 16.35 -11.9466 7.35007
      vertex -2.65 -12.2353 6.85
    endloop
  endfacet
  facet normal -0.000143142 -0.863702 0.504003
    outer loop
      vertex -2.54581 -12.2406 6.84088
      vertex 16.35 -11.9466 7.35007
      vertex -2.59771 -12.2366 6.84772
    endloop
  endfacet
  facet normal 0.00127887 -0.88583 0.464009
    outer loop
      vertex -2.54317 -12.2409 6.8403
      vertex 16.35 -11.9466 7.35007
      vertex -2.54581 -12.2406 6.84088
    endloop
  endfacet
  facet normal 0 -0.866037 0.49998
    outer loop
      vertex 16.35 -11.9466 7.35007
      vertex -2.54317 -12.2409 6.8403
      vertex 16.35 -12.2409 6.8403
    endloop
  endfacet
  facet normal 0.0647557 -0.989371 0.130198
    outer loop
      vertex 17.0647 -12.5873 5.72791
      vertex 17.0647 -12.6641 5.14431
      vertex 17.6407 -12.5496 5.72791
    endloop
  endfacet
  facet normal 0.0632622 -0.964011 0.258225
    outer loop
      vertex 17.0647 -12.435 6.29648
      vertex 17.0647 -12.5873 5.72791
      vertex 17.6209 -12.3985 6.29648
    endloop
  endfacet
  facet normal 0.169046 -0.849826 0.499219
    outer loop
      vertex 18.7423 -11.6945 7.35007
      vertex 18.3007 -12.0818 6.8403
      vertex 18.8185 -11.9788 6.8403
    endloop
  endfacet
  facet normal 0.0308512 -0.706711 0.70683
    outer loop
      vertex 16.35 -11.5883 7.81705
      vertex 17.0647 -11.1408 8.23328
      vertex 16.35 -11.172 8.23328
    endloop
  endfacet
  facet normal 0.0308512 -0.706711 0.70683
    outer loop
      vertex 17.0647 -11.1408 8.23328
      vertex 16.35 -11.5883 7.81705
      vertex 17.0647 -11.5571 7.81705
    endloop
  endfacet
  facet normal -0.188389 -0.947492 0.258394
    outer loop
      vertex -18.3301 -12.3051 6.29648
      vertex -18.8768 -12.1964 6.29648
      vertex -18.35 -12.4562 5.72791
    endloop
  endfacet
  facet normal -0.214682 -0.967942 0.130386
    outer loop
      vertex -18.9361 -12.4178 5.14431
      vertex -19.6146 -12.1887 5.72791
      vertex -19.6345 -12.2629 5.14431
    endloop
  endfacet
  facet normal -0.214682 -0.967942 0.130386
    outer loop
      vertex -19.6146 -12.1887 5.72791
      vertex -18.9361 -12.4178 5.14431
      vertex -18.9162 -12.3436 5.72791
    endloop
  endfacet
  facet normal 0 -1 0
    outer loop
      vertex -16.35 -12.6954 4.95
      vertex 16.35 -12.6954 5.14431
      vertex -16.35 -12.6954 5.14431
    endloop
  endfacet
  facet normal 0 -1 -0
    outer loop
      vertex 16.35 -12.6954 5.14431
      vertex -16.35 -12.6954 4.95
      vertex 16.35 -12.6954 4.95
    endloop
  endfacet
  facet normal -0.169046 -0.849826 0.499219
    outer loop
      vertex -18.7423 -11.6945 7.35007
      vertex -18.8185 -11.9788 6.8403
      vertex -18.3007 -12.0818 6.8403
    endloop
  endfacet
  facet normal -0.128288 -0.0255141 0.991409
    outer loop
      vertex -24.7097 -1.50508 9.34036
      vertex -25.2958 -1.5435 9.26353
      vertex -25.2734 -1.65613 9.26353
    endloop
  endfacet
  facet normal -0.025488 -0.128289 0.991409
    outer loop
      vertex -17.8501 -8.3647 9.34036
      vertex -17.8885 -8.95081 9.26353
      vertex -17.8123 -8.37221 9.34036
    endloop
  endfacet
  facet normal 0.298176 -0.945563 0.130388
    outer loop
      vertex 19.6345 -12.2629 5.14431
      vertex 20.05 -12.0514 5.72791
      vertex 19.6146 -12.1887 5.72791
    endloop
  endfacet
  facet normal 0.298123 -0.945574 0.13043
    outer loop
      vertex 20.05 -12.0514 5.72791
      vertex 19.6345 -12.2629 5.14431
      vertex 20.05 -12.1319 5.14431
    endloop
  endfacet
  facet normal 0.187448 -0.845694 0.499665
    outer loop
      vertex 18.8185 -11.9788 6.8403
      vertex 19.4407 -11.5397 7.35007
      vertex 18.7423 -11.6945 7.35007
    endloop
  endfacet
  facet normal 0.187448 -0.845694 0.499665
    outer loop
      vertex 19.4407 -11.5397 7.35007
      vertex 18.8185 -11.9788 6.8403
      vertex 19.5169 -11.824 6.8403
    endloop
  endfacet
  facet normal 0.171745 -0.774849 0.608369
    outer loop
      vertex 18.7423 -11.6945 7.35007
      vertex 19.348 -11.1936 7.81705
      vertex 18.6496 -11.3484 7.81705
    endloop
  endfacet
  facet normal 0.171745 -0.774849 0.608369
    outer loop
      vertex 19.348 -11.1936 7.81705
      vertex 18.7423 -11.6945 7.35007
      vertex 19.4407 -11.5397 7.35007
    endloop
  endfacet
  facet normal 0.0255206 0.128286 0.991409
    outer loop
      vertex 17.8885 8.95081 9.26353
      vertex 17.8501 8.3647 9.34036
      vertex 18.0011 8.92841 9.26353
    endloop
  endfacet
  facet normal -0.108753 0.0726692 0.991409
    outer loop
      vertex -23.7635 5.24275 9.26353
      vertex -23.8273 5.14727 9.26353
      vertex -23.3005 4.88748 9.34036
    endloop
  endfacet
  facet normal 0.017037 0.129406 0.991445
    outer loop
      vertex 17.1793 9.04418 9.26353
      vertex 17.8123 8.37221 9.34036
      vertex 17.8885 8.95081 9.26353
    endloop
  endfacet
  facet normal 0.017037 0.129406 0.991445
    outer loop
      vertex 17.8123 8.37221 9.34036
      vertex 17.1793 9.04418 9.26353
      vertex 17.1031 8.46558 9.34036
    endloop
  endfacet
  facet normal -0.0882713 0.0963279 0.991428
    outer loop
      vertex -22.2416 6.90733 9.26353
      vertex -22.3564 6.01138 9.34036
      vertex -21.829 6.49467 9.34036
    endloop
  endfacet
  facet normal -0.0882713 0.0963279 0.991428
    outer loop
      vertex -22.3564 6.01138 9.34036
      vertex -22.2416 6.90733 9.26353
      vertex -22.769 6.42404 9.26353
    endloop
  endfacet
  facet normal -0.0437527 0.999042 0
    outer loop
      vertex -16.35 12.6954 4.95
      vertex -17.0647 12.6641 5.14431
      vertex -16.35 12.6954 5.14431
    endloop
  endfacet
  facet normal -0.0437527 0.999042 0
    outer loop
      vertex -17.0647 12.6641 5.14431
      vertex -16.35 12.6954 4.95
      vertex -17.0647 12.6641 4.95
    endloop
  endfacet
  facet normal -0.278185 0.416481 0.865539
    outer loop
      vertex -22.3033 8.88715 8.59161
      vertex -22.5753 8.70547 8.59161
      vertex -22.0485 8.44568 8.88593
    endloop
  endfacet
  facet normal -0.232973 0.303608 0.923875
    outer loop
      vertex -22.2649 8.30104 8.88593
      vertex -22.5014 7.43413 9.11118
      vertex -21.9339 7.8696 9.11118
    endloop
  endfacet
  facet normal -0.232925 0.303599 0.92389
    outer loop
      vertex -22.5014 7.43413 9.11118
      vertex -22.2649 8.30104 8.88593
      vertex -22.8325 7.86557 8.88593
    endloop
  endfacet
  facet normal -0.254358 -0.0505871 0.965786
    outer loop
      vertex -25.2958 -1.5435 9.26353
      vertex -25.8226 -1.80328 9.11118
      vertex -25.2734 -1.65613 9.26353
    endloop
  endfacet
  facet normal -0.0794665 0.103558 0.991444
    outer loop
      vertex -21.5877 7.41852 9.26353
      vertex -21.8 6.52005 9.34036
      vertex -21.2325 6.95553 9.34036
    endloop
  endfacet
  facet normal -0.0794474 0.103553 0.991446
    outer loop
      vertex -21.8 6.52005 9.34036
      vertex -21.5877 7.41852 9.26353
      vertex -22.1553 6.98305 9.26353
    endloop
  endfacet
  facet normal -0.017037 0.129406 0.991445
    outer loop
      vertex -17.1793 9.04418 9.26353
      vertex -17.8123 8.37221 9.34036
      vertex -17.1031 8.46558 9.34036
    endloop
  endfacet
  facet normal -0.017037 0.129406 0.991445
    outer loop
      vertex -17.8123 8.37221 9.34036
      vertex -17.1793 9.04418 9.26353
      vertex -17.8885 8.95081 9.26353
    endloop
  endfacet
  facet normal 0.0605158 0.922161 0.382043
    outer loop
      vertex 17.0647 12.435 6.29648
      vertex 17.0647 12.2097 6.8403
      vertex 17.6209 12.3985 6.29648
    endloop
  endfacet
  facet normal 0.0377796 0.865419 0.499623
    outer loop
      vertex 17.0647 12.2097 6.8403
      vertex 16.35 11.9466 7.35007
      vertex 17.0647 11.9154 7.35007
    endloop
  endfacet
  facet normal 0.0377796 0.865419 0.499623
    outer loop
      vertex 16.35 11.9466 7.35007
      vertex 17.0647 12.2097 6.8403
      vertex 16.35 12.2409 6.8403
    endloop
  endfacet
  facet normal 0.0519225 0.792305 0.607912
    outer loop
      vertex 17.0647 11.9154 7.35007
      vertex 17.0647 11.5571 7.81705
      vertex 17.553 11.8834 7.35007
    endloop
  endfacet
  facet normal -0.199951 0.902104 0.382397
    outer loop
      vertex -18.8768 12.1964 6.29648
      vertex -19.5169 11.824 6.8403
      vertex -18.8185 11.9788 6.8403
    endloop
  endfacet
  facet normal -0.199951 0.902104 0.382397
    outer loop
      vertex -19.5169 11.824 6.8403
      vertex -18.8768 12.1964 6.29648
      vertex -19.5752 12.0416 6.29648
    endloop
  endfacet
  facet normal -0.29049 0.921303 0.258489
    outer loop
      vertex -19.6146 12.1887 5.72791
      vertex -20.2574 11.8265 6.29648
      vertex -19.5752 12.0416 6.29648
    endloop
  endfacet
  facet normal -0.290447 0.921303 0.258537
    outer loop
      vertex -20.2574 11.8265 6.29648
      vertex -19.6146 12.1887 5.72791
      vertex -20.2969 11.9736 5.72791
    endloop
  endfacet
  facet normal -0.277855 0.881232 0.382397
    outer loop
      vertex -19.5752 12.0416 6.29648
      vertex -20.1991 11.6089 6.8403
      vertex -19.5169 11.824 6.8403
    endloop
  endfacet
  facet normal -0.277855 0.881232 0.382397
    outer loop
      vertex -20.1991 11.6089 6.8403
      vertex -19.5752 12.0416 6.29648
      vertex -20.2574 11.8265 6.29648
    endloop
  endfacet
  facet normal -0.052027 0.792246 0.60798
    outer loop
      vertex -17.0647 11.5571 7.81705
      vertex -17.553 11.8834 7.35007
      vertex -17.5063 11.5281 7.81705
    endloop
  endfacet
  facet normal -0.180305 0.906428 0.38194
    outer loop
      vertex -18.3301 12.3051 6.29648
      vertex -18.8185 11.9788 6.8403
      vertex -18.3007 12.0818 6.8403
    endloop
  endfacet
  facet normal -0.427191 0.866512 0.258195
    outer loop
      vertex -21.4461 11.3735 6.29648
      vertex -22.0222 11.2589 5.72791
      vertex -21.9461 11.127 6.29648
    endloop
  endfacet
  facet normal -0.513324 0.768494 0.381989
    outer loop
      vertex -23.1839 10.4123 6.29648
      vertex -23.6474 10.1027 6.29648
      vertex -23.0713 10.2172 6.8403
    endloop
  endfacet
  facet normal -0.351115 0.712097 0.607977
    outer loop
      vertex -21.2473 10.8935 7.35007
      vertex -21.5071 10.3667 7.81705
      vertex -21.1102 10.5624 7.81705
    endloop
  endfacet
  facet normal -0.536821 0.803223 0.258179
    outer loop
      vertex -23.2601 10.5443 5.72791
      vertex -23.7401 10.2235 5.72791
      vertex -23.6474 10.1027 6.29648
    endloop
  endfacet
  facet normal -0.310619 0.914787 0.258226
    outer loop
      vertex -20.2969 11.9736 5.72791
      vertex -20.8435 11.788 5.72791
      vertex -20.7852 11.6473 6.29648
    endloop
  endfacet
  facet normal -0.379345 0.915999 0.130549
    outer loop
      vertex -20.8729 11.859 5.14431
      vertex -21.5044 11.5143 5.72791
      vertex -20.8435 11.788 5.72791
    endloop
  endfacet
  facet normal -0.379345 0.915999 0.130549
    outer loop
      vertex -21.5044 11.5143 5.72791
      vertex -20.8729 11.859 5.14431
      vertex -21.5338 11.5853 5.14431
    endloop
  endfacet
  facet normal -0.331468 0.800099 0.499971
    outer loop
      vertex -20.699 11.4392 6.8403
      vertex -21.2473 10.8935 7.35007
      vertex -20.5864 11.1673 7.35007
    endloop
  endfacet
  facet normal -0.331468 0.800099 0.499971
    outer loop
      vertex -21.2473 10.8935 7.35007
      vertex -20.699 11.4392 6.8403
      vertex -21.3599 11.1654 6.8403
    endloop
  endfacet
  facet normal -0.032623 0.499761 0.865549
    outer loop
      vertex -17.0647 10.6738 8.59161
      vertex -17.391 10.6525 8.59161
      vertex -17.3245 10.1471 8.88593
    endloop
  endfacet
  facet normal -0.441189 0.660159 0.6079
    outer loop
      vertex -22.9241 9.96236 7.35007
      vertex -23.1129 9.40617 7.81705
      vertex -22.745 9.65204 7.81705
    endloop
  endfacet
  facet normal -0.636959 0.726354 0.25825
    outer loop
      vertex -24.3076 9.78805 5.72791
      vertex -24.634 9.29967 6.29648
      vertex -24.2149 9.66719 6.29648
    endloop
  endfacet
  facet normal -0.338575 0.506893 0.792733
    outer loop
      vertex -22.5368 9.29158 8.23328
      vertex -22.5753 8.70547 8.59161
      vertex -22.3033 8.88715 8.59161
    endloop
  endfacet
  facet normal 0.0308512 0.706711 0.70683
    outer loop
      vertex 17.0647 11.5571 7.81705
      vertex 16.35 11.172 8.23328
      vertex 17.0647 11.1408 8.23328
    endloop
  endfacet
  facet normal 0.0308512 0.706711 0.70683
    outer loop
      vertex 16.35 11.172 8.23328
      vertex 17.0647 11.5571 7.81705
      vertex 16.35 11.5883 7.81705
    endloop
  endfacet
  facet normal 0.0250315 0.38254 0.9236
    outer loop
      vertex 17.0647 10.1641 8.88593
      vertex 17.0647 9.62026 9.11118
      vertex 17.3245 10.1471 8.88593
    endloop
  endfacet
  facet normal 0.238697 0.757039 0.608207
    outer loop
      vertex 20.05 11.0523 7.71742
      vertex 19.348 11.1936 7.81705
      vertex 20.0302 10.9785 7.81705
    endloop
  endfacet
  facet normal 0.238629 0.756881 0.60843
    outer loop
      vertex 19.4407 11.5397 7.35007
      vertex 20.05 11.0523 7.71742
      vertex 20.05 11.3476 7.35007
    endloop
  endfacet
  facet normal 0.238694 0.756913 0.608365
    outer loop
      vertex 20.05 11.0523 7.71742
      vertex 19.4407 11.5397 7.35007
      vertex 19.348 11.1936 7.81705
    endloop
  endfacet
  facet normal 0.230116 0.670043 0.705754
    outer loop
      vertex 20.05 10.9717 7.81705
      vertex 20.0302 10.9785 7.81705
      vertex 20.05 10.9383 7.84876
    endloop
  endfacet
  facet normal 0.169081 0.849833 0.499194
    outer loop
      vertex 18.3007 12.0818 6.8403
      vertex 18.2623 11.79 7.35007
      vertex 18.7423 11.6945 7.35007
    endloop
  endfacet
  facet normal 0.209172 0.943096 0.258492
    outer loop
      vertex 18.9162 12.3436 5.72791
      vertex 19.5752 12.0416 6.29648
      vertex 19.6146 12.1887 5.72791
    endloop
  endfacet
  facet normal 0.209034 0.943084 0.258645
    outer loop
      vertex 19.5752 12.0416 6.29648
      vertex 18.9162 12.3436 5.72791
      vertex 18.8768 12.1964 6.29648
    endloop
  endfacet
  facet normal 0.188428 0.947494 0.258359
    outer loop
      vertex 18.9162 12.3436 5.72791
      vertex 18.35 12.4562 5.72791
      vertex 18.8768 12.1964 6.29648
    endloop
  endfacet
  facet normal 0.290525 0.921302 0.258451
    outer loop
      vertex 19.6146 12.1887 5.72791
      vertex 20.05 11.8919 6.29648
      vertex 20.05 12.0514 5.72791
    endloop
  endfacet
  facet normal 0.290479 0.921306 0.258489
    outer loop
      vertex 20.05 11.8919 6.29648
      vertex 19.6146 12.1887 5.72791
      vertex 19.5752 12.0416 6.29648
    endloop
  endfacet
  facet normal 0.195101 0.980783 -0
    outer loop
      vertex 18.9361 12.4178 4.95
      vertex 18.36 12.5324 5.14431
      vertex 18.9361 12.4178 5.14431
    endloop
  endfacet
  facet normal 0.195101 0.980783 0
    outer loop
      vertex 18.36 12.5324 5.14431
      vertex 18.9361 12.4178 4.95
      vertex 18.36 12.5324 4.95
    endloop
  endfacet
  facet normal 0.0779042 0.247054 0.965865
    outer loop
      vertex 18.6995 8.77357 9.26353
      vertex 19.5289 9.10765 9.11118
      vertex 18.8467 9.32277 9.11118
    endloop
  endfacet
  facet normal 0.0778954 0.247074 0.965861
    outer loop
      vertex 19.5289 9.10765 9.11118
      vertex 18.6995 8.77357 9.26353
      vertex 19.3818 8.55846 9.26353
    endloop
  endfacet
  facet normal 0.00856535 0.13052 0.991409
    outer loop
      vertex 17.0647 9.05169 9.26353
      vertex 17.0647 8.4681 9.34036
      vertex 17.1031 8.46558 9.34036
    endloop
  endfacet
  facet normal 0.123207 0.363018 0.9236
    outer loop
      vertex 19.6697 9.63295 8.88593
      vertex 19.5289 9.10765 9.11118
      vertex 19.7081 9.04683 9.11118
    endloop
  endfacet
  facet normal 0.0977337 0.49117 0.865564
    outer loop
      vertex 18.421 10.4953 8.59161
      vertex 18.0337 10.0537 8.88593
      vertex 18.289 10.0029 8.88593
    endloop
  endfacet
  facet normal -0.843364 0.537342 0
    outer loop
      vertex -27.3402 6.35018 4.95
      vertex -26.9558 6.9535 5.14431
      vertex -26.9558 6.9535 4.95
    endloop
  endfacet
  facet normal -0.843364 0.537342 0
    outer loop
      vertex -26.9558 6.9535 5.14431
      vertex -27.3402 6.35018 4.95
      vertex -27.3402 6.35018 5.14431
    endloop
  endfacet
  facet normal -0.636932 -0.726368 0.258278
    outer loop
      vertex -24.634 -9.29967 6.29648
      vertex -24.7417 -9.4074 5.72791
      vertex -24.3076 -9.78805 5.72791
    endloop
  endfacet
  facet normal -0.536821 -0.803223 0.258179
    outer loop
      vertex -23.6474 -10.1027 6.29648
      vertex -23.7401 -10.2235 5.72791
      vertex -23.2601 -10.5443 5.72791
    endloop
  endfacet
  facet normal -0.043241 -0.990525 0.13035
    outer loop
      vertex -17.0647 -12.6641 5.14431
      vertex -16.35 -12.6185 5.72791
      vertex -17.0647 -12.5873 5.72791
    endloop
  endfacet
  facet normal -0.0433784 -0.990497 0.130516
    outer loop
      vertex -16.35 -12.6185 5.72791
      vertex -17.0647 -12.6641 5.14431
      vertex -16.35 -12.6954 5.14431
    endloop
  endfacet
  facet normal -0.0437527 -0.999042 0
    outer loop
      vertex -17.0647 -12.6641 4.95
      vertex -16.35 -12.6954 5.14431
      vertex -17.0647 -12.6641 5.14431
    endloop
  endfacet
  facet normal -0.0437527 -0.999042 -0
    outer loop
      vertex -16.35 -12.6954 5.14431
      vertex -17.0647 -12.6641 4.95
      vertex -16.35 -12.6954 4.95
    endloop
  endfacet
  facet normal -0.793346 -0.608771 0
    outer loop
      vertex -26.194 -8.00941 4.95
      vertex -26.6295 -7.44187 5.14431
      vertex -26.6295 -7.44187 4.95
    endloop
  endfacet
  facet normal -0.793346 -0.608771 0
    outer loop
      vertex -26.6295 -7.44187 5.14431
      vertex -26.194 -8.00941 4.95
      vertex -26.194 -8.00941 5.14431
    endloop
  endfacet
  facet normal -0.60879 -0.793332 0
    outer loop
      vertex -24.3544 -9.84901 5.05
      vertex -23.7869 -10.2845 5.14431
      vertex -24.3544 -9.84901 5.14431
    endloop
  endfacet
  facet normal -0.60879 -0.793332 -0
    outer loop
      vertex -23.7869 -10.2845 5.14431
      vertex -24.3544 -9.84901 5.05
      vertex -23.7869 -10.2845 5.05
    endloop
  endfacet
  facet normal -0.603579 -0.786541 0.13056
    outer loop
      vertex -23.7869 -10.2845 5.14431
      vertex -24.3076 -9.78805 5.72791
      vertex -24.3544 -9.84901 5.14431
    endloop
  endfacet
  facet normal -0.603539 -0.786562 0.130613
    outer loop
      vertex -24.3076 -9.78805 5.72791
      vertex -23.7869 -10.2845 5.14431
      vertex -23.7401 -10.2235 5.72791
    endloop
  endfacet
  facet normal -0.659353 -0.751834 0
    outer loop
      vertex -24.796 -9.46173 5.05
      vertex -24.3544 -9.84901 5.14431
      vertex -24.796 -9.46173 5.14431
    endloop
  endfacet
  facet normal -0.659353 -0.751834 -0
    outer loop
      vertex -24.3544 -9.84901 5.14431
      vertex -24.796 -9.46173 5.05
      vertex -24.3544 -9.84901 5.05
    endloop
  endfacet
  facet normal -0.777134 -0.383249 0.499182
    outer loop
      vertex -27.2385 -4.90231 7.35007
      vertex -27.5104 -5.01494 6.8403
      vertex -27.2769 -5.48842 6.8403
    endloop
  endfacet
  facet normal -0.687102 -0.527245 0.499904
    outer loop
      vertex -26.2689 -7.16523 6.8403
      vertex -25.6 -7.5536 7.35007
      vertex -26.0355 -6.98606 7.35007
    endloop
  endfacet
  facet normal -0.687114 -0.527133 0.500005
    outer loop
      vertex -25.6 -7.5536 7.35007
      vertex -26.2689 -7.16523 6.8403
      vertex -25.8335 -7.73277 6.8403
    endloop
  endfacet
  facet normal -0.268844 -0.422043 0.865796
    outer loop
      vertex -22.3033 -8.88715 8.59161
      vertex -21.4451 -8.83005 8.88593
      vertex -22.0485 -8.44568 8.88593
    endloop
  endfacet
  facet normal -0.268856 -0.421991 0.865818
    outer loop
      vertex -21.4451 -8.83005 8.88593
      vertex -22.3033 -8.88715 8.59161
      vertex -21.7 -9.27152 8.59161
    endloop
  endfacet
  facet normal -0.681239 0.624252 0.382392
    outer loop
      vertex -25.6447 8.28896 6.29648
      vertex -25.0021 8.6571 6.8403
      vertex -25.1614 8.81638 6.29648
    endloop
  endfacet
  facet normal -0.681239 0.624252 0.382392
    outer loop
      vertex -25.0021 8.6571 6.8403
      vertex -25.6447 8.28896 6.29648
      vertex -25.4854 8.12968 6.8403
    endloop
  endfacet
  facet normal -0.669837 0.730973 0.130373
    outer loop
      vertex -24.796 9.46173 5.14431
      vertex -25.2691 8.92411 5.72791
      vertex -24.7417 9.4074 5.72791
    endloop
  endfacet
  facet normal -0.669837 0.730973 0.130373
    outer loop
      vertex -25.2691 8.92411 5.72791
      vertex -24.796 9.46173 5.14431
      vertex -25.3234 8.97844 5.14431
    endloop
  endfacet
  facet normal -0.730979 0.669831 0.13037
    outer loop
      vertex -25.8067 8.45102 5.14431
      vertex -25.2691 8.92411 5.72791
      vertex -25.3234 8.97844 5.14431
    endloop
  endfacet
  facet normal -0.730979 0.669831 0.13037
    outer loop
      vertex -25.2691 8.92411 5.72791
      vertex -25.8067 8.45102 5.14431
      vertex -25.7524 8.39669 5.72791
    endloop
  endfacet
  facet normal -0.634956 0.313018 0.706293
    outer loop
      vertex -26.3513 4.95399 8.23328
      vertex -26.7117 5.1621 7.81705
      vertex -26.5229 4.6059 8.23328
    endloop
  endfacet
  facet normal -0.779267 0.496503 0.382399
    outer loop
      vertex -27.1417 6.23559 6.29648
      vertex -26.5622 6.72628 6.8403
      vertex -26.7573 6.83891 6.29648
    endloop
  endfacet
  facet normal -0.779267 0.496503 0.382399
    outer loop
      vertex -26.5622 6.72628 6.8403
      vertex -27.1417 6.23559 6.29648
      vertex -26.9466 6.12296 6.8403
    endloop
  endfacet
  facet normal -0.546703 0.269511 0.792767
    outer loop
      vertex -26.3513 4.95399 8.23328
      vertex -26.5229 4.6059 8.23328
      vertex -25.9468 4.72049 8.59161
    endloop
  endfacet
  facet normal -0.712094 0.351095 0.607992
    outer loop
      vertex -26.7117 5.1621 7.81705
      vertex -27.2385 4.90231 7.35007
      vertex -26.9074 4.76518 7.81705
    endloop
  endfacet
  facet normal -0.892396 -0.369705 0.258744
    outer loop
      vertex -28.133 -4.49854 5.72791
      vertex -27.7185 -5.10114 6.29648
      vertex -27.9923 -4.44024 6.29648
    endloop
  endfacet
  facet normal -0.892407 -0.369575 0.25889
    outer loop
      vertex -27.7185 -5.10114 6.29648
      vertex -28.133 -4.49854 5.72791
      vertex -27.8593 -5.15944 5.72791
    endloop
  endfacet
  facet normal -0.766368 0.587935 0.258868
    outer loop
      vertex -26.5685 7.3951 5.72791
      vertex -26.0122 7.86989 6.29648
      vertex -26.1331 7.96264 5.72791
    endloop
  endfacet
  facet normal -0.766326 0.588048 0.258733
    outer loop
      vertex -26.0122 7.86989 6.29648
      vertex -26.5685 7.3951 5.72791
      vertex -26.4477 7.30236 6.29648
    endloop
  endfacet
  facet normal -0.856863 0.446034 0.258534
    outer loop
      vertex -27.6039 5.67723 5.72791
      vertex -27.1417 6.23559 6.29648
      vertex -27.2736 6.31176 5.72791
    endloop
  endfacet
  facet normal -0.856864 0.446027 0.258541
    outer loop
      vertex -27.1417 6.23559 6.29648
      vertex -27.6039 5.67723 5.72791
      vertex -27.472 5.60105 6.29648
    endloop
  endfacet
  facet normal -0.947493 0.188396 0.258388
    outer loop
      vertex -28.5414 2.53179 6.29648
      vertex -28.8012 2.00499 5.72791
      vertex -28.6501 1.98511 6.29648
    endloop
  endfacet
  facet normal -0.786566 0.603569 0.13045
    outer loop
      vertex -26.6295 7.44187 5.14431
      vertex -26.1331 7.96264 5.72791
      vertex -26.194 8.00941 5.14431
    endloop
  endfacet
  facet normal -0.78662 0.603471 0.130583
    outer loop
      vertex -26.1331 7.96264 5.72791
      vertex -26.6295 7.44187 5.14431
      vertex -26.5685 7.3951 5.72791
    endloop
  endfacet
  facet normal -0.824394 0.550812 0.130311
    outer loop
      vertex -26.6295 7.44187 5.14431
      vertex -26.9558 6.9535 5.14431
      vertex -26.5685 7.3951 5.72791
    endloop
  endfacet
  facet normal -0.596937 0.523498 0.60796
    outer loop
      vertex -25.2773 7.92157 7.35007
      vertex -25.6 7.5536 7.35007
      vertex -25.3157 7.33546 7.81705
    endloop
  endfacet
  facet normal -0.562464 0.232934 0.793332
    outer loop
      vertex -26.5229 4.6059 8.23328
      vertex -26.3652 3.76629 8.59161
      vertex -26.0915 4.42719 8.59161
    endloop
  endfacet
  facet normal -0.562364 0.232978 0.79339
    outer loop
      vertex -26.3652 3.76629 8.59161
      vertex -26.5229 4.6059 8.23328
      vertex -26.7967 3.945 8.23328
    endloop
  endfacet
  facet normal -0.482944 0.370592 0.793364
    outer loop
      vertex -24.9855 7.08208 8.23328
      vertex -25.0505 6.23026 8.59161
      vertex -24.615 6.79779 8.59161
    endloop
  endfacet
  facet normal -0.482951 0.370591 0.79336
    outer loop
      vertex -25.0505 6.23026 8.59161
      vertex -24.9855 7.08208 8.23328
      vertex -25.421 6.51454 8.23328
    endloop
  endfacet
  facet normal -0.596931 0.523501 0.607964
    outer loop
      vertex -25.2773 7.92157 7.35007
      vertex -25.3157 7.33546 7.81705
      vertex -25.0239 7.66819 7.81705
    endloop
  endfacet
  facet normal -0.653687 -0.745477 0.130221
    outer loop
      vertex -24.7417 -9.4074 5.72791
      vertex -24.796 -9.46173 5.14431
      vertex -24.3076 -9.78805 5.72791
    endloop
  endfacet
  facet normal -0.585234 -0.638648 0.49963
    outer loop
      vertex -24.4747 -9.14039 6.8403
      vertex -24.794 -8.44899 7.35007
      vertex -25.0021 -8.6571 6.8403
    endloop
  endfacet
  facet normal -0.585234 -0.638648 0.49963
    outer loop
      vertex -24.794 -8.44899 7.35007
      vertex -24.4747 -9.14039 6.8403
      vertex -24.2666 -8.93228 7.35007
    endloop
  endfacet
  facet normal -0.303636 -0.732917 0.6088
    outer loop
      vertex -20.5864 -11.1673 7.35007
      vertex -21.1102 -10.5624 7.81705
      vertex -21.2473 -10.8935 7.35007
    endloop
  endfacet
  facet normal -0.303636 -0.732917 0.6088
    outer loop
      vertex -21.1102 -10.5624 7.81705
      vertex -20.5864 -11.1673 7.35007
      vertex -20.4493 -10.8362 7.81705
    endloop
  endfacet
  facet normal -0.441189 -0.660159 0.6079
    outer loop
      vertex -22.745 -9.65204 7.81705
      vertex -23.1129 -9.40617 7.81705
      vertex -22.9241 -9.96236 7.35007
    endloop
  endfacet
  facet normal -0.255273 -0.751826 0.607941
    outer loop
      vertex -20.0302 -10.9785 7.81705
      vertex -20.4493 -10.8362 7.81705
      vertex -20.123 -11.3246 7.35007
    endloop
  endfacet
  facet normal -0.227443 -0.67029 0.706386
    outer loop
      vertex -19.9225 -10.5764 8.23328
      vertex -20.29 -10.4517 8.23328
      vertex -20.0302 -10.9785 7.81705
    endloop
  endfacet
  facet normal -0.674666 -0.212706 0.706811
    outer loop
      vertex -27.1365 -2.89523 8.23328
      vertex -27.3235 -3.68521 7.81705
      vertex -26.9214 -3.57749 8.23328
    endloop
  endfacet
  facet normal -0.674663 -0.212708 0.706813
    outer loop
      vertex -27.3235 -3.68521 7.81705
      vertex -27.1365 -2.89523 8.23328
      vertex -27.5386 -3.00296 7.81705
    endloop
  endfacet
  facet normal -0.491184 -0.0977174 0.865557
    outer loop
      vertex -26.3987 -1.68869 8.88593
      vertex -26.8403 -2.07597 8.59161
      vertex -26.3479 -1.94404 8.88593
    endloop
  endfacet
  facet normal -0.778755 -0.154836 0.60792
    outer loop
      vertex -27.7797 -1.87052 7.81705
      vertex -28.0395 -2.39731 7.35007
      vertex -27.6934 -2.30457 7.81705
    endloop
  endfacet
  facet normal -1 0 0
    outer loop
      vertex -29.0404 -0.00498962 4.95
      vertex -29.0404 0.00498962 5.14431
      vertex -29.0404 0.00498962 4.95
    endloop
  endfacet
  facet normal -1 -0 0
    outer loop
      vertex -29.0404 0.00498962 5.14431
      vertex -29.0404 -0.00498962 4.95
      vertex -29.0404 -0.00498962 5.14431
    endloop
  endfacet
  facet normal -0.792242 -0.0520263 0.607985
    outer loop
      vertex -27.9021 -0.719666 7.81705
      vertex -28.2284 -1.20804 7.35007
      vertex -27.8731 -1.16127 7.81705
    endloop
  endfacet
  facet normal -0.972421 -0.193444 0.130293
    outer loop
      vertex -28.8012 -2.00499 5.72791
      vertex -28.8774 -2.01502 5.14431
      vertex -28.7628 -2.5911 5.14431
    endloop
  endfacet
  facet normal -0.706398 -0.046389 0.706293
    outer loop
      vertex -27.4605 -1.10694 8.23328
      vertex -27.9021 -0.719666 7.81705
      vertex -27.8731 -1.16127 7.81705
    endloop
  endfacet
  facet normal -0.130521 0.00854274 0.991409
    outer loop
      vertex -25.3892 0.834255 9.26353
      vertex -25.3967 0.719666 9.26353
      vertex -24.8106 0.75808 9.34036
    endloop
  endfacet
  facet normal -0.66018 0.440993 0.608019
    outer loop
      vertex -25.7512 6.76792 7.81705
      vertex -26.3074 6.57912 7.35007
      vertex -25.997 6.39995 7.81705
    endloop
  endfacet
  facet normal -0.864647 0.0566262 0.499178
    outer loop
      vertex -28.5202 1.24646 6.8403
      vertex -28.5547 0.719666 6.8403
      vertex -28.2604 0.719666 7.35007
    endloop
  endfacet
  facet normal -0.0560718 0.25291 0.965864
    outer loop
      vertex -18.1483 9.4776 9.11118
      vertex -18.6995 8.77357 9.26353
      vertex -18.0011 8.92841 9.26353
    endloop
  endfacet
  facet normal -0.0560675 0.252907 0.965865
    outer loop
      vertex -18.6995 8.77357 9.26353
      vertex -18.1483 9.4776 9.11118
      vertex -18.8467 9.32277 9.11118
    endloop
  endfacet
  facet normal -0.40191 0.458312 0.792729
    outer loop
      vertex -23.4271 8.64048 8.23328
      vertex -23.7189 8.38459 8.23328
      vertex -23.1428 8.27 8.59161
    endloop
  endfacet
  facet normal -0.304335 0.396676 0.866042
    outer loop
      vertex -22.5753 8.70547 8.59161
      vertex -22.8325 7.86557 8.88593
      vertex -22.2649 8.30104 8.88593
    endloop
  endfacet
  facet normal -0.304396 0.396686 0.866016
    outer loop
      vertex -22.8325 7.86557 8.88593
      vertex -22.5753 8.70547 8.59161
      vertex -23.1428 8.27 8.59161
    endloop
  endfacet
  facet normal -0.169552 0.343846 0.923592
    outer loop
      vertex -20.5771 9.2755 8.88593
      vertex -20.8106 9.16036 8.88593
      vertex -20.369 8.77308 9.11118
    endloop
  endfacet
  facet normal -0.477967 0.521581 0.706754
    outer loop
      vertex -24.0132 8.6789 7.81705
      vertex -24.2463 7.90129 8.23328
      vertex -23.7189 8.38459 8.23328
    endloop
  endfacet
  facet normal -0.477958 0.521581 0.70676
    outer loop
      vertex -24.2463 7.90129 8.23328
      vertex -24.0132 8.6789 7.81705
      vertex -24.5406 8.19561 7.81705
    endloop
  endfacet
  facet normal -0.269616 0.546725 0.792716
    outer loop
      vertex -20.9509 10.1779 8.23328
      vertex -21.0655 9.60183 8.59161
      vertex -20.7722 9.74647 8.59161
    endloop
  endfacet
  facet normal -0.532663 0.83621 0.130476
    outer loop
      vertex -22.6952 10.9952 5.14431
      vertex -23.2601 10.5443 5.72791
      vertex -22.6568 10.9286 5.72791
    endloop
  endfacet
  facet normal -0.532771 0.836163 0.130335
    outer loop
      vertex -23.2601 10.5443 5.72791
      vertex -22.6952 10.9952 5.14431
      vertex -23.2985 10.6108 5.14431
    endloop
  endfacet
  facet normal -0.751824 0.659364 0
    outer loop
      vertex -26.194 8.00941 4.95
      vertex -25.8067 8.45102 5.14431
      vertex -25.8067 8.45102 4.95
    endloop
  endfacet
  facet normal -0.751824 0.659364 0
    outer loop
      vertex -25.8067 8.45102 5.14431
      vertex -26.194 8.00941 4.95
      vertex -26.194 8.00941 5.14431
    endloop
  endfacet
  facet normal -0.0605158 0.922161 0.382043
    outer loop
      vertex -17.0647 12.435 6.29648
      vertex -17.6209 12.3985 6.29648
      vertex -17.0647 12.2097 6.8403
    endloop
  endfacet
  facet normal -0.0346138 0.7929 0.608368
    outer loop
      vertex -16.35 11.9466 7.35007
      vertex -17.0647 11.5571 7.81705
      vertex -16.35 11.5883 7.81705
    endloop
  endfacet
  facet normal -0.0346138 0.7929 0.608368
    outer loop
      vertex -17.0647 11.5571 7.81705
      vertex -16.35 11.9466 7.35007
      vertex -17.0647 11.9154 7.35007
    endloop
  endfacet
  facet normal -0.169046 0.849826 0.499219
    outer loop
      vertex -18.3007 12.0818 6.8403
      vertex -18.8185 11.9788 6.8403
      vertex -18.7423 11.6945 7.35007
    endloop
  endfacet
  facet normal -0.169081 0.849833 0.499194
    outer loop
      vertex -18.3007 12.0818 6.8403
      vertex -18.7423 11.6945 7.35007
      vertex -18.2623 11.79 7.35007
    endloop
  endfacet
  facet normal -0 0.499983 0.866035
    outer loop
      vertex -16.35 10.7051 8.59161
      vertex 16.35 10.1953 8.88593
      vertex 16.35 10.7051 8.59161
    endloop
  endfacet
  facet normal 0 0.499983 0.866035
    outer loop
      vertex 16.35 10.1953 8.88593
      vertex -16.35 10.7051 8.59161
      vertex -16.35 10.1953 8.88593
    endloop
  endfacet
  facet normal -0.115159 0.365269 0.923752
    outer loop
      vertex -19.6697 9.63295 8.88593
      vertex -18.8467 9.32277 9.11118
      vertex -18.9874 9.84806 8.88593
    endloop
  endfacet
  facet normal -0.115172 0.365241 0.923761
    outer loop
      vertex -18.8467 9.32277 9.11118
      vertex -19.6697 9.63295 8.88593
      vertex -19.5289 9.10765 9.11118
    endloop
  endfacet
  facet normal -0.0578941 -0.117284 0.991409
    outer loop
      vertex -19.9626 -7.69159 9.34036
      vertex -20.2544 -8.197 9.26353
      vertex -19.9281 -7.70862 9.34036
    endloop
  endfacet
  facet normal -0.0603192 -0.115887 0.991429
    outer loop
      vertex -20.5972 -7.36128 9.34036
      vertex -20.2544 -8.197 9.26353
      vertex -19.9626 -7.69159 9.34036
    endloop
  endfacet
  facet normal -0.0603192 -0.115887 0.991429
    outer loop
      vertex -20.2544 -8.197 9.26353
      vertex -20.5972 -7.36128 9.34036
      vertex -20.889 -7.86669 9.26353
    endloop
  endfacet
  facet normal -0.213015 -0.318753 0.923591
    outer loop
      vertex -21.9339 -7.8696 9.11118
      vertex -22.0485 -8.44568 8.88593
      vertex -21.7766 -7.97472 9.11118
    endloop
  endfacet
  facet normal -0.0794665 -0.103558 0.991444
    outer loop
      vertex -21.8 -6.52005 9.34036
      vertex -21.5877 -7.41852 9.26353
      vertex -21.2325 -6.95553 9.34036
    endloop
  endfacet
  facet normal -0.0794474 -0.103553 0.991446
    outer loop
      vertex -21.5877 -7.41852 9.26353
      vertex -21.8 -6.52005 9.34036
      vertex -22.1553 -6.98305 9.26353
    endloop
  endfacet
  facet normal -0.608287 0.0397044 0.792724
    outer loop
      vertex -26.9975 1.04599 8.59161
      vertex -27.4605 1.10694 8.23328
      vertex -27.0188 0.719666 8.59161
    endloop
  endfacet
  facet normal -0.375986 -0.0747997 0.923601
    outer loop
      vertex -25.8595 -1.61771 9.11118
      vertex -26.3987 -1.68869 8.88593
      vertex -26.3479 -1.94404 8.88593
    endloop
  endfacet
  facet normal -0.338034 -0.368886 0.865827
    outer loop
      vertex -23.5556 -7.21062 8.88593
      vertex -23.3887 -8.05437 8.59161
      vertex -23.0282 -7.69391 8.88593
    endloop
  endfacet
  facet normal -0.338034 -0.368886 0.865827
    outer loop
      vertex -23.3887 -8.05437 8.59161
      vertex -23.5556 -7.21062 8.88593
      vertex -23.9161 -7.57108 8.59161
    endloop
  endfacet
  facet normal -0.25661 -0.0337927 0.965924
    outer loop
      vertex -25.3892 -0.834255 9.26353
      vertex -25.8595 -1.61771 9.11118
      vertex -25.2958 -1.5435 9.26353
    endloop
  endfacet
  facet normal -0.256609 -0.0337929 0.965924
    outer loop
      vertex -25.8595 -1.61771 9.11118
      vertex -25.3892 -0.834255 9.26353
      vertex -25.9529 -0.908468 9.11118
    endloop
  endfacet
  facet normal -0.258773 -0.016937 0.96579
    outer loop
      vertex -25.3967 -0.719666 9.26353
      vertex -25.9653 -0.719666 9.11118
      vertex -25.3892 -0.834255 9.26353
    endloop
  endfacet
  facet normal -0.245501 -0.0835346 0.96579
    outer loop
      vertex -24.9035 -3.03677 9.26353
      vertex -25.3918 -3.3631 9.11118
      vertex -24.8665 -3.14551 9.26353
    endloop
  endfacet
  facet normal -0.144094 -0.215621 0.965787
    outer loop
      vertex -21.4923 -7.48232 9.26353
      vertex -21.9339 -7.8696 9.11118
      vertex -21.7766 -7.97472 9.11118
    endloop
  endfacet
  facet normal -0.205764 -0.323017 0.923754
    outer loop
      vertex -22.0485 -8.44568 8.88593
      vertex -21.1732 -8.35909 9.11118
      vertex -21.7766 -7.97472 9.11118
    endloop
  endfacet
  facet normal -0.205764 -0.323017 0.923754
    outer loop
      vertex -21.1732 -8.35909 9.11118
      vertex -22.0485 -8.44568 8.88593
      vertex -21.4451 -8.83005 8.88593
    endloop
  endfacet
  facet normal -0.532205 -0.466744 0.706334
    outer loop
      vertex -24.9855 -7.08208 8.23328
      vertex -25.3157 -7.33546 7.81705
      vertex -24.7296 -7.37387 8.23328
    endloop
  endfacet
  facet normal -0.466764 -0.532188 0.706333
    outer loop
      vertex -23.7189 -8.38459 8.23328
      vertex -24.0132 -8.6789 7.81705
      vertex -23.6805 -8.9707 7.81705
    endloop
  endfacet
  facet normal -0.449094 -0.411526 0.79307
    outer loop
      vertex -24.7296 -7.37387 8.23328
      vertex -23.9161 -7.57108 8.59161
      vertex -24.3994 -7.04366 8.59161
    endloop
  endfacet
  facet normal -0.449094 -0.411526 0.79307
    outer loop
      vertex -23.9161 -7.57108 8.59161
      vertex -24.7296 -7.37387 8.23328
      vertex -24.2463 -7.90129 8.23328
    endloop
  endfacet
  facet normal -0.123837 -0.0421283 0.991408
    outer loop
      vertex -24.3398 -2.88573 9.34036
      vertex -24.9035 -3.03677 9.26353
      vertex -24.3274 -2.92218 9.34036
    endloop
  endfacet
  facet normal -0.128288 0.0255141 0.991409
    outer loop
      vertex -25.2734 1.65613 9.26353
      vertex -25.2958 1.5435 9.26353
      vertex -24.7097 1.50508 9.34036
    endloop
  endfacet
  facet normal -0.119605 -0.229788 0.965863
    outer loop
      vertex -20.889 -7.86669 9.26353
      vertex -20.5387 -8.68939 9.11118
      vertex -20.2544 -8.197 9.26353
    endloop
  endfacet
  facet normal -0.119624 -0.229796 0.965859
    outer loop
      vertex -20.5387 -8.68939 9.11118
      vertex -20.889 -7.86669 9.26353
      vertex -21.1732 -8.35909 9.11118
    endloop
  endfacet
  facet normal -0.245548 0.083462 0.965785
    outer loop
      vertex -25.3918 3.3631 9.11118
      vertex -25.4527 3.18393 9.11118
      vertex -24.9035 3.03677 9.26353
    endloop
  endfacet
  facet normal -0.14644 -0.353543 0.923884
    outer loop
      vertex -20.369 -8.77308 9.11118
      vertex -19.9162 -9.54926 8.88593
      vertex -19.7081 -9.04683 9.11118
    endloop
  endfacet
  facet normal -0.146447 -0.353546 0.923882
    outer loop
      vertex -19.9162 -9.54926 8.88593
      vertex -20.369 -8.77308 9.11118
      vertex -20.5771 -9.2755 8.88593
    endloop
  endfacet
  facet normal -0.0778954 -0.247074 0.965861
    outer loop
      vertex -19.5289 -9.10765 9.11118
      vertex -18.6995 -8.77357 9.26353
      vertex -19.3818 -8.55846 9.26353
    endloop
  endfacet
  facet normal -0.0779042 -0.247054 0.965865
    outer loop
      vertex -18.6995 -8.77357 9.26353
      vertex -19.5289 -9.10765 9.11118
      vertex -18.8467 -9.32277 9.11118
    endloop
  endfacet
  facet normal -0.0833528 -0.245591 0.965783
    outer loop
      vertex -19.3818 -8.55846 9.26353
      vertex -19.7081 -9.04683 9.11118
      vertex -19.5289 -9.10765 9.11118
    endloop
  endfacet
  facet normal -0.523528 -0.596908 0.607963
    outer loop
      vertex -24.0132 -8.6789 7.81705
      vertex -24.2666 -8.93228 7.35007
      vertex -23.6805 -8.9707 7.81705
    endloop
  endfacet
  facet normal -0.466708 -0.532203 0.706359
    outer loop
      vertex -23.4271 -8.64048 8.23328
      vertex -23.7189 -8.38459 8.23328
      vertex -23.6805 -8.9707 7.81705
    endloop
  endfacet
  facet normal -0.393274 -0.588552 0.706358
    outer loop
      vertex -22.8595 -9.07595 8.23328
      vertex -23.1129 -9.40617 7.81705
      vertex -22.5368 -9.29158 8.23328
    endloop
  endfacet
  facet normal -0.40191 -0.458312 0.792729
    outer loop
      vertex -23.1428 -8.27 8.59161
      vertex -23.7189 -8.38459 8.23328
      vertex -23.4271 -8.64048 8.23328
    endloop
  endfacet
  facet normal -0.169566 -0.343832 0.923594
    outer loop
      vertex -20.5387 -8.68939 9.11118
      vertex -20.8106 -9.16036 8.88593
      vertex -20.369 -8.77308 9.11118
    endloop
  endfacet
  facet normal -0.227595 -0.670311 0.706317
    outer loop
      vertex -20.29 -10.4517 8.23328
      vertex -20.4493 -10.8362 7.81705
      vertex -20.0302 -10.9785 7.81705
    endloop
  endfacet
  facet normal -0.270649 -0.653294 0.707075
    outer loop
      vertex -20.9509 -10.1779 8.23328
      vertex -20.4493 -10.8362 7.81705
      vertex -20.29 -10.4517 8.23328
    endloop
  endfacet
  facet normal -0.270649 -0.653294 0.707075
    outer loop
      vertex -20.4493 -10.8362 7.81705
      vertex -20.9509 -10.1779 8.23328
      vertex -21.1102 -10.5624 7.81705
    endloop
  endfacet
  facet normal -0.212696 -0.674674 0.706806
    outer loop
      vertex -20.0302 -10.9785 7.81705
      vertex -19.2402 -10.7915 8.23328
      vertex -19.9225 -10.5764 8.23328
    endloop
  endfacet
  facet normal -0.212717 -0.674642 0.706831
    outer loop
      vertex -19.2402 -10.7915 8.23328
      vertex -20.0302 -10.9785 7.81705
      vertex -19.348 -11.1936 7.81705
    endloop
  endfacet
  facet normal -0.123207 -0.363018 0.9236
    outer loop
      vertex -19.5289 -9.10765 9.11118
      vertex -19.7081 -9.04683 9.11118
      vertex -19.6697 -9.63295 8.88593
    endloop
  endfacet
  facet normal -0.0463891 -0.706394 0.706297
    outer loop
      vertex -17.4519 -11.1155 8.23328
      vertex -17.5063 -11.5281 7.81705
      vertex -17.0647 -11.5571 7.81705
    endloop
  endfacet
  facet normal -0.0169692 -0.258787 0.965785
    outer loop
      vertex -17.1793 -9.04418 9.26353
      vertex -17.2535 -9.60788 9.11118
      vertex -17.0647 -9.62026 9.11118
    endloop
  endfacet
  facet normal -0.0499403 -0.379367 0.923898
    outer loop
      vertex -17.9627 -9.51452 9.11118
      vertex -17.3245 -10.1471 8.88593
      vertex -17.2535 -9.60788 9.11118
    endloop
  endfacet
  facet normal -0.0499645 -0.379388 0.923888
    outer loop
      vertex -17.3245 -10.1471 8.88593
      vertex -17.9627 -9.51452 9.11118
      vertex -18.0337 -10.0537 8.88593
    endloop
  endfacet
  facet normal 0.118901 -0.597857 0.792735
    outer loop
      vertex 18.421 -10.4953 8.59161
      vertex 18.1002 -10.5591 8.59161
      vertex 18.1612 -11.0221 8.23328
    endloop
  endfacet
  facet normal 0.032623 -0.499761 0.865549
    outer loop
      vertex 17.3245 -10.1471 8.88593
      vertex 17.0647 -10.6738 8.59161
      vertex 17.391 -10.6525 8.59161
    endloop
  endfacet
  facet normal -0.0167026 -0.382607 0.92376
    outer loop
      vertex -17.0647 -10.1641 8.88593
      vertex -16.35 -9.65146 9.11118
      vertex -17.0647 -9.62026 9.11118
    endloop
  endfacet
  facet normal -0.0167026 -0.382607 0.92376
    outer loop
      vertex -16.35 -9.65146 9.11118
      vertex -17.0647 -10.1641 8.88593
      vertex -16.35 -10.1953 8.88593
    endloop
  endfacet
  facet normal -0.0976889 -0.4912 0.865551
    outer loop
      vertex -18.0337 -10.0537 8.88593
      vertex -18.421 -10.4953 8.59161
      vertex -18.1002 -10.5591 8.59161
    endloop
  endfacet
  facet normal -0.318693 -0.938863 0.130276
    outer loop
      vertex -20.8435 -11.788 5.72791
      vertex -20.8729 -11.859 5.14431
      vertex -20.3167 -12.0478 5.14431
    endloop
  endfacet
  facet normal -0.353607 -0.853538 0.382668
    outer loop
      vertex -20.7852 -11.6473 6.29648
      vertex -21.3599 -11.1654 6.8403
      vertex -21.4461 -11.3735 6.29648
    endloop
  endfacet
  facet normal -0.353607 -0.853538 0.382668
    outer loop
      vertex -21.3599 -11.1654 6.8403
      vertex -20.7852 -11.6473 6.29648
      vertex -20.699 -11.4392 6.8403
    endloop
  endfacet
  facet normal -0.277855 -0.881232 0.382397
    outer loop
      vertex -19.5752 -12.0416 6.29648
      vertex -20.1991 -11.6089 6.8403
      vertex -20.2574 -11.8265 6.29648
    endloop
  endfacet
  facet normal -0.277855 -0.881232 0.382397
    outer loop
      vertex -20.1991 -11.6089 6.8403
      vertex -19.5752 -12.0416 6.29648
      vertex -19.5169 -11.824 6.8403
    endloop
  endfacet
  facet normal -0.216531 -0.976276 0
    outer loop
      vertex -19.6345 -12.2629 4.95
      vertex -18.9361 -12.4178 5.14431
      vertex -19.6345 -12.2629 5.14431
    endloop
  endfacet
  facet normal -0.216531 -0.976276 -0
    outer loop
      vertex -18.9361 -12.4178 5.14431
      vertex -19.6345 -12.2629 4.95
      vertex -18.9361 -12.4178 4.95
    endloop
  endfacet
  facet normal -0.195101 -0.980783 0
    outer loop
      vertex -18.9361 -12.4178 4.95
      vertex -18.36 -12.5324 5.14431
      vertex -18.9361 -12.4178 5.14431
    endloop
  endfacet
  facet normal -0.195101 -0.980783 -0
    outer loop
      vertex -18.36 -12.5324 5.14431
      vertex -18.9361 -12.4178 4.95
      vertex -18.36 -12.5324 4.95
    endloop
  endfacet
  facet normal 0.0748158 -0.375994 0.923597
    outer loop
      vertex 18.289 -10.0029 8.88593
      vertex 17.9627 -9.51452 9.11118
      vertex 18.0337 -10.0537 8.88593
    endloop
  endfacet
  facet normal 0.0505972 -0.254356 0.965786
    outer loop
      vertex 18.1483 -9.4776 9.11118
      vertex 17.8885 -8.95081 9.26353
      vertex 17.9627 -9.51452 9.11118
    endloop
  endfacet
  facet normal 0.0420666 -0.123853 0.991409
    outer loop
      vertex 19.4905 -8.52154 9.26353
      vertex 19.2672 -7.98238 9.34036
      vertex 19.3818 -8.55846 9.26353
    endloop
  endfacet
  facet normal 0.0834038 -0.245558 0.965787
    outer loop
      vertex 19.4905 -8.52154 9.26353
      vertex 19.3818 -8.55846 9.26353
      vertex 19.7081 -9.04683 9.11118
    endloop
  endfacet
  facet normal 0.0794734 -0.603538 0.793364
    outer loop
      vertex 18.1002 -10.5591 8.59161
      vertex 17.4519 -11.1155 8.23328
      vertex 18.1612 -11.0221 8.23328
    endloop
  endfacet
  facet normal 0.0794858 -0.603547 0.793355
    outer loop
      vertex 17.4519 -11.1155 8.23328
      vertex 18.1002 -10.5591 8.59161
      vertex 17.391 -10.6525 8.59161
    endloop
  endfacet
  facet normal 0.0218246 -0.499938 0.865786
    outer loop
      vertex 16.35 -10.1953 8.88593
      vertex 17.0647 -10.6738 8.59161
      vertex 17.0647 -10.1641 8.88593
    endloop
  endfacet
  facet normal 0.0218913 -0.499863 0.865828
    outer loop
      vertex 17.0647 -10.6738 8.59161
      vertex 16.35 -10.1953 8.88593
      vertex 16.35 -10.7051 8.59161
    endloop
  endfacet
  facet normal 0.0327037 -0.499789 0.865529
    outer loop
      vertex 17.0647 -10.1641 8.88593
      vertex 17.0647 -10.6738 8.59161
      vertex 17.3245 -10.1471 8.88593
    endloop
  endfacet
  facet normal 0.0923351 -0.701114 0.707045
    outer loop
      vertex 18.1612 -11.0221 8.23328
      vertex 17.5063 -11.5281 7.81705
      vertex 18.2155 -11.4347 7.81705
    endloop
  endfacet
  facet normal 0.0923209 -0.701105 0.707056
    outer loop
      vertex 17.5063 -11.5281 7.81705
      vertex 18.1612 -11.0221 8.23328
      vertex 17.4519 -11.1155 8.23328
    endloop
  endfacet
  facet normal 0.0566621 -0.864629 0.499206
    outer loop
      vertex 17.553 -11.8834 7.35007
      vertex 17.0647 -11.9154 7.35007
      vertex 17.5915 -12.1752 6.8403
    endloop
  endfacet
  facet normal -0.0566255 -0.864647 0.499178
    outer loop
      vertex -17.0647 -11.9154 7.35007
      vertex -17.5915 -12.1752 6.8403
      vertex -17.0647 -12.2097 6.8403
    endloop
  endfacet
  facet normal 0.12325 -0.363019 0.923595
    outer loop
      vertex 19.7081 -9.04683 9.11118
      vertex 19.6697 -9.63295 8.88593
      vertex 19.9162 -9.54926 8.88593
    endloop
  endfacet
  facet normal 0.0828985 -0.37391 0.923753
    outer loop
      vertex 18.8467 -9.32277 9.11118
      vertex 18.289 -10.0029 8.88593
      vertex 18.9874 -9.84806 8.88593
    endloop
  endfacet
  facet normal 0.0828922 -0.373906 0.923755
    outer loop
      vertex 18.289 -10.0029 8.88593
      vertex 18.8467 -9.32277 9.11118
      vertex 18.1483 -9.4776 9.11118
    endloop
  endfacet
  facet normal 0.146442 -0.353541 0.923885
    outer loop
      vertex 19.7081 -9.04683 9.11118
      vertex 20.05 -9.49384 8.88593
      vertex 20.05 -8.90521 9.11118
    endloop
  endfacet
  facet normal 0.146438 -0.353544 0.923884
    outer loop
      vertex 20.05 -9.49384 8.88593
      vertex 19.7081 -9.04683 9.11118
      vertex 19.9162 -9.54926 8.88593
    endloop
  endfacet
  facet normal 0.0603955 -0.922212 0.381938
    outer loop
      vertex 17.5915 -12.1752 6.8403
      vertex 17.0647 -12.2097 6.8403
      vertex 17.6209 -12.3985 6.29648
    endloop
  endfacet
  facet normal 0.0605158 -0.922161 0.382043
    outer loop
      vertex 17.0647 -12.2097 6.8403
      vertex 17.0647 -12.435 6.29648
      vertex 17.6209 -12.3985 6.29648
    endloop
  endfacet
  facet normal 0.188389 -0.947492 0.258394
    outer loop
      vertex 18.8768 -12.1964 6.29648
      vertex 18.3301 -12.3051 6.29648
      vertex 18.35 -12.4562 5.72791
    endloop
  endfacet
  facet normal -0.0647557 -0.989371 0.130198
    outer loop
      vertex -17.0647 -12.5873 5.72791
      vertex -17.6407 -12.5496 5.72791
      vertex -17.0647 -12.6641 5.14431
    endloop
  endfacet
  facet normal -0.0648217 -0.989375 0.130134
    outer loop
      vertex -17.6407 -12.5496 5.72791
      vertex -17.6508 -12.6257 5.14431
      vertex -17.0647 -12.6641 5.14431
    endloop
  endfacet
  facet normal -0.169081 -0.849833 0.499194
    outer loop
      vertex -18.2623 -11.79 7.35007
      vertex -18.7423 -11.6945 7.35007
      vertex -18.3007 -12.0818 6.8403
    endloop
  endfacet
  facet normal -0.0519225 -0.792305 0.607912
    outer loop
      vertex -17.0647 -11.5571 7.81705
      vertex -17.553 -11.8834 7.35007
      vertex -17.0647 -11.9154 7.35007
    endloop
  endfacet
  facet normal -0.113077 -0.858611 0.5
    outer loop
      vertex -17.5915 -12.1752 6.8403
      vertex -18.2623 -11.79 7.35007
      vertex -18.3007 -12.0818 6.8403
    endloop
  endfacet
  facet normal -0.11306 -0.858604 0.500017
    outer loop
      vertex -18.2623 -11.79 7.35007
      vertex -17.5915 -12.1752 6.8403
      vertex -17.553 -11.8834 7.35007
    endloop
  endfacet
  facet normal 0.0392843 0.124604 0.991429
    outer loop
      vertex 18.5485 8.20987 9.34036
      vertex 19.3818 8.55846 9.26353
      vertex 18.6995 8.77357 9.26353
    endloop
  endfacet
  facet normal 0.0392886 0.124594 0.99143
    outer loop
      vertex 19.3818 8.55846 9.26353
      vertex 18.5485 8.20987 9.34036
      vertex 19.2307 7.99475 9.34036
    endloop
  endfacet
  facet normal -0.00569791 0.130522 0.991429
    outer loop
      vertex -17.0647 9.05169 9.26353
      vertex -16.35 8.4993 9.34036
      vertex -16.35 9.08289 9.26353
    endloop
  endfacet
  facet normal -0.00569791 0.130522 0.991429
    outer loop
      vertex -16.35 8.4993 9.34036
      vertex -17.0647 9.05169 9.26353
      vertex -17.0647 8.4681 9.34036
    endloop
  endfacet
  facet normal -0.130517 0.00849413 0.99141
    outer loop
      vertex -24.8106 0.75808 9.34036
      vertex -25.3967 0.719666 9.26353
      vertex -24.8131 0.719666 9.34036
    endloop
  endfacet
  facet normal -0.129406 0.0170416 0.991445
    outer loop
      vertex -25.2958 1.5435 9.26353
      vertex -24.8106 0.75808 9.34036
      vertex -24.7172 1.46732 9.34036
    endloop
  endfacet
  facet normal -0.129406 0.0170415 0.991445
    outer loop
      vertex -24.8106 0.75808 9.34036
      vertex -25.2958 1.5435 9.26353
      vertex -25.3892 0.834255 9.26353
    endloop
  endfacet
  facet normal -0.0701988 0.110183 0.991429
    outer loop
      vertex -21.4923 7.48232 9.26353
      vertex -20.5972 7.36128 9.34036
      vertex -20.889 7.86669 9.26353
    endloop
  endfacet
  facet normal -0.0701988 0.110183 0.991429
    outer loop
      vertex -20.5972 7.36128 9.34036
      vertex -21.4923 7.48232 9.26353
      vertex -21.2005 6.97691 9.34036
    endloop
  endfacet
  facet normal 0.290479 -0.921306 0.258489
    outer loop
      vertex 19.6146 -12.1887 5.72791
      vertex 20.05 -11.8919 6.29648
      vertex 19.5752 -12.0416 6.29648
    endloop
  endfacet
  facet normal 0.290525 -0.921302 0.258451
    outer loop
      vertex 20.05 -11.8919 6.29648
      vertex 19.6146 -12.1887 5.72791
      vertex 20.05 -12.0514 5.72791
    endloop
  endfacet
  facet normal 0.238697 -0.757039 0.608207
    outer loop
      vertex 19.348 -11.1936 7.81705
      vertex 20.05 -11.0523 7.71742
      vertex 20.0302 -10.9785 7.81705
    endloop
  endfacet
  facet normal 0.238694 -0.756913 0.608365
    outer loop
      vertex 19.4407 -11.5397 7.35007
      vertex 20.05 -11.0523 7.71742
      vertex 19.348 -11.1936 7.81705
    endloop
  endfacet
  facet normal 0.238629 -0.756881 0.60843
    outer loop
      vertex 20.05 -11.0523 7.71742
      vertex 19.4407 -11.5397 7.35007
      vertex 20.05 -11.3476 7.35007
    endloop
  endfacet
  facet normal 0.300692 -0.953721 0
    outer loop
      vertex 19.6345 -12.2629 4.95
      vertex 20.05 -12.1319 5.14431
      vertex 19.6345 -12.2629 5.14431
    endloop
  endfacet
  facet normal 0.300692 -0.953721 0
    outer loop
      vertex 20.05 -12.1319 5.14431
      vertex 19.6345 -12.2629 4.95
      vertex 20.05 -12.1319 4.95
    endloop
  endfacet
  facet normal -0.0861533 0.0984416 0.991407
    outer loop
      vertex -21.8 6.52005 9.34036
      vertex -22.2416 6.90733 9.26353
      vertex -21.829 6.49467 9.34036
    endloop
  endfacet
  facet normal 0.025488 0.128289 0.991409
    outer loop
      vertex 17.8885 8.95081 9.26353
      vertex 17.8123 8.37221 9.34036
      vertex 17.8501 8.3647 9.34036
    endloop
  endfacet
  facet normal -0.0861533 -0.0984416 0.991407
    outer loop
      vertex -21.829 -6.49467 9.34036
      vertex -22.2416 -6.90733 9.26353
      vertex -21.8 -6.52005 9.34036
    endloop
  endfacet
  facet normal -0.0653777 0.997861 0
    outer loop
      vertex -17.0647 12.6641 4.95
      vertex -17.6508 12.6257 5.14431
      vertex -17.0647 12.6641 5.14431
    endloop
  endfacet
  facet normal -0.0653777 0.997861 0
    outer loop
      vertex -17.6508 12.6257 5.14431
      vertex -17.0647 12.6641 4.95
      vertex -17.6508 12.6257 4.95
    endloop
  endfacet
  facet normal -0.14644 0.353543 0.923884
    outer loop
      vertex -19.9162 9.54926 8.88593
      vertex -20.369 8.77308 9.11118
      vertex -19.7081 9.04683 9.11118
    endloop
  endfacet
  facet normal -0.146447 0.353546 0.923882
    outer loop
      vertex -20.369 8.77308 9.11118
      vertex -19.9162 9.54926 8.88593
      vertex -20.5771 9.2755 8.88593
    endloop
  endfacet
  facet normal -0.119605 0.229788 0.965863
    outer loop
      vertex -20.5387 8.68939 9.11118
      vertex -20.889 7.86669 9.26353
      vertex -20.2544 8.197 9.26353
    endloop
  endfacet
  facet normal -0.119624 0.229796 0.965859
    outer loop
      vertex -20.889 7.86669 9.26353
      vertex -20.5387 8.68939 9.11118
      vertex -21.1732 8.35909 9.11118
    endloop
  endfacet
  facet normal -0.258755 0.282372 0.923749
    outer loop
      vertex -23.0282 7.69391 8.88593
      vertex -23.1711 6.82608 9.11118
      vertex -22.6437 7.30937 9.11118
    endloop
  endfacet
  facet normal -0.258755 0.282372 0.923749
    outer loop
      vertex -23.1711 6.82608 9.11118
      vertex -23.0282 7.69391 8.88593
      vertex -23.5556 7.21062 8.88593
    endloop
  endfacet
  facet normal -0.130522 0 0.991445
    outer loop
      vertex -25.4279 0.00498962 9.26353
      vertex -24.8443 -0.00498962 9.34036
      vertex -24.8443 0.00498962 9.34036
    endloop
  endfacet
  facet normal -0.130522 0 0.991445
    outer loop
      vertex -24.8443 -0.00498962 9.34036
      vertex -25.4279 0.00498962 9.26353
      vertex -25.4279 -0.00498962 9.26353
    endloop
  endfacet
  facet normal -0.214682 0.967942 0.130386
    outer loop
      vertex -18.9361 12.4178 5.14431
      vertex -19.6146 12.1887 5.72791
      vertex -18.9162 12.3436 5.72791
    endloop
  endfacet
  facet normal -0.214682 0.967942 0.130386
    outer loop
      vertex -19.6146 12.1887 5.72791
      vertex -18.9361 12.4178 5.14431
      vertex -19.6345 12.2629 5.14431
    endloop
  endfacet
  facet normal -0.318788 0.938843 0.130182
    outer loop
      vertex -20.3167 12.0478 5.14431
      vertex -20.8435 11.788 5.72791
      vertex -20.2969 11.9736 5.72791
    endloop
  endfacet
  facet normal -0.298103 0.945586 0.130389
    outer loop
      vertex -19.6345 12.2629 5.14431
      vertex -20.2969 11.9736 5.72791
      vertex -19.6146 12.1887 5.72791
    endloop
  endfacet
  facet normal -0.298145 0.94558 0.130338
    outer loop
      vertex -20.2969 11.9736 5.72791
      vertex -19.6345 12.2629 5.14431
      vertex -20.3167 12.0478 5.14431
    endloop
  endfacet
  facet normal -0.652628 0.712194 0.258566
    outer loop
      vertex -24.7417 9.4074 5.72791
      vertex -25.1614 8.81638 6.29648
      vertex -24.634 9.29967 6.29648
    endloop
  endfacet
  facet normal -0.652628 0.712194 0.258566
    outer loop
      vertex -25.1614 8.81638 6.29648
      vertex -24.7417 9.4074 5.72791
      vertex -25.2691 8.92411 5.72791
    endloop
  endfacet
  facet normal -0.624258 0.681234 0.38239
    outer loop
      vertex -24.634 9.29967 6.29648
      vertex -25.0021 8.6571 6.8403
      vertex -24.4747 9.14039 6.8403
    endloop
  endfacet
  facet normal -0.624258 0.681234 0.38239
    outer loop
      vertex -25.0021 8.6571 6.8403
      vertex -24.634 9.29967 6.29648
      vertex -25.1614 8.81638 6.29648
    endloop
  endfacet
  facet normal -0.278539 0.820516 0.49917
    outer loop
      vertex -20.1991 11.6089 6.8403
      vertex -20.699 11.4392 6.8403
      vertex -20.5864 11.1673 7.35007
    endloop
  endfacet
  facet normal -0.438584 0.889189 0.130332
    outer loop
      vertex -21.5044 11.5143 5.72791
      vertex -22.0606 11.3255 5.14431
      vertex -22.0222 11.2589 5.72791
    endloop
  endfacet
  facet normal -0.457744 0.879457 0.130482
    outer loop
      vertex -22.0606 11.3255 5.14431
      vertex -22.6568 10.9286 5.72791
      vertex -22.0222 11.2589 5.72791
    endloop
  endfacet
  facet normal -0.457744 0.879457 0.130482
    outer loop
      vertex -22.6568 10.9286 5.72791
      vertex -22.0606 11.3255 5.14431
      vertex -22.6952 10.9952 5.14431
    endloop
  endfacet
  facet normal -0.446057 0.856866 0.258483
    outer loop
      vertex -22.0222 11.2589 5.72791
      vertex -22.5806 10.7967 6.29648
      vertex -21.9461 11.127 6.29648
    endloop
  endfacet
  facet normal -0.445992 0.856878 0.258555
    outer loop
      vertex -22.5806 10.7967 6.29648
      vertex -22.0222 11.2589 5.72791
      vertex -22.6568 10.9286 5.72791
    endloop
  endfacet
  facet normal -0.519082 0.814678 0.258561
    outer loop
      vertex -22.6568 10.9286 5.72791
      vertex -23.1839 10.4123 6.29648
      vertex -22.5806 10.7967 6.29648
    endloop
  endfacet
  facet normal -0.518967 0.814709 0.258696
    outer loop
      vertex -23.1839 10.4123 6.29648
      vertex -22.6568 10.9286 5.72791
      vertex -23.2601 10.5443 5.72791
    endloop
  endfacet
  facet normal -0.465408 0.730553 0.499688
    outer loop
      vertex -22.468 10.6016 6.8403
      vertex -22.9241 9.96236 7.35007
      vertex -22.3208 10.3467 7.35007
    endloop
  endfacet
  facet normal -0.46548 0.730552 0.499622
    outer loop
      vertex -22.9241 9.96236 7.35007
      vertex -22.468 10.6016 6.8403
      vertex -23.0713 10.2172 6.8403
    endloop
  endfacet
  facet normal -0.408746 0.828871 0.381968
    outer loop
      vertex -21.4461 11.3735 6.29648
      vertex -21.8334 10.9319 6.8403
      vertex -21.3599 11.1654 6.8403
    endloop
  endfacet
  facet normal -0.297077 0.875126 0.381968
    outer loop
      vertex -20.1991 11.6089 6.8403
      vertex -20.7852 11.6473 6.29648
      vertex -20.699 11.4392 6.8403
    endloop
  endfacet
  facet normal -0.353607 0.853538 0.382668
    outer loop
      vertex -20.7852 11.6473 6.29648
      vertex -21.3599 11.1654 6.8403
      vertex -20.699 11.4392 6.8403
    endloop
  endfacet
  facet normal -0.353607 0.853538 0.382668
    outer loop
      vertex -21.3599 11.1654 6.8403
      vertex -20.7852 11.6473 6.29648
      vertex -21.4461 11.3735 6.29648
    endloop
  endfacet
  facet normal -0.191352 0.461954 0.866015
    outer loop
      vertex -20.1113 10.0202 8.59161
      vertex -20.5771 9.2755 8.88593
      vertex -19.9162 9.54926 8.88593
    endloop
  endfacet
  facet normal -0.191326 0.461943 0.866027
    outer loop
      vertex -20.5771 9.2755 8.88593
      vertex -20.1113 10.0202 8.59161
      vertex -20.7722 9.74647 8.59161
    endloop
  endfacet
  facet normal -0.303636 0.732917 0.6088
    outer loop
      vertex -20.5864 11.1673 7.35007
      vertex -21.1102 10.5624 7.81705
      vertex -20.4493 10.8362 7.81705
    endloop
  endfacet
  facet normal -0.303636 0.732917 0.6088
    outer loop
      vertex -21.1102 10.5624 7.81705
      vertex -20.5864 11.1673 7.35007
      vertex -21.2473 10.8935 7.35007
    endloop
  endfacet
  facet normal -0.351182 0.712096 0.607939
    outer loop
      vertex -21.2473 10.8935 7.35007
      vertex -21.6863 10.677 7.35007
      vertex -21.5071 10.3667 7.81705
    endloop
  endfacet
  facet normal -0.629391 0.482961 0.608782
    outer loop
      vertex -26.0355 6.98606 7.35007
      vertex -25.3157 7.33546 7.81705
      vertex -25.6 7.5536 7.35007
    endloop
  endfacet
  facet normal -0.629391 0.482961 0.608782
    outer loop
      vertex -25.3157 7.33546 7.81705
      vertex -26.0355 6.98606 7.35007
      vertex -25.7512 6.76792 7.81705
    endloop
  endfacet
  facet normal -0.609334 0.694852 0.381959
    outer loop
      vertex -24.2149 9.66719 6.29648
      vertex -24.634 9.29967 6.29648
      vertex -24.0778 9.48848 6.8403
    endloop
  endfacet
  facet normal -0.523496 0.596983 0.607917
    outer loop
      vertex -23.8986 9.25498 7.35007
      vertex -24.2666 8.93228 7.35007
      vertex -23.6805 8.9707 7.81705
    endloop
  endfacet
  facet normal -0.481394 0.720491 0.499151
    outer loop
      vertex -23.0713 10.2172 6.8403
      vertex -23.5102 9.92395 6.8403
      vertex -23.3311 9.69045 7.35007
    endloop
  endfacet
  facet normal -0.481353 0.720499 0.49918
    outer loop
      vertex -23.0713 10.2172 6.8403
      vertex -23.3311 9.69045 7.35007
      vertex -22.9241 9.96236 7.35007
    endloop
  endfacet
  facet normal 0.118912 0.59786 0.792731
    outer loop
      vertex 18.5418 10.9464 8.23328
      vertex 18.1612 11.0221 8.23328
      vertex 18.421 10.4953 8.59161
    endloop
  endfacet
  facet normal 0.0397075 0.608289 0.792722
    outer loop
      vertex 17.4519 11.1155 8.23328
      vertex 17.0647 10.6738 8.59161
      vertex 17.391 10.6525 8.59161
    endloop
  endfacet
  facet normal 0.115159 0.365269 0.923752
    outer loop
      vertex 18.8467 9.32277 9.11118
      vertex 19.6697 9.63295 8.88593
      vertex 18.9874 9.84806 8.88593
    endloop
  endfacet
  facet normal 0.115172 0.365241 0.923761
    outer loop
      vertex 19.6697 9.63295 8.88593
      vertex 18.8467 9.32277 9.11118
      vertex 19.5289 9.10765 9.11118
    endloop
  endfacet
  facet normal 0.0346138 0.7929 0.608368
    outer loop
      vertex 17.0647 11.9154 7.35007
      vertex 16.35 11.5883 7.81705
      vertex 17.0647 11.5571 7.81705
    endloop
  endfacet
  facet normal 0.0346138 0.7929 0.608368
    outer loop
      vertex 16.35 11.5883 7.81705
      vertex 17.0647 11.9154 7.35007
      vertex 16.35 11.9466 7.35007
    endloop
  endfacet
  facet normal 0.199951 0.902104 0.382397
    outer loop
      vertex 18.8768 12.1964 6.29648
      vertex 19.5169 11.824 6.8403
      vertex 19.5752 12.0416 6.29648
    endloop
  endfacet
  facet normal 0.199951 0.902104 0.382397
    outer loop
      vertex 19.5169 11.824 6.8403
      vertex 18.8768 12.1964 6.29648
      vertex 18.8185 11.9788 6.8403
    endloop
  endfacet
  facet normal 0.180222 0.906416 0.382007
    outer loop
      vertex 18.8768 12.1964 6.29648
      vertex 18.3301 12.3051 6.29648
      vertex 18.8185 11.9788 6.8403
    endloop
  endfacet
  facet normal 0.193389 0.97244 0.130232
    outer loop
      vertex 18.9361 12.4178 5.14431
      vertex 18.35 12.4562 5.72791
      vertex 18.9162 12.3436 5.72791
    endloop
  endfacet
  facet normal 0.298123 0.945574 0.13043
    outer loop
      vertex 19.6345 12.2629 5.14431
      vertex 20.05 12.0514 5.72791
      vertex 20.05 12.1319 5.14431
    endloop
  endfacet
  facet normal 0.298176 0.945563 0.130388
    outer loop
      vertex 20.05 12.0514 5.72791
      vertex 19.6345 12.2629 5.14431
      vertex 19.6146 12.1887 5.72791
    endloop
  endfacet
  facet normal 0.216531 0.976276 -0
    outer loop
      vertex 19.6345 12.2629 4.95
      vertex 18.9361 12.4178 5.14431
      vertex 19.6345 12.2629 5.14431
    endloop
  endfacet
  facet normal 0.216531 0.976276 0
    outer loop
      vertex 18.9361 12.4178 5.14431
      vertex 19.6345 12.2629 4.95
      vertex 18.9361 12.4178 4.95
    endloop
  endfacet
  facet normal -0.0578485 -0.117314 0.991409
    outer loop
      vertex -19.9281 -7.70862 9.34036
      vertex -20.2544 -8.197 9.26353
      vertex -20.1514 -8.24779 9.26353
    endloop
  endfacet
  facet normal -0.123835 -0.0421363 0.991408
    outer loop
      vertex -24.3274 -2.92218 9.34036
      vertex -24.9035 -3.03677 9.26353
      vertex -24.8665 -3.14551 9.26353
    endloop
  endfacet
  facet normal 0.0828985 0.37391 0.923753
    outer loop
      vertex 18.289 10.0029 8.88593
      vertex 18.8467 9.32277 9.11118
      vertex 18.9874 9.84806 8.88593
    endloop
  endfacet
  facet normal 0.0828922 0.373906 0.923755
    outer loop
      vertex 18.8467 9.32277 9.11118
      vertex 18.289 10.0029 8.88593
      vertex 18.1483 9.4776 9.11118
    endloop
  endfacet
  facet normal 0.0747959 0.376006 0.923594
    outer loop
      vertex 18.289 10.0029 8.88593
      vertex 17.9627 9.51452 9.11118
      vertex 18.1483 9.4776 9.11118
    endloop
  endfacet
  facet normal 0.12325 0.363019 0.923595
    outer loop
      vertex 19.9162 9.54926 8.88593
      vertex 19.6697 9.63295 8.88593
      vertex 19.7081 9.04683 9.11118
    endloop
  endfacet
  facet normal 0.0833528 0.245591 0.965783
    outer loop
      vertex 19.5289 9.10765 9.11118
      vertex 19.3818 8.55846 9.26353
      vertex 19.7081 9.04683 9.11118
    endloop
  endfacet
  facet normal 0.146438 0.353544 0.923884
    outer loop
      vertex 19.7081 9.04683 9.11118
      vertex 20.05 9.49384 8.88593
      vertex 19.9162 9.54926 8.88593
    endloop
  endfacet
  facet normal 0.146442 0.353541 0.923885
    outer loop
      vertex 20.05 9.49384 8.88593
      vertex 19.7081 9.04683 9.11118
      vertex 20.05 8.90521 9.11118
    endloop
  endfacet
  facet normal 0.257965 0.751133 0.607662
    outer loop
      vertex 20.05 11.0523 7.71742
      vertex 20.0302 10.9785 7.81705
      vertex 20.05 10.9717 7.81705
    endloop
  endfacet
  facet normal -0.53658 -0.80331 0.25841
    outer loop
      vertex -23.1839 -10.4123 6.29648
      vertex -23.6474 -10.1027 6.29648
      vertex -23.2601 -10.5443 5.72791
    endloop
  endfacet
  facet normal -0.56247 -0.732938 0.38266
    outer loop
      vertex -23.6474 -10.1027 6.29648
      vertex -24.0778 -9.48848 6.8403
      vertex -24.2149 -9.66719 6.29648
    endloop
  endfacet
  facet normal -0.562342 -0.732967 0.382794
    outer loop
      vertex -24.0778 -9.48848 6.8403
      vertex -23.6474 -10.1027 6.29648
      vertex -23.5102 -9.92395 6.8403
    endloop
  endfacet
  facet normal -0.60936 -0.694806 0.382001
    outer loop
      vertex -24.4747 -9.14039 6.8403
      vertex -24.634 -9.29967 6.29648
      vertex -24.0778 -9.48848 6.8403
    endloop
  endfacet
  facet normal -0.550786 -0.824407 0.130339
    outer loop
      vertex -23.7401 -10.2235 5.72791
      vertex -23.7869 -10.2845 5.14431
      vertex -23.2985 -10.6108 5.14431
    endloop
  endfacet
  facet normal -0.550931 -0.824335 0.130182
    outer loop
      vertex -23.2601 -10.5443 5.72791
      vertex -23.7401 -10.2235 5.72791
      vertex -23.2985 -10.6108 5.14431
    endloop
  endfacet
  facet normal -0.382582 -0.923922 0
    outer loop
      vertex -21.4983 -11.6 5.05
      vertex -21.5338 -11.5853 5.14431
      vertex -21.5338 -11.5853 5.05
    endloop
  endfacet
  facet normal -0.382619 -0.923906 -1.66017e-05
    outer loop
      vertex -21.5338 -11.5853 5.14431
      vertex -21.4983 -11.6 5.05
      vertex -20.8729 -11.859 5.14431
    endloop
  endfacet
  facet normal -0.382621 -0.923905 0
    outer loop
      vertex -20.8729 -11.859 4.95
      vertex -21.4983 -11.6 5.05
      vertex -21.4983 -11.6 4.95
    endloop
  endfacet
  facet normal -0.382621 -0.923905 0
    outer loop
      vertex -21.4983 -11.6 5.05
      vertex -20.8729 -11.859 4.95
      vertex -20.8729 -11.859 5.14431
    endloop
  endfacet
  facet normal -0.461692 -0.887041 0
    outer loop
      vertex -22.6952 -10.9952 5.05
      vertex -22.0606 -11.3255 5.14431
      vertex -22.6952 -10.9952 5.14431
    endloop
  endfacet
  facet normal -0.461692 -0.887041 -0
    outer loop
      vertex -22.0606 -11.3255 5.14431
      vertex -22.6952 -10.9952 5.05
      vertex -22.0606 -11.3255 5.05
    endloop
  endfacet
  facet normal -0.712093 -0.35122 0.607921
    outer loop
      vertex -26.7117 -5.1621 7.81705
      vertex -27.2385 -4.90231 7.35007
      vertex -27.022 -5.34126 7.35007
    endloop
  endfacet
  facet normal -0.777096 -0.383281 0.499216
    outer loop
      vertex -27.2385 -4.90231 7.35007
      vertex -27.2769 -5.48842 6.8403
      vertex -27.022 -5.34126 7.35007
    endloop
  endfacet
  facet normal -0.836216 -0.532649 0.130494
    outer loop
      vertex -27.3402 -6.35018 5.14431
      vertex -26.8893 -6.91508 5.72791
      vertex -27.2736 -6.31176 5.72791
    endloop
  endfacet
  facet normal -0.836169 -0.532757 0.130353
    outer loop
      vertex -26.8893 -6.91508 5.72791
      vertex -27.3402 -6.35018 5.14431
      vertex -26.9558 -6.9535 5.14431
    endloop
  endfacet
  facet normal -0.482982 -0.629417 0.608739
    outer loop
      vertex -23.3311 -9.69045 7.35007
      vertex -23.6805 -8.9707 7.81705
      vertex -23.8986 -9.25498 7.35007
    endloop
  endfacet
  facet normal -0.482898 -0.629418 0.608804
    outer loop
      vertex -23.6805 -8.9707 7.81705
      vertex -23.3311 -9.69045 7.35007
      vertex -23.1129 -9.40617 7.81705
    endloop
  endfacet
  facet normal -0.523496 -0.596983 0.607917
    outer loop
      vertex -23.6805 -8.9707 7.81705
      vertex -24.2666 -8.93228 7.35007
      vertex -23.8986 -9.25498 7.35007
    endloop
  endfacet
  facet normal -0.5134 -0.768393 0.382091
    outer loop
      vertex -23.5102 -9.92395 6.8403
      vertex -23.6474 -10.1027 6.29648
      vertex -23.0713 -10.2172 6.8403
    endloop
  endfacet
  facet normal -0.481394 -0.720491 0.499151
    outer loop
      vertex -23.3311 -9.69045 7.35007
      vertex -23.5102 -9.92395 6.8403
      vertex -23.0713 -10.2172 6.8403
    endloop
  endfacet
  facet normal -0.466764 0.532188 0.706333
    outer loop
      vertex -23.6805 8.9707 7.81705
      vertex -24.0132 8.6789 7.81705
      vertex -23.7189 8.38459 8.23328
    endloop
  endfacet
  facet normal -0.819606 0.426633 0.3824
    outer loop
      vertex -27.472 5.60105 6.29648
      vertex -26.9466 6.12296 6.8403
      vertex -27.1417 6.23559 6.29648
    endloop
  endfacet
  facet normal -0.819606 0.426633 0.3824
    outer loop
      vertex -26.9466 6.12296 6.8403
      vertex -27.472 5.60105 6.29648
      vertex -27.2769 5.48842 6.8403
    endloop
  endfacet
  facet normal -0.889218 0.438541 0.130281
    outer loop
      vertex -27.6705 5.71564 5.14431
      vertex -27.9303 5.18885 5.14431
      vertex -27.8593 5.15944 5.72791
    endloop
  endfacet
  facet normal -0.712093 0.35122 0.607921
    outer loop
      vertex -27.022 5.34126 7.35007
      vertex -27.2385 4.90231 7.35007
      vertex -26.7117 5.1621 7.81705
    endloop
  endfacet
  facet normal -0.828871 0.408707 0.382011
    outer loop
      vertex -27.472 5.60105 6.29648
      vertex -27.7185 5.10114 6.29648
      vertex -27.2769 5.48842 6.8403
    endloop
  endfacet
  facet normal -0.982974 -0.129448 0.130402
    outer loop
      vertex -28.9707 -1.30578 5.14431
      vertex -28.8012 -2.00499 5.72791
      vertex -28.8946 -1.29575 5.72791
    endloop
  endfacet
  facet normal -0.982971 -0.129309 0.130568
    outer loop
      vertex -28.8012 -2.00499 5.72791
      vertex -28.9707 -1.30578 5.14431
      vertex -28.8774 -2.01502 5.14431
    endloop
  endfacet
  facet normal -0.756918 -0.238641 0.608379
    outer loop
      vertex -27.8847 -3.0957 7.35007
      vertex -27.3235 -3.68521 7.81705
      vertex -27.5386 -3.00296 7.81705
    endloop
  endfacet
  facet normal -0.756917 -0.238637 0.608383
    outer loop
      vertex -27.3235 -3.68521 7.81705
      vertex -27.8847 -3.0957 7.35007
      vertex -27.6696 -3.77796 7.35007
    endloop
  endfacet
  facet normal -0.938852 -0.318744 0.130231
    outer loop
      vertex -28.3186 -3.95186 5.72791
      vertex -28.3928 -3.97175 5.14431
      vertex -28.133 -4.49854 5.72791
    endloop
  endfacet
  facet normal -0.921305 -0.290469 0.258503
    outer loop
      vertex -28.5337 -3.26961 5.72791
      vertex -28.1715 -3.91243 6.29648
      vertex -28.3866 -3.23018 6.29648
    endloop
  endfacet
  facet normal -0.921305 -0.290469 0.258503
    outer loop
      vertex -28.1715 -3.91243 6.29648
      vertex -28.5337 -3.26961 5.72791
      vertex -28.3186 -3.95186 5.72791
    endloop
  endfacet
  facet normal -0.982971 0.129309 0.130568
    outer loop
      vertex -28.9707 1.30578 5.14431
      vertex -28.8012 2.00499 5.72791
      vertex -28.8774 2.01502 5.14431
    endloop
  endfacet
  facet normal -0.982974 0.129448 0.130402
    outer loop
      vertex -28.8012 2.00499 5.72791
      vertex -28.9707 1.30578 5.14431
      vertex -28.8946 1.29575 5.72791
    endloop
  endfacet
  facet normal -0.887023 0.461726 0
    outer loop
      vertex -27.6705 5.71564 4.95
      vertex -27.3402 6.35018 5.14431
      vertex -27.3402 6.35018 4.95
    endloop
  endfacet
  facet normal -0.887023 0.461726 0
    outer loop
      vertex -27.3402 6.35018 5.14431
      vertex -27.6705 5.71564 4.95
      vertex -27.6705 5.71564 5.14431
    endloop
  endfacet
  facet normal -0.730593 0.465491 0.499552
    outer loop
      vertex -26.9466 6.12296 6.8403
      vertex -26.3074 6.57912 7.35007
      vertex -26.5622 6.72628 6.8403
    endloop
  endfacet
  facet normal -0.730595 0.465371 0.499662
    outer loop
      vertex -26.3074 6.57912 7.35007
      vertex -26.9466 6.12296 6.8403
      vertex -26.6917 5.9758 7.35007
    endloop
  endfacet
  facet normal -0.458333 0.401906 0.792719
    outer loop
      vertex -24.3994 7.04366 8.59161
      vertex -24.7296 7.37387 8.23328
      vertex -24.615 6.79779 8.59161
    endloop
  endfacet
  facet normal -0.638654 0.585229 0.499629
    outer loop
      vertex -25.4854 8.12968 6.8403
      vertex -24.794 8.44899 7.35007
      vertex -25.0021 8.6571 6.8403
    endloop
  endfacet
  facet normal -0.638654 0.585229 0.499629
    outer loop
      vertex -24.794 8.44899 7.35007
      vertex -25.4854 8.12968 6.8403
      vertex -25.2773 7.92157 7.35007
    endloop
  endfacet
  facet normal -0.588598 0.39325 0.706333
    outer loop
      vertex -25.421 6.51454 8.23328
      vertex -25.7512 6.76792 7.81705
      vertex -25.6366 6.19184 8.23328
    endloop
  endfacet
  facet normal -0.792305 0.0519146 0.607912
    outer loop
      vertex -28.2284 1.20804 7.35007
      vertex -28.2604 0.719666 7.35007
      vertex -27.9021 0.719666 7.81705
    endloop
  endfacet
  facet normal -0.218476 0.1392 0.965863
    outer loop
      vertex -24.3197 5.43155 9.11118
      vertex -24.2117 4.54395 9.26353
      vertex -23.8273 5.14727 9.26353
    endloop
  endfacet
  facet normal -0.218476 0.1392 0.965863
    outer loop
      vertex -24.2117 4.54395 9.26353
      vertex -24.3197 5.43155 9.11118
      vertex -24.7041 4.82823 9.11118
    endloop
  endfacet
  facet normal -0.513766 0.327256 0.793062
    outer loop
      vertex -25.6366 6.19184 8.23328
      vertex -25.6165 5.35503 8.59161
      vertex -25.2322 5.95835 8.59161
    endloop
  endfacet
  facet normal -0.513766 0.327256 0.793062
    outer loop
      vertex -25.6165 5.35503 8.59161
      vertex -25.6366 6.19184 8.23328
      vertex -26.0209 5.58852 8.23328
    endloop
  endfacet
  facet normal -0.506857 0.338638 0.792729
    outer loop
      vertex -25.421 6.51454 8.23328
      vertex -25.6366 6.19184 8.23328
      vertex -25.0505 6.23026 8.59161
    endloop
  endfacet
  facet normal -0.288264 0.2527 0.923605
    outer loop
      vertex -23.6544 6.29866 9.11118
      vertex -24.2106 6.48746 8.88593
      vertex -23.7791 6.15641 9.11118
    endloop
  endfacet
  facet normal -0.254362 0.0505791 0.965786
    outer loop
      vertex -25.8226 1.80328 9.11118
      vertex -25.8595 1.61771 9.11118
      vertex -25.2958 1.5435 9.26353
    endloop
  endfacet
  facet normal -0.117355 -0.0577768 0.991408
    outer loop
      vertex -24.0536 -3.58309 9.34036
      vertex -24.542 -3.90941 9.26353
      vertex -24.0366 -3.61762 9.34036
    endloop
  endfacet
  facet normal -0.33972 0.176892 0.923742
    outer loop
      vertex -25.5054 4.46561 8.88593
      vertex -24.7041 4.82823 9.11118
      vertex -25.175 5.10014 8.88593
    endloop
  endfacet
  facet normal -0.339696 0.176826 0.923763
    outer loop
      vertex -24.7041 4.82823 9.11118
      vertex -25.5054 4.46561 8.88593
      vertex -25.0344 4.1937 9.11118
    endloop
  endfacet
  facet normal -0.449176 0.221414 0.865573
    outer loop
      vertex -25.5054 4.46561 8.88593
      vertex -26.0915 4.42719 8.59161
      vertex -25.6205 4.23211 8.88593
    endloop
  endfacet
  facet normal -0.78662 -0.603471 0.130583
    outer loop
      vertex -26.6295 -7.44187 5.14431
      vertex -26.1331 -7.96264 5.72791
      vertex -26.5685 -7.3951 5.72791
    endloop
  endfacet
  facet normal -0.786566 -0.603569 0.13045
    outer loop
      vertex -26.1331 -7.96264 5.72791
      vertex -26.6295 -7.44187 5.14431
      vertex -26.194 -8.00941 5.14431
    endloop
  endfacet
  facet normal -0.636959 -0.726354 0.25825
    outer loop
      vertex -24.2149 -9.66719 6.29648
      vertex -24.634 -9.29967 6.29648
      vertex -24.3076 -9.78805 5.72791
    endloop
  endfacet
  facet normal -0.76846 -0.513357 0.382012
    outer loop
      vertex -26.5622 -6.72628 6.8403
      vertex -26.7573 -6.83891 6.29648
      vertex -26.4477 -7.30236 6.29648
    endloop
  endfacet
  facet normal -0.803289 -0.536624 0.258383
    outer loop
      vertex -26.7573 -6.83891 6.29648
      vertex -26.8893 -6.91508 5.72791
      vertex -26.4477 -7.30236 6.29648
    endloop
  endfacet
  facet normal -0.571321 -0.651433 0.499226
    outer loop
      vertex -23.8986 -9.25498 7.35007
      vertex -24.4747 -9.14039 6.8403
      vertex -24.0778 -9.48848 6.8403
    endloop
  endfacet
  facet normal -0.571294 -0.651491 0.499182
    outer loop
      vertex -24.2666 -8.93228 7.35007
      vertex -24.4747 -9.14039 6.8403
      vertex -23.8986 -9.25498 7.35007
    endloop
  endfacet
  facet normal -0.383255 -0.777132 0.499181
    outer loop
      vertex -21.6863 -10.677 7.35007
      vertex -21.8334 -10.9319 6.8403
      vertex -21.2473 -10.8935 7.35007
    endloop
  endfacet
  facet normal -0.399921 -0.768362 0.499684
    outer loop
      vertex -21.8334 -10.9319 6.8403
      vertex -22.3208 -10.3467 7.35007
      vertex -22.468 -10.6016 6.8403
    endloop
  endfacet
  facet normal -0.399986 -0.768365 0.499626
    outer loop
      vertex -22.3208 -10.3467 7.35007
      vertex -21.8334 -10.9319 6.8403
      vertex -21.6863 -10.677 7.35007
    endloop
  endfacet
  facet normal -0.331468 -0.800099 0.499971
    outer loop
      vertex -20.699 -11.4392 6.8403
      vertex -21.2473 -10.8935 7.35007
      vertex -21.3599 -11.1654 6.8403
    endloop
  endfacet
  facet normal -0.331468 -0.800099 0.499971
    outer loop
      vertex -21.2473 -10.8935 7.35007
      vertex -20.699 -11.4392 6.8403
      vertex -20.5864 -11.1673 7.35007
    endloop
  endfacet
  facet normal -0.326725 -0.627538 0.706715
    outer loop
      vertex -21.9335 -9.67595 8.23328
      vertex -21.5071 -10.3667 7.81705
      vertex -21.299 -10.0063 8.23328
    endloop
  endfacet
  facet normal -0.326669 -0.627526 0.706752
    outer loop
      vertex -21.5071 -10.3667 7.81705
      vertex -21.9335 -9.67595 8.23328
      vertex -22.1416 -10.0364 7.81705
    endloop
  endfacet
  facet normal -0.278522 -0.820514 0.499181
    outer loop
      vertex -20.123 -11.3246 7.35007
      vertex -20.5864 -11.1673 7.35007
      vertex -20.1991 -11.6089 6.8403
    endloop
  endfacet
  facet normal -0.255203 -0.751818 0.607981
    outer loop
      vertex -20.4493 -10.8362 7.81705
      vertex -20.5864 -11.1673 7.35007
      vertex -20.123 -11.3246 7.35007
    endloop
  endfacet
  facet normal -0.449176 -0.221414 0.865573
    outer loop
      vertex -25.6205 -4.23211 8.88593
      vertex -26.0915 -4.42719 8.59161
      vertex -25.5054 -4.46561 8.88593
    endloop
  endfacet
  facet normal -0.577197 -0.195897 0.792759
    outer loop
      vertex -26.4703 -3.45662 8.59161
      vertex -26.7967 -3.945 8.23328
      vertex -26.3652 -3.76629 8.59161
    endloop
  endfacet
  facet normal -0.474238 -0.160953 0.865559
    outer loop
      vertex -25.9779 -3.32468 8.88593
      vertex -26.4703 -3.45662 8.59161
      vertex -26.3652 -3.76629 8.59161
    endloop
  endfacet
  facet normal -0.670286 -0.227435 0.706392
    outer loop
      vertex -26.9214 -3.57749 8.23328
      vertex -27.3235 -3.68521 7.81705
      vertex -26.7967 -3.945 8.23328
    endloop
  endfacet
  facet normal -0.991458 0.130426 0
    outer loop
      vertex -28.9707 1.30578 4.95
      vertex -28.8774 2.01502 5.14431
      vertex -28.8774 2.01502 4.95
    endloop
  endfacet
  facet normal -0.991458 0.130426 0
    outer loop
      vertex -28.8774 2.01502 5.14431
      vertex -28.9707 1.30578 4.95
      vertex -28.9707 1.30578 5.14431
    endloop
  endfacet
  facet normal -0.999042 0.0437541 0
    outer loop
      vertex -29.0404 0.00498962 4.95
      vertex -29.0091 0.719666 5.14431
      vertex -29.0091 0.719666 4.95
    endloop
  endfacet
  facet normal -0.999042 0.0437541 0
    outer loop
      vertex -29.0091 0.719666 5.14431
      vertex -29.0404 0.00498962 4.95
      vertex -29.0404 0.00498962 5.14431
    endloop
  endfacet
  facet normal -0.989376 -0.0648202 0.130126
    outer loop
      vertex -28.8946 -1.29575 5.72791
      vertex -29.0091 -0.719666 5.14431
      vertex -28.9707 -1.30578 5.14431
    endloop
  endfacet
  facet normal -0.922212 0.0603961 0.381938
    outer loop
      vertex -28.5202 1.24646 6.8403
      vertex -28.7435 1.27586 6.29648
      vertex -28.5547 0.719666 6.8403
    endloop
  endfacet
  facet normal -0.491192 -0.0977055 0.865554
    outer loop
      vertex -26.3987 -1.68869 8.88593
      vertex -26.9041 -1.75523 8.59161
      vertex -26.8403 -2.07597 8.59161
    endloop
  endfacet
  facet normal -0.608268 -0.0397372 0.792736
    outer loop
      vertex -27.0188 -0.719666 8.59161
      vertex -27.4858 -0.719666 8.23328
      vertex -27.4605 -1.10694 8.23328
    endloop
  endfacet
  facet normal -0.499938 -0.0218253 0.865786
    outer loop
      vertex -26.5403 -0.00498962 8.88593
      vertex -27.0188 -0.719666 8.59161
      vertex -26.5091 -0.719666 8.88593
    endloop
  endfacet
  facet normal -0.499863 -0.021892 0.865828
    outer loop
      vertex -27.0188 -0.719666 8.59161
      vertex -26.5403 -0.00498962 8.88593
      vertex -27.0501 -0.00498962 8.59161
    endloop
  endfacet
  facet normal -0.608533 0.0266513 0.793081
    outer loop
      vertex -27.4858 0.719666 8.23328
      vertex -27.0501 0.00498962 8.59161
      vertex -27.0188 0.719666 8.59161
    endloop
  endfacet
  facet normal -0.608616 0.0265698 0.79302
    outer loop
      vertex -27.0501 0.00498962 8.59161
      vertex -27.4858 0.719666 8.23328
      vertex -27.517 0.00498962 8.23328
    endloop
  endfacet
  facet normal -0.594731 0.131909 0.793029
    outer loop
      vertex -27.2914 2.19684 8.23328
      vertex -26.6855 2.77437 8.59161
      vertex -27.1365 2.89523 8.23328
    endloop
  endfacet
  facet normal -0.594672 0.131809 0.79309
    outer loop
      vertex -26.6855 2.77437 8.59161
      vertex -27.2914 2.19684 8.23328
      vertex -26.8403 2.07597 8.59161
    endloop
  endfacet
  facet normal -0.608268 0.0397372 0.792736
    outer loop
      vertex -27.4605 1.10694 8.23328
      vertex -27.4858 0.719666 8.23328
      vertex -27.0188 0.719666 8.59161
    endloop
  endfacet
  facet normal -0.751834 0.255294 0.607924
    outer loop
      vertex -27.1812 4.10428 7.81705
      vertex -27.6696 3.77796 7.35007
      vertex -27.3235 3.68521 7.81705
    endloop
  endfacet
  facet normal -0.195004 0.170946 0.96579
    outer loop
      vertex -23.6544 6.29866 9.11118
      vertex -23.7791 6.15641 9.11118
      vertex -23.2523 5.89662 9.26353
    endloop
  endfacet
  facet normal -0.376531 0.330175 0.865569
    outer loop
      vertex -24.3994 7.04366 8.59161
      vertex -24.615 6.79779 8.59161
      vertex -24.0389 6.6832 8.88593
    endloop
  endfacet
  facet normal -0.426379 0.669365 0.608401
    outer loop
      vertex -22.3208 10.3467 7.35007
      vertex -22.745 9.65204 7.81705
      vertex -22.1416 10.0364 7.81705
    endloop
  endfacet
  facet normal -0.42643 0.669369 0.608361
    outer loop
      vertex -22.745 9.65204 7.81705
      vertex -22.3208 10.3467 7.35007
      vertex -22.9241 9.96236 7.35007
    endloop
  endfacet
  facet normal -0.411526 0.449086 0.793076
    outer loop
      vertex -23.7189 8.38459 8.23328
      vertex -23.9161 7.57108 8.59161
      vertex -23.3887 8.05437 8.59161
    endloop
  endfacet
  facet normal -0.411534 0.449086 0.793071
    outer loop
      vertex -23.9161 7.57108 8.59161
      vertex -23.7189 8.38459 8.23328
      vertex -24.2463 7.90129 8.23328
    endloop
  endfacet
  facet normal -0.281252 0.540263 0.793103
    outer loop
      vertex -21.299 10.0063 8.23328
      vertex -21.7 9.27152 8.59161
      vertex -21.0655 9.60183 8.59161
    endloop
  endfacet
  facet normal -0.281292 0.540275 0.793082
    outer loop
      vertex -21.7 9.27152 8.59161
      vertex -21.299 10.0063 8.23328
      vertex -21.9335 9.67595 8.23328
    endloop
  endfacet
  facet normal -0.0603955 0.922212 0.381938
    outer loop
      vertex -17.0647 12.2097 6.8403
      vertex -17.6209 12.3985 6.29648
      vertex -17.5915 12.1752 6.8403
    endloop
  endfacet
  facet normal -0.11306 0.858604 0.500017
    outer loop
      vertex -17.5915 12.1752 6.8403
      vertex -18.2623 11.79 7.35007
      vertex -17.553 11.8834 7.35007
    endloop
  endfacet
  facet normal -0.113077 0.858611 0.5
    outer loop
      vertex -18.2623 11.79 7.35007
      vertex -17.5915 12.1752 6.8403
      vertex -18.3007 12.0818 6.8403
    endloop
  endfacet
  facet normal -0.0463891 0.706394 0.706297
    outer loop
      vertex -17.0647 11.5571 7.81705
      vertex -17.5063 11.5281 7.81705
      vertex -17.4519 11.1155 8.23328
    endloop
  endfacet
  facet normal -0.0327037 0.499789 0.865529
    outer loop
      vertex -17.0647 10.6738 8.59161
      vertex -17.3245 10.1471 8.88593
      vertex -17.0647 10.1641 8.88593
    endloop
  endfacet
  facet normal -0.0748158 0.375994 0.923597
    outer loop
      vertex -18.0337 10.0537 8.88593
      vertex -18.289 10.0029 8.88593
      vertex -17.9627 9.51452 9.11118
    endloop
  endfacet
  facet normal -0.0167026 0.382607 0.92376
    outer loop
      vertex -17.0647 10.1641 8.88593
      vertex -16.35 9.65146 9.11118
      vertex -16.35 10.1953 8.88593
    endloop
  endfacet
  facet normal -0.0167026 0.382607 0.92376
    outer loop
      vertex -16.35 9.65146 9.11118
      vertex -17.0647 10.1641 8.88593
      vertex -17.0647 9.62026 9.11118
    endloop
  endfacet
  facet normal -0.0419801 -0.12387 0.99141
    outer loop
      vertex -19.2672 -7.98238 9.34036
      vertex -19.3818 -8.55846 9.26353
      vertex -19.2307 -7.99475 9.34036
    endloop
  endfacet
  facet normal -0.0727153 -0.108731 0.991408
    outer loop
      vertex -21.2325 -6.95553 9.34036
      vertex -21.5877 -7.41852 9.26353
      vertex -21.4923 -7.48232 9.26353
    endloop
  endfacet
  facet normal -0.028277 -0.127551 0.991429
    outer loop
      vertex -18.5485 -8.20987 9.34036
      vertex -18.0011 -8.92841 9.26353
      vertex -17.8501 -8.3647 9.34036
    endloop
  endfacet
  facet normal -0.0282792 -0.127552 0.991429
    outer loop
      vertex -18.0011 -8.92841 9.26353
      vertex -18.5485 -8.20987 9.34036
      vertex -18.6995 -8.77357 9.26353
    endloop
  endfacet
  facet normal -0.0255206 -0.128286 0.991409
    outer loop
      vertex -17.8501 -8.3647 9.34036
      vertex -18.0011 -8.92841 9.26353
      vertex -17.8885 -8.95081 9.26353
    endloop
  endfacet
  facet normal -0.379378 -0.0499602 0.923892
    outer loop
      vertex -25.9529 -0.908468 9.11118
      vertex -26.3987 -1.68869 8.88593
      vertex -25.8595 -1.61771 9.11118
    endloop
  endfacet
  facet normal -0.379378 -0.0499604 0.923892
    outer loop
      vertex -26.3987 -1.68869 8.88593
      vertex -25.9529 -0.908468 9.11118
      vertex -26.4921 -0.979451 8.88593
    endloop
  endfacet
  facet normal -0.495731 -0.0652831 0.866019
    outer loop
      vertex -26.4921 -0.979451 8.88593
      vertex -26.9041 -1.75523 8.59161
      vertex -26.3987 -1.68869 8.88593
    endloop
  endfacet
  facet normal -0.495732 -0.065283 0.866019
    outer loop
      vertex -26.9041 -1.75523 8.59161
      vertex -26.4921 -0.979451 8.88593
      vertex -26.9975 -1.04599 8.59161
    endloop
  endfacet
  facet normal -0.416382 -0.278242 0.865568
    outer loop
      vertex -24.7907 -5.70346 8.88593
      vertex -25.2322 -5.95835 8.59161
      vertex -25.0505 -6.23026 8.59161
    endloop
  endfacet
  facet normal -0.458333 -0.401906 0.792719
    outer loop
      vertex -24.615 -6.79779 8.59161
      vertex -24.7296 -7.37387 8.23328
      vertex -24.3994 -7.04366 8.59161
    endloop
  endfacet
  facet normal -0.382526 -0.0251233 0.923603
    outer loop
      vertex -25.9653 -0.719666 9.11118
      vertex -26.4921 -0.979451 8.88593
      vertex -25.9529 -0.908468 9.11118
    endloop
  endfacet
  facet normal -0.258783 -0.0169962 0.965786
    outer loop
      vertex -25.3892 -0.834255 9.26353
      vertex -25.9653 -0.719666 9.11118
      vertex -25.9529 -0.908468 9.11118
    endloop
  endfacet
  facet normal -0.129406 -0.0170416 0.991445
    outer loop
      vertex -24.8106 -0.75808 9.34036
      vertex -25.2958 -1.5435 9.26353
      vertex -24.7172 -1.46732 9.34036
    endloop
  endfacet
  facet normal -0.129406 -0.0170415 0.991445
    outer loop
      vertex -25.2958 -1.5435 9.26353
      vertex -24.8106 -0.75808 9.34036
      vertex -25.3892 -0.834255 9.26353
    endloop
  endfacet
  facet normal -0.130521 -0.00854274 0.991409
    outer loop
      vertex -24.8106 -0.75808 9.34036
      vertex -25.3967 -0.719666 9.26353
      vertex -25.3892 -0.834255 9.26353
    endloop
  endfacet
  facet normal -0.254362 -0.0505791 0.965786
    outer loop
      vertex -25.2958 -1.5435 9.26353
      vertex -25.8595 -1.61771 9.11118
      vertex -25.8226 -1.80328 9.11118
    endloop
  endfacet
  facet normal -0.139193 -0.218475 0.965864
    outer loop
      vertex -21.7766 -7.97472 9.11118
      vertex -20.889 -7.86669 9.26353
      vertex -21.4923 -7.48232 9.26353
    endloop
  endfacet
  facet normal -0.139188 -0.218504 0.965859
    outer loop
      vertex -20.889 -7.86669 9.26353
      vertex -21.7766 -7.97472 9.11118
      vertex -21.1732 -8.35909 9.11118
    endloop
  endfacet
  facet normal -0.338575 -0.506893 0.792733
    outer loop
      vertex -22.3033 -8.88715 8.59161
      vertex -22.5753 -8.70547 8.59161
      vertex -22.5368 -9.29158 8.23328
    endloop
  endfacet
  facet normal -0.327294 -0.513714 0.79308
    outer loop
      vertex -22.5368 -9.29158 8.23328
      vertex -21.7 -9.27152 8.59161
      vertex -22.3033 -8.88715 8.59161
    endloop
  endfacet
  facet normal -0.327294 -0.513714 0.79308
    outer loop
      vertex -21.7 -9.27152 8.59161
      vertex -22.5368 -9.29158 8.23328
      vertex -21.9335 -9.67595 8.23328
    endloop
  endfacet
  facet normal -0.694844 -0.609338 0.381967
    outer loop
      vertex -25.8335 -7.73277 6.8403
      vertex -26.0122 -7.86989 6.29648
      vertex -25.6447 -8.28896 6.29648
    endloop
  endfacet
  facet normal -0.58511 -0.536164 0.60842
    outer loop
      vertex -25.2773 -7.92157 7.35007
      vertex -24.5406 -8.19561 7.81705
      vertex -25.0239 -7.66819 7.81705
    endloop
  endfacet
  facet normal -0.58511 -0.536164 0.60842
    outer loop
      vertex -24.5406 -8.19561 7.81705
      vertex -25.2773 -7.92157 7.35007
      vertex -24.794 -8.44899 7.35007
    endloop
  endfacet
  facet normal -0.114694 -0.232596 0.965787
    outer loop
      vertex -20.2544 -8.197 9.26353
      vertex -20.369 -8.77308 9.11118
      vertex -20.1514 -8.24779 9.26353
    endloop
  endfacet
  facet normal 0.0576836 0.117412 0.991407
    outer loop
      vertex 19.9281 7.70862 9.34036
      vertex 20.05 7.84294 9.31736
      vertex 20.05 7.89107 9.31166
    endloop
  endfacet
  facet normal 0.057873 0.117241 0.991416
    outer loop
      vertex 20.05 7.84294 9.31736
      vertex 19.9281 7.70862 9.34036
      vertex 19.9626 7.69159 9.34036
    endloop
  endfacet
  facet normal 0.0602953 -0.115845 0.991435
    outer loop
      vertex 20.05 -7.6461 9.34036
      vertex 19.9626 -7.69159 9.34036
      vertex 20.05 -7.84294 9.31736
    endloop
  endfacet
  facet normal -0.0834038 -0.245558 0.965787
    outer loop
      vertex -19.4905 -8.52154 9.26353
      vertex -19.7081 -9.04683 9.11118
      vertex -19.3818 -8.55846 9.26353
    endloop
  endfacet
  facet normal -0.0420666 -0.123853 0.991409
    outer loop
      vertex -19.2672 -7.98238 9.34036
      vertex -19.4905 -8.52154 9.26353
      vertex -19.3818 -8.55846 9.26353
    endloop
  endfacet
  facet normal -0.536169 -0.585106 0.608419
    outer loop
      vertex -24.5406 -8.19561 7.81705
      vertex -24.2666 -8.93228 7.35007
      vertex -24.0132 -8.6789 7.81705
    endloop
  endfacet
  facet normal -0.536169 -0.585106 0.608419
    outer loop
      vertex -24.2666 -8.93228 7.35007
      vertex -24.5406 -8.19561 7.81705
      vertex -24.794 -8.44899 7.35007
    endloop
  endfacet
  facet normal -0.370623 -0.482993 0.79332
    outer loop
      vertex -23.1428 -8.27 8.59161
      vertex -22.8595 -9.07595 8.23328
      vertex -22.5753 -8.70547 8.59161
    endloop
  endfacet
  facet normal -0.370552 -0.482985 0.793358
    outer loop
      vertex -22.8595 -9.07595 8.23328
      vertex -23.1428 -8.27 8.59161
      vertex -23.4271 -8.64048 8.23328
    endloop
  endfacet
  facet normal -0.42643 -0.669369 0.608361
    outer loop
      vertex -22.3208 -10.3467 7.35007
      vertex -22.745 -9.65204 7.81705
      vertex -22.9241 -9.96236 7.35007
    endloop
  endfacet
  facet normal -0.426379 -0.669365 0.608401
    outer loop
      vertex -22.745 -9.65204 7.81705
      vertex -22.3208 -10.3467 7.35007
      vertex -22.1416 -10.0364 7.81705
    endloop
  endfacet
  facet normal -0.278185 -0.416481 0.865539
    outer loop
      vertex -22.0485 -8.44568 8.88593
      vertex -22.5753 -8.70547 8.59161
      vertex -22.3033 -8.88715 8.59161
    endloop
  endfacet
  facet normal -0.161009 -0.474235 0.865551
    outer loop
      vertex -19.9162 -9.54926 8.88593
      vertex -20.1113 -10.0202 8.59161
      vertex -19.6697 -9.63295 8.88593
    endloop
  endfacet
  facet normal -0.191352 -0.461954 0.866015
    outer loop
      vertex -20.5771 -9.2755 8.88593
      vertex -20.1113 -10.0202 8.59161
      vertex -19.9162 -9.54926 8.88593
    endloop
  endfacet
  facet normal -0.191326 -0.461943 0.866027
    outer loop
      vertex -20.1113 -10.0202 8.59161
      vertex -20.5771 -9.2755 8.88593
      vertex -20.7722 -9.74647 8.59161
    endloop
  endfacet
  facet normal -0.0266504 -0.608533 0.793081
    outer loop
      vertex -17.0647 -11.1408 8.23328
      vertex -16.35 -10.7051 8.59161
      vertex -17.0647 -10.6738 8.59161
    endloop
  endfacet
  facet normal -0.0265689 -0.608616 0.79302
    outer loop
      vertex -16.35 -10.7051 8.59161
      vertex -17.0647 -11.1408 8.23328
      vertex -16.35 -11.172 8.23328
    endloop
  endfacet
  facet normal -0.0505972 -0.254356 0.965786
    outer loop
      vertex -17.8885 -8.95081 9.26353
      vertex -18.1483 -9.4776 9.11118
      vertex -17.9627 -9.51452 9.11118
    endloop
  endfacet
  facet normal -0.0505999 -0.254355 0.965786
    outer loop
      vertex -18.0011 -8.92841 9.26353
      vertex -18.1483 -9.4776 9.11118
      vertex -17.8885 -8.95081 9.26353
    endloop
  endfacet
  facet normal 0.0778954 -0.247074 0.965861
    outer loop
      vertex 18.6995 -8.77357 9.26353
      vertex 19.5289 -9.10765 9.11118
      vertex 19.3818 -8.55846 9.26353
    endloop
  endfacet
  facet normal 0.0779042 -0.247054 0.965865
    outer loop
      vertex 19.5289 -9.10765 9.11118
      vertex 18.6995 -8.77357 9.26353
      vertex 18.8467 -9.32277 9.11118
    endloop
  endfacet
  facet normal 0.0250315 -0.38254 0.9236
    outer loop
      vertex 17.0647 -9.62026 9.11118
      vertex 17.0647 -10.1641 8.88593
      vertex 17.3245 -10.1471 8.88593
    endloop
  endfacet
  facet normal 0.138092 -0.694292 0.706321
    outer loop
      vertex 18.5418 -10.9464 8.23328
      vertex 18.1612 -11.0221 8.23328
      vertex 18.6496 -11.3484 7.81705
    endloop
  endfacet
  facet normal 0.153077 -0.690626 0.706826
    outer loop
      vertex 19.2402 -10.7915 8.23328
      vertex 18.6496 -11.3484 7.81705
      vertex 19.348 -11.1936 7.81705
    endloop
  endfacet
  facet normal 0.153189 -0.690684 0.706745
    outer loop
      vertex 18.6496 -11.3484 7.81705
      vertex 19.2402 -10.7915 8.23328
      vertex 18.5418 -10.9464 8.23328
    endloop
  endfacet
  facet normal -0.118912 -0.59786 0.792731
    outer loop
      vertex -18.421 -10.4953 8.59161
      vertex -18.5418 -10.9464 8.23328
      vertex -18.1612 -11.0221 8.23328
    endloop
  endfacet
  facet normal -0.0923209 -0.701105 0.707056
    outer loop
      vertex -18.1612 -11.0221 8.23328
      vertex -17.5063 -11.5281 7.81705
      vertex -17.4519 -11.1155 8.23328
    endloop
  endfacet
  facet normal -0.0923351 -0.701114 0.707045
    outer loop
      vertex -17.5063 -11.5281 7.81705
      vertex -18.1612 -11.0221 8.23328
      vertex -18.2155 -11.4347 7.81705
    endloop
  endfacet
  facet normal -0.0397075 -0.608289 0.792722
    outer loop
      vertex -17.391 -10.6525 8.59161
      vertex -17.4519 -11.1155 8.23328
      vertex -17.0647 -10.6738 8.59161
    endloop
  endfacet
  facet normal -0.032623 -0.499761 0.865549
    outer loop
      vertex -17.3245 -10.1471 8.88593
      vertex -17.391 -10.6525 8.59161
      vertex -17.0647 -10.6738 8.59161
    endloop
  endfacet
  facet normal -0.310592 -0.914789 0.258251
    outer loop
      vertex -20.2574 -11.8265 6.29648
      vertex -20.7852 -11.6473 6.29648
      vertex -20.2969 -11.9736 5.72791
    endloop
  endfacet
  facet normal -0.310619 -0.914787 0.258226
    outer loop
      vertex -20.7852 -11.6473 6.29648
      vertex -20.8435 -11.788 5.72791
      vertex -20.2969 -11.9736 5.72791
    endloop
  endfacet
  facet normal -0.40864 -0.828884 0.382054
    outer loop
      vertex -21.8334 -10.9319 6.8403
      vertex -21.9461 -11.127 6.29648
      vertex -21.4461 -11.3735 6.29648
    endloop
  endfacet
  facet normal -0.457744 -0.879457 0.130482
    outer loop
      vertex -22.0606 -11.3255 5.14431
      vertex -22.6568 -10.9286 5.72791
      vertex -22.6952 -10.9952 5.14431
    endloop
  endfacet
  facet normal -0.457744 -0.879457 0.130482
    outer loop
      vertex -22.6568 -10.9286 5.72791
      vertex -22.0606 -11.3255 5.14431
      vertex -22.0222 -11.2589 5.72791
    endloop
  endfacet
  facet normal 0.0085532 -0.130519 0.991409
    outer loop
      vertex 17.1031 -8.46558 9.34036
      vertex 17.0647 -9.05169 9.26353
      vertex 17.1793 -9.04418 9.26353
    endloop
  endfacet
  facet normal 0.00856535 -0.13052 0.991409
    outer loop
      vertex 17.0647 -8.4681 9.34036
      vertex 17.0647 -9.05169 9.26353
      vertex 17.1031 -8.46558 9.34036
    endloop
  endfacet
  facet normal 0.115172 -0.365241 0.923761
    outer loop
      vertex 18.8467 -9.32277 9.11118
      vertex 19.6697 -9.63295 8.88593
      vertex 19.5289 -9.10765 9.11118
    endloop
  endfacet
  facet normal 0.115159 -0.365269 0.923752
    outer loop
      vertex 19.6697 -9.63295 8.88593
      vertex 18.8467 -9.32277 9.11118
      vertex 18.9874 -9.84806 8.88593
    endloop
  endfacet
  facet normal 0.0250825 -0.382519 0.923607
    outer loop
      vertex 17.2535 -9.60788 9.11118
      vertex 17.0647 -9.62026 9.11118
      vertex 17.3245 -10.1471 8.88593
    endloop
  endfacet
  facet normal 0.0499645 -0.379388 0.923888
    outer loop
      vertex 17.9627 -9.51452 9.11118
      vertex 17.3245 -10.1471 8.88593
      vertex 18.0337 -10.0537 8.88593
    endloop
  endfacet
  facet normal 0.0499403 -0.379367 0.923898
    outer loop
      vertex 17.3245 -10.1471 8.88593
      vertex 17.9627 -9.51452 9.11118
      vertex 17.2535 -9.60788 9.11118
    endloop
  endfacet
  facet normal 0.0392886 -0.124594 0.99143
    outer loop
      vertex 18.5485 -8.20987 9.34036
      vertex 19.3818 -8.55846 9.26353
      vertex 19.2307 -7.99475 9.34036
    endloop
  endfacet
  facet normal 0.0392843 -0.124604 0.991429
    outer loop
      vertex 19.3818 -8.55846 9.26353
      vertex 18.5485 -8.20987 9.34036
      vertex 18.6995 -8.77357 9.26353
    endloop
  endfacet
  facet normal 0.0499527 -0.120594 0.991444
    outer loop
      vertex 19.2672 -7.98238 9.34036
      vertex 20.05 -8.00293 9.29842
      vertex 19.9281 -7.70862 9.34036
    endloop
  endfacet
  facet normal 0.0499528 -0.120592 0.991445
    outer loop
      vertex 19.4905 -8.52154 9.26353
      vertex 20.05 -8.00293 9.29842
      vertex 19.2672 -7.98238 9.34036
    endloop
  endfacet
  facet normal 0.0499443 -0.120583 0.991446
    outer loop
      vertex 20.05 -8.00293 9.29842
      vertex 19.4905 -8.52154 9.26353
      vertex 20.05 -8.2898 9.26353
    endloop
  endfacet
  facet normal 0.0397448 -0.608268 0.792736
    outer loop
      vertex 17.0647 -10.6738 8.59161
      vertex 17.0647 -11.1408 8.23328
      vertex 17.4519 -11.1155 8.23328
    endloop
  endfacet
  facet normal 0.0169588 -0.258785 0.965786
    outer loop
      vertex 17.0647 -9.05169 9.26353
      vertex 17.0647 -9.62026 9.11118
      vertex 17.1793 -9.04418 9.26353
    endloop
  endfacet
  facet normal 0.0463891 -0.706394 0.706297
    outer loop
      vertex 17.4519 -11.1155 8.23328
      vertex 17.0647 -11.5571 7.81705
      vertex 17.5063 -11.5281 7.81705
    endloop
  endfacet
  facet normal 0.169081 -0.849833 0.499194
    outer loop
      vertex 18.7423 -11.6945 7.35007
      vertex 18.2623 -11.79 7.35007
      vertex 18.3007 -12.0818 6.8403
    endloop
  endfacet
  facet normal 0.103585 -0.786537 0.608793
    outer loop
      vertex 17.553 -11.8834 7.35007
      vertex 18.2155 -11.4347 7.81705
      vertex 17.5063 -11.5281 7.81705
    endloop
  endfacet
  facet normal 0.103569 -0.786529 0.608807
    outer loop
      vertex 18.2155 -11.4347 7.81705
      vertex 17.553 -11.8834 7.35007
      vertex 18.2623 -11.79 7.35007
    endloop
  endfacet
  facet normal -0.0603955 -0.922212 0.381938
    outer loop
      vertex -17.5915 -12.1752 6.8403
      vertex -17.6209 -12.3985 6.29648
      vertex -17.0647 -12.2097 6.8403
    endloop
  endfacet
  facet normal -0.0346138 -0.7929 0.608368
    outer loop
      vertex -17.0647 -11.9154 7.35007
      vertex -16.35 -11.5883 7.81705
      vertex -17.0647 -11.5571 7.81705
    endloop
  endfacet
  facet normal -0.0346138 -0.7929 0.608368
    outer loop
      vertex -16.35 -11.5883 7.81705
      vertex -17.0647 -11.9154 7.35007
      vertex -16.35 -11.9466 7.35007
    endloop
  endfacet
  facet normal 0.161002 -0.474215 0.865562
    outer loop
      vertex 19.6697 -9.63295 8.88593
      vertex 20.05 -9.87226 8.68408
      vertex 19.9162 -9.54926 8.88593
    endloop
  endfacet
  facet normal 0.16097 -0.474255 0.865547
    outer loop
      vertex 20.05 -9.87226 8.68408
      vertex 19.6697 -9.63295 8.88593
      vertex 20.05 -9.96647 8.63246
    endloop
  endfacet
  facet normal 0.212696 -0.674674 0.706806
    outer loop
      vertex 19.2402 -10.7915 8.23328
      vertex 20.0302 -10.9785 7.81705
      vertex 19.9225 -10.5764 8.23328
    endloop
  endfacet
  facet normal 0.212717 -0.674642 0.706831
    outer loop
      vertex 20.0302 -10.9785 7.81705
      vertex 19.2402 -10.7915 8.23328
      vertex 19.348 -11.1936 7.81705
    endloop
  endfacet
  facet normal 0.0421306 -0.965089 0.258513
    outer loop
      vertex 16.35 -12.6185 5.72791
      vertex 17.0647 -12.435 6.29648
      vertex 16.35 -12.4662 6.29648
    endloop
  endfacet
  facet normal 0.0421306 -0.965089 0.258513
    outer loop
      vertex 17.0647 -12.435 6.29648
      vertex 16.35 -12.6185 5.72791
      vertex 17.0647 -12.5873 5.72791
    endloop
  endfacet
  facet normal 0.193389 -0.97244 0.130232
    outer loop
      vertex 18.9162 -12.3436 5.72791
      vertex 18.35 -12.4562 5.72791
      vertex 18.9361 -12.4178 5.14431
    endloop
  endfacet
  facet normal 0.214682 -0.967942 0.130386
    outer loop
      vertex 18.9361 -12.4178 5.14431
      vertex 19.6146 -12.1887 5.72791
      vertex 18.9162 -12.3436 5.72791
    endloop
  endfacet
  facet normal 0.214682 -0.967942 0.130386
    outer loop
      vertex 19.6146 -12.1887 5.72791
      vertex 18.9361 -12.4178 5.14431
      vertex 19.6345 -12.2629 5.14431
    endloop
  endfacet
  facet normal 0.126119 -0.957638 0.258889
    outer loop
      vertex 17.6407 -12.5496 5.72791
      vertex 18.3301 -12.3051 6.29648
      vertex 17.6209 -12.3985 6.29648
    endloop
  endfacet
  facet normal 0.126101 -0.957635 0.258909
    outer loop
      vertex 18.3301 -12.3051 6.29648
      vertex 17.6407 -12.5496 5.72791
      vertex 18.35 -12.4562 5.72791
    endloop
  endfacet
  facet normal -0.120634 -0.915988 0.382639
    outer loop
      vertex -17.6209 -12.3985 6.29648
      vertex -18.3007 -12.0818 6.8403
      vertex -18.3301 -12.3051 6.29648
    endloop
  endfacet
  facet normal -0.120634 -0.915988 0.382639
    outer loop
      vertex -18.3007 -12.0818 6.8403
      vertex -17.6209 -12.3985 6.29648
      vertex -17.5915 -12.1752 6.8403
    endloop
  endfacet
  facet normal -0.126101 -0.957635 0.258909
    outer loop
      vertex -17.6407 -12.5496 5.72791
      vertex -18.3301 -12.3051 6.29648
      vertex -18.35 -12.4562 5.72791
    endloop
  endfacet
  facet normal -0.126119 -0.957638 0.258889
    outer loop
      vertex -18.3301 -12.3051 6.29648
      vertex -17.6407 -12.5496 5.72791
      vertex -17.6209 -12.3985 6.29648
    endloop
  endfacet
  facet normal -0.193438 -0.972424 0.130283
    outer loop
      vertex -18.35 -12.4562 5.72791
      vertex -18.9361 -12.4178 5.14431
      vertex -18.36 -12.5324 5.14431
    endloop
  endfacet
  facet normal -0.129316 -0.982971 0.130561
    outer loop
      vertex -17.6508 -12.6257 5.14431
      vertex -18.35 -12.4562 5.72791
      vertex -18.36 -12.5324 5.14431
    endloop
  endfacet
  facet normal -0.129437 -0.982974 0.130417
    outer loop
      vertex -18.35 -12.4562 5.72791
      vertex -17.6508 -12.6257 5.14431
      vertex -17.6407 -12.5496 5.72791
    endloop
  endfacet
  facet normal -0.0632622 -0.964011 0.258225
    outer loop
      vertex -17.0647 -12.435 6.29648
      vertex -17.6209 -12.3985 6.29648
      vertex -17.0647 -12.5873 5.72791
    endloop
  endfacet
  facet normal -0.0630939 -0.963981 0.258379
    outer loop
      vertex -17.6209 -12.3985 6.29648
      vertex -17.6407 -12.5496 5.72791
      vertex -17.0647 -12.5873 5.72791
    endloop
  endfacet
  facet normal -0.180222 -0.906416 0.382007
    outer loop
      vertex -18.8185 -11.9788 6.8403
      vertex -18.8768 -12.1964 6.29648
      vertex -18.3301 -12.3051 6.29648
    endloop
  endfacet
  facet normal -0.180305 -0.906428 0.38194
    outer loop
      vertex -18.3007 -12.0818 6.8403
      vertex -18.8185 -11.9788 6.8403
      vertex -18.3301 -12.3051 6.29648
    endloop
  endfacet
  facet normal -0.103569 -0.786529 0.608807
    outer loop
      vertex -17.553 -11.8834 7.35007
      vertex -18.2155 -11.4347 7.81705
      vertex -18.2623 -11.79 7.35007
    endloop
  endfacet
  facet normal -0.103585 -0.786537 0.608793
    outer loop
      vertex -18.2155 -11.4347 7.81705
      vertex -17.553 -11.8834 7.35007
      vertex -17.5063 -11.5281 7.81705
    endloop
  endfacet
  facet normal -0.154926 -0.778685 0.607986
    outer loop
      vertex -18.2155 -11.4347 7.81705
      vertex -18.7423 -11.6945 7.35007
      vertex -18.2623 -11.79 7.35007
    endloop
  endfacet
  facet normal 0.057873 -0.117241 0.991416
    outer loop
      vertex 19.9281 -7.70862 9.34036
      vertex 20.05 -7.84294 9.31736
      vertex 19.9626 -7.69159 9.34036
    endloop
  endfacet
  facet normal 0.0576836 -0.117412 0.991407
    outer loop
      vertex 20.05 -7.84294 9.31736
      vertex 19.9281 -7.70862 9.34036
      vertex 20.05 -7.89107 9.31166
    endloop
  endfacet
  facet normal -0.282375 0.258754 0.923748
    outer loop
      vertex -24.0389 6.6832 8.88593
      vertex -23.1711 6.82608 9.11118
      vertex -23.5556 7.21062 8.88593
    endloop
  endfacet
  facet normal -0.282375 0.258754 0.923748
    outer loop
      vertex -23.1711 6.82608 9.11118
      vertex -24.0389 6.6832 8.88593
      vertex -23.6544 6.29866 9.11118
    endloop
  endfacet
  facet normal 0.277873 -0.881226 0.382396
    outer loop
      vertex 19.5752 -12.0416 6.29648
      vertex 20.05 -11.6559 6.8403
      vertex 19.5169 -11.824 6.8403
    endloop
  endfacet
  facet normal 0.277842 -0.881225 0.382423
    outer loop
      vertex 20.05 -11.6559 6.8403
      vertex 19.5752 -12.0416 6.29648
      vertex 20.05 -11.8919 6.29648
    endloop
  endfacet
  facet normal -0.10356 -0.0794479 0.991445
    outer loop
      vertex -23.3005 -4.88748 9.34036
      vertex -23.3281 -5.81028 9.26353
      vertex -22.8651 -5.45502 9.34036
    endloop
  endfacet
  facet normal -0.103558 -0.0794479 0.991445
    outer loop
      vertex -23.3281 -5.81028 9.26353
      vertex -23.3005 -4.88748 9.34036
      vertex -23.7635 -5.24275 9.26353
    endloop
  endfacet
  facet normal -0.195101 0.980783 0
    outer loop
      vertex -18.36 12.5324 4.95
      vertex -18.9361 12.4178 5.14431
      vertex -18.36 12.5324 5.14431
    endloop
  endfacet
  facet normal -0.195101 0.980783 0
    outer loop
      vertex -18.9361 12.4178 5.14431
      vertex -18.36 12.5324 4.95
      vertex -18.9361 12.4178 4.95
    endloop
  endfacet
  facet normal -0.0420666 0.123853 0.991409
    outer loop
      vertex -19.3818 8.55846 9.26353
      vertex -19.4905 8.52154 9.26353
      vertex -19.2672 7.98238 9.34036
    endloop
  endfacet
  facet normal -0.175005 0.190977 0.965868
    outer loop
      vertex -22.6437 7.30937 9.11118
      vertex -22.769 6.42404 9.26353
      vertex -22.2416 6.90733 9.26353
    endloop
  endfacet
  facet normal -0.175005 0.190977 0.965868
    outer loop
      vertex -22.769 6.42404 9.26353
      vertex -22.6437 7.30937 9.11118
      vertex -23.1711 6.82608 9.11118
    endloop
  endfacet
  facet normal -0.252724 0.288254 0.923602
    outer loop
      vertex -22.5014 7.43413 9.11118
      vertex -22.8325 7.86557 8.88593
      vertex -22.6437 7.30937 9.11118
    endloop
  endfacet
  facet normal -0.157534 0.205332 0.965931
    outer loop
      vertex -21.9339 7.8696 9.11118
      vertex -22.1553 6.98305 9.26353
      vertex -21.5877 7.41852 9.26353
    endloop
  endfacet
  facet normal -0.157567 0.20534 0.965924
    outer loop
      vertex -22.1553 6.98305 9.26353
      vertex -21.9339 7.8696 9.11118
      vertex -22.5014 7.43413 9.11118
    endloop
  endfacet
  facet normal -0.258755 -0.282372 0.923749
    outer loop
      vertex -23.1711 -6.82608 9.11118
      vertex -23.0282 -7.69391 8.88593
      vertex -22.6437 -7.30937 9.11118
    endloop
  endfacet
  facet normal -0.258755 -0.282372 0.923749
    outer loop
      vertex -23.0282 -7.69391 8.88593
      vertex -23.1711 -6.82608 9.11118
      vertex -23.5556 -7.21062 8.88593
    endloop
  endfacet
  facet normal -0.0112981 0.258806 0.965863
    outer loop
      vertex -17.0647 9.62026 9.11118
      vertex -16.35 9.08289 9.26353
      vertex -16.35 9.65146 9.11118
    endloop
  endfacet
  facet normal -0.0112981 0.258806 0.965863
    outer loop
      vertex -16.35 9.08289 9.26353
      vertex -17.0647 9.62026 9.11118
      vertex -17.0647 9.05169 9.26353
    endloop
  endfacet
  facet normal -0.399986 0.768365 0.499626
    outer loop
      vertex -21.8334 10.9319 6.8403
      vertex -22.3208 10.3467 7.35007
      vertex -21.6863 10.677 7.35007
    endloop
  endfacet
  facet normal -0.399921 0.768362 0.499684
    outer loop
      vertex -22.3208 10.3467 7.35007
      vertex -21.8334 10.9319 6.8403
      vertex -22.468 10.6016 6.8403
    endloop
  endfacet
  facet normal -0.278522 0.820514 0.499181
    outer loop
      vertex -20.1991 11.6089 6.8403
      vertex -20.5864 11.1673 7.35007
      vertex -20.123 11.3246 7.35007
    endloop
  endfacet
  facet normal -0.255273 0.751826 0.607941
    outer loop
      vertex -20.123 11.3246 7.35007
      vertex -20.4493 10.8362 7.81705
      vertex -20.0302 10.9785 7.81705
    endloop
  endfacet
  facet normal -0.221502 0.44916 0.865559
    outer loop
      vertex -20.7722 9.74647 8.59161
      vertex -21.0655 9.60183 8.59161
      vertex -20.8106 9.16036 8.88593
    endloop
  endfacet
  facet normal -0.313013 0.634963 0.706289
    outer loop
      vertex -20.9509 10.1779 8.23328
      vertex -21.5071 10.3667 7.81705
      vertex -21.299 10.0063 8.23328
    endloop
  endfacet
  facet normal -0.326725 0.627538 0.706715
    outer loop
      vertex -21.5071 10.3667 7.81705
      vertex -21.9335 9.67595 8.23328
      vertex -21.299 10.0063 8.23328
    endloop
  endfacet
  facet normal -0.326669 0.627526 0.706752
    outer loop
      vertex -21.9335 9.67595 8.23328
      vertex -21.5071 10.3667 7.81705
      vertex -22.1416 10.0364 7.81705
    endloop
  endfacet
  facet normal -0.160954 0.474285 0.865533
    outer loop
      vertex -19.8016 10.1253 8.59161
      vertex -20.1113 10.0202 8.59161
      vertex -19.6697 9.63295 8.88593
    endloop
  endfacet
  facet normal -0.0977337 0.49117 0.865564
    outer loop
      vertex -18.0337 10.0537 8.88593
      vertex -18.421 10.4953 8.59161
      vertex -18.289 10.0029 8.88593
    endloop
  endfacet
  facet normal -0.313055 0.634908 0.70632
    outer loop
      vertex -21.1102 10.5624 7.81705
      vertex -21.5071 10.3667 7.81705
      vertex -20.9509 10.1779 8.23328
    endloop
  endfacet
  facet normal -0.255203 0.751818 0.607981
    outer loop
      vertex -20.123 11.3246 7.35007
      vertex -20.5864 11.1673 7.35007
      vertex -20.4493 10.8362 7.81705
    endloop
  endfacet
  facet normal -0.5134 0.768393 0.382091
    outer loop
      vertex -23.0713 10.2172 6.8403
      vertex -23.6474 10.1027 6.29648
      vertex -23.5102 9.92395 6.8403
    endloop
  endfacet
  facet normal -0.571294 0.651491 0.499182
    outer loop
      vertex -23.8986 9.25498 7.35007
      vertex -24.4747 9.14039 6.8403
      vertex -24.2666 8.93228 7.35007
    endloop
  endfacet
  facet normal -0.466708 0.532203 0.706359
    outer loop
      vertex -23.6805 8.9707 7.81705
      vertex -23.7189 8.38459 8.23328
      vertex -23.4271 8.64048 8.23328
    endloop
  endfacet
  facet normal -0.562342 0.732967 0.382794
    outer loop
      vertex -23.6474 10.1027 6.29648
      vertex -24.0778 9.48848 6.8403
      vertex -23.5102 9.92395 6.8403
    endloop
  endfacet
  facet normal -0.56247 0.732938 0.38266
    outer loop
      vertex -24.0778 9.48848 6.8403
      vertex -23.6474 10.1027 6.29648
      vertex -24.2149 9.66719 6.29648
    endloop
  endfacet
  facet normal -0.49652 0.779267 0.382375
    outer loop
      vertex -22.5806 10.7967 6.29648
      vertex -23.0713 10.2172 6.8403
      vertex -22.468 10.6016 6.8403
    endloop
  endfacet
  facet normal -0.49652 0.779267 0.382375
    outer loop
      vertex -23.0713 10.2172 6.8403
      vertex -22.5806 10.7967 6.29648
      vertex -23.1839 10.4123 6.29648
    endloop
  endfacet
  facet normal 0.15482 0.778765 0.607911
    outer loop
      vertex 18.7423 11.6945 7.35007
      vertex 18.2155 11.4347 7.81705
      vertex 18.6496 11.3484 7.81705
    endloop
  endfacet
  facet normal 0.138036 0.694336 0.706288
    outer loop
      vertex 18.2155 11.4347 7.81705
      vertex 18.1612 11.0221 8.23328
      vertex 18.6496 11.3484 7.81705
    endloop
  endfacet
  facet normal 0.0499645 0.379388 0.923888
    outer loop
      vertex 17.3245 10.1471 8.88593
      vertex 17.9627 9.51452 9.11118
      vertex 18.0337 10.0537 8.88593
    endloop
  endfacet
  facet normal 0.0499403 0.379367 0.923898
    outer loop
      vertex 17.9627 9.51452 9.11118
      vertex 17.3245 10.1471 8.88593
      vertex 17.2535 9.60788 9.11118
    endloop
  endfacet
  facet normal 0.118901 0.597857 0.792735
    outer loop
      vertex 18.1612 11.0221 8.23328
      vertex 18.1002 10.5591 8.59161
      vertex 18.421 10.4953 8.59161
    endloop
  endfacet
  facet normal 0.0976889 0.4912 0.865551
    outer loop
      vertex 18.1002 10.5591 8.59161
      vertex 18.0337 10.0537 8.88593
      vertex 18.421 10.4953 8.59161
    endloop
  endfacet
  facet normal 0.183168 0.58101 0.793018
    outer loop
      vertex 19.1194 10.3405 8.59161
      vertex 19.9225 10.5764 8.23328
      vertex 19.2402 10.7915 8.23328
    endloop
  endfacet
  facet normal 0.183239 0.580882 0.793095
    outer loop
      vertex 19.9225 10.5764 8.23328
      vertex 19.1194 10.3405 8.59161
      vertex 19.8016 10.1253 8.59161
    endloop
  endfacet
  facet normal 0.032623 0.499761 0.865549
    outer loop
      vertex 17.391 10.6525 8.59161
      vertex 17.0647 10.6738 8.59161
      vertex 17.3245 10.1471 8.88593
    endloop
  endfacet
  facet normal 0.0652871 0.495735 0.866016
    outer loop
      vertex 17.391 10.6525 8.59161
      vertex 18.0337 10.0537 8.88593
      vertex 18.1002 10.5591 8.59161
    endloop
  endfacet
  facet normal 0.0652871 0.495735 0.866016
    outer loop
      vertex 18.0337 10.0537 8.88593
      vertex 17.391 10.6525 8.59161
      vertex 17.3245 10.1471 8.88593
    endloop
  endfacet
  facet normal 0.130433 0.991457 -0
    outer loop
      vertex 18.36 12.5324 4.95
      vertex 17.6508 12.6257 5.14431
      vertex 18.36 12.5324 5.14431
    endloop
  endfacet
  facet normal 0.130433 0.991457 0
    outer loop
      vertex 17.6508 12.6257 5.14431
      vertex 18.36 12.5324 4.95
      vertex 17.6508 12.6257 4.95
    endloop
  endfacet
  facet normal 0.0085532 0.130519 0.991409
    outer loop
      vertex 17.1793 9.04418 9.26353
      vertex 17.0647 9.05169 9.26353
      vertex 17.1031 8.46558 9.34036
    endloop
  endfacet
  facet normal 0.0169588 0.258785 0.965786
    outer loop
      vertex 17.0647 9.62026 9.11118
      vertex 17.0647 9.05169 9.26353
      vertex 17.1793 9.04418 9.26353
    endloop
  endfacet
  facet normal -0.245501 0.0835346 0.96579
    outer loop
      vertex -24.8665 3.14551 9.26353
      vertex -25.3918 3.3631 9.11118
      vertex -24.9035 3.03677 9.26353
    endloop
  endfacet
  facet normal 0.0505999 0.254355 0.965786
    outer loop
      vertex 18.1483 9.4776 9.11118
      vertex 17.8885 8.95081 9.26353
      vertex 18.0011 8.92841 9.26353
    endloop
  endfacet
  facet normal -0.239125 -0.0990278 0.965926
    outer loop
      vertex -24.8665 -3.14551 9.26353
      vertex -25.1181 -4.024 9.11118
      vertex -24.5928 -3.80642 9.26353
    endloop
  endfacet
  facet normal -0.239123 -0.0990285 0.965926
    outer loop
      vertex -25.1181 -4.024 9.11118
      vertex -24.8665 -3.14551 9.26353
      vertex -25.3918 -3.3631 9.11118
    endloop
  endfacet
  facet normal 0.0499443 0.120583 0.991446
    outer loop
      vertex 19.4905 8.52154 9.26353
      vertex 20.05 8.00293 9.29842
      vertex 20.05 8.2898 9.26353
    endloop
  endfacet
  facet normal 0.0499528 0.120592 0.991445
    outer loop
      vertex 20.05 8.00293 9.29842
      vertex 19.4905 8.52154 9.26353
      vertex 19.2672 7.98238 9.34036
    endloop
  endfacet
  facet normal 0.0499527 0.120594 0.991444
    outer loop
      vertex 20.05 8.00293 9.29842
      vertex 19.2672 7.98238 9.34036
      vertex 19.9281 7.70862 9.34036
    endloop
  endfacet
  facet normal 0.0602953 0.115845 0.991435
    outer loop
      vertex 20.05 7.84294 9.31736
      vertex 19.9626 7.69159 9.34036
      vertex 20.05 7.6461 9.34036
    endloop
  endfacet
  facet normal 0.0505972 0.254356 0.965786
    outer loop
      vertex 17.9627 9.51452 9.11118
      vertex 17.8885 8.95081 9.26353
      vertex 18.1483 9.4776 9.11118
    endloop
  endfacet
  facet normal 0.16097 0.474255 0.865547
    outer loop
      vertex 19.6697 9.63295 8.88593
      vertex 20.05 9.87226 8.68408
      vertex 20.05 9.96647 8.63246
    endloop
  endfacet
  facet normal 0.161002 0.474215 0.865562
    outer loop
      vertex 20.05 9.87226 8.68408
      vertex 19.6697 9.63295 8.88593
      vertex 19.9162 9.54926 8.88593
    endloop
  endfacet
  facet normal 0.191336 0.46194 0.866026
    outer loop
      vertex 20.05 9.87226 8.68408
      vertex 19.9162 9.54926 8.88593
      vertex 20.05 9.49384 8.88593
    endloop
  endfacet
  facet normal -0.624258 -0.681234 0.38239
    outer loop
      vertex -24.634 -9.29967 6.29648
      vertex -25.0021 -8.6571 6.8403
      vertex -25.1614 -8.81638 6.29648
    endloop
  endfacet
  facet normal -0.624258 -0.681234 0.38239
    outer loop
      vertex -25.0021 -8.6571 6.8403
      vertex -24.634 -9.29967 6.29648
      vertex -24.4747 -9.14039 6.8403
    endloop
  endfacet
  facet normal -0.321433 -0.946932 0
    outer loop
      vertex -20.8729 -11.859 4.95
      vertex -20.3167 -12.0478 5.14431
      vertex -20.8729 -11.859 5.14431
    endloop
  endfacet
  facet normal -0.321433 -0.946932 -0
    outer loop
      vertex -20.3167 -12.0478 5.14431
      vertex -20.8729 -11.859 4.95
      vertex -20.3167 -12.0478 4.95
    endloop
  endfacet
  facet normal -0.675603 -0.737266 0
    outer loop
      vertex -25.3234 -8.97844 5.05
      vertex -24.796 -9.46173 5.14431
      vertex -25.3234 -8.97844 5.14431
    endloop
  endfacet
  facet normal -0.675603 -0.737266 -0
    outer loop
      vertex -24.796 -9.46173 5.14431
      vertex -25.3234 -8.97844 5.05
      vertex -24.796 -9.46173 5.05
    endloop
  endfacet
  facet normal -0.555525 -0.8315 0
    outer loop
      vertex -23.7869 -10.2845 5.05
      vertex -23.2985 -10.6108 5.14431
      vertex -23.7869 -10.2845 5.14431
    endloop
  endfacet
  facet normal -0.555525 -0.8315 -0
    outer loop
      vertex -23.2985 -10.6108 5.14431
      vertex -23.7869 -10.2845 5.05
      vertex -23.2985 -10.6108 5.05
    endloop
  endfacet
  facet normal -0.67031 -0.227612 0.706312
    outer loop
      vertex -26.7967 -3.945 8.23328
      vertex -27.3235 -3.68521 7.81705
      vertex -27.1812 -4.10428 7.81705
    endloop
  endfacet
  facet normal -0.906426 -0.180312 0.381942
    outer loop
      vertex -28.4268 -1.9557 6.8403
      vertex -28.6501 -1.98511 6.29648
      vertex -28.3238 -2.47348 6.8403
    endloop
  endfacet
  facet normal -0.66018 -0.440993 0.608019
    outer loop
      vertex -25.997 -6.39995 7.81705
      vertex -26.3074 -6.57912 7.35007
      vertex -25.7512 -6.76792 7.81705
    endloop
  endfacet
  facet normal -0.629391 -0.482961 0.608782
    outer loop
      vertex -26.0355 -6.98606 7.35007
      vertex -25.3157 -7.33546 7.81705
      vertex -25.7512 -6.76792 7.81705
    endloop
  endfacet
  facet normal -0.629391 -0.482961 0.608782
    outer loop
      vertex -25.3157 -7.33546 7.81705
      vertex -26.0355 -6.98606 7.35007
      vertex -25.6 -7.5536 7.35007
    endloop
  endfacet
  facet normal -0.751834 -0.255294 0.607924
    outer loop
      vertex -27.3235 -3.68521 7.81705
      vertex -27.6696 -3.77796 7.35007
      vertex -27.1812 -4.10428 7.81705
    endloop
  endfacet
  facet normal -0.652628 -0.712194 0.258566
    outer loop
      vertex -24.7417 -9.4074 5.72791
      vertex -25.1614 -8.81638 6.29648
      vertex -25.2691 -8.92411 5.72791
    endloop
  endfacet
  facet normal -0.652628 -0.712194 0.258566
    outer loop
      vertex -25.1614 -8.81638 6.29648
      vertex -24.7417 -9.4074 5.72791
      vertex -24.634 -9.29967 6.29648
    endloop
  endfacet
  facet normal -0.681239 -0.624252 0.382392
    outer loop
      vertex -25.6447 -8.28896 6.29648
      vertex -25.0021 -8.6571 6.8403
      vertex -25.4854 -8.12968 6.8403
    endloop
  endfacet
  facet normal -0.681239 -0.624252 0.382392
    outer loop
      vertex -25.0021 -8.6571 6.8403
      vertex -25.6447 -8.28896 6.29648
      vertex -25.1614 -8.81638 6.29648
    endloop
  endfacet
  facet normal -0.843364 -0.537342 0
    outer loop
      vertex -26.9558 -6.9535 4.95
      vertex -27.3402 -6.35018 5.14431
      vertex -27.3402 -6.35018 4.95
    endloop
  endfacet
  facet normal -0.843364 -0.537342 0
    outer loop
      vertex -27.3402 -6.35018 5.14431
      vertex -26.9558 -6.9535 4.95
      vertex -26.9558 -6.9535 5.14431
    endloop
  endfacet
  facet normal -0.879435 -0.457784 0.13049
    outer loop
      vertex -27.6705 -5.71564 5.14431
      vertex -27.2736 -6.31176 5.72791
      vertex -27.6039 -5.67723 5.72791
    endloop
  endfacet
  facet normal -0.879437 -0.457778 0.130498
    outer loop
      vertex -27.2736 -6.31176 5.72791
      vertex -27.6705 -5.71564 5.14431
      vertex -27.3402 -6.35018 5.14431
    endloop
  endfacet
  facet normal -0.49652 -0.779267 0.382375
    outer loop
      vertex -22.5806 -10.7967 6.29648
      vertex -23.0713 -10.2172 6.8403
      vertex -23.1839 -10.4123 6.29648
    endloop
  endfacet
  facet normal -0.49652 -0.779267 0.382375
    outer loop
      vertex -23.0713 -10.2172 6.8403
      vertex -22.5806 -10.7967 6.29648
      vertex -22.468 -10.6016 6.8403
    endloop
  endfacet
  facet normal -0.803289 0.536624 0.258383
    outer loop
      vertex -26.4477 7.30236 6.29648
      vertex -26.8893 6.91508 5.72791
      vertex -26.7573 6.83891 6.29648
    endloop
  endfacet
  facet normal -0.76846 0.513357 0.382012
    outer loop
      vertex -26.4477 7.30236 6.29648
      vertex -26.7573 6.83891 6.29648
      vertex -26.5622 6.72628 6.8403
    endloop
  endfacet
  facet normal -0.836169 0.532757 0.130353
    outer loop
      vertex -27.3402 6.35018 5.14431
      vertex -26.8893 6.91508 5.72791
      vertex -26.9558 6.9535 5.14431
    endloop
  endfacet
  facet normal -0.836216 0.532649 0.130494
    outer loop
      vertex -26.8893 6.91508 5.72791
      vertex -27.3402 6.35018 5.14431
      vertex -27.2736 6.31176 5.72791
    endloop
  endfacet
  facet normal -0.866468 0.427246 0.258253
    outer loop
      vertex -27.6039 5.67723 5.72791
      vertex -27.7185 5.10114 6.29648
      vertex -27.472 5.60105 6.29648
    endloop
  endfacet
  facet normal -0.777134 0.383249 0.499182
    outer loop
      vertex -27.2769 5.48842 6.8403
      vertex -27.5104 5.01494 6.8403
      vertex -27.2385 4.90231 7.35007
    endloop
  endfacet
  facet normal -0.849829 0.169053 0.499212
    outer loop
      vertex -28.3238 2.47348 6.8403
      vertex -28.4268 1.9557 6.8403
      vertex -28.0395 2.39731 7.35007
    endloop
  endfacet
  facet normal -0.828864 0.40876 0.381968
    outer loop
      vertex -27.2769 5.48842 6.8403
      vertex -27.7185 5.10114 6.29648
      vertex -27.5104 5.01494 6.8403
    endloop
  endfacet
  facet normal -0.694308 -0.138077 0.706308
    outer loop
      vertex -27.3671 -1.81619 8.23328
      vertex -27.6934 -2.30457 7.81705
      vertex -27.2914 -2.19684 8.23328
    endloop
  endfacet
  facet normal -0.845698 -0.187451 0.499657
    outer loop
      vertex -28.3238 -2.47348 6.8403
      vertex -27.8847 -3.0957 7.35007
      vertex -28.0395 -2.39731 7.35007
    endloop
  endfacet
  facet normal -0.845697 -0.187448 0.49966
    outer loop
      vertex -27.8847 -3.0957 7.35007
      vertex -28.3238 -2.47348 6.8403
      vertex -28.169 -3.17188 6.8403
    endloop
  endfacet
  facet normal -0.915999 -0.379345 0.130549
    outer loop
      vertex -28.204 -4.52794 5.14431
      vertex -27.8593 -5.15944 5.72791
      vertex -28.133 -4.49854 5.72791
    endloop
  endfacet
  facet normal -0.916 -0.37934 0.130556
    outer loop
      vertex -27.8593 -5.15944 5.72791
      vertex -28.204 -4.52794 5.14431
      vertex -27.9303 -5.18885 5.14431
    endloop
  endfacet
  facet normal -0.976276 0.216531 0
    outer loop
      vertex -28.7628 2.5911 4.95
      vertex -28.6079 3.2895 5.14431
      vertex -28.6079 3.2895 4.95
    endloop
  endfacet
  facet normal -0.976276 0.216531 0
    outer loop
      vertex -28.6079 3.2895 5.14431
      vertex -28.7628 2.5911 4.95
      vertex -28.7628 2.5911 5.14431
    endloop
  endfacet
  facet normal -0.972443 0.193379 0.130226
    outer loop
      vertex -28.7628 2.5911 5.14431
      vertex -28.8012 2.00499 5.72791
      vertex -28.6886 2.57122 5.72791
    endloop
  endfacet
  facet normal -0.889185 0.438591 0.130339
    outer loop
      vertex -27.6705 5.71564 5.14431
      vertex -27.8593 5.15944 5.72791
      vertex -27.6039 5.67723 5.72791
    endloop
  endfacet
  facet normal -0.879437 0.457778 0.130498
    outer loop
      vertex -27.6705 5.71564 5.14431
      vertex -27.2736 6.31176 5.72791
      vertex -27.3402 6.35018 5.14431
    endloop
  endfacet
  facet normal -0.879435 0.457784 0.13049
    outer loop
      vertex -27.2736 6.31176 5.72791
      vertex -27.6705 5.71564 5.14431
      vertex -27.6039 5.67723 5.72791
    endloop
  endfacet
  facet normal -0.732909 0.303632 0.608812
    outer loop
      vertex -27.5123 4.24141 7.35007
      vertex -26.9074 4.76518 7.81705
      vertex -27.2385 4.90231 7.35007
    endloop
  endfacet
  facet normal -0.732909 0.303632 0.608812
    outer loop
      vertex -26.9074 4.76518 7.81705
      vertex -27.5123 4.24141 7.35007
      vertex -27.1812 4.10428 7.81705
    endloop
  endfacet
  facet normal -0.596718 0.380095 0.706722
    outer loop
      vertex -25.997 6.39995 7.81705
      vertex -26.0209 5.58852 8.23328
      vertex -25.6366 6.19184 8.23328
    endloop
  endfacet
  facet normal -0.596614 0.380128 0.706792
    outer loop
      vertex -26.0209 5.58852 8.23328
      vertex -25.997 6.39995 7.81705
      vertex -26.3814 5.79663 7.81705
    endloop
  endfacet
  facet normal -0.687114 0.527133 0.500005
    outer loop
      vertex -26.2689 7.16523 6.8403
      vertex -25.6 7.5536 7.35007
      vertex -25.8335 7.73277 6.8403
    endloop
  endfacet
  facet normal -0.687102 0.527245 0.499904
    outer loop
      vertex -25.6 7.5536 7.35007
      vertex -26.2689 7.16523 6.8403
      vertex -26.0355 6.98606 7.35007
    endloop
  endfacet
  facet normal -0.720505 0.481431 0.499096
    outer loop
      vertex -26.2689 7.16523 6.8403
      vertex -26.5622 6.72628 6.8403
      vertex -26.0355 6.98606 7.35007
    endloop
  endfacet
  facet normal -0.506849 0.338695 0.79271
    outer loop
      vertex -25.0505 6.23026 8.59161
      vertex -25.6366 6.19184 8.23328
      vertex -25.2322 5.95835 8.59161
    endloop
  endfacet
  facet normal -0.694329 0.13805 0.706293
    outer loop
      vertex -27.6934 2.30457 7.81705
      vertex -27.7797 1.87052 7.81705
      vertex -27.3671 1.81619 8.23328
    endloop
  endfacet
  facet normal -0.477188 0.150518 0.865815
    outer loop
      vertex -26.4703 3.45662 8.59161
      vertex -26.1931 2.64243 8.88593
      vertex -25.9779 3.32468 8.88593
    endloop
  endfacet
  facet normal -0.477188 0.150518 0.865815
    outer loop
      vertex -26.1931 2.64243 8.88593
      vertex -26.4703 3.45662 8.59161
      vertex -26.6855 2.77437 8.59161
    endloop
  endfacet
  facet normal -0.800091 0.331465 0.499986
    outer loop
      vertex -27.7842 4.35404 6.8403
      vertex -27.2385 4.90231 7.35007
      vertex -27.5104 5.01494 6.8403
    endloop
  endfacet
  facet normal -0.800091 0.331465 0.499986
    outer loop
      vertex -27.2385 4.90231 7.35007
      vertex -27.7842 4.35404 6.8403
      vertex -27.5123 4.24141 7.35007
    endloop
  endfacet
  facet normal -0.546701 0.269716 0.792699
    outer loop
      vertex -25.9468 4.72049 8.59161
      vertex -26.5229 4.6059 8.23328
      vertex -26.0915 4.42719 8.59161
    endloop
  endfacet
  facet normal -0.368888 0.33803 0.865828
    outer loop
      vertex -24.3994 7.04366 8.59161
      vertex -23.5556 7.21062 8.88593
      vertex -23.9161 7.57108 8.59161
    endloop
  endfacet
  facet normal -0.368888 0.33803 0.865828
    outer loop
      vertex -23.5556 7.21062 8.88593
      vertex -24.3994 7.04366 8.59161
      vertex -24.0389 6.6832 8.88593
    endloop
  endfacet
  facet normal -0.458293 0.401923 0.792733
    outer loop
      vertex -24.7296 7.37387 8.23328
      vertex -24.9855 7.08208 8.23328
      vertex -24.615 6.79779 8.59161
    endloop
  endfacet
  facet normal -0.521586 0.477954 0.706759
    outer loop
      vertex -25.0239 7.66819 7.81705
      vertex -24.2463 7.90129 8.23328
      vertex -24.5406 8.19561 7.81705
    endloop
  endfacet
  facet normal -0.521586 0.477954 0.706759
    outer loop
      vertex -24.2463 7.90129 8.23328
      vertex -25.0239 7.66819 7.81705
      vertex -24.7296 7.37387 8.23328
    endloop
  endfacet
  facet normal -0.303571 0.232944 0.923895
    outer loop
      vertex -24.2106 6.48746 8.88593
      vertex -24.2146 5.58887 9.11118
      vertex -23.7791 6.15641 9.11118
    endloop
  endfacet
  facet normal -0.30363 0.23294 0.923876
    outer loop
      vertex -24.2146 5.58887 9.11118
      vertex -24.2106 6.48746 8.88593
      vertex -24.646 5.91993 8.88593
    endloop
  endfacet
  facet normal -0.13052 -0.005698 0.991429
    outer loop
      vertex -24.8443 -0.00498962 9.34036
      vertex -25.3967 -0.719666 9.26353
      vertex -24.8131 -0.719666 9.34036
    endloop
  endfacet
  facet normal -0.13052 -0.005698 0.991429
    outer loop
      vertex -25.3967 -0.719666 9.26353
      vertex -24.8443 -0.00498962 9.34036
      vertex -25.4279 -0.00498962 9.26353
    endloop
  endfacet
  facet normal -0.25881 0 0.965928
    outer loop
      vertex -25.9965 0.00498962 9.11118
      vertex -25.4279 -0.00498962 9.26353
      vertex -25.4279 0.00498962 9.26353
    endloop
  endfacet
  facet normal -0.25881 0 0.965928
    outer loop
      vertex -25.4279 -0.00498962 9.26353
      vertex -25.9965 0.00498962 9.11118
      vertex -25.9965 -0.00498962 9.11118
    endloop
  endfacet
  facet normal -0.416314 0.278286 0.865586
    outer loop
      vertex -24.646 5.91993 8.88593
      vertex -25.0505 6.23026 8.59161
      vertex -24.7907 5.70346 8.88593
    endloop
  endfacet
  facet normal -0.638654 -0.585229 0.499629
    outer loop
      vertex -25.4854 -8.12968 6.8403
      vertex -24.794 -8.44899 7.35007
      vertex -25.2773 -7.92157 7.35007
    endloop
  endfacet
  facet normal -0.638654 -0.585229 0.499629
    outer loop
      vertex -24.794 -8.44899 7.35007
      vertex -25.4854 -8.12968 6.8403
      vertex -25.0021 -8.6571 6.8403
    endloop
  endfacet
  facet normal -0.427338 -0.866388 0.25837
    outer loop
      vertex -21.4461 -11.3735 6.29648
      vertex -22.0222 -11.2589 5.72791
      vertex -21.5044 -11.5143 5.72791
    endloop
  endfacet
  facet normal -0.369575 -0.892407 0.25889
    outer loop
      vertex -20.8435 -11.788 5.72791
      vertex -21.4461 -11.3735 6.29648
      vertex -21.5044 -11.5143 5.72791
    endloop
  endfacet
  facet normal -0.369705 -0.892396 0.258744
    outer loop
      vertex -21.4461 -11.3735 6.29648
      vertex -20.8435 -11.788 5.72791
      vertex -20.7852 -11.6473 6.29648
    endloop
  endfacet
  facet normal -0.313055 -0.634908 0.70632
    outer loop
      vertex -20.9509 -10.1779 8.23328
      vertex -21.5071 -10.3667 7.81705
      vertex -21.1102 -10.5624 7.81705
    endloop
  endfacet
  facet normal -0.351115 -0.712097 0.607977
    outer loop
      vertex -21.1102 -10.5624 7.81705
      vertex -21.5071 -10.3667 7.81705
      vertex -21.2473 -10.8935 7.35007
    endloop
  endfacet
  facet normal -0.313013 -0.634963 0.706289
    outer loop
      vertex -21.299 -10.0063 8.23328
      vertex -21.5071 -10.3667 7.81705
      vertex -20.9509 -10.1779 8.23328
    endloop
  endfacet
  facet normal -0.269515 -0.546726 0.79275
    outer loop
      vertex -21.0655 -9.60183 8.59161
      vertex -21.299 -10.0063 8.23328
      vertex -20.9509 -10.1779 8.23328
    endloop
  endfacet
  facet normal -0.260487 -0.826146 0.49963
    outer loop
      vertex -19.5169 -11.824 6.8403
      vertex -20.123 -11.3246 7.35007
      vertex -20.1991 -11.6089 6.8403
    endloop
  endfacet
  facet normal -0.260445 -0.826135 0.499669
    outer loop
      vertex -20.123 -11.3246 7.35007
      vertex -19.5169 -11.824 6.8403
      vertex -19.4407 -11.5397 7.35007
    endloop
  endfacet
  facet normal -0.443845 -0.23111 0.865788
    outer loop
      vertex -25.9468 -4.72049 8.59161
      vertex -25.175 -5.10014 8.88593
      vertex -25.5054 -4.46561 8.88593
    endloop
  endfacet
  facet normal -0.443816 -0.231022 0.865827
    outer loop
      vertex -25.175 -5.10014 8.88593
      vertex -25.9468 -4.72049 8.59161
      vertex -25.6165 -5.35503 8.59161
    endloop
  endfacet
  facet normal -0.997861 0.0653761 0
    outer loop
      vertex -29.0091 0.719666 4.95
      vertex -28.9707 1.30578 5.14431
      vertex -28.9707 1.30578 4.95
    endloop
  endfacet
  facet normal -0.997861 0.0653761 0
    outer loop
      vertex -28.9707 1.30578 5.14431
      vertex -29.0091 0.719666 4.95
      vertex -29.0091 0.719666 5.14431
    endloop
  endfacet
  facet normal -0.980782 -0.195108 0
    outer loop
      vertex -28.7628 -2.5911 4.95
      vertex -28.8774 -2.01502 5.14431
      vertex -28.8774 -2.01502 4.95
    endloop
  endfacet
  facet normal -0.980782 -0.195108 0
    outer loop
      vertex -28.8774 -2.01502 5.14431
      vertex -28.7628 -2.5911 4.95
      vertex -28.7628 -2.5911 5.14431
    endloop
  endfacet
  facet normal -0.943081 -0.209036 0.258656
    outer loop
      vertex -28.6886 -2.57122 5.72791
      vertex -28.3866 -3.23018 6.29648
      vertex -28.5414 -2.53179 6.29648
    endloop
  endfacet
  facet normal -0.943092 -0.209174 0.258502
    outer loop
      vertex -28.3866 -3.23018 6.29648
      vertex -28.6886 -2.57122 5.72791
      vertex -28.5337 -3.26961 5.72791
    endloop
  endfacet
  facet normal -0.826135 -0.26046 0.499661
    outer loop
      vertex -28.169 -3.17188 6.8403
      vertex -27.6696 -3.77796 7.35007
      vertex -27.8847 -3.0957 7.35007
    endloop
  endfacet
  facet normal -0.826136 -0.260465 0.499657
    outer loop
      vertex -27.6696 -3.77796 7.35007
      vertex -28.169 -3.17188 6.8403
      vertex -27.9539 -3.85413 6.8403
    endloop
  endfacet
  facet normal -0.964011 0.0632628 0.258225
    outer loop
      vertex -28.7435 1.27586 6.29648
      vertex -28.9323 0.719666 5.72791
      vertex -28.78 0.719666 6.29648
    endloop
  endfacet
  facet normal -0.875128 0.297072 0.381968
    outer loop
      vertex -27.7842 4.35404 6.8403
      vertex -27.9923 4.44024 6.29648
      vertex -27.9539 3.85413 6.8403
    endloop
  endfacet
  facet normal -0.963979 0.0630846 0.258389
    outer loop
      vertex -28.8946 1.29575 5.72791
      vertex -28.9323 0.719666 5.72791
      vertex -28.7435 1.27586 6.29648
    endloop
  endfacet
  facet normal -0.989372 0.0647463 0.130198
    outer loop
      vertex -28.8946 1.29575 5.72791
      vertex -29.0091 0.719666 5.14431
      vertex -28.9323 0.719666 5.72791
    endloop
  endfacet
  facet normal -0.964011 -0.0632628 0.258225
    outer loop
      vertex -28.78 -0.719666 6.29648
      vertex -28.9323 -0.719666 5.72791
      vertex -28.7435 -1.27586 6.29648
    endloop
  endfacet
  facet normal -0.99143 0 0.130639
    outer loop
      vertex -29.0404 -0.00498962 5.14431
      vertex -28.9635 0.00498962 5.72791
      vertex -29.0404 0.00498962 5.14431
    endloop
  endfacet
  facet normal -0.99143 0 0.130639
    outer loop
      vertex -28.9635 0.00498962 5.72791
      vertex -29.0404 -0.00498962 5.14431
      vertex -28.9635 -0.00498962 5.72791
    endloop
  endfacet
  facet normal -0.499759 -0.0326205 0.86555
    outer loop
      vertex -26.4921 -0.979451 8.88593
      vertex -27.0188 -0.719666 8.59161
      vertex -26.9975 -1.04599 8.59161
    endloop
  endfacet
  facet normal -0.499789 -0.0327056 0.865529
    outer loop
      vertex -26.5091 -0.719666 8.88593
      vertex -27.0188 -0.719666 8.59161
      vertex -26.4921 -0.979451 8.88593
    endloop
  endfacet
  facet normal -0.382631 0.0167042 0.92375
    outer loop
      vertex -26.5091 0.719666 8.88593
      vertex -25.9965 0.00498962 9.11118
      vertex -25.9653 0.719666 9.11118
    endloop
  endfacet
  facet normal -0.382631 0.0167042 0.92375
    outer loop
      vertex -25.9965 0.00498962 9.11118
      vertex -26.5091 0.719666 8.88593
      vertex -26.5403 0.00498962 8.88593
    endloop
  endfacet
  facet normal -0.363035 0.123396 0.923569
    outer loop
      vertex -25.3918 3.3631 9.11118
      vertex -25.9779 3.32468 8.88593
      vertex -25.4527 3.18393 9.11118
    endloop
  endfacet
  facet normal -0.194914 0.17112 0.965778
    outer loop
      vertex -23.2523 5.89662 9.26353
      vertex -23.7791 6.15641 9.11118
      vertex -23.3281 5.81028 9.26353
    endloop
  endfacet
  facet normal -0.495731 0.0652831 0.866019
    outer loop
      vertex -26.9041 1.75523 8.59161
      vertex -26.4921 0.979451 8.88593
      vertex -26.3987 1.68869 8.88593
    endloop
  endfacet
  facet normal -0.495732 0.065283 0.866019
    outer loop
      vertex -26.4921 0.979451 8.88593
      vertex -26.9041 1.75523 8.59161
      vertex -26.9975 1.04599 8.59161
    endloop
  endfacet
  facet normal -0.258783 0.0169962 0.965786
    outer loop
      vertex -25.9529 0.908468 9.11118
      vertex -25.9653 0.719666 9.11118
      vertex -25.3892 0.834255 9.26353
    endloop
  endfacet
  facet normal -0.115887 0.0603231 0.991429
    outer loop
      vertex -24.542 3.90941 9.26353
      vertex -23.7063 4.25215 9.34036
      vertex -24.2117 4.54395 9.26353
    endloop
  endfacet
  facet normal -0.115887 0.0603243 0.991429
    outer loop
      vertex -23.7063 4.25215 9.34036
      vertex -24.542 3.90941 9.26353
      vertex -24.0366 3.61762 9.34036
    endloop
  endfacet
  facet normal -0.393274 0.588552 0.706358
    outer loop
      vertex -22.5368 9.29158 8.23328
      vertex -23.1129 9.40617 7.81705
      vertex -22.8595 9.07595 8.23328
    endloop
  endfacet
  facet normal -0.370623 0.482993 0.79332
    outer loop
      vertex -22.8595 9.07595 8.23328
      vertex -23.1428 8.27 8.59161
      vertex -22.5753 8.70547 8.59161
    endloop
  endfacet
  facet normal -0.370552 0.482985 0.793358
    outer loop
      vertex -23.1428 8.27 8.59161
      vertex -22.8595 9.07595 8.23328
      vertex -23.4271 8.64048 8.23328
    endloop
  endfacet
  facet normal -0.176841 0.339709 0.923756
    outer loop
      vertex -20.8106 9.16036 8.88593
      vertex -21.1732 8.35909 9.11118
      vertex -20.5387 8.68939 9.11118
    endloop
  endfacet
  facet normal -0.176848 0.339711 0.923754
    outer loop
      vertex -21.1732 8.35909 9.11118
      vertex -20.8106 9.16036 8.88593
      vertex -21.4451 8.83005 8.88593
    endloop
  endfacet
  facet normal -0.169566 0.343832 0.923594
    outer loop
      vertex -20.369 8.77308 9.11118
      vertex -20.8106 9.16036 8.88593
      vertex -20.5387 8.68939 9.11118
    endloop
  endfacet
  facet normal -0.232928 0.562388 0.793388
    outer loop
      vertex -20.29 10.4517 8.23328
      vertex -20.7722 9.74647 8.59161
      vertex -20.1113 10.0202 8.59161
    endloop
  endfacet
  facet normal -0.233 0.562416 0.793347
    outer loop
      vertex -20.7722 9.74647 8.59161
      vertex -20.29 10.4517 8.23328
      vertex -20.9509 10.1779 8.23328
    endloop
  endfacet
  facet normal -0.227595 0.670311 0.706317
    outer loop
      vertex -20.0302 10.9785 7.81705
      vertex -20.4493 10.8362 7.81705
      vertex -20.29 10.4517 8.23328
    endloop
  endfacet
  facet normal -0.0923209 0.701105 0.707056
    outer loop
      vertex -17.5063 11.5281 7.81705
      vertex -18.1612 11.0221 8.23328
      vertex -17.4519 11.1155 8.23328
    endloop
  endfacet
  facet normal -0.0923351 0.701114 0.707045
    outer loop
      vertex -18.1612 11.0221 8.23328
      vertex -17.5063 11.5281 7.81705
      vertex -18.2155 11.4347 7.81705
    endloop
  endfacet
  facet normal -0.154926 0.778685 0.607986
    outer loop
      vertex -18.2623 11.79 7.35007
      vertex -18.7423 11.6945 7.35007
      vertex -18.2155 11.4347 7.81705
    endloop
  endfacet
  facet normal -0.0397448 0.608268 0.792736
    outer loop
      vertex -17.0647 11.1408 8.23328
      vertex -17.4519 11.1155 8.23328
      vertex -17.0647 10.6738 8.59161
    endloop
  endfacet
  facet normal -0.0265689 0.608616 0.79302
    outer loop
      vertex -17.0647 11.1408 8.23328
      vertex -16.35 10.7051 8.59161
      vertex -16.35 11.172 8.23328
    endloop
  endfacet
  facet normal -0.0266504 0.608533 0.793081
    outer loop
      vertex -16.35 10.7051 8.59161
      vertex -17.0647 11.1408 8.23328
      vertex -17.0647 10.6738 8.59161
    endloop
  endfacet
  facet normal -0.0794858 0.603547 0.793355
    outer loop
      vertex -17.4519 11.1155 8.23328
      vertex -18.1002 10.5591 8.59161
      vertex -17.391 10.6525 8.59161
    endloop
  endfacet
  facet normal -0.0794734 0.603538 0.793364
    outer loop
      vertex -18.1002 10.5591 8.59161
      vertex -17.4519 11.1155 8.23328
      vertex -18.1612 11.0221 8.23328
    endloop
  endfacet
  facet normal -0.0505972 0.254356 0.965786
    outer loop
      vertex -17.9627 9.51452 9.11118
      vertex -18.1483 9.4776 9.11118
      vertex -17.8885 8.95081 9.26353
    endloop
  endfacet
  facet normal -0.0218913 0.499863 0.865828
    outer loop
      vertex -17.0647 10.6738 8.59161
      vertex -16.35 10.1953 8.88593
      vertex -16.35 10.7051 8.59161
    endloop
  endfacet
  facet normal -0.0218246 0.499938 0.865786
    outer loop
      vertex -16.35 10.1953 8.88593
      vertex -17.0647 10.6738 8.59161
      vertex -17.0647 10.1641 8.88593
    endloop
  endfacet
  facet normal -0.245548 -0.083462 0.965785
    outer loop
      vertex -24.9035 -3.03677 9.26353
      vertex -25.4527 -3.18393 9.11118
      vertex -25.3918 -3.3631 9.11118
    endloop
  endfacet
  facet normal -0.288216 -0.252819 0.923588
    outer loop
      vertex -23.6544 -6.29866 9.11118
      vertex -24.2106 -6.48746 8.88593
      vertex -24.0389 -6.6832 8.88593
    endloop
  endfacet
  facet normal -0.368888 -0.33803 0.865828
    outer loop
      vertex -24.3994 -7.04366 8.59161
      vertex -23.5556 -7.21062 8.88593
      vertex -24.0389 -6.6832 8.88593
    endloop
  endfacet
  facet normal -0.368888 -0.33803 0.865828
    outer loop
      vertex -23.5556 -7.21062 8.88593
      vertex -24.3994 -7.04366 8.59161
      vertex -23.9161 -7.57108 8.59161
    endloop
  endfacet
  facet normal -0.157534 -0.205332 0.965931
    outer loop
      vertex -22.1553 -6.98305 9.26353
      vertex -21.9339 -7.8696 9.11118
      vertex -21.5877 -7.41852 9.26353
    endloop
  endfacet
  facet normal -0.157567 -0.20534 0.965924
    outer loop
      vertex -21.9339 -7.8696 9.11118
      vertex -22.1553 -6.98305 9.26353
      vertex -22.5014 -7.43413 9.11118
    endloop
  endfacet
  facet normal -0.634956 -0.313018 0.706293
    outer loop
      vertex -26.5229 -4.6059 8.23328
      vertex -26.7117 -5.1621 7.81705
      vertex -26.3513 -4.95399 8.23328
    endloop
  endfacet
  facet normal -0.205371 -0.157557 0.965918
    outer loop
      vertex -23.7635 -5.24275 9.26353
      vertex -23.7791 -6.15641 9.11118
      vertex -23.3281 -5.81028 9.26353
    endloop
  endfacet
  facet normal -0.20533 -0.157559 0.965927
    outer loop
      vertex -23.7791 -6.15641 9.11118
      vertex -23.7635 -5.24275 9.26353
      vertex -24.2146 -5.58887 9.11118
    endloop
  endfacet
  facet normal -0.252914 -0.056059 0.965863
    outer loop
      vertex -25.8226 -1.80328 9.11118
      vertex -25.1186 -2.35452 9.26353
      vertex -25.2734 -1.65613 9.26353
    endloop
  endfacet
  facet normal -0.252913 -0.056058 0.965864
    outer loop
      vertex -25.1186 -2.35452 9.26353
      vertex -25.8226 -1.80328 9.11118
      vertex -25.6678 -2.50168 9.11118
    endloop
  endfacet
  facet normal 0.0419801 0.12387 0.99141
    outer loop
      vertex 19.3818 8.55846 9.26353
      vertex 19.2307 7.99475 9.34036
      vertex 19.2672 7.98238 9.34036
    endloop
  endfacet
  facet normal -0.0990448 -0.239119 0.965926
    outer loop
      vertex -20.1514 -8.24779 9.26353
      vertex -19.7081 -9.04683 9.11118
      vertex -19.4905 -8.52154 9.26353
    endloop
  endfacet
  facet normal -0.0990448 -0.239119 0.965926
    outer loop
      vertex -19.7081 -9.04683 9.11118
      vertex -20.1514 -8.24779 9.26353
      vertex -20.369 -8.77308 9.11118
    endloop
  endfacet
  facet normal -0.330255 -0.376506 0.865549
    outer loop
      vertex -23.0282 -7.69391 8.88593
      vertex -23.1428 -8.27 8.59161
      vertex -22.8325 -7.86557 8.88593
    endloop
  endfacet
  facet normal -0.33018 -0.37653 0.865567
    outer loop
      vertex -23.0282 -7.69391 8.88593
      vertex -23.3887 -8.05437 8.59161
      vertex -23.1428 -8.27 8.59161
    endloop
  endfacet
  facet normal -0.183239 -0.580882 0.793095
    outer loop
      vertex -19.9225 -10.5764 8.23328
      vertex -19.1194 -10.3405 8.59161
      vertex -19.8016 -10.1253 8.59161
    endloop
  endfacet
  facet normal -0.183168 -0.58101 0.793018
    outer loop
      vertex -19.1194 -10.3405 8.59161
      vertex -19.9225 -10.5764 8.23328
      vertex -19.2402 -10.7915 8.23328
    endloop
  endfacet
  facet normal -0.518967 -0.814709 0.258696
    outer loop
      vertex -22.6568 -10.9286 5.72791
      vertex -23.1839 -10.4123 6.29648
      vertex -23.2601 -10.5443 5.72791
    endloop
  endfacet
  facet normal -0.519082 -0.814678 0.258561
    outer loop
      vertex -23.1839 -10.4123 6.29648
      vertex -22.6568 -10.9286 5.72791
      vertex -22.5806 -10.7967 6.29648
    endloop
  endfacet
  facet normal 0.0112981 -0.258806 0.965863
    outer loop
      vertex 16.35 -9.08289 9.26353
      vertex 17.0647 -9.62026 9.11118
      vertex 17.0647 -9.05169 9.26353
    endloop
  endfacet
  facet normal 0.0112981 -0.258806 0.965863
    outer loop
      vertex 17.0647 -9.62026 9.11118
      vertex 16.35 -9.08289 9.26353
      vertex 16.35 -9.65146 9.11118
    endloop
  endfacet
  facet normal 0.123207 -0.363018 0.9236
    outer loop
      vertex 19.7081 -9.04683 9.11118
      vertex 19.5289 -9.10765 9.11118
      vertex 19.6697 -9.63295 8.88593
    endloop
  endfacet
  facet normal 0.154926 -0.778685 0.607986
    outer loop
      vertex 18.7423 -11.6945 7.35007
      vertex 18.2155 -11.4347 7.81705
      vertex 18.2623 -11.79 7.35007
    endloop
  endfacet
  facet normal 0.15482 -0.778765 0.607911
    outer loop
      vertex 18.6496 -11.3484 7.81705
      vertex 18.2155 -11.4347 7.81705
      vertex 18.7423 -11.6945 7.35007
    endloop
  endfacet
  facet normal 0.0461499 -0.706294 0.706413
    outer loop
      vertex 17.0647 -11.1408 8.23328
      vertex 17.0647 -11.5571 7.81705
      vertex 17.4519 -11.1155 8.23328
    endloop
  endfacet
  facet normal 0.0566255 -0.864647 0.499178
    outer loop
      vertex 17.0647 -11.9154 7.35007
      vertex 17.0647 -12.2097 6.8403
      vertex 17.5915 -12.1752 6.8403
    endloop
  endfacet
  facet normal 0.150463 -0.477249 0.865791
    outer loop
      vertex 18.9874 -9.84806 8.88593
      vertex 19.8016 -10.1253 8.59161
      vertex 19.6697 -9.63295 8.88593
    endloop
  endfacet
  facet normal 0.150516 -0.477146 0.865839
    outer loop
      vertex 19.8016 -10.1253 8.59161
      vertex 18.9874 -9.84806 8.88593
      vertex 19.1194 -10.3405 8.59161
    endloop
  endfacet
  facet normal -0.209172 -0.943096 0.258492
    outer loop
      vertex -18.9162 -12.3436 5.72791
      vertex -19.5752 -12.0416 6.29648
      vertex -19.6146 -12.1887 5.72791
    endloop
  endfacet
  facet normal -0.209034 -0.943084 0.258645
    outer loop
      vertex -19.5752 -12.0416 6.29648
      vertex -18.9162 -12.3436 5.72791
      vertex -18.8768 -12.1964 6.29648
    endloop
  endfacet
  facet normal -0.153189 -0.690684 0.706745
    outer loop
      vertex -19.2402 -10.7915 8.23328
      vertex -18.6496 -11.3484 7.81705
      vertex -18.5418 -10.9464 8.23328
    endloop
  endfacet
  facet normal -0.153077 -0.690626 0.706826
    outer loop
      vertex -18.6496 -11.3484 7.81705
      vertex -19.2402 -10.7915 8.23328
      vertex -19.348 -11.1936 7.81705
    endloop
  endfacet
  facet normal -0.138092 -0.694292 0.706321
    outer loop
      vertex -18.5418 -10.9464 8.23328
      vertex -18.6496 -11.3484 7.81705
      vertex -18.1612 -11.0221 8.23328
    endloop
  endfacet
  facet normal -0.0983113 -0.0862856 0.991408
    outer loop
      vertex -22.8651 -5.45502 9.34036
      vertex -23.2523 -5.89662 9.26353
      vertex -22.8397 -5.48396 9.34036
    endloop
  endfacet
  facet normal -0.10874 0.0726969 0.991409
    outer loop
      vertex -23.3005 4.88748 9.34036
      vertex -23.8273 5.14727 9.26353
      vertex -23.3219 4.85547 9.34036
    endloop
  endfacet
  facet normal -0.0862634 0.0983166 0.991409
    outer loop
      vertex -22.1553 6.98305 9.26353
      vertex -22.2416 6.90733 9.26353
      vertex -21.8 6.52005 9.34036
    endloop
  endfacet
  facet normal -0.114694 0.232596 0.965787
    outer loop
      vertex -20.1514 8.24779 9.26353
      vertex -20.369 8.77308 9.11118
      vertex -20.2544 8.197 9.26353
    endloop
  endfacet
  facet normal -0.139188 0.218504 0.965859
    outer loop
      vertex -21.7766 7.97472 9.11118
      vertex -20.889 7.86669 9.26353
      vertex -21.1732 8.35909 9.11118
    endloop
  endfacet
  facet normal -0.139193 0.218475 0.965864
    outer loop
      vertex -20.889 7.86669 9.26353
      vertex -21.7766 7.97472 9.11118
      vertex -21.4923 7.48232 9.26353
    endloop
  endfacet
  facet normal -0.0726632 0.108757 0.991409
    outer loop
      vertex -21.2005 6.97691 9.34036
      vertex -21.4923 7.48232 9.26353
      vertex -21.2325 6.95553 9.34036
    endloop
  endfacet
  facet normal -0.205764 0.323017 0.923754
    outer loop
      vertex -22.0485 8.44568 8.88593
      vertex -21.1732 8.35909 9.11118
      vertex -21.4451 8.83005 8.88593
    endloop
  endfacet
  facet normal -0.205764 0.323017 0.923754
    outer loop
      vertex -21.1732 8.35909 9.11118
      vertex -22.0485 8.44568 8.88593
      vertex -21.7766 7.97472 9.11118
    endloop
  endfacet
  facet normal -0.213015 0.318753 0.923591
    outer loop
      vertex -21.7766 7.97472 9.11118
      vertex -22.0485 8.44568 8.88593
      vertex -21.9339 7.8696 9.11118
    endloop
  endfacet
  facet normal -0.338034 0.368886 0.865827
    outer loop
      vertex -23.3887 8.05437 8.59161
      vertex -23.5556 7.21062 8.88593
      vertex -23.0282 7.69391 8.88593
    endloop
  endfacet
  facet normal -0.338034 0.368886 0.865827
    outer loop
      vertex -23.5556 7.21062 8.88593
      vertex -23.3887 8.05437 8.59161
      vertex -23.9161 7.57108 8.59161
    endloop
  endfacet
  facet normal -0.33018 0.37653 0.865567
    outer loop
      vertex -23.1428 8.27 8.59161
      vertex -23.3887 8.05437 8.59161
      vertex -23.0282 7.69391 8.88593
    endloop
  endfacet
  facet normal -0.171048 0.194948 0.965783
    outer loop
      vertex -22.1553 6.98305 9.26353
      vertex -22.5014 7.43413 9.11118
      vertex -22.2416 6.90733 9.26353
    endloop
  endfacet
  facet normal -0.170959 0.194994 0.96579
    outer loop
      vertex -22.5014 7.43413 9.11118
      vertex -22.6437 7.30937 9.11118
      vertex -22.2416 6.90733 9.26353
    endloop
  endfacet
  facet normal -0.0727153 0.108731 0.991408
    outer loop
      vertex -21.4923 7.48232 9.26353
      vertex -21.5877 7.41852 9.26353
      vertex -21.2325 6.95553 9.34036
    endloop
  endfacet
  facet normal -0.144155 0.215554 0.965793
    outer loop
      vertex -21.4923 7.48232 9.26353
      vertex -21.9339 7.8696 9.11118
      vertex -21.5877 7.41852 9.26353
    endloop
  endfacet
  facet normal -0.12058 -0.0499535 0.991446
    outer loop
      vertex -24.3274 -2.92218 9.34036
      vertex -24.5928 -3.80642 9.26353
      vertex -24.0536 -3.58309 9.34036
    endloop
  endfacet
  facet normal -0.120605 -0.0499457 0.991443
    outer loop
      vertex -24.5928 -3.80642 9.26353
      vertex -24.3274 -2.92218 9.34036
      vertex -24.8665 -3.14551 9.26353
    endloop
  endfacet
  facet normal -0.0499403 0.379367 0.923898
    outer loop
      vertex -17.3245 10.1471 8.88593
      vertex -17.9627 9.51452 9.11118
      vertex -17.2535 9.60788 9.11118
    endloop
  endfacet
  facet normal -0.0499645 0.379388 0.923888
    outer loop
      vertex -17.9627 9.51452 9.11118
      vertex -17.3245 10.1471 8.88593
      vertex -18.0337 10.0537 8.88593
    endloop
  endfacet
  facet normal -0.0169588 0.258785 0.965786
    outer loop
      vertex -17.0647 9.62026 9.11118
      vertex -17.1793 9.04418 9.26353
      vertex -17.0647 9.05169 9.26353
    endloop
  endfacet
  facet normal -0.38324 0.777149 0.499166
    outer loop
      vertex -21.3599 11.1654 6.8403
      vertex -21.8334 10.9319 6.8403
      vertex -21.2473 10.8935 7.35007
    endloop
  endfacet
  facet normal -0.383255 0.777132 0.499181
    outer loop
      vertex -21.2473 10.8935 7.35007
      vertex -21.8334 10.9319 6.8403
      vertex -21.6863 10.677 7.35007
    endloop
  endfacet
  facet normal -0.366459 0.703961 0.608396
    outer loop
      vertex -21.6863 10.677 7.35007
      vertex -22.1416 10.0364 7.81705
      vertex -21.5071 10.3667 7.81705
    endloop
  endfacet
  facet normal -0.366459 0.703961 0.608396
    outer loop
      vertex -22.1416 10.0364 7.81705
      vertex -21.6863 10.677 7.35007
      vertex -22.3208 10.3467 7.35007
    endloop
  endfacet
  facet normal -0.260445 0.826135 0.499669
    outer loop
      vertex -19.5169 11.824 6.8403
      vertex -20.123 11.3246 7.35007
      vertex -19.4407 11.5397 7.35007
    endloop
  endfacet
  facet normal -0.260487 0.826146 0.49963
    outer loop
      vertex -20.123 11.3246 7.35007
      vertex -19.5169 11.824 6.8403
      vertex -20.1991 11.6089 6.8403
    endloop
  endfacet
  facet normal -0.15482 0.778765 0.607911
    outer loop
      vertex -18.2155 11.4347 7.81705
      vertex -18.7423 11.6945 7.35007
      vertex -18.6496 11.3484 7.81705
    endloop
  endfacet
  facet normal -0.0397075 0.608289 0.792722
    outer loop
      vertex -17.0647 10.6738 8.59161
      vertex -17.4519 11.1155 8.23328
      vertex -17.391 10.6525 8.59161
    endloop
  endfacet
  facet normal -0.150516 0.477146 0.865839
    outer loop
      vertex -19.8016 10.1253 8.59161
      vertex -18.9874 9.84806 8.88593
      vertex -19.1194 10.3405 8.59161
    endloop
  endfacet
  facet normal -0.150463 0.477249 0.865791
    outer loop
      vertex -18.9874 9.84806 8.88593
      vertex -19.8016 10.1253 8.59161
      vertex -19.6697 9.63295 8.88593
    endloop
  endfacet
  facet normal -0.536169 0.585106 0.608419
    outer loop
      vertex -24.2666 8.93228 7.35007
      vertex -24.5406 8.19561 7.81705
      vertex -24.0132 8.6789 7.81705
    endloop
  endfacet
  facet normal -0.536169 0.585106 0.608419
    outer loop
      vertex -24.5406 8.19561 7.81705
      vertex -24.2666 8.93228 7.35007
      vertex -24.794 8.44899 7.35007
    endloop
  endfacet
  facet normal -0.60936 0.694806 0.382001
    outer loop
      vertex -24.0778 9.48848 6.8403
      vertex -24.634 9.29967 6.29648
      vertex -24.4747 9.14039 6.8403
    endloop
  endfacet
  facet normal -0.571321 0.651433 0.499226
    outer loop
      vertex -24.0778 9.48848 6.8403
      vertex -24.4747 9.14039 6.8403
      vertex -23.8986 9.25498 7.35007
    endloop
  endfacet
  facet normal -0.588083 0.766313 0.258694
    outer loop
      vertex -23.7401 10.2235 5.72791
      vertex -24.2149 9.66719 6.29648
      vertex -23.6474 10.1027 6.29648
    endloop
  endfacet
  facet normal -0.58802 0.766336 0.25877
    outer loop
      vertex -24.2149 9.66719 6.29648
      vertex -23.7401 10.2235 5.72791
      vertex -24.3076 9.78805 5.72791
    endloop
  endfacet
  facet normal 0.153077 0.690626 0.706826
    outer loop
      vertex 18.6496 11.3484 7.81705
      vertex 19.2402 10.7915 8.23328
      vertex 19.348 11.1936 7.81705
    endloop
  endfacet
  facet normal 0.153189 0.690684 0.706745
    outer loop
      vertex 19.2402 10.7915 8.23328
      vertex 18.6496 11.3484 7.81705
      vertex 18.5418 10.9464 8.23328
    endloop
  endfacet
  facet normal 0.195885 0.577199 0.792761
    outer loop
      vertex 20.05 10.2913 8.40937
      vertex 19.8016 10.1253 8.59161
      vertex 20.05 10.041 8.59161
    endloop
  endfacet
  facet normal 0.196043 0.577263 0.792675
    outer loop
      vertex 19.9225 10.5764 8.23328
      vertex 20.05 10.2913 8.40937
      vertex 20.05 10.5331 8.23328
    endloop
  endfacet
  facet normal 0.195858 0.577225 0.792749
    outer loop
      vertex 20.05 10.2913 8.40937
      vertex 19.9225 10.5764 8.23328
      vertex 19.8016 10.1253 8.59161
    endloop
  endfacet
  facet normal 0.214682 0.967942 0.130386
    outer loop
      vertex 18.9361 12.4178 5.14431
      vertex 19.6146 12.1887 5.72791
      vertex 19.6345 12.2629 5.14431
    endloop
  endfacet
  facet normal 0.214682 0.967942 0.130386
    outer loop
      vertex 19.6146 12.1887 5.72791
      vertex 18.9361 12.4178 5.14431
      vertex 18.9162 12.3436 5.72791
    endloop
  endfacet
  facet normal -0.0963293 -0.0882711 0.991428
    outer loop
      vertex -23.2523 -5.89662 9.26353
      vertex -22.3564 -6.01138 9.34036
      vertex -22.8397 -5.48396 9.34036
    endloop
  endfacet
  facet normal -0.0963293 -0.0882711 0.991428
    outer loop
      vertex -22.3564 -6.01138 9.34036
      vertex -23.2523 -5.89662 9.26353
      vertex -22.769 -6.42404 9.26353
    endloop
  endfacet
  facet normal -0.028277 0.127551 0.991429
    outer loop
      vertex -18.0011 8.92841 9.26353
      vertex -18.5485 8.20987 9.34036
      vertex -17.8501 8.3647 9.34036
    endloop
  endfacet
  facet normal -0.0282792 0.127552 0.991429
    outer loop
      vertex -18.5485 8.20987 9.34036
      vertex -18.0011 8.92841 9.26353
      vertex -18.6995 8.77357 9.26353
    endloop
  endfacet
  facet normal 0.0282792 0.127552 0.991429
    outer loop
      vertex 18.0011 8.92841 9.26353
      vertex 18.5485 8.20987 9.34036
      vertex 18.6995 8.77357 9.26353
    endloop
  endfacet
  facet normal 0.028277 0.127551 0.991429
    outer loop
      vertex 18.5485 8.20987 9.34036
      vertex 18.0011 8.92841 9.26353
      vertex 17.8501 8.3647 9.34036
    endloop
  endfacet
  facet normal 0.150516 0.477146 0.865839
    outer loop
      vertex 18.9874 9.84806 8.88593
      vertex 19.8016 10.1253 8.59161
      vertex 19.1194 10.3405 8.59161
    endloop
  endfacet
  facet normal 0.150463 0.477249 0.865791
    outer loop
      vertex 19.8016 10.1253 8.59161
      vertex 18.9874 9.84806 8.88593
      vertex 19.6697 9.63295 8.88593
    endloop
  endfacet
  facet normal -0.30071 -0.953716 0
    outer loop
      vertex -20.3167 -12.0478 4.95
      vertex -19.6345 -12.2629 5.14431
      vertex -20.3167 -12.0478 5.14431
    endloop
  endfacet
  facet normal -0.30071 -0.953716 -0
    outer loop
      vertex -19.6345 -12.2629 5.14431
      vertex -20.3167 -12.0478 4.95
      vertex -19.6345 -12.2629 4.95
    endloop
  endfacet
  facet normal -0.751824 -0.659364 0
    outer loop
      vertex -25.8067 -8.45102 4.95
      vertex -26.194 -8.00941 5.14431
      vertex -26.194 -8.00941 4.95
    endloop
  endfacet
  facet normal -0.751824 -0.659364 0
    outer loop
      vertex -26.194 -8.00941 5.14431
      vertex -25.8067 -8.45102 4.95
      vertex -25.8067 -8.45102 5.14431
    endloop
  endfacet
  facet normal -0.537355 -0.843356 0
    outer loop
      vertex -23.2985 -10.6108 5.05
      vertex -22.6952 -10.9952 5.14431
      vertex -23.2985 -10.6108 5.14431
    endloop
  endfacet
  facet normal -0.537355 -0.843356 -0
    outer loop
      vertex -22.6952 -10.9952 5.14431
      vertex -23.2985 -10.6108 5.05
      vertex -22.6952 -10.9952 5.05
    endloop
  endfacet
  facet normal -0.737456 -0.675396 -0
    outer loop
      vertex -25.75 -8.51293 5.05
      vertex -25.8067 -8.45102 4.95
      vertex -25.75 -8.51293 4.95
    endloop
  endfacet
  facet normal -0.737456 -0.675396 0
    outer loop
      vertex -25.8067 -8.45102 4.95
      vertex -25.75 -8.51293 5.05
      vertex -25.8067 -8.45102 5.14431
    endloop
  endfacet
  facet normal -0.737247 -0.675624 -0
    outer loop
      vertex -25.3234 -8.97844 5.14431
      vertex -25.75 -8.51293 5.05
      vertex -25.3234 -8.97844 5.05
    endloop
  endfacet
  facet normal -0.737271 -0.675597 0.000242921
    outer loop
      vertex -25.75 -8.51293 5.05
      vertex -25.3234 -8.97844 5.14431
      vertex -25.8067 -8.45102 5.14431
    endloop
  endfacet
  facet normal -0.730595 -0.465371 0.499662
    outer loop
      vertex -26.9466 -6.12296 6.8403
      vertex -26.3074 -6.57912 7.35007
      vertex -26.6917 -5.9758 7.35007
    endloop
  endfacet
  facet normal -0.730593 -0.465491 0.499552
    outer loop
      vertex -26.3074 -6.57912 7.35007
      vertex -26.9466 -6.12296 6.8403
      vertex -26.5622 -6.72628 6.8403
    endloop
  endfacet
  facet normal -0.751819 -0.255176 0.607991
    outer loop
      vertex -27.1812 -4.10428 7.81705
      vertex -27.6696 -3.77796 7.35007
      vertex -27.5123 -4.24141 7.35007
    endloop
  endfacet
  facet normal -0.820507 -0.278489 0.499211
    outer loop
      vertex -27.6696 -3.77796 7.35007
      vertex -27.9539 -3.85413 6.8403
      vertex -27.5123 -4.24141 7.35007
    endloop
  endfacet
  facet normal -0.732909 -0.303632 0.608812
    outer loop
      vertex -27.5123 -4.24141 7.35007
      vertex -26.9074 -4.76518 7.81705
      vertex -27.1812 -4.10428 7.81705
    endloop
  endfacet
  facet normal -0.732909 -0.303632 0.608812
    outer loop
      vertex -26.9074 -4.76518 7.81705
      vertex -27.5123 -4.24141 7.35007
      vertex -27.2385 -4.90231 7.35007
    endloop
  endfacet
  facet normal -0.596718 -0.380095 0.706722
    outer loop
      vertex -26.0209 -5.58852 8.23328
      vertex -25.997 -6.39995 7.81705
      vertex -25.6366 -6.19184 8.23328
    endloop
  endfacet
  facet normal -0.596614 -0.380128 0.706792
    outer loop
      vertex -25.997 -6.39995 7.81705
      vertex -26.0209 -5.58852 8.23328
      vertex -26.3814 -5.79663 7.81705
    endloop
  endfacet
  facet normal -0.726291 -0.637021 0.258276
    outer loop
      vertex -25.6447 -8.28896 6.29648
      vertex -26.1331 -7.96264 5.72791
      vertex -25.7524 -8.39669 5.72791
    endloop
  endfacet
  facet normal -0.831484 -0.555549 0
    outer loop
      vertex -26.6295 -7.44187 4.95
      vertex -26.9558 -6.9535 5.14431
      vertex -26.9558 -6.9535 4.95
    endloop
  endfacet
  facet normal -0.831484 -0.555549 0
    outer loop
      vertex -26.9558 -6.9535 5.14431
      vertex -26.6295 -7.44187 4.95
      vertex -26.6295 -7.44187 5.14431
    endloop
  endfacet
  facet normal -0.720505 -0.481431 0.499096
    outer loop
      vertex -26.0355 -6.98606 7.35007
      vertex -26.5622 -6.72628 6.8403
      vertex -26.2689 -7.16523 6.8403
    endloop
  endfacet
  facet normal -0.441054 -0.660178 0.607977
    outer loop
      vertex -23.1129 -9.40617 7.81705
      vertex -23.3311 -9.69045 7.35007
      vertex -22.9241 -9.96236 7.35007
    endloop
  endfacet
  facet normal -0.481353 -0.720499 0.49918
    outer loop
      vertex -22.9241 -9.96236 7.35007
      vertex -23.3311 -9.69045 7.35007
      vertex -23.0713 -10.2172 6.8403
    endloop
  endfacet
  facet normal -0.46548 -0.730552 0.499622
    outer loop
      vertex -22.468 -10.6016 6.8403
      vertex -22.9241 -9.96236 7.35007
      vertex -23.0713 -10.2172 6.8403
    endloop
  endfacet
  facet normal -0.465408 -0.730553 0.499688
    outer loop
      vertex -22.9241 -9.96236 7.35007
      vertex -22.468 -10.6016 6.8403
      vertex -22.3208 -10.3467 7.35007
    endloop
  endfacet
  facet normal -0.814722 0.518958 0.258671
    outer loop
      vertex -27.2736 6.31176 5.72791
      vertex -26.7573 6.83891 6.29648
      vertex -26.8893 6.91508 5.72791
    endloop
  endfacet
  facet normal -0.814691 0.519073 0.258536
    outer loop
      vertex -26.7573 6.83891 6.29648
      vertex -27.2736 6.31176 5.72791
      vertex -27.1417 6.23559 6.29648
    endloop
  endfacet
  facet normal -0.768358 0.399957 0.499661
    outer loop
      vertex -27.2769 5.48842 6.8403
      vertex -26.6917 5.9758 7.35007
      vertex -26.9466 6.12296 6.8403
    endloop
  endfacet
  facet normal -0.768358 0.399957 0.499661
    outer loop
      vertex -26.6917 5.9758 7.35007
      vertex -27.2769 5.48842 6.8403
      vertex -27.022 5.34126 7.35007
    endloop
  endfacet
  facet normal -0.792305 -0.0519146 0.607912
    outer loop
      vertex -27.9021 -0.719666 7.81705
      vertex -28.2604 -0.719666 7.35007
      vertex -28.2284 -1.20804 7.35007
    endloop
  endfacet
  facet normal -0.864647 -0.0566262 0.499178
    outer loop
      vertex -28.2604 -0.719666 7.35007
      vertex -28.5547 -0.719666 6.8403
      vertex -28.5202 -1.24646 6.8403
    endloop
  endfacet
  facet normal -0.694329 -0.13805 0.706293
    outer loop
      vertex -27.3671 -1.81619 8.23328
      vertex -27.7797 -1.87052 7.81705
      vertex -27.6934 -2.30457 7.81705
    endloop
  endfacet
  facet normal -0.778691 -0.154921 0.60798
    outer loop
      vertex -27.7797 -1.87052 7.81705
      vertex -28.135 -1.91729 7.35007
      vertex -28.0395 -2.39731 7.35007
    endloop
  endfacet
  facet normal -0.706294 -0.0461411 0.706413
    outer loop
      vertex -27.4858 -0.719666 8.23328
      vertex -27.9021 -0.719666 7.81705
      vertex -27.4605 -1.10694 8.23328
    endloop
  endfacet
  facet normal -0.853538 -0.353607 0.382668
    outer loop
      vertex -27.9923 -4.44024 6.29648
      vertex -27.5104 -5.01494 6.8403
      vertex -27.7842 -4.35404 6.8403
    endloop
  endfacet
  facet normal -0.853538 -0.353607 0.382668
    outer loop
      vertex -27.5104 -5.01494 6.8403
      vertex -27.9923 -4.44024 6.29648
      vertex -27.7185 -5.10114 6.29648
    endloop
  endfacet
  facet normal -0.875128 -0.297072 0.381968
    outer loop
      vertex -27.9539 -3.85413 6.8403
      vertex -27.9923 -4.44024 6.29648
      vertex -27.7842 -4.35404 6.8403
    endloop
  endfacet
  facet normal -0.778691 0.154921 0.60798
    outer loop
      vertex -28.0395 2.39731 7.35007
      vertex -28.135 1.91729 7.35007
      vertex -27.7797 1.87052 7.81705
    endloop
  endfacet
  facet normal -0.853538 0.353607 0.382668
    outer loop
      vertex -27.9923 4.44024 6.29648
      vertex -27.5104 5.01494 6.8403
      vertex -27.7185 5.10114 6.29648
    endloop
  endfacet
  facet normal -0.853538 0.353607 0.382668
    outer loop
      vertex -27.5104 5.01494 6.8403
      vertex -27.9923 4.44024 6.29648
      vertex -27.7842 4.35404 6.8403
    endloop
  endfacet
  facet normal -0.703981 0.366447 0.608381
    outer loop
      vertex -27.022 5.34126 7.35007
      vertex -26.3814 5.79663 7.81705
      vertex -26.6917 5.9758 7.35007
    endloop
  endfacet
  facet normal -0.703982 0.366453 0.608376
    outer loop
      vertex -26.3814 5.79663 7.81705
      vertex -27.022 5.34126 7.35007
      vertex -26.7117 5.1621 7.81705
    endloop
  endfacet
  facet normal -0.6533 0.270652 0.707069
    outer loop
      vertex -26.9074 4.76518 7.81705
      vertex -26.7967 3.945 8.23328
      vertex -26.5229 4.6059 8.23328
    endloop
  endfacet
  facet normal -0.6533 0.270652 0.707069
    outer loop
      vertex -26.7967 3.945 8.23328
      vertex -26.9074 4.76518 7.81705
      vertex -27.1812 4.10428 7.81705
    endloop
  endfacet
  facet normal -0.634921 0.313045 0.706313
    outer loop
      vertex -26.7117 5.1621 7.81705
      vertex -26.9074 4.76518 7.81705
      vertex -26.5229 4.6059 8.23328
    endloop
  endfacet
  facet normal -0.660166 0.441095 0.607961
    outer loop
      vertex -26.0355 6.98606 7.35007
      vertex -26.3074 6.57912 7.35007
      vertex -25.7512 6.76792 7.81705
    endloop
  endfacet
  facet normal -0.532206 0.466738 0.706337
    outer loop
      vertex -25.0239 7.66819 7.81705
      vertex -25.3157 7.33546 7.81705
      vertex -24.7296 7.37387 8.23328
    endloop
  endfacet
  facet normal -0.532205 0.466744 0.706334
    outer loop
      vertex -24.7296 7.37387 8.23328
      vertex -25.3157 7.33546 7.81705
      vertex -24.9855 7.08208 8.23328
    endloop
  endfacet
  facet normal -0.474238 0.160953 0.865559
    outer loop
      vertex -26.3652 3.76629 8.59161
      vertex -26.4703 3.45662 8.59161
      vertex -25.9779 3.32468 8.88593
    endloop
  endfacet
  facet normal -0.474333 0.160849 0.865526
    outer loop
      vertex -25.8943 3.57121 8.88593
      vertex -26.3652 3.76629 8.59161
      vertex -25.9779 3.32468 8.88593
    endloop
  endfacet
  facet normal -0.701112 0.0923283 0.707049
    outer loop
      vertex -27.7797 1.87052 7.81705
      vertex -27.4605 1.10694 8.23328
      vertex -27.3671 1.81619 8.23328
    endloop
  endfacet
  facet normal -0.701112 0.0923283 0.707049
    outer loop
      vertex -27.4605 1.10694 8.23328
      vertex -27.7797 1.87052 7.81705
      vertex -27.8731 1.16127 7.81705
    endloop
  endfacet
  facet normal -0.10874 -0.0726969 0.991409
    outer loop
      vertex -23.3219 -4.85547 9.34036
      vertex -23.8273 -5.14727 9.26353
      vertex -23.3005 -4.88748 9.34036
    endloop
  endfacet
  facet normal -0.0255206 0.128286 0.991409
    outer loop
      vertex -17.8885 8.95081 9.26353
      vertex -18.0011 8.92841 9.26353
      vertex -17.8501 8.3647 9.34036
    endloop
  endfacet
  facet normal -0.416382 0.278242 0.865568
    outer loop
      vertex -25.0505 6.23026 8.59161
      vertex -25.2322 5.95835 8.59161
      vertex -24.7907 5.70346 8.88593
    endloop
  endfacet
  facet normal -0.252913 0.056058 0.965864
    outer loop
      vertex -25.8226 1.80328 9.11118
      vertex -25.1186 2.35452 9.26353
      vertex -25.6678 2.50168 9.11118
    endloop
  endfacet
  facet normal -0.252914 0.056059 0.965863
    outer loop
      vertex -25.1186 2.35452 9.26353
      vertex -25.8226 1.80328 9.11118
      vertex -25.2734 1.65613 9.26353
    endloop
  endfacet
  facet normal -0.461912 0.191363 0.866036
    outer loop
      vertex -26.0915 4.42719 8.59161
      vertex -25.8943 3.57121 8.88593
      vertex -25.6205 4.23211 8.88593
    endloop
  endfacet
  facet normal -0.462 0.191329 0.865996
    outer loop
      vertex -25.8943 3.57121 8.88593
      vertex -26.0915 4.42719 8.59161
      vertex -26.3652 3.76629 8.59161
    endloop
  endfacet
  facet normal -0.814691 -0.519073 0.258536
    outer loop
      vertex -27.2736 -6.31176 5.72791
      vertex -26.7573 -6.83891 6.29648
      vertex -27.1417 -6.23559 6.29648
    endloop
  endfacet
  facet normal -0.814722 -0.518958 0.258671
    outer loop
      vertex -26.7573 -6.83891 6.29648
      vertex -27.2736 -6.31176 5.72791
      vertex -26.8893 -6.91508 5.72791
    endloop
  endfacet
  facet normal -0.651443 -0.571332 0.499201
    outer loop
      vertex -25.6 -7.5536 7.35007
      vertex -25.8335 -7.73277 6.8403
      vertex -25.4854 -8.12968 6.8403
    endloop
  endfacet
  facet normal -0.596931 -0.523501 0.607964
    outer loop
      vertex -25.0239 -7.66819 7.81705
      vertex -25.3157 -7.33546 7.81705
      vertex -25.2773 -7.92157 7.35007
    endloop
  endfacet
  facet normal -0.596937 -0.523498 0.60796
    outer loop
      vertex -25.3157 -7.33546 7.81705
      vertex -25.6 -7.5536 7.35007
      vertex -25.2773 -7.92157 7.35007
    endloop
  endfacet
  facet normal -0.38324 -0.777149 0.499166
    outer loop
      vertex -21.2473 -10.8935 7.35007
      vertex -21.8334 -10.9319 6.8403
      vertex -21.3599 -11.1654 6.8403
    endloop
  endfacet
  facet normal -0.408746 -0.828871 0.381968
    outer loop
      vertex -21.3599 -11.1654 6.8403
      vertex -21.8334 -10.9319 6.8403
      vertex -21.4461 -11.3735 6.29648
    endloop
  endfacet
  facet normal -0.427191 -0.866512 0.258195
    outer loop
      vertex -21.9461 -11.127 6.29648
      vertex -22.0222 -11.2589 5.72791
      vertex -21.4461 -11.3735 6.29648
    endloop
  endfacet
  facet normal -0.187448 -0.845694 0.499665
    outer loop
      vertex -18.8185 -11.9788 6.8403
      vertex -19.4407 -11.5397 7.35007
      vertex -19.5169 -11.824 6.8403
    endloop
  endfacet
  facet normal -0.187448 -0.845694 0.499665
    outer loop
      vertex -19.4407 -11.5397 7.35007
      vertex -18.8185 -11.9788 6.8403
      vertex -18.7423 -11.6945 7.35007
    endloop
  endfacet
  facet normal -0.238621 -0.756909 0.608399
    outer loop
      vertex -19.4407 -11.5397 7.35007
      vertex -20.0302 -10.9785 7.81705
      vertex -20.123 -11.3246 7.35007
    endloop
  endfacet
  facet normal -0.23866 -0.756923 0.608366
    outer loop
      vertex -20.0302 -10.9785 7.81705
      vertex -19.4407 -11.5397 7.35007
      vertex -19.348 -11.1936 7.81705
    endloop
  endfacet
  facet normal -0.365309 -0.115175 0.923734
    outer loop
      vertex -25.6678 -2.50168 9.11118
      vertex -25.9779 -3.32468 8.88593
      vertex -25.4527 -3.18393 9.11118
    endloop
  endfacet
  facet normal -0.365241 -0.115207 0.923757
    outer loop
      vertex -25.9779 -3.32468 8.88593
      vertex -25.6678 -2.50168 9.11118
      vertex -26.1931 -2.64243 8.88593
    endloop
  endfacet
  facet normal -0.363035 -0.123396 0.923569
    outer loop
      vertex -25.4527 -3.18393 9.11118
      vertex -25.9779 -3.32468 8.88593
      vertex -25.3918 -3.3631 9.11118
    endloop
  endfacet
  facet normal -0.322979 -0.205783 0.923763
    outer loop
      vertex -24.7041 -4.82823 9.11118
      vertex -24.7907 -5.70346 8.88593
      vertex -24.3197 -5.43155 9.11118
    endloop
  endfacet
  facet normal -0.323045 -0.205771 0.923743
    outer loop
      vertex -24.7907 -5.70346 8.88593
      vertex -24.7041 -4.82823 9.11118
      vertex -25.175 -5.10014 8.88593
    endloop
  endfacet
  facet normal -0.343874 -0.169507 0.92359
    outer loop
      vertex -25.1181 -4.024 9.11118
      vertex -25.6205 -4.23211 8.88593
      vertex -25.5054 -4.46561 8.88593
    endloop
  endfacet
  facet normal -0.990519 0.0433808 0.130349
    outer loop
      vertex -29.0404 0.00498962 5.14431
      vertex -28.9323 0.719666 5.72791
      vertex -29.0091 0.719666 5.14431
    endloop
  endfacet
  facet normal -0.990503 0.0432415 0.130517
    outer loop
      vertex -28.9323 0.719666 5.72791
      vertex -29.0404 0.00498962 5.14431
      vertex -28.9635 0.00498962 5.72791
    endloop
  endfacet
  facet normal -0.976276 -0.216531 0
    outer loop
      vertex -28.6079 -3.2895 4.95
      vertex -28.7628 -2.5911 5.14431
      vertex -28.7628 -2.5911 4.95
    endloop
  endfacet
  facet normal -0.976276 -0.216531 0
    outer loop
      vertex -28.7628 -2.5911 5.14431
      vertex -28.6079 -3.2895 4.95
      vertex -28.6079 -3.2895 5.14431
    endloop
  endfacet
  facet normal -0.947493 -0.188396 0.258388
    outer loop
      vertex -28.6501 -1.98511 6.29648
      vertex -28.8012 -2.00499 5.72791
      vertex -28.5414 -2.53179 6.29648
    endloop
  endfacet
  facet normal -0.947494 -0.188418 0.258368
    outer loop
      vertex -28.5414 -2.53179 6.29648
      vertex -28.8012 -2.00499 5.72791
      vertex -28.6886 -2.57122 5.72791
    endloop
  endfacet
  facet normal -0.965088 0.042132 0.258513
    outer loop
      vertex -28.9635 0.00498962 5.72791
      vertex -28.78 0.719666 6.29648
      vertex -28.9323 0.719666 5.72791
    endloop
  endfacet
  facet normal -0.965088 0.042132 0.258513
    outer loop
      vertex -28.78 0.719666 6.29648
      vertex -28.9635 0.00498962 5.72791
      vertex -28.8112 0.00498962 6.29648
    endloop
  endfacet
  facet normal -0.965088 -0.042132 0.258513
    outer loop
      vertex -28.9323 -0.719666 5.72791
      vertex -28.8112 -0.00498962 6.29648
      vertex -28.9635 -0.00498962 5.72791
    endloop
  endfacet
  facet normal -0.965088 -0.042132 0.258513
    outer loop
      vertex -28.8112 -0.00498962 6.29648
      vertex -28.9323 -0.719666 5.72791
      vertex -28.78 -0.719666 6.29648
    endloop
  endfacet
  facet normal -0.989372 -0.0647463 0.130198
    outer loop
      vertex -28.9323 -0.719666 5.72791
      vertex -29.0091 -0.719666 5.14431
      vertex -28.8946 -1.29575 5.72791
    endloop
  endfacet
  facet normal -0.963979 -0.0630846 0.258389
    outer loop
      vertex -28.7435 -1.27586 6.29648
      vertex -28.9323 -0.719666 5.72791
      vertex -28.8946 -1.29575 5.72791
    endloop
  endfacet
  facet normal -0.774842 -0.171746 0.608378
    outer loop
      vertex -28.0395 -2.39731 7.35007
      vertex -27.5386 -3.00296 7.81705
      vertex -27.6934 -2.30457 7.81705
    endloop
  endfacet
  facet normal -0.774842 -0.171746 0.608378
    outer loop
      vertex -27.5386 -3.00296 7.81705
      vertex -28.0395 -2.39731 7.35007
      vertex -27.8847 -3.0957 7.35007
    endloop
  endfacet
  facet normal -0.343874 0.169507 0.92359
    outer loop
      vertex -25.5054 4.46561 8.88593
      vertex -25.6205 4.23211 8.88593
      vertex -25.1181 4.024 9.11118
    endloop
  endfacet
  facet normal -0.258773 0.016937 0.96579
    outer loop
      vertex -25.3892 0.834255 9.26353
      vertex -25.9653 0.719666 9.11118
      vertex -25.3967 0.719666 9.26353
    endloop
  endfacet
  facet normal -0.254358 0.0505871 0.965786
    outer loop
      vertex -25.2734 1.65613 9.26353
      vertex -25.8226 1.80328 9.11118
      vertex -25.2958 1.5435 9.26353
    endloop
  endfacet
  facet normal -0.523528 0.596908 0.607963
    outer loop
      vertex -23.6805 8.9707 7.81705
      vertex -24.2666 8.93228 7.35007
      vertex -24.0132 8.6789 7.81705
    endloop
  endfacet
  facet normal -0.338698 0.506876 0.792692
    outer loop
      vertex -22.5368 9.29158 8.23328
      vertex -22.8595 9.07595 8.23328
      vertex -22.5753 8.70547 8.59161
    endloop
  endfacet
  facet normal -0.114707 0.232593 0.965786
    outer loop
      vertex -20.369 8.77308 9.11118
      vertex -20.5387 8.68939 9.11118
      vertex -20.2544 8.197 9.26353
    endloop
  endfacet
  facet normal -0.269515 0.546726 0.79275
    outer loop
      vertex -20.9509 10.1779 8.23328
      vertex -21.299 10.0063 8.23328
      vertex -21.0655 9.60183 8.59161
    endloop
  endfacet
  facet normal -0.0566255 0.864647 0.499178
    outer loop
      vertex -17.0647 12.2097 6.8403
      vertex -17.5915 12.1752 6.8403
      vertex -17.0647 11.9154 7.35007
    endloop
  endfacet
  facet normal -0.0566621 0.864629 0.499206
    outer loop
      vertex -17.0647 11.9154 7.35007
      vertex -17.5915 12.1752 6.8403
      vertex -17.553 11.8834 7.35007
    endloop
  endfacet
  facet normal -0.103585 0.786537 0.608793
    outer loop
      vertex -17.553 11.8834 7.35007
      vertex -18.2155 11.4347 7.81705
      vertex -17.5063 11.5281 7.81705
    endloop
  endfacet
  facet normal -0.103569 0.786529 0.608807
    outer loop
      vertex -18.2155 11.4347 7.81705
      vertex -17.553 11.8834 7.35007
      vertex -18.2623 11.79 7.35007
    endloop
  endfacet
  facet normal -0.153189 0.690684 0.706745
    outer loop
      vertex -18.6496 11.3484 7.81705
      vertex -19.2402 10.7915 8.23328
      vertex -18.5418 10.9464 8.23328
    endloop
  endfacet
  facet normal -0.153077 0.690626 0.706826
    outer loop
      vertex -19.2402 10.7915 8.23328
      vertex -18.6496 11.3484 7.81705
      vertex -19.348 11.1936 7.81705
    endloop
  endfacet
  facet normal -0.227443 0.67029 0.706386
    outer loop
      vertex -20.0302 10.9785 7.81705
      vertex -20.29 10.4517 8.23328
      vertex -19.9225 10.5764 8.23328
    endloop
  endfacet
  facet normal -0.270649 0.653294 0.707075
    outer loop
      vertex -20.4493 10.8362 7.81705
      vertex -20.9509 10.1779 8.23328
      vertex -20.29 10.4517 8.23328
    endloop
  endfacet
  facet normal -0.270649 0.653294 0.707075
    outer loop
      vertex -20.9509 10.1779 8.23328
      vertex -20.4493 10.8362 7.81705
      vertex -21.1102 10.5624 7.81705
    endloop
  endfacet
  facet normal -0.131811 0.594684 0.793081
    outer loop
      vertex -18.5418 10.9464 8.23328
      vertex -19.1194 10.3405 8.59161
      vertex -18.421 10.4953 8.59161
    endloop
  endfacet
  facet normal -0.131909 0.594742 0.793021
    outer loop
      vertex -19.1194 10.3405 8.59161
      vertex -18.5418 10.9464 8.23328
      vertex -19.2402 10.7915 8.23328
    endloop
  endfacet
  facet normal -0.0337842 0.256611 0.965924
    outer loop
      vertex -17.2535 9.60788 9.11118
      vertex -17.8885 8.95081 9.26353
      vertex -17.1793 9.04418 9.26353
    endloop
  endfacet
  facet normal -0.0337801 0.256608 0.965925
    outer loop
      vertex -17.8885 8.95081 9.26353
      vertex -17.2535 9.60788 9.11118
      vertex -17.9627 9.51452 9.11118
    endloop
  endfacet
  facet normal -0.0169692 0.258787 0.965785
    outer loop
      vertex -17.0647 9.62026 9.11118
      vertex -17.2535 9.60788 9.11118
      vertex -17.1793 9.04418 9.26353
    endloop
  endfacet
  facet normal -0.0652871 0.495735 0.866016
    outer loop
      vertex -17.391 10.6525 8.59161
      vertex -18.0337 10.0537 8.88593
      vertex -17.3245 10.1471 8.88593
    endloop
  endfacet
  facet normal -0.0652871 0.495735 0.866016
    outer loop
      vertex -18.0337 10.0537 8.88593
      vertex -17.391 10.6525 8.59161
      vertex -18.1002 10.5591 8.59161
    endloop
  endfacet
  facet normal -0.577233 -0.195861 0.792743
    outer loop
      vertex -26.4703 -3.45662 8.59161
      vertex -26.9214 -3.57749 8.23328
      vertex -26.7967 -3.945 8.23328
    endloop
  endfacet
  facet normal -0.353566 -0.146423 0.923878
    outer loop
      vertex -25.3918 -3.3631 9.11118
      vertex -25.6205 -4.23211 8.88593
      vertex -25.1181 -4.024 9.11118
    endloop
  endfacet
  facet normal -0.353496 -0.146447 0.923901
    outer loop
      vertex -25.6205 -4.23211 8.88593
      vertex -25.3918 -3.3631 9.11118
      vertex -25.8943 -3.57121 8.88593
    endloop
  endfacet
  facet normal -0.0882713 -0.0963279 0.991428
    outer loop
      vertex -22.3564 -6.01138 9.34036
      vertex -22.2416 -6.90733 9.26353
      vertex -21.829 -6.49467 9.34036
    endloop
  endfacet
  facet normal -0.0882713 -0.0963279 0.991428
    outer loop
      vertex -22.2416 -6.90733 9.26353
      vertex -22.3564 -6.01138 9.34036
      vertex -22.769 -6.42404 9.26353
    endloop
  endfacet
  facet normal -0.303571 -0.232944 0.923895
    outer loop
      vertex -24.2146 -5.58887 9.11118
      vertex -24.2106 -6.48746 8.88593
      vertex -23.7791 -6.15641 9.11118
    endloop
  endfacet
  facet normal -0.30363 -0.23294 0.923876
    outer loop
      vertex -24.2106 -6.48746 8.88593
      vertex -24.2146 -5.58887 9.11118
      vertex -24.646 -5.91993 8.88593
    endloop
  endfacet
  facet normal -0.190978 -0.175002 0.965868
    outer loop
      vertex -23.6544 -6.29866 9.11118
      vertex -22.769 -6.42404 9.26353
      vertex -23.2523 -5.89662 9.26353
    endloop
  endfacet
  facet normal -0.190978 -0.175002 0.965868
    outer loop
      vertex -22.769 -6.42404 9.26353
      vertex -23.6544 -6.29866 9.11118
      vertex -23.1711 -6.82608 9.11118
    endloop
  endfacet
  facet normal -0.215625 -0.144081 0.965788
    outer loop
      vertex -23.8273 -5.14727 9.26353
      vertex -24.2146 -5.58887 9.11118
      vertex -23.7635 -5.24275 9.26353
    endloop
  endfacet
  facet normal -0.108753 -0.0726692 0.991409
    outer loop
      vertex -23.3005 -4.88748 9.34036
      vertex -23.8273 -5.14727 9.26353
      vertex -23.7635 -5.24275 9.26353
    endloop
  endfacet
  facet normal -0.318762 -0.212954 0.923602
    outer loop
      vertex -24.3197 -5.43155 9.11118
      vertex -24.7907 -5.70346 8.88593
      vertex -24.2146 -5.58887 9.11118
    endloop
  endfacet
  facet normal -0.229783 -0.11961 0.965864
    outer loop
      vertex -25.0344 -4.1937 9.11118
      vertex -24.2117 -4.54395 9.26353
      vertex -24.542 -3.90941 9.26353
    endloop
  endfacet
  facet normal -0.229784 -0.119613 0.965863
    outer loop
      vertex -24.2117 -4.54395 9.26353
      vertex -25.0344 -4.1937 9.11118
      vertex -24.7041 -4.82823 9.11118
    endloop
  endfacet
  facet normal -0.376503 -0.330262 0.865548
    outer loop
      vertex -24.2106 -6.48746 8.88593
      vertex -24.615 -6.79779 8.59161
      vertex -24.0389 -6.6832 8.88593
    endloop
  endfacet
  facet normal -0.449167 -0.221597 0.865531
    outer loop
      vertex -25.5054 -4.46561 8.88593
      vertex -26.0915 -4.42719 8.59161
      vertex -25.9468 -4.72049 8.59161
    endloop
  endfacet
  facet normal -0.546703 -0.269511 0.792767
    outer loop
      vertex -25.9468 -4.72049 8.59161
      vertex -26.5229 -4.6059 8.23328
      vertex -26.3513 -4.95399 8.23328
    endloop
  endfacet
  facet normal -0.562464 -0.232934 0.793332
    outer loop
      vertex -26.3652 -3.76629 8.59161
      vertex -26.5229 -4.6059 8.23328
      vertex -26.0915 -4.42719 8.59161
    endloop
  endfacet
  facet normal -0.562364 -0.232978 0.79339
    outer loop
      vertex -26.5229 -4.6059 8.23328
      vertex -26.3652 -3.76629 8.59161
      vertex -26.7967 -3.945 8.23328
    endloop
  endfacet
  facet normal -0.6533 -0.270652 0.707069
    outer loop
      vertex -26.7967 -3.945 8.23328
      vertex -26.9074 -4.76518 7.81705
      vertex -26.5229 -4.6059 8.23328
    endloop
  endfacet
  facet normal -0.6533 -0.270652 0.707069
    outer loop
      vertex -26.9074 -4.76518 7.81705
      vertex -26.7967 -3.945 8.23328
      vertex -27.1812 -4.10428 7.81705
    endloop
  endfacet
  facet normal -0.175005 -0.190977 0.965868
    outer loop
      vertex -22.769 -6.42404 9.26353
      vertex -22.6437 -7.30937 9.11118
      vertex -22.2416 -6.90733 9.26353
    endloop
  endfacet
  facet normal -0.175005 -0.190977 0.965868
    outer loop
      vertex -22.6437 -7.30937 9.11118
      vertex -22.769 -6.42404 9.26353
      vertex -23.1711 -6.82608 9.11118
    endloop
  endfacet
  facet normal -0.282375 -0.258754 0.923748
    outer loop
      vertex -24.0389 -6.6832 8.88593
      vertex -23.1711 -6.82608 9.11118
      vertex -23.6544 -6.29866 9.11118
    endloop
  endfacet
  facet normal -0.282375 -0.258754 0.923748
    outer loop
      vertex -23.1711 -6.82608 9.11118
      vertex -24.0389 -6.6832 8.88593
      vertex -23.5556 -7.21062 8.88593
    endloop
  endfacet
  facet normal -0.39672 -0.304358 0.866013
    outer loop
      vertex -24.646 -5.91993 8.88593
      vertex -24.615 -6.79779 8.59161
      vertex -24.2106 -6.48746 8.88593
    endloop
  endfacet
  facet normal -0.39664 -0.304366 0.866047
    outer loop
      vertex -24.615 -6.79779 8.59161
      vertex -24.646 -5.91993 8.88593
      vertex -25.0505 -6.23026 8.59161
    endloop
  endfacet
  facet normal -0.482944 -0.370592 0.793364
    outer loop
      vertex -25.0505 -6.23026 8.59161
      vertex -24.9855 -7.08208 8.23328
      vertex -24.615 -6.79779 8.59161
    endloop
  endfacet
  facet normal -0.482951 -0.370591 0.79336
    outer loop
      vertex -24.9855 -7.08208 8.23328
      vertex -25.0505 -6.23026 8.59161
      vertex -25.421 -6.51454 8.23328
    endloop
  endfacet
  facet normal -0.150463 -0.477249 0.865791
    outer loop
      vertex -19.8016 -10.1253 8.59161
      vertex -18.9874 -9.84806 8.88593
      vertex -19.6697 -9.63295 8.88593
    endloop
  endfacet
  facet normal -0.150516 -0.477146 0.865839
    outer loop
      vertex -18.9874 -9.84806 8.88593
      vertex -19.8016 -10.1253 8.59161
      vertex -19.1194 -10.3405 8.59161
    endloop
  endfacet
  facet normal -0.160954 -0.474285 0.865533
    outer loop
      vertex -19.6697 -9.63295 8.88593
      vertex -20.1113 -10.0202 8.59161
      vertex -19.8016 -10.1253 8.59161
    endloop
  endfacet
  facet normal 0.0337801 -0.256608 0.965925
    outer loop
      vertex 17.8885 -8.95081 9.26353
      vertex 17.2535 -9.60788 9.11118
      vertex 17.9627 -9.51452 9.11118
    endloop
  endfacet
  facet normal 0.0337842 -0.256611 0.965924
    outer loop
      vertex 17.2535 -9.60788 9.11118
      vertex 17.8885 -8.95081 9.26353
      vertex 17.1793 -9.04418 9.26353
    endloop
  endfacet
  facet normal 0.0169692 -0.258787 0.965785
    outer loop
      vertex 17.1793 -9.04418 9.26353
      vertex 17.0647 -9.62026 9.11118
      vertex 17.2535 -9.60788 9.11118
    endloop
  endfacet
  facet normal 0 -0.922441 0.386138
    outer loop
      vertex -16.35 -12.2409 6.8403
      vertex -2.80529 -12.2454 6.82955
      vertex -2.75683 -12.2409 6.8403
    endloop
  endfacet
  facet normal -3.93746e-06 -0.924198 0.381913
    outer loop
      vertex -16.35 -12.2409 6.8403
      vertex -2.85521 -12.2519 6.81382
      vertex -2.80529 -12.2454 6.82955
    endloop
  endfacet
  facet normal -2.23054e-06 -0.923891 0.382655
    outer loop
      vertex -16.35 -12.2409 6.8403
      vertex -2.90357 -12.2602 6.79378
      vertex -2.85521 -12.2519 6.81382
    endloop
  endfacet
  facet normal -3.07403e-06 -0.923977 0.382447
    outer loop
      vertex -16.35 -12.2409 6.8403
      vertex -2.95 -12.2702 6.76962
      vertex -2.90357 -12.2602 6.79378
    endloop
  endfacet
  facet normal -1.05105e-05 -0.924475 0.381243
    outer loop
      vertex -16.35 -12.2409 6.8403
      vertex -2.99415 -12.2818 6.74149
      vertex -2.95 -12.2702 6.76962
    endloop
  endfacet
  facet normal 2.61917e-06 -0.923848 0.382759
    outer loop
      vertex -16.35 -12.2409 6.8403
      vertex -3.03567 -12.295 6.70963
      vertex -2.99415 -12.2818 6.74149
    endloop
  endfacet
  facet normal 1.42248e-05 -0.92343 0.383768
    outer loop
      vertex -16.35 -12.2409 6.8403
      vertex -3.07426 -12.3097 6.67426
      vertex -3.03567 -12.295 6.70963
    endloop
  endfacet
  facet normal 2.93784e-06 -0.923749 0.382998
    outer loop
      vertex -16.35 -12.2409 6.8403
      vertex -3.10963 -12.3257 6.63567
      vertex -3.07426 -12.3097 6.67426
    endloop
  endfacet
  facet normal -2.09267e-06 -0.923864 0.38272
    outer loop
      vertex -16.35 -12.2409 6.8403
      vertex -3.14149 -12.3429 6.59415
      vertex -3.10963 -12.3257 6.63567
    endloop
  endfacet
  facet normal 1.94909e-06 -0.923788 0.382905
    outer loop
      vertex -16.35 -12.2409 6.8403
      vertex -3.16961 -12.3612 6.55
      vertex -3.14149 -12.3429 6.59415
    endloop
  endfacet
  facet normal -1.75704e-05 -0.924101 0.382149
    outer loop
      vertex -16.35 -12.2409 6.8403
      vertex -3.19378 -12.3804 6.50357
      vertex -3.16961 -12.3612 6.55
    endloop
  endfacet
  facet normal -1.67002e-05 -0.924089 0.382178
    outer loop
      vertex -16.35 -12.2409 6.8403
      vertex -3.21381 -12.4004 6.45521
      vertex -3.19378 -12.3804 6.50357
    endloop
  endfacet
  facet normal 1.27333e-05 -0.923734 0.383035
    outer loop
      vertex -16.35 -12.2409 6.8403
      vertex -3.22956 -12.4211 6.40529
      vertex -3.21381 -12.4004 6.45521
    endloop
  endfacet
  facet normal 1.91358e-05 -0.923666 0.383199
    outer loop
      vertex -16.35 -12.2409 6.8403
      vertex -3.24088 -12.4423 6.35419
      vertex -3.22956 -12.4211 6.40529
    endloop
  endfacet
  facet normal -1.74993e-06 -0.923865 0.382719
    outer loop
      vertex -16.35 -12.2409 6.8403
      vertex -3.24772 -12.4638 6.30229
      vertex -3.24088 -12.4423 6.35419
    endloop
  endfacet
  facet normal -4.95944e-07 -0.923854 0.382745
    outer loop
      vertex -16.35 -12.4662 6.29648
      vertex -3.24772 -12.4638 6.30229
      vertex -16.35 -12.2409 6.8403
    endloop
  endfacet
  facet normal 0 -0.924249 0.38179
    outer loop
      vertex -3.24772 -12.4638 6.30229
      vertex -16.35 -12.4662 6.29648
      vertex -3.24797 -12.4662 6.29648
    endloop
  endfacet
  facet normal 0 -0.922441 0.386138
    outer loop
      vertex -2.49471 -12.2454 6.82955
      vertex 16.35 -12.2409 6.8403
      vertex -2.54317 -12.2409 6.8403
    endloop
  endfacet
  facet normal 2.83207e-06 -0.9242 0.38191
    outer loop
      vertex -2.44479 -12.2519 6.81382
      vertex 16.35 -12.2409 6.8403
      vertex -2.49471 -12.2454 6.82955
    endloop
  endfacet
  facet normal 1.60367e-06 -0.923892 0.382654
    outer loop
      vertex -2.39643 -12.2602 6.79378
      vertex 16.35 -12.2409 6.8403
      vertex -2.44479 -12.2519 6.81382
    endloop
  endfacet
  facet normal 2.20907e-06 -0.923978 0.382445
    outer loop
      vertex -2.35 -12.2702 6.76962
      vertex 16.35 -12.2409 6.8403
      vertex -2.39643 -12.2602 6.79378
    endloop
  endfacet
  facet normal 7.54918e-06 -0.924476 0.381239
    outer loop
      vertex -2.30585 -12.2818 6.74149
      vertex 16.35 -12.2409 6.8403
      vertex -2.35 -12.2702 6.76962
    endloop
  endfacet
  facet normal -1.88018e-06 -0.923848 0.382759
    outer loop
      vertex -2.26433 -12.295 6.70963
      vertex 16.35 -12.2409 6.8403
      vertex -2.30585 -12.2818 6.74149
    endloop
  endfacet
  facet normal -1.02054e-05 -0.923428 0.383772
    outer loop
      vertex -2.22574 -12.3097 6.67426
      vertex 16.35 -12.2409 6.8403
      vertex -2.26433 -12.295 6.70963
    endloop
  endfacet
  facet normal -2.10643e-06 -0.923749 0.382998
    outer loop
      vertex -2.19037 -12.3257 6.63567
      vertex 16.35 -12.2409 6.8403
      vertex -2.22574 -12.3097 6.67426
    endloop
  endfacet
  facet normal 1.49948e-06 -0.923865 0.38272
    outer loop
      vertex -2.15851 -12.3429 6.59415
      vertex 16.35 -12.2409 6.8403
      vertex -2.19037 -12.3257 6.63567
    endloop
  endfacet
  facet normal -1.39564e-06 -0.923788 0.382905
    outer loop
      vertex -2.13038 -12.3612 6.55
      vertex 16.35 -12.2409 6.8403
      vertex -2.15851 -12.3429 6.59415
    endloop
  endfacet
  facet normal 1.25722e-05 -0.924102 0.382146
    outer loop
      vertex -2.10621 -12.3804 6.50357
      vertex 16.35 -12.2409 6.8403
      vertex -2.13038 -12.3612 6.55
    endloop
  endfacet
  facet normal 1.19405e-05 -0.92409 0.382176
    outer loop
      vertex -2.08618 -12.4004 6.45521
      vertex 16.35 -12.2409 6.8403
      vertex -2.10621 -12.3804 6.50357
    endloop
  endfacet
  facet normal -9.09679e-06 -0.923734 0.383036
    outer loop
      vertex -2.07044 -12.4211 6.40529
      vertex 16.35 -12.2409 6.8403
      vertex -2.08618 -12.4004 6.45521
    endloop
  endfacet
  facet normal -1.36586e-05 -0.923665 0.383201
    outer loop
      vertex -2.05911 -12.4423 6.35419
      vertex 16.35 -12.2409 6.8403
      vertex -2.07044 -12.4211 6.40529
    endloop
  endfacet
  facet normal 1.24788e-06 -0.923865 0.382719
    outer loop
      vertex -2.05228 -12.4638 6.30229
      vertex 16.35 -12.2409 6.8403
      vertex -2.05911 -12.4423 6.35419
    endloop
  endfacet
  facet normal 3.30238e-05 -0.924249 0.381791
    outer loop
      vertex -2.05203 -12.4662 6.29648
      vertex 16.35 -12.2409 6.8403
      vertex -2.05228 -12.4638 6.30229
    endloop
  endfacet
  facet normal 0 -0.923854 0.382745
    outer loop
      vertex 16.35 -12.2409 6.8403
      vertex -2.05203 -12.4662 6.29648
      vertex 16.35 -12.4662 6.29648
    endloop
  endfacet
  facet normal 0.0377796 -0.865419 0.499623
    outer loop
      vertex 16.35 -12.2409 6.8403
      vertex 17.0647 -11.9154 7.35007
      vertex 16.35 -11.9466 7.35007
    endloop
  endfacet
  facet normal 0.0377796 -0.865419 0.499623
    outer loop
      vertex 17.0647 -11.9154 7.35007
      vertex 16.35 -12.2409 6.8403
      vertex 17.0647 -12.2097 6.8403
    endloop
  endfacet
  facet normal 0.196043 -0.577263 0.792675
    outer loop
      vertex 20.05 -10.2913 8.40937
      vertex 19.9225 -10.5764 8.23328
      vertex 20.05 -10.5331 8.23328
    endloop
  endfacet
  facet normal 0.195858 -0.577225 0.792749
    outer loop
      vertex 19.9225 -10.5764 8.23328
      vertex 20.05 -10.2913 8.40937
      vertex 19.8016 -10.1253 8.59161
    endloop
  endfacet
  facet normal 0.195885 -0.577199 0.792761
    outer loop
      vertex 20.05 -10.041 8.59161
      vertex 19.8016 -10.1253 8.59161
      vertex 20.05 -10.2913 8.40937
    endloop
  endfacet
  facet normal -0.171745 -0.774849 0.608369
    outer loop
      vertex -18.7423 -11.6945 7.35007
      vertex -19.348 -11.1936 7.81705
      vertex -19.4407 -11.5397 7.35007
    endloop
  endfacet
  facet normal -0.171745 -0.774849 0.608369
    outer loop
      vertex -19.348 -11.1936 7.81705
      vertex -18.7423 -11.6945 7.35007
      vertex -18.6496 -11.3484 7.81705
    endloop
  endfacet
  facet normal -0.15482 -0.778765 0.607911
    outer loop
      vertex -18.6496 -11.3484 7.81705
      vertex -18.7423 -11.6945 7.35007
      vertex -18.2155 -11.4347 7.81705
    endloop
  endfacet
  facet normal -0.049952 0.120592 0.991445
    outer loop
      vertex -19.4905 8.52154 9.26353
      vertex -19.9281 7.70862 9.34036
      vertex -19.2672 7.98238 9.34036
    endloop
  endfacet
  facet normal -0.0499497 0.120591 0.991445
    outer loop
      vertex -19.9281 7.70862 9.34036
      vertex -19.4905 8.52154 9.26353
      vertex -20.1514 8.24779 9.26353
    endloop
  endfacet
  facet normal -0.232584 -0.114722 0.965786
    outer loop
      vertex -24.5928 -3.80642 9.26353
      vertex -25.1181 -4.024 9.11118
      vertex -24.542 -3.90941 9.26353
    endloop
  endfacet
  facet normal -0.0834038 0.245558 0.965787
    outer loop
      vertex -19.3818 8.55846 9.26353
      vertex -19.7081 9.04683 9.11118
      vertex -19.4905 8.52154 9.26353
    endloop
  endfacet
  facet normal -0.0578485 0.117314 0.991409
    outer loop
      vertex -20.1514 8.24779 9.26353
      vertex -20.2544 8.197 9.26353
      vertex -19.9281 7.70862 9.34036
    endloop
  endfacet
  facet normal -0.252813 0.288218 0.923588
    outer loop
      vertex -22.8325 7.86557 8.88593
      vertex -23.0282 7.69391 8.88593
      vertex -22.6437 7.30937 9.11118
    endloop
  endfacet
  facet normal -0.0578941 0.117284 0.991409
    outer loop
      vertex -19.9281 7.70862 9.34036
      vertex -20.2544 8.197 9.26353
      vertex -19.9626 7.69159 9.34036
    endloop
  endfacet
  facet normal -0.58511 0.536164 0.60842
    outer loop
      vertex -25.2773 7.92157 7.35007
      vertex -24.5406 8.19561 7.81705
      vertex -24.794 8.44899 7.35007
    endloop
  endfacet
  facet normal -0.58511 0.536164 0.60842
    outer loop
      vertex -24.5406 8.19561 7.81705
      vertex -25.2773 7.92157 7.35007
      vertex -25.0239 7.66819 7.81705
    endloop
  endfacet
  facet normal 0.193438 0.972424 0.130283
    outer loop
      vertex 18.36 12.5324 5.14431
      vertex 18.35 12.4562 5.72791
      vertex 18.9361 12.4178 5.14431
    endloop
  endfacet
  facet normal 0.300692 0.953721 -0
    outer loop
      vertex 20.05 12.1319 4.95
      vertex 19.6345 12.2629 5.14431
      vertex 20.05 12.1319 5.14431
    endloop
  endfacet
  facet normal 0.300692 0.953721 0
    outer loop
      vertex 19.6345 12.2629 5.14431
      vertex 20.05 12.1319 4.95
      vertex 19.6345 12.2629 4.95
    endloop
  endfacet
  facet normal 0.0990462 0.239118 0.965926
    outer loop
      vertex 19.4905 8.52154 9.26353
      vertex 20.05 8.90521 9.11118
      vertex 19.7081 9.04683 9.11118
    endloop
  endfacet
  facet normal 0.0990426 0.239123 0.965925
    outer loop
      vertex 20.05 8.90521 9.11118
      vertex 19.4905 8.52154 9.26353
      vertex 20.05 8.2898 9.26353
    endloop
  endfacet
  facet normal 0.0577832 0.117345 0.991409
    outer loop
      vertex 20.05 8.00293 9.29842
      vertex 19.9281 7.70862 9.34036
      vertex 20.05 7.89107 9.31166
    endloop
  endfacet
  facet normal -0.540255 -0.281222 0.79312
    outer loop
      vertex -26.3513 -4.95399 8.23328
      vertex -25.6165 -5.35503 8.59161
      vertex -25.9468 -4.72049 8.59161
    endloop
  endfacet
  facet normal -0.540285 -0.281326 0.793062
    outer loop
      vertex -25.6165 -5.35503 8.59161
      vertex -26.3513 -4.95399 8.23328
      vertex -26.0209 -5.58852 8.23328
    endloop
  endfacet
  facet normal -0.634921 -0.313045 0.706313
    outer loop
      vertex -26.5229 -4.6059 8.23328
      vertex -26.9074 -4.76518 7.81705
      vertex -26.7117 -5.1621 7.81705
    endloop
  endfacet
  facet normal -0.712094 -0.351095 0.607992
    outer loop
      vertex -26.9074 -4.76518 7.81705
      vertex -27.2385 -4.90231 7.35007
      vertex -26.7117 -5.1621 7.81705
    endloop
  endfacet
  facet normal -0.800091 -0.331465 0.499986
    outer loop
      vertex -27.7842 -4.35404 6.8403
      vertex -27.2385 -4.90231 7.35007
      vertex -27.5123 -4.24141 7.35007
    endloop
  endfacet
  facet normal -0.800091 -0.331465 0.499986
    outer loop
      vertex -27.2385 -4.90231 7.35007
      vertex -27.7842 -4.35404 6.8403
      vertex -27.5104 -5.01494 6.8403
    endloop
  endfacet
  facet normal -0.820511 -0.278531 0.499182
    outer loop
      vertex -27.5123 -4.24141 7.35007
      vertex -27.9539 -3.85413 6.8403
      vertex -27.7842 -4.35404 6.8403
    endloop
  endfacet
  facet normal -0.726328 -0.636948 0.25835
    outer loop
      vertex -26.0122 -7.86989 6.29648
      vertex -26.1331 -7.96264 5.72791
      vertex -25.6447 -8.28896 6.29648
    endloop
  endfacet
  facet normal -0.745427 -0.653753 0.130179
    outer loop
      vertex -26.1331 -7.96264 5.72791
      vertex -26.194 -8.00941 5.14431
      vertex -25.8067 -8.45102 5.14431
    endloop
  endfacet
  facet normal -0.745397 -0.653779 0.130217
    outer loop
      vertex -25.7524 -8.39669 5.72791
      vertex -26.1331 -7.96264 5.72791
      vertex -25.8067 -8.45102 5.14431
    endloop
  endfacet
  facet normal -0.766326 -0.588048 0.258733
    outer loop
      vertex -26.5685 -7.3951 5.72791
      vertex -26.0122 -7.86989 6.29648
      vertex -26.4477 -7.30236 6.29648
    endloop
  endfacet
  facet normal -0.766368 -0.587935 0.258868
    outer loop
      vertex -26.0122 -7.86989 6.29648
      vertex -26.5685 -7.3951 5.72791
      vertex -26.1331 -7.96264 5.72791
    endloop
  endfacet
  facet normal -0.768378 -0.513419 0.382095
    outer loop
      vertex -26.2689 -7.16523 6.8403
      vertex -26.5622 -6.72628 6.8403
      vertex -26.4477 -7.30236 6.29648
    endloop
  endfacet
  facet normal -0.768358 -0.399957 0.499661
    outer loop
      vertex -27.2769 -5.48842 6.8403
      vertex -26.6917 -5.9758 7.35007
      vertex -27.022 -5.34126 7.35007
    endloop
  endfacet
  facet normal -0.768358 -0.399957 0.499661
    outer loop
      vertex -26.6917 -5.9758 7.35007
      vertex -27.2769 -5.48842 6.8403
      vertex -26.9466 -6.12296 6.8403
    endloop
  endfacet
  facet normal -0.7929 0.0346149 0.608368
    outer loop
      vertex -28.2916 0.00498962 7.35007
      vertex -27.9021 0.719666 7.81705
      vertex -28.2604 0.719666 7.35007
    endloop
  endfacet
  facet normal -0.7929 0.0346149 0.608368
    outer loop
      vertex -27.9021 0.719666 7.81705
      vertex -28.2916 0.00498962 7.35007
      vertex -27.9333 0.00498962 7.81705
    endloop
  endfacet
  facet normal -0.923104 -0.0402991 0.382434
    outer loop
      vertex -28.78 -0.719666 6.29648
      vertex -28.5859 -0.00498962 6.8403
      vertex -28.8112 -0.00498962 6.29648
    endloop
  endfacet
  facet normal -0.923104 -0.0402991 0.382434
    outer loop
      vertex -28.5859 -0.00498962 6.8403
      vertex -28.78 -0.719666 6.29648
      vertex -28.5547 -0.719666 6.8403
    endloop
  endfacet
  facet normal -0.849829 -0.169053 0.499212
    outer loop
      vertex -28.0395 -2.39731 7.35007
      vertex -28.4268 -1.9557 6.8403
      vertex -28.3238 -2.47348 6.8403
    endloop
  endfacet
  facet normal -0.849833 -0.169074 0.499197
    outer loop
      vertex -28.135 -1.91729 7.35007
      vertex -28.4268 -1.9557 6.8403
      vertex -28.0395 -2.39731 7.35007
    endloop
  endfacet
  facet normal -0.701112 -0.0923283 0.707049
    outer loop
      vertex -27.4605 -1.10694 8.23328
      vertex -27.7797 -1.87052 7.81705
      vertex -27.3671 -1.81619 8.23328
    endloop
  endfacet
  facet normal -0.701112 -0.0923283 0.707049
    outer loop
      vertex -27.7797 -1.87052 7.81705
      vertex -27.4605 -1.10694 8.23328
      vertex -27.8731 -1.16127 7.81705
    endloop
  endfacet
  facet normal -0.786531 -0.103577 0.608803
    outer loop
      vertex -28.2284 -1.20804 7.35007
      vertex -27.7797 -1.87052 7.81705
      vertex -27.8731 -1.16127 7.81705
    endloop
  endfacet
  facet normal -0.786531 -0.103577 0.608803
    outer loop
      vertex -27.7797 -1.87052 7.81705
      vertex -28.2284 -1.20804 7.35007
      vertex -28.135 -1.91729 7.35007
    endloop
  endfacet
  facet normal -0.7929 -0.0346149 0.608368
    outer loop
      vertex -28.2604 -0.719666 7.35007
      vertex -27.9333 -0.00498962 7.81705
      vertex -28.2916 -0.00498962 7.35007
    endloop
  endfacet
  facet normal -0.7929 -0.0346149 0.608368
    outer loop
      vertex -27.9333 -0.00498962 7.81705
      vertex -28.2604 -0.719666 7.35007
      vertex -27.9021 -0.719666 7.81705
    endloop
  endfacet
  facet normal -0.866037 0 0.49998
    outer loop
      vertex -28.5859 -0.00498962 6.8403
      vertex -28.2916 0.00498962 7.35007
      vertex -28.5859 0.00498962 6.8403
    endloop
  endfacet
  facet normal -0.866037 0 0.49998
    outer loop
      vertex -28.2916 0.00498962 7.35007
      vertex -28.5859 -0.00498962 6.8403
      vertex -28.2916 -0.00498962 7.35007
    endloop
  endfacet
  facet normal -0.915989 -0.120627 0.382639
    outer loop
      vertex -28.7435 -1.27586 6.29648
      vertex -28.4268 -1.9557 6.8403
      vertex -28.5202 -1.24646 6.8403
    endloop
  endfacet
  facet normal -0.915989 -0.120625 0.382641
    outer loop
      vertex -28.4268 -1.9557 6.8403
      vertex -28.7435 -1.27586 6.29648
      vertex -28.6501 -1.98511 6.29648
    endloop
  endfacet
  facet normal -0.9148 -0.310589 0.258216
    outer loop
      vertex -28.1715 -3.91243 6.29648
      vertex -28.3186 -3.95186 5.72791
      vertex -27.9923 -4.44024 6.29648
    endloop
  endfacet
  facet normal -0.875098 -0.29711 0.382007
    outer loop
      vertex -27.9539 -3.85413 6.8403
      vertex -28.1715 -3.91243 6.29648
      vertex -27.9923 -4.44024 6.29648
    endloop
  endfacet
  facet normal -0.914801 0.310578 0.258225
    outer loop
      vertex -28.133 4.49854 5.72791
      vertex -28.3186 3.95186 5.72791
      vertex -27.9923 4.44024 6.29648
    endloop
  endfacet
  facet normal -0.892407 0.369575 0.25889
    outer loop
      vertex -28.133 4.49854 5.72791
      vertex -27.7185 5.10114 6.29648
      vertex -27.8593 5.15944 5.72791
    endloop
  endfacet
  facet normal -0.892396 0.369705 0.258744
    outer loop
      vertex -27.7185 5.10114 6.29648
      vertex -28.133 4.49854 5.72791
      vertex -27.9923 4.44024 6.29648
    endloop
  endfacet
  facet normal -0.921305 0.290469 0.258503
    outer loop
      vertex -28.5337 3.26961 5.72791
      vertex -28.1715 3.91243 6.29648
      vertex -28.3186 3.95186 5.72791
    endloop
  endfacet
  facet normal -0.921305 0.290469 0.258503
    outer loop
      vertex -28.1715 3.91243 6.29648
      vertex -28.5337 3.26961 5.72791
      vertex -28.3866 3.23018 6.29648
    endloop
  endfacet
  facet normal -0.588657 0.393217 0.706303
    outer loop
      vertex -25.7512 6.76792 7.81705
      vertex -25.997 6.39995 7.81705
      vertex -25.6366 6.19184 8.23328
    endloop
  endfacet
  facet normal -0.669322 0.426342 0.608474
    outer loop
      vertex -26.6917 5.9758 7.35007
      vertex -25.997 6.39995 7.81705
      vertex -26.3074 6.57912 7.35007
    endloop
  endfacet
  facet normal -0.669331 0.426459 0.608382
    outer loop
      vertex -25.997 6.39995 7.81705
      vertex -26.6917 5.9758 7.35007
      vertex -26.3814 5.79663 7.81705
    endloop
  endfacet
  facet normal -0.577197 0.195897 0.792759
    outer loop
      vertex -26.3652 3.76629 8.59161
      vertex -26.7967 3.945 8.23328
      vertex -26.4703 3.45662 8.59161
    endloop
  endfacet
  facet normal -0.820511 0.278531 0.499182
    outer loop
      vertex -27.7842 4.35404 6.8403
      vertex -27.9539 3.85413 6.8403
      vertex -27.5123 4.24141 7.35007
    endloop
  endfacet
  facet normal -0.670286 0.227435 0.706392
    outer loop
      vertex -26.7967 3.945 8.23328
      vertex -27.3235 3.68521 7.81705
      vertex -26.9214 3.57749 8.23328
    endloop
  endfacet
  facet normal -0.756917 0.238637 0.608383
    outer loop
      vertex -27.8847 3.0957 7.35007
      vertex -27.3235 3.68521 7.81705
      vertex -27.6696 3.77796 7.35007
    endloop
  endfacet
  facet normal -0.756918 0.238641 0.608379
    outer loop
      vertex -27.3235 3.68521 7.81705
      vertex -27.8847 3.0957 7.35007
      vertex -27.5386 3.00296 7.81705
    endloop
  endfacet
  facet normal -0.375986 0.0747997 0.923601
    outer loop
      vertex -26.3479 1.94404 8.88593
      vertex -26.3987 1.68869 8.88593
      vertex -25.8595 1.61771 9.11118
    endloop
  endfacet
  facet normal -0.786531 0.103577 0.608803
    outer loop
      vertex -28.2284 1.20804 7.35007
      vertex -27.7797 1.87052 7.81705
      vertex -28.135 1.91729 7.35007
    endloop
  endfacet
  facet normal -0.786531 0.103577 0.608803
    outer loop
      vertex -27.7797 1.87052 7.81705
      vertex -28.2284 1.20804 7.35007
      vertex -27.8731 1.16127 7.81705
    endloop
  endfacet
  facet normal -0.258793 -0.0112979 0.965867
    outer loop
      vertex -25.4279 -0.00498962 9.26353
      vertex -25.9653 -0.719666 9.11118
      vertex -25.3967 -0.719666 9.26353
    endloop
  endfacet
  facet normal -0.258793 -0.0112979 0.965867
    outer loop
      vertex -25.9653 -0.719666 9.11118
      vertex -25.4279 -0.00498962 9.26353
      vertex -25.9965 -0.00498962 9.11118
    endloop
  endfacet
  facet normal -0.258793 0.0112979 0.965867
    outer loop
      vertex -25.9653 0.719666 9.11118
      vertex -25.4279 0.00498962 9.26353
      vertex -25.3967 0.719666 9.26353
    endloop
  endfacet
  facet normal -0.258793 0.0112979 0.965867
    outer loop
      vertex -25.4279 0.00498962 9.26353
      vertex -25.9653 0.719666 9.11118
      vertex -25.9965 0.00498962 9.11118
    endloop
  endfacet
  facet normal -0.232584 0.114722 0.965786
    outer loop
      vertex -24.542 3.90941 9.26353
      vertex -25.1181 4.024 9.11118
      vertex -24.5928 3.80642 9.26353
    endloop
  endfacet
  facet normal -0.110183 0.0702021 0.991429
    outer loop
      vertex -23.8273 5.14727 9.26353
      vertex -23.7063 4.25215 9.34036
      vertex -23.3219 4.85547 9.34036
    endloop
  endfacet
  facet normal -0.110183 0.0702021 0.991429
    outer loop
      vertex -23.7063 4.25215 9.34036
      vertex -23.8273 5.14727 9.26353
      vertex -24.2117 4.54395 9.26353
    endloop
  endfacet
  facet normal -0.10356 0.0794479 0.991445
    outer loop
      vertex -23.3281 5.81028 9.26353
      vertex -23.3005 4.88748 9.34036
      vertex -22.8651 5.45502 9.34036
    endloop
  endfacet
  facet normal -0.103558 0.0794479 0.991445
    outer loop
      vertex -23.3005 4.88748 9.34036
      vertex -23.3281 5.81028 9.26353
      vertex -23.7635 5.24275 9.26353
    endloop
  endfacet
  facet normal -0.353566 0.146423 0.923878
    outer loop
      vertex -25.6205 4.23211 8.88593
      vertex -25.3918 3.3631 9.11118
      vertex -25.1181 4.024 9.11118
    endloop
  endfacet
  facet normal -0.353496 0.146447 0.923901
    outer loop
      vertex -25.3918 3.3631 9.11118
      vertex -25.6205 4.23211 8.88593
      vertex -25.8943 3.57121 8.88593
    endloop
  endfacet
  facet normal -0.318762 0.212954 0.923602
    outer loop
      vertex -24.2146 5.58887 9.11118
      vertex -24.7907 5.70346 8.88593
      vertex -24.3197 5.43155 9.11118
    endloop
  endfacet
  facet normal -0.560991 -0.430475 0.707093
    outer loop
      vertex -25.421 -6.51454 8.23328
      vertex -25.3157 -7.33546 7.81705
      vertex -24.9855 -7.08208 8.23328
    endloop
  endfacet
  facet normal -0.560991 -0.430475 0.707093
    outer loop
      vertex -25.3157 -7.33546 7.81705
      vertex -25.421 -6.51454 8.23328
      vertex -25.7512 -6.76792 7.81705
    endloop
  endfacet
  facet normal -0.703982 -0.366453 0.608376
    outer loop
      vertex -27.022 -5.34126 7.35007
      vertex -26.3814 -5.79663 7.81705
      vertex -26.7117 -5.1621 7.81705
    endloop
  endfacet
  facet normal -0.703981 -0.366447 0.608381
    outer loop
      vertex -26.3814 -5.79663 7.81705
      vertex -27.022 -5.34126 7.35007
      vertex -26.6917 -5.9758 7.35007
    endloop
  endfacet
  facet normal -0.461912 -0.191363 0.866036
    outer loop
      vertex -25.8943 -3.57121 8.88593
      vertex -26.0915 -4.42719 8.59161
      vertex -25.6205 -4.23211 8.88593
    endloop
  endfacet
  facet normal -0.462 -0.191329 0.865996
    outer loop
      vertex -26.0915 -4.42719 8.59161
      vertex -25.8943 -3.57121 8.88593
      vertex -26.3652 -3.76629 8.59161
    endloop
  endfacet
  facet normal -0.972443 -0.193379 0.130226
    outer loop
      vertex -28.6886 -2.57122 5.72791
      vertex -28.8012 -2.00499 5.72791
      vertex -28.7628 -2.5911 5.14431
    endloop
  endfacet
  facet normal -0.967942 -0.214685 0.130379
    outer loop
      vertex -28.7628 -2.5911 5.14431
      vertex -28.5337 -3.26961 5.72791
      vertex -28.6886 -2.57122 5.72791
    endloop
  endfacet
  facet normal -0.967942 -0.214682 0.130383
    outer loop
      vertex -28.5337 -3.26961 5.72791
      vertex -28.7628 -2.5911 5.14431
      vertex -28.6079 -3.2895 5.14431
    endloop
  endfacet
  facet normal -0.865419 -0.0377808 0.499623
    outer loop
      vertex -28.5547 -0.719666 6.8403
      vertex -28.2916 -0.00498962 7.35007
      vertex -28.5859 -0.00498962 6.8403
    endloop
  endfacet
  facet normal -0.865419 -0.0377808 0.499623
    outer loop
      vertex -28.2916 -0.00498962 7.35007
      vertex -28.5547 -0.719666 6.8403
      vertex -28.2604 -0.719666 7.35007
    endloop
  endfacet
  facet normal -0.922161 -0.0605164 0.382043
    outer loop
      vertex -28.5547 -0.719666 6.8403
      vertex -28.78 -0.719666 6.29648
      vertex -28.7435 -1.27586 6.29648
    endloop
  endfacet
  facet normal -0.597853 -0.118895 0.792739
    outer loop
      vertex -26.8403 -2.07597 8.59161
      vertex -27.3671 -1.81619 8.23328
      vertex -27.2914 -2.19684 8.23328
    endloop
  endfacet
  facet normal -0.594672 -0.131809 0.79309
    outer loop
      vertex -27.2914 -2.19684 8.23328
      vertex -26.6855 -2.77437 8.59161
      vertex -26.8403 -2.07597 8.59161
    endloop
  endfacet
  facet normal -0.594731 -0.131909 0.793029
    outer loop
      vertex -26.6855 -2.77437 8.59161
      vertex -27.2914 -2.19684 8.23328
      vertex -27.1365 -2.89523 8.23328
    endloop
  endfacet
  facet normal -0.363031 0.123106 0.923609
    outer loop
      vertex -25.8943 3.57121 8.88593
      vertex -25.9779 3.32468 8.88593
      vertex -25.3918 3.3631 9.11118
    endloop
  endfacet
  facet normal -0.123835 0.0421363 0.991408
    outer loop
      vertex -24.8665 3.14551 9.26353
      vertex -24.9035 3.03677 9.26353
      vertex -24.3274 2.92218 9.34036
    endloop
  endfacet
  facet normal -0.379378 0.0499602 0.923892
    outer loop
      vertex -26.3987 1.68869 8.88593
      vertex -25.9529 0.908468 9.11118
      vertex -25.8595 1.61771 9.11118
    endloop
  endfacet
  facet normal -0.379378 0.0499604 0.923892
    outer loop
      vertex -25.9529 0.908468 9.11118
      vertex -26.3987 1.68869 8.88593
      vertex -26.4921 0.979451 8.88593
    endloop
  endfacet
  facet normal -0.12058 0.0499535 0.991446
    outer loop
      vertex -24.5928 3.80642 9.26353
      vertex -24.3274 2.92218 9.34036
      vertex -24.0536 3.58309 9.34036
    endloop
  endfacet
  facet normal -0.120605 0.0499457 0.991443
    outer loop
      vertex -24.3274 2.92218 9.34036
      vertex -24.5928 3.80642 9.26353
      vertex -24.8665 3.14551 9.26353
    endloop
  endfacet
  facet normal -0.117355 0.0577768 0.991408
    outer loop
      vertex -24.0366 3.61762 9.34036
      vertex -24.542 3.90941 9.26353
      vertex -24.0536 3.58309 9.34036
    endloop
  endfacet
  facet normal -0.499938 0.0218253 0.865786
    outer loop
      vertex -27.0188 0.719666 8.59161
      vertex -26.5403 0.00498962 8.88593
      vertex -26.5091 0.719666 8.88593
    endloop
  endfacet
  facet normal -0.499863 0.021892 0.865828
    outer loop
      vertex -26.5403 0.00498962 8.88593
      vertex -27.0188 0.719666 8.59161
      vertex -27.0501 0.00498962 8.59161
    endloop
  endfacet
  facet normal -0.327294 0.513714 0.79308
    outer loop
      vertex -22.5368 9.29158 8.23328
      vertex -21.7 9.27152 8.59161
      vertex -21.9335 9.67595 8.23328
    endloop
  endfacet
  facet normal -0.327294 0.513714 0.79308
    outer loop
      vertex -21.7 9.27152 8.59161
      vertex -22.5368 9.29158 8.23328
      vertex -22.3033 8.88715 8.59161
    endloop
  endfacet
  facet normal -0.482898 0.629418 0.608804
    outer loop
      vertex -23.3311 9.69045 7.35007
      vertex -23.6805 8.9707 7.81705
      vertex -23.1129 9.40617 7.81705
    endloop
  endfacet
  facet normal -0.482982 0.629417 0.608739
    outer loop
      vertex -23.6805 8.9707 7.81705
      vertex -23.3311 9.69045 7.35007
      vertex -23.8986 9.25498 7.35007
    endloop
  endfacet
  facet normal -0.195863 0.577224 0.792748
    outer loop
      vertex -19.9225 10.5764 8.23328
      vertex -20.29 10.4517 8.23328
      vertex -19.8016 10.1253 8.59161
    endloop
  endfacet
  facet normal -0.183168 0.58101 0.793018
    outer loop
      vertex -19.9225 10.5764 8.23328
      vertex -19.1194 10.3405 8.59161
      vertex -19.2402 10.7915 8.23328
    endloop
  endfacet
  facet normal -0.183239 0.580882 0.793095
    outer loop
      vertex -19.1194 10.3405 8.59161
      vertex -19.9225 10.5764 8.23328
      vertex -19.8016 10.1253 8.59161
    endloop
  endfacet
  facet normal -0.23866 0.756923 0.608366
    outer loop
      vertex -19.4407 11.5397 7.35007
      vertex -20.0302 10.9785 7.81705
      vertex -19.348 11.1936 7.81705
    endloop
  endfacet
  facet normal -0.238621 0.756909 0.608399
    outer loop
      vertex -20.0302 10.9785 7.81705
      vertex -19.4407 11.5397 7.35007
      vertex -20.123 11.3246 7.35007
    endloop
  endfacet
  facet normal -0.0250825 0.382519 0.923607
    outer loop
      vertex -17.0647 9.62026 9.11118
      vertex -17.3245 10.1471 8.88593
      vertex -17.2535 9.60788 9.11118
    endloop
  endfacet
  facet normal -0.118901 0.597857 0.792735
    outer loop
      vertex -18.1612 11.0221 8.23328
      vertex -18.421 10.4953 8.59161
      vertex -18.1002 10.5591 8.59161
    endloop
  endfacet
  facet normal -0.0976889 0.4912 0.865551
    outer loop
      vertex -18.1002 10.5591 8.59161
      vertex -18.421 10.4953 8.59161
      vertex -18.0337 10.0537 8.88593
    endloop
  endfacet
  facet normal -0.025488 0.128289 0.991409
    outer loop
      vertex -17.8123 8.37221 9.34036
      vertex -17.8885 8.95081 9.26353
      vertex -17.8501 8.3647 9.34036
    endloop
  endfacet
  facet normal -0.215644 -0.144064 0.965786
    outer loop
      vertex -23.8273 -5.14727 9.26353
      vertex -24.3197 -5.43155 9.11118
      vertex -24.2146 -5.58887 9.11118
    endloop
  endfacet
  facet normal -0.288264 -0.2527 0.923605
    outer loop
      vertex -23.7791 -6.15641 9.11118
      vertex -24.2106 -6.48746 8.88593
      vertex -23.6544 -6.29866 9.11118
    endloop
  endfacet
  facet normal -0.195004 -0.170946 0.96579
    outer loop
      vertex -23.2523 -5.89662 9.26353
      vertex -23.7791 -6.15641 9.11118
      vertex -23.6544 -6.29866 9.11118
    endloop
  endfacet
  facet normal -0.252724 -0.288254 0.923602
    outer loop
      vertex -22.6437 -7.30937 9.11118
      vertex -22.8325 -7.86557 8.88593
      vertex -22.5014 -7.43413 9.11118
    endloop
  endfacet
  facet normal -0.0402978 -0.923104 0.382434
    outer loop
      vertex -17.0647 -12.435 6.29648
      vertex -16.35 -12.2409 6.8403
      vertex -17.0647 -12.2097 6.8403
    endloop
  endfacet
  facet normal -0.0402978 -0.923104 0.382434
    outer loop
      vertex -16.35 -12.2409 6.8403
      vertex -17.0647 -12.435 6.29648
      vertex -16.35 -12.4662 6.29648
    endloop
  endfacet
  facet normal 0.183239 -0.580882 0.793095
    outer loop
      vertex 19.1194 -10.3405 8.59161
      vertex 19.9225 -10.5764 8.23328
      vertex 19.8016 -10.1253 8.59161
    endloop
  endfacet
  facet normal 0.183168 -0.58101 0.793018
    outer loop
      vertex 19.9225 -10.5764 8.23328
      vertex 19.1194 -10.3405 8.59161
      vertex 19.2402 -10.7915 8.23328
    endloop
  endfacet
  facet normal -0.12829 0.0254814 0.991409
    outer loop
      vertex -24.7097 1.50508 9.34036
      vertex -25.2958 1.5435 9.26353
      vertex -24.7172 1.46732 9.34036
    endloop
  endfacet
  facet normal -0.0990448 0.239119 0.965926
    outer loop
      vertex -19.7081 9.04683 9.11118
      vertex -20.1514 8.24779 9.26353
      vertex -19.4905 8.52154 9.26353
    endloop
  endfacet
  facet normal -0.0990448 0.239119 0.965926
    outer loop
      vertex -20.1514 8.24779 9.26353
      vertex -19.7081 9.04683 9.11118
      vertex -20.369 8.77308 9.11118
    endloop
  endfacet
  facet normal -0.0603192 0.115887 0.991429
    outer loop
      vertex -20.2544 8.197 9.26353
      vertex -20.5972 7.36128 9.34036
      vertex -19.9626 7.69159 9.34036
    endloop
  endfacet
  facet normal -0.0603192 0.115887 0.991429
    outer loop
      vertex -20.5972 7.36128 9.34036
      vertex -20.2544 8.197 9.26353
      vertex -20.889 7.86669 9.26353
    endloop
  endfacet
  facet normal 0.0834038 0.245558 0.965787
    outer loop
      vertex 19.7081 9.04683 9.11118
      vertex 19.3818 8.55846 9.26353
      vertex 19.4905 8.52154 9.26353
    endloop
  endfacet
  facet normal 0.0420666 0.123853 0.991409
    outer loop
      vertex 19.3818 8.55846 9.26353
      vertex 19.2672 7.98238 9.34036
      vertex 19.4905 8.52154 9.26353
    endloop
  endfacet
  facet normal -0.694804 -0.609361 0.382004
    outer loop
      vertex -25.4854 -8.12968 6.8403
      vertex -25.8335 -7.73277 6.8403
      vertex -25.6447 -8.28896 6.29648
    endloop
  endfacet
  facet normal -0.856864 -0.446027 0.258541
    outer loop
      vertex -27.6039 -5.67723 5.72791
      vertex -27.1417 -6.23559 6.29648
      vertex -27.472 -5.60105 6.29648
    endloop
  endfacet
  facet normal -0.856863 -0.446034 0.258534
    outer loop
      vertex -27.1417 -6.23559 6.29648
      vertex -27.6039 -5.67723 5.72791
      vertex -27.2736 -6.31176 5.72791
    endloop
  endfacet
  facet normal -0.779267 -0.496503 0.382399
    outer loop
      vertex -27.1417 -6.23559 6.29648
      vertex -26.5622 -6.72628 6.8403
      vertex -26.9466 -6.12296 6.8403
    endloop
  endfacet
  facet normal -0.779267 -0.496503 0.382399
    outer loop
      vertex -26.5622 -6.72628 6.8403
      vertex -27.1417 -6.23559 6.29648
      vertex -26.7573 -6.83891 6.29648
    endloop
  endfacet
  facet normal -0.793375 0 0.608733
    outer loop
      vertex -28.2916 -0.00498962 7.35007
      vertex -27.9333 0.00498962 7.81705
      vertex -28.2916 0.00498962 7.35007
    endloop
  endfacet
  facet normal -0.793375 0 0.608733
    outer loop
      vertex -27.9333 0.00498962 7.81705
      vertex -28.2916 -0.00498962 7.35007
      vertex -27.9333 -0.00498962 7.81705
    endloop
  endfacet
  facet normal -0.957634 -0.126109 0.258907
    outer loop
      vertex -28.8946 -1.29575 5.72791
      vertex -28.6501 -1.98511 6.29648
      vertex -28.7435 -1.27586 6.29648
    endloop
  endfacet
  facet normal -0.957635 -0.126111 0.258905
    outer loop
      vertex -28.6501 -1.98511 6.29648
      vertex -28.8946 -1.29575 5.72791
      vertex -28.8012 -2.00499 5.72791
    endloop
  endfacet
  facet normal -0.945581 0.298123 0.130383
    outer loop
      vertex -28.6079 3.2895 5.14431
      vertex -28.3186 3.95186 5.72791
      vertex -28.3928 3.97175 5.14431
    endloop
  endfacet
  facet normal -0.945581 0.298123 0.130383
    outer loop
      vertex -28.3186 3.95186 5.72791
      vertex -28.6079 3.2895 5.14431
      vertex -28.5337 3.26961 5.72791
    endloop
  endfacet
  facet normal -0.849833 0.169074 0.499197
    outer loop
      vertex -28.0395 2.39731 7.35007
      vertex -28.4268 1.9557 6.8403
      vertex -28.135 1.91729 7.35007
    endloop
  endfacet
  facet normal -0.957635 0.126111 0.258905
    outer loop
      vertex -28.8946 1.29575 5.72791
      vertex -28.6501 1.98511 6.29648
      vertex -28.8012 2.00499 5.72791
    endloop
  endfacet
  facet normal -0.957634 0.126109 0.258907
    outer loop
      vertex -28.6501 1.98511 6.29648
      vertex -28.8946 1.29575 5.72791
      vertex -28.7435 1.27586 6.29648
    endloop
  endfacet
  facet normal -0.906426 0.180312 0.381942
    outer loop
      vertex -28.3238 2.47348 6.8403
      vertex -28.6501 1.98511 6.29648
      vertex -28.4268 1.9557 6.8403
    endloop
  endfacet
  facet normal -0.9148 0.310589 0.258216
    outer loop
      vertex -27.9923 4.44024 6.29648
      vertex -28.3186 3.95186 5.72791
      vertex -28.1715 3.91243 6.29648
    endloop
  endfacet
  facet normal -0.627495 0.326638 0.706794
    outer loop
      vertex -26.7117 5.1621 7.81705
      vertex -26.0209 5.58852 8.23328
      vertex -26.3814 5.79663 7.81705
    endloop
  endfacet
  facet normal -0.62752 0.32675 0.70672
    outer loop
      vertex -26.0209 5.58852 8.23328
      vertex -26.7117 5.1621 7.81705
      vertex -26.3513 4.95399 8.23328
    endloop
  endfacet
  facet normal -0.491192 0.0977055 0.865554
    outer loop
      vertex -26.8403 2.07597 8.59161
      vertex -26.9041 1.75523 8.59161
      vertex -26.3987 1.68869 8.88593
    endloop
  endfacet
  facet normal -0.376006 0.0747675 0.923596
    outer loop
      vertex -25.8226 1.80328 9.11118
      vertex -26.3479 1.94404 8.88593
      vertex -25.8595 1.61771 9.11118
    endloop
  endfacet
  facet normal -0.67031 0.227612 0.706312
    outer loop
      vertex -27.1812 4.10428 7.81705
      vertex -27.3235 3.68521 7.81705
      vertex -26.7967 3.945 8.23328
    endloop
  endfacet
  facet normal -0.577233 0.195861 0.792743
    outer loop
      vertex -26.7967 3.945 8.23328
      vertex -26.9214 3.57749 8.23328
      vertex -26.4703 3.45662 8.59161
    endloop
  endfacet
  facet normal -0.858611 0.113071 0.500002
    outer loop
      vertex -28.5202 1.24646 6.8403
      vertex -28.135 1.91729 7.35007
      vertex -28.4268 1.9557 6.8403
    endloop
  endfacet
  facet normal -0.858611 0.113069 0.500003
    outer loop
      vertex -28.135 1.91729 7.35007
      vertex -28.5202 1.24646 6.8403
      vertex -28.2284 1.20804 7.35007
    endloop
  endfacet
  facet normal -0.881237 0.277837 0.382397
    outer loop
      vertex -28.3866 3.23018 6.29648
      vertex -27.9539 3.85413 6.8403
      vertex -28.1715 3.91243 6.29648
    endloop
  endfacet
  facet normal -0.881237 0.277837 0.382397
    outer loop
      vertex -27.9539 3.85413 6.8403
      vertex -28.3866 3.23018 6.29648
      vertex -28.169 3.17188 6.8403
    endloop
  endfacet
  facet normal -0.774842 0.171746 0.608378
    outer loop
      vertex -28.0395 2.39731 7.35007
      vertex -27.5386 3.00296 7.81705
      vertex -27.8847 3.0957 7.35007
    endloop
  endfacet
  facet normal -0.774842 0.171746 0.608378
    outer loop
      vertex -27.5386 3.00296 7.81705
      vertex -28.0395 2.39731 7.35007
      vertex -27.6934 2.30457 7.81705
    endloop
  endfacet
  facet normal -0.597853 0.118895 0.792739
    outer loop
      vertex -27.2914 2.19684 8.23328
      vertex -27.3671 1.81619 8.23328
      vertex -26.8403 2.07597 8.59161
    endloop
  endfacet
  facet normal -0.322979 0.205783 0.923763
    outer loop
      vertex -24.7907 5.70346 8.88593
      vertex -24.7041 4.82823 9.11118
      vertex -24.3197 5.43155 9.11118
    endloop
  endfacet
  facet normal -0.323045 0.205771 0.923743
    outer loop
      vertex -24.7041 4.82823 9.11118
      vertex -24.7907 5.70346 8.88593
      vertex -25.175 5.10014 8.88593
    endloop
  endfacet
  facet normal -0.0983113 0.0862856 0.991408
    outer loop
      vertex -22.8397 5.48396 9.34036
      vertex -23.2523 5.89662 9.26353
      vertex -22.8651 5.45502 9.34036
    endloop
  endfacet
  facet normal -0.205371 0.157557 0.965918
    outer loop
      vertex -23.7791 6.15641 9.11118
      vertex -23.7635 5.24275 9.26353
      vertex -23.3281 5.81028 9.26353
    endloop
  endfacet
  facet normal -0.20533 0.157559 0.965927
    outer loop
      vertex -23.7635 5.24275 9.26353
      vertex -23.7791 6.15641 9.11118
      vertex -24.2146 5.58887 9.11118
    endloop
  endfacet
  facet normal -0.318735 0.21306 0.923587
    outer loop
      vertex -24.646 5.91993 8.88593
      vertex -24.7907 5.70346 8.88593
      vertex -24.2146 5.58887 9.11118
    endloop
  endfacet
  facet normal -0.343806 0.169573 0.923603
    outer loop
      vertex -25.0344 4.1937 9.11118
      vertex -25.5054 4.46561 8.88593
      vertex -25.1181 4.024 9.11118
    endloop
  endfacet
  facet normal -0.232585 0.114716 0.965787
    outer loop
      vertex -25.0344 4.1937 9.11118
      vertex -25.1181 4.024 9.11118
      vertex -24.542 3.90941 9.26353
    endloop
  endfacet
  facet normal -0.669331 -0.426459 0.608382
    outer loop
      vertex -26.6917 -5.9758 7.35007
      vertex -25.997 -6.39995 7.81705
      vertex -26.3814 -5.79663 7.81705
    endloop
  endfacet
  facet normal -0.669322 -0.426342 0.608474
    outer loop
      vertex -25.997 -6.39995 7.81705
      vertex -26.6917 -5.9758 7.35007
      vertex -26.3074 -6.57912 7.35007
    endloop
  endfacet
  facet normal -0.588657 -0.393217 0.706303
    outer loop
      vertex -25.6366 -6.19184 8.23328
      vertex -25.997 -6.39995 7.81705
      vertex -25.7512 -6.76792 7.81705
    endloop
  endfacet
  facet normal -0.474333 -0.160849 0.865526
    outer loop
      vertex -25.9779 -3.32468 8.88593
      vertex -26.3652 -3.76629 8.59161
      vertex -25.8943 -3.57121 8.88593
    endloop
  endfacet
  facet normal -0.363031 -0.123106 0.923609
    outer loop
      vertex -25.3918 -3.3631 9.11118
      vertex -25.9779 -3.32468 8.88593
      vertex -25.8943 -3.57121 8.88593
    endloop
  endfacet
  facet normal -0.902103 -0.199951 0.3824
    outer loop
      vertex -28.5414 -2.53179 6.29648
      vertex -28.169 -3.17188 6.8403
      vertex -28.3238 -2.47348 6.8403
    endloop
  endfacet
  facet normal -0.902104 -0.199954 0.382397
    outer loop
      vertex -28.169 -3.17188 6.8403
      vertex -28.5414 -2.53179 6.29648
      vertex -28.3866 -3.23018 6.29648
    endloop
  endfacet
  facet normal -0.906414 -0.180228 0.38201
    outer loop
      vertex -28.3238 -2.47348 6.8403
      vertex -28.6501 -1.98511 6.29648
      vertex -28.5414 -2.53179 6.29648
    endloop
  endfacet
  facet normal -0.923854 0 0.382745
    outer loop
      vertex -28.8112 -0.00498962 6.29648
      vertex -28.5859 0.00498962 6.8403
      vertex -28.8112 0.00498962 6.29648
    endloop
  endfacet
  facet normal -0.923854 0 0.382745
    outer loop
      vertex -28.5859 0.00498962 6.8403
      vertex -28.8112 -0.00498962 6.29648
      vertex -28.5859 -0.00498962 6.8403
    endloop
  endfacet
  facet normal -0.123837 0.0421283 0.991408
    outer loop
      vertex -24.3274 2.92218 9.34036
      vertex -24.9035 3.03677 9.26353
      vertex -24.3398 2.88573 9.34036
    endloop
  endfacet
  facet normal -0.707047 0 0.707166
    outer loop
      vertex -27.9333 -0.00498962 7.81705
      vertex -27.517 0.00498962 8.23328
      vertex -27.9333 0.00498962 7.81705
    endloop
  endfacet
  facet normal -0.707047 0 0.707166
    outer loop
      vertex -27.517 0.00498962 8.23328
      vertex -27.9333 -0.00498962 7.81705
      vertex -27.517 -0.00498962 8.23328
    endloop
  endfacet
  facet normal -0.706294 0.0461411 0.706413
    outer loop
      vertex -27.4605 1.10694 8.23328
      vertex -27.9021 0.719666 7.81705
      vertex -27.4858 0.719666 8.23328
    endloop
  endfacet
  facet normal -0.608831 0 0.7933
    outer loop
      vertex -27.517 0.00498962 8.23328
      vertex -27.0501 -0.00498962 8.59161
      vertex -27.0501 0.00498962 8.59161
    endloop
  endfacet
  facet normal -0.608831 0 0.7933
    outer loop
      vertex -27.0501 -0.00498962 8.59161
      vertex -27.517 0.00498962 8.23328
      vertex -27.517 -0.00498962 8.23328
    endloop
  endfacet
  facet normal -0.393301 0.588504 0.706383
    outer loop
      vertex -22.745 9.65204 7.81705
      vertex -23.1129 9.40617 7.81705
      vertex -22.5368 9.29158 8.23328
    endloop
  endfacet
  facet normal -0.380084 0.596688 0.706753
    outer loop
      vertex -22.745 9.65204 7.81705
      vertex -21.9335 9.67595 8.23328
      vertex -22.1416 10.0364 7.81705
    endloop
  endfacet
  facet normal -0.380109 0.596611 0.706804
    outer loop
      vertex -21.9335 9.67595 8.23328
      vertex -22.745 9.65204 7.81705
      vertex -22.5368 9.29158 8.23328
    endloop
  endfacet
  facet normal -0.430413 0.561009 0.707116
    outer loop
      vertex -23.1129 9.40617 7.81705
      vertex -23.4271 8.64048 8.23328
      vertex -22.8595 9.07595 8.23328
    endloop
  endfacet
  facet normal -0.430413 0.561009 0.707116
    outer loop
      vertex -23.4271 8.64048 8.23328
      vertex -23.1129 9.40617 7.81705
      vertex -23.6805 8.9707 7.81705
    endloop
  endfacet
  facet normal -0.232585 -0.114716 0.965787
    outer loop
      vertex -24.542 -3.90941 9.26353
      vertex -25.1181 -4.024 9.11118
      vertex -25.0344 -4.1937 9.11118
    endloop
  endfacet
  facet normal -0.339696 -0.176826 0.923763
    outer loop
      vertex -25.5054 -4.46561 8.88593
      vertex -24.7041 -4.82823 9.11118
      vertex -25.0344 -4.1937 9.11118
    endloop
  endfacet
  facet normal -0.33972 -0.176892 0.923742
    outer loop
      vertex -24.7041 -4.82823 9.11118
      vertex -25.5054 -4.46561 8.88593
      vertex -25.175 -5.10014 8.88593
    endloop
  endfacet
  facet normal -0.218476 -0.1392 0.965863
    outer loop
      vertex -24.2117 -4.54395 9.26353
      vertex -24.3197 -5.43155 9.11118
      vertex -23.8273 -5.14727 9.26353
    endloop
  endfacet
  facet normal -0.218476 -0.1392 0.965863
    outer loop
      vertex -24.3197 -5.43155 9.11118
      vertex -24.2117 -4.54395 9.26353
      vertex -24.7041 -4.82823 9.11118
    endloop
  endfacet
  facet normal -0.416314 -0.278286 0.865586
    outer loop
      vertex -24.7907 -5.70346 8.88593
      vertex -25.0505 -6.23026 8.59161
      vertex -24.646 -5.91993 8.88593
    endloop
  endfacet
  facet normal -0.318735 -0.21306 0.923587
    outer loop
      vertex -24.2146 -5.58887 9.11118
      vertex -24.7907 -5.70346 8.88593
      vertex -24.646 -5.91993 8.88593
    endloop
  endfacet
  facet normal -0.170959 -0.194994 0.96579
    outer loop
      vertex -22.2416 -6.90733 9.26353
      vertex -22.6437 -7.30937 9.11118
      vertex -22.5014 -7.43413 9.11118
    endloop
  endfacet
  facet normal -0.651468 -0.57132 0.499182
    outer loop
      vertex -25.2773 -7.92157 7.35007
      vertex -25.6 -7.5536 7.35007
      vertex -25.4854 -8.12968 6.8403
    endloop
  endfacet
  facet normal -0.720509 -0.481413 0.499108
    outer loop
      vertex -26.3074 -6.57912 7.35007
      vertex -26.5622 -6.72628 6.8403
      vertex -26.0355 -6.98606 7.35007
    endloop
  endfacet
  facet normal -0.881237 -0.277837 0.382397
    outer loop
      vertex -28.3866 -3.23018 6.29648
      vertex -27.9539 -3.85413 6.8403
      vertex -28.169 -3.17188 6.8403
    endloop
  endfacet
  facet normal -0.881237 -0.277837 0.382397
    outer loop
      vertex -27.9539 -3.85413 6.8403
      vertex -28.3866 -3.23018 6.29648
      vertex -28.1715 -3.91243 6.29648
    endloop
  endfacet
  facet normal -0.967942 0.214682 0.130383
    outer loop
      vertex -28.7628 2.5911 5.14431
      vertex -28.5337 3.26961 5.72791
      vertex -28.6079 3.2895 5.14431
    endloop
  endfacet
  facet normal -0.967942 0.214685 0.130379
    outer loop
      vertex -28.5337 3.26961 5.72791
      vertex -28.7628 2.5911 5.14431
      vertex -28.6886 2.57122 5.72791
    endloop
  endfacet
  facet normal -0.943092 0.209174 0.258502
    outer loop
      vertex -28.6886 2.57122 5.72791
      vertex -28.3866 3.23018 6.29648
      vertex -28.5337 3.26961 5.72791
    endloop
  endfacet
  facet normal -0.943081 0.209036 0.258656
    outer loop
      vertex -28.3866 3.23018 6.29648
      vertex -28.6886 2.57122 5.72791
      vertex -28.5414 2.53179 6.29648
    endloop
  endfacet
  facet normal -0.947494 0.188418 0.258368
    outer loop
      vertex -28.6886 2.57122 5.72791
      vertex -28.8012 2.00499 5.72791
      vertex -28.5414 2.53179 6.29648
    endloop
  endfacet
  facet normal -0.373903 0.0828767 0.923757
    outer loop
      vertex -26.3479 1.94404 8.88593
      vertex -25.6678 2.50168 9.11118
      vertex -26.1931 2.64243 8.88593
    endloop
  endfacet
  facet normal -0.373902 0.0828753 0.923758
    outer loop
      vertex -25.6678 2.50168 9.11118
      vertex -26.3479 1.94404 8.88593
      vertex -25.8226 1.80328 9.11118
    endloop
  endfacet
  facet normal -0.59786 0.118923 0.79273
    outer loop
      vertex -26.8403 2.07597 8.59161
      vertex -27.3671 1.81619 8.23328
      vertex -26.9041 1.75523 8.59161
    endloop
  endfacet
  facet normal -0.491184 0.0977174 0.865557
    outer loop
      vertex -26.3479 1.94404 8.88593
      vertex -26.8403 2.07597 8.59161
      vertex -26.3987 1.68869 8.88593
    endloop
  endfacet
  facet normal -0.674666 0.212706 0.706811
    outer loop
      vertex -27.3235 3.68521 7.81705
      vertex -27.1365 2.89523 8.23328
      vertex -26.9214 3.57749 8.23328
    endloop
  endfacet
  facet normal -0.674663 0.212708 0.706813
    outer loop
      vertex -27.1365 2.89523 8.23328
      vertex -27.3235 3.68521 7.81705
      vertex -27.5386 3.00296 7.81705
    endloop
  endfacet
  facet normal -0.778755 0.154836 0.60792
    outer loop
      vertex -27.6934 2.30457 7.81705
      vertex -28.0395 2.39731 7.35007
      vertex -27.7797 1.87052 7.81705
    endloop
  endfacet
  facet normal -0.915989 0.120625 0.382641
    outer loop
      vertex -28.7435 1.27586 6.29648
      vertex -28.4268 1.9557 6.8403
      vertex -28.6501 1.98511 6.29648
    endloop
  endfacet
  facet normal -0.915989 0.120627 0.382639
    outer loop
      vertex -28.4268 1.9557 6.8403
      vertex -28.7435 1.27586 6.29648
      vertex -28.5202 1.24646 6.8403
    endloop
  endfacet
  facet normal -0.902104 0.199954 0.382397
    outer loop
      vertex -28.5414 2.53179 6.29648
      vertex -28.169 3.17188 6.8403
      vertex -28.3866 3.23018 6.29648
    endloop
  endfacet
  facet normal -0.902103 0.199951 0.3824
    outer loop
      vertex -28.169 3.17188 6.8403
      vertex -28.5414 2.53179 6.29648
      vertex -28.3238 2.47348 6.8403
    endloop
  endfacet
  facet normal -0.820507 0.278489 0.499211
    outer loop
      vertex -27.5123 4.24141 7.35007
      vertex -27.9539 3.85413 6.8403
      vertex -27.6696 3.77796 7.35007
    endloop
  endfacet
  facet normal -0.190978 0.175002 0.965868
    outer loop
      vertex -23.6544 6.29866 9.11118
      vertex -22.769 6.42404 9.26353
      vertex -23.1711 6.82608 9.11118
    endloop
  endfacet
  facet normal -0.190978 0.175002 0.965868
    outer loop
      vertex -22.769 6.42404 9.26353
      vertex -23.6544 6.29866 9.11118
      vertex -23.2523 5.89662 9.26353
    endloop
  endfacet
  facet normal -0.215644 0.144064 0.965786
    outer loop
      vertex -24.2146 5.58887 9.11118
      vertex -24.3197 5.43155 9.11118
      vertex -23.8273 5.14727 9.26353
    endloop
  endfacet
  facet normal -0.215625 0.144081 0.965788
    outer loop
      vertex -23.7635 5.24275 9.26353
      vertex -24.2146 5.58887 9.11118
      vertex -23.8273 5.14727 9.26353
    endloop
  endfacet
  facet normal -0.422003 0.268806 0.865827
    outer loop
      vertex -25.2322 5.95835 8.59161
      vertex -25.175 5.10014 8.88593
      vertex -24.7907 5.70346 8.88593
    endloop
  endfacet
  facet normal -0.422003 0.268806 0.865827
    outer loop
      vertex -25.175 5.10014 8.88593
      vertex -25.2322 5.95835 8.59161
      vertex -25.6165 5.35503 8.59161
    endloop
  endfacet
  facet normal -0.443816 0.231022 0.865827
    outer loop
      vertex -25.9468 4.72049 8.59161
      vertex -25.175 5.10014 8.88593
      vertex -25.6165 5.35503 8.59161
    endloop
  endfacet
  facet normal -0.443845 0.23111 0.865788
    outer loop
      vertex -25.175 5.10014 8.88593
      vertex -25.9468 4.72049 8.59161
      vertex -25.5054 4.46561 8.88593
    endloop
  endfacet
  facet normal -0.239125 0.0990278 0.965926
    outer loop
      vertex -25.1181 4.024 9.11118
      vertex -24.8665 3.14551 9.26353
      vertex -24.5928 3.80642 9.26353
    endloop
  endfacet
  facet normal -0.239123 0.0990285 0.965926
    outer loop
      vertex -24.8665 3.14551 9.26353
      vertex -25.1181 4.024 9.11118
      vertex -25.3918 3.3631 9.11118
    endloop
  endfacet
  facet normal -0.229784 0.119613 0.965863
    outer loop
      vertex -25.0344 4.1937 9.11118
      vertex -24.2117 4.54395 9.26353
      vertex -24.7041 4.82823 9.11118
    endloop
  endfacet
  facet normal -0.229783 0.11961 0.965864
    outer loop
      vertex -24.2117 4.54395 9.26353
      vertex -25.0344 4.1937 9.11118
      vertex -24.542 3.90941 9.26353
    endloop
  endfacet
  facet normal -0.477188 -0.150518 0.865815
    outer loop
      vertex -26.1931 -2.64243 8.88593
      vertex -26.4703 -3.45662 8.59161
      vertex -25.9779 -3.32468 8.88593
    endloop
  endfacet
  facet normal -0.477188 -0.150518 0.865815
    outer loop
      vertex -26.4703 -3.45662 8.59161
      vertex -26.1931 -2.64243 8.88593
      vertex -26.6855 -2.77437 8.59161
    endloop
  endfacet
  facet normal -0.580893 -0.183229 0.793089
    outer loop
      vertex -26.6855 -2.77437 8.59161
      vertex -26.9214 -3.57749 8.23328
      vertex -26.4703 -3.45662 8.59161
    endloop
  endfacet
  facet normal -0.580993 -0.183173 0.793029
    outer loop
      vertex -26.9214 -3.57749 8.23328
      vertex -26.6855 -2.77437 8.59161
      vertex -27.1365 -2.89523 8.23328
    endloop
  endfacet
  facet normal -0.864633 -0.0566538 0.499199
    outer loop
      vertex -28.2604 -0.719666 7.35007
      vertex -28.5202 -1.24646 6.8403
      vertex -28.2284 -1.20804 7.35007
    endloop
  endfacet
  facet normal -0.922212 -0.0603961 0.381938
    outer loop
      vertex -28.5547 -0.719666 6.8403
      vertex -28.7435 -1.27586 6.29648
      vertex -28.5202 -1.24646 6.8403
    endloop
  endfacet
  facet normal -0.923104 0.0402991 0.382434
    outer loop
      vertex -28.8112 0.00498962 6.29648
      vertex -28.5547 0.719666 6.8403
      vertex -28.78 0.719666 6.29648
    endloop
  endfacet
  facet normal -0.923104 0.0402991 0.382434
    outer loop
      vertex -28.5547 0.719666 6.8403
      vertex -28.8112 0.00498962 6.29648
      vertex -28.5859 0.00498962 6.8403
    endloop
  endfacet
  facet normal -0.247062 0.0778938 0.965864
    outer loop
      vertex -25.4527 3.18393 9.11118
      vertex -25.1186 2.35452 9.26353
      vertex -24.9035 3.03677 9.26353
    endloop
  endfacet
  facet normal -0.247062 0.0778938 0.965864
    outer loop
      vertex -25.1186 2.35452 9.26353
      vertex -25.4527 3.18393 9.11118
      vertex -25.6678 2.50168 9.11118
    endloop
  endfacet
  facet normal -0.124602 0.0392845 0.991429
    outer loop
      vertex -24.9035 3.03677 9.26353
      vertex -24.5549 2.20348 9.34036
      vertex -24.3398 2.88573 9.34036
    endloop
  endfacet
  facet normal -0.124602 0.0392845 0.991429
    outer loop
      vertex -24.5549 2.20348 9.34036
      vertex -24.9035 3.03677 9.26353
      vertex -25.1186 2.35452 9.26353
    endloop
  endfacet
  facet normal -0.608533 -0.0266513 0.793081
    outer loop
      vertex -27.0501 -0.00498962 8.59161
      vertex -27.4858 -0.719666 8.23328
      vertex -27.0188 -0.719666 8.59161
    endloop
  endfacet
  facet normal -0.608616 -0.0265698 0.79302
    outer loop
      vertex -27.4858 -0.719666 8.23328
      vertex -27.0501 -0.00498962 8.59161
      vertex -27.517 -0.00498962 8.23328
    endloop
  endfacet
  facet normal -0.706711 0.0308523 0.70683
    outer loop
      vertex -27.9333 0.00498962 7.81705
      vertex -27.4858 0.719666 8.23328
      vertex -27.9021 0.719666 7.81705
    endloop
  endfacet
  facet normal -0.706711 0.0308523 0.70683
    outer loop
      vertex -27.4858 0.719666 8.23328
      vertex -27.9333 0.00498962 7.81705
      vertex -27.517 0.00498962 8.23328
    endloop
  endfacet
  facet normal -0.580893 0.183229 0.793089
    outer loop
      vertex -26.9214 3.57749 8.23328
      vertex -26.6855 2.77437 8.59161
      vertex -26.4703 3.45662 8.59161
    endloop
  endfacet
  facet normal -0.580993 0.183173 0.793029
    outer loop
      vertex -26.6855 2.77437 8.59161
      vertex -26.9214 3.57749 8.23328
      vertex -27.1365 2.89523 8.23328
    endloop
  endfacet
  facet normal -0.603541 0.0794805 0.79336
    outer loop
      vertex -27.3671 1.81619 8.23328
      vertex -26.9975 1.04599 8.59161
      vertex -26.9041 1.75523 8.59161
    endloop
  endfacet
  facet normal -0.603543 0.0794796 0.79336
    outer loop
      vertex -26.9975 1.04599 8.59161
      vertex -27.3671 1.81619 8.23328
      vertex -27.4605 1.10694 8.23328
    endloop
  endfacet
  facet normal -0.694308 0.138077 0.706308
    outer loop
      vertex -27.2914 2.19684 8.23328
      vertex -27.6934 2.30457 7.81705
      vertex -27.3671 1.81619 8.23328
    endloop
  endfacet
  facet normal -0.690638 0.153082 0.706813
    outer loop
      vertex -27.6934 2.30457 7.81705
      vertex -27.1365 2.89523 8.23328
      vertex -27.5386 3.00296 7.81705
    endloop
  endfacet
  facet normal -0.690696 0.153193 0.706733
    outer loop
      vertex -27.1365 2.89523 8.23328
      vertex -27.6934 2.30457 7.81705
      vertex -27.2914 2.19684 8.23328
    endloop
  endfacet
  facet normal -0.792242 0.0520263 0.607985
    outer loop
      vertex -27.8731 1.16127 7.81705
      vertex -28.2284 1.20804 7.35007
      vertex -27.9021 0.719666 7.81705
    endloop
  endfacet
  facet normal -0.706398 0.046389 0.706293
    outer loop
      vertex -27.8731 1.16127 7.81705
      vertex -27.9021 0.719666 7.81705
      vertex -27.4605 1.10694 8.23328
    endloop
  endfacet
  facet normal -0.39672 0.304358 0.866013
    outer loop
      vertex -24.615 6.79779 8.59161
      vertex -24.646 5.91993 8.88593
      vertex -24.2106 6.48746 8.88593
    endloop
  endfacet
  facet normal -0.39664 0.304366 0.866047
    outer loop
      vertex -24.646 5.91993 8.88593
      vertex -24.615 6.79779 8.59161
      vertex -25.0505 6.23026 8.59161
    endloop
  endfacet
  facet normal -0.858611 -0.113069 0.500003
    outer loop
      vertex -28.5202 -1.24646 6.8403
      vertex -28.135 -1.91729 7.35007
      vertex -28.2284 -1.20804 7.35007
    endloop
  endfacet
  facet normal -0.858611 -0.113071 0.500002
    outer loop
      vertex -28.135 -1.91729 7.35007
      vertex -28.5202 -1.24646 6.8403
      vertex -28.4268 -1.9557 6.8403
    endloop
  endfacet
  facet normal -0.382564 0.0250345 0.92359
    outer loop
      vertex -26.4921 0.979451 8.88593
      vertex -26.5091 0.719666 8.88593
      vertex -25.9653 0.719666 9.11118
    endloop
  endfacet
  facet normal -0.382526 0.0251233 0.923603
    outer loop
      vertex -25.9529 0.908468 9.11118
      vertex -26.4921 0.979451 8.88593
      vertex -25.9653 0.719666 9.11118
    endloop
  endfacet
  facet normal -0.845697 0.187448 0.49966
    outer loop
      vertex -28.3238 2.47348 6.8403
      vertex -27.8847 3.0957 7.35007
      vertex -28.169 3.17188 6.8403
    endloop
  endfacet
  facet normal -0.845698 0.187451 0.499657
    outer loop
      vertex -27.8847 3.0957 7.35007
      vertex -28.3238 2.47348 6.8403
      vertex -28.0395 2.39731 7.35007
    endloop
  endfacet
  facet normal 1 0 0
    outer loop
      vertex 20.05 9.96647 8.63246
      vertex 20.05 10.2913 8.40937
      vertex 20.05 10.041 8.59161
    endloop
  endfacet
  facet normal 1 0 0
    outer loop
      vertex 20.05 10.2913 8.40937
      vertex 20.05 9.96647 8.63246
      vertex 20.05 10.0963 5.05
    endloop
  endfacet
  facet normal 1 0 0
    outer loop
      vertex 20.05 9.87226 8.68408
      vertex 20.05 10.0963 5.05
      vertex 20.05 9.96647 8.63246
    endloop
  endfacet
  facet normal 1 0 0
    outer loop
      vertex 20.05 9.49384 8.88593
      vertex 20.05 10.0963 5.05
      vertex 20.05 9.87226 8.68408
    endloop
  endfacet
  facet normal 1 0 0
    outer loop
      vertex 20.05 8.90521 9.11118
      vertex 20.05 10.0963 5.05
      vertex 20.05 9.49384 8.88593
    endloop
  endfacet
  facet normal 1 0 0
    outer loop
      vertex 20.05 8.2898 9.26353
      vertex 20.05 10.0963 5.05
      vertex 20.05 8.90521 9.11118
    endloop
  endfacet
  facet normal 1 0 0
    outer loop
      vertex 20.05 8.00293 9.29842
      vertex 20.05 10.0963 5.05
      vertex 20.05 8.2898 9.26353
    endloop
  endfacet
  facet normal 1 0 0
    outer loop
      vertex 20.05 7.89107 9.31166
      vertex 20.05 10.0963 5.05
      vertex 20.05 8.00293 9.29842
    endloop
  endfacet
  facet normal 1 0 0
    outer loop
      vertex 20.05 7.84294 9.31736
      vertex 20.05 10.0963 5.05
      vertex 20.05 7.89107 9.31166
    endloop
  endfacet
  facet normal 1 0 0
    outer loop
      vertex 20.05 7.6461 9.34036
      vertex 20.05 10.0963 5.05
      vertex 20.05 7.84294 9.31736
    endloop
  endfacet
  facet normal 1 -0 0
    outer loop
      vertex 20.05 -7.6461 9.34036
      vertex 20.05 10.0963 5.05
      vertex 20.05 7.6461 9.34036
    endloop
  endfacet
  facet normal 1 0 0
    outer loop
      vertex 20.05 -10.0963 5.05
      vertex 20.05 -7.6461 9.34036
      vertex 20.05 -7.84294 9.31736
    endloop
  endfacet
  facet normal 1 0 0
    outer loop
      vertex 20.05 -10.0963 5.05
      vertex 20.05 -7.84294 9.31736
      vertex 20.05 -7.89107 9.31166
    endloop
  endfacet
  facet normal 1 0 0
    outer loop
      vertex 20.05 -10.0963 5.05
      vertex 20.05 -7.89107 9.31166
      vertex 20.05 -8.00293 9.29842
    endloop
  endfacet
  facet normal 1 0 0
    outer loop
      vertex 20.05 -10.0963 5.05
      vertex 20.05 -8.00293 9.29842
      vertex 20.05 -8.2898 9.26353
    endloop
  endfacet
  facet normal 1 0 0
    outer loop
      vertex 20.05 -10.0963 5.05
      vertex 20.05 -8.2898 9.26353
      vertex 20.05 -8.90521 9.11118
    endloop
  endfacet
  facet normal 1 0 0
    outer loop
      vertex 20.05 -10.0963 5.05
      vertex 20.05 -8.90521 9.11118
      vertex 20.05 -9.49384 8.88593
    endloop
  endfacet
  facet normal 1 0 0
    outer loop
      vertex 20.05 -10.0963 5.05
      vertex 20.05 -9.49384 8.88593
      vertex 20.05 -9.87226 8.68408
    endloop
  endfacet
  facet normal 1 0 0
    outer loop
      vertex 20.05 -10.0963 5.05
      vertex 20.05 -9.87226 8.68408
      vertex 20.05 -9.96647 8.63246
    endloop
  endfacet
  facet normal 1 0 0
    outer loop
      vertex 20.05 -10.2913 8.40937
      vertex 20.05 -9.96647 8.63246
      vertex 20.05 -10.041 8.59161
    endloop
  endfacet
  facet normal 1 0 0
    outer loop
      vertex 20.05 -7.6461 9.34036
      vertex 20.05 -10.0963 5.05
      vertex 20.05 10.0963 5.05
    endloop
  endfacet
  facet normal 1 0 0
    outer loop
      vertex 20.05 -9.96647 8.63246
      vertex 20.05 -10.2913 8.40937
      vertex 20.05 -10.0963 5.05
    endloop
  endfacet
  facet normal 1 -0 0
    outer loop
      vertex 20.05 -10.5331 8.23328
      vertex 20.05 -10.0963 5.05
      vertex 20.05 -10.2913 8.40937
    endloop
  endfacet
  facet normal 1 -0 0
    outer loop
      vertex 20.05 -10.9383 7.84876
      vertex 20.05 -10.0963 5.05
      vertex 20.05 -10.5331 8.23328
    endloop
  endfacet
  facet normal 1 -0 0
    outer loop
      vertex 20.05 -11.0523 7.71742
      vertex 20.05 -10.0963 5.05
      vertex 20.05 -10.9383 7.84876
    endloop
  endfacet
  facet normal 1 0 0
    outer loop
      vertex 20.05 -11.0523 7.71742
      vertex 20.05 -10.9383 7.84876
      vertex 20.05 -10.9717 7.81705
    endloop
  endfacet
  facet normal 1 -0 0
    outer loop
      vertex 20.05 -11.3476 7.35007
      vertex 20.05 -10.0963 5.05
      vertex 20.05 -11.0523 7.71742
    endloop
  endfacet
  facet normal 1 -0 0
    outer loop
      vertex 20.05 -11.6559 6.8403
      vertex 20.05 -10.0963 5.05
      vertex 20.05 -11.3476 7.35007
    endloop
  endfacet
  facet normal 1 -0 0
    outer loop
      vertex 20.05 -11.8919 6.29648
      vertex 20.05 -10.0963 5.05
      vertex 20.05 -11.6559 6.8403
    endloop
  endfacet
  facet normal 1 -0 0
    outer loop
      vertex 20.05 -12.0514 5.72791
      vertex 20.05 -10.0963 5.05
      vertex 20.05 -11.8919 6.29648
    endloop
  endfacet
  facet normal 1 -0 0
    outer loop
      vertex 20.05 -12.1319 5.14431
      vertex 20.05 -10.0963 5.05
      vertex 20.05 -12.0514 5.72791
    endloop
  endfacet
  facet normal 1 0 0
    outer loop
      vertex 20.05 -12.1319 4.95
      vertex 20.05 -10.0963 5.05
      vertex 20.05 -12.1319 5.14431
    endloop
  endfacet
  facet normal 1 0 0
    outer loop
      vertex 20.05 -10.0963 5.05
      vertex 20.05 -12.1319 4.95
      vertex 20.05 -10.0963 4.95
    endloop
  endfacet
  facet normal 1 0 0
    outer loop
      vertex 20.05 10.0963 5.05
      vertex 20.05 12.1319 5.14431
      vertex 20.05 12.0514 5.72791
    endloop
  endfacet
  facet normal 1 0 0
    outer loop
      vertex 20.05 10.0963 5.05
      vertex 20.05 12.0514 5.72791
      vertex 20.05 11.8919 6.29648
    endloop
  endfacet
  facet normal 1 0 0
    outer loop
      vertex 20.05 10.0963 5.05
      vertex 20.05 11.8919 6.29648
      vertex 20.05 11.6559 6.8403
    endloop
  endfacet
  facet normal 1 0 0
    outer loop
      vertex 20.05 10.0963 5.05
      vertex 20.05 11.6559 6.8403
      vertex 20.05 11.3476 7.35007
    endloop
  endfacet
  facet normal 1 0 0
    outer loop
      vertex 20.05 10.0963 5.05
      vertex 20.05 11.3476 7.35007
      vertex 20.05 11.0523 7.71742
    endloop
  endfacet
  facet normal 1 0 0
    outer loop
      vertex 20.05 10.9383 7.84876
      vertex 20.05 11.0523 7.71742
      vertex 20.05 10.9717 7.81705
    endloop
  endfacet
  facet normal 1 0 0
    outer loop
      vertex 20.05 11.0523 7.71742
      vertex 20.05 10.9383 7.84876
      vertex 20.05 10.0963 5.05
    endloop
  endfacet
  facet normal 1 0 0
    outer loop
      vertex 20.05 10.0963 5.05
      vertex 20.05 10.9383 7.84876
      vertex 20.05 10.5331 8.23328
    endloop
  endfacet
  facet normal 1 0 0
    outer loop
      vertex 20.05 10.0963 5.05
      vertex 20.05 10.5331 8.23328
      vertex 20.05 10.2913 8.40937
    endloop
  endfacet
  facet normal 1 0 0
    outer loop
      vertex 20.05 12.1319 5.14431
      vertex 20.05 10.0963 5.05
      vertex 20.05 12.1319 4.95
    endloop
  endfacet
  facet normal 1 0 0
    outer loop
      vertex 20.05 12.1319 4.95
      vertex 20.05 10.0963 5.05
      vertex 20.05 10.0963 4.95
    endloop
  endfacet
  facet normal 0 0 -1
    outer loop
      vertex -25.8067 -8.45102 4.95
      vertex -25.75 8.51293 4.95
      vertex -25.75 -8.51293 4.95
    endloop
  endfacet
  facet normal 0 0 -1
    outer loop
      vertex -25.8067 -8.45102 4.95
      vertex -25.8067 8.45102 4.95
      vertex -25.75 8.51293 4.95
    endloop
  endfacet
  facet normal 0 0 -1
    outer loop
      vertex -26.9558 -6.9535 4.95
      vertex -25.8067 -8.45102 4.95
      vertex -26.194 -8.00941 4.95
    endloop
  endfacet
  facet normal 0 0 -1
    outer loop
      vertex -25.8067 -8.45102 4.95
      vertex -26.9558 -6.9535 4.95
      vertex -25.8067 8.45102 4.95
    endloop
  endfacet
  facet normal 0 0 -1
    outer loop
      vertex -26.9558 -6.9535 4.95
      vertex -26.194 -8.00941 4.95
      vertex -26.6295 -7.44187 4.95
    endloop
  endfacet
  facet normal 0 0 -1
    outer loop
      vertex -26.9558 6.9535 4.95
      vertex -25.8067 8.45102 4.95
      vertex -26.9558 -6.9535 4.95
    endloop
  endfacet
  facet normal 0 0 -1
    outer loop
      vertex -25.8067 8.45102 4.95
      vertex -26.9558 6.9535 4.95
      vertex -26.194 8.00941 4.95
    endloop
  endfacet
  facet normal 0 0 -1
    outer loop
      vertex -26.194 8.00941 4.95
      vertex -26.9558 6.9535 4.95
      vertex -26.6295 7.44187 4.95
    endloop
  endfacet
  facet normal 0 0 -1
    outer loop
      vertex -27.6705 -5.71564 4.95
      vertex -26.9558 -6.9535 4.95
      vertex -27.3402 -6.35018 4.95
    endloop
  endfacet
  facet normal 0 0 -1
    outer loop
      vertex -26.9558 -6.9535 4.95
      vertex -27.6705 -5.71564 4.95
      vertex -26.9558 6.9535 4.95
    endloop
  endfacet
  facet normal 0 0 -1
    outer loop
      vertex -27.6705 5.71564 4.95
      vertex -26.9558 6.9535 4.95
      vertex -27.6705 -5.71564 4.95
    endloop
  endfacet
  facet normal 0 0 -1
    outer loop
      vertex -26.9558 6.9535 4.95
      vertex -27.6705 5.71564 4.95
      vertex -27.3402 6.35018 4.95
    endloop
  endfacet
  facet normal 0 0 -1
    outer loop
      vertex -28.3928 -3.97175 4.95
      vertex -27.6705 -5.71564 4.95
      vertex -27.9303 -5.18885 4.95
    endloop
  endfacet
  facet normal 0 0 -1
    outer loop
      vertex -27.6705 -5.71564 4.95
      vertex -28.3928 -3.97175 4.95
      vertex -27.6705 5.71564 4.95
    endloop
  endfacet
  facet normal 0 0 -1
    outer loop
      vertex -28.3928 -3.97175 4.95
      vertex -27.9303 -5.18885 4.95
      vertex -28.204 -4.52794 4.95
    endloop
  endfacet
  facet normal 0 0 -1
    outer loop
      vertex -28.3928 3.97175 4.95
      vertex -27.6705 5.71564 4.95
      vertex -28.3928 -3.97175 4.95
    endloop
  endfacet
  facet normal 0 0 -1
    outer loop
      vertex -27.6705 5.71564 4.95
      vertex -28.3928 3.97175 4.95
      vertex -27.9303 5.18885 4.95
    endloop
  endfacet
  facet normal 0 0 -1
    outer loop
      vertex -27.9303 5.18885 4.95
      vertex -28.3928 3.97175 4.95
      vertex -28.204 4.52794 4.95
    endloop
  endfacet
  facet normal 0 0 -1
    outer loop
      vertex -28.7628 -2.5911 4.95
      vertex -28.3928 -3.97175 4.95
      vertex -28.6079 -3.2895 4.95
    endloop
  endfacet
  facet normal 0 0 -1
    outer loop
      vertex -28.3928 -3.97175 4.95
      vertex -28.7628 -2.5911 4.95
      vertex -28.3928 3.97175 4.95
    endloop
  endfacet
  facet normal 0 0 -1
    outer loop
      vertex -28.7628 2.5911 4.95
      vertex -28.3928 3.97175 4.95
      vertex -28.7628 -2.5911 4.95
    endloop
  endfacet
  facet normal 0 0 -1
    outer loop
      vertex -28.3928 3.97175 4.95
      vertex -28.7628 2.5911 4.95
      vertex -28.6079 3.2895 4.95
    endloop
  endfacet
  facet normal 0 0 -1
    outer loop
      vertex -29.0091 -0.719666 4.95
      vertex -28.7628 -2.5911 4.95
      vertex -28.8774 -2.01502 4.95
    endloop
  endfacet
  facet normal 0 0 -1
    outer loop
      vertex -28.7628 -2.5911 4.95
      vertex -29.0091 -0.719666 4.95
      vertex -28.7628 2.5911 4.95
    endloop
  endfacet
  facet normal 0 0 -1
    outer loop
      vertex -29.0091 -0.719666 4.95
      vertex -28.8774 -2.01502 4.95
      vertex -28.9707 -1.30578 4.95
    endloop
  endfacet
  facet normal 0 0 -1
    outer loop
      vertex -29.0091 0.719666 4.95
      vertex -28.7628 2.5911 4.95
      vertex -29.0091 -0.719666 4.95
    endloop
  endfacet
  facet normal 0 0 -1
    outer loop
      vertex -28.7628 2.5911 4.95
      vertex -29.0091 0.719666 4.95
      vertex -28.8774 2.01502 4.95
    endloop
  endfacet
  facet normal 0 0 -1
    outer loop
      vertex -28.8774 2.01502 4.95
      vertex -29.0091 0.719666 4.95
      vertex -28.9707 1.30578 4.95
    endloop
  endfacet
  facet normal 0 0 -1
    outer loop
      vertex -29.0404 -0.00498962 4.95
      vertex -29.0091 0.719666 4.95
      vertex -29.0091 -0.719666 4.95
    endloop
  endfacet
  facet normal 0 0 -1
    outer loop
      vertex -29.0091 0.719666 4.95
      vertex -29.0404 -0.00498962 4.95
      vertex -29.0404 0.00498962 4.95
    endloop
  endfacet
  facet normal 0 0 -1
    outer loop
      vertex 20.0481 10.1 4.95
      vertex 20.05 12.1319 4.95
      vertex 20.05 10.0963 4.95
    endloop
  endfacet
  facet normal 0 0 -1
    outer loop
      vertex 19.9074 10.3207 4.95
      vertex 20.05 12.1319 4.95
      vertex 20.0481 10.1 4.95
    endloop
  endfacet
  facet normal 0 0 -1
    outer loop
      vertex 19.7481 10.5284 4.95
      vertex 20.05 12.1319 4.95
      vertex 19.9074 10.3207 4.95
    endloop
  endfacet
  facet normal 0 0 -1
    outer loop
      vertex 19.5713 10.7213 4.95
      vertex 20.05 12.1319 4.95
      vertex 19.7481 10.5284 4.95
    endloop
  endfacet
  facet normal 0 0 -1
    outer loop
      vertex 19.3783 10.8981 4.95
      vertex 20.05 12.1319 4.95
      vertex 19.5713 10.7213 4.95
    endloop
  endfacet
  facet normal 0 0 -1
    outer loop
      vertex 19.1707 11.0574 4.95
      vertex 20.05 12.1319 4.95
      vertex 19.3783 10.8981 4.95
    endloop
  endfacet
  facet normal -0 0 -1
    outer loop
      vertex 20.05 12.1319 4.95
      vertex 19.1707 11.0574 4.95
      vertex 19.6345 12.2629 4.95
    endloop
  endfacet
  facet normal 0 0 -1
    outer loop
      vertex 18.95 11.1981 4.95
      vertex 19.6345 12.2629 4.95
      vertex 19.1707 11.0574 4.95
    endloop
  endfacet
  facet normal 0 0 -1
    outer loop
      vertex 18.95 11.1981 4.95
      vertex 18.9361 12.4178 4.95
      vertex 19.6345 12.2629 4.95
    endloop
  endfacet
  facet normal 0 0 -1
    outer loop
      vertex 18.7178 11.3189 4.95
      vertex 18.9361 12.4178 4.95
      vertex 18.95 11.1981 4.95
    endloop
  endfacet
  facet normal 0 0 -1
    outer loop
      vertex 18.4761 11.4191 4.95
      vertex 18.9361 12.4178 4.95
      vertex 18.7178 11.3189 4.95
    endloop
  endfacet
  facet normal 0 0 -1
    outer loop
      vertex 18.4761 11.4191 4.95
      vertex 18.36 12.5324 4.95
      vertex 18.9361 12.4178 4.95
    endloop
  endfacet
  facet normal 0 0 -1
    outer loop
      vertex 18.2264 11.4978 4.95
      vertex 18.36 12.5324 4.95
      vertex 18.4761 11.4191 4.95
    endloop
  endfacet
  facet normal 0 0 -1
    outer loop
      vertex 17.9709 11.5544 4.95
      vertex 18.36 12.5324 4.95
      vertex 18.2264 11.4978 4.95
    endloop
  endfacet
  facet normal 0 0 -1
    outer loop
      vertex 17.6508 12.6257 4.95
      vertex 17.9709 11.5544 4.95
      vertex 17.7115 11.5886 4.95
    endloop
  endfacet
  facet normal 0 0 -1
    outer loop
      vertex 17.9709 11.5544 4.95
      vertex 17.6508 12.6257 4.95
      vertex 18.36 12.5324 4.95
    endloop
  endfacet
  facet normal 0 0 -1
    outer loop
      vertex 17.45 11.6 4.95
      vertex 17.6508 12.6257 4.95
      vertex 17.7115 11.5886 4.95
    endloop
  endfacet
  facet normal 0 0 -1
    outer loop
      vertex 17.45 11.6 4.95
      vertex 17.0647 12.6641 4.95
      vertex 17.6508 12.6257 4.95
    endloop
  endfacet
  facet normal 0 0 -1
    outer loop
      vertex 17.45 11.6 4.95
      vertex 16.35 12.6954 4.95
      vertex 17.0647 12.6641 4.95
    endloop
  endfacet
  facet normal 0 0 -1
    outer loop
      vertex 17.45 11.6 4.95
      vertex -16.35 12.6954 4.95
      vertex 16.35 12.6954 4.95
    endloop
  endfacet
  facet normal 0 0 -1
    outer loop
      vertex -21.4983 11.6 4.95
      vertex -16.35 12.6954 4.95
      vertex 17.45 11.6 4.95
    endloop
  endfacet
  facet normal 0 0 -1
    outer loop
      vertex -16.35 12.6954 4.95
      vertex -21.4983 11.6 4.95
      vertex -17.0647 12.6641 4.95
    endloop
  endfacet
  facet normal 0 -0 -1
    outer loop
      vertex -18.9361 12.4178 4.95
      vertex -17.0647 12.6641 4.95
      vertex -21.4983 11.6 4.95
    endloop
  endfacet
  facet normal 0 0 -1
    outer loop
      vertex -17.0647 12.6641 4.95
      vertex -18.9361 12.4178 4.95
      vertex -17.6508 12.6257 4.95
    endloop
  endfacet
  facet normal 0 0 -1
    outer loop
      vertex -17.6508 12.6257 4.95
      vertex -18.9361 12.4178 4.95
      vertex -18.36 12.5324 4.95
    endloop
  endfacet
  facet normal 0 -0 -1
    outer loop
      vertex -20.3167 12.0478 4.95
      vertex -18.9361 12.4178 4.95
      vertex -21.4983 11.6 4.95
    endloop
  endfacet
  facet normal 0 0 -1
    outer loop
      vertex -18.9361 12.4178 4.95
      vertex -20.3167 12.0478 4.95
      vertex -19.6345 12.2629 4.95
    endloop
  endfacet
  facet normal 0 0 -1
    outer loop
      vertex -20.3167 12.0478 4.95
      vertex -21.4983 11.6 4.95
      vertex -20.8729 11.859 4.95
    endloop
  endfacet
  facet normal 0 0 -1
    outer loop
      vertex 20.05 -12.1319 4.95
      vertex 20.0481 -10.1 4.95
      vertex 20.05 -10.0963 4.95
    endloop
  endfacet
  facet normal 0 0 -1
    outer loop
      vertex 20.05 -12.1319 4.95
      vertex 19.9074 -10.3207 4.95
      vertex 20.0481 -10.1 4.95
    endloop
  endfacet
  facet normal 0 0 -1
    outer loop
      vertex 20.05 -12.1319 4.95
      vertex 19.7481 -10.5284 4.95
      vertex 19.9074 -10.3207 4.95
    endloop
  endfacet
  facet normal 0 0 -1
    outer loop
      vertex 19.1707 -11.0574 4.95
      vertex 20.05 -12.1319 4.95
      vertex 19.6345 -12.2629 4.95
    endloop
  endfacet
  facet normal 0 0 -1
    outer loop
      vertex 20.05 -12.1319 4.95
      vertex 19.5713 -10.7213 4.95
      vertex 19.7481 -10.5284 4.95
    endloop
  endfacet
  facet normal 0 0 -1
    outer loop
      vertex 20.05 -12.1319 4.95
      vertex 19.3783 -10.8981 4.95
      vertex 19.5713 -10.7213 4.95
    endloop
  endfacet
  facet normal 0 0 -1
    outer loop
      vertex 20.05 -12.1319 4.95
      vertex 19.1707 -11.0574 4.95
      vertex 19.3783 -10.8981 4.95
    endloop
  endfacet
  facet normal 0 0 -1
    outer loop
      vertex 19.6345 -12.2629 4.95
      vertex 18.95 -11.1981 4.95
      vertex 19.1707 -11.0574 4.95
    endloop
  endfacet
  facet normal 0 0 -1
    outer loop
      vertex 18.9361 -12.4178 4.95
      vertex 18.95 -11.1981 4.95
      vertex 19.6345 -12.2629 4.95
    endloop
  endfacet
  facet normal 0 0 -1
    outer loop
      vertex 18.9361 -12.4178 4.95
      vertex 18.7178 -11.3189 4.95
      vertex 18.95 -11.1981 4.95
    endloop
  endfacet
  facet normal 0 0 -1
    outer loop
      vertex 18.9361 -12.4178 4.95
      vertex 18.4761 -11.4191 4.95
      vertex 18.7178 -11.3189 4.95
    endloop
  endfacet
  facet normal 0 0 -1
    outer loop
      vertex 18.36 -12.5324 4.95
      vertex 18.4761 -11.4191 4.95
      vertex 18.9361 -12.4178 4.95
    endloop
  endfacet
  facet normal 0 0 -1
    outer loop
      vertex 18.36 -12.5324 4.95
      vertex 18.2264 -11.4978 4.95
      vertex 18.4761 -11.4191 4.95
    endloop
  endfacet
  facet normal 0 0 -1
    outer loop
      vertex 18.36 -12.5324 4.95
      vertex 17.9709 -11.5544 4.95
      vertex 18.2264 -11.4978 4.95
    endloop
  endfacet
  facet normal 0 0 -1
    outer loop
      vertex 17.6508 -12.6257 4.95
      vertex 17.9709 -11.5544 4.95
      vertex 18.36 -12.5324 4.95
    endloop
  endfacet
  facet normal 0 0 -1
    outer loop
      vertex 17.9709 -11.5544 4.95
      vertex 17.6508 -12.6257 4.95
      vertex 17.7115 -11.5886 4.95
    endloop
  endfacet
  facet normal 0 0 -1
    outer loop
      vertex 17.6508 -12.6257 4.95
      vertex 17.45 -11.6 4.95
      vertex 17.7115 -11.5886 4.95
    endloop
  endfacet
  facet normal 0 0 -1
    outer loop
      vertex 17.0647 -12.6641 4.95
      vertex 17.45 -11.6 4.95
      vertex 17.6508 -12.6257 4.95
    endloop
  endfacet
  facet normal 0 0 -1
    outer loop
      vertex 16.35 -12.6954 4.95
      vertex 17.45 -11.6 4.95
      vertex 17.0647 -12.6641 4.95
    endloop
  endfacet
  facet normal 0 0 -1
    outer loop
      vertex -16.35 -12.6954 4.95
      vertex 17.45 -11.6 4.95
      vertex 16.35 -12.6954 4.95
    endloop
  endfacet
  facet normal 0 0 -1
    outer loop
      vertex -21.4983 -11.6 4.95
      vertex -16.35 -12.6954 4.95
      vertex -17.0647 -12.6641 4.95
    endloop
  endfacet
  facet normal 0 0 -1
    outer loop
      vertex -18.9361 -12.4178 4.95
      vertex -17.0647 -12.6641 4.95
      vertex -17.6508 -12.6257 4.95
    endloop
  endfacet
  facet normal 0 0 -1
    outer loop
      vertex -18.9361 -12.4178 4.95
      vertex -17.6508 -12.6257 4.95
      vertex -18.36 -12.5324 4.95
    endloop
  endfacet
  facet normal 0 0 -1
    outer loop
      vertex -17.0647 -12.6641 4.95
      vertex -18.9361 -12.4178 4.95
      vertex -21.4983 -11.6 4.95
    endloop
  endfacet
  facet normal 0 0 -1
    outer loop
      vertex -20.3167 -12.0478 4.95
      vertex -18.9361 -12.4178 4.95
      vertex -19.6345 -12.2629 4.95
    endloop
  endfacet
  facet normal 0 0 -1
    outer loop
      vertex -18.9361 -12.4178 4.95
      vertex -20.3167 -12.0478 4.95
      vertex -21.4983 -11.6 4.95
    endloop
  endfacet
  facet normal 0 0 -1
    outer loop
      vertex -21.4983 -11.6 4.95
      vertex -20.3167 -12.0478 4.95
      vertex -20.8729 -11.859 4.95
    endloop
  endfacet
  facet normal 0 0 -1
    outer loop
      vertex -16.35 -12.6954 4.95
      vertex -21.4983 -11.6 4.95
      vertex 17.45 -11.6 4.95
    endloop
  endfacet
  facet normal 0 0 -1
    outer loop
      vertex 15.25 -9.39999 4.95
      vertex 18.25 -6.39999 4.95
      vertex 18.2386 -6.66147 4.95
    endloop
  endfacet
  facet normal -0 0 -1
    outer loop
      vertex 18.25 -6.39999 4.95
      vertex 15.25 -9.39999 4.95
      vertex 18.25 6.39999 4.95
    endloop
  endfacet
  facet normal 0 0 -1
    outer loop
      vertex 15.25 -9.39999 4.95
      vertex 18.2386 -6.66147 4.95
      vertex 18.2044 -6.92094 4.95
    endloop
  endfacet
  facet normal 0 0 -1
    outer loop
      vertex 15.25 9.39999 4.95
      vertex 18.25 6.39999 4.95
      vertex 15.25 -9.39999 4.95
    endloop
  endfacet
  facet normal 0 0 -1
    outer loop
      vertex 15.25 -9.39999 4.95
      vertex 18.2044 -6.92094 4.95
      vertex 18.1478 -7.17645 4.95
    endloop
  endfacet
  facet normal 0 0 -1
    outer loop
      vertex 18.25 6.39999 4.95
      vertex 15.25 9.39999 4.95
      vertex 18.2386 6.66147 4.95
    endloop
  endfacet
  facet normal 0 0 -1
    outer loop
      vertex 15.25 -9.39999 4.95
      vertex 18.1478 -7.17645 4.95
      vertex 18.0691 -7.42606 4.95
    endloop
  endfacet
  facet normal 0 0 -1
    outer loop
      vertex 18.2386 6.66147 4.95
      vertex 15.25 9.39999 4.95
      vertex 18.2044 6.92094 4.95
    endloop
  endfacet
  facet normal 0 0 -1
    outer loop
      vertex 15.25 -9.39999 4.95
      vertex 18.0691 -7.42606 4.95
      vertex 17.9689 -7.66785 4.95
    endloop
  endfacet
  facet normal 0 0 -1
    outer loop
      vertex 18.2044 6.92094 4.95
      vertex 15.25 9.39999 4.95
      vertex 18.1478 7.17645 4.95
    endloop
  endfacet
  facet normal 0 0 -1
    outer loop
      vertex 15.25 -9.39999 4.95
      vertex 17.9689 -7.66785 4.95
      vertex 17.8481 -7.89999 4.95
    endloop
  endfacet
  facet normal 0 0 -1
    outer loop
      vertex 18.1478 7.17645 4.95
      vertex 15.25 9.39999 4.95
      vertex 18.0691 7.42606 4.95
    endloop
  endfacet
  facet normal 0 0 -1
    outer loop
      vertex 15.25 -9.39999 4.95
      vertex 17.8481 -7.89999 4.95
      vertex 17.7075 -8.12073 4.95
    endloop
  endfacet
  facet normal 0 0 -1
    outer loop
      vertex 18.0691 7.42606 4.95
      vertex 15.25 9.39999 4.95
      vertex 17.9689 7.66785 4.95
    endloop
  endfacet
  facet normal 0 0 -1
    outer loop
      vertex 15.25 -9.39999 4.95
      vertex 17.7075 -8.12073 4.95
      vertex 17.5481 -8.32835 4.95
    endloop
  endfacet
  facet normal 0 0 -1
    outer loop
      vertex 17.9689 7.66785 4.95
      vertex 15.25 9.39999 4.95
      vertex 17.8481 7.89999 4.95
    endloop
  endfacet
  facet normal 0 0 -1
    outer loop
      vertex 15.25 -9.39999 4.95
      vertex 17.5481 -8.32835 4.95
      vertex 17.3713 -8.52132 4.95
    endloop
  endfacet
  facet normal 0 0 -1
    outer loop
      vertex 17.8481 7.89999 4.95
      vertex 15.25 9.39999 4.95
      vertex 17.7075 8.12073 4.95
    endloop
  endfacet
  facet normal 0 0 -1
    outer loop
      vertex 15.25 -9.39999 4.95
      vertex 17.3713 -8.52132 4.95
      vertex 17.1784 -8.69812 4.95
    endloop
  endfacet
  facet normal 0 0 -1
    outer loop
      vertex 17.7075 8.12073 4.95
      vertex 15.25 9.39999 4.95
      vertex 17.5481 8.32835 4.95
    endloop
  endfacet
  facet normal 0 0 -1
    outer loop
      vertex 15.25 -9.39999 4.95
      vertex 17.1784 -8.69812 4.95
      vertex 16.9707 -8.85745 4.95
    endloop
  endfacet
  facet normal 0 0 -1
    outer loop
      vertex 17.5481 8.32835 4.95
      vertex 15.25 9.39999 4.95
      vertex 17.3713 8.52132 4.95
    endloop
  endfacet
  facet normal 0 0 -1
    outer loop
      vertex 15.25 -9.39999 4.95
      vertex 16.9707 -8.85745 4.95
      vertex 16.75 -8.99808 4.95
    endloop
  endfacet
  facet normal 0 0 -1
    outer loop
      vertex 17.3713 8.52132 4.95
      vertex 15.25 9.39999 4.95
      vertex 17.1784 8.69812 4.95
    endloop
  endfacet
  facet normal 0 0 -1
    outer loop
      vertex 15.25 -9.39999 4.95
      vertex 16.75 -8.99808 4.95
      vertex 16.5178 -9.11891 4.95
    endloop
  endfacet
  facet normal 0 0 -1
    outer loop
      vertex 17.1784 8.69812 4.95
      vertex 15.25 9.39999 4.95
      vertex 16.9707 8.85745 4.95
    endloop
  endfacet
  facet normal 0 0 -1
    outer loop
      vertex 15.25 -9.39999 4.95
      vertex 16.5178 -9.11891 4.95
      vertex 16.2761 -9.21907 4.95
    endloop
  endfacet
  facet normal 0 0 -1
    outer loop
      vertex 16.9707 8.85745 4.95
      vertex 15.25 9.39999 4.95
      vertex 16.75 8.99808 4.95
    endloop
  endfacet
  facet normal 0 0 -1
    outer loop
      vertex 15.25 -9.39999 4.95
      vertex 16.2761 -9.21907 4.95
      vertex 16.0265 -9.29778 4.95
    endloop
  endfacet
  facet normal 0 0 -1
    outer loop
      vertex 16.75 8.99808 4.95
      vertex 15.25 9.39999 4.95
      vertex 16.5178 9.11891 4.95
    endloop
  endfacet
  facet normal 0 0 -1
    outer loop
      vertex 15.25 -9.39999 4.95
      vertex 16.0265 -9.29778 4.95
      vertex 15.7709 -9.35442 4.95
    endloop
  endfacet
  facet normal 0 0 -1
    outer loop
      vertex 16.5178 9.11891 4.95
      vertex 15.25 9.39999 4.95
      vertex 16.2761 9.21907 4.95
    endloop
  endfacet
  facet normal 0 0 -1
    outer loop
      vertex 15.25 -9.39999 4.95
      vertex 15.7709 -9.35442 4.95
      vertex 15.5115 -9.38858 4.95
    endloop
  endfacet
  facet normal 0 0 -1
    outer loop
      vertex 16.2761 9.21907 4.95
      vertex 15.25 9.39999 4.95
      vertex 16.0265 9.29778 4.95
    endloop
  endfacet
  facet normal 0 0 -1
    outer loop
      vertex 16.0265 9.29778 4.95
      vertex 15.25 9.39999 4.95
      vertex 15.7709 9.35442 4.95
    endloop
  endfacet
  facet normal 0 0 -1
    outer loop
      vertex 15.7709 9.35442 4.95
      vertex 15.25 9.39999 4.95
      vertex 15.5115 9.38858 4.95
    endloop
  endfacet
  facet normal 0 0 -1
    outer loop
      vertex -20.55 -9.39999 4.95
      vertex 15.25 9.39999 4.95
      vertex 15.25 -9.39999 4.95
    endloop
  endfacet
  facet normal 0 0 -1
    outer loop
      vertex -20.55 -9.39999 4.95
      vertex -20.55 9.39999 4.95
      vertex 15.25 9.39999 4.95
    endloop
  endfacet
  facet normal 0 0 -1
    outer loop
      vertex -23.55 -6.39999 4.95
      vertex -20.55 -9.39999 4.95
      vertex -20.8115 -9.38858 4.95
    endloop
  endfacet
  facet normal 0 0 -1
    outer loop
      vertex -20.55 -9.39999 4.95
      vertex -23.55 -6.39999 4.95
      vertex -20.55 9.39999 4.95
    endloop
  endfacet
  facet normal 0 0 -1
    outer loop
      vertex -23.55 -6.39999 4.95
      vertex -20.8115 -9.38858 4.95
      vertex -21.0709 -9.35442 4.95
    endloop
  endfacet
  facet normal 0 0 -1
    outer loop
      vertex -23.55 6.39999 4.95
      vertex -20.55 9.39999 4.95
      vertex -23.55 -6.39999 4.95
    endloop
  endfacet
  facet normal 0 0 -1
    outer loop
      vertex -23.55 -6.39999 4.95
      vertex -21.0709 -9.35442 4.95
      vertex -21.3265 -9.29778 4.95
    endloop
  endfacet
  facet normal 0 0 -1
    outer loop
      vertex -20.55 9.39999 4.95
      vertex -23.55 6.39999 4.95
      vertex -20.8115 9.38858 4.95
    endloop
  endfacet
  facet normal 0 0 -1
    outer loop
      vertex -23.55 -6.39999 4.95
      vertex -21.3265 -9.29778 4.95
      vertex -21.5761 -9.21907 4.95
    endloop
  endfacet
  facet normal 0 0 -1
    outer loop
      vertex -20.8115 9.38858 4.95
      vertex -23.55 6.39999 4.95
      vertex -21.0709 9.35442 4.95
    endloop
  endfacet
  facet normal 0 0 -1
    outer loop
      vertex -23.55 -6.39999 4.95
      vertex -21.5761 -9.21907 4.95
      vertex -21.8178 -9.11891 4.95
    endloop
  endfacet
  facet normal 0 0 -1
    outer loop
      vertex -21.0709 9.35442 4.95
      vertex -23.55 6.39999 4.95
      vertex -21.3265 9.29778 4.95
    endloop
  endfacet
  facet normal 0 0 -1
    outer loop
      vertex -23.55 -6.39999 4.95
      vertex -21.8178 -9.11891 4.95
      vertex -22.05 -8.99808 4.95
    endloop
  endfacet
  facet normal 0 0 -1
    outer loop
      vertex -21.3265 9.29778 4.95
      vertex -23.55 6.39999 4.95
      vertex -21.5761 9.21907 4.95
    endloop
  endfacet
  facet normal 0 0 -1
    outer loop
      vertex -23.55 -6.39999 4.95
      vertex -22.05 -8.99808 4.95
      vertex -22.2707 -8.85745 4.95
    endloop
  endfacet
  facet normal 0 0 -1
    outer loop
      vertex -21.5761 9.21907 4.95
      vertex -23.55 6.39999 4.95
      vertex -21.8178 9.11891 4.95
    endloop
  endfacet
  facet normal 0 0 -1
    outer loop
      vertex -23.55 -6.39999 4.95
      vertex -22.2707 -8.85745 4.95
      vertex -22.4784 -8.69812 4.95
    endloop
  endfacet
  facet normal 0 0 -1
    outer loop
      vertex -21.8178 9.11891 4.95
      vertex -23.55 6.39999 4.95
      vertex -22.05 8.99808 4.95
    endloop
  endfacet
  facet normal 0 0 -1
    outer loop
      vertex -23.55 -6.39999 4.95
      vertex -22.4784 -8.69812 4.95
      vertex -22.6713 -8.52132 4.95
    endloop
  endfacet
  facet normal 0 0 -1
    outer loop
      vertex -22.05 8.99808 4.95
      vertex -23.55 6.39999 4.95
      vertex -22.2707 8.85745 4.95
    endloop
  endfacet
  facet normal 0 0 -1
    outer loop
      vertex -23.55 -6.39999 4.95
      vertex -22.6713 -8.52132 4.95
      vertex -22.8481 -8.32835 4.95
    endloop
  endfacet
  facet normal 0 0 -1
    outer loop
      vertex -22.2707 8.85745 4.95
      vertex -23.55 6.39999 4.95
      vertex -22.4784 8.69812 4.95
    endloop
  endfacet
  facet normal 0 0 -1
    outer loop
      vertex -23.55 -6.39999 4.95
      vertex -22.8481 -8.32835 4.95
      vertex -23.0075 -8.12073 4.95
    endloop
  endfacet
  facet normal 0 0 -1
    outer loop
      vertex -22.4784 8.69812 4.95
      vertex -23.55 6.39999 4.95
      vertex -22.6713 8.52132 4.95
    endloop
  endfacet
  facet normal 0 0 -1
    outer loop
      vertex -23.55 -6.39999 4.95
      vertex -23.0075 -8.12073 4.95
      vertex -23.1481 -7.89999 4.95
    endloop
  endfacet
  facet normal 0 0 -1
    outer loop
      vertex -22.6713 8.52132 4.95
      vertex -23.55 6.39999 4.95
      vertex -22.8481 8.32835 4.95
    endloop
  endfacet
  facet normal 0 0 -1
    outer loop
      vertex -23.55 -6.39999 4.95
      vertex -23.1481 -7.89999 4.95
      vertex -23.2689 -7.66785 4.95
    endloop
  endfacet
  facet normal 0 0 -1
    outer loop
      vertex -22.8481 8.32835 4.95
      vertex -23.55 6.39999 4.95
      vertex -23.0075 8.12073 4.95
    endloop
  endfacet
  facet normal 0 0 -1
    outer loop
      vertex -23.55 -6.39999 4.95
      vertex -23.2689 -7.66785 4.95
      vertex -23.3691 -7.42606 4.95
    endloop
  endfacet
  facet normal 0 0 -1
    outer loop
      vertex -23.0075 8.12073 4.95
      vertex -23.55 6.39999 4.95
      vertex -23.1481 7.89999 4.95
    endloop
  endfacet
  facet normal 0 0 -1
    outer loop
      vertex -23.55 -6.39999 4.95
      vertex -23.3691 -7.42606 4.95
      vertex -23.4478 -7.17645 4.95
    endloop
  endfacet
  facet normal 0 0 -1
    outer loop
      vertex -23.1481 7.89999 4.95
      vertex -23.55 6.39999 4.95
      vertex -23.2689 7.66785 4.95
    endloop
  endfacet
  facet normal 0 0 -1
    outer loop
      vertex -23.55 -6.39999 4.95
      vertex -23.4478 -7.17645 4.95
      vertex -23.5044 -6.92094 4.95
    endloop
  endfacet
  facet normal 0 0 -1
    outer loop
      vertex -23.2689 7.66785 4.95
      vertex -23.55 6.39999 4.95
      vertex -23.3691 7.42606 4.95
    endloop
  endfacet
  facet normal 0 0 -1
    outer loop
      vertex -23.55 -6.39999 4.95
      vertex -23.5044 -6.92094 4.95
      vertex -23.5386 -6.66147 4.95
    endloop
  endfacet
  facet normal 0 0 -1
    outer loop
      vertex -23.3691 7.42606 4.95
      vertex -23.55 6.39999 4.95
      vertex -23.4478 7.17645 4.95
    endloop
  endfacet
  facet normal 0 0 -1
    outer loop
      vertex -23.4478 7.17645 4.95
      vertex -23.55 6.39999 4.95
      vertex -23.5044 6.92094 4.95
    endloop
  endfacet
  facet normal 0 0 -1
    outer loop
      vertex -23.5044 6.92094 4.95
      vertex -23.55 6.39999 4.95
      vertex -23.5386 6.66147 4.95
    endloop
  endfacet
  facet normal 0 0 -1
    outer loop
      vertex 17.8481 -7.89999 2.35
      vertex 20.45 -8.59999 2.35
      vertex 20.4386 -8.86147 2.35
    endloop
  endfacet
  facet normal 0 0 -1
    outer loop
      vertex 20.45 -8.59999 2.35
      vertex 18.25 -6.39999 2.35
      vertex 20.45 8.59999 2.35
    endloop
  endfacet
  facet normal 0 0 -1
    outer loop
      vertex 17.7075 -8.12073 2.35
      vertex 20.4386 -8.86147 2.35
      vertex 20.4044 -9.12094 2.35
    endloop
  endfacet
  facet normal 0 0 -1
    outer loop
      vertex 18.25 6.39999 2.35
      vertex 20.45 8.59999 2.35
      vertex 18.25 -6.39999 2.35
    endloop
  endfacet
  facet normal 0 0 -1
    outer loop
      vertex 17.7075 -8.12073 2.35
      vertex 20.4044 -9.12094 2.35
      vertex 20.3478 -9.37645 2.35
    endloop
  endfacet
  facet normal 0 0 -1
    outer loop
      vertex 18.2386 6.66147 2.35
      vertex 20.45 8.59999 2.35
      vertex 18.25 6.39999 2.35
    endloop
  endfacet
  facet normal 0 0 -1
    outer loop
      vertex 17.7075 -8.12073 2.35
      vertex 20.3478 -9.37645 2.35
      vertex 20.2691 -9.62605 2.35
    endloop
  endfacet
  facet normal 0 0 -1
    outer loop
      vertex 18.2044 6.92094 2.35
      vertex 20.45 8.59999 2.35
      vertex 18.2386 6.66147 2.35
    endloop
  endfacet
  facet normal 0 0 -1
    outer loop
      vertex 17.5481 -8.32835 2.35
      vertex 20.2691 -9.62605 2.35
      vertex 20.1689 -9.86784 2.35
    endloop
  endfacet
  facet normal 0 0 -1
    outer loop
      vertex 18.1478 7.17645 2.35
      vertex 20.45 8.59999 2.35
      vertex 18.2044 6.92094 2.35
    endloop
  endfacet
  facet normal 0 0 -1
    outer loop
      vertex 17.5481 -8.32835 2.35
      vertex 20.1689 -9.86784 2.35
      vertex 20.0481 -10.1 2.35
    endloop
  endfacet
  facet normal 0 0 -1
    outer loop
      vertex 18.0691 7.42606 2.35
      vertex 20.45 8.59999 2.35
      vertex 18.1478 7.17645 2.35
    endloop
  endfacet
  facet normal 0 0 -1
    outer loop
      vertex 17.5481 -8.32835 2.35
      vertex 20.0481 -10.1 2.35
      vertex 19.9074 -10.3207 2.35
    endloop
  endfacet
  facet normal 0 0 -1
    outer loop
      vertex 17.9689 7.66785 2.35
      vertex 20.45 8.59999 2.35
      vertex 18.0691 7.42606 2.35
    endloop
  endfacet
  facet normal 0 0 -1
    outer loop
      vertex 17.5481 -8.32835 2.35
      vertex 19.9074 -10.3207 2.35
      vertex 19.7481 -10.5284 2.35
    endloop
  endfacet
  facet normal 0 0 -1
    outer loop
      vertex 17.8481 7.89999 2.35
      vertex 20.45 8.59999 2.35
      vertex 17.9689 7.66785 2.35
    endloop
  endfacet
  facet normal 0 0 -1
    outer loop
      vertex 17.3713 -8.52132 2.35
      vertex 19.7481 -10.5284 2.35
      vertex 19.5713 -10.7213 2.35
    endloop
  endfacet
  facet normal -0 0 -1
    outer loop
      vertex 20.45 8.59999 2.35
      vertex 17.8481 7.89999 2.35
      vertex 20.4386 8.86147 2.35
    endloop
  endfacet
  facet normal 0 0 -1
    outer loop
      vertex 17.3713 -8.52132 2.35
      vertex 19.5713 -10.7213 2.35
      vertex 19.3783 -10.8981 2.35
    endloop
  endfacet
  facet normal 0 0 -1
    outer loop
      vertex 17.7075 8.12073 2.35
      vertex 20.4386 8.86147 2.35
      vertex 17.8481 7.89999 2.35
    endloop
  endfacet
  facet normal 0 0 -1
    outer loop
      vertex 17.3713 -8.52132 2.35
      vertex 19.3783 -10.8981 2.35
      vertex 19.1707 -11.0574 2.35
    endloop
  endfacet
  facet normal -0 0 -1
    outer loop
      vertex 20.4386 8.86147 2.35
      vertex 17.7075 8.12073 2.35
      vertex 20.4044 9.12094 2.35
    endloop
  endfacet
  facet normal 0 0 -1
    outer loop
      vertex 17.1784 -8.69812 2.35
      vertex 19.1707 -11.0574 2.35
      vertex 18.95 -11.1981 2.35
    endloop
  endfacet
  facet normal -0 0 -1
    outer loop
      vertex 20.4044 9.12094 2.35
      vertex 17.7075 8.12073 2.35
      vertex 20.3478 9.37645 2.35
    endloop
  endfacet
  facet normal 0 0 -1
    outer loop
      vertex 17.1784 -8.69812 2.35
      vertex 18.95 -11.1981 2.35
      vertex 18.7178 -11.3189 2.35
    endloop
  endfacet
  facet normal -0 0 -1
    outer loop
      vertex 20.3478 9.37645 2.35
      vertex 17.7075 8.12073 2.35
      vertex 20.2691 9.62605 2.35
    endloop
  endfacet
  facet normal 0 0 -1
    outer loop
      vertex 17.1784 -8.69812 2.35
      vertex 18.7178 -11.3189 2.35
      vertex 18.4761 -11.4191 2.35
    endloop
  endfacet
  facet normal 0 0 -1
    outer loop
      vertex 17.5481 8.32835 2.35
      vertex 20.2691 9.62605 2.35
      vertex 17.7075 8.12073 2.35
    endloop
  endfacet
  facet normal -0 0 -1
    outer loop
      vertex 20.2691 9.62605 2.35
      vertex 17.5481 8.32835 2.35
      vertex 20.1689 9.86784 2.35
    endloop
  endfacet
  facet normal 0 0 -1
    outer loop
      vertex 20.45 -8.59999 2.35
      vertex 18.2386 -6.66147 2.35
      vertex 18.25 -6.39999 2.35
    endloop
  endfacet
  facet normal 0 0 -1
    outer loop
      vertex 16.9707 -8.85745 2.35
      vertex 18.4761 -11.4191 2.35
      vertex 18.2264 -11.4978 2.35
    endloop
  endfacet
  facet normal 0 0 -1
    outer loop
      vertex 20.45 -8.59999 2.35
      vertex 18.2044 -6.92094 2.35
      vertex 18.2386 -6.66147 2.35
    endloop
  endfacet
  facet normal 0 0 -1
    outer loop
      vertex 20.45 -8.59999 2.35
      vertex 18.1478 -7.17645 2.35
      vertex 18.2044 -6.92094 2.35
    endloop
  endfacet
  facet normal 0 0 -1
    outer loop
      vertex 20.45 -8.59999 2.35
      vertex 18.0691 -7.42606 2.35
      vertex 18.1478 -7.17645 2.35
    endloop
  endfacet
  facet normal 0 0 -1
    outer loop
      vertex 16.9707 -8.85745 2.35
      vertex 18.2264 -11.4978 2.35
      vertex 17.9709 -11.5544 2.35
    endloop
  endfacet
  facet normal 0 0 -1
    outer loop
      vertex 20.45 -8.59999 2.35
      vertex 17.9689 -7.66785 2.35
      vertex 18.0691 -7.42606 2.35
    endloop
  endfacet
  facet normal 0 0 -1
    outer loop
      vertex 20.45 -8.59999 2.35
      vertex 17.8481 -7.89999 2.35
      vertex 17.9689 -7.66785 2.35
    endloop
  endfacet
  facet normal 0 0 -1
    outer loop
      vertex 16.9707 -8.85745 2.35
      vertex 17.9709 -11.5544 2.35
      vertex 17.7115 -11.5886 2.35
    endloop
  endfacet
  facet normal 0 0 -1
    outer loop
      vertex 20.4386 -8.86147 2.35
      vertex 17.7075 -8.12073 2.35
      vertex 17.8481 -7.89999 2.35
    endloop
  endfacet
  facet normal 0 0 -1
    outer loop
      vertex 20.2691 -9.62605 2.35
      vertex 17.5481 -8.32835 2.35
      vertex 17.7075 -8.12073 2.35
    endloop
  endfacet
  facet normal 0 0 -1
    outer loop
      vertex 16.75 -8.99808 2.35
      vertex 17.7115 -11.5886 2.35
      vertex 17.45 -11.6 2.35
    endloop
  endfacet
  facet normal 0 0 -1
    outer loop
      vertex 19.7481 -10.5284 2.35
      vertex 17.3713 -8.52132 2.35
      vertex 17.5481 -8.32835 2.35
    endloop
  endfacet
  facet normal 0 0 -1
    outer loop
      vertex 19.1707 -11.0574 2.35
      vertex 17.1784 -8.69812 2.35
      vertex 17.3713 -8.52132 2.35
    endloop
  endfacet
  facet normal 0 0 -1
    outer loop
      vertex 18.4761 -11.4191 2.35
      vertex 16.9707 -8.85745 2.35
      vertex 17.1784 -8.69812 2.35
    endloop
  endfacet
  facet normal 0 0 -1
    outer loop
      vertex 17.7115 -11.5886 2.35
      vertex 16.75 -8.99808 2.35
      vertex 16.9707 -8.85745 2.35
    endloop
  endfacet
  facet normal 0 0 -1
    outer loop
      vertex 17.45 -11.6 2.35
      vertex 16.5178 -9.11891 2.35
      vertex 16.75 -8.99808 2.35
    endloop
  endfacet
  facet normal 0 0 -1
    outer loop
      vertex 17.45 -11.6 2.35
      vertex 16.2761 -9.21907 2.35
      vertex 16.5178 -9.11891 2.35
    endloop
  endfacet
  facet normal 0 0 -1
    outer loop
      vertex 17.45 -11.6 2.35
      vertex 16.0265 -9.29778 2.35
      vertex 16.2761 -9.21907 2.35
    endloop
  endfacet
  facet normal 0 0 -1
    outer loop
      vertex 17.45 -11.6 2.35
      vertex 15.7709 -9.35442 2.35
      vertex 16.0265 -9.29778 2.35
    endloop
  endfacet
  facet normal 0 0 -1
    outer loop
      vertex 17.45 -11.6 2.35
      vertex 15.5115 -9.38858 2.35
      vertex 15.7709 -9.35442 2.35
    endloop
  endfacet
  facet normal 0 0 -1
    outer loop
      vertex 17.45 -11.6 2.35
      vertex 15.25 -9.39999 2.35
      vertex 15.5115 -9.38858 2.35
    endloop
  endfacet
  facet normal 0 0 -1
    outer loop
      vertex 17.45 -11.6 2.35
      vertex -20.55 -9.39999 2.35
      vertex 15.25 -9.39999 2.35
    endloop
  endfacet
  facet normal 0 0 -1
    outer loop
      vertex -22.75 -11.6 2.35
      vertex -20.55 -9.39999 2.35
      vertex 17.45 -11.6 2.35
    endloop
  endfacet
  facet normal -0 0 -1
    outer loop
      vertex -20.55 -9.39999 2.35
      vertex -22.75 -11.6 2.35
      vertex -20.8115 -9.38858 2.35
    endloop
  endfacet
  facet normal 0 0 -1
    outer loop
      vertex -22.75 -11.6 2.35
      vertex -21.0709 -9.35442 2.35
      vertex -20.8115 -9.38858 2.35
    endloop
  endfacet
  facet normal 0 0 -1
    outer loop
      vertex -22.75 -11.6 2.35
      vertex -21.3265 -9.29778 2.35
      vertex -21.0709 -9.35442 2.35
    endloop
  endfacet
  facet normal 0 0 -1
    outer loop
      vertex -22.75 -11.6 2.35
      vertex -21.5761 -9.21907 2.35
      vertex -21.3265 -9.29778 2.35
    endloop
  endfacet
  facet normal 0 0 -1
    outer loop
      vertex -22.75 -11.6 2.35
      vertex -21.8178 -9.11891 2.35
      vertex -21.5761 -9.21907 2.35
    endloop
  endfacet
  facet normal 0 0 -1
    outer loop
      vertex -22.75 -11.6 2.35
      vertex -22.05 -8.99808 2.35
      vertex -21.8178 -9.11891 2.35
    endloop
  endfacet
  facet normal 0 0 -1
    outer loop
      vertex -23.0115 -11.5886 2.35
      vertex -22.05 -8.99808 2.35
      vertex -22.75 -11.6 2.35
    endloop
  endfacet
  facet normal -0 0 -1
    outer loop
      vertex -22.05 -8.99808 2.35
      vertex -23.0115 -11.5886 2.35
      vertex -22.2707 -8.85745 2.35
    endloop
  endfacet
  facet normal 0 0 -1
    outer loop
      vertex -23.2709 -11.5544 2.35
      vertex -22.2707 -8.85745 2.35
      vertex -23.0115 -11.5886 2.35
    endloop
  endfacet
  facet normal 0 0 -1
    outer loop
      vertex -23.5264 -11.4978 2.35
      vertex -22.2707 -8.85745 2.35
      vertex -23.2709 -11.5544 2.35
    endloop
  endfacet
  facet normal 0 0 -1
    outer loop
      vertex -23.7761 -11.4191 2.35
      vertex -22.2707 -8.85745 2.35
      vertex -23.5264 -11.4978 2.35
    endloop
  endfacet
  facet normal -0 0 -1
    outer loop
      vertex -22.2707 -8.85745 2.35
      vertex -23.7761 -11.4191 2.35
      vertex -22.4784 -8.69812 2.35
    endloop
  endfacet
  facet normal 0 0 -1
    outer loop
      vertex -24.0178 -11.3189 2.35
      vertex -22.4784 -8.69812 2.35
      vertex -23.7761 -11.4191 2.35
    endloop
  endfacet
  facet normal 0 0 -1
    outer loop
      vertex -24.25 -11.1981 2.35
      vertex -22.4784 -8.69812 2.35
      vertex -24.0178 -11.3189 2.35
    endloop
  endfacet
  facet normal 0 0 -1
    outer loop
      vertex -24.4707 -11.0574 2.35
      vertex -22.4784 -8.69812 2.35
      vertex -24.25 -11.1981 2.35
    endloop
  endfacet
  facet normal -0 0 -1
    outer loop
      vertex -22.4784 -8.69812 2.35
      vertex -24.4707 -11.0574 2.35
      vertex -22.6713 -8.52132 2.35
    endloop
  endfacet
  facet normal 0 0 -1
    outer loop
      vertex -24.6784 -10.8981 2.35
      vertex -22.6713 -8.52132 2.35
      vertex -24.4707 -11.0574 2.35
    endloop
  endfacet
  facet normal 0 0 -1
    outer loop
      vertex -24.8713 -10.7213 2.35
      vertex -22.6713 -8.52132 2.35
      vertex -24.6784 -10.8981 2.35
    endloop
  endfacet
  facet normal 0 0 -1
    outer loop
      vertex -25.0481 -10.5284 2.35
      vertex -22.6713 -8.52132 2.35
      vertex -24.8713 -10.7213 2.35
    endloop
  endfacet
  facet normal -0 0 -1
    outer loop
      vertex -22.6713 -8.52132 2.35
      vertex -25.0481 -10.5284 2.35
      vertex -22.8481 -8.32835 2.35
    endloop
  endfacet
  facet normal 0 0 -1
    outer loop
      vertex -25.2074 -10.3207 2.35
      vertex -22.8481 -8.32835 2.35
      vertex -25.0481 -10.5284 2.35
    endloop
  endfacet
  facet normal 0 0 -1
    outer loop
      vertex -25.4689 -9.86784 2.35
      vertex -22.8481 -8.32835 2.35
      vertex -25.3481 -10.1 2.35
    endloop
  endfacet
  facet normal 0 0 -1
    outer loop
      vertex -25.3481 -10.1 2.35
      vertex -22.8481 -8.32835 2.35
      vertex -25.2074 -10.3207 2.35
    endloop
  endfacet
  facet normal -0 0 -1
    outer loop
      vertex 20.1689 9.86784 2.35
      vertex 17.5481 8.32835 2.35
      vertex 20.0481 10.1 2.35
    endloop
  endfacet
  facet normal -0 0 -1
    outer loop
      vertex 20.0481 10.1 2.35
      vertex 17.5481 8.32835 2.35
      vertex 19.9074 10.3207 2.35
    endloop
  endfacet
  facet normal -0 0 -1
    outer loop
      vertex 19.9074 10.3207 2.35
      vertex 17.5481 8.32835 2.35
      vertex 19.7481 10.5284 2.35
    endloop
  endfacet
  facet normal 0 0 -1
    outer loop
      vertex 17.3713 8.52132 2.35
      vertex 19.7481 10.5284 2.35
      vertex 17.5481 8.32835 2.35
    endloop
  endfacet
  facet normal -0 0 -1
    outer loop
      vertex 19.7481 10.5284 2.35
      vertex 17.3713 8.52132 2.35
      vertex 19.5713 10.7213 2.35
    endloop
  endfacet
  facet normal -0 0 -1
    outer loop
      vertex 19.5713 10.7213 2.35
      vertex 17.3713 8.52132 2.35
      vertex 19.3783 10.8981 2.35
    endloop
  endfacet
  facet normal -0 0 -1
    outer loop
      vertex 19.3783 10.8981 2.35
      vertex 17.3713 8.52132 2.35
      vertex 19.1707 11.0574 2.35
    endloop
  endfacet
  facet normal 0 0 -1
    outer loop
      vertex 17.1784 8.69812 2.35
      vertex 19.1707 11.0574 2.35
      vertex 17.3713 8.52132 2.35
    endloop
  endfacet
  facet normal -0 0 -1
    outer loop
      vertex 19.1707 11.0574 2.35
      vertex 17.1784 8.69812 2.35
      vertex 18.95 11.1981 2.35
    endloop
  endfacet
  facet normal -0 0 -1
    outer loop
      vertex 18.95 11.1981 2.35
      vertex 17.1784 8.69812 2.35
      vertex 18.7178 11.3189 2.35
    endloop
  endfacet
  facet normal -0 0 -1
    outer loop
      vertex 18.7178 11.3189 2.35
      vertex 17.1784 8.69812 2.35
      vertex 18.4761 11.4191 2.35
    endloop
  endfacet
  facet normal 0 0 -1
    outer loop
      vertex 16.9707 8.85745 2.35
      vertex 18.4761 11.4191 2.35
      vertex 17.1784 8.69812 2.35
    endloop
  endfacet
  facet normal -0 0 -1
    outer loop
      vertex 18.4761 11.4191 2.35
      vertex 16.9707 8.85745 2.35
      vertex 18.2264 11.4978 2.35
    endloop
  endfacet
  facet normal -0 0 -1
    outer loop
      vertex 18.2264 11.4978 2.35
      vertex 16.9707 8.85745 2.35
      vertex 17.9709 11.5544 2.35
    endloop
  endfacet
  facet normal -0 0 -1
    outer loop
      vertex 17.9709 11.5544 2.35
      vertex 16.9707 8.85745 2.35
      vertex 17.7115 11.5886 2.35
    endloop
  endfacet
  facet normal 0 0 -1
    outer loop
      vertex 16.75 8.99808 2.35
      vertex 17.7115 11.5886 2.35
      vertex 16.9707 8.85745 2.35
    endloop
  endfacet
  facet normal -0 0 -1
    outer loop
      vertex 17.7115 11.5886 2.35
      vertex 16.75 8.99808 2.35
      vertex 17.45 11.6 2.35
    endloop
  endfacet
  facet normal 0 0 -1
    outer loop
      vertex 16.5178 9.11891 2.35
      vertex 17.45 11.6 2.35
      vertex 16.75 8.99808 2.35
    endloop
  endfacet
  facet normal 0 0 -1
    outer loop
      vertex 16.2761 9.21907 2.35
      vertex 17.45 11.6 2.35
      vertex 16.5178 9.11891 2.35
    endloop
  endfacet
  facet normal 0 0 -1
    outer loop
      vertex 16.0265 9.29778 2.35
      vertex 17.45 11.6 2.35
      vertex 16.2761 9.21907 2.35
    endloop
  endfacet
  facet normal 0 0 -1
    outer loop
      vertex 15.7709 9.35442 2.35
      vertex 17.45 11.6 2.35
      vertex 16.0265 9.29778 2.35
    endloop
  endfacet
  facet normal 0 0 -1
    outer loop
      vertex 15.5115 9.38858 2.35
      vertex 17.45 11.6 2.35
      vertex 15.7709 9.35442 2.35
    endloop
  endfacet
  facet normal 0 0 -1
    outer loop
      vertex 15.25 9.39999 2.35
      vertex 17.45 11.6 2.35
      vertex 15.5115 9.38858 2.35
    endloop
  endfacet
  facet normal 0 0 -1
    outer loop
      vertex -20.55 9.39999 2.35
      vertex 17.45 11.6 2.35
      vertex 15.25 9.39999 2.35
    endloop
  endfacet
  facet normal 0 0 -1
    outer loop
      vertex -22.75 11.6 2.35
      vertex -20.55 9.39999 2.35
      vertex -20.8115 9.38858 2.35
    endloop
  endfacet
  facet normal 0 0 -1
    outer loop
      vertex -20.55 9.39999 2.35
      vertex -22.75 11.6 2.35
      vertex 17.45 11.6 2.35
    endloop
  endfacet
  facet normal 0 0 -1
    outer loop
      vertex -21.0709 9.35442 2.35
      vertex -22.75 11.6 2.35
      vertex -20.8115 9.38858 2.35
    endloop
  endfacet
  facet normal 0 0 -1
    outer loop
      vertex -21.3265 9.29778 2.35
      vertex -22.75 11.6 2.35
      vertex -21.0709 9.35442 2.35
    endloop
  endfacet
  facet normal 0 0 -1
    outer loop
      vertex -21.5761 9.21907 2.35
      vertex -22.75 11.6 2.35
      vertex -21.3265 9.29778 2.35
    endloop
  endfacet
  facet normal 0 0 -1
    outer loop
      vertex -21.8178 9.11891 2.35
      vertex -22.75 11.6 2.35
      vertex -21.5761 9.21907 2.35
    endloop
  endfacet
  facet normal 0 0 -1
    outer loop
      vertex -22.05 8.99808 2.35
      vertex -22.75 11.6 2.35
      vertex -21.8178 9.11891 2.35
    endloop
  endfacet
  facet normal 0 0 -1
    outer loop
      vertex -23.0115 11.5886 2.35
      vertex -22.05 8.99808 2.35
      vertex -22.2707 8.85745 2.35
    endloop
  endfacet
  facet normal 0 0 -1
    outer loop
      vertex -23.7761 11.4191 2.35
      vertex -22.2707 8.85745 2.35
      vertex -22.4784 8.69812 2.35
    endloop
  endfacet
  facet normal 0 0 -1
    outer loop
      vertex -24.4707 11.0574 2.35
      vertex -22.4784 8.69812 2.35
      vertex -22.6713 8.52132 2.35
    endloop
  endfacet
  facet normal 0 0 -1
    outer loop
      vertex -25.0481 10.5284 2.35
      vertex -22.6713 8.52132 2.35
      vertex -22.8481 8.32835 2.35
    endloop
  endfacet
  facet normal 0 0 -1
    outer loop
      vertex -25.5691 9.62605 2.35
      vertex -22.8481 8.32835 2.35
      vertex -23.0075 8.12073 2.35
    endloop
  endfacet
  facet normal 0 0 -1
    outer loop
      vertex -22.05 8.99808 2.35
      vertex -23.0115 11.5886 2.35
      vertex -22.75 11.6 2.35
    endloop
  endfacet
  facet normal 0 0 -1
    outer loop
      vertex -25.7386 8.86147 2.35
      vertex -23.0075 8.12073 2.35
      vertex -23.1481 7.89999 2.35
    endloop
  endfacet
  facet normal 0 0 -1
    outer loop
      vertex -25.75 8.59999 2.35
      vertex -23.1481 7.89999 2.35
      vertex -23.2689 7.66785 2.35
    endloop
  endfacet
  facet normal 0 0 -1
    outer loop
      vertex -22.2707 8.85745 2.35
      vertex -23.2709 11.5544 2.35
      vertex -23.0115 11.5886 2.35
    endloop
  endfacet
  facet normal 0 0 -1
    outer loop
      vertex -25.75 8.59999 2.35
      vertex -23.2689 7.66785 2.35
      vertex -23.3691 7.42606 2.35
    endloop
  endfacet
  facet normal 0 0 -1
    outer loop
      vertex -25.75 8.59999 2.35
      vertex -23.3691 7.42606 2.35
      vertex -23.4478 7.17645 2.35
    endloop
  endfacet
  facet normal 0 0 -1
    outer loop
      vertex -25.75 8.59999 2.35
      vertex -23.4478 7.17645 2.35
      vertex -23.5044 6.92094 2.35
    endloop
  endfacet
  facet normal 0 0 -1
    outer loop
      vertex -22.2707 8.85745 2.35
      vertex -23.5264 11.4978 2.35
      vertex -23.2709 11.5544 2.35
    endloop
  endfacet
  facet normal 0 0 -1
    outer loop
      vertex -25.75 8.59999 2.35
      vertex -23.5044 6.92094 2.35
      vertex -23.5386 6.66147 2.35
    endloop
  endfacet
  facet normal 0 0 -1
    outer loop
      vertex -25.75 8.59999 2.35
      vertex -23.5386 6.66147 2.35
      vertex -23.55 6.39999 2.35
    endloop
  endfacet
  facet normal -0 0 -1
    outer loop
      vertex -23.55 -6.39999 2.35
      vertex -25.75 -8.59999 2.35
      vertex -23.55 6.39999 2.35
    endloop
  endfacet
  facet normal 0 0 -1
    outer loop
      vertex -25.75 8.59999 2.35
      vertex -23.55 6.39999 2.35
      vertex -25.75 -8.59999 2.35
    endloop
  endfacet
  facet normal 0 0 -1
    outer loop
      vertex -25.5691 -9.62605 2.35
      vertex -22.8481 -8.32835 2.35
      vertex -25.4689 -9.86784 2.35
    endloop
  endfacet
  facet normal 0 0 -1
    outer loop
      vertex -23.1481 7.89999 2.35
      vertex -25.75 8.59999 2.35
      vertex -25.7386 8.86147 2.35
    endloop
  endfacet
  facet normal -0 0 -1
    outer loop
      vertex -22.8481 -8.32835 2.35
      vertex -25.5691 -9.62605 2.35
      vertex -23.0075 -8.12073 2.35
    endloop
  endfacet
  facet normal 0 0 -1
    outer loop
      vertex -22.2707 8.85745 2.35
      vertex -23.7761 11.4191 2.35
      vertex -23.5264 11.4978 2.35
    endloop
  endfacet
  facet normal 0 0 -1
    outer loop
      vertex -25.6478 -9.37645 2.35
      vertex -23.0075 -8.12073 2.35
      vertex -25.5691 -9.62605 2.35
    endloop
  endfacet
  facet normal 0 0 -1
    outer loop
      vertex -22.4784 8.69812 2.35
      vertex -24.0178 11.3189 2.35
      vertex -23.7761 11.4191 2.35
    endloop
  endfacet
  facet normal 0 0 -1
    outer loop
      vertex -25.7044 -9.12094 2.35
      vertex -23.0075 -8.12073 2.35
      vertex -25.6478 -9.37645 2.35
    endloop
  endfacet
  facet normal 0 0 -1
    outer loop
      vertex -22.4784 8.69812 2.35
      vertex -24.25 11.1981 2.35
      vertex -24.0178 11.3189 2.35
    endloop
  endfacet
  facet normal 0 0 -1
    outer loop
      vertex -25.7386 -8.86147 2.35
      vertex -23.0075 -8.12073 2.35
      vertex -25.7044 -9.12094 2.35
    endloop
  endfacet
  facet normal 0 0 -1
    outer loop
      vertex -22.4784 8.69812 2.35
      vertex -24.4707 11.0574 2.35
      vertex -24.25 11.1981 2.35
    endloop
  endfacet
  facet normal -0 0 -1
    outer loop
      vertex -23.0075 -8.12073 2.35
      vertex -25.7386 -8.86147 2.35
      vertex -23.1481 -7.89999 2.35
    endloop
  endfacet
  facet normal 0 0 -1
    outer loop
      vertex -22.6713 8.52132 2.35
      vertex -24.6784 10.8981 2.35
      vertex -24.4707 11.0574 2.35
    endloop
  endfacet
  facet normal 0 0 -1
    outer loop
      vertex -25.75 -8.59999 2.35
      vertex -23.1481 -7.89999 2.35
      vertex -25.7386 -8.86147 2.35
    endloop
  endfacet
  facet normal 0 0 -1
    outer loop
      vertex -22.6713 8.52132 2.35
      vertex -24.8713 10.7213 2.35
      vertex -24.6784 10.8981 2.35
    endloop
  endfacet
  facet normal -0 0 -1
    outer loop
      vertex -23.1481 -7.89999 2.35
      vertex -25.75 -8.59999 2.35
      vertex -23.2689 -7.66785 2.35
    endloop
  endfacet
  facet normal 0 0 -1
    outer loop
      vertex -22.6713 8.52132 2.35
      vertex -25.0481 10.5284 2.35
      vertex -24.8713 10.7213 2.35
    endloop
  endfacet
  facet normal -0 0 -1
    outer loop
      vertex -23.2689 -7.66785 2.35
      vertex -25.75 -8.59999 2.35
      vertex -23.3691 -7.42606 2.35
    endloop
  endfacet
  facet normal 0 0 -1
    outer loop
      vertex -22.8481 8.32835 2.35
      vertex -25.2074 10.3207 2.35
      vertex -25.0481 10.5284 2.35
    endloop
  endfacet
  facet normal -0 0 -1
    outer loop
      vertex -23.3691 -7.42606 2.35
      vertex -25.75 -8.59999 2.35
      vertex -23.4478 -7.17645 2.35
    endloop
  endfacet
  facet normal 0 0 -1
    outer loop
      vertex -22.8481 8.32835 2.35
      vertex -25.3481 10.1 2.35
      vertex -25.2074 10.3207 2.35
    endloop
  endfacet
  facet normal -0 0 -1
    outer loop
      vertex -23.4478 -7.17645 2.35
      vertex -25.75 -8.59999 2.35
      vertex -23.5044 -6.92094 2.35
    endloop
  endfacet
  facet normal 0 0 -1
    outer loop
      vertex -22.8481 8.32835 2.35
      vertex -25.4689 9.86784 2.35
      vertex -25.3481 10.1 2.35
    endloop
  endfacet
  facet normal -0 0 -1
    outer loop
      vertex -23.5044 -6.92094 2.35
      vertex -25.75 -8.59999 2.35
      vertex -23.5386 -6.66147 2.35
    endloop
  endfacet
  facet normal 0 0 -1
    outer loop
      vertex -22.8481 8.32835 2.35
      vertex -25.5691 9.62605 2.35
      vertex -25.4689 9.86784 2.35
    endloop
  endfacet
  facet normal -0 0 -1
    outer loop
      vertex -23.5386 -6.66147 2.35
      vertex -25.75 -8.59999 2.35
      vertex -23.55 -6.39999 2.35
    endloop
  endfacet
  facet normal 0 0 -1
    outer loop
      vertex -23.0075 8.12073 2.35
      vertex -25.6478 9.37645 2.35
      vertex -25.5691 9.62605 2.35
    endloop
  endfacet
  facet normal 0 0 -1
    outer loop
      vertex -23.0075 8.12073 2.35
      vertex -25.7044 9.12094 2.35
      vertex -25.6478 9.37645 2.35
    endloop
  endfacet
  facet normal 0 0 -1
    outer loop
      vertex -23.0075 8.12073 2.35
      vertex -25.7386 8.86147 2.35
      vertex -25.7044 9.12094 2.35
    endloop
  endfacet
  facet normal 0 0 1
    outer loop
      vertex 20.05 10.0963 5.05
      vertex 20.45 8.59999 5.05
      vertex 20.4386 8.86147 5.05
    endloop
  endfacet
  facet normal 0 0 1
    outer loop
      vertex 20.45 8.59999 5.05
      vertex 20.05 10.0963 5.05
      vertex 20.45 -8.59999 5.05
    endloop
  endfacet
  facet normal 0 0 1
    outer loop
      vertex 20.05 10.0963 5.05
      vertex 20.4386 8.86147 5.05
      vertex 20.4044 9.12094 5.05
    endloop
  endfacet
  facet normal 0 0 1
    outer loop
      vertex 20.05 -10.0963 5.05
      vertex 20.45 -8.59999 5.05
      vertex 20.05 10.0963 5.05
    endloop
  endfacet
  facet normal 0 0 1
    outer loop
      vertex 20.05 10.0963 5.05
      vertex 20.4044 9.12094 5.05
      vertex 20.3478 9.37645 5.05
    endloop
  endfacet
  facet normal 0 0 1
    outer loop
      vertex 20.45 -8.59999 5.05
      vertex 20.05 -10.0963 5.05
      vertex 20.4386 -8.86147 5.05
    endloop
  endfacet
  facet normal 0 0 1
    outer loop
      vertex 20.05 10.0963 5.05
      vertex 20.3478 9.37645 5.05
      vertex 20.2691 9.62605 5.05
    endloop
  endfacet
  facet normal 0 0 1
    outer loop
      vertex 20.4386 -8.86147 5.05
      vertex 20.05 -10.0963 5.05
      vertex 20.4044 -9.12094 5.05
    endloop
  endfacet
  facet normal 0 0 1
    outer loop
      vertex 20.05 10.0963 5.05
      vertex 20.2691 9.62605 5.05
      vertex 20.1689 9.86784 5.05
    endloop
  endfacet
  facet normal 0 0 1
    outer loop
      vertex 20.4044 -9.12094 5.05
      vertex 20.05 -10.0963 5.05
      vertex 20.3478 -9.37645 5.05
    endloop
  endfacet
  facet normal 0 0 1
    outer loop
      vertex 20.3478 -9.37645 5.05
      vertex 20.05 -10.0963 5.05
      vertex 20.2691 -9.62605 5.05
    endloop
  endfacet
  facet normal 0 0 1
    outer loop
      vertex 20.2691 -9.62605 5.05
      vertex 20.05 -10.0963 5.05
      vertex 20.1689 -9.86784 5.05
    endloop
  endfacet
  facet normal -0 0 1
    outer loop
      vertex -22.75 11.6 5.05
      vertex -21.5338 11.5853 5.05
      vertex -21.4983 11.6 5.05
    endloop
  endfacet
  facet normal 0 0 1
    outer loop
      vertex -22.75 11.6 5.05
      vertex -22.0606 11.3255 5.05
      vertex -21.5338 11.5853 5.05
    endloop
  endfacet
  facet normal 0 0 1
    outer loop
      vertex -22.75 11.6 5.05
      vertex -22.6952 10.9952 5.05
      vertex -22.0606 11.3255 5.05
    endloop
  endfacet
  facet normal -0 0 1
    outer loop
      vertex -23.0115 11.5886 5.05
      vertex -22.6952 10.9952 5.05
      vertex -22.75 11.6 5.05
    endloop
  endfacet
  facet normal -0 0 1
    outer loop
      vertex -23.2709 11.5544 5.05
      vertex -22.6952 10.9952 5.05
      vertex -23.0115 11.5886 5.05
    endloop
  endfacet
  facet normal 0 0 1
    outer loop
      vertex -23.2709 11.5544 5.05
      vertex -23.2985 10.6108 5.05
      vertex -22.6952 10.9952 5.05
    endloop
  endfacet
  facet normal -0 0 1
    outer loop
      vertex -23.5264 11.4978 5.05
      vertex -23.2985 10.6108 5.05
      vertex -23.2709 11.5544 5.05
    endloop
  endfacet
  facet normal -0 0 1
    outer loop
      vertex -23.7761 11.4191 5.05
      vertex -23.2985 10.6108 5.05
      vertex -23.5264 11.4978 5.05
    endloop
  endfacet
  facet normal -0 0 1
    outer loop
      vertex -24.0178 11.3189 5.05
      vertex -23.2985 10.6108 5.05
      vertex -23.7761 11.4191 5.05
    endloop
  endfacet
  facet normal 0 0 1
    outer loop
      vertex -23.2985 10.6108 5.05
      vertex -24.0178 11.3189 5.05
      vertex -23.7869 10.2845 5.05
    endloop
  endfacet
  facet normal -0 0 1
    outer loop
      vertex -24.25 11.1981 5.05
      vertex -23.7869 10.2845 5.05
      vertex -24.0178 11.3189 5.05
    endloop
  endfacet
  facet normal -0 0 1
    outer loop
      vertex -24.4707 11.0574 5.05
      vertex -23.7869 10.2845 5.05
      vertex -24.25 11.1981 5.05
    endloop
  endfacet
  facet normal -0 0 1
    outer loop
      vertex -24.6784 10.8981 5.05
      vertex -23.7869 10.2845 5.05
      vertex -24.4707 11.0574 5.05
    endloop
  endfacet
  facet normal 0 0 1
    outer loop
      vertex -23.7869 10.2845 5.05
      vertex -24.6784 10.8981 5.05
      vertex -24.3544 9.84901 5.05
    endloop
  endfacet
  facet normal -0 0 1
    outer loop
      vertex -24.8713 10.7213 5.05
      vertex -24.3544 9.84901 5.05
      vertex -24.6784 10.8981 5.05
    endloop
  endfacet
  facet normal -0 0 1
    outer loop
      vertex -25.0481 10.5284 5.05
      vertex -24.3544 9.84901 5.05
      vertex -24.8713 10.7213 5.05
    endloop
  endfacet
  facet normal -0 0 1
    outer loop
      vertex -25.2074 10.3207 5.05
      vertex -24.3544 9.84901 5.05
      vertex -25.0481 10.5284 5.05
    endloop
  endfacet
  facet normal 0 0 1
    outer loop
      vertex -24.3544 9.84901 5.05
      vertex -25.2074 10.3207 5.05
      vertex -24.796 9.46173 5.05
    endloop
  endfacet
  facet normal -0 0 1
    outer loop
      vertex -25.3481 10.1 5.05
      vertex -24.796 9.46173 5.05
      vertex -25.2074 10.3207 5.05
    endloop
  endfacet
  facet normal -0 0 1
    outer loop
      vertex -25.4689 9.86784 5.05
      vertex -24.796 9.46173 5.05
      vertex -25.3481 10.1 5.05
    endloop
  endfacet
  facet normal -0 0 1
    outer loop
      vertex -25.5691 9.62605 5.05
      vertex -24.796 9.46173 5.05
      vertex -25.4689 9.86784 5.05
    endloop
  endfacet
  facet normal 0 0 1
    outer loop
      vertex -24.796 9.46173 5.05
      vertex -25.5691 9.62605 5.05
      vertex -25.3234 8.97844 5.05
    endloop
  endfacet
  facet normal -0 0 1
    outer loop
      vertex -25.6478 9.37645 5.05
      vertex -25.3234 8.97844 5.05
      vertex -25.5691 9.62605 5.05
    endloop
  endfacet
  facet normal -0 0 1
    outer loop
      vertex -25.7044 9.12094 5.05
      vertex -25.3234 8.97844 5.05
      vertex -25.6478 9.37645 5.05
    endloop
  endfacet
  facet normal 0 0 1
    outer loop
      vertex -25.7386 8.86147 5.05
      vertex -25.3234 8.97844 5.05
      vertex -25.7044 9.12094 5.05
    endloop
  endfacet
  facet normal 0 0 1
    outer loop
      vertex -25.75 8.59999 5.05
      vertex -25.3234 8.97844 5.05
      vertex -25.7386 8.86147 5.05
    endloop
  endfacet
  facet normal 0 0 1
    outer loop
      vertex -25.3234 8.97844 5.05
      vertex -25.75 8.59999 5.05
      vertex -25.75 8.51293 5.05
    endloop
  endfacet
  facet normal 0 0 1
    outer loop
      vertex -21.5338 -11.5853 5.05
      vertex -22.75 -11.6 5.05
      vertex -21.4983 -11.6 5.05
    endloop
  endfacet
  facet normal 0 0 1
    outer loop
      vertex -22.0606 -11.3255 5.05
      vertex -22.75 -11.6 5.05
      vertex -21.5338 -11.5853 5.05
    endloop
  endfacet
  facet normal 0 0 1
    outer loop
      vertex -22.6952 -10.9952 5.05
      vertex -22.75 -11.6 5.05
      vertex -22.0606 -11.3255 5.05
    endloop
  endfacet
  facet normal 0 0 1
    outer loop
      vertex -22.6952 -10.9952 5.05
      vertex -23.0115 -11.5886 5.05
      vertex -22.75 -11.6 5.05
    endloop
  endfacet
  facet normal 0 0 1
    outer loop
      vertex -22.6952 -10.9952 5.05
      vertex -23.2709 -11.5544 5.05
      vertex -23.0115 -11.5886 5.05
    endloop
  endfacet
  facet normal 0 0 1
    outer loop
      vertex -23.2985 -10.6108 5.05
      vertex -23.2709 -11.5544 5.05
      vertex -22.6952 -10.9952 5.05
    endloop
  endfacet
  facet normal 0 0 1
    outer loop
      vertex -23.2985 -10.6108 5.05
      vertex -23.5264 -11.4978 5.05
      vertex -23.2709 -11.5544 5.05
    endloop
  endfacet
  facet normal 0 0 1
    outer loop
      vertex -23.2985 -10.6108 5.05
      vertex -23.7761 -11.4191 5.05
      vertex -23.5264 -11.4978 5.05
    endloop
  endfacet
  facet normal 0 0 1
    outer loop
      vertex -24.0178 -11.3189 5.05
      vertex -23.2985 -10.6108 5.05
      vertex -23.7869 -10.2845 5.05
    endloop
  endfacet
  facet normal 0 0 1
    outer loop
      vertex -23.2985 -10.6108 5.05
      vertex -24.0178 -11.3189 5.05
      vertex -23.7761 -11.4191 5.05
    endloop
  endfacet
  facet normal 0 0 1
    outer loop
      vertex -23.7869 -10.2845 5.05
      vertex -24.25 -11.1981 5.05
      vertex -24.0178 -11.3189 5.05
    endloop
  endfacet
  facet normal 0 0 1
    outer loop
      vertex -24.6784 -10.8981 5.05
      vertex -23.7869 -10.2845 5.05
      vertex -24.3544 -9.84901 5.05
    endloop
  endfacet
  facet normal 0 0 1
    outer loop
      vertex -23.7869 -10.2845 5.05
      vertex -24.4707 -11.0574 5.05
      vertex -24.25 -11.1981 5.05
    endloop
  endfacet
  facet normal 0 0 1
    outer loop
      vertex -23.7869 -10.2845 5.05
      vertex -24.6784 -10.8981 5.05
      vertex -24.4707 -11.0574 5.05
    endloop
  endfacet
  facet normal 0 0 1
    outer loop
      vertex -25.2074 -10.3207 5.05
      vertex -24.3544 -9.84901 5.05
      vertex -24.796 -9.46173 5.05
    endloop
  endfacet
  facet normal 0 0 1
    outer loop
      vertex -24.3544 -9.84901 5.05
      vertex -24.8713 -10.7213 5.05
      vertex -24.6784 -10.8981 5.05
    endloop
  endfacet
  facet normal 0 0 1
    outer loop
      vertex -24.3544 -9.84901 5.05
      vertex -25.0481 -10.5284 5.05
      vertex -24.8713 -10.7213 5.05
    endloop
  endfacet
  facet normal 0 0 1
    outer loop
      vertex -24.3544 -9.84901 5.05
      vertex -25.2074 -10.3207 5.05
      vertex -25.0481 -10.5284 5.05
    endloop
  endfacet
  facet normal 0 0 1
    outer loop
      vertex -25.5691 -9.62605 5.05
      vertex -24.796 -9.46173 5.05
      vertex -25.3234 -8.97844 5.05
    endloop
  endfacet
  facet normal 0 0 1
    outer loop
      vertex -24.796 -9.46173 5.05
      vertex -25.3481 -10.1 5.05
      vertex -25.2074 -10.3207 5.05
    endloop
  endfacet
  facet normal 0 0 1
    outer loop
      vertex -24.796 -9.46173 5.05
      vertex -25.4689 -9.86784 5.05
      vertex -25.3481 -10.1 5.05
    endloop
  endfacet
  facet normal 0 0 1
    outer loop
      vertex -24.796 -9.46173 5.05
      vertex -25.5691 -9.62605 5.05
      vertex -25.4689 -9.86784 5.05
    endloop
  endfacet
  facet normal 0 0 1
    outer loop
      vertex -25.3234 -8.97844 5.05
      vertex -25.6478 -9.37645 5.05
      vertex -25.5691 -9.62605 5.05
    endloop
  endfacet
  facet normal 0 0 1
    outer loop
      vertex -25.3234 -8.97844 5.05
      vertex -25.7044 -9.12094 5.05
      vertex -25.6478 -9.37645 5.05
    endloop
  endfacet
  facet normal 0 0 1
    outer loop
      vertex -25.3234 -8.97844 5.05
      vertex -25.7386 -8.86147 5.05
      vertex -25.7044 -9.12094 5.05
    endloop
  endfacet
  facet normal -0 0 1
    outer loop
      vertex -25.75 -8.59999 5.05
      vertex -25.3234 -8.97844 5.05
      vertex -25.75 -8.51293 5.05
    endloop
  endfacet
  facet normal 0 0 1
    outer loop
      vertex -25.3234 -8.97844 5.05
      vertex -25.75 -8.59999 5.05
      vertex -25.7386 -8.86147 5.05
    endloop
  endfacet
  facet normal 0.130712 -0.99142 0
    outer loop
      vertex 17.7115 -11.5886 2.35
      vertex 17.9709 -11.5544 4.95
      vertex 17.7115 -11.5886 4.95
    endloop
  endfacet
  facet normal 0.130712 -0.99142 0
    outer loop
      vertex 17.9709 -11.5544 4.95
      vertex 17.7115 -11.5886 2.35
      vertex 17.9709 -11.5544 2.35
    endloop
  endfacet
  facet normal 0.216283 -0.976331 0
    outer loop
      vertex 17.9709 -11.5544 2.35
      vertex 18.2264 -11.4978 4.95
      vertex 17.9709 -11.5544 4.95
    endloop
  endfacet
  facet normal 0.216283 -0.976331 0
    outer loop
      vertex 18.2264 -11.4978 4.95
      vertex 17.9709 -11.5544 2.35
      vertex 18.2264 -11.4978 2.35
    endloop
  endfacet
  facet normal 0.300601 -0.95375 0
    outer loop
      vertex 18.2264 -11.4978 2.35
      vertex 18.4761 -11.4191 4.95
      vertex 18.2264 -11.4978 4.95
    endloop
  endfacet
  facet normal 0.300601 -0.95375 0
    outer loop
      vertex 18.4761 -11.4191 4.95
      vertex 18.2264 -11.4978 2.35
      vertex 18.4761 -11.4191 2.35
    endloop
  endfacet
  facet normal 0.382959 -0.923765 0
    outer loop
      vertex 18.4761 -11.4191 2.35
      vertex 18.7178 -11.3189 4.95
      vertex 18.4761 -11.4191 4.95
    endloop
  endfacet
  facet normal 0.382959 -0.923765 0
    outer loop
      vertex 18.7178 -11.3189 4.95
      vertex 18.4761 -11.4191 2.35
      vertex 18.7178 -11.3189 2.35
    endloop
  endfacet
  facet normal 0.461521 -0.887129 0
    outer loop
      vertex 18.7178 -11.3189 2.35
      vertex 18.95 -11.1981 4.95
      vertex 18.7178 -11.3189 4.95
    endloop
  endfacet
  facet normal 0.461521 -0.887129 0
    outer loop
      vertex 18.95 -11.1981 4.95
      vertex 18.7178 -11.3189 2.35
      vertex 18.95 -11.1981 2.35
    endloop
  endfacet
  facet normal 0.537568 -0.843221 0
    outer loop
      vertex 18.95 -11.1981 2.35
      vertex 19.1707 -11.0574 4.95
      vertex 18.95 -11.1981 4.95
    endloop
  endfacet
  facet normal 0.537568 -0.843221 0
    outer loop
      vertex 19.1707 -11.0574 4.95
      vertex 18.95 -11.1981 2.35
      vertex 19.1707 -11.0574 2.35
    endloop
  endfacet
  facet normal 0.608768 -0.793348 0
    outer loop
      vertex 19.1707 -11.0574 2.35
      vertex 19.3783 -10.8981 4.95
      vertex 19.1707 -11.0574 4.95
    endloop
  endfacet
  facet normal 0.608768 -0.793348 0
    outer loop
      vertex 19.3783 -10.8981 4.95
      vertex 19.1707 -11.0574 2.35
      vertex 19.3783 -10.8981 2.35
    endloop
  endfacet
  facet normal 0.675482 -0.737376 0
    outer loop
      vertex 19.3783 -10.8981 2.35
      vertex 19.5713 -10.7213 4.95
      vertex 19.3783 -10.8981 4.95
    endloop
  endfacet
  facet normal 0.675482 -0.737376 0
    outer loop
      vertex 19.5713 -10.7213 4.95
      vertex 19.3783 -10.8981 2.35
      vertex 19.5713 -10.7213 2.35
    endloop
  endfacet
  facet normal 0.737202 -0.675673 0
    outer loop
      vertex 19.5713 -10.7213 4.95
      vertex 19.7481 -10.5284 2.35
      vertex 19.7481 -10.5284 4.95
    endloop
  endfacet
  facet normal 0.737202 -0.675673 0
    outer loop
      vertex 19.7481 -10.5284 2.35
      vertex 19.5713 -10.7213 4.95
      vertex 19.5713 -10.7213 2.35
    endloop
  endfacet
  facet normal 0.79349 -0.608584 0
    outer loop
      vertex 19.7481 -10.5284 4.95
      vertex 19.9074 -10.3207 2.35
      vertex 19.9074 -10.3207 4.95
    endloop
  endfacet
  facet normal 0.79349 -0.608584 0
    outer loop
      vertex 19.9074 -10.3207 2.35
      vertex 19.7481 -10.5284 4.95
      vertex 19.7481 -10.5284 2.35
    endloop
  endfacet
  facet normal 0.843221 -0.537568 0
    outer loop
      vertex 19.9074 -10.3207 4.95
      vertex 20.0481 -10.1 2.35
      vertex 20.0481 -10.1 4.95
    endloop
  endfacet
  facet normal 0.843221 -0.537568 0
    outer loop
      vertex 20.0481 -10.1 2.35
      vertex 19.9074 -10.3207 4.95
      vertex 19.9074 -10.3207 2.35
    endloop
  endfacet
  facet normal 0.887057 -0.461661 0
    outer loop
      vertex 20.05 -10.0963 4.95
      vertex 20.1689 -9.86784 5.05
      vertex 20.05 -10.0963 5.05
    endloop
  endfacet
  facet normal 0.887057 -0.461661 0
    outer loop
      vertex 20.1689 -9.86784 5.05
      vertex 20.05 -10.0963 4.95
      vertex 20.1689 -9.86784 2.35
    endloop
  endfacet
  facet normal 0.889567 -0.456805 0
    outer loop
      vertex 20.0481 -10.1 2.35
      vertex 20.05 -10.0963 4.95
      vertex 20.0481 -10.1 4.95
    endloop
  endfacet
  facet normal 0.887097 -0.461584 8.6062e-06
    outer loop
      vertex 20.05 -10.0963 4.95
      vertex 20.0481 -10.1 2.35
      vertex 20.1689 -9.86784 2.35
    endloop
  endfacet
  facet normal 0.923816 -0.382838 0
    outer loop
      vertex 20.1689 -9.86784 5.05
      vertex 20.2691 -9.62605 2.35
      vertex 20.2691 -9.62605 5.05
    endloop
  endfacet
  facet normal 0.923816 -0.382838 0
    outer loop
      vertex 20.2691 -9.62605 2.35
      vertex 20.1689 -9.86784 5.05
      vertex 20.1689 -9.86784 2.35
    endloop
  endfacet
  facet normal 0.953715 -0.300711 0
    outer loop
      vertex 20.2691 -9.62605 5.05
      vertex 20.3478 -9.37645 2.35
      vertex 20.3478 -9.37645 5.05
    endloop
  endfacet
  facet normal 0.953715 -0.300711 0
    outer loop
      vertex 20.3478 -9.37645 2.35
      vertex 20.2691 -9.62605 5.05
      vertex 20.2691 -9.62605 2.35
    endloop
  endfacet
  facet normal 0.976332 -0.216275 0
    outer loop
      vertex 20.3478 -9.37645 5.05
      vertex 20.4044 -9.12094 2.35
      vertex 20.4044 -9.12094 5.05
    endloop
  endfacet
  facet normal 0.976332 -0.216275 0
    outer loop
      vertex 20.4044 -9.12094 2.35
      vertex 20.3478 -9.37645 5.05
      vertex 20.3478 -9.37645 2.35
    endloop
  endfacet
  facet normal 0.991425 -0.130677 0
    outer loop
      vertex 20.4044 -9.12094 5.05
      vertex 20.4386 -8.86147 2.35
      vertex 20.4386 -8.86147 5.05
    endloop
  endfacet
  facet normal 0.991425 -0.130677 0
    outer loop
      vertex 20.4386 -8.86147 2.35
      vertex 20.4044 -9.12094 5.05
      vertex 20.4044 -9.12094 2.35
    endloop
  endfacet
  facet normal 0.999051 -0.0435566 0
    outer loop
      vertex 20.4386 -8.86147 5.05
      vertex 20.45 -8.59999 2.35
      vertex 20.45 -8.59999 5.05
    endloop
  endfacet
  facet normal 0.999051 -0.0435566 0
    outer loop
      vertex 20.45 -8.59999 2.35
      vertex 20.4386 -8.86147 5.05
      vertex 20.4386 -8.86147 2.35
    endloop
  endfacet
  facet normal 1 -0 0
    outer loop
      vertex 20.45 -8.59999 5.05
      vertex 20.45 8.59999 2.35
      vertex 20.45 8.59999 5.05
    endloop
  endfacet
  facet normal 1 0 0
    outer loop
      vertex 20.45 8.59999 2.35
      vertex 20.45 -8.59999 5.05
      vertex 20.45 -8.59999 2.35
    endloop
  endfacet
  facet normal 0.999051 0.0435566 0
    outer loop
      vertex 20.45 8.59999 5.05
      vertex 20.4386 8.86147 2.35
      vertex 20.4386 8.86147 5.05
    endloop
  endfacet
  facet normal 0.999051 0.0435566 0
    outer loop
      vertex 20.4386 8.86147 2.35
      vertex 20.45 8.59999 5.05
      vertex 20.45 8.59999 2.35
    endloop
  endfacet
  facet normal 0.991425 0.130677 0
    outer loop
      vertex 20.4386 8.86147 5.05
      vertex 20.4044 9.12094 2.35
      vertex 20.4044 9.12094 5.05
    endloop
  endfacet
  facet normal 0.991425 0.130677 0
    outer loop
      vertex 20.4044 9.12094 2.35
      vertex 20.4386 8.86147 5.05
      vertex 20.4386 8.86147 2.35
    endloop
  endfacet
  facet normal 0.976332 0.216275 0
    outer loop
      vertex 20.4044 9.12094 5.05
      vertex 20.3478 9.37645 2.35
      vertex 20.3478 9.37645 5.05
    endloop
  endfacet
  facet normal 0.976332 0.216275 0
    outer loop
      vertex 20.3478 9.37645 2.35
      vertex 20.4044 9.12094 5.05
      vertex 20.4044 9.12094 2.35
    endloop
  endfacet
  facet normal 0.953715 0.300711 0
    outer loop
      vertex 20.3478 9.37645 5.05
      vertex 20.2691 9.62605 2.35
      vertex 20.2691 9.62605 5.05
    endloop
  endfacet
  facet normal 0.953715 0.300711 0
    outer loop
      vertex 20.2691 9.62605 2.35
      vertex 20.3478 9.37645 5.05
      vertex 20.3478 9.37645 2.35
    endloop
  endfacet
  facet normal 0.923816 0.382838 0
    outer loop
      vertex 20.2691 9.62605 5.05
      vertex 20.1689 9.86784 2.35
      vertex 20.1689 9.86784 5.05
    endloop
  endfacet
  facet normal 0.923816 0.382838 0
    outer loop
      vertex 20.1689 9.86784 2.35
      vertex 20.2691 9.62605 5.05
      vertex 20.2691 9.62605 2.35
    endloop
  endfacet
  facet normal 0.887057 0.461661 0
    outer loop
      vertex 20.05 10.0963 5.05
      vertex 20.1689 9.86784 5.05
      vertex 20.05 10.0963 4.95
    endloop
  endfacet
  facet normal 0.889567 0.456805 0
    outer loop
      vertex 20.05 10.0963 4.95
      vertex 20.0481 10.1 2.35
      vertex 20.0481 10.1 4.95
    endloop
  endfacet
  facet normal 0.887057 0.461661 -0
    outer loop
      vertex 20.1689 9.86784 2.35
      vertex 20.05 10.0963 4.95
      vertex 20.1689 9.86784 5.05
    endloop
  endfacet
  facet normal 0.887097 0.461584 8.6062e-06
    outer loop
      vertex 20.05 10.0963 4.95
      vertex 20.1689 9.86784 2.35
      vertex 20.0481 10.1 2.35
    endloop
  endfacet
  facet normal 0.843221 0.537568 0
    outer loop
      vertex 20.0481 10.1 4.95
      vertex 19.9074 10.3207 2.35
      vertex 19.9074 10.3207 4.95
    endloop
  endfacet
  facet normal 0.843221 0.537568 0
    outer loop
      vertex 19.9074 10.3207 2.35
      vertex 20.0481 10.1 4.95
      vertex 20.0481 10.1 2.35
    endloop
  endfacet
  facet normal 0.79349 0.608584 0
    outer loop
      vertex 19.9074 10.3207 4.95
      vertex 19.7481 10.5284 2.35
      vertex 19.7481 10.5284 4.95
    endloop
  endfacet
  facet normal 0.79349 0.608584 0
    outer loop
      vertex 19.7481 10.5284 2.35
      vertex 19.9074 10.3207 4.95
      vertex 19.9074 10.3207 2.35
    endloop
  endfacet
  facet normal 0.737202 0.675673 0
    outer loop
      vertex 19.7481 10.5284 4.95
      vertex 19.5713 10.7213 2.35
      vertex 19.5713 10.7213 4.95
    endloop
  endfacet
  facet normal 0.737202 0.675673 0
    outer loop
      vertex 19.5713 10.7213 2.35
      vertex 19.7481 10.5284 4.95
      vertex 19.7481 10.5284 2.35
    endloop
  endfacet
  facet normal 0.675482 0.737376 -0
    outer loop
      vertex 19.5713 10.7213 2.35
      vertex 19.3783 10.8981 4.95
      vertex 19.5713 10.7213 4.95
    endloop
  endfacet
  facet normal 0.675482 0.737376 0
    outer loop
      vertex 19.3783 10.8981 4.95
      vertex 19.5713 10.7213 2.35
      vertex 19.3783 10.8981 2.35
    endloop
  endfacet
  facet normal 0.608768 0.793348 -0
    outer loop
      vertex 19.3783 10.8981 2.35
      vertex 19.1707 11.0574 4.95
      vertex 19.3783 10.8981 4.95
    endloop
  endfacet
  facet normal 0.608768 0.793348 0
    outer loop
      vertex 19.1707 11.0574 4.95
      vertex 19.3783 10.8981 2.35
      vertex 19.1707 11.0574 2.35
    endloop
  endfacet
  facet normal 0.537568 0.843221 -0
    outer loop
      vertex 19.1707 11.0574 2.35
      vertex 18.95 11.1981 4.95
      vertex 19.1707 11.0574 4.95
    endloop
  endfacet
  facet normal 0.537568 0.843221 0
    outer loop
      vertex 18.95 11.1981 4.95
      vertex 19.1707 11.0574 2.35
      vertex 18.95 11.1981 2.35
    endloop
  endfacet
  facet normal 0.461521 0.887129 -0
    outer loop
      vertex 18.95 11.1981 2.35
      vertex 18.7178 11.3189 4.95
      vertex 18.95 11.1981 4.95
    endloop
  endfacet
  facet normal 0.461521 0.887129 0
    outer loop
      vertex 18.7178 11.3189 4.95
      vertex 18.95 11.1981 2.35
      vertex 18.7178 11.3189 2.35
    endloop
  endfacet
  facet normal 0.382959 0.923765 -0
    outer loop
      vertex 18.7178 11.3189 2.35
      vertex 18.4761 11.4191 4.95
      vertex 18.7178 11.3189 4.95
    endloop
  endfacet
  facet normal 0.382959 0.923765 0
    outer loop
      vertex 18.4761 11.4191 4.95
      vertex 18.7178 11.3189 2.35
      vertex 18.4761 11.4191 2.35
    endloop
  endfacet
  facet normal 0.300601 0.95375 -0
    outer loop
      vertex 18.4761 11.4191 2.35
      vertex 18.2264 11.4978 4.95
      vertex 18.4761 11.4191 4.95
    endloop
  endfacet
  facet normal 0.300601 0.95375 0
    outer loop
      vertex 18.2264 11.4978 4.95
      vertex 18.4761 11.4191 2.35
      vertex 18.2264 11.4978 2.35
    endloop
  endfacet
  facet normal 0.216283 0.976331 -0
    outer loop
      vertex 18.2264 11.4978 2.35
      vertex 17.9709 11.5544 4.95
      vertex 18.2264 11.4978 4.95
    endloop
  endfacet
  facet normal 0.216283 0.976331 0
    outer loop
      vertex 17.9709 11.5544 4.95
      vertex 18.2264 11.4978 2.35
      vertex 17.9709 11.5544 2.35
    endloop
  endfacet
  facet normal 0.130712 0.99142 -0
    outer loop
      vertex 17.9709 11.5544 2.35
      vertex 17.7115 11.5886 4.95
      vertex 17.9709 11.5544 4.95
    endloop
  endfacet
  facet normal 0.130712 0.99142 0
    outer loop
      vertex 17.7115 11.5886 4.95
      vertex 17.9709 11.5544 2.35
      vertex 17.7115 11.5886 2.35
    endloop
  endfacet
  facet normal 0.0435533 0.999051 -0
    outer loop
      vertex 17.7115 11.5886 2.35
      vertex 17.45 11.6 4.95
      vertex 17.7115 11.5886 4.95
    endloop
  endfacet
  facet normal 0.0435533 0.999051 0
    outer loop
      vertex 17.45 11.6 4.95
      vertex 17.7115 11.5886 2.35
      vertex 17.45 11.6 2.35
    endloop
  endfacet
  facet normal 0 1 0
    outer loop
      vertex 17.45 11.6 4.95
      vertex 17.45 11.6 2.35
      vertex -21.4983 11.6 4.95
    endloop
  endfacet
  facet normal 0 1 -0
    outer loop
      vertex -21.4983 11.6 4.95
      vertex -22.75 11.6 5.05
      vertex -21.4983 11.6 5.05
    endloop
  endfacet
  facet normal 0 1 0
    outer loop
      vertex -21.4983 11.6 4.95
      vertex -22.75 11.6 2.35
      vertex -22.75 11.6 5.05
    endloop
  endfacet
  facet normal 0 1 0
    outer loop
      vertex -22.75 11.6 2.35
      vertex -21.4983 11.6 4.95
      vertex 17.45 11.6 2.35
    endloop
  endfacet
  facet normal -0.0435533 0.999051 0
    outer loop
      vertex -22.75 11.6 2.35
      vertex -23.0115 11.5886 5.05
      vertex -22.75 11.6 5.05
    endloop
  endfacet
  facet normal -0.0435533 0.999051 0
    outer loop
      vertex -23.0115 11.5886 5.05
      vertex -22.75 11.6 2.35
      vertex -23.0115 11.5886 2.35
    endloop
  endfacet
  facet normal -0.130712 0.99142 0
    outer loop
      vertex -23.0115 11.5886 2.35
      vertex -23.2709 11.5544 5.05
      vertex -23.0115 11.5886 5.05
    endloop
  endfacet
  facet normal -0.130712 0.99142 0
    outer loop
      vertex -23.2709 11.5544 5.05
      vertex -23.0115 11.5886 2.35
      vertex -23.2709 11.5544 2.35
    endloop
  endfacet
  facet normal -0.216283 0.976331 0
    outer loop
      vertex -23.2709 11.5544 2.35
      vertex -23.5264 11.4978 5.05
      vertex -23.2709 11.5544 5.05
    endloop
  endfacet
  facet normal -0.216283 0.976331 0
    outer loop
      vertex -23.5264 11.4978 5.05
      vertex -23.2709 11.5544 2.35
      vertex -23.5264 11.4978 2.35
    endloop
  endfacet
  facet normal -0.300601 0.95375 0
    outer loop
      vertex -23.5264 11.4978 2.35
      vertex -23.7761 11.4191 5.05
      vertex -23.5264 11.4978 5.05
    endloop
  endfacet
  facet normal -0.300601 0.95375 0
    outer loop
      vertex -23.7761 11.4191 5.05
      vertex -23.5264 11.4978 2.35
      vertex -23.7761 11.4191 2.35
    endloop
  endfacet
  facet normal -0.382959 0.923765 0
    outer loop
      vertex -23.7761 11.4191 2.35
      vertex -24.0178 11.3189 5.05
      vertex -23.7761 11.4191 5.05
    endloop
  endfacet
  facet normal -0.382959 0.923765 0
    outer loop
      vertex -24.0178 11.3189 5.05
      vertex -23.7761 11.4191 2.35
      vertex -24.0178 11.3189 2.35
    endloop
  endfacet
  facet normal -0.461521 0.887129 0
    outer loop
      vertex -24.0178 11.3189 2.35
      vertex -24.25 11.1981 5.05
      vertex -24.0178 11.3189 5.05
    endloop
  endfacet
  facet normal -0.461521 0.887129 0
    outer loop
      vertex -24.25 11.1981 5.05
      vertex -24.0178 11.3189 2.35
      vertex -24.25 11.1981 2.35
    endloop
  endfacet
  facet normal -0.537568 0.843221 0
    outer loop
      vertex -24.25 11.1981 2.35
      vertex -24.4707 11.0574 5.05
      vertex -24.25 11.1981 5.05
    endloop
  endfacet
  facet normal -0.537568 0.843221 0
    outer loop
      vertex -24.4707 11.0574 5.05
      vertex -24.25 11.1981 2.35
      vertex -24.4707 11.0574 2.35
    endloop
  endfacet
  facet normal -0.608584 0.79349 0
    outer loop
      vertex -24.4707 11.0574 2.35
      vertex -24.6784 10.8981 5.05
      vertex -24.4707 11.0574 5.05
    endloop
  endfacet
  facet normal -0.608584 0.79349 0
    outer loop
      vertex -24.6784 10.8981 5.05
      vertex -24.4707 11.0574 2.35
      vertex -24.6784 10.8981 2.35
    endloop
  endfacet
  facet normal -0.675673 0.737202 0
    outer loop
      vertex -24.6784 10.8981 2.35
      vertex -24.8713 10.7213 5.05
      vertex -24.6784 10.8981 5.05
    endloop
  endfacet
  facet normal -0.675673 0.737202 0
    outer loop
      vertex -24.8713 10.7213 5.05
      vertex -24.6784 10.8981 2.35
      vertex -24.8713 10.7213 2.35
    endloop
  endfacet
  facet normal -0.737202 0.675673 0
    outer loop
      vertex -25.0481 10.5284 2.35
      vertex -24.8713 10.7213 5.05
      vertex -24.8713 10.7213 2.35
    endloop
  endfacet
  facet normal -0.737202 0.675673 0
    outer loop
      vertex -24.8713 10.7213 5.05
      vertex -25.0481 10.5284 2.35
      vertex -25.0481 10.5284 5.05
    endloop
  endfacet
  facet normal -0.79349 0.608584 0
    outer loop
      vertex -25.2074 10.3207 2.35
      vertex -25.0481 10.5284 5.05
      vertex -25.0481 10.5284 2.35
    endloop
  endfacet
  facet normal -0.79349 0.608584 0
    outer loop
      vertex -25.0481 10.5284 5.05
      vertex -25.2074 10.3207 2.35
      vertex -25.2074 10.3207 5.05
    endloop
  endfacet
  facet normal -0.843221 0.537568 0
    outer loop
      vertex -25.3481 10.1 2.35
      vertex -25.2074 10.3207 5.05
      vertex -25.2074 10.3207 2.35
    endloop
  endfacet
  facet normal -0.843221 0.537568 0
    outer loop
      vertex -25.2074 10.3207 5.05
      vertex -25.3481 10.1 2.35
      vertex -25.3481 10.1 5.05
    endloop
  endfacet
  facet normal -0.887097 0.461584 0
    outer loop
      vertex -25.4689 9.86784 2.35
      vertex -25.3481 10.1 5.05
      vertex -25.3481 10.1 2.35
    endloop
  endfacet
  facet normal -0.887097 0.461584 0
    outer loop
      vertex -25.3481 10.1 5.05
      vertex -25.4689 9.86784 2.35
      vertex -25.4689 9.86784 5.05
    endloop
  endfacet
  facet normal -0.923816 0.382838 0
    outer loop
      vertex -25.5691 9.62605 2.35
      vertex -25.4689 9.86784 5.05
      vertex -25.4689 9.86784 2.35
    endloop
  endfacet
  facet normal -0.923816 0.382838 0
    outer loop
      vertex -25.4689 9.86784 5.05
      vertex -25.5691 9.62605 2.35
      vertex -25.5691 9.62605 5.05
    endloop
  endfacet
  facet normal -0.953715 0.300711 0
    outer loop
      vertex -25.6478 9.37645 2.35
      vertex -25.5691 9.62605 5.05
      vertex -25.5691 9.62605 2.35
    endloop
  endfacet
  facet normal -0.953715 0.300711 0
    outer loop
      vertex -25.5691 9.62605 5.05
      vertex -25.6478 9.37645 2.35
      vertex -25.6478 9.37645 5.05
    endloop
  endfacet
  facet normal -0.976332 0.216275 0
    outer loop
      vertex -25.7044 9.12094 2.35
      vertex -25.6478 9.37645 5.05
      vertex -25.6478 9.37645 2.35
    endloop
  endfacet
  facet normal -0.976332 0.216275 0
    outer loop
      vertex -25.6478 9.37645 5.05
      vertex -25.7044 9.12094 2.35
      vertex -25.7044 9.12094 5.05
    endloop
  endfacet
  facet normal -0.991425 0.130677 0
    outer loop
      vertex -25.7386 8.86147 2.35
      vertex -25.7044 9.12094 5.05
      vertex -25.7044 9.12094 2.35
    endloop
  endfacet
  facet normal -0.991425 0.130677 0
    outer loop
      vertex -25.7044 9.12094 5.05
      vertex -25.7386 8.86147 2.35
      vertex -25.7386 8.86147 5.05
    endloop
  endfacet
  facet normal -0.999051 0.0435566 0
    outer loop
      vertex -25.75 8.59999 2.35
      vertex -25.7386 8.86147 5.05
      vertex -25.7386 8.86147 2.35
    endloop
  endfacet
  facet normal -0.999051 0.0435566 0
    outer loop
      vertex -25.7386 8.86147 5.05
      vertex -25.75 8.59999 2.35
      vertex -25.75 8.59999 5.05
    endloop
  endfacet
  facet normal -1 0 0
    outer loop
      vertex -25.75 8.59999 2.35
      vertex -25.75 8.51293 4.95
      vertex -25.75 8.59999 5.05
    endloop
  endfacet
  facet normal -1 0 0
    outer loop
      vertex -25.75 8.59999 2.35
      vertex -25.75 -8.51293 4.95
      vertex -25.75 8.51293 4.95
    endloop
  endfacet
  facet normal -1 0 0
    outer loop
      vertex -25.75 -8.59999 2.35
      vertex -25.75 -8.51293 4.95
      vertex -25.75 8.59999 2.35
    endloop
  endfacet
  facet normal -1 0 0
    outer loop
      vertex -25.75 -8.59999 5.05
      vertex -25.75 -8.51293 4.95
      vertex -25.75 -8.59999 2.35
    endloop
  endfacet
  facet normal -1 0 0
    outer loop
      vertex -25.75 -8.51293 4.95
      vertex -25.75 -8.59999 5.05
      vertex -25.75 -8.51293 5.05
    endloop
  endfacet
  facet normal -1 -0 0
    outer loop
      vertex -25.75 8.59999 5.05
      vertex -25.75 8.51293 4.95
      vertex -25.75 8.51293 5.05
    endloop
  endfacet
  facet normal -0.999051 -0.0435566 0
    outer loop
      vertex -25.7386 -8.86147 2.35
      vertex -25.75 -8.59999 5.05
      vertex -25.75 -8.59999 2.35
    endloop
  endfacet
  facet normal -0.999051 -0.0435566 0
    outer loop
      vertex -25.75 -8.59999 5.05
      vertex -25.7386 -8.86147 2.35
      vertex -25.7386 -8.86147 5.05
    endloop
  endfacet
  facet normal -0.991425 -0.130677 0
    outer loop
      vertex -25.7044 -9.12094 2.35
      vertex -25.7386 -8.86147 5.05
      vertex -25.7386 -8.86147 2.35
    endloop
  endfacet
  facet normal -0.991425 -0.130677 0
    outer loop
      vertex -25.7386 -8.86147 5.05
      vertex -25.7044 -9.12094 2.35
      vertex -25.7044 -9.12094 5.05
    endloop
  endfacet
  facet normal -0.976332 -0.216275 0
    outer loop
      vertex -25.6478 -9.37645 2.35
      vertex -25.7044 -9.12094 5.05
      vertex -25.7044 -9.12094 2.35
    endloop
  endfacet
  facet normal -0.976332 -0.216275 0
    outer loop
      vertex -25.7044 -9.12094 5.05
      vertex -25.6478 -9.37645 2.35
      vertex -25.6478 -9.37645 5.05
    endloop
  endfacet
  facet normal -0.953715 -0.300711 0
    outer loop
      vertex -25.5691 -9.62605 2.35
      vertex -25.6478 -9.37645 5.05
      vertex -25.6478 -9.37645 2.35
    endloop
  endfacet
  facet normal -0.953715 -0.300711 0
    outer loop
      vertex -25.6478 -9.37645 5.05
      vertex -25.5691 -9.62605 2.35
      vertex -25.5691 -9.62605 5.05
    endloop
  endfacet
  facet normal -0.923816 -0.382838 0
    outer loop
      vertex -25.4689 -9.86784 2.35
      vertex -25.5691 -9.62605 5.05
      vertex -25.5691 -9.62605 2.35
    endloop
  endfacet
  facet normal -0.923816 -0.382838 0
    outer loop
      vertex -25.5691 -9.62605 5.05
      vertex -25.4689 -9.86784 2.35
      vertex -25.4689 -9.86784 5.05
    endloop
  endfacet
  facet normal -0.887097 -0.461584 0
    outer loop
      vertex -25.3481 -10.1 2.35
      vertex -25.4689 -9.86784 5.05
      vertex -25.4689 -9.86784 2.35
    endloop
  endfacet
  facet normal -0.887097 -0.461584 0
    outer loop
      vertex -25.4689 -9.86784 5.05
      vertex -25.3481 -10.1 2.35
      vertex -25.3481 -10.1 5.05
    endloop
  endfacet
  facet normal -0.843221 -0.537568 0
    outer loop
      vertex -25.2074 -10.3207 2.35
      vertex -25.3481 -10.1 5.05
      vertex -25.3481 -10.1 2.35
    endloop
  endfacet
  facet normal -0.843221 -0.537568 0
    outer loop
      vertex -25.3481 -10.1 5.05
      vertex -25.2074 -10.3207 2.35
      vertex -25.2074 -10.3207 5.05
    endloop
  endfacet
  facet normal -0.79349 -0.608584 0
    outer loop
      vertex -25.0481 -10.5284 2.35
      vertex -25.2074 -10.3207 5.05
      vertex -25.2074 -10.3207 2.35
    endloop
  endfacet
  facet normal -0.79349 -0.608584 0
    outer loop
      vertex -25.2074 -10.3207 5.05
      vertex -25.0481 -10.5284 2.35
      vertex -25.0481 -10.5284 5.05
    endloop
  endfacet
  facet normal -0.737202 -0.675673 0
    outer loop
      vertex -24.8713 -10.7213 2.35
      vertex -25.0481 -10.5284 5.05
      vertex -25.0481 -10.5284 2.35
    endloop
  endfacet
  facet normal -0.737202 -0.675673 0
    outer loop
      vertex -25.0481 -10.5284 5.05
      vertex -24.8713 -10.7213 2.35
      vertex -24.8713 -10.7213 5.05
    endloop
  endfacet
  facet normal -0.675673 -0.737202 0
    outer loop
      vertex -24.8713 -10.7213 2.35
      vertex -24.6784 -10.8981 5.05
      vertex -24.8713 -10.7213 5.05
    endloop
  endfacet
  facet normal -0.675673 -0.737202 -0
    outer loop
      vertex -24.6784 -10.8981 5.05
      vertex -24.8713 -10.7213 2.35
      vertex -24.6784 -10.8981 2.35
    endloop
  endfacet
  facet normal -0.608584 -0.79349 0
    outer loop
      vertex -24.6784 -10.8981 2.35
      vertex -24.4707 -11.0574 5.05
      vertex -24.6784 -10.8981 5.05
    endloop
  endfacet
  facet normal -0.608584 -0.79349 -0
    outer loop
      vertex -24.4707 -11.0574 5.05
      vertex -24.6784 -10.8981 2.35
      vertex -24.4707 -11.0574 2.35
    endloop
  endfacet
  facet normal -0.537568 -0.843221 0
    outer loop
      vertex -24.4707 -11.0574 2.35
      vertex -24.25 -11.1981 5.05
      vertex -24.4707 -11.0574 5.05
    endloop
  endfacet
  facet normal -0.537568 -0.843221 -0
    outer loop
      vertex -24.25 -11.1981 5.05
      vertex -24.4707 -11.0574 2.35
      vertex -24.25 -11.1981 2.35
    endloop
  endfacet
  facet normal -0.461521 -0.887129 0
    outer loop
      vertex -24.25 -11.1981 2.35
      vertex -24.0178 -11.3189 5.05
      vertex -24.25 -11.1981 5.05
    endloop
  endfacet
  facet normal -0.461521 -0.887129 -0
    outer loop
      vertex -24.0178 -11.3189 5.05
      vertex -24.25 -11.1981 2.35
      vertex -24.0178 -11.3189 2.35
    endloop
  endfacet
  facet normal -0.382959 -0.923765 0
    outer loop
      vertex -24.0178 -11.3189 2.35
      vertex -23.7761 -11.4191 5.05
      vertex -24.0178 -11.3189 5.05
    endloop
  endfacet
  facet normal -0.382959 -0.923765 -0
    outer loop
      vertex -23.7761 -11.4191 5.05
      vertex -24.0178 -11.3189 2.35
      vertex -23.7761 -11.4191 2.35
    endloop
  endfacet
  facet normal -0.300601 -0.95375 0
    outer loop
      vertex -23.7761 -11.4191 2.35
      vertex -23.5264 -11.4978 5.05
      vertex -23.7761 -11.4191 5.05
    endloop
  endfacet
  facet normal -0.300601 -0.95375 -0
    outer loop
      vertex -23.5264 -11.4978 5.05
      vertex -23.7761 -11.4191 2.35
      vertex -23.5264 -11.4978 2.35
    endloop
  endfacet
  facet normal -0.216283 -0.976331 0
    outer loop
      vertex -23.5264 -11.4978 2.35
      vertex -23.2709 -11.5544 5.05
      vertex -23.5264 -11.4978 5.05
    endloop
  endfacet
  facet normal -0.216283 -0.976331 -0
    outer loop
      vertex -23.2709 -11.5544 5.05
      vertex -23.5264 -11.4978 2.35
      vertex -23.2709 -11.5544 2.35
    endloop
  endfacet
  facet normal -0.130712 -0.99142 0
    outer loop
      vertex -23.2709 -11.5544 2.35
      vertex -23.0115 -11.5886 5.05
      vertex -23.2709 -11.5544 5.05
    endloop
  endfacet
  facet normal -0.130712 -0.99142 -0
    outer loop
      vertex -23.0115 -11.5886 5.05
      vertex -23.2709 -11.5544 2.35
      vertex -23.0115 -11.5886 2.35
    endloop
  endfacet
  facet normal -0.0435533 -0.999051 0
    outer loop
      vertex -23.0115 -11.5886 2.35
      vertex -22.75 -11.6 5.05
      vertex -23.0115 -11.5886 5.05
    endloop
  endfacet
  facet normal -0.0435533 -0.999051 -0
    outer loop
      vertex -22.75 -11.6 5.05
      vertex -23.0115 -11.5886 2.35
      vertex -22.75 -11.6 2.35
    endloop
  endfacet
  facet normal 0 -1 0
    outer loop
      vertex -22.75 -11.6 5.05
      vertex -21.4983 -11.6 4.95
      vertex -21.4983 -11.6 5.05
    endloop
  endfacet
  facet normal 0 -1 0
    outer loop
      vertex -22.75 -11.6 2.35
      vertex -21.4983 -11.6 4.95
      vertex -22.75 -11.6 5.05
    endloop
  endfacet
  facet normal 0 -1 0
    outer loop
      vertex 17.45 -11.6 2.35
      vertex -21.4983 -11.6 4.95
      vertex -22.75 -11.6 2.35
    endloop
  endfacet
  facet normal 0 -1 0
    outer loop
      vertex -21.4983 -11.6 4.95
      vertex 17.45 -11.6 2.35
      vertex 17.45 -11.6 4.95
    endloop
  endfacet
  facet normal 0.0435533 -0.999051 0
    outer loop
      vertex 17.45 -11.6 2.35
      vertex 17.7115 -11.5886 4.95
      vertex 17.45 -11.6 4.95
    endloop
  endfacet
  facet normal 0.0435533 -0.999051 0
    outer loop
      vertex 17.7115 -11.5886 4.95
      vertex 17.45 -11.6 2.35
      vertex 17.7115 -11.5886 2.35
    endloop
  endfacet
  facet normal 0.0435914 0.999049 -0
    outer loop
      vertex -20.55 -9.39999 2.35
      vertex -20.8115 -9.38858 4.95
      vertex -20.55 -9.39999 4.95
    endloop
  endfacet
  facet normal 0.0435914 0.999049 0
    outer loop
      vertex -20.8115 -9.38858 4.95
      vertex -20.55 -9.39999 2.35
      vertex -20.8115 -9.38858 2.35
    endloop
  endfacet
  facet normal 0.130561 0.99144 -0
    outer loop
      vertex -20.8115 -9.38858 2.35
      vertex -21.0709 -9.35442 4.95
      vertex -20.8115 -9.38858 4.95
    endloop
  endfacet
  facet normal 0.130561 0.99144 0
    outer loop
      vertex -21.0709 -9.35442 4.95
      vertex -20.8115 -9.38858 2.35
      vertex -21.0709 -9.35442 2.35
    endloop
  endfacet
  facet normal 0.216348 0.976316 -0
    outer loop
      vertex -21.0709 -9.35442 2.35
      vertex -21.3265 -9.29778 4.95
      vertex -21.0709 -9.35442 4.95
    endloop
  endfacet
  facet normal 0.216348 0.976316 0
    outer loop
      vertex -21.3265 -9.29778 4.95
      vertex -21.0709 -9.35442 2.35
      vertex -21.3265 -9.29778 2.35
    endloop
  endfacet
  facet normal 0.300745 0.953704 -0
    outer loop
      vertex -21.3265 -9.29778 2.35
      vertex -21.5761 -9.21907 4.95
      vertex -21.3265 -9.29778 4.95
    endloop
  endfacet
  facet normal 0.300745 0.953704 0
    outer loop
      vertex -21.5761 -9.21907 4.95
      vertex -21.3265 -9.29778 2.35
      vertex -21.5761 -9.21907 2.35
    endloop
  endfacet
  facet normal 0.382829 0.923819 -0
    outer loop
      vertex -21.5761 -9.21907 2.35
      vertex -21.8178 -9.11891 4.95
      vertex -21.5761 -9.21907 4.95
    endloop
  endfacet
  facet normal 0.382829 0.923819 0
    outer loop
      vertex -21.8178 -9.11891 4.95
      vertex -21.5761 -9.21907 2.35
      vertex -21.8178 -9.11891 2.35
    endloop
  endfacet
  facet normal 0.461611 0.887082 -0
    outer loop
      vertex -21.8178 -9.11891 2.35
      vertex -22.05 -8.99808 4.95
      vertex -21.8178 -9.11891 4.95
    endloop
  endfacet
  facet normal 0.461611 0.887082 0
    outer loop
      vertex -22.05 -8.99808 4.95
      vertex -21.8178 -9.11891 2.35
      vertex -22.05 -8.99808 2.35
    endloop
  endfacet
  facet normal 0.537377 0.843342 -0
    outer loop
      vertex -22.05 -8.99808 2.35
      vertex -22.2707 -8.85745 4.95
      vertex -22.05 -8.99808 4.95
    endloop
  endfacet
  facet normal 0.537377 0.843342 0
    outer loop
      vertex -22.2707 -8.85745 4.95
      vertex -22.05 -8.99808 2.35
      vertex -22.2707 -8.85745 2.35
    endloop
  endfacet
  facet normal 0.608656 0.793434 -0
    outer loop
      vertex -22.2707 -8.85745 2.35
      vertex -22.4784 -8.69812 4.95
      vertex -22.2707 -8.85745 4.95
    endloop
  endfacet
  facet normal 0.608656 0.793434 0
    outer loop
      vertex -22.4784 -8.69812 4.95
      vertex -22.2707 -8.85745 2.35
      vertex -22.4784 -8.69812 2.35
    endloop
  endfacet
  facet normal 0.675673 0.737202 -0
    outer loop
      vertex -22.4784 -8.69812 2.35
      vertex -22.6713 -8.52132 4.95
      vertex -22.4784 -8.69812 4.95
    endloop
  endfacet
  facet normal 0.675673 0.737202 0
    outer loop
      vertex -22.6713 -8.52132 4.95
      vertex -22.4784 -8.69812 2.35
      vertex -22.6713 -8.52132 2.35
    endloop
  endfacet
  facet normal 0.737324 0.675539 0
    outer loop
      vertex -22.6713 -8.52132 4.95
      vertex -22.8481 -8.32835 2.35
      vertex -22.8481 -8.32835 4.95
    endloop
  endfacet
  facet normal 0.737324 0.675539 0
    outer loop
      vertex -22.8481 -8.32835 2.35
      vertex -22.6713 -8.52132 4.95
      vertex -22.6713 -8.52132 2.35
    endloop
  endfacet
  facet normal 0.793192 0.608972 0
    outer loop
      vertex -22.8481 -8.32835 4.95
      vertex -23.0075 -8.12073 2.35
      vertex -23.0075 -8.12073 4.95
    endloop
  endfacet
  facet normal 0.793192 0.608972 0
    outer loop
      vertex -23.0075 -8.12073 2.35
      vertex -22.8481 -8.32835 4.95
      vertex -22.8481 -8.32835 2.35
    endloop
  endfacet
  facet normal 0.843438 0.537227 0
    outer loop
      vertex -23.0075 -8.12073 4.95
      vertex -23.1481 -7.89999 2.35
      vertex -23.1481 -7.89999 4.95
    endloop
  endfacet
  facet normal 0.843438 0.537227 0
    outer loop
      vertex -23.1481 -7.89999 2.35
      vertex -23.0075 -8.12073 4.95
      vertex -23.0075 -8.12073 2.35
    endloop
  endfacet
  facet normal 0.88708 0.461615 0
    outer loop
      vertex -23.1481 -7.89999 4.95
      vertex -23.2689 -7.66785 2.35
      vertex -23.2689 -7.66785 4.95
    endloop
  endfacet
  facet normal 0.88708 0.461615 0
    outer loop
      vertex -23.2689 -7.66785 2.35
      vertex -23.1481 -7.89999 4.95
      vertex -23.1481 -7.89999 2.35
    endloop
  endfacet
  facet normal 0.923816 0.382838 0
    outer loop
      vertex -23.2689 -7.66785 4.95
      vertex -23.3691 -7.42606 2.35
      vertex -23.3691 -7.42606 4.95
    endloop
  endfacet
  facet normal 0.923816 0.382838 0
    outer loop
      vertex -23.3691 -7.42606 2.35
      vertex -23.2689 -7.66785 4.95
      vertex -23.2689 -7.66785 2.35
    endloop
  endfacet
  facet normal 0.953719 0.3007 0
    outer loop
      vertex -23.3691 -7.42606 4.95
      vertex -23.4478 -7.17645 2.35
      vertex -23.4478 -7.17645 4.95
    endloop
  endfacet
  facet normal 0.953719 0.3007 0
    outer loop
      vertex -23.4478 -7.17645 2.35
      vertex -23.3691 -7.42606 4.95
      vertex -23.3691 -7.42606 2.35
    endloop
  endfacet
  facet normal 0.976332 0.216275 0
    outer loop
      vertex -23.4478 -7.17645 4.95
      vertex -23.5044 -6.92094 2.35
      vertex -23.5044 -6.92094 4.95
    endloop
  endfacet
  facet normal 0.976332 0.216275 0
    outer loop
      vertex -23.5044 -6.92094 2.35
      vertex -23.4478 -7.17645 4.95
      vertex -23.4478 -7.17645 2.35
    endloop
  endfacet
  facet normal 0.991425 0.130677 0
    outer loop
      vertex -23.5044 -6.92094 4.95
      vertex -23.5386 -6.66147 2.35
      vertex -23.5386 -6.66147 4.95
    endloop
  endfacet
  facet normal 0.991425 0.130677 0
    outer loop
      vertex -23.5386 -6.66147 2.35
      vertex -23.5044 -6.92094 4.95
      vertex -23.5044 -6.92094 2.35
    endloop
  endfacet
  facet normal 0.999051 0.0435566 0
    outer loop
      vertex -23.5386 -6.66147 4.95
      vertex -23.55 -6.39999 2.35
      vertex -23.55 -6.39999 4.95
    endloop
  endfacet
  facet normal 0.999051 0.0435566 0
    outer loop
      vertex -23.55 -6.39999 2.35
      vertex -23.5386 -6.66147 4.95
      vertex -23.5386 -6.66147 2.35
    endloop
  endfacet
  facet normal 1 -0 0
    outer loop
      vertex -23.55 -6.39999 4.95
      vertex -23.55 6.39999 2.35
      vertex -23.55 6.39999 4.95
    endloop
  endfacet
  facet normal 1 0 0
    outer loop
      vertex -23.55 6.39999 2.35
      vertex -23.55 -6.39999 4.95
      vertex -23.55 -6.39999 2.35
    endloop
  endfacet
  facet normal 0.999051 -0.0435566 0
    outer loop
      vertex -23.55 6.39999 4.95
      vertex -23.5386 6.66147 2.35
      vertex -23.5386 6.66147 4.95
    endloop
  endfacet
  facet normal 0.999051 -0.0435566 0
    outer loop
      vertex -23.5386 6.66147 2.35
      vertex -23.55 6.39999 4.95
      vertex -23.55 6.39999 2.35
    endloop
  endfacet
  facet normal 0.991425 -0.130677 0
    outer loop
      vertex -23.5386 6.66147 4.95
      vertex -23.5044 6.92094 2.35
      vertex -23.5044 6.92094 4.95
    endloop
  endfacet
  facet normal 0.991425 -0.130677 0
    outer loop
      vertex -23.5044 6.92094 2.35
      vertex -23.5386 6.66147 4.95
      vertex -23.5386 6.66147 2.35
    endloop
  endfacet
  facet normal 0.976332 -0.216275 0
    outer loop
      vertex -23.5044 6.92094 4.95
      vertex -23.4478 7.17645 2.35
      vertex -23.4478 7.17645 4.95
    endloop
  endfacet
  facet normal 0.976332 -0.216275 0
    outer loop
      vertex -23.4478 7.17645 2.35
      vertex -23.5044 6.92094 4.95
      vertex -23.5044 6.92094 2.35
    endloop
  endfacet
  facet normal 0.953719 -0.3007 0
    outer loop
      vertex -23.4478 7.17645 4.95
      vertex -23.3691 7.42606 2.35
      vertex -23.3691 7.42606 4.95
    endloop
  endfacet
  facet normal 0.953719 -0.3007 0
    outer loop
      vertex -23.3691 7.42606 2.35
      vertex -23.4478 7.17645 4.95
      vertex -23.4478 7.17645 2.35
    endloop
  endfacet
  facet normal 0.923816 -0.382838 0
    outer loop
      vertex -23.3691 7.42606 4.95
      vertex -23.2689 7.66785 2.35
      vertex -23.2689 7.66785 4.95
    endloop
  endfacet
  facet normal 0.923816 -0.382838 0
    outer loop
      vertex -23.2689 7.66785 2.35
      vertex -23.3691 7.42606 4.95
      vertex -23.3691 7.42606 2.35
    endloop
  endfacet
  facet normal 0.88708 -0.461615 0
    outer loop
      vertex -23.2689 7.66785 4.95
      vertex -23.1481 7.89999 2.35
      vertex -23.1481 7.89999 4.95
    endloop
  endfacet
  facet normal 0.88708 -0.461615 0
    outer loop
      vertex -23.1481 7.89999 2.35
      vertex -23.2689 7.66785 4.95
      vertex -23.2689 7.66785 2.35
    endloop
  endfacet
  facet normal 0.843438 -0.537227 0
    outer loop
      vertex -23.1481 7.89999 4.95
      vertex -23.0075 8.12073 2.35
      vertex -23.0075 8.12073 4.95
    endloop
  endfacet
  facet normal 0.843438 -0.537227 0
    outer loop
      vertex -23.0075 8.12073 2.35
      vertex -23.1481 7.89999 4.95
      vertex -23.1481 7.89999 2.35
    endloop
  endfacet
  facet normal 0.793192 -0.608972 0
    outer loop
      vertex -23.0075 8.12073 4.95
      vertex -22.8481 8.32835 2.35
      vertex -22.8481 8.32835 4.95
    endloop
  endfacet
  facet normal 0.793192 -0.608972 0
    outer loop
      vertex -22.8481 8.32835 2.35
      vertex -23.0075 8.12073 4.95
      vertex -23.0075 8.12073 2.35
    endloop
  endfacet
  facet normal 0.737324 -0.675539 0
    outer loop
      vertex -22.8481 8.32835 4.95
      vertex -22.6713 8.52132 2.35
      vertex -22.6713 8.52132 4.95
    endloop
  endfacet
  facet normal 0.737324 -0.675539 0
    outer loop
      vertex -22.6713 8.52132 2.35
      vertex -22.8481 8.32835 4.95
      vertex -22.8481 8.32835 2.35
    endloop
  endfacet
  facet normal 0.675673 -0.737202 0
    outer loop
      vertex -22.6713 8.52132 2.35
      vertex -22.4784 8.69812 4.95
      vertex -22.6713 8.52132 4.95
    endloop
  endfacet
  facet normal 0.675673 -0.737202 0
    outer loop
      vertex -22.4784 8.69812 4.95
      vertex -22.6713 8.52132 2.35
      vertex -22.4784 8.69812 2.35
    endloop
  endfacet
  facet normal 0.608656 -0.793434 0
    outer loop
      vertex -22.4784 8.69812 2.35
      vertex -22.2707 8.85745 4.95
      vertex -22.4784 8.69812 4.95
    endloop
  endfacet
  facet normal 0.608656 -0.793434 0
    outer loop
      vertex -22.2707 8.85745 4.95
      vertex -22.4784 8.69812 2.35
      vertex -22.2707 8.85745 2.35
    endloop
  endfacet
  facet normal 0.537377 -0.843342 0
    outer loop
      vertex -22.2707 8.85745 2.35
      vertex -22.05 8.99808 4.95
      vertex -22.2707 8.85745 4.95
    endloop
  endfacet
  facet normal 0.537377 -0.843342 0
    outer loop
      vertex -22.05 8.99808 4.95
      vertex -22.2707 8.85745 2.35
      vertex -22.05 8.99808 2.35
    endloop
  endfacet
  facet normal 0.461611 -0.887082 0
    outer loop
      vertex -22.05 8.99808 2.35
      vertex -21.8178 9.11891 4.95
      vertex -22.05 8.99808 4.95
    endloop
  endfacet
  facet normal 0.461611 -0.887082 0
    outer loop
      vertex -21.8178 9.11891 4.95
      vertex -22.05 8.99808 2.35
      vertex -21.8178 9.11891 2.35
    endloop
  endfacet
  facet normal 0.382829 -0.923819 0
    outer loop
      vertex -21.8178 9.11891 2.35
      vertex -21.5761 9.21907 4.95
      vertex -21.8178 9.11891 4.95
    endloop
  endfacet
  facet normal 0.382829 -0.923819 0
    outer loop
      vertex -21.5761 9.21907 4.95
      vertex -21.8178 9.11891 2.35
      vertex -21.5761 9.21907 2.35
    endloop
  endfacet
  facet normal 0.300745 -0.953704 0
    outer loop
      vertex -21.5761 9.21907 2.35
      vertex -21.3265 9.29778 4.95
      vertex -21.5761 9.21907 4.95
    endloop
  endfacet
  facet normal 0.300745 -0.953704 0
    outer loop
      vertex -21.3265 9.29778 4.95
      vertex -21.5761 9.21907 2.35
      vertex -21.3265 9.29778 2.35
    endloop
  endfacet
  facet normal 0.216348 -0.976316 0
    outer loop
      vertex -21.3265 9.29778 2.35
      vertex -21.0709 9.35442 4.95
      vertex -21.3265 9.29778 4.95
    endloop
  endfacet
  facet normal 0.216348 -0.976316 0
    outer loop
      vertex -21.0709 9.35442 4.95
      vertex -21.3265 9.29778 2.35
      vertex -21.0709 9.35442 2.35
    endloop
  endfacet
  facet normal 0.130561 -0.99144 0
    outer loop
      vertex -21.0709 9.35442 2.35
      vertex -20.8115 9.38858 4.95
      vertex -21.0709 9.35442 4.95
    endloop
  endfacet
  facet normal 0.130561 -0.99144 0
    outer loop
      vertex -20.8115 9.38858 4.95
      vertex -21.0709 9.35442 2.35
      vertex -20.8115 9.38858 2.35
    endloop
  endfacet
  facet normal 0.0435914 -0.999049 0
    outer loop
      vertex -20.8115 9.38858 2.35
      vertex -20.55 9.39999 4.95
      vertex -20.8115 9.38858 4.95
    endloop
  endfacet
  facet normal 0.0435914 -0.999049 0
    outer loop
      vertex -20.55 9.39999 4.95
      vertex -20.8115 9.38858 2.35
      vertex -20.55 9.39999 2.35
    endloop
  endfacet
  facet normal 0 -1 0
    outer loop
      vertex -20.55 9.39999 2.35
      vertex 15.25 9.39999 4.95
      vertex -20.55 9.39999 4.95
    endloop
  endfacet
  facet normal 0 -1 -0
    outer loop
      vertex 15.25 9.39999 4.95
      vertex -20.55 9.39999 2.35
      vertex 15.25 9.39999 2.35
    endloop
  endfacet
  facet normal -0.0435914 -0.999049 0
    outer loop
      vertex 15.25 9.39999 2.35
      vertex 15.5115 9.38858 4.95
      vertex 15.25 9.39999 4.95
    endloop
  endfacet
  facet normal -0.0435914 -0.999049 -0
    outer loop
      vertex 15.5115 9.38858 4.95
      vertex 15.25 9.39999 2.35
      vertex 15.5115 9.38858 2.35
    endloop
  endfacet
  facet normal -0.130561 -0.99144 0
    outer loop
      vertex 15.5115 9.38858 2.35
      vertex 15.7709 9.35442 4.95
      vertex 15.5115 9.38858 4.95
    endloop
  endfacet
  facet normal -0.130561 -0.99144 -0
    outer loop
      vertex 15.7709 9.35442 4.95
      vertex 15.5115 9.38858 2.35
      vertex 15.7709 9.35442 2.35
    endloop
  endfacet
  facet normal -0.216348 -0.976316 0
    outer loop
      vertex 15.7709 9.35442 2.35
      vertex 16.0265 9.29778 4.95
      vertex 15.7709 9.35442 4.95
    endloop
  endfacet
  facet normal -0.216348 -0.976316 -0
    outer loop
      vertex 16.0265 9.29778 4.95
      vertex 15.7709 9.35442 2.35
      vertex 16.0265 9.29778 2.35
    endloop
  endfacet
  facet normal -0.300745 -0.953704 0
    outer loop
      vertex 16.0265 9.29778 2.35
      vertex 16.2761 9.21907 4.95
      vertex 16.0265 9.29778 4.95
    endloop
  endfacet
  facet normal -0.300745 -0.953704 -0
    outer loop
      vertex 16.2761 9.21907 4.95
      vertex 16.0265 9.29778 2.35
      vertex 16.2761 9.21907 2.35
    endloop
  endfacet
  facet normal -0.382829 -0.923819 0
    outer loop
      vertex 16.2761 9.21907 2.35
      vertex 16.5178 9.11891 4.95
      vertex 16.2761 9.21907 4.95
    endloop
  endfacet
  facet normal -0.382829 -0.923819 -0
    outer loop
      vertex 16.5178 9.11891 4.95
      vertex 16.2761 9.21907 2.35
      vertex 16.5178 9.11891 2.35
    endloop
  endfacet
  facet normal -0.461611 -0.887082 0
    outer loop
      vertex 16.5178 9.11891 2.35
      vertex 16.75 8.99808 4.95
      vertex 16.5178 9.11891 4.95
    endloop
  endfacet
  facet normal -0.461611 -0.887082 -0
    outer loop
      vertex 16.75 8.99808 4.95
      vertex 16.5178 9.11891 2.35
      vertex 16.75 8.99808 2.35
    endloop
  endfacet
  facet normal -0.537377 -0.843342 0
    outer loop
      vertex 16.75 8.99808 2.35
      vertex 16.9707 8.85745 4.95
      vertex 16.75 8.99808 4.95
    endloop
  endfacet
  facet normal -0.537377 -0.843342 -0
    outer loop
      vertex 16.9707 8.85745 4.95
      vertex 16.75 8.99808 2.35
      vertex 16.9707 8.85745 2.35
    endloop
  endfacet
  facet normal -0.608656 -0.793434 0
    outer loop
      vertex 16.9707 8.85745 2.35
      vertex 17.1784 8.69812 4.95
      vertex 16.9707 8.85745 4.95
    endloop
  endfacet
  facet normal -0.608656 -0.793434 -0
    outer loop
      vertex 17.1784 8.69812 4.95
      vertex 16.9707 8.85745 2.35
      vertex 17.1784 8.69812 2.35
    endloop
  endfacet
  facet normal -0.675673 -0.737202 0
    outer loop
      vertex 17.1784 8.69812 2.35
      vertex 17.3713 8.52132 4.95
      vertex 17.1784 8.69812 4.95
    endloop
  endfacet
  facet normal -0.675673 -0.737202 -0
    outer loop
      vertex 17.3713 8.52132 4.95
      vertex 17.1784 8.69812 2.35
      vertex 17.3713 8.52132 2.35
    endloop
  endfacet
  facet normal -0.737324 -0.675539 0
    outer loop
      vertex 17.5481 8.32835 2.35
      vertex 17.3713 8.52132 4.95
      vertex 17.3713 8.52132 2.35
    endloop
  endfacet
  facet normal -0.737324 -0.675539 0
    outer loop
      vertex 17.3713 8.52132 4.95
      vertex 17.5481 8.32835 2.35
      vertex 17.5481 8.32835 4.95
    endloop
  endfacet
  facet normal -0.793192 -0.608972 0
    outer loop
      vertex 17.7075 8.12073 2.35
      vertex 17.5481 8.32835 4.95
      vertex 17.5481 8.32835 2.35
    endloop
  endfacet
  facet normal -0.793192 -0.608972 0
    outer loop
      vertex 17.5481 8.32835 4.95
      vertex 17.7075 8.12073 2.35
      vertex 17.7075 8.12073 4.95
    endloop
  endfacet
  facet normal -0.843438 -0.537227 0
    outer loop
      vertex 17.8481 7.89999 2.35
      vertex 17.7075 8.12073 4.95
      vertex 17.7075 8.12073 2.35
    endloop
  endfacet
  facet normal -0.843438 -0.537227 0
    outer loop
      vertex 17.7075 8.12073 4.95
      vertex 17.8481 7.89999 2.35
      vertex 17.8481 7.89999 4.95
    endloop
  endfacet
  facet normal -0.88708 -0.461615 0
    outer loop
      vertex 17.9689 7.66785 2.35
      vertex 17.8481 7.89999 4.95
      vertex 17.8481 7.89999 2.35
    endloop
  endfacet
  facet normal -0.88708 -0.461615 0
    outer loop
      vertex 17.8481 7.89999 4.95
      vertex 17.9689 7.66785 2.35
      vertex 17.9689 7.66785 4.95
    endloop
  endfacet
  facet normal -0.923816 -0.382838 0
    outer loop
      vertex 18.0691 7.42606 2.35
      vertex 17.9689 7.66785 4.95
      vertex 17.9689 7.66785 2.35
    endloop
  endfacet
  facet normal -0.923816 -0.382838 0
    outer loop
      vertex 17.9689 7.66785 4.95
      vertex 18.0691 7.42606 2.35
      vertex 18.0691 7.42606 4.95
    endloop
  endfacet
  facet normal -0.953719 -0.3007 0
    outer loop
      vertex 18.1478 7.17645 2.35
      vertex 18.0691 7.42606 4.95
      vertex 18.0691 7.42606 2.35
    endloop
  endfacet
  facet normal -0.953719 -0.3007 0
    outer loop
      vertex 18.0691 7.42606 4.95
      vertex 18.1478 7.17645 2.35
      vertex 18.1478 7.17645 4.95
    endloop
  endfacet
  facet normal -0.976332 -0.216275 0
    outer loop
      vertex 18.2044 6.92094 2.35
      vertex 18.1478 7.17645 4.95
      vertex 18.1478 7.17645 2.35
    endloop
  endfacet
  facet normal -0.976332 -0.216275 0
    outer loop
      vertex 18.1478 7.17645 4.95
      vertex 18.2044 6.92094 2.35
      vertex 18.2044 6.92094 4.95
    endloop
  endfacet
  facet normal -0.991425 -0.130677 0
    outer loop
      vertex 18.2386 6.66147 2.35
      vertex 18.2044 6.92094 4.95
      vertex 18.2044 6.92094 2.35
    endloop
  endfacet
  facet normal -0.991425 -0.130677 0
    outer loop
      vertex 18.2044 6.92094 4.95
      vertex 18.2386 6.66147 2.35
      vertex 18.2386 6.66147 4.95
    endloop
  endfacet
  facet normal -0.999051 -0.0435566 0
    outer loop
      vertex 18.25 6.39999 2.35
      vertex 18.2386 6.66147 4.95
      vertex 18.2386 6.66147 2.35
    endloop
  endfacet
  facet normal -0.999051 -0.0435566 0
    outer loop
      vertex 18.2386 6.66147 4.95
      vertex 18.25 6.39999 2.35
      vertex 18.25 6.39999 4.95
    endloop
  endfacet
  facet normal -1 0 0
    outer loop
      vertex 18.25 -6.39999 2.35
      vertex 18.25 6.39999 4.95
      vertex 18.25 6.39999 2.35
    endloop
  endfacet
  facet normal -1 -0 0
    outer loop
      vertex 18.25 6.39999 4.95
      vertex 18.25 -6.39999 2.35
      vertex 18.25 -6.39999 4.95
    endloop
  endfacet
  facet normal -0.999051 0.0435566 0
    outer loop
      vertex 18.2386 -6.66147 2.35
      vertex 18.25 -6.39999 4.95
      vertex 18.25 -6.39999 2.35
    endloop
  endfacet
  facet normal -0.999051 0.0435566 0
    outer loop
      vertex 18.25 -6.39999 4.95
      vertex 18.2386 -6.66147 2.35
      vertex 18.2386 -6.66147 4.95
    endloop
  endfacet
  facet normal -0.991425 0.130677 0
    outer loop
      vertex 18.2044 -6.92094 2.35
      vertex 18.2386 -6.66147 4.95
      vertex 18.2386 -6.66147 2.35
    endloop
  endfacet
  facet normal -0.991425 0.130677 0
    outer loop
      vertex 18.2386 -6.66147 4.95
      vertex 18.2044 -6.92094 2.35
      vertex 18.2044 -6.92094 4.95
    endloop
  endfacet
  facet normal -0.976332 0.216275 0
    outer loop
      vertex 18.1478 -7.17645 2.35
      vertex 18.2044 -6.92094 4.95
      vertex 18.2044 -6.92094 2.35
    endloop
  endfacet
  facet normal -0.976332 0.216275 0
    outer loop
      vertex 18.2044 -6.92094 4.95
      vertex 18.1478 -7.17645 2.35
      vertex 18.1478 -7.17645 4.95
    endloop
  endfacet
  facet normal -0.953719 0.3007 0
    outer loop
      vertex 18.0691 -7.42606 2.35
      vertex 18.1478 -7.17645 4.95
      vertex 18.1478 -7.17645 2.35
    endloop
  endfacet
  facet normal -0.953719 0.3007 0
    outer loop
      vertex 18.1478 -7.17645 4.95
      vertex 18.0691 -7.42606 2.35
      vertex 18.0691 -7.42606 4.95
    endloop
  endfacet
  facet normal -0.923816 0.382838 0
    outer loop
      vertex 17.9689 -7.66785 2.35
      vertex 18.0691 -7.42606 4.95
      vertex 18.0691 -7.42606 2.35
    endloop
  endfacet
  facet normal -0.923816 0.382838 0
    outer loop
      vertex 18.0691 -7.42606 4.95
      vertex 17.9689 -7.66785 2.35
      vertex 17.9689 -7.66785 4.95
    endloop
  endfacet
  facet normal -0.88708 0.461615 0
    outer loop
      vertex 17.8481 -7.89999 2.35
      vertex 17.9689 -7.66785 4.95
      vertex 17.9689 -7.66785 2.35
    endloop
  endfacet
  facet normal -0.88708 0.461615 0
    outer loop
      vertex 17.9689 -7.66785 4.95
      vertex 17.8481 -7.89999 2.35
      vertex 17.8481 -7.89999 4.95
    endloop
  endfacet
  facet normal -0.843438 0.537227 0
    outer loop
      vertex 17.7075 -8.12073 2.35
      vertex 17.8481 -7.89999 4.95
      vertex 17.8481 -7.89999 2.35
    endloop
  endfacet
  facet normal -0.843438 0.537227 0
    outer loop
      vertex 17.8481 -7.89999 4.95
      vertex 17.7075 -8.12073 2.35
      vertex 17.7075 -8.12073 4.95
    endloop
  endfacet
  facet normal -0.793192 0.608972 0
    outer loop
      vertex 17.5481 -8.32835 2.35
      vertex 17.7075 -8.12073 4.95
      vertex 17.7075 -8.12073 2.35
    endloop
  endfacet
  facet normal -0.793192 0.608972 0
    outer loop
      vertex 17.7075 -8.12073 4.95
      vertex 17.5481 -8.32835 2.35
      vertex 17.5481 -8.32835 4.95
    endloop
  endfacet
  facet normal -0.737324 0.675539 0
    outer loop
      vertex 17.3713 -8.52132 2.35
      vertex 17.5481 -8.32835 4.95
      vertex 17.5481 -8.32835 2.35
    endloop
  endfacet
  facet normal -0.737324 0.675539 0
    outer loop
      vertex 17.5481 -8.32835 4.95
      vertex 17.3713 -8.52132 2.35
      vertex 17.3713 -8.52132 4.95
    endloop
  endfacet
  facet normal -0.675673 0.737202 0
    outer loop
      vertex 17.3713 -8.52132 2.35
      vertex 17.1784 -8.69812 4.95
      vertex 17.3713 -8.52132 4.95
    endloop
  endfacet
  facet normal -0.675673 0.737202 0
    outer loop
      vertex 17.1784 -8.69812 4.95
      vertex 17.3713 -8.52132 2.35
      vertex 17.1784 -8.69812 2.35
    endloop
  endfacet
  facet normal -0.608656 0.793434 0
    outer loop
      vertex 17.1784 -8.69812 2.35
      vertex 16.9707 -8.85745 4.95
      vertex 17.1784 -8.69812 4.95
    endloop
  endfacet
  facet normal -0.608656 0.793434 0
    outer loop
      vertex 16.9707 -8.85745 4.95
      vertex 17.1784 -8.69812 2.35
      vertex 16.9707 -8.85745 2.35
    endloop
  endfacet
  facet normal -0.537377 0.843342 0
    outer loop
      vertex 16.9707 -8.85745 2.35
      vertex 16.75 -8.99808 4.95
      vertex 16.9707 -8.85745 4.95
    endloop
  endfacet
  facet normal -0.537377 0.843342 0
    outer loop
      vertex 16.75 -8.99808 4.95
      vertex 16.9707 -8.85745 2.35
      vertex 16.75 -8.99808 2.35
    endloop
  endfacet
  facet normal -0.461611 0.887082 0
    outer loop
      vertex 16.75 -8.99808 2.35
      vertex 16.5178 -9.11891 4.95
      vertex 16.75 -8.99808 4.95
    endloop
  endfacet
  facet normal -0.461611 0.887082 0
    outer loop
      vertex 16.5178 -9.11891 4.95
      vertex 16.75 -8.99808 2.35
      vertex 16.5178 -9.11891 2.35
    endloop
  endfacet
  facet normal -0.382829 0.923819 0
    outer loop
      vertex 16.5178 -9.11891 2.35
      vertex 16.2761 -9.21907 4.95
      vertex 16.5178 -9.11891 4.95
    endloop
  endfacet
  facet normal -0.382829 0.923819 0
    outer loop
      vertex 16.2761 -9.21907 4.95
      vertex 16.5178 -9.11891 2.35
      vertex 16.2761 -9.21907 2.35
    endloop
  endfacet
  facet normal -0.300745 0.953704 0
    outer loop
      vertex 16.2761 -9.21907 2.35
      vertex 16.0265 -9.29778 4.95
      vertex 16.2761 -9.21907 4.95
    endloop
  endfacet
  facet normal -0.300745 0.953704 0
    outer loop
      vertex 16.0265 -9.29778 4.95
      vertex 16.2761 -9.21907 2.35
      vertex 16.0265 -9.29778 2.35
    endloop
  endfacet
  facet normal -0.216348 0.976316 0
    outer loop
      vertex 16.0265 -9.29778 2.35
      vertex 15.7709 -9.35442 4.95
      vertex 16.0265 -9.29778 4.95
    endloop
  endfacet
  facet normal -0.216348 0.976316 0
    outer loop
      vertex 15.7709 -9.35442 4.95
      vertex 16.0265 -9.29778 2.35
      vertex 15.7709 -9.35442 2.35
    endloop
  endfacet
  facet normal -0.130561 0.99144 0
    outer loop
      vertex 15.7709 -9.35442 2.35
      vertex 15.5115 -9.38858 4.95
      vertex 15.7709 -9.35442 4.95
    endloop
  endfacet
  facet normal -0.130561 0.99144 0
    outer loop
      vertex 15.5115 -9.38858 4.95
      vertex 15.7709 -9.35442 2.35
      vertex 15.5115 -9.38858 2.35
    endloop
  endfacet
  facet normal -0.0435914 0.999049 0
    outer loop
      vertex 15.5115 -9.38858 2.35
      vertex 15.25 -9.39999 4.95
      vertex 15.5115 -9.38858 4.95
    endloop
  endfacet
  facet normal -0.0435914 0.999049 0
    outer loop
      vertex 15.25 -9.39999 4.95
      vertex 15.5115 -9.38858 2.35
      vertex 15.25 -9.39999 2.35
    endloop
  endfacet
  facet normal 0 1 -0
    outer loop
      vertex 15.25 -9.39999 2.35
      vertex -20.55 -9.39999 4.95
      vertex 15.25 -9.39999 4.95
    endloop
  endfacet
  facet normal 0 1 0
    outer loop
      vertex -20.55 -9.39999 4.95
      vertex 15.25 -9.39999 2.35
      vertex -20.55 -9.39999 2.35
    endloop
  endfacet
  facet normal -0.461599 0 -0.887089
    outer loop
      vertex -2.39643 -12.2602 6.79378
      vertex -2.35 12.2702 6.76962
      vertex -2.35 -12.2702 6.76962
    endloop
  endfacet
  facet normal -0.461599 0 -0.887089
    outer loop
      vertex -2.35 12.2702 6.76962
      vertex -2.39643 -12.2602 6.79378
      vertex -2.39643 12.2602 6.79378
    endloop
  endfacet
  facet normal -0.843362 0 -0.537345
    outer loop
      vertex -2.13038 12.3612 6.55
      vertex -2.15851 -12.3429 6.59415
      vertex -2.15851 12.3429 6.59415
    endloop
  endfacet
  facet normal -0.843362 0 -0.537345
    outer loop
      vertex -2.15851 -12.3429 6.59415
      vertex -2.13038 12.3612 6.55
      vertex -2.13038 -12.3612 6.55
    endloop
  endfacet
  facet normal -0.608768 0 -0.793348
    outer loop
      vertex -2.30585 -12.2818 6.74149
      vertex -2.26433 12.295 6.70963
      vertex -2.26433 -12.295 6.70963
    endloop
  endfacet
  facet normal -0.608768 0 -0.793348
    outer loop
      vertex -2.26433 12.295 6.70963
      vertex -2.30585 -12.2818 6.74149
      vertex -2.30585 12.2818 6.74149
    endloop
  endfacet
  facet normal 0.998986 -0.00440729 -0.0448062
    outer loop
      vertex -3.24772 12.4638 6.30229
      vertex -3.25 12.4786 6.25
      vertex -3.24797 12.4662 6.29648
    endloop
  endfacet
  facet normal 0.999051 0 -0.0435616
    outer loop
      vertex -3.24772 -12.4638 6.30229
      vertex -3.25 12.4786 6.25
      vertex -3.24772 12.4638 6.30229
    endloop
  endfacet
  facet normal 0.998986 0.00440729 -0.0448062
    outer loop
      vertex -3.25 -12.4786 6.25
      vertex -3.24772 -12.4638 6.30229
      vertex -3.24797 -12.4662 6.29648
    endloop
  endfacet
  facet normal 0.999051 0 -0.0435616
    outer loop
      vertex -3.24772 -12.4638 6.30229
      vertex -3.25 -12.4786 6.25
      vertex -3.25 12.4786 6.25
    endloop
  endfacet
  facet normal -0.88701 0 -0.46175
    outer loop
      vertex -2.10621 12.3804 6.50357
      vertex -2.13038 -12.3612 6.55
      vertex -2.13038 12.3612 6.55
    endloop
  endfacet
  facet normal -0.88701 0 -0.46175
    outer loop
      vertex -2.13038 -12.3612 6.55
      vertex -2.10621 12.3804 6.50357
      vertex -2.10621 -12.3804 6.50357
    endloop
  endfacet
  facet normal -0.991452 0 -0.130474
    outer loop
      vertex -2.05228 12.4638 6.30229
      vertex -2.05911 -12.4423 6.35419
      vertex -2.05911 12.4423 6.35419
    endloop
  endfacet
  facet normal -0.991452 0 -0.130474
    outer loop
      vertex -2.05911 -12.4423 6.35419
      vertex -2.05228 12.4638 6.30229
      vertex -2.05228 -12.4638 6.30229
    endloop
  endfacet
  facet normal -0.300711 0 0.953715
    outer loop
      vertex -2.49471 12.6261 5.67044
      vertex -2.44479 -12.624 5.68618
      vertex -2.44479 12.624 5.68618
    endloop
  endfacet
  facet normal -0.300711 0 0.953715
    outer loop
      vertex -2.44479 -12.624 5.68618
      vertex -2.49471 12.6261 5.67044
      vertex -2.49471 -12.6261 5.67044
    endloop
  endfacet
  facet normal 0.382661 0 0.923889
    outer loop
      vertex -2.90357 12.6214 5.70621
      vertex -2.85521 -12.624 5.68618
      vertex -2.85521 12.624 5.68618
    endloop
  endfacet
  facet normal 0.382661 0 0.923889
    outer loop
      vertex -2.85521 -12.624 5.68618
      vertex -2.90357 12.6214 5.70621
      vertex -2.90357 -12.6214 5.70621
    endloop
  endfacet
  facet normal 0.923889 -0 0.382661
    outer loop
      vertex -3.21381 -12.5336 6.04479
      vertex -3.19378 12.5466 5.99643
      vertex -3.21381 12.5336 6.04479
    endloop
  endfacet
  facet normal 0.923889 0 0.382661
    outer loop
      vertex -3.19378 12.5466 5.99643
      vertex -3.21381 -12.5336 6.04479
      vertex -3.19378 -12.5466 5.99643
    endloop
  endfacet
  facet normal 0.953661 0 -0.300885
    outer loop
      vertex -3.21381 -12.4004 6.45521
      vertex -3.22956 12.4211 6.40529
      vertex -3.21381 12.4004 6.45521
    endloop
  endfacet
  facet normal 0.953661 0 -0.300885
    outer loop
      vertex -3.22956 12.4211 6.40529
      vertex -3.21381 -12.4004 6.45521
      vertex -3.22956 -12.4211 6.40529
    endloop
  endfacet
  facet normal 0.976331 -0 0.216283
    outer loop
      vertex -3.24088 -12.5065 6.14581
      vertex -3.22956 12.5202 6.09471
      vertex -3.24088 12.5065 6.14581
    endloop
  endfacet
  facet normal 0.976331 0 0.216283
    outer loop
      vertex -3.22956 12.5202 6.09471
      vertex -3.24088 -12.5065 6.14581
      vertex -3.22956 -12.5202 6.09471
    endloop
  endfacet
  facet normal 0.2243 -0.0996402 -0.969413
    outer loop
      vertex -2.80529 -12.2454 6.82955
      vertex -2.75419 -12.2406 6.84088
      vertex -2.75683 -12.2409 6.8403
    endloop
  endfacet
  facet normal 0.216465 0 -0.97629
    outer loop
      vertex -2.75419 -12.2406 6.84088
      vertex -2.80529 -12.2454 6.82955
      vertex -2.75419 12.2406 6.84088
    endloop
  endfacet
  facet normal 0.216465 0 -0.97629
    outer loop
      vertex -2.80529 12.2454 6.82955
      vertex -2.75419 12.2406 6.84088
      vertex -2.80529 -12.2454 6.82955
    endloop
  endfacet
  facet normal 0.2243 0.0996402 -0.969413
    outer loop
      vertex -2.75419 12.2406 6.84088
      vertex -2.80529 12.2454 6.82955
      vertex -2.75683 12.2409 6.8403
    endloop
  endfacet
  facet normal -0.991452 0 0.130474
    outer loop
      vertex -2.05911 12.5065 6.14581
      vertex -2.05228 -12.4926 6.19771
      vertex -2.05228 12.4926 6.19771
    endloop
  endfacet
  facet normal -0.991452 0 0.130474
    outer loop
      vertex -2.05228 -12.4926 6.19771
      vertex -2.05911 12.5065 6.14581
      vertex -2.05911 -12.5065 6.14581
    endloop
  endfacet
  facet normal -0.130474 0 0.991452
    outer loop
      vertex -2.59771 12.6285 5.65228
      vertex -2.54581 -12.6276 5.65911
      vertex -2.54581 12.6276 5.65911
    endloop
  endfacet
  facet normal -0.130474 0 0.991452
    outer loop
      vertex -2.54581 -12.6276 5.65911
      vertex -2.59771 12.6285 5.65228
      vertex -2.59771 -12.6285 5.65228
    endloop
  endfacet
  facet normal -0.737194 0 0.675681
    outer loop
      vertex -2.22574 12.5923 5.82574
      vertex -2.19037 -12.582 5.86433
      vertex -2.19037 12.582 5.86433
    endloop
  endfacet
  facet normal -0.737194 0 0.675681
    outer loop
      vertex -2.19037 -12.582 5.86433
      vertex -2.22574 12.5923 5.82574
      vertex -2.22574 -12.5923 5.82574
    endloop
  endfacet
  facet normal 0.999051 -0 0.0435616
    outer loop
      vertex -3.25 -12.4786 6.25
      vertex -3.24772 12.4926 6.19771
      vertex -3.25 12.4786 6.25
    endloop
  endfacet
  facet normal 0.999051 0 0.0435616
    outer loop
      vertex -3.24772 12.4926 6.19771
      vertex -3.25 -12.4786 6.25
      vertex -3.24772 -12.4926 6.19771
    endloop
  endfacet
  facet normal -0.793348 0 0.608768
    outer loop
      vertex -2.19037 12.582 5.86433
      vertex -2.15851 -12.5708 5.90585
      vertex -2.15851 12.5708 5.90585
    endloop
  endfacet
  facet normal -0.793348 0 0.608768
    outer loop
      vertex -2.15851 -12.5708 5.90585
      vertex -2.19037 12.582 5.86433
      vertex -2.19037 -12.582 5.86433
    endloop
  endfacet
  facet normal -0.999051 0 0.0435616
    outer loop
      vertex -2.05228 12.4926 6.19771
      vertex -2.05 -12.4786 6.25
      vertex -2.05 12.4786 6.25
    endloop
  endfacet
  facet normal -0.999051 0 0.0435616
    outer loop
      vertex -2.05 -12.4786 6.25
      vertex -2.05228 12.4926 6.19771
      vertex -2.05228 -12.4926 6.19771
    endloop
  endfacet
  facet normal -0.998986 -0.00440729 -0.0448062
    outer loop
      vertex -2.05 12.4786 6.25
      vertex -2.05228 12.4638 6.30229
      vertex -2.05203 12.4662 6.29648
    endloop
  endfacet
  facet normal -0.999051 0 -0.0435616
    outer loop
      vertex -2.05 12.4786 6.25
      vertex -2.05228 -12.4638 6.30229
      vertex -2.05228 12.4638 6.30229
    endloop
  endfacet
  facet normal -0.999051 0 -0.0435616
    outer loop
      vertex -2.05 -12.4786 6.25
      vertex -2.05228 -12.4638 6.30229
      vertex -2.05 12.4786 6.25
    endloop
  endfacet
  facet normal -0.998986 0.00440729 -0.0448062
    outer loop
      vertex -2.05228 -12.4638 6.30229
      vertex -2.05 -12.4786 6.25
      vertex -2.05203 -12.4662 6.29648
    endloop
  endfacet
  facet normal 0.130662 0 -0.991427
    outer loop
      vertex -2.75419 -12.2406 6.84088
      vertex -2.70229 12.2366 6.84772
      vertex -2.70229 -12.2366 6.84772
    endloop
  endfacet
  facet normal 0.130662 0 -0.991427
    outer loop
      vertex -2.70229 12.2366 6.84772
      vertex -2.75419 -12.2406 6.84088
      vertex -2.75419 12.2406 6.84088
    endloop
  endfacet
  facet normal 0.300537 0 -0.95377
    outer loop
      vertex -2.85521 -12.2519 6.81382
      vertex -2.80529 12.2454 6.82955
      vertex -2.80529 -12.2454 6.82955
    endloop
  endfacet
  facet normal 0.300537 0 -0.95377
    outer loop
      vertex -2.80529 12.2454 6.82955
      vertex -2.85521 -12.2519 6.81382
      vertex -2.85521 12.2519 6.81382
    endloop
  endfacet
  facet normal 0.976331 0 -0.216283
    outer loop
      vertex -3.22956 -12.4211 6.40529
      vertex -3.24088 12.4423 6.35419
      vertex -3.22956 12.4211 6.40529
    endloop
  endfacet
  facet normal 0.976331 0 -0.216283
    outer loop
      vertex -3.24088 12.4423 6.35419
      vertex -3.22956 -12.4211 6.40529
      vertex -3.24088 -12.4423 6.35419
    endloop
  endfacet
  facet normal 0.608768 0 -0.793348
    outer loop
      vertex -3.03567 -12.295 6.70963
      vertex -2.99415 12.2818 6.74149
      vertex -2.99415 -12.2818 6.74149
    endloop
  endfacet
  facet normal 0.608768 0 -0.793348
    outer loop
      vertex -2.99415 12.2818 6.74149
      vertex -3.03567 -12.295 6.70963
      vertex -3.03567 12.295 6.70963
    endloop
  endfacet
  facet normal -0.382824 0 -0.923821
    outer loop
      vertex -2.44479 -12.2519 6.81382
      vertex -2.39643 12.2602 6.79378
      vertex -2.39643 -12.2602 6.79378
    endloop
  endfacet
  facet normal -0.382824 0 -0.923821
    outer loop
      vertex -2.39643 12.2602 6.79378
      vertex -2.44479 -12.2519 6.81382
      vertex -2.44479 12.2519 6.81382
    endloop
  endfacet
  facet normal -0.97629 0 -0.216465
    outer loop
      vertex -2.05911 12.4423 6.35419
      vertex -2.07044 -12.4211 6.40529
      vertex -2.07044 12.4211 6.40529
    endloop
  endfacet
  facet normal -0.97629 0 -0.216465
    outer loop
      vertex -2.07044 -12.4211 6.40529
      vertex -2.05911 12.4423 6.35419
      vertex -2.05911 -12.4423 6.35419
    endloop
  endfacet
  facet normal 0.88701 0 -0.46175
    outer loop
      vertex -3.16961 -12.3612 6.55
      vertex -3.19378 12.3804 6.50357
      vertex -3.16961 12.3612 6.55
    endloop
  endfacet
  facet normal 0.88701 0 -0.46175
    outer loop
      vertex -3.19378 12.3804 6.50357
      vertex -3.16961 -12.3612 6.55
      vertex -3.19378 -12.3804 6.50357
    endloop
  endfacet
  facet normal 0.608768 0 0.793348
    outer loop
      vertex -3.03567 12.6018 5.79037
      vertex -2.99415 -12.6103 5.75851
      vertex -2.99415 12.6103 5.75851
    endloop
  endfacet
  facet normal 0.608768 0 0.793348
    outer loop
      vertex -2.99415 -12.6103 5.75851
      vertex -3.03567 12.6018 5.79037
      vertex -3.03567 -12.6018 5.79037
    endloop
  endfacet
  facet normal 0.216465 0 0.97629
    outer loop
      vertex -2.80529 12.6261 5.67044
      vertex -2.75419 -12.6276 5.65911
      vertex -2.75419 12.6276 5.65911
    endloop
  endfacet
  facet normal 0.216465 0 0.97629
    outer loop
      vertex -2.75419 -12.6276 5.65911
      vertex -2.80529 12.6261 5.67044
      vertex -2.80529 -12.6261 5.67044
    endloop
  endfacet
  facet normal 0.737194 -0 0.675681
    outer loop
      vertex -3.10963 -12.582 5.86433
      vertex -3.07426 12.5923 5.82574
      vertex -3.10963 12.582 5.86433
    endloop
  endfacet
  facet normal 0.737194 0 0.675681
    outer loop
      vertex -3.07426 12.5923 5.82574
      vertex -3.10963 -12.582 5.86433
      vertex -3.07426 -12.5923 5.82574
    endloop
  endfacet
  facet normal -0.130662 0 -0.991427
    outer loop
      vertex -2.59771 -12.2366 6.84772
      vertex -2.54581 12.2406 6.84088
      vertex -2.54581 -12.2406 6.84088
    endloop
  endfacet
  facet normal -0.130662 0 -0.991427
    outer loop
      vertex -2.54581 12.2406 6.84088
      vertex -2.59771 -12.2366 6.84772
      vertex -2.59771 12.2366 6.84772
    endloop
  endfacet
  facet normal 0.675681 0 -0.737194
    outer loop
      vertex -3.07426 -12.3097 6.67426
      vertex -3.03567 12.295 6.70963
      vertex -3.03567 -12.295 6.70963
    endloop
  endfacet
  facet normal 0.675681 0 -0.737194
    outer loop
      vertex -3.03567 12.295 6.70963
      vertex -3.07426 -12.3097 6.67426
      vertex -3.07426 12.3097 6.67426
    endloop
  endfacet
  facet normal -0.923889 0 -0.382661
    outer loop
      vertex -2.08618 12.4004 6.45521
      vertex -2.10621 -12.3804 6.50357
      vertex -2.10621 12.3804 6.50357
    endloop
  endfacet
  facet normal -0.923889 0 -0.382661
    outer loop
      vertex -2.10621 -12.3804 6.50357
      vertex -2.08618 12.4004 6.45521
      vertex -2.08618 -12.4004 6.45521
    endloop
  endfacet
  facet normal -0.216465 0 0.97629
    outer loop
      vertex -2.54581 12.6276 5.65911
      vertex -2.49471 -12.6261 5.67044
      vertex -2.49471 12.6261 5.67044
    endloop
  endfacet
  facet normal -0.216465 0 0.97629
    outer loop
      vertex -2.49471 -12.6261 5.67044
      vertex -2.54581 12.6276 5.65911
      vertex -2.54581 -12.6276 5.65911
    endloop
  endfacet
  facet normal -0.608768 0 0.793348
    outer loop
      vertex -2.30585 12.6103 5.75851
      vertex -2.26433 -12.6018 5.79037
      vertex -2.26433 12.6018 5.79037
    endloop
  endfacet
  facet normal -0.608768 0 0.793348
    outer loop
      vertex -2.26433 -12.6018 5.79037
      vertex -2.30585 12.6103 5.75851
      vertex -2.30585 -12.6103 5.75851
    endloop
  endfacet
  facet normal -0.953715 0 -0.300711
    outer loop
      vertex -2.07044 12.4211 6.40529
      vertex -2.08618 -12.4004 6.45521
      vertex -2.08618 12.4004 6.45521
    endloop
  endfacet
  facet normal -0.953715 0 -0.300711
    outer loop
      vertex -2.08618 -12.4004 6.45521
      vertex -2.07044 12.4211 6.40529
      vertex -2.07044 -12.4211 6.40529
    endloop
  endfacet
  facet normal -0.923889 0 0.382661
    outer loop
      vertex -2.10621 12.5466 5.99643
      vertex -2.08618 -12.5336 6.04479
      vertex -2.08618 12.5336 6.04479
    endloop
  endfacet
  facet normal -0.923889 0 0.382661
    outer loop
      vertex -2.08618 -12.5336 6.04479
      vertex -2.10621 12.5466 5.99643
      vertex -2.10621 -12.5466 5.99643
    endloop
  endfacet
  facet normal -0.97629 0 0.216465
    outer loop
      vertex -2.07044 12.5202 6.09471
      vertex -2.05911 -12.5065 6.14581
      vertex -2.05911 12.5065 6.14581
    endloop
  endfacet
  facet normal -0.97629 0 0.216465
    outer loop
      vertex -2.05911 -12.5065 6.14581
      vertex -2.07044 12.5202 6.09471
      vertex -2.07044 -12.5202 6.09471
    endloop
  endfacet
  facet normal -0.463276 -0.0290368 0.885738
    outer loop
      vertex -2.39643 12.6214 5.70621
      vertex -2.35 12.6179 5.73038
      vertex -2.35476 12.6185 5.72791
    endloop
  endfacet
  facet normal -0.46175 0 0.88701
    outer loop
      vertex -2.35 12.6179 5.73038
      vertex -2.39643 12.6214 5.70621
      vertex -2.35 -12.6179 5.73038
    endloop
  endfacet
  facet normal -0.46175 0 0.88701
    outer loop
      vertex -2.39643 -12.6214 5.70621
      vertex -2.35 -12.6179 5.73038
      vertex -2.39643 12.6214 5.70621
    endloop
  endfacet
  facet normal -0.463276 0.0290368 0.885738
    outer loop
      vertex -2.35 -12.6179 5.73038
      vertex -2.39643 -12.6214 5.70621
      vertex -2.35476 -12.6185 5.72791
    endloop
  endfacet
  facet normal 0.130474 0 0.991452
    outer loop
      vertex -2.75419 12.6276 5.65911
      vertex -2.70229 -12.6285 5.65228
      vertex -2.70229 12.6285 5.65228
    endloop
  endfacet
  facet normal 0.130474 0 0.991452
    outer loop
      vertex -2.70229 -12.6285 5.65228
      vertex -2.75419 12.6276 5.65911
      vertex -2.75419 -12.6276 5.65911
    endloop
  endfacet
  facet normal -0.843362 0 0.537345
    outer loop
      vertex -2.15851 12.5708 5.90585
      vertex -2.13038 -12.559 5.95
      vertex -2.13038 12.559 5.95
    endloop
  endfacet
  facet normal -0.843362 0 0.537345
    outer loop
      vertex -2.13038 -12.559 5.95
      vertex -2.15851 12.5708 5.90585
      vertex -2.15851 -12.5708 5.90585
    endloop
  endfacet
  facet normal 0.0435616 0 -0.999051
    outer loop
      vertex -2.70229 -12.2366 6.84772
      vertex -2.65 12.2353 6.85
      vertex -2.65 -12.2353 6.85
    endloop
  endfacet
  facet normal 0.0435616 0 -0.999051
    outer loop
      vertex -2.65 12.2353 6.85
      vertex -2.70229 -12.2366 6.84772
      vertex -2.70229 12.2366 6.84772
    endloop
  endfacet
  facet normal -0.675681 0 -0.737194
    outer loop
      vertex -2.26433 -12.295 6.70963
      vertex -2.22574 12.3097 6.67426
      vertex -2.22574 -12.3097 6.67426
    endloop
  endfacet
  facet normal -0.675681 0 -0.737194
    outer loop
      vertex -2.22574 12.3097 6.67426
      vertex -2.26433 -12.295 6.70963
      vertex -2.26433 12.295 6.70963
    endloop
  endfacet
  facet normal -0.537345 0 -0.843362
    outer loop
      vertex -2.35 -12.2702 6.76962
      vertex -2.30585 12.2818 6.74149
      vertex -2.30585 -12.2818 6.74149
    endloop
  endfacet
  facet normal -0.537345 0 -0.843362
    outer loop
      vertex -2.30585 12.2818 6.74149
      vertex -2.35 -12.2702 6.76962
      vertex -2.35 12.2702 6.76962
    endloop
  endfacet
  facet normal -0.382661 0 0.923889
    outer loop
      vertex -2.44479 12.624 5.68618
      vertex -2.39643 -12.6214 5.70621
      vertex -2.39643 12.6214 5.70621
    endloop
  endfacet
  facet normal -0.382661 0 0.923889
    outer loop
      vertex -2.39643 -12.6214 5.70621
      vertex -2.44479 12.624 5.68618
      vertex -2.44479 -12.624 5.68618
    endloop
  endfacet
  facet normal 0.953661 -0 0.300885
    outer loop
      vertex -3.22956 -12.5202 6.09471
      vertex -3.21381 12.5336 6.04479
      vertex -3.22956 12.5202 6.09471
    endloop
  endfacet
  facet normal 0.953661 0 0.300885
    outer loop
      vertex -3.21381 12.5336 6.04479
      vertex -3.22956 -12.5202 6.09471
      vertex -3.21381 -12.5336 6.04479
    endloop
  endfacet
  facet normal -0.793348 0 -0.608768
    outer loop
      vertex -2.15851 12.3429 6.59415
      vertex -2.19037 -12.3257 6.63567
      vertex -2.19037 12.3257 6.63567
    endloop
  endfacet
  facet normal -0.793348 0 -0.608768
    outer loop
      vertex -2.19037 -12.3257 6.63567
      vertex -2.15851 12.3429 6.59415
      vertex -2.15851 -12.3429 6.59415
    endloop
  endfacet
  facet normal 0.537345 0 -0.843362
    outer loop
      vertex -2.99415 -12.2818 6.74149
      vertex -2.95 12.2702 6.76962
      vertex -2.95 -12.2702 6.76962
    endloop
  endfacet
  facet normal 0.537345 0 -0.843362
    outer loop
      vertex -2.95 12.2702 6.76962
      vertex -2.99415 -12.2818 6.74149
      vertex -2.99415 12.2818 6.74149
    endloop
  endfacet
  facet normal -0.675681 0 0.737194
    outer loop
      vertex -2.26433 12.6018 5.79037
      vertex -2.22574 -12.5923 5.82574
      vertex -2.22574 12.5923 5.82574
    endloop
  endfacet
  facet normal -0.675681 0 0.737194
    outer loop
      vertex -2.22574 -12.5923 5.82574
      vertex -2.26433 12.6018 5.79037
      vertex -2.26433 -12.6018 5.79037
    endloop
  endfacet
  facet normal 0.675681 0 0.737194
    outer loop
      vertex -3.07426 12.5923 5.82574
      vertex -3.03567 -12.6018 5.79037
      vertex -3.03567 12.6018 5.79037
    endloop
  endfacet
  facet normal 0.675681 0 0.737194
    outer loop
      vertex -3.03567 -12.6018 5.79037
      vertex -3.07426 12.5923 5.82574
      vertex -3.07426 -12.5923 5.82574
    endloop
  endfacet
  facet normal -0.300537 0 -0.95377
    outer loop
      vertex -2.49471 -12.2454 6.82955
      vertex -2.44479 12.2519 6.81382
      vertex -2.44479 -12.2519 6.81382
    endloop
  endfacet
  facet normal -0.300537 0 -0.95377
    outer loop
      vertex -2.44479 12.2519 6.81382
      vertex -2.49471 -12.2454 6.82955
      vertex -2.49471 12.2454 6.82955
    endloop
  endfacet
  facet normal -0.0435616 0 0.999051
    outer loop
      vertex -2.65 12.6288 5.65
      vertex -2.59771 -12.6285 5.65228
      vertex -2.59771 12.6285 5.65228
    endloop
  endfacet
  facet normal -0.0435616 0 0.999051
    outer loop
      vertex -2.59771 -12.6285 5.65228
      vertex -2.65 12.6288 5.65
      vertex -2.65 -12.6288 5.65
    endloop
  endfacet
  facet normal 0.382824 0 -0.923821
    outer loop
      vertex -2.90357 -12.2602 6.79378
      vertex -2.85521 12.2519 6.81382
      vertex -2.85521 -12.2519 6.81382
    endloop
  endfacet
  facet normal 0.382824 0 -0.923821
    outer loop
      vertex -2.85521 12.2519 6.81382
      vertex -2.90357 -12.2602 6.79378
      vertex -2.90357 12.2602 6.79378
    endloop
  endfacet
  facet normal 0.793348 -0 0.608768
    outer loop
      vertex -3.14149 -12.5708 5.90585
      vertex -3.10963 12.582 5.86433
      vertex -3.14149 12.5708 5.90585
    endloop
  endfacet
  facet normal 0.793348 0 0.608768
    outer loop
      vertex -3.10963 12.582 5.86433
      vertex -3.14149 -12.5708 5.90585
      vertex -3.10963 -12.582 5.86433
    endloop
  endfacet
  facet normal 0.737194 0 -0.675681
    outer loop
      vertex -3.07426 -12.3097 6.67426
      vertex -3.10963 12.3257 6.63567
      vertex -3.07426 12.3097 6.67426
    endloop
  endfacet
  facet normal 0.737194 0 -0.675681
    outer loop
      vertex -3.10963 12.3257 6.63567
      vertex -3.07426 -12.3097 6.67426
      vertex -3.10963 -12.3257 6.63567
    endloop
  endfacet
  facet normal 0.0435616 0 0.999051
    outer loop
      vertex -2.70229 12.6285 5.65228
      vertex -2.65 -12.6288 5.65
      vertex -2.65 12.6288 5.65
    endloop
  endfacet
  facet normal 0.0435616 0 0.999051
    outer loop
      vertex -2.65 -12.6288 5.65
      vertex -2.70229 12.6285 5.65228
      vertex -2.70229 -12.6285 5.65228
    endloop
  endfacet
  facet normal -0.88701 0 0.46175
    outer loop
      vertex -2.13038 12.559 5.95
      vertex -2.10621 -12.5466 5.99643
      vertex -2.10621 12.5466 5.99643
    endloop
  endfacet
  facet normal -0.88701 0 0.46175
    outer loop
      vertex -2.10621 -12.5466 5.99643
      vertex -2.13038 12.559 5.95
      vertex -2.13038 -12.559 5.95
    endloop
  endfacet
  facet normal -0.2243 -0.0996402 -0.969413
    outer loop
      vertex -2.54581 -12.2406 6.84088
      vertex -2.49471 -12.2454 6.82955
      vertex -2.54317 -12.2409 6.8403
    endloop
  endfacet
  facet normal -0.216465 0 -0.97629
    outer loop
      vertex -2.49471 -12.2454 6.82955
      vertex -2.54581 -12.2406 6.84088
      vertex -2.49471 12.2454 6.82955
    endloop
  endfacet
  facet normal -0.216465 -0 -0.97629
    outer loop
      vertex -2.54581 12.2406 6.84088
      vertex -2.49471 12.2454 6.82955
      vertex -2.54581 -12.2406 6.84088
    endloop
  endfacet
  facet normal -0.2243 0.0996402 -0.969413
    outer loop
      vertex -2.49471 12.2454 6.82955
      vertex -2.54581 12.2406 6.84088
      vertex -2.54317 12.2409 6.8403
    endloop
  endfacet
  facet normal 0.991427 -0 0.130662
    outer loop
      vertex -3.24772 -12.4926 6.19771
      vertex -3.24088 12.5065 6.14581
      vertex -3.24772 12.4926 6.19771
    endloop
  endfacet
  facet normal 0.991427 0 0.130662
    outer loop
      vertex -3.24088 12.5065 6.14581
      vertex -3.24772 -12.4926 6.19771
      vertex -3.24088 -12.5065 6.14581
    endloop
  endfacet
  facet normal 0.793348 0 -0.608768
    outer loop
      vertex -3.10963 -12.3257 6.63567
      vertex -3.14149 12.3429 6.59415
      vertex -3.10963 12.3257 6.63567
    endloop
  endfacet
  facet normal 0.793348 0 -0.608768
    outer loop
      vertex -3.14149 12.3429 6.59415
      vertex -3.10963 -12.3257 6.63567
      vertex -3.14149 -12.3429 6.59415
    endloop
  endfacet
  facet normal 0.991427 0 -0.130662
    outer loop
      vertex -3.24088 -12.4423 6.35419
      vertex -3.24772 12.4638 6.30229
      vertex -3.24088 12.4423 6.35419
    endloop
  endfacet
  facet normal 0.991427 0 -0.130662
    outer loop
      vertex -3.24772 12.4638 6.30229
      vertex -3.24088 -12.4423 6.35419
      vertex -3.24772 -12.4638 6.30229
    endloop
  endfacet
  facet normal -0.0435616 0 -0.999051
    outer loop
      vertex -2.65 -12.2353 6.85
      vertex -2.59771 12.2366 6.84772
      vertex -2.59771 -12.2366 6.84772
    endloop
  endfacet
  facet normal -0.0435616 0 -0.999051
    outer loop
      vertex -2.59771 12.2366 6.84772
      vertex -2.65 -12.2353 6.85
      vertex -2.65 12.2353 6.85
    endloop
  endfacet
  facet normal 0.843449 -0 0.537209
    outer loop
      vertex -3.16961 -12.559 5.95
      vertex -3.14149 12.5708 5.90585
      vertex -3.16961 12.559 5.95
    endloop
  endfacet
  facet normal 0.843449 0 0.537209
    outer loop
      vertex -3.14149 12.5708 5.90585
      vertex -3.16961 -12.559 5.95
      vertex -3.14149 -12.5708 5.90585
    endloop
  endfacet
  facet normal 0.463276 -0.0290368 0.885738
    outer loop
      vertex -2.95 12.6179 5.73038
      vertex -2.90357 12.6214 5.70621
      vertex -2.94524 12.6185 5.72791
    endloop
  endfacet
  facet normal 0.46175 0 0.88701
    outer loop
      vertex -2.90357 12.6214 5.70621
      vertex -2.95 12.6179 5.73038
      vertex -2.90357 -12.6214 5.70621
    endloop
  endfacet
  facet normal 0.46175 -0 0.88701
    outer loop
      vertex -2.95 -12.6179 5.73038
      vertex -2.90357 -12.6214 5.70621
      vertex -2.95 12.6179 5.73038
    endloop
  endfacet
  facet normal 0.463276 0.0290368 0.885738
    outer loop
      vertex -2.90357 -12.6214 5.70621
      vertex -2.95 -12.6179 5.73038
      vertex -2.94524 -12.6185 5.72791
    endloop
  endfacet
  facet normal 0.923889 0 -0.382661
    outer loop
      vertex -3.19378 -12.3804 6.50357
      vertex -3.21381 12.4004 6.45521
      vertex -3.19378 12.3804 6.50357
    endloop
  endfacet
  facet normal 0.923889 0 -0.382661
    outer loop
      vertex -3.21381 12.4004 6.45521
      vertex -3.19378 -12.3804 6.50357
      vertex -3.21381 -12.4004 6.45521
    endloop
  endfacet
  facet normal 0.461599 0 -0.887089
    outer loop
      vertex -2.95 -12.2702 6.76962
      vertex -2.90357 12.2602 6.79378
      vertex -2.90357 -12.2602 6.79378
    endloop
  endfacet
  facet normal 0.461599 0 -0.887089
    outer loop
      vertex -2.90357 12.2602 6.79378
      vertex -2.95 -12.2702 6.76962
      vertex -2.95 12.2702 6.76962
    endloop
  endfacet
  facet normal 0.300711 0 0.953715
    outer loop
      vertex -2.85521 12.624 5.68618
      vertex -2.80529 -12.6261 5.67044
      vertex -2.80529 12.6261 5.67044
    endloop
  endfacet
  facet normal 0.300711 0 0.953715
    outer loop
      vertex -2.80529 -12.6261 5.67044
      vertex -2.85521 12.624 5.68618
      vertex -2.85521 -12.624 5.68618
    endloop
  endfacet
  facet normal -0.953715 0 0.300711
    outer loop
      vertex -2.08618 12.5336 6.04479
      vertex -2.07044 -12.5202 6.09471
      vertex -2.07044 12.5202 6.09471
    endloop
  endfacet
  facet normal -0.953715 0 0.300711
    outer loop
      vertex -2.07044 -12.5202 6.09471
      vertex -2.08618 12.5336 6.04479
      vertex -2.08618 -12.5336 6.04479
    endloop
  endfacet
  facet normal 0.537345 0 0.843362
    outer loop
      vertex -2.99415 12.6103 5.75851
      vertex -2.95 -12.6179 5.73038
      vertex -2.95 12.6179 5.73038
    endloop
  endfacet
  facet normal 0.537345 0 0.843362
    outer loop
      vertex -2.95 -12.6179 5.73038
      vertex -2.99415 12.6103 5.75851
      vertex -2.99415 -12.6103 5.75851
    endloop
  endfacet
  facet normal -0.537345 0 0.843362
    outer loop
      vertex -2.35 12.6179 5.73038
      vertex -2.30585 -12.6103 5.75851
      vertex -2.30585 12.6103 5.75851
    endloop
  endfacet
  facet normal -0.537345 0 0.843362
    outer loop
      vertex -2.30585 -12.6103 5.75851
      vertex -2.35 12.6179 5.73038
      vertex -2.35 -12.6179 5.73038
    endloop
  endfacet
  facet normal -0.737194 0 -0.675681
    outer loop
      vertex -2.19037 12.3257 6.63567
      vertex -2.22574 -12.3097 6.67426
      vertex -2.22574 12.3097 6.67426
    endloop
  endfacet
  facet normal -0.737194 0 -0.675681
    outer loop
      vertex -2.22574 -12.3097 6.67426
      vertex -2.19037 12.3257 6.63567
      vertex -2.19037 -12.3257 6.63567
    endloop
  endfacet
  facet normal 0.88701 -0 0.46175
    outer loop
      vertex -3.19378 -12.5466 5.99643
      vertex -3.16961 12.559 5.95
      vertex -3.19378 12.5466 5.99643
    endloop
  endfacet
  facet normal 0.88701 0 0.46175
    outer loop
      vertex -3.16961 12.559 5.95
      vertex -3.19378 -12.5466 5.99643
      vertex -3.16961 -12.559 5.95
    endloop
  endfacet
  facet normal 0.843449 0 -0.537209
    outer loop
      vertex -3.14149 -12.3429 6.59415
      vertex -3.16961 12.3612 6.55
      vertex -3.14149 12.3429 6.59415
    endloop
  endfacet
  facet normal 0.843449 0 -0.537209
    outer loop
      vertex -3.16961 12.3612 6.55
      vertex -3.14149 -12.3429 6.59415
      vertex -3.16961 -12.3612 6.55
    endloop
  endfacet
endsolid OpenSCAD_Model
